id,drcog_id,latitude,longitude,crashtime,time,crashtype,numbkilled,numbinjurd,drcoglocat,rdconditin,lightngcon,roadcntgrd,weatherco,location,roaddescrp,schoolzone,constrzone,splimit,bikeinv,pedinv,sctrinv,motoinv,svrty,rdsystem,ttlvehcls,hcf
,2015_00978,39.740014,-104.970064,5/30/2015 13:04,13:04,6,0,0,COLFAX AVE 1300 BLK E & HUMBOLDT ST N,1,1,0,0,1,4,,,30,0,0,0,0,0,2,2,13
,2015_00979,39.740167,-104.956327,3/24/2015 15:16,15:16,12,0,0,COLFAX AVE E & ELIZABETH ST N,1,1,0,0,1,4,,,30,0,0,0,0,0,2,4,14
,2015_00996,0,0,1/21/2015 11:40,11:40,6,0,0,LINCOLN ST 1600 BLK N & 17TH AVE E,4,1,0,2,1,4,,,30,0,0,0,0,0,4,2,14
,2015_01005,39.783135,-105.006547,4/13/2015 7:45,7:45,12,0,0,I-70 & PECOS ST N EB RAMP ENT PT,1,5,0,0,1,4,,,55,0,0,0,0,1,1,3,14
,2015_01006,39.783138,-105.006328,5/3/2015 1:44,1:44,5,0,0,PECOS ST N & I-70 EB RAMPS,1,3,0,0,3,6,,,35,0,0,0,0,0,1,1,13
,2015_01007,39.780012,-104.964002,10/18/2015 11:59,11:59,5,0,0,46TH AVE & BRIGHTON BLVD N,1,1,0,0,2,4,,,30,0,0,0,0,0,4,1,16
,2015_01008,39.781094,-104.993766,6/23/2015 9:59,9:59,12,0,0,I-70 & I-25 SB OFF RAMP,1,1,0,0,1,4,,,55,0,0,0,0,1,1,3,14
,2015_01009,39.780567,-104.991833,8/12/2015 9:40,9:40,12,0,0,I-70 EB OFF RAMP SPLIT & I-25,1,1,0,0,1,8,,,55,0,0,0,0,0,1,2,14
,2015_01010,39.78015,-104.989981,3/20/2015 23:30,23:30,15,0,0,I-70 WB OFF RAMP & PECOS ST,1,3,0,0,1,4,,,35,0,0,0,0,0,1,2,1
,2015_01011,39.779435,-104.979009,7/17/2015 14:40,14:40,15,0,0,WASHINGTON ST & I-70 EB RAMPS,1,1,0,0,1,1,,,35,0,0,0,0,0,1,2,13
,2015_01012,39.779614,-104.973672,6/8/2015 8:30,8:30,15,0,0,I-70 & WASHINGTON ST WB OFF RAMP ENT PT,1,1,0,0,1,4,,,55,0,0,0,0,0,1,2,13
,2015_01013,39.779614,-104.973672,2/16/2015 12:06,12:06,5,0,0,I-70 WB & WASHINGTON ST M,12,1,0,0,2,8,,,55,0,0,0,0,0,1,1,13
,2015_01014,39.779727,-104.970745,7/21/2015 17:40,17:40,12,0,0,I-70 & I-25,1,1,1,0,1,4,,,55,0,0,0,0,1,1,3,13
,2015_01016,39.778731,-104.92468,6/10/2015 8:09,8:09,12,0,0,I-70 & GRAPE ST N (NOT IN CORIS),1,1,0,0,1,4,,,55,0,0,0,0,0,1,2,13
,2015_01017,39.778341,-104.92238,1/13/2015 7:40,7:40,12,0,0,I-70 & HOLLY ST N,1,1,0,0,1,4,,,55,0,0,0,0,0,1,2,13
,2015_01018,39.774005,-104.847034,8/8/2015 15:47,15:47,15,0,0,I-70 & PEORIA ST N,1,1,0,0,1,4,,,55,0,0,0,0,0,1,2,1
,2015_01043,39.698614,-104.903604,3/7/2015 10:45,10:45,12,0,0,LEETSDALE DR & QUEBEC ST S,1,1,0,0,1,1,,,45,0,0,0,0,1,2,2,13
,2015_01044,39.707347,-104.922286,3/15/2015 10:08,10:08,3,0,1,HOLLY ST S & LEETSDALE DR,1,1,0,0,1,1,,,35,0,0,0,0,2,2,2,13
,2015_01045,39.708139,-104.926876,6/14/2015 14:47,14:47,12,0,0,LEETSDALE DR 5300 BLK & FOREST ST S,1,1,0,0,1,1,,,40,0,0,0,0,0,2,2,13
,2015_01046,39.712942,-104.938343,2/3/2015 16:38,16:38,12,0,0,LEETSDALE DR 200 BLK & CEDAR DR E,1,1,0,0,1,4,,,30,0,0,0,0,1,2,2,3
,2015_01047,39.69855,-104.903441,7/31/2015 10:10,10:10,15,0,0,PARKER RD 1000 BLK S & QUEBEC ST S,1,1,0,0,1,3,,,40,0,0,0,0,0,2,2,1
,2015_01058,39.686526,-104.991955,2/23/2015 7:50,7:50,5,0,0,SANTA FE DR & MM 209.2,5,1,0,2,2,4,,,55,0,0,0,0,0,2,2,13
,2015_01059,39.696696,-104.991872,6/29/2015 21:35,21:35,3,0,1,PLATTE RIVER DR S & MISSISSIPPI AVE W,1,3,0,0,6,1,,,45,0,0,0,0,2,2,3,5
,2015_01061,39.696696,-104.991872,10/1/2015 10:06,10:06,15,0,0,SANTA FE DR 1000 BLK S & MISSISSIPPI AVE,1,3,0,0,1,1,,,45,0,0,0,0,0,2,2,14
,2015_01062,39.667786,-105.053256,5/30/2015 20:50,20:50,15,0,0,SHERIDAN BLVD S & YALE AVE W,1,3,0,0,1,3,,,35,0,0,0,0,0,2,2,1
,2015_01065,0,0,2/28/2015 12:50,12:50,5,0,0,OXFORD DR & 8400 BLK E,4,5,1,0,3,4,,,25,0,0,0,0,0,4,1,14
,2015_01076,39.729259,-105.02515,8/15/2015 23:48,23:48,3,0,0,8TH AVE W & FEDERAL BLVD N,1,3,0,0,1,1,,,30,0,0,0,0,0,2,3,14
,2015_01077,39.686813,-105.025029,6/22/2015 7:07,7:07,3,0,0,FEDERAL BLVD S & 1640,1,1,0,1,1,2,,,15,0,0,0,0,0,2,2,13
,2015_01078,39.679495,-105.025038,3/24/2015 10:55,10:55,15,0,0,FEDERAL BLVD S & EVANS AVE W,1,1,0,0,1,4,,,40,0,0,0,0,0,2,2,7
,2015_01079,39.685944,-105.025024,12/20/2015 19:25,19:25,12,0,0,FEDERAL BLVD S & MEXICO AVE W,2,3,0,0,1,1,,,35,0,0,0,0,0,2,2,13
,2015_01080,39.678616,-105.025049,6/11/2015 14:00,14:00,15,0,0,EVANS AVE W & FEDERAL BLVD S,1,1,0,0,1,3,,,25,0,0,0,0,0,2,2,13
,2015_01083,39.631275,-105.025495,8/13/2015 11:40,11:40,12,0,0,FEDERAL BLVD & 800 BLK N,1,1,1,0,1,4,,,30,0,0,0,0,0,2,2,13
,2015_01095,39.656175,-105.053223,11/2/2015 20:05,20:05,3,0,0,SHERIDAN BLVD S & DARTMOUTH AVE W,1,3,0,0,1,1,,,35,0,0,0,0,1,2,4,7
,2015_01100,39.726183,-105.053139,1/25/2015 10:00,10:00,3,0,0,SHERIDAN BLVD N & 6TH AVE W,1,1,0,0,1,1,,,40,0,0,0,0,0,2,2,6
,2015_01102,39.733137,-105.053226,4/29/2015 23:30,23:30,5,0,0,SHERIDAN BLVD & 10TH AVE W,1,3,0,0,3,1,,,40,0,0,0,0,0,2,1,13
,2015_01103,39.682241,-105.053199,12/4/2015 22:31,22:31,3,0,0,SHERIDAN BLVD S & JEWELL AVE W,1,3,1,0,1,3,,,40,0,0,0,0,0,2,2,14
,2015_01104,39.776593,-105.053251,2/6/2015 2:41,2:41,6,0,0,SHERIDAN BLVD 4400 BLK N & 44TH AVE W,1,3,0,0,1,4,,,35,0,0,0,0,0,2,2,5
,2015_01120,39.61833,-105.091109,2/10/2015 18:20,18:20,12,0,0,CRESTLINE AVE W & WADSWORTH BLVD W,1,3,1,0,1,1,,,35,0,0,0,0,0,2,3,1
,2015_01122,39.63874,-105.081612,5/31/2015 13:00,13:00,12,0,0,WADSWORTH BLVD S & QUINCY AVE W,1,1,0,0,1,1,,,45,0,0,0,0,0,2,2,3
,2015_01143,0,0,8/22/2015 18:29,18:29,6,0,0,HONEY WAY S & NEBRASKA WAY E,1,1,0,7,1,4,,,25,0,0,0,0,0,4,2,7
,2015_01145,39.629871,-104.904931,2/15/2015 17:00,17:00,15,0,0,I-225 SB /WB OFF RAMP TO & I-25 TUNNEL,1,2,0,0,1,8,,,50,0,0,0,0,0,1,2,1
,2015_01163,0,0,7/4/2015 23:54,23:54,15,0,0,I-225 SB & HAMPDEN AVE E,1,3,0,0,1,4,,,75,0,0,0,0,0,1,2,14
,2015_01165,39.779661,-104.967133,8/30/2015 12:43,12:43,3,0,0,BRIGHTON BLVD N & I-70 EB RAMPS,1,1,0,0,1,1,,,55,0,0,0,0,0,2,2,7
,2015_01166,39.783704,-104.966692,1/5/2015 10:20,10:20,3,0,0,48TH AVE E & BRIGHTON BLVD N,4,1,0,0,1,1,,,25,0,0,0,0,0,2,2,14
,2015_01167,39.78937,-104.962186,1/14/2015 21:42,21:42,10,0,1,BRIGHTON BLVD & RACE ST N,1,3,0,0,1,4,,,35,0,0,0,0,2,2,2,8
,2015_01170,39.765544,-105.025174,6/18/2015 14:55,14:55,12,0,0,FEDERAL BLVD & 3500 BLK N,1,1,1,0,1,4,,,35,0,0,0,0,0,2,3,13
,2015_01171,39.754855,-105.025129,9/17/2015 12:18,12:18,2,0,0,26TH AVE W & FEDERAL BLVD N,1,1,0,0,1,5,,,30,1,0,0,0,1,2,2,14
,2015_01172,39.79097,-105.025182,6/28/2015 11:05,11:05,12,0,0,FEDERAL BLVD N & 52ND AVE W,1,1,0,0,1,3,,,35,0,0,0,0,1,2,2,1
,2015_01199,0,0,5/7/2015 11:25,11:25,6,0,0,14TH AVE & VINE ST,1,1,0,0,1,1,,,30,0,0,0,0,0,4,2,1
,2015_01205,0,0,2/22/2015 15:05,15:05,5,0,2,HAVANA ST 5000 BLK N & 51ST AVE E,4,1,0,2,3,4,,,35,0,0,0,0,2,4,1,7
,2015_01206,39.718414,-105.025155,1/3/2015 21:53,21:53,5,0,0,FEDERAL BLVD N & 1ST AVE W,4,3,1,0,2,1,,,40,0,0,0,0,0,2,1,13
,2015_01216,0,0,2/10/2015 11:50,11:50,15,0,0,PARK AVE W & BLAKE ST,1,1,0,7,1,1,,,25,0,0,0,0,0,4,2,16
,2015_01365,0,0,6/11/2015 19:50,19:50,15,0,0,MONACO PKWY & 8000 BLK S,2,2,0,1,1,1,,,25,0,0,0,0,0,4,2,14
,2015_01381,0,0,4/21/2015 13:45,13:45,15,0,0,12TH AVE E & BIRCH ST N,1,1,0,0,1,4,,,25,0,0,0,0,0,4,2,13
,2015_01382,0,0,8/19/2015 18:59,18:59,3,0,0,1ST AVE 3500 BLK W ALLEY & LOWELL BLVD N,1,1,1,0,1,5,,,35,0,0,0,0,0,4,2,13
,2015_01383,0,0,2/2/2015 8:05,8:05,1,0,0,2ND AVE W & YOUNG CT,1,1,0,7,1,1,,,25,0,0,0,0,0,4,2,16
,2015_01384,0,0,8/12/2015 7:50,7:50,3,0,0,W 3RD AVE & BANNOCK ST N,1,1,0,7,1,1,,,25,0,0,0,0,1,4,2,16
,2015_01385,0,0,7/30/2015 18:55,18:55,3,0,0,6TH AVE E & MARION ST N,1,1,0,7,1,1,,,25,0,0,0,0,0,4,2,16
,2015_01386,0,0,3/15/2015 18:20,18:20,3,0,0,6TH AVE E & ST PAUL ST N,1,1,0,0,1,1,,,25,0,0,0,0,0,4,2,7
,2015_01387,0,0,8/31/2015 8:32,8:32,15,0,0,6TH AVE 7200 BLK E & POPLAR ST N,1,1,0,0,1,3,,,30,0,0,0,0,0,4,2,13
,2015_01388,0,0,12/27/2015 17:49,17:49,15,0,0,11TH AVE W & CHEROKEE ST,1,3,0,0,1,1,,,25,0,0,0,0,0,4,2,13
,2015_01389,0,0,6/3/2015 17:20,17:20,3,0,1,10TH AVE W & HAZEL CT N,2,1,0,1,1,1,,,30,0,0,0,0,2,4,2,3
,2015_01390,0,0,4/8/2015 9:45,9:45,3,0,1,11TH AVE & 500 BLK E,1,5,0,0,1,5,,,30,0,0,0,1,2,4,2,13
,2015_01391,0,0,3/15/2015 12:00,12:00,3,0,0,14TH AVE E & DOWNING ST N,1,1,0,7,1,1,,,30,0,0,0,0,1,4,2,16
,2015_01392,0,0,12/23/2015 9:55,9:55,10,0,0,14TH AVE E & QUEBEC ST N,1,1,0,0,1,1,,,30,0,0,0,0,0,4,2,13
,2015_01393,0,0,7/22/2015 9:00,9:00,12,0,0,14TH AVE 2300 BLK E & JOSEPHINE ST N,1,1,0,7,1,4,,,30,0,0,0,0,1,4,2,16
,2015_01394,0,0,7/5/2015 12:30,12:30,3,0,0,14TH AVE E & LINCOLN ST N,1,1,0,7,1,1,,,30,0,0,0,0,0,4,2,16
,2015_01395,0,0,4/28/2015 17:55,17:55,3,0,0,14TH AVE E & MADISON ST N,1,1,0,7,1,1,,,25,0,0,0,0,0,4,2,14
,2015_01396,0,0,10/17/2015 18:05,18:05,15,0,0,14TH AVE E & ELM ST N,1,2,0,0,1,1,,,30,0,0,0,0,0,4,2,14
,2015_01397,0,0,7/25/2015 20:36,20:36,3,0,0,14TH AVE W & SPEER BLVD N,1,2,0,0,1,1,,,30,0,0,0,0,1,4,2,7
,2015_01398,0,0,6/13/2015 16:25,16:25,12,0,0,17TH AVE 300 BLK E & LOGAN ST N,1,1,0,7,1,4,,,30,0,0,0,0,1,4,3,14
,2015_01399,0,0,8/11/2015 10:50,10:50,3,0,0,17TH AVE E & VINE ST N,1,1,0,7,1,1,,,25,0,0,0,0,0,4,2,16
,2015_01400,0,0,6/24/2015 10:55,10:55,3,0,0,17TH AVE 600 BLK E & WASHINGTON ST N,1,1,1,7,1,5,,,30,0,0,0,0,0,4,2,16
,2015_01401,0,0,5/12/2015 18:30,18:30,3,0,0,18TH AVE E & LAFAYETTE ST N,1,1,0,0,1,1,,,30,0,0,0,0,0,4,2,5
,2015_01402,0,0,6/14/2015 9:48,9:48,15,0,0,39TH AVE E & FRANKLIN ST N,1,1,0,0,1,1,,,25,0,0,0,0,0,4,2,1
,2015_01403,0,0,5/30/2015 22:55,22:55,1,0,0,40TH AVE E & HIMALAYA RD N,1,3,0,7,1,1,,,35,0,0,0,0,0,4,2,16
,2015_01404,0,0,6/2/2015 15:10,15:10,3,0,0,41ST AVE W & ZUNI ST N,1,1,0,7,1,1,,,30,0,0,0,0,0,4,2,16
,2015_01405,0,0,3/12/2015 7:07,7:07,12,0,0,43RD AVE 18500 BLK E & TOWER RD N,1,1,0,7,1,3,,,25,0,0,0,0,1,4,2,7
,2015_01406,0,0,5/11/2015 15:45,15:45,12,0,1,45TH AVE E & TOWER RD N,1,1,0,7,1,3,,,45,0,0,0,0,2,4,5,16
,2015_01407,0,0,7/26/2015 1:24,1:24,5,0,0,55TH AVE E & 20566,1,3,0,0,3,4,,,25,0,0,0,0,1,4,1,2
,2015_01408,0,0,5/14/2015 7:53,7:53,3,1,0,56TH AVE (10900 BLK E) & JOLIET ST N,1,1,0,0,1,2,,,45,0,0,0,0,4,4,2,12
,2015_01409,0,0,6/29/2015 16:30,16:30,3,0,0,56TH AVE 11100 BLK E & JOLIET ST N,1,1,0,0,1,2,,,45,0,0,0,0,0,4,2,13
,2015_01410,0,0,6/13/2015 23:00,23:00,5,0,0,56TH AVE E & QUEBEC ST N,1,3,0,0,3,3,,,45,0,0,0,0,0,4,1,5
,2015_01411,0,0,1/15/2015 6:40,6:40,12,0,0,56TH AVE E & TOWER RD N,1,2,0,7,1,4,,,45,0,0,0,0,0,4,2,16
,2015_01412,0,0,4/30/2015 16:45,16:45,12,0,0,71ST AVE E & TOWER RD N,1,1,0,7,1,1,,,45,0,0,0,0,0,4,2,16
,2015_01413,0,0,5/25/2015 23:50,23:50,10,0,0,78TH AVE & 23800 BLK E,1,3,0,0,1,4,,,45,0,0,0,0,0,4,2,8
,2015_01414,0,0,2/16/2015 18:02,18:02,5,0,0,ALAMEDA AVE E & XENIA ST S,5,3,0,2,2,4,,,35,0,0,0,0,0,4,1,13
,2015_01415,0,0,12/10/2015 1:45,1:45,5,0,0,ANDREWS DR E & FREEPORT WAY N,1,3,0,0,3,1,,,25,0,0,0,0,0,4,1,2
,2015_01416,0,0,3/5/2015 7:15,7:15,6,0,0,ALTON WAY 500 BLK N & LOWRY BLVD E,5,1,0,7,1,2,,,25,0,0,0,0,0,4,2,7
,2015_01417,0,0,5/1/2015 5:01,5:01,3,0,0,ASBURY AVE E & ST PAUL ST S,1,1,0,7,1,1,,,25,0,0,0,0,0,4,2,3
,2015_01418,0,0,7/13/2015 7:25,7:25,1,0,0,AURARIA PKWY & 9TH ST,1,1,0,7,1,1,,,40,0,0,0,0,0,4,2,16
,2015_01419,0,0,7/17/2015 7:35,7:35,10,0,0,BROADWAY ST N & 5TH AVE E,1,1,0,0,1,1,,,30,0,0,0,0,0,4,2,8
,2015_01420,0,0,8/7/2015 16:39,16:39,12,0,0,BROADWAY ST N & 6TH AVE E,1,1,0,7,1,3,,,35,0,0,0,0,0,4,2,3
,2015_01421,0,0,8/6/2015 22:47,22:47,2,0,2,BLAKE ST 2200 BLK & 22ND ST,1,3,0,7,1,4,,,35,1,0,0,0,2,4,2,14
,2015_01422,0,0,6/3/2015 10:35,10:35,1,0,2,BROADWAY ST S & MISSISSIPPI AVE W,1,1,0,0,1,1,,,35,0,0,0,0,2,4,2,13
,2015_01423,0,0,7/15/2015 17:35,17:35,12,0,0,BROADWAY ST 1000 BLK S & MISSISSIPPI AVE W,1,1,0,7,1,4,,,30,0,0,0,0,0,4,2,3
,2015_01424,0,0,6/19/2015 17:30,17:30,6,0,0,CEDAR AVE E & 6784,1,3,0,0,1,7,,,15,0,0,0,0,0,4,2,13
,2015_01425,0,0,8/5/2015 1:05,1:05,12,0,0,CLARKSON ST 1200 N & 12TH AVE,1,3,0,7,1,4,,,30,0,0,0,0,0,4,2,16
,2015_01426,0,0,1/1/2015 14:19,14:19,6,0,0,CLARKSON ST 900 BLK S & KENTUCKY AVE E,4,1,1,7,1,4,,,25,0,0,0,0,0,4,4,14
,2015_01427,0,0,12/19/2015 12:07,12:07,12,0,0,BRYANT ST N & 5TH AVE W,1,1,0,0,1,1,,,25,0,0,0,0,0,4,2,13
,2015_01428,0,0,5/3/2015 15:35,15:35,6,0,0,DAKOTA AVE & 3299 W,1,1,0,0,1,4,,,25,0,0,0,0,1,4,3,3
,2015_01429,0,0,9/29/2015 10:21,10:21,10,0,0,COLORADO AVE E & BELLAIRE ST S,1,1,0,0,1,1,,,25,0,0,0,0,0,4,2,14
,2015_01430,0,0,5/8/2015 15:21,15:21,1,0,0,DAKOTA AVE W & HAZEL CT S,2,1,0,1,1,1,,,30,0,0,0,0,0,4,2,13
,2015_01431,0,0,8/31/2015 11:20,11:20,3,0,0,DARTMOUTH AVE & 5400 W,1,1,0,0,1,2,,,30,0,0,0,0,0,4,2,13
,2015_01432,0,0,7/27/2015 11:40,11:40,14,0,0,DAYTON ST 800 BLK S & KENTUCKY AVE E,1,1,1,7,1,3,,,30,0,0,0,0,1,4,3,2
,2015_01434,0,0,4/24/2015 21:40,21:40,6,0,0,DECATUR ST & 150 BLK S,1,3,0,0,1,4,,,25,0,0,0,0,0,4,2,13
,2015_01435,0,0,11/19/2015 6:52,6:52,12,0,0,DEARBORN ST N & 4500 BLK,1,1,0,0,1,2,,,20,0,0,0,0,0,4,2,13
,2015_01436,0,0,8/10/2015 17:45,17:45,12,0,0,EVANS AVE E & GRAPE ST S,1,1,0,7,1,4,,,35,0,0,0,0,0,4,3,7
,2015_01437,0,0,4/29/2015 8:25,8:25,12,0,0,EVANS AVE 5800 BLK E & JASMINE ST S,1,1,0,7,1,4,,,35,0,0,0,0,0,4,2,16
,2015_01438,0,0,4/4/2015 12:31,12:31,15,0,0,EVANS AVE E & MONACO ST S,1,1,0,0,1,1,,,35,0,0,0,0,0,4,2,13
,2015_01439,0,0,1/21/2015 17:40,17:40,8,0,0,EVANS AVE W & ZENOBIA ST,5,3,0,2,1,1,,,30,0,0,0,0,0,4,2,16
,2015_01440,0,0,3/27/2015 9:00,9:00,3,0,0,FLORIDA AVE W & FEDERAL BLVD S,1,1,0,0,1,2,,,30,0,0,0,0,0,4,2,3
,2015_01441,0,0,6/5/2015 18:41,18:41,12,0,0,FLORIDA AVE W & IRVING ST S,1,1,0,7,1,1,,,30,0,0,0,0,0,4,2,1
,2015_01442,0,0,2/24/2015 8:40,8:40,12,0,0,FLORIDA AVE E & QUEBEC ST S,6,1,0,7,1,1,,,25,0,0,0,0,0,4,2,16
,2015_01443,0,0,1/14/2015 16:10,16:10,15,0,0,FLORIDA AVE W & TENNYSON ST S,1,1,0,0,1,3,,,30,0,0,0,0,0,4,2,3
,2015_01444,0,0,6/4/2015 18:26,18:26,3,0,0,GAYLORD ST N & 14TH AVE E,1,1,0,7,1,1,,,25,0,0,0,0,0,4,2,16
,2015_01445,0,0,7/7/2015 17:18,17:18,3,0,0,GAYLORD ST S & VASSAR AVE E,2,1,0,1,1,1,,,25,0,0,0,0,1,4,2,12
,2015_01446,0,0,1/27/2015 15:44,15:44,6,0,0,GILPIN ST & 3136 BLK N,1,5,0,0,1,4,,,25,0,0,0,0,0,4,2,14
,2015_01447,0,0,4/13/2015 8:50,8:50,3,0,0,GLENARM PL & PARK AVE W,1,1,0,7,1,1,,,25,0,0,0,0,0,4,2,7
,2015_01448,0,0,7/8/2015 6:05,6:05,3,0,0,GLENARM PL 1700 BLK & 18TH ST,1,1,0,0,1,2,,,25,0,0,0,0,0,4,2,13
,2015_01449,0,0,8/7/2015 8:00,8:00,12,0,0,GRANT ST 1400 BLK N & COLFAX AVE,1,1,0,7,1,4,,,30,0,0,0,0,0,4,2,16
,2015_01450,0,0,1/3/2015 14:37,14:37,3,0,0,GVR BLVD E & CHAMBERS RD N,5,1,1,2,1,1,,,45,0,0,0,0,0,4,3,14
,2015_01451,0,0,6/30/2015 18:30,18:30,12,0,0,GVR BLVD E & JOPLIN ST N,1,1,0,7,1,1,,,40,0,0,0,0,0,4,2,16
,2015_01452,0,0,1/6/2015 8:50,8:50,15,0,0,GVR BLVD E & PICADILLY RD N,5,1,1,2,1,1,,,40,0,0,0,0,0,4,2,13
,2015_01453,0,0,1/28/2015 17:51,17:51,3,0,0,IOWA AVE 4000 BLK E & COLORADO BLVD,1,3,0,0,1,2,,,,0,0,0,0,0,4,2,13
,2015_01454,0,0,8/8/2015 1:30,1:30,5,0,0,MILE HIGH STADIUM CIR & ELIOT ST N,1,3,1,0,3,1,,,30,0,0,0,0,0,4,1,13
,2015_01455,0,0,12/6/2015 1:55,1:55,6,0,3,HAZEL CT S & CENTER AVE W,1,3,1,7,3,1,,,,0,0,0,0,3,4,2,9
,2015_01456,0,0,5/7/2015 16:30,16:30,12,0,0,KALAMATH ST N & 2ND AVE W,1,1,1,7,1,4,,,30,0,0,0,0,0,4,2,16
,2015_01457,0,0,3/30/2015 18:04,18:04,10,0,0,KALAMATH ST N & 6TH AVE W,1,1,0,0,1,1,,,35,0,0,0,0,0,4,2,13
,2015_01458,0,0,6/11/2015 15:50,15:50,6,0,0,KENTUCKY AVE W & KNOX CT S,2,1,0,1,1,4,,,20,0,0,0,0,0,4,2,12
,2015_01459,0,0,10/3/2015 8:45,8:45,11,0,1,KALAMATH ST N & 14TH AVE W,1,1,0,0,1,4,,,,0,1,0,1,2,4,2,13
,2015_01460,0,0,12/18/2015 13:30,13:30,6,0,0,JULIAN ST & 3200 BLK N,1,1,0,0,1,4,,,25,0,0,0,0,0,4,2,1
,2015_01461,0,0,1/20/2015 9:20,9:20,3,0,0,LAFAYETTE ST S & ILIFF AVE E,1,1,0,7,1,1,,,25,0,0,0,0,0,4,2,16
,2015_01462,0,0,5/16/2015 12:50,12:50,12,0,0,LARIMER ST 2300 BLK & PARK AVE W,1,1,0,7,1,4,,,35,0,0,0,0,0,4,2,16
,2015_01463,0,0,7/13/2015 8:01,8:01,12,0,0,LAWRENCE ST 1800 & 19TH ST,1,1,0,7,1,4,,,25,0,0,0,0,0,4,2,10
,2015_01464,0,0,4/21/2015 18:35,18:35,12,0,0,PARK AVE 3500 BLK & GLOBEVILLE RD,1,1,0,7,1,4,,,35,0,0,0,0,0,4,2,16
,2015_01465,0,0,7/7/2015 17:34,17:34,3,0,0,MAXWELL PL E & CROWN BLVD N,1,1,0,7,1,1,,,30,0,0,0,0,0,4,2,16
,2015_01466,0,0,5/24/2015 5:05,5:05,9,0,0,MAXWELL PL E & ELKHART ST N,1,3,0,7,3,1,,,25,0,0,0,0,0,4,1,5
,2015_01467,0,0,6/2/2015 10:00,10:00,3,0,0,MEMPHIS CT N & 40TH AVE E,1,1,0,0,1,1,,,40,0,0,0,0,0,4,2,13
,2015_01468,0,0,4/29/2015 14:55,14:55,3,0,0,MISSISSIPPI AVE W & LIPAN ST S,1,1,1,0,1,1,,,35,0,0,0,0,0,4,2,1
,2015_01469,0,0,8/4/2015 15:00,15:00,12,0,0,MISSISSIPPI AVE W & RARITAN ST S,1,1,0,7,1,1,,,30,0,0,0,0,0,4,2,16
,2015_01470,0,0,4/18/2015 17:04,17:04,12,0,0,MLK BLVD & QUEBEC ST,1,1,0,7,1,1,,,35,0,0,0,0,0,4,2,16
,2015_01471,0,0,3/23/2015 7:45,7:45,15,0,0,MLK BLVD E & EMPORIA ST N,1,1,0,0,1,1,,,30,0,0,0,0,0,4,2,13
,2015_01472,0,0,3/27/2015 11:10,11:10,3,0,0,MONACO PKWY N & 17TH AVE E,1,1,0,0,1,1,,,30,0,0,0,0,0,4,2,13
,2015_01473,0,0,4/29/2015 15:26,15:26,12,0,0,MONACO ST N & 19TH AVE E,1,1,0,7,1,4,,,30,0,0,0,0,0,4,2,16
,2015_01474,0,0,2/26/2015 9:10,9:10,12,0,0,MONACO ST N & BATAVIA PL E,4,1,0,7,1,1,,,30,0,0,0,0,0,4,2,7
,2015_01475,0,0,4/12/2015 19:58,19:58,15,0,0,MONACO ST N & MLK BLVD E,1,2,0,7,1,1,,,35,0,0,0,0,1,4,2,16
,2015_01476,0,0,1/16/2015 12:00,12:00,3,0,0,MONACO ST N & STAPLETON S DR E,1,1,0,7,1,1,,,35,0,0,0,0,0,4,2,3
,2015_01477,0,0,2/6/2015 16:11,16:11,3,0,0,MONCRIEFF PL & 3400 BLK W,1,1,1,0,1,2,,,25,0,0,0,0,0,4,2,13
,2015_01478,0,0,2/21/2015 2:20,2:20,12,0,0,MORRISON RD & 4156,4,3,0,2,1,2,,,30,0,0,0,0,0,4,2,5
,2015_01479,0,0,4/14/2015 15:00,15:00,6,0,0,MORRISON RD & SHERIDAN BLVD S,1,1,0,7,1,4,,,35,0,0,0,0,0,4,2,5
,2015_01480,0,0,6/4/2015 9:25,9:25,2,0,1,MORRISON RD & STUART ST S,1,1,0,0,1,1,,,35,1,0,0,0,2,4,2,13
,2015_01481,0,0,5/31/2015 15:35,15:35,3,0,0,NORTHFIELD BLVD E & TAMARAC ST N,1,5,0,7,1,1,,,35,0,0,0,0,0,4,2,14
,2015_01482,0,0,7/13/2015 2:09,2:09,9,0,1,OGDEN ST 1500 BLK N & 16TH AVE E,1,4,0,0,1,4,,,25,0,0,0,0,2,4,2,5
,2015_01483,0,0,1/26/2015 15:22,15:22,12,0,0,OSAGE ST & 1300 BLK N,1,1,1,0,1,4,,,30,0,0,0,0,0,4,2,13
,2015_01485,0,0,4/26/2015 14:02,14:02,3,0,1,PARK AVE & HUMBOLDT ST N,2,1,1,1,1,1,,,25,0,0,0,0,2,4,2,16
,2015_01486,0,0,7/12/2015 18:10,18:10,3,0,0,PARK AVE & HUMBOLDT ST N,1,1,0,7,1,1,,,25,0,0,0,0,0,4,2,14
,2015_01487,0,0,5/9/2015 16:03,16:03,10,0,0,PARK AVE W & WAZEE ST,2,1,0,1,1,1,,,35,0,0,0,0,0,4,2,7
,2015_01488,0,0,4/25/2015 14:14,14:14,6,0,0,PATTON CT S & EXPOSITION AVE W,1,1,0,0,1,4,,,25,0,0,0,0,0,4,2,13
,2015_01489,0,0,2/14/2015 8:48,8:48,3,0,0,PEARL ST S & ALAMEDA AVE E,1,1,0,7,1,1,,,35,0,0,0,0,0,4,2,16
,2015_01490,0,0,7/12/2015 2:20,2:20,6,0,0,PECOS ST 2050 BLK S & EVANS AVE W,1,3,1,0,1,2,,,30,0,0,0,0,0,4,2,3
,2015_01491,0,0,12/5/2015 8:25,8:25,6,0,0,PEARL ST 1300 BLK N & 13TH AVE E,1,1,0,7,1,4,,,30,0,0,0,0,0,4,2,14