id,drcog_id,latitude,longitude,crashtime,time,crashtype,numbkilled,numbinjurd,drcoglocat,rdconditin,lightngcon,roadcntgrd,weatherco,location,roaddescrp,schoolzone,constrzone,splimit,bikeinv,pedinv,sctrinv,motoinv,svrty,rdsystem,ttlvehcls,hcf
,2015_01492,0,0,4/23/2015 5:37,5:37,5,0,0,PENA BLVD 16700 BLK & TOWER RD,1,2,0,7,2,8,,,45,0,0,0,0,1,4,1,14
,2015_01493,0,0,2/25/2015 17:41,17:41,3,0,0,PENNSYLVANIA ST S & CEDAR AVE E,3,3,0,2,1,1,,,20,0,0,0,0,0,4,2,14
,2015_01495,0,0,9/17/2015 17:10,17:10,15,0,0,PENA BLVD 4700 BLK & GVR BLVD,1,1,0,0,1,4,,,45,0,0,0,0,0,4,2,14
,2015_01496,0,0,2/25/2015 14:27,14:27,8,0,0,PEORIA ST N & 47TH AVE E,6,1,1,2,1,1,,,40,0,0,0,0,0,4,3,14
,2015_01497,0,0,7/6/2015 6:49,6:49,1,0,0,PEORIA ST N & 47TH AVE E,1,1,0,0,1,1,,,40,0,0,0,0,1,4,2,13
,2015_01498,0,0,10/22/2015 19:13,19:13,6,0,0,PERRY ST & 806 N,2,3,1,7,2,4,,,25,0,0,0,0,0,4,2,5
,2015_01499,0,0,4/15/2015 16:44,16:44,5,0,0,PERRY ST & 660 BLK S,1,1,0,0,2,4,,,25,0,0,0,0,0,4,1,3
,2015_01500,0,0,11/7/2015 19:52,19:52,12,0,0,QUEBEC ST N & 13TH AVE E,1,1,0,0,1,1,,,35,0,0,0,0,0,4,2,16
,2015_01501,0,0,4/2/2015 10:20,10:20,3,0,0,14TH ST & MARKET ST,1,1,0,7,1,1,,,25,0,0,0,0,0,4,2,16
,2015_01502,0,0,7/3/2015 14:15,14:15,12,0,0,15TH ST & 400 BLK,1,1,0,0,1,4,,,30,0,0,0,0,0,4,2,4
,2015_01503,0,0,8/25/2015 0:01,0:01,3,0,0,14TH ST & GRAPE ST N,1,1,0,0,1,1,,,30,0,0,0,0,1,4,2,13
,2015_01504,0,0,9/14/2015 13:25,13:25,6,0,0,QUIVAS ST 400 BLK N & 3RD AVE W,1,1,0,7,1,4,,,30,0,0,0,0,0,4,2,16
,2015_01505,0,0,8/10/2015 16:45,16:45,15,0,0,20TH ST & LINCOLN ST N,1,1,0,7,1,1,,,30,0,0,0,0,0,4,2,7
,2015_01506,0,0,3/6/2015 9:05,9:05,15,0,0,SPEER BLVD E & GRANT ST N,1,1,0,7,1,1,,,35,0,0,0,0,0,4,2,16
,2015_01507,0,0,6/16/2015 11:59,11:59,12,0,0,SPEER BLVD 200 BLK E & GRANT ST N,1,1,0,7,1,3,,,35,0,0,0,0,0,4,2,3
,2015_01508,0,0,5/22/2015 17:38,17:38,15,0,0,SPEER BLVD S & STOUT ST,2,1,0,1,1,1,,,35,0,0,0,0,0,4,2,7
,2015_01509,0,0,1/3/2015 21:07,21:07,1,0,0,SPEER BLVD N & ZUNI ST N,4,3,1,2,1,1,,,35,0,0,0,0,0,4,2,16
,2015_01510,0,0,1/10/2015 17:02,17:02,15,0,0,STEELE ST N & 1ST AVE E,1,3,0,0,1,4,,,30,0,0,0,0,0,4,2,3
,2015_01511,0,0,7/6/2015 13:17,13:17,1,0,2,STEELE ST S & BAYAUD AVE E,2,1,0,0,1,1,,,30,0,0,0,0,2,4,2,13
,2015_01512,0,0,4/17/2015 11:45,11:45,12,0,1,STEELE ST N & ELLSWORTH AVE E,2,1,0,1,1,1,,,30,0,0,0,0,2,4,3,16
,2015_01513,0,0,5/23/2015 3:30,3:30,6,0,0,VALLEJO ST & 1300 BLK S,2,3,0,1,1,2,,,30,0,0,0,0,0,4,2,13
,2015_01514,0,0,4/21/2015 16:45,16:45,1,0,1,TOWER RD N & 56TH AVE E,1,1,0,7,1,1,,,45,0,0,0,0,3,4,3,16
,2015_01515,0,0,8/18/2015 15:49,15:49,3,0,2,SYRACUSE ST N & 11TH AVE E,1,1,1,0,1,1,,,30,0,0,0,0,3,4,2,9
,2015_01516,0,0,4/21/2015 6:40,6:40,3,0,0,TUFTS AVE E & ULSTER ST S,1,2,0,7,1,1,,,35,0,0,0,0,1,4,2,16
,2015_01517,0,0,3/28/2015 11:16,11:16,12,0,0,YALE AVE E & QUEBEC ST S,1,1,0,7,1,1,,,30,0,0,0,0,0,4,3,3
,2015_01518,0,0,7/14/2015 8:24,8:24,3,0,1,YALE AVE W & S WEBSTER ST,1,1,0,7,1,1,,,25,0,0,0,0,2,4,3,7
,2015_01519,0,0,7/9/2015 9:32,9:32,3,0,0,YORK ST N & 31ST AVE E,1,1,1,7,1,1,,,30,0,0,0,0,1,4,2,16
,2015_01520,0,0,7/14/2015 17:00,17:00,12,0,0,YORK ST N & MLK AVE E,2,1,0,1,1,1,,,30,0,0,0,0,0,4,2,7
,2015_01521,0,0,11/22/2015 6:30,6:30,5,0,0,YATES ST & 1200 S,1,3,0,0,2,4,,,25,0,0,0,0,0,4,1,16
,2015_01611,39.690017,-104.973363,2/25/2015 13:58,13:58,9,0,0,I-25 & DOWNING ST S,2,1,0,2,3,4,,,60,0,0,0,0,0,1,1,7
,2015_01618,39.725476,-104.940629,3/8/2015 13:20,13:20,3,0,0,COLORADO BLVD N & 6TH AVE E,1,1,0,0,1,1,,,40,0,0,0,0,1,2,2,13
,2015_01619,39.732829,-104.940621,7/22/2015 11:40,11:40,3,0,0,11TH AVE E & COLORADO BLVD N,1,1,0,0,1,1,,,35,0,0,0,0,0,2,2,13
,2015_01620,39.772893,-104.940506,9/13/2015 17:45,17:45,12,0,0,40TH AVE E & COLORADO BLVD N,1,1,0,0,1,1,,,35,0,0,0,0,0,2,2,14
,2015_01627,39.725421,-105.026859,7/1/2015 8:15,8:15,12,0,0,6TH AVE W & FEDERAL BLVD N,1,1,0,0,1,4,,,55,0,0,0,0,0,2,3,13
,2015_01647,39.66762,-104.92561,6/20/2015 12:23,12:23,12,0,0,I-25 & YALE AVE E,1,1,0,0,1,4,,,65,0,0,0,0,0,1,4,3
,2015_01648,39.683106,-104.940515,6/17/2015 23:02,23:02,12,0,0,I-25 & COLORADO BLVD S,1,3,0,0,1,4,,,55,0,0,0,0,0,1,2,8
,2015_01649,39.683106,-104.940515,7/11/2015 18:28,18:28,15,0,0,I-25 & COLORADO BLVD S,1,1,0,0,1,4,,,55,0,0,0,0,0,1,2,13
,2015_01650,39.684158,-104.944535,4/6/2015 7:25,7:25,12,0,0,I-25 & COLORADO BLVD S,1,1,0,0,1,4,,,60,0,0,0,0,0,1,2,3
,2015_01651,39.684878,-104.949479,11/23/2015 7:36,7:36,15,0,0,I-25 & COLORADO BLVD S,1,1,0,0,1,4,,,60,0,0,0,0,0,1,2,13
,2015_01652,39.684903,-104.949962,2/19/2015 17:42,17:42,12,0,0,I-25 & UNIVERSITY BLVD S,1,3,0,0,1,4,,,60,0,0,0,0,0,1,2,3
,2015_01653,39.684918,-104.950446,3/13/2015 6:46,6:46,15,0,0,I-25 & STEELE ST S,1,2,0,0,1,4,,,60,0,0,0,0,0,1,3,14
,2015_01654,39.684918,-104.950446,6/17/2015 17:10,17:10,12,0,0,I-25 UNDERPASS & STEELE ST S,1,1,0,0,1,4,,,60,0,0,0,0,0,1,4,13
,2015_01655,39.68491,-104.950838,1/16/2015 17:56,17:56,12,0,0,I-25 & MM 204.60,1,1,0,0,1,4,,,60,0,0,0,0,0,1,2,15
,2015_01656,39.709874,-104.998115,5/8/2015 1:15,1:15,5,0,0,I-25 NB ON FLYOVER RAMPP & SANTA FE DR S,2,3,1,1,3,8,,,55,0,0,0,0,0,1,1,1
,2015_01657,39.701452,-104.987435,9/28/2015 19:40,19:40,1,0,0,BROADWAY S & I-25 SB RAMPS,1,3,0,0,1,1,,,30,0,0,0,0,0,1,2,13
,2015_01658,39.71124,-104.998918,5/15/2015 15:27,15:27,12,0,0,I-25 & ALAMEDA AVE W,2,1,1,1,1,4,,,55,0,0,0,0,0,1,2,14
,2015_01659,39.714922,-105.001188,4/9/2015 17:29,17:29,12,0,0,I-25 & ALAMEDA AVE W,1,1,0,0,1,4,,,55,0,0,0,0,0,1,4,13
,2015_01660,39.72543,-105.013021,1/30/2015 14:46,14:46,15,0,0,I-25 & 6TH AVE W,1,1,1,0,1,4,,,55,0,0,0,0,0,1,2,13
,2015_01661,39.72543,-105.013021,6/12/2015 10:56,10:56,15,0,0,I-25 & 6TH AVE W,1,1,0,0,1,4,,,55,0,0,0,0,0,1,2,13
,2015_01662,39.72543,-105.013021,6/29/2015 13:39,13:39,15,0,0,I-25 & 6TH AVE W,1,1,0,0,1,4,,,55,0,0,0,0,0,1,2,13
,2015_01663,39.725247,-105.012893,10/3/2015 18:02,18:02,15,0,0,I-25 SB ON RAMP & 6TH AVE W,1,1,0,0,1,8,,,45,0,0,0,0,0,1,2,13
,2015_01664,39.768039,-104.994788,5/7/2015 20:21,20:21,15,0,0,I-25 & PARK AVE WEST,1,3,0,0,1,4,,,55,0,0,0,0,1,1,2,13
,2015_01665,39.760997,-105.004275,9/24/2015 17:17,17:17,12,0,0,I-25 & 20TH ST,1,1,0,0,1,4,,,55,0,0,0,0,1,1,3,13
,2015_01666,39.761227,-105.003985,6/26/2015 7:21,7:21,12,0,0,I-25 & 20TH ST,1,1,1,0,1,8,,,45,0,0,0,0,0,1,2,13
,2015_01667,39.767573,-104.995988,1/23/2015 5:15,5:15,15,0,0,I-25 & 38TH AVE INTERCHANGE,1,4,1,0,1,4,,,55,0,0,0,0,0,1,2,14
,2015_01684,39.711131,-105.032417,10/10/2015 19:10,19:10,12,0,0,ALAMEDA AVE W & KNOX CT S,1,3,0,0,1,1,,,35,0,0,0,0,0,2,3,7
,2015_01685,39.711131,-105.032417,7/28/2015 14:00,14:00,12,0,0,ALAMEDA AVE W & KNOX CT S,1,1,0,0,1,1,,,30,0,0,0,0,0,2,2,13
,2015_01686,39.711105,-105.030604,1/1/2015 17:40,17:40,15,0,0,ALAMEDA AVE W & JULIAN ST S,5,3,0,2,1,5,,,35,0,0,0,0,0,2,3,7
,2015_01687,39.711155,-105.022584,2/10/2015 18:15,18:15,15,0,0,ALAMEDA AVE E & DECATUR ST S,1,3,1,0,1,1,,,35,0,0,0,0,0,2,2,1
,2015_01688,39.711138,-105.018327,3/22/2015 16:28,16:28,12,0,0,ALAMEDA AVE 2600 BLK W & BRYANT ST S,1,1,0,0,1,4,,,35,0,0,0,0,0,2,2,13
,2015_01689,39.711183,-105.00205,1/13/2015 18:00,18:00,15,0,0,ALAMEDA AVE W & LIPAN ST S,2,1,0,1,1,4,,,30,0,0,0,0,0,2,2,13
,2015_01690,39.711184,-105.00153,6/1/2015 16:27,16:27,12,0,0,ALAMEDA AVE W & LIPAN ST S,1,1,0,0,1,3,,,30,0,0,0,0,0,2,2,1
,2015_01691,39.711192,-105.000197,2/14/2015 2:49,2:49,12,0,0,ALAMEDA AVE W & PLATTE RIVER DR S,1,3,0,0,1,1,,,35,0,0,0,0,1,2,2,5
,2015_01692,39.653088,-104.915267,6/28/2015 22:40,22:40,12,0,0,LOCUST ST S & HAMPDEN AVE E,1,3,0,0,1,3,,,35,0,0,0,0,0,2,2,3
,2015_01693,39.653118,-104.904632,8/8/2015 12:41,12:41,3,0,0,HAMPDEN AVE E & POPLAR ST S,1,1,0,0,1,1,,,15,0,0,0,0,0,2,2,3
,2015_01694,39.653079,-104.894082,1/11/2015 8:19,8:19,3,0,0,ULSTER ST S & HAMPDEN AVE E,1,1,1,0,1,1,,,40,0,0,0,0,0,2,2,7
,2015_01695,39.653054,-104.884764,4/16/2015 13:15,13:15,12,0,0,HAMPDEN AVE E & YOSEMITE ST S,2,1,0,2,1,1,,,45,0,0,0,0,0,2,2,12
,2015_01696,39.653025,-104.880928,5/29/2015 21:45,21:45,15,0,0,HAMPDEN AVE 9200 BLK E & AKRON ST,1,3,0,0,1,4,,,45,0,0,0,0,0,2,2,13
,2015_01697,39.661708,-104.866264,1/16/2015 9:55,9:55,1,0,0,HAVANA ST S & CORNELL AVE E,1,1,1,0,1,1,,,45,0,0,0,0,1,2,2,13
,2015_01724,39.740322,-105.053272,6/8/2015 6:55,6:55,15,0,0,SHERIDAN BLVD N & COLFAX AVE W,1,2,0,0,1,1,,,35,0,0,0,0,0,2,2,13
,2015_01741,39.740306,-105.014081,6/12/2015 11:41,11:41,2,0,0,AURARIA PKWY & COLFAX AVE W,1,1,0,0,1,1,,,35,1,0,0,0,1,2,2,14
,2015_01742,39.740341,-105.0393,10/25/2015 17:57,17:57,3,0,0,PERRY ST N & COLFAX AVE W,1,1,1,0,1,1,,,25,0,0,0,0,0,2,2,1
,2015_01743,39.740048,-104.999949,2/5/2015 17:13,17:13,12,0,0,SANTA FE DR N & COLFAX AVE W,1,2,0,0,1,1,,,30,0,0,0,0,0,2,3,3
,2015_01744,39.740048,-104.999949,5/23/2015 2:09,2:09,12,0,0,COLFAX AVE W & KALAMATH ST N,2,3,0,1,1,3,,,30,0,0,0,0,0,2,2,4
,2015_01745,39.740064,-104.926621,3/9/2015 20:26,20:26,6,0,0,COLFAX AVE 5100 BLK E & FOREST ST,1,3,1,0,1,4,,,35,0,0,0,0,0,2,3,13
,2015_01746,39.740007,-104.968144,9/3/2015 15:45,15:45,12,0,1,COLFAX AVE 1600 BLK E & FRANKLIN ST N,1,1,0,0,1,4,,,30,0,0,0,1,2,2,2,14
,2015_01748,39.740079,-104.899945,6/2/2015 8:30,8:30,12,0,0,COLFAX AVE E & ROSEMARY ST N,1,1,0,0,1,1,,,25,0,0,0,0,0,2,2,13
,2015_01758,0,0,6/30/2015 10:15,10:15,5,0,0,PENA BLVD & 8400 BLK,1,1,0,0,1,4,,,25,0,0,0,1,0,4,1,13
,2015_01762,39.783138,-105.006328,2/19/2015 19:14,19:14,3,0,0,I-70 WB RAMPS & PECOS ST N,1,3,0,0,1,6,,,25,0,0,0,0,0,1,2,13
,2015_01763,39.780023,-104.989253,12/22/2015 2:30,2:30,5,0,2,I-70 WB ON LOOP RAMP FROM NB & I-25,5,3,1,0,2,8,,,45,0,0,0,0,2,1,1,7
,2015_01764,39.776485,-104.87573,12/16/2015 21:50,21:50,12,0,0,I-70 & MM 280,2,3,0,0,1,4,,,65,0,0,0,0,0,1,2,1
,2015_01765,39.7783,-104.90327,6/8/2015 22:40,22:40,15,0,0,I-70 EB ON SLIP RAMP & QUEBEC ST N,1,3,0,0,1,4,,,40,0,0,0,0,0,1,2,13
,2015_01766,39.778271,-104.89681,6/5/2015 6:20,6:20,5,0,0,I-70 & I-270,2,1,0,0,3,4,,,55,0,0,0,0,0,1,1,2
,2015_01767,39.778271,-104.89681,6/16/2015 6:38,6:38,12,0,0,I-70 & I-270 OVERPASS,1,1,0,0,1,4,,,55,0,0,0,0,0,1,2,13
,2015_01768,39.775623,-104.865778,7/7/2015 17:50,17:50,12,0,0,I-70 & HAVANA ST,2,1,0,1,1,4,,,55,0,0,0,0,0,1,2,13
,2015_01769,39.774005,-104.847034,7/28/2015 5:07,5:07,15,0,0,I-70 WB OFF RAMP & PEORIA ST,1,2,0,0,1,1,,,40,0,0,0,0,0,1,2,13
,2015_01770,39.772547,-104.829979,4/13/2015 7:15,7:15,15,0,0,I-70 WB ON RAMP FROM & I-225 NB FLYOVER,1,1,1,0,1,8,,,50,0,0,0,0,0,1,2,8
,2015_01772,39.775623,-104.865778,12/30/2015 19:44,19:44,15,0,1,I-70 & HAVANA ST N,1,3,0,0,1,4,,,55,0,0,0,0,2,1,2,13
,2015_01808,39.69855,-104.903441,5/9/2015 11:53,11:53,12,0,0,PARKER RD 7300 BLK S & QUEBEC ST S,1,1,1,0,1,3,,,40,0,0,0,0,0,2,2,13
,2015_01809,39.708636,-104.929585,12/18/2015 17:14,17:14,15,0,0,LEETSDALE DR & ELM ST S,5,4,0,0,1,1,,,30,0,0,0,0,0,2,2,13
,2015_01810,39.702788,-104.912601,8/14/2015 11:05,11:05,12,0,0,LEETSDALE DR 6500 BLK & MONACO PKWY S,1,1,0,7,1,4,,,35,0,0,0,0,0,2,3,2
,2015_01811,39.703914,-104.914688,8/14/2015 18:34,18:34,12,0,0,LEETSDALE DR & E EXPOSITION AVE,1,1,0,7,1,1,,,35,0,0,0,0,0,2,2,3
,2015_01812,39.707347,-104.922286,2/10/2015 17:45,17:45,1,0,0,LEETSDALE DR & HOLLY ST S,1,1,1,0,1,1,,,,0,0,0,0,0,2,2,13
,2015_01813,0,0,6/8/2015 11:00,11:00,15,0,0,17TH ST 400 BLK & TREMONG,1,1,0,7,1,4,,,30,0,0,0,0,0,4,2,16
,2015_01822,39.678438,-104.993322,5/23/2015 15:37,15:37,1,0,0,EVANS AVE W & SANTA FE DR S,2,1,2,1,1,1,,,35,0,0,0,0,0,2,2,13
,2015_01823,39.678438,-104.993322,6/17/2015 14:36,14:36,12,0,0,SANTA FE DR S & EVANS AVE W,1,1,0,0,1,4,,,55,0,0,0,0,0,2,2,3
,2015_01824,39.689371,-104.992053,1/9/2015 7:20,7:20,15,0,0,FLORIDA AVE 400 W & SANTA FE DR S,5,2,0,0,1,3,,,30,0,0,0,0,0,2,2,13
,2015_01825,39.696696,-104.991872,1/22/2015 23:35,23:35,12,0,0,MISSISSIPPI AVE W & PLATTE RIVER DR S,1,3,0,0,1,1,,,30,0,0,0,0,0,2,2,4
,2015_01826,39.696696,-104.991872,2/12/2015 7:27,7:27,1,0,0,MISSISSIPPI AVE W & SANTA FE DR S,1,1,0,0,1,1,,,30,0,0,0,0,0,2,2,13
,2015_01827,39.696696,-104.991872,5/18/2015 23:23,23:23,15,0,0,PLATTE RIVER DR S & MISSISSIPPI AVE W,2,3,0,1,1,1,,,45,0,0,0,0,0,2,2,13
,2015_01828,39.706767,-104.996536,5/27/2015 8:10,8:10,12,0,0,SANTA FE DR 700 BLK S & ALAMEDA AVE E,1,1,0,0,1,4,,,45,0,0,0,0,0,2,2,13
,2015_01829,39.707172,-104.996383,9/29/2015 18:20,18:20,12,0,0,PLATTE RIVER DR & 800 BLK S,1,1,0,0,1,4,,,45,0,0,0,0,0,2,2,13
,2015_01832,39.738559,-105.02529,1/19/2015 1:53,1:53,5,0,1,FEDERAL BLVD NB OFF RAMP & COLFAX AVE,1,4,0,0,3,8,,,30,0,0,0,0,3,2,1,14
,2015_01833,39.737975,-105.025273,4/5/2015 12:35,12:35,3,0,0,FEDERAL BLVD N & HOWARD PL W,1,1,1,0,1,1,,,35,0,0,0,0,1,2,2,13
,2015_01834,39.732118,-105.025182,6/29/2015 11:18,11:18,1,0,0,FEDERAL BLVD & 900 BLK N,1,1,1,0,1,2,,,35,0,0,0,0,0,2,2,13
,2015_01835,39.731186,-105.025182,4/7/2015 15:44,15:44,1,0,0,FEDERAL BLVD N & 9TH AVE W,1,1,1,0,1,1,,,35,0,0,0,0,0,2,2,13
,2015_01836,39.730036,-105.025163,7/8/2015 14:07,14:07,12,0,0,FEDERAL BLVD & 800 BLK N,2,1,1,1,1,2,,,35,0,0,0,0,0,2,2,13
,2015_01837,39.729259,-105.02515,5/6/2015 6:37,6:37,12,0,0,FEDERAL BLVD 800 BLK N & 8TH AVE W,1,1,0,0,1,3,,,35,0,0,0,0,0,2,2,14
,2015_01838,39.721946,-105.025207,5/30/2015 16:45,16:45,12,0,0,FEDERAL BLVD N & 412,1,1,0,0,1,4,,,35,0,0,0,0,1,2,2,13
,2015_01839,39.70779,-105.02508,7/24/2015 15:45,15:45,1,0,1,FEDERAL BLVD S & VIRGINIA AVE W,1,1,0,0,1,2,,,40,0,0,0,0,3,2,2,7
,2015_01840,39.714965,-105.025152,7/11/2015 0:05,0:05,5,0,0,FEDERAL BLVD & BAYAUD AVE W,1,3,1,0,3,4,,,35,0,0,0,0,0,2,1,3
,2015_01841,39.709425,-105.025076,6/7/2015 13:33,13:33,15,0,0,FEDERAL BLVD S & DAKOTA AVE W,1,1,0,0,1,4,,,40,0,0,0,0,0,2,2,1
,2015_01842,39.696764,-105.025061,7/17/2015 17:51,17:51,15,0,0,FEDERAL BLVD S & MISSISSIPPI AVE W,1,1,0,0,1,1,,,40,0,0,0,0,0,2,2,13
,2015_01843,39.705779,-105.025084,9/27/2015 23:00,23:00,12,0,1,FEDERAL BLVD S & CENTER AVE W,1,3,2,0,1,1,,,40,0,0,0,0,2,2,2,5
,2015_01844,39.688799,-105.025051,4/15/2015 16:10,16:10,1,0,0,FEDERAL BLVD S & FLORIDA AVE W,1,1,1,0,1,2,,,40,0,0,0,0,1,2,2,1
,2015_01845,39.685944,-105.025024,5/27/2015 13:13,13:13,3,0,5,MEXICO AVE W & FEDERAL BLVD S,1,1,1,0,1,1,,,25,0,0,0,0,2,2,2,9
,2015_01846,39.685944,-105.025024,6/8/2015 15:05,15:05,3,0,0,MEXICO AVE W & FEDERAL BLVD S,1,1,0,0,1,1,,,25,0,0,0,0,0,2,2,13
,2015_01847,39.682271,-105.025016,7/19/2015 20:38,20:38,12,0,0,FEDERAL BLVD S & JEWELL AVE W,1,3,0,0,1,1,,,30,0,0,0,0,1,2,3,13
,2015_01848,39.674978,-105.025042,7/4/2015 9:35,9:35,1,0,0,FEDERAL BLVD S & ILIFF AVE W,1,1,0,0,1,2,,,35,0,0,0,0,0,2,2,7
,2015_01849,39.691504,-105.025047,10/18/2015 19:55,19:55,12,0,0,ARKANSAS AVE W & FEDERAL BLVD S,1,3,0,0,1,3,,,40,0,0,0,0,1,2,2,16
,2015_01850,39.624076,-104.913346,8/18/2015 17:35,17:35,15,0,0,BELLEVIEW AVE E & MONACO PKWY S,1,1,0,0,1,1,,,35,0,0,0,0,0,2,2,13
,2015_01853,0,0,2/4/2015 7:45,7:45,6,0,0,14TH AVE & 3000 BLK W,1,1,2,2,1,4,,,25,0,0,0,0,0,4,3,13
,2015_01867,39.656175,-105.053223,7/25/2015 9:20,9:20,12,0,0,SHERIDAN BLVD S & DARTMOUTH AVE W,1,1,0,0,1,4,,,45,0,0,0,0,0,2,2,13
,2015_01868,39.667786,-105.053256,6/8/2015 15:15,15:15,1,0,0,SHERIDAN BLVD S & YALE AVE W,1,1,1,0,1,1,,,40,0,0,0,0,0,2,2,7
,2015_01870,39.726183,-105.053139,1/3/2015 18:21,18:21,3,0,0,6TH AVE WB OFF RAMP & SHERIDAN BLVD N,10,5,1,0,1,1,,,35,0,0,0,0,0,2,2,13
,2015_01871,39.738718,-105.053214,2/26/2015 11:35,11:35,6,0,0,SHERIDAN BLVD & 1410,6,1,1,2,3,4,,,40,0,0,0,0,0,2,2,7
,2015_01872,39.743966,-105.053226,5/1/2015 9:20,9:20,12,0,0,SHERIDAN BLVD 1700 BLK N & 17TH AVE W,1,1,0,0,1,4,,,35,0,0,0,0,0,2,2,14
,2015_01873,39.758446,-105.053239,4/28/2015 12:52,12:52,12,0,0,SHERIDAN BLVD 2800 BLK N & 29TH AVE W,1,1,0,0,1,1,,,35,0,0,0,0,1,2,2,14
,2015_01874,39.733137,-105.053226,10/27/2015 18:30,18:30,14,0,0,SHERIDAN BLVD N & 10TH AVE W,1,3,0,0,1,1,,,35,0,0,0,0,0,2,3,1
,2015_01876,39.770235,-105.053248,6/10/2015 14:11,14:11,12,0,0,SHERIDAN BLVD & 3800 BLK N,1,1,1,0,1,4,,,35,0,0,0,0,0,2,3,13
,2015_01922,39.635097,-104.89615,6/30/2015 17:51,17:51,12,0,0,I-225 & 3901 I-225 S,1,1,0,0,1,4,,,65,0,0,0,0,1,1,2,13
,2015_01925,39.653155,-105.05274,1/6/2015 7:20,7:20,9,0,0,HAMPDEN EB ON RAMP & SHERIDAN BLVD S,5,1,1,0,3,8,,,30,0,0,0,0,0,2,1,13
,2015_01926,0,0,8/2/2015 20:25,20:25,6,0,0,PEARL ST & 1890 S,1,3,0,7,1,5,,,15,0,0,0,0,0,4,2,7
,2015_01929,39.782996,-104.900882,6/24/2015 16:05,16:05,12,0,0,I-270 & NORTHFIELD QUEBEC ST N,1,1,0,0,1,4,,,55,0,0,0,0,0,1,2,12
,2015_01938,39.748823,-105.025163,3/12/2015 21:45,21:45,12,0,0,FEDERAL BLVD & 2100 BLK S,1,3,0,0,1,4,,,40,0,0,0,0,1,2,2,5
,2015_01939,39.75355,-105.025127,4/13/2015 7:39,7:39,15,0,0,FEDERAL BLVD 2500 BLK N & 25TH AVE W,1,1,0,0,1,1,,,35,0,0,0,0,0,2,2,14
,2015_02041,0,0,7/4/2015 1:10,1:10,3,0,0,13TH AVE E & ELM ST N,1,3,0,7,1,1,,,35,0,0,0,0,0,4,2,14
,2015_02098,0,0,2/2/2015 13:07,13:07,5,0,0,LOWRY BLVD E & YOSEMITE ST N,2,1,0,7,3,6,,,15,0,0,0,0,0,4,1,16
,2015_02100,0,0,4/23/2015 16:10,16:10,15,0,0,1ST AVE & UNIVERSITY BLVD,1,1,0,0,1,4,,,30,0,0,0,0,0,4,2,13
,2015_02101,0,0,1/11/2015 17:42,17:42,3,0,0,1ST AVE E & DOWNING ST N,2,3,0,1,1,1,,,30,0,0,0,0,0,4,2,16
,2015_02102,0,0,11/17/2015 15:24,15:24,2,0,0,1ST AVE E & ADAMS ST N,2,1,0,0,1,1,,,25,1,0,0,0,1,4,2,1
,2015_02103,0,0,12/14/2015 13:28,13:28,12,0,0,1ST AVE E & LINCOLN ST N,1,1,1,0,1,3,,,25,0,0,0,0,0,4,2,13
,2015_02104,0,0,6/24/2015 12:11,12:11,12,0,0,6TH AVE W & BANNOCK ST N,1,1,0,7,1,4,,,35,0,0,0,0,0,4,2,3
,2015_02105,0,0,8/7/2015 14:42,14:42,3,0,0,6TH AVE E & CORONA ST N,1,1,0,7,1,1,,,30,0,0,0,0,0,4,2,3
,2015_02106,0,0,11/21/2015 10:08,10:08,6,0,0,9TH AVE 700 BLK E & WASHINGTON ST N,5,1,0,7,1,4,,,25,0,0,0,0,0,4,2,16
,2015_02107,0,0,12/13/2015 2:26,2:26,12,0,0,8TH AVE 900 BLK W & SANTA FE DR N,1,3,0,0,1,4,,,30,0,0,0,0,0,4,2,14
,2015_02108,0,0,8/8/2015 23:45,23:45,5,0,2,LITTLE RAVEN ST & 20TH ST,1,3,1,0,3,4,,,45,0,0,0,0,3,4,1,5
,2015_02109,0,0,3/2/2015 7:25,7:25,3,0,0,14TH AVE E & DAHLIA ST N,5,1,0,7,1,1,,,30,0,0,0,0,0,4,2,7
,2015_02110,0,0,1/16/2015 14:58,14:58,3,0,0,14TH AVE 6200 BLK E & KRAMERIA ST N,1,1,0,0,1,2,,,30,0,0,0,0,1,4,2,13
,2015_02111,0,0,2/10/2015 0:05,0:05,3,0,1,14TH AVE E & LINCOLN ST N,1,3,0,7,1,1,,,30,0,0,0,0,2,4,2,3
,2015_02112,0,0,9/12/2015 1:05,1:05,11,0,1,14TH AVE E & COOK ST N,1,3,0,0,1,1,,,30,0,1,0,0,3,4,2,13
,2015_02113,0,0,6/4/2015 11:05,11:05,3,0,0,17TH AVE E & 2200 BLK,1,1,0,0,1,5,,,30,0,0,0,0,0,4,2,7
,2015_02114,0,0,5/18/2015 7:25,7:25,3,0,0,17TH AVE E & FAIRFAX ST N,1,1,0,7,1,1,,,30,0,0,0,0,0,4,2,7
,2015_02115,0,0,5/5/2015 11:42,11:42,3,0,0,17TH AVE E & HUDSON ST N,2,1,0,1,1,1,,,25,0,0,0,0,0,4,2,16