id,drcog_id,latitude,longitude,crashtime,time,crashtype,numbkilled,numbinjurd,drcoglocat,rdconditin,lightngcon,roadcntgrd,weatherco,location,roaddescrp,schoolzone,constrzone,splimit,bikeinv,pedinv,sctrinv,motoinv,svrty,rdsystem,ttlvehcls,hcf
,2015_02116,0,0,2/21/2015 9:52,9:52,3,0,0,23RD AVE E & DOWNING ST N,2,1,0,2,1,1,,,30,0,0,0,0,0,4,3,16
,2015_02117,0,0,2/12/2015 17:00,17:00,3,0,2,23RD AVE E & QUEBEC ST N,1,1,0,7,1,1,,,25,0,0,0,0,2,4,2,16
,2015_02118,0,0,11/26/2015 13:28,13:28,6,0,0,29TH AVE E & GILPIN ST N,5,1,0,2,1,4,,,25,0,0,0,0,0,4,3,16
,2015_02119,0,0,5/6/2015 7:40,7:40,3,0,0,24TH AVE E & WILLIAMS ST N,1,1,0,7,1,1,,,25,0,0,0,0,1,4,2,7
,2015_02120,0,0,5/27/2015 16:45,16:45,12,0,0,29TH AVE & 3200 BLK W,1,1,1,0,1,4,,,30,0,0,0,0,0,4,2,13
,2015_02121,0,0,6/22/2015 17:39,17:39,12,0,0,29TH AVE W & JULIAN ST N,1,1,0,7,1,4,,,35,0,0,0,0,0,4,2,16
,2015_02122,0,0,4/29/2015 8:02,8:02,10,0,0,29TH AVE W & SPEER BLVD N,1,1,0,0,1,3,,,35,0,0,0,0,0,4,2,14
,2015_02124,0,0,1/26/2015 15:57,15:57,3,0,0,35TH AVE E & DAHLIA ST N,1,1,0,0,1,1,,,30,0,0,0,0,0,4,2,13
,2015_02125,0,0,1/6/2015 10:00,10:00,15,0,0,38TH AVE & 2500 W,2,1,0,0,1,4,,,35,0,0,0,0,0,4,2,13
,2015_02126,0,0,12/12/2015 14:53,14:53,3,0,0,36TH AVE E & ROSLYN ST N,2,1,0,2,1,1,,,10,0,0,0,0,0,4,2,13
,2015_02127,0,0,5/12/2015 14:25,14:25,12,0,0,44TH AVE E & PEORIA ST N,1,1,0,7,1,4,,,45,0,0,0,0,0,4,2,14
,2015_02128,0,0,1/20/2015 15:49,15:49,3,0,0,45TH AVE E & JOSEPHINE ST N,1,1,0,7,1,1,,,30,0,0,0,0,0,4,2,16
,2015_02129,0,0,4/16/2015 6:40,6:40,6,0,0,45TH AVE E & KINGSTON ST N,14,3,0,7,1,4,,,30,0,0,0,0,0,4,2,16
,2015_02130,0,0,2/28/2015 2:28,2:28,12,0,0,52ND AVE E & DEEPHAVEN CT,5,1,1,0,1,1,,,25,0,0,0,0,0,4,2,13
,2015_02131,0,0,2/14/2015 9:23,9:23,3,0,0,53RD AVE E & ALTURA ST N,1,1,0,0,1,1,,,35,0,0,0,0,0,4,2,13
,2015_02132,0,0,3/20/2015 7:35,7:35,15,0,0,56TH AVE 8200 BLK E & VALENTIA ST N,1,1,0,7,1,4,,,45,0,0,0,0,0,4,2,16
,2015_02133,0,0,12/10/2015 11:25,11:25,3,0,1,47TH AVE E & HAVANA ST N,1,1,0,0,1,1,,,40,0,0,0,1,3,4,2,13
,2015_02134,0,0,11/3/2015 7:45,7:45,12,0,0,56TH AVE E & PENA BLVD,1,1,0,0,1,4,,,45,0,0,0,0,0,4,2,3
,2015_02135,0,0,2/16/2015 7:45,7:45,12,0,0,ALAMEDA AVE E & FAIRMOUNT DR E,4,1,0,2,1,4,,,35,0,0,0,0,0,4,2,16
,2015_02136,0,0,10/3/2015 23:31,23:31,11,0,1,ALAMEDA AVE W & BROADWAY ST S,1,3,0,0,1,1,,,,0,1,0,0,3,4,2,13
,2015_02137,0,0,11/12/2015 10:05,10:05,12,0,0,56TH AVE E & SPRUCE ST N,1,1,0,0,1,1,,,45,0,0,0,0,0,4,2,13
,2015_02139,0,0,7/7/2015 16:35,16:35,15,0,0,BROADWAY ST 1900 BLK N & WELTON ST,1,1,0,7,1,4,,,30,0,0,0,0,0,4,2,16
,2015_02140,0,0,2/27/2015 17:45,17:45,3,0,0,CHESTNUT PL & 18TH ST,2,3,0,0,1,3,,,30,0,0,0,0,0,4,2,7
,2015_02141,0,0,8/20/2015 17:36,17:36,3,0,0,CLAY ST S & CENTER AVE W,1,1,1,7,1,1,,,25,0,0,0,0,0,4,2,1
,2015_02142,0,0,9/25/2015 18:00,18:00,6,0,0,DEPEW ST 2100 BLK S & GREEN MEADOWS PL W,1,2,0,7,1,4,,,25,0,0,0,0,0,4,2,1
,2015_02143,0,0,9/12/2015 17:11,17:11,3,0,0,ELIOT ST S & OHIO AVE W,1,1,0,0,1,1,,,25,0,0,0,0,0,4,3,1
,2015_02144,0,0,3/11/2015 19:00,19:00,3,0,2,FILLMORE ST 1600 BLK N & 17TH AVE E,1,4,0,7,1,2,,,30,0,0,0,0,2,4,2,16
,2015_02145,0,0,4/3/2015 13:36,13:36,8,0,0,FLORIDA AVE W & TENNYSON ST S,1,1,0,0,1,1,,,25,0,0,0,1,0,4,2,7
,2015_02146,0,0,5/1/2015 19:44,19:44,6,0,0,FRANKLIN ST 2100 BLK S & EVANS AVE E,1,2,0,7,1,4,,,25,0,0,0,0,0,4,2,3
,2015_02147,0,0,5/1/2015 7:44,7:44,6,0,0,GAYLORD ST & 3500 BLK N,1,1,0,0,3,4,,,25,0,0,0,0,0,4,2,13
,2015_02148,0,0,5/22/2015 7:15,7:15,6,0,0,GRANT ST N & 15,2,1,0,1,1,4,,,25,0,0,0,0,0,4,2,14
,2015_02149,0,0,5/8/2015 12:00,12:00,15,0,0,GRANT ST & 1500 BLK N,2,1,0,1,1,4,,,,0,0,0,0,0,4,2,13
,2015_02150,0,0,1/11/2015 13:35,13:35,10,0,0,GRANT ST N & 14TH AVE E,1,1,1,0,1,1,,,30,0,0,0,0,0,4,2,13
,2015_02151,0,0,1/18/2015 6:00,6:00,6,0,0,HARVARD AVE W & HAZEL CT S,1,1,0,7,1,4,,,20,0,0,0,0,0,4,2,16
,2015_02152,0,0,7/11/2015 19:50,19:50,12,0,0,18TH AVE 800 BLK E & CLARKSON ST N,1,1,0,7,1,5,,,35,0,0,0,0,0,4,2,16
,2015_02153,0,0,7/15/2015 18:00,18:00,3,0,0,HUMBOLDT ST N & PARK AVE,1,1,0,0,1,1,,,30,0,0,0,0,0,4,2,13
,2015_02154,0,0,3/25/2015 10:21,10:21,3,0,0,HUMBOLDT ST S & WARREN AVE E,2,1,0,2,1,1,,,25,0,0,0,0,1,4,2,1
,2015_02155,0,0,9/20/2015 15:52,15:52,6,0,0,HOLLY PL 3100 BLK S & JASMINE WAY E,1,1,1,7,1,4,,,25,0,0,0,0,0,4,2,16
,2015_02157,0,0,6/6/2015 15:24,15:24,12,0,0,LINCOLN ST 1500 BLK N & COLFAX AVE E,1,1,0,7,1,4,,,30,0,0,0,0,0,4,2,16
,2015_02158,0,0,1/9/2015 8:10,8:10,3,0,0,JACKSON ST 5200 N & 52ND AVE,5,1,1,2,1,1,,,30,0,0,0,0,0,4,2,14
,2015_02159,0,0,8/25/2015 15:54,15:54,6,0,0,INCA ST & 6TH AVE W,1,1,0,0,1,4,,,25,0,0,0,0,0,4,2,13
,2015_02160,0,0,7/14/2015 18:10,18:10,6,0,0,KNOX CT S & OHIO AVE W,1,1,0,7,1,4,,,25,0,0,0,0,0,4,2,3
,2015_02161,0,0,9/27/2015 3:10,3:10,6,0,0,JOSEPHINE ST N & 5TH AVE E,1,3,0,7,3,4,,,30,0,0,0,0,0,4,2,16
,2015_02162,0,0,7/16/2015 13:00,13:00,3,0,1,KALAMATH ST N & 13TH AVE W,1,1,0,0,1,1,,,30,0,0,0,0,2,4,2,14
,2015_02163,0,0,6/30/2015 13:30,13:30,12,0,0,LINCOLN ST S & DAKOTA AVE E,1,1,1,7,1,1,,,30,0,0,0,0,1,4,2,16
,2015_02164,0,0,7/4/2015 2:00,2:00,6,0,0,LOGAN ST 1200 BLK N & 12TH AVE E,1,3,0,7,1,4,,,35,0,0,0,0,0,4,2,5
,2015_02165,0,0,6/19/2015 17:23,17:23,12,0,0,LOGAN ST N & 44TH AVE E,1,1,0,7,1,4,,,25,0,0,0,0,0,4,2,16
,2015_02166,0,0,3/23/2015 16:05,16:05,3,0,0,LOGAN ST S & CENTER AVE E,1,1,0,7,1,1,,,25,0,0,0,0,0,4,2,1
,2015_02167,0,0,1/2/2015 6:55,6:55,3,0,0,LOUISIANA AVE E & BIRCH ST S,4,2,2,2,1,1,,,25,0,0,0,0,1,4,2,16
,2015_02168,0,0,1/31/2015 13:43,13:43,12,0,0,LOWRY BLVD E & FAIRMONT DR E,1,1,0,0,1,6,,,30,0,0,0,0,0,4,2,3
,2015_02169,0,0,3/11/2015 13:47,13:47,15,0,0,LOWRY BLVD E & FAIRMOUNT DR E,1,1,0,0,1,6,,,25,0,0,0,0,0,4,2,3
,2015_02170,0,0,11/16/2015 8:22,8:22,6,0,0,LOWELL BLVD 5100 BLK N & 52ND AVE W,1,1,0,7,1,4,,,35,0,0,0,0,0,4,4,7
,2015_02171,0,0,2/2/2015 20:50,20:50,12,0,0,MLK BLVD E & STEELE ST N,1,3,1,7,1,4,,,30,0,0,0,0,0,4,2,16
,2015_02173,0,0,4/16/2015 20:10,20:10,3,0,0,MONACO ST & 2200 BLK S,1,3,0,2,1,2,,,35,0,0,0,0,1,4,2,13
,2015_02174,0,0,1/5/2015 17:26,17:26,1,0,0,MONACO ST S & CHERRY CREEK DR S E,2,3,0,7,1,1,,,35,0,0,0,0,0,4,2,3
,2015_02175,0,0,6/24/2015 18:15,18:15,12,0,0,MONACO ST S & FLORIDA AVE E,2,1,0,1,1,4,,,35,0,0,0,0,0,4,2,16
,2015_02176,0,0,8/14/2015 16:19,16:19,1,0,3,MLK BLVD E & PONTIAC ST N,1,1,0,7,1,1,,,35,0,0,0,0,2,4,2,1
,2015_02177,0,0,4/7/2015 17:17,17:17,15,0,0,MONACO ST 1100 BLK S & MISSISSIPPI AVE E,1,1,0,7,1,4,,,35,0,0,0,0,0,4,2,3
,2015_02178,0,0,2/28/2015 16:33,16:33,3,0,0,MONACO ST 4500 BLK N & STAPLETON DR S,2,2,0,7,1,1,,,30,0,0,0,0,1,4,2,7
,2015_02179,0,0,7/13/2015 15:25,15:25,12,0,0,MONTVIEW BLVD E & SPRUCE ST N,1,1,0,7,1,4,,,35,0,0,0,0,0,4,2,3
,2015_02180,0,0,3/7/2015 18:16,18:16,3,0,0,MORRISON RD & PERRY ST S,1,3,0,7,1,1,,,25,0,0,0,0,1,4,2,16
,2015_02181,0,0,6/6/2015 22:28,22:28,15,0,0,PARK AVE WEST 1600 BLK & 16TH AVE E,1,3,0,0,1,4,,,30,0,0,0,0,0,4,2,8
,2015_02182,0,0,6/19/2015 15:30,15:30,12,0,0,PARK AVE W & BROADWAY ST N,1,1,0,7,1,1,,,30,0,0,0,0,0,4,2,16
,2015_02183,0,0,12/7/2015 10:23,10:23,5,0,0,OSCEOLA ST & 544,1,1,0,0,3,4,,,35,0,0,0,0,0,4,1,7
,2015_02184,0,0,6/3/2015 17:59,17:59,14,0,0,PEARL ST S & IOWA AVE E,1,1,0,0,1,1,,,25,0,0,0,0,0,4,2,13
,2015_02185,0,0,7/26/2015 18:29,18:29,12,0,0,PENA BLVD & 8100 BLK,1,1,0,0,1,4,,,45,0,0,0,0,1,4,2,13
,2015_02186,0,0,3/19/2015 7:45,7:45,15,0,0,PENA BLVD 8400 BLK & E-470,2,1,0,1,1,4,,,65,0,0,0,0,0,4,2,16
,2015_02188,0,0,9/7/2015 4:38,4:38,15,0,0,PENA BLVD & 8400 BLK,1,3,0,0,1,3,,,15,0,0,0,0,0,4,2,13
,2015_02189,0,0,5/21/2015 16:33,16:33,2,0,0,PEORIA ST N & 49TH AVE E,1,1,1,0,1,1,,,35,1,0,0,0,0,4,2,13
,2015_02190,0,0,6/4/2015 16:58,16:58,1,0,0,PEORIA ST N & 55TH AVE E,1,1,1,7,1,1,,,35,0,0,0,0,0,4,4,16
,2015_02191,0,0,4/2/2015 12:55,12:55,12,0,0,PEORIA ST N & I-70 WB RAMPS,1,1,0,7,1,4,,,35,0,0,0,0,0,4,2,3
,2015_02192,0,0,8/4/2015 21:00,21:00,15,0,0,QUEBEC ST S & CHERRY CREEK DR S E,1,3,0,0,1,3,,,35,0,0,0,0,0,4,2,1
,2015_02193,0,0,3/12/2015 18:17,18:17,12,0,0,QUEBEC ST 3200 BLK OF N & MLK BLVD E,1,1,0,7,1,3,,,30,0,0,0,0,0,4,2,7
,2015_02194,0,0,3/14/2015 16:00,16:00,12,0,0,15TH ST & WELTON ST,1,1,0,7,1,2,,,30,0,0,0,0,0,4,2,5
,2015_02195,0,0,2/24/2015 8:08,8:08,12,0,0,17TH ST & 1000 BLK,5,1,0,0,1,4,,,25,0,0,0,0,0,4,2,13
,2015_02196,0,0,10/25/2015 2:46,2:46,6,0,0,31ST ST 1100 BLK & ARAPAHOE ST,1,3,0,7,1,4,,,30,0,0,0,0,0,4,2,5
,2015_02197,0,0,3/19/2015 17:10,17:10,3,0,1,20TH ST & CLARKSON ST,1,1,0,7,1,1,,,25,0,0,0,0,3,4,2,16
,2015_02198,0,0,1/5/2015 6:40,6:40,3,0,0,20TH ST & CURTIS ST,6,1,0,2,1,1,,,30,0,0,0,0,0,4,2,14
,2015_02199,0,0,6/19/2015 18:29,18:29,12,0,0,22ND ST & BLAKE ST,1,1,0,0,1,3,,,25,0,0,0,0,0,4,2,13
,2015_02200,0,0,3/25/2015 6:00,6:00,3,0,0,24TH ST & CURTIS ST,1,1,0,7,1,1,,,30,0,0,0,0,0,4,2,14
,2015_02201,0,0,5/8/2015 0:50,0:50,5,0,0,26TH ST 700 BLK & STOUT ST,2,3,0,1,2,4,,,,0,0,0,0,1,4,1,5
,2015_02203,0,0,4/5/2015 20:05,20:05,3,0,0,SANTA FE DR N & 13TH AVE W,1,3,0,7,1,1,,,25,0,0,0,0,0,4,2,16
,2015_02204,0,0,4/13/2015 8:47,8:47,14,0,0,SANTA FE DR & 14TH AVE W,1,1,0,0,1,3,,,35,0,0,0,0,0,4,2,14
,2015_02205,0,0,7/26/2015 12:00,12:00,15,0,0,SPEER BLVD N & 8TH AVE W,1,1,0,0,1,1,,,35,0,0,0,0,0,4,2,14
,2015_02206,0,0,5/15/2015 9:01,9:01,12,0,0,SPEER BLVD E & DOWNING ST N,1,1,0,7,1,1,,,35,0,0,0,0,0,4,2,16
,2015_02207,0,0,7/11/2015 12:00,12:00,3,0,0,SPEER BLVD E & WASHINGTON ST N,1,1,0,7,1,1,,,30,0,0,0,0,0,4,2,3
,2015_02208,0,0,12/6/2015 18:00,18:00,15,0,0,SPEER BLVD & PLATTE ST,1,2,1,0,1,3,,,30,0,0,0,0,0,4,2,14
,2015_02209,0,0,11/19/2015 7:02,7:02,15,0,0,SPEER BLVD & AURARIA PKWY,1,1,0,0,1,1,,,35,0,0,0,0,0,4,2,16
,2015_02210,0,0,5/3/2015 4:00,4:00,6,0,0,TENNESSEE AVE W & RARITAN ST S,1,4,0,7,1,4,,,25,0,0,0,0,0,4,2,5
,2015_02211,0,0,6/4/2015 14:50,14:50,6,0,0,TENNYSON ST N & 44TH AVE W,1,1,0,7,1,4,,,25,0,0,0,0,0,4,2,16
,2015_02212,0,0,6/11/2015 15:00,15:00,12,0,0,TOWER RD N & GVR BLVD E,1,1,0,7,1,1,,,45,0,0,0,0,0,4,2,14
,2015_02215,0,0,6/24/2015 12:15,12:15,12,0,0,UNIVERSITY BLVD 1100 BLK S & ARIZONA AVE E,1,1,0,7,1,4,,,30,0,0,0,0,0,4,3,1
,2015_02216,0,0,2/8/2015 16:19,16:19,1,0,0,UNIVERSITY BLVD S & BUCHTEL BLVD E,1,1,0,0,1,1,,,30,0,0,0,0,0,4,2,13
,2015_02217,0,0,6/8/2015 16:27,16:27,12,0,0,UNIVERSITY BLVD 100 BLK S & CHERRY CREEK DR S E,1,1,0,7,1,4,,,30,0,0,0,0,0,4,2,3
,2015_02218,0,0,5/6/2015 17:27,17:27,12,0,0,UNIVERSITY BLVD 2200 BLK S & ILIFF AVE E,1,1,0,7,1,3,,,30,0,0,0,0,0,4,2,3
,2015_02219,0,0,1/10/2015 19:12,19:12,6,0,1,WINONA CT 600 N & 6TH PL W,5,4,2,0,1,4,,,25,0,0,0,0,2,4,4,13
,2015_02220,0,0,2/26/2015 8:56,8:56,12,0,0,YALE AVE 0 BLK W & BROADWAY ST S,4,1,0,0,1,3,,,25,0,0,0,0,0,4,2,13
,2015_02222,0,0,2/27/2015 7:10,7:10,3,0,0,ZUNI ST N & 27TH AVE W,6,1,0,7,1,3,,,30,0,0,0,0,0,4,2,16
,2015_02223,0,0,5/18/2015 17:30,17:30,1,0,0,ZUNI ST S & MOSIER PL W,1,1,0,7,1,1,,,25,0,0,0,0,1,4,2,16
,2015_02326,39.714614,-104.940629,6/25/2015 14:09,14:09,3,0,0,COLORADO BLVD S & BAYAUD AVE E,1,1,1,0,1,1,,,30,0,0,0,0,0,2,2,3
,2015_02327,39.70445,-104.940623,3/5/2015 17:58,17:58,12,0,0,COLORADO BLVD 600 BLK S & EXPOSITION AVE E,1,3,1,0,1,3,,,35,0,0,0,0,0,2,2,14
,2015_02328,39.706129,-104.940624,5/9/2015 16:38,16:38,15,0,0,CHERRY CREEK S DR E & COLORADO BLVD S,2,1,0,1,1,4,,,35,0,0,0,0,0,2,2,13
,2015_02329,39.678409,-104.940629,8/19/2015 13:15,13:15,15,0,0,COLORADO BLVD 2000 BLK S & EVANS AVE E,1,1,0,0,1,3,,,40,0,0,0,0,0,2,2,13
,2015_02330,39.71149,-104.940627,4/15/2015 17:31,17:31,15,0,0,COLORADO BLVD S & ALAMEDA AVE E,1,1,0,0,1,1,,,35,0,0,0,0,0,2,2,3
,2015_02331,39.730898,-104.940623,5/3/2015 11:46,11:46,12,0,0,COLORADO BLVD & 800 BLK S,1,1,0,0,1,3,,,35,0,0,0,0,0,2,2,13
,2015_02332,39.740259,-104.940612,3/8/2015 16:10,16:10,15,0,0,COLORADO BLVD 1500 BLK N & COLFAX AVE E,1,1,0,0,1,3,,,35,0,0,0,0,0,2,2,1
,2015_02334,39.758322,-104.940525,7/11/2015 14:33,14:33,1,0,0,COLORADO BLVD 2900 BLK N & 29TH AVE E,1,1,0,0,1,1,,,35,0,0,0,0,1,2,2,7
,2015_02335,39.761736,-104.940512,5/2/2015 11:08,11:08,3,0,0,COLORADO BLVD N & MARTIN LUTHER KING JR BLVD E,1,1,0,0,1,3,,,35,0,0,0,0,0,2,2,13
,2015_02336,39.766606,-104.940492,5/15/2015 15:50,15:50,15,0,0,COLORADO BLVD 3500 BLK N & 35TH AVE E,1,1,1,0,1,3,,,40,0,0,0,0,0,2,3,8
,2015_02345,39.760615,-105.004878,1/16/2015 3:11,3:11,5,0,0,I-25 & 20TH ST,1,3,0,0,2,4,,,55,0,0,0,0,0,1,1,5
,2015_02364,39.641209,-104.911427,5/29/2015 14:58,14:58,12,0,0,I-25 & MM 200,1,1,0,0,1,4,,,65,0,0,0,0,0,1,5,14
,2015_02365,39.652653,-104.918038,2/2/2015 15:10,15:10,15,0,0,I-25 NB & HAMPDEN AVE E,1,1,0,0,1,4,,,65,0,0,0,0,0,1,2,13
,2015_02366,39.66762,-104.92561,3/25/2015 14:05,14:05,12,0,0,I-25 & YALE AVE E,1,1,0,0,1,4,,,65,0,0,0,0,1,1,2,1
,2015_02367,39.683488,-104.942037,4/7/2015 7:40,7:40,12,0,0,I-25 & COLORADO BLVD S,1,1,0,0,1,4,,,60,0,0,0,0,1,1,2,7
,2015_02368,39.684918,-104.950446,2/27/2015 15:23,15:23,15,0,0,I-25 & STEELE ST S,1,1,0,0,1,4,,,55,0,0,0,0,0,1,2,13
,2015_02369,39.68492,-104.959513,11/20/2015 16:15,16:15,12,0,0,I-25 & UNIVERSITY BLVD S,2,3,0,2,1,4,,,55,0,0,0,0,0,1,3,16
,2015_02370,39.760997,-105.004275,7/29/2015 21:41,21:41,12,0,0,I-25 & 20TH ST,1,4,0,0,1,4,,,55,0,0,0,0,0,1,2,13
,2015_02371,39.710258,-104.998334,2/2/2015 7:55,7:55,12,0,0,I-25 & SANTA FE DR S,2,1,1,0,1,4,,,55,0,0,0,0,0,1,3,13
,2015_02372,39.710933,-104.998735,6/14/2015 23:15,23:15,15,0,0,I-25 & ALAMEDA AVE W,1,3,1,0,1,4,,,55,0,0,0,0,0,1,2,13
,2015_02373,39.711138,-104.998857,5/24/2015 11:34,11:34,12,0,0,I-25 & ALAMEDA AVE W,1,1,0,0,1,4,,,55,0,0,0,0,0,1,2,13
,2015_02374,39.71124,-104.998918,1/15/2015 14:02,14:02,12,0,0,I-25 & ALAMEDA AVE W,1,1,0,0,1,4,,,60,0,0,0,0,0,1,2,13
,2015_02375,39.71124,-104.998918,1/30/2015 14:30,14:30,12,0,0,I-25 SB & ALAMEDA AVE W,1,1,0,0,1,4,,,55,0,0,0,0,0,1,2,13
,2015_02376,39.71124,-104.998918,6/13/2015 14:35,14:35,12,0,0,I-25 & ALAMEDA AVE W,1,1,0,0,1,4,,,55,0,0,0,0,1,1,2,14
,2015_02379,39.71293,-104.999922,4/30/2015 12:13,12:13,15,0,0,I-25 & ALAMEDA AVE W,1,1,0,0,1,4,,,55,0,0,0,0,1,1,2,13
,2015_02380,39.71413,-105.00067,3/4/2015 18:30,18:30,15,0,0,I-25 & ALAMEDA AVE W,1,3,0,0,1,4,,,55,0,0,0,0,0,1,2,13
,2015_02381,39.722903,-105.010511,1/1/2015 3:50,3:50,15,0,0,I-25 & MM 209,5,3,1,0,1,4,,,55,0,0,0,0,0,1,3,8
,2015_02382,39.7232,-105.010907,6/11/2015 11:45,11:45,12,0,0,I-25 NB OFF RAMP & 6TH AVE,1,1,1,0,1,8,,,25,0,0,0,0,0,1,2,13
,2015_02383,39.725247,-105.012893,2/20/2015 9:14,9:14,12,0,0,I-25 & 6TH AVE W,1,1,0,0,1,4,,,55,0,0,0,0,1,1,2,13
,2015_02384,39.72543,-105.013021,3/24/2015 10:06,10:06,9,0,2,I-25 & 6TH AVE W,1,1,1,0,1,4,,,55,0,0,0,0,2,1,4,13
,2015_02385,39.72543,-105.013021,6/9/2015 7:37,7:37,12,0,0,I-25 & 6TH AVE W,1,1,1,0,1,4,,,55,0,0,0,0,1,1,2,13
,2015_02386,39.729334,-105.014821,7/1/2015 12:58,12:58,12,0,0,I-25 & 8TH AVE W,1,1,0,0,1,4,,,55,0,0,0,0,0,1,2,13
,2015_02388,39.768445,-104.993883,6/4/2015 14:28,14:28,15,0,1,I-25 & NB EXIT TO I-70,1,1,1,0,1,4,,,55,0,0,0,0,2,1,2,4
,2015_02389,39.770587,-104.991054,2/1/2015 11:40,11:40,5,0,0,I-25 NB & 39TH AVE OFFSET REF,2,1,0,0,2,4,,,55,0,0,0,0,0,1,1,2
,2015_02390,39.779248,-104.989165,5/30/2015 11:40,11:40,12,0,0,I-25 NB OFF RAMP & I-70,1,1,1,0,1,4,,,55,0,0,0,0,0,1,2,13
,2015_02391,39.779391,-104.989165,2/2/2015 13:25,13:25,15,0,0,I-25 & I-70,1,1,0,0,1,4,,,45,0,0,0,0,0,1,3,13
,2015_02392,39.779391,-104.989165,4/14/2015 9:04,9:04,12,0,0,I-25 UNDERPASS & I-70,1,1,0,0,1,4,,,55,0,0,0,0,1,1,3,14
,2015_02423,39.711131,-105.032417,4/14/2015 13:45,13:45,12,0,0,KNOX CT S & ALAMEDA AVE W,1,1,1,0,1,3,,,25,0,0,0,0,0,2,2,5
,2015_02437,0,0,4/4/2015 17:50,17:50,5,0,0,4TH AVE W & TENNYSON ST N,1,1,0,7,4,3,,,25,0,0,0,0,0,4,1,1
,2015_02438,39.778457,-104.903406,4/22/2015 10:50,10:50,12,0,0,QUEBEC ST 4500 BLK N & I-70,1,1,0,0,1,3,,,35,0,0,0,0,0,2,2,3
,2015_02439,39.779169,-104.903401,3/24/2015 8:50,8:50,15,0,0,QUEBEC ST N & I-70 WB ON RAMP,1,1,0,0,1,3,,,45,0,0,0,0,0,2,2,7
,2015_02452,0,0,10/15/2015 14:08,14:08,5,0,0,PENA BLVD 8400 BLK & 80TH AVE E,1,1,0,7,2,4,,,25,0,0,0,0,0,4,1,10
,2015_02461,39.739999,-104.990376,7/2/2015 3:08,3:08,5,0,0,COLFAX AVE 200 BLK W & BANNOCK ST N,1,3,0,0,2,4,,,35,0,0,0,0,1,2,1,5
,2015_02462,39.740014,-104.969683,8/2/2015 10:15,10:15,3,0,0,COLFAX AVE E & HUMBOLDT DR,1,1,0,0,1,1,,,25,0,0,0,0,0,2,2,13
,2015_02463,39.740079,-104.903501,5/25/2015 18:00,18:00,12,0,0,QUEBEC ST N & COLFAX AVE E,1,1,0,0,1,1,,,35,0,0,0,0,0,2,2,13
,2015_02464,39.740081,-104.89639,3/7/2015 20:07,20:07,12,0,0,COLFAX AVE & 7840 BLK E,1,3,0,0,1,4,,,35,0,0,0,0,0,2,2,1
,2015_02465,39.740083,-104.893946,3/14/2015 18:41,18:41,3,0,0,COLFAX AVE E & ULSTER ST N,1,2,0,0,1,1,,,25,0,0,0,0,0,2,2,13
,2015_02466,39.740084,-104.891905,7/31/2015 18:53,18:53,12,0,0,COLFAX AVE E & VALENTIA ST N,1,1,0,0,1,4,,,35,0,0,0,0,1,2,3,7
,2015_02493,39.784998,-105.049111,5/8/2015 9:16,9:16,12,0,0,I-70 EB ON RAMP FROM & SHERIDAN BLVD,2,1,1,1,1,8,,,35,0,0,0,0,0,1,2,13
,2015_02495,39.784221,-105.025096,8/14/2015 7:16,7:16,12,0,0,I70 EB & N FEDERAL BL,1,1,1,0,1,4,,,55,0,0,0,0,0,1,2,7
,2015_02496,39.77984,-104.96821,6/19/2015 21:40,21:40,15,0,1,I-70 & BRIGHTON BLVD N,1,3,0,0,1,4,,,55,0,0,0,1,3,1,5,13
,2015_02497,39.779936,-104.98866,4/5/2015 3:05,3:05,9,0,0,I-70 WB OFF RAMP TO NB & I-25,1,3,0,0,3,8,,,55,0,0,0,0,0,1,1,5
,2015_02499,39.779936,-104.98866,9/11/2015 12:59,12:59,12,0,0,I-70 WB OFF LOOP RAMP TO & I-25 SB,1,1,0,0,1,8,,,55,0,0,0,0,0,1,3,14
,2015_02500,39.779936,-104.98866,9/30/2015 21:27,21:27,15,0,1,I-70 WB OFF RAMP SPLIT TO & I-25,1,3,0,0,1,8,,,35,0,0,0,1,3,1,2,8
,2015_02501,39.780014,-104.959201,5/19/2015 16:50,16:50,12,0,0,I-70 & YORK ST N,1,1,0,0,1,4,,,55,0,0,0,0,1,1,2,13
,2015_02502,39.779949,-104.941561,12/22/2015 7:00,7:00,15,0,0,I-70 EB OFF RAMP & COLORADO BLVD N,1,1,1,0,1,8,,,30,0,0,0,0,0,1,2,13
,2015_02503,39.780016,-104.952995,4/3/2015 13:27,13:27,15,0,0,I-70 & STEELE ST N WB ON RAMP GORE PT,1,1,0,0,1,4,,,55,0,0,0,0,0,1,2,1
,2015_02504,39.779984,-104.946211,7/15/2015 16:16,16:16,15,0,0,I-70 & STEELE ST,1,1,0,0,1,4,,,55,0,0,0,0,0,1,2,13
,2015_02505,39.780069,-104.936707,3/28/2015 1:56,1:56,12,0,0,I-70 & DAHLIA ST N,1,3,0,0,1,4,,,55,0,0,0,0,0,1,2,13
,2015_02506,39.779944,-104.940633,12/31/2015 20:00,20:00,15,0,0,I-70 & COLORADO BLVD N,1,2,0,0,1,4,,,55,0,0,0,0,0,1,2,1
,2015_02508,39.7783,-104.903459,6/9/2015 13:05,13:05,15,0,1,I-70 & QUEBEC ST N,1,1,1,0,1,4,,,55,0,0,0,0,2,1,2,13
,2015_02509,39.77828,-104.915926,10/1/2015 15:46,15:46,12,0,0,I-70 & LEYDEN ST(NOT IN CORIS),1,1,0,0,1,4,,,55,0,0,0,0,0,1,2,16