id,drcog_id,latitude,longitude,crashtime,time,crashtype,numbkilled,numbinjurd,drcoglocat,rdconditin,lightngcon,roadcntgrd,weatherco,location,roaddescrp,schoolzone,constrzone,splimit,bikeinv,pedinv,sctrinv,motoinv,svrty,rdsystem,ttlvehcls,hcf
,2015_02511,39.777095,-104.882471,1/7/2015 17:17,17:17,1,0,0,CENTRAL PARK BLVD N & I-70,1,3,0,0,1,1,,,35,0,0,0,0,0,1,2,13
,2015_02512,39.777095,-104.882471,3/6/2015 18:45,18:45,1,0,0,CENTRAL PARK BLVD N & I-70 EB RAMPS,1,3,1,0,1,1,,,30,0,0,0,0,0,1,2,13
,2015_02514,39.776002,-104.870154,3/10/2015 9:10,9:10,15,0,5,I-70 & HAVANA ST N,1,1,0,0,1,4,,,55,0,0,0,0,3,1,5,3
,2015_02515,39.775623,-104.865778,2/26/2015 9:51,9:51,15,0,0,I-70 & HAVANA ST N,5,1,0,0,1,4,,,55,0,0,0,0,0,1,4,7
,2015_02516,39.775623,-104.865778,4/6/2015 7:47,7:47,12,0,0,I-70 & HAVANA ST N,1,1,1,0,1,4,,,55,0,0,0,0,0,1,3,13
,2015_02517,39.775623,-104.865778,11/5/2015 8:00,8:00,12,0,0,I-70 & HAVANA ST,2,1,0,0,1,4,,,55,0,0,0,0,0,1,2,16
,2015_02518,39.775193,-104.860795,2/27/2015 6:38,6:38,12,0,0,I-70 & HAVANA ST N,5,1,0,0,1,4,,,55,0,0,0,0,0,1,2,7
,2015_02519,39.774068,-104.847761,7/8/2015 14:50,14:50,12,0,0,I-70 EB OFF SLIP RAMP & PEORIA ST N,2,1,1,1,1,8,,,35,0,0,0,0,1,1,2,13
,2015_02520,39.775942,-104.869458,11/1/2015 1:05,1:05,8,0,2,I-70 & CENTRAL PARK BLVD N,1,3,0,0,1,4,,,55,0,0,0,0,3,1,3,5
,2015_02521,39.773607,-104.84234,5/5/2015 13:00,13:00,5,0,0,I-70 & PEORIA ST N,2,1,0,1,2,4,,,55,0,0,0,0,0,1,1,13
,2015_02522,39.773038,-104.835777,2/2/2015 6:41,6:41,5,0,0,I-70 & I-225 SB ON RAMP,5,2,0,0,2,4,,,55,0,0,0,0,0,1,1,7
,2015_02523,39.774005,-104.847034,12/5/2015 23:23,23:23,15,0,0,I-70 & PEORIA ST N,1,3,0,0,1,4,,,55,0,0,0,0,0,1,2,1
,2015_02550,39.698111,-104.902303,6/17/2015 14:05,14:05,3,0,1,PARKER RD 1000 BLK S & PRIV DRIVEWAY TO 950 S QUEBEC,1,1,1,0,1,2,,,,0,0,0,0,2,2,2,13
,2015_02551,39.700766,-104.909704,8/4/2015 13:26,13:26,15,0,0,LEETSDALE DR 6800 BLK E & ONEIDA ST S,1,1,1,0,1,4,,,40,0,0,0,0,0,2,2,3
,2015_02552,39.703914,-104.914688,2/20/2015 17:54,17:54,12,0,0,LEETSDALE DR & EXPOSITION AVE E,2,3,0,0,1,1,,,30,0,0,0,0,1,2,2,3
,2015_02564,39.719706,-105.025188,3/11/2015 10:45,10:45,12,0,0,FEDERAL BLVD N & 2ND AVE W,1,1,0,0,1,3,,,35,0,0,0,0,0,2,2,3
,2015_02565,39.702201,-105.025063,8/9/2015 21:01,21:01,12,0,0,OHIO AVE W & FEDERAL BLVD S,2,3,0,0,1,3,,,25,0,0,0,0,0,2,2,13
,2015_02567,39.701328,-105.025067,8/9/2015 20:20,20:20,12,0,3,FEDERAL BLVD S & ADA PL W,1,3,0,0,1,1,,,35,0,0,0,0,2,2,3,5
,2015_02569,39.696764,-105.025061,5/17/2015 11:15,11:15,3,0,0,FEDERAL BLVD S & MISSISSIPPI AVE W,1,1,0,0,1,1,,,40,0,0,0,0,0,2,2,13
,2015_02570,39.696764,-105.025061,7/13/2015 6:29,6:29,15,0,0,FEDERAL BLVD 1000 BLK S & MISSISSIPPI AVE W,1,1,0,0,1,4,,,40,0,0,0,0,0,2,2,13
,2015_02571,39.688649,-105.025049,4/14/2015 16:22,16:22,12,0,0,FEDERAL BLVD S & FLORIDA AVE W,1,1,1,1,1,4,,,40,0,0,0,0,1,2,3,5
,2015_02572,39.685944,-105.025024,2/16/2015 17:50,17:50,12,0,0,FEDERAL BLVD S & MEXICO AVE W,5,3,1,0,1,1,,,40,0,0,0,0,0,2,2,13
,2015_02573,0,0,6/23/2015 18:30,18:30,5,0,0,VASSAR AVE & 2681 W,1,1,1,0,2,3,,,25,0,0,0,0,0,4,1,5
,2015_02574,39.682418,-105.025017,10/30/2015 19:40,19:40,11,0,1,FEDERAL BLVD 1800 BLK S & JEWELL AVE W,1,3,0,0,1,4,,,,0,1,0,0,3,2,2,13
,2015_02581,39.695733,-105.053227,5/26/2015 19:49,19:49,3,0,0,SHERIDAN BLVD S & ARIZONA AVE W,1,2,0,0,1,2,,,35,0,0,0,0,0,2,2,14
,2015_02585,39.733137,-105.053226,6/18/2015 12:59,12:59,5,0,0,SHERIDAN BLVD & 1000 BLK N SHERIDAN BLVD,1,1,1,0,1,4,,,35,0,0,0,0,0,2,1,13
,2015_02586,39.736695,-105.053218,4/28/2015 7:54,7:54,12,0,0,SHERIDAN BLVD 1300 BLK N & 13TH AVE W,1,1,0,0,1,4,,,35,0,0,0,0,0,2,2,14
,2015_02587,39.736987,-105.053217,2/3/2015 14:52,14:52,12,0,0,SHERIDAN BLVD & 1300 BLK N,1,1,1,0,1,4,,,35,0,0,0,0,0,2,2,13
,2015_02588,39.738453,-105.053214,4/2/2015 11:51,11:51,12,0,0,SHERIDAN BLVD 1400 BLK N & 14TH AVE W,1,1,0,0,1,1,,,35,0,0,0,0,0,2,3,14
,2015_02589,39.739957,-105.053211,6/7/2015 7:44,7:44,12,0,0,SHERIDAN BLVD N & COLFAX AVE W,1,1,0,0,1,4,,,35,0,0,0,0,1,2,2,13
,2015_02590,0,0,6/26/2015 16:00,16:00,3,0,0,20TH ST & LINCOLN AVE,1,1,0,0,1,1,,,30,0,0,0,0,0,4,2,13
,2015_02592,39.754865,-105.053244,3/23/2015 17:45,17:45,12,0,0,26TH AVE W & SHERIDAN BLVD N,1,1,0,0,1,1,,,35,0,0,0,0,0,2,2,13
,2015_02595,39.776355,-105.05325,7/14/2015 14:15,14:15,15,0,1,SHERIDAN BLVD 4300 N & 44TH AVE W,1,1,0,0,1,3,,,35,0,0,0,0,2,2,2,7
,2015_02601,0,0,2/19/2015 11:30,11:30,3,0,0,23RD AVE E & BIRCH ST N,1,1,0,1,1,1,,,30,0,0,0,0,0,4,2,16
,2015_02624,39.635523,-104.89346,1/10/2015 23:13,23:13,1,0,0,S TAMARAC ST & I-225 SB ON RAMP,1,3,0,0,1,1,,,35,0,0,0,0,0,1,2,13
,2015_02625,39.635523,-104.89346,5/13/2015 8:30,8:30,1,0,0,TAMARAC ST S & I-225 NB RAMPS,1,1,0,0,1,1,,,35,0,0,0,0,1,1,3,1
,2015_02628,0,0,10/9/2015 20:00,20:00,5,0,0,47TH DR & 7000 BLK E,1,4,0,0,3,4,,,25,0,0,0,0,0,4,1,5
,2015_02631,39.783116,-104.900964,1/25/2015 7:00,7:00,5,0,0,I-270 & I-70,1,2,0,0,3,4,,,55,0,0,0,0,0,1,1,13
,2015_02632,39.77685,-104.890146,5/2/2015 16:27,16:27,5,1,0,I-270 & CENTRAL PARK BLVD EB ON RAMP ENT PT,1,1,1,0,3,4,,,55,0,0,0,0,4,1,1,15
,2015_02636,0,0,8/5/2015 14:17,14:17,5,0,0,ALAMEDA AVE E & MONACO ST S,1,1,0,7,3,1,,,30,0,0,0,0,1,4,1,3
,2015_02645,39.763356,-105.025165,4/18/2015 9:55,9:55,12,0,0,FEDERAL BLVD N & 33RD AVE W,1,1,0,0,1,4,,,35,0,0,0,0,0,2,2,13
,2015_02646,39.74335,-105.025211,5/1/2015 13:39,13:39,8,0,0,FEDERAL BLVD & 1600 BLK S,1,1,1,0,1,4,,,40,0,0,0,0,0,2,2,13
,2015_02647,39.75855,-105.025134,6/20/2015 15:42,15:42,3,0,1,29TH AVE W & FEDERAL BLVD N,1,1,0,0,1,1,,,35,0,0,0,0,2,2,3,13
,2015_02649,0,0,10/10/2015 2:30,2:30,5,0,0,20TH ST & MARKET ST,1,3,0,0,3,1,,,35,0,0,0,0,0,4,1,13
,2015_02811,0,0,1/12/2015 17:54,17:54,11,0,1,6TH AVE E & BROADWAY ST N,1,3,0,0,1,1,,,30,0,1,0,0,2,4,2,13
,2015_02822,0,0,3/1/2015 12:15,12:15,15,0,0,5TH AVE E & KRAMERIA ST N,4,1,0,0,1,1,,,25,0,0,0,0,0,4,2,13
,2015_02823,0,0,2/11/2015 7:56,7:56,12,0,0,8TH AVE & 900 BLK W,2,1,0,0,1,4,,,30,0,0,0,0,0,4,2,13
,2015_02824,0,0,6/8/2015 18:55,18:55,15,0,0,8TH AVE E & QUEBEC ST N,1,1,0,0,1,1,,,35,0,0,0,0,0,4,2,10
,2015_02825,0,0,11/5/2015 6:30,6:30,3,0,0,7TH AVE W & KALAMATH ST N,1,1,0,0,1,1,,,35,0,0,0,0,0,4,2,14
,2015_02826,0,0,7/15/2015 7:50,7:50,2,0,1,16TH AVE E & PARK AVE,1,1,0,0,1,1,,,30,1,0,0,0,2,4,2,13
,2015_02827,0,0,6/7/2015 19:29,19:29,2,0,1,16TH AVE E & PENNSYLVANIA ST N,1,1,0,0,1,3,,,35,1,0,0,0,2,4,2,13
,2015_02828,0,0,3/6/2015 17:05,17:05,1,0,0,17TH AVE E & PARK AVE,1,1,1,7,1,1,,,30,0,0,0,0,0,4,2,16
,2015_02829,0,0,4/21/2015 14:35,14:35,1,0,0,17TH AVE E & PEARL ST N,1,1,0,7,1,1,,,25,0,0,0,0,0,4,2,16
,2015_02830,0,0,4/15/2015 19:50,19:50,6,0,0,17TH AVE 1900 BLK E & RACE ST N,1,3,0,7,1,4,,,30,0,0,0,0,0,4,2,7
,2015_02831,0,0,2/25/2015 13:30,13:30,15,0,0,18TH AVE & 2200 BLK E,2,1,1,2,1,4,,,30,0,0,0,0,1,4,2,13
,2015_02832,0,0,1/4/2015 13:00,13:00,3,0,0,W 18TH AVE & JULIAN ST N,4,1,1,7,1,1,,,25,0,0,0,0,0,4,2,16
,2015_02833,0,0,7/21/2015 14:50,14:50,3,0,0,29TH AVE W & BRYANT ST N,2,1,0,1,1,2,,,35,0,0,0,0,0,4,2,13
,2015_02834,0,0,3/20/2015 9:45,9:45,15,0,0,32ND AVE & 4000 BLK E,1,1,1,0,1,4,,,35,0,0,0,0,0,4,2,7
,2015_02835,0,0,5/13/2015 9:57,9:57,3,0,0,32ND AVE E & MONACO ST N,1,1,0,7,1,1,,,35,0,0,0,0,0,4,2,7
,2015_02836,0,0,2/3/2015 16:25,16:25,12,0,0,33RD AVE E & DOWNING ST N,1,1,0,7,1,4,,,30,0,0,0,0,0,4,2,16
,2015_02837,0,0,12/28/2015 22:43,22:43,12,0,0,26TH AVE W & NEWTON ST N,5,3,0,0,1,4,,,30,0,0,0,0,0,4,2,5
,2015_02838,0,0,3/5/2015 7:30,7:30,1,0,0,34TH AVE E & RACE ST N,1,1,0,7,1,1,,,30,0,0,0,0,0,4,2,7
,2015_02839,0,0,3/11/2015 15:40,15:40,3,0,0,35TH AVE W & IRVING ST N,1,1,0,0,1,1,,,25,0,0,0,0,1,4,3,3
,2015_02840,0,0,1/28/2015 12:35,12:35,3,0,0,35TH AVE E & PONTIAC ST N,1,1,0,7,1,1,,,30,0,0,0,0,1,4,2,16
,2015_02841,0,0,7/7/2015 17:22,17:22,3,0,0,36TH AVE & 7500 BLK E,1,1,0,0,1,2,,,,0,0,0,0,0,4,2,13
,2015_02842,0,0,7/2/2015 23:29,23:29,15,0,0,38TH AVE 2700 BLK W & DECATUR ST N,1,3,0,7,1,4,,,35,0,0,0,0,0,4,2,16
,2015_02843,0,0,2/23/2015 7:55,7:55,3,0,0,38TH AVE W & OSCEOLA ST N,5,1,0,0,1,1,,,35,0,0,0,0,0,4,2,13
,2015_02844,0,0,7/24/2015 16:44,16:44,1,0,0,38TH AVE W & PECOS ST N,1,1,0,7,1,1,,,35,0,0,0,0,0,4,2,16
,2015_02845,0,0,2/17/2015 18:09,18:09,1,0,0,40TH AVE E & ANDREWS DR E,1,3,0,7,1,1,,,40,0,0,0,0,0,4,2,16
,2015_02846,0,0,8/28/2015 14:13,14:13,6,0,0,40TH AVE 3900 BLK E & 41ST AVE E,1,1,0,7,1,3,,,35,0,0,0,0,0,4,2,1
,2015_02847,0,0,1/1/2015 6:23,6:23,12,0,0,40TH AVE E & YORK ST N,5,3,1,7,1,3,,,35,0,0,0,0,0,4,2,16
,2015_02848,0,0,2/16/2015 17:21,17:21,5,0,0,48TH AVE W & FOX ST N,5,2,2,0,2,3,,,35,0,0,0,0,0,4,1,13
,2015_02849,0,0,4/23/2015 14:55,14:55,3,0,1,50TH AVE W & LOWELL BLVD N,1,1,0,7,1,1,,,25,0,0,0,0,2,4,2,16
,2015_02850,0,0,7/1/2015 9:30,9:30,5,0,0,51ST AVE & 4200 BLK W,1,1,1,0,2,5,,,15,0,0,0,0,0,4,1,7
,2015_02851,0,0,5/6/2015 16:40,16:40,3,0,0,51ST AVE E & TOWER RD N,1,1,0,0,1,1,,,35,0,0,0,0,0,4,2,13
,2015_02852,0,0,2/5/2015 16:51,16:51,1,0,0,56TH AVE E & HAVANA ST N,1,2,1,7,1,1,,,45,0,0,0,0,0,4,2,16
,2015_02853,0,0,4/23/2015 18:34,18:34,3,0,2,56TH AVE E & PENA BLVD,1,1,0,0,1,1,,,40,0,0,0,0,2,4,2,7
,2015_02854,0,0,6/8/2015 7:45,7:45,15,0,0,56TH AVE E & PENA BLVD,1,1,0,0,1,3,,,45,0,0,0,0,0,4,2,13
,2015_02855,0,0,2/13/2015 14:41,14:41,12,0,0,ALAMEDA AVE W & BROADWAY ST S,1,1,0,7,1,4,,,30,0,0,0,0,0,4,2,3
,2015_02857,0,0,4/18/2015 13:05,13:05,2,0,1,ALAMEDA AVE E & BROADWAY ST S,1,1,0,0,1,4,,,30,1,0,0,0,3,4,2,13
,2015_02858,0,0,4/7/2015 15:54,15:54,1,0,1,ALAMEDA AVE W & CHEROKEE ST S,1,1,0,7,1,1,,,30,0,0,0,0,2,4,2,16
,2015_02859,0,0,5/5/2015 6:15,6:15,3,0,1,ALAMEDA AVE E & DAHLIA ST S,1,2,0,7,1,1,,,35,0,0,0,0,2,4,2,1
,2015_02860,0,0,3/4/2015 18:56,18:56,1,0,0,ALAMEDA AVE E & HOLLY ST S,1,3,0,7,1,1,,,35,0,0,0,0,0,4,2,16
,2015_02862,0,0,2/28/2015 1:30,1:30,6,0,0,BLAKE ST & 1900 BLK,4,3,0,0,1,4,,,25,0,0,0,0,0,4,2,5
,2015_02863,0,0,6/13/2015 17:20,17:20,9,0,0,BOLLING DR 16300 BLK E & AIRPORT WAY N,1,1,0,7,1,4,,,35,0,0,0,0,0,4,1,16
,2015_02864,0,0,3/15/2015 20:59,20:59,6,0,0,BONNIE BRAE BLVD 700 BLK S & ELIZABETH ST S,1,3,0,7,1,4,,,25,0,0,0,0,0,4,2,3
,2015_02865,0,0,11/9/2015 20:19,20:19,6,0,0,ASBURY AVE & 5300 BLK E,1,1,1,7,1,4,,,,0,0,0,0,0,4,2,16
,2015_02866,0,0,3/22/2015 11:05,11:05,15,0,0,BROOK DR 2700 BLK S & YALE AVE E,1,1,1,0,1,4,,,25,0,0,0,0,0,4,2,8
,2015_02867,0,0,4/29/2015 15:00,15:00,3,0,0,BYRON PL W & SHERIDAN BLVD N,1,1,0,7,1,5,,,10,0,0,0,0,0,4,2,12
,2015_02868,0,0,7/17/2015 1:05,1:05,6,0,0,CALIFORNIA ST & 2710 CALIFORNIA ST,1,3,0,7,1,4,,,25,0,0,0,0,0,4,3,14
,2015_02869,0,0,9/24/2015 18:24,18:24,6,0,0,BROADWAY ST 500 BLK N & 6TH AVE,1,2,0,7,1,4,,,35,0,0,0,0,0,4,3,14
,2015_02870,0,0,11/26/2015 15:32,15:32,10,0,0,BRUCE RANDOLPH AVE E & YORK ST N,4,1,0,2,1,1,,,30,0,0,0,0,0,4,2,14
,2015_02871,0,0,6/23/2015 12:43,12:43,12,0,0,CEDAR AVE 900 BLK W & KALAMATH ST S,1,1,0,0,1,3,,,25,0,0,0,0,0,4,2,14
,2015_02872,0,0,5/26/2015 11:52,11:52,12,0,0,CENTRAL PARK BLVD N & 40TH AVE E,1,1,0,7,1,3,,,35,0,0,0,0,0,4,2,3
,2015_02873,0,0,1/23/2015 7:15,7:15,3,0,0,CHAMBERS RD N & MAXWELL PL,1,1,0,0,1,1,,,35,0,0,0,0,0,4,2,13
,2015_02874,0,0,2/28/2015 0:22,0:22,6,0,0,CHAMPA ST 1400 BLK & 14TH ST,5,3,0,7,2,4,,,25,0,0,0,0,0,4,2,1
,2015_02875,0,0,7/30/2015 9:44,9:44,6,0,0,CHERRY SST 2100 BLK N & E 22ND AVE,1,1,1,7,1,2,,,,0,0,0,0,0,4,2,16
,2015_02876,0,0,4/24/2015 16:17,16:17,12,0,0,CHERRY CREEK DR S E & UNIVERSITY BLVD N,1,1,1,7,1,3,,,30,0,0,0,0,0,4,3,16
,2015_02877,0,0,2/4/2015 7:35,7:35,15,0,0,CLARKSON ST N & 6TH AVE E,5,1,0,2,1,4,,,25,0,0,0,0,0,4,2,13
,2015_02878,0,0,5/13/2015 8:40,8:40,6,0,0,CROWN BLVD 5300 BLK & 54TH AVE E,1,1,0,7,1,4,,,25,0,0,0,0,0,4,2,16
,2015_02879,0,0,4/9/2015 22:15,22:15,6,0,0,29TH DR 10400 BLK E & IOLA ST N,1,3,1,7,1,4,,,30,0,0,0,0,0,4,2,16
,2015_02880,0,0,3/27/2015 18:00,18:00,3,0,0,DARTMOUTH AVE 10700 BLK E & JAMAICA CT S,1,3,0,7,1,1,,,30,0,0,0,0,1,4,3,16
,2015_02881,0,0,4/10/2015 2:01,2:01,6,0,1,DOWNING ST & 2500 BLK N,1,3,0,0,3,4,,,30,0,0,0,0,2,4,3,5
,2015_02882,0,0,1/5/2015 17:55,17:55,3,0,0,DOWNING ST S & BUCHTEL BLVD E,2,3,1,7,1,1,,,35,0,0,0,0,0,4,2,8
,2015_02883,0,0,8/9/2015 20:53,20:53,3,0,0,DOWNING ST N & SPEER BLVD E,2,3,0,1,1,1,,,30,0,0,0,0,1,4,2,16
,2015_02884,0,0,3/11/2015 16:55,16:55,12,0,0,DTC BLVD S & TUFTS AVE E,1,1,0,7,1,4,,,35,0,0,0,0,1,4,2,3
,2015_02885,0,0,1/7/2015 16:21,16:21,1,0,0,DTC BLVD S & UNION AVE E,1,1,0,7,1,1,,,40,0,0,0,0,1,4,3,8
,2015_02886,0,0,2/18/2015 16:50,16:50,12,0,0,DTC BL 4700 BLK S & UNION AVE E,1,1,0,2,1,3,,,35,0,0,0,0,0,4,2,16
,2015_02887,0,0,1/11/2015 17:06,17:06,3,0,0,EMERSON ST S & LOUISIANA AVE E,1,2,0,7,1,1,,,25,0,0,0,0,0,4,2,16
,2015_02888,0,0,7/20/2015 21:16,21:16,3,0,0,EVAMS AVE E & WILLIAMS ST S,1,3,0,7,1,1,,,25,0,0,0,0,0,4,2,16
,2015_02889,0,0,6/13/2015 8:32,8:32,10,0,0,EVANS AVE & 4500 BLK E,1,1,0,0,1,3,,,35,0,0,0,0,0,4,2,13
,2015_02892,0,0,7/16/2015 12:29,12:29,1,0,0,EVANS AVE W & BANNOCK ST S,1,1,0,7,1,1,,,30,0,0,0,0,1,4,2,3
,2015_02893,0,0,3/27/2015 17:49,17:49,12,0,0,EVANS AVE 4400 BLK E & BIRCH ST S,1,1,0,7,1,3,,,30,0,0,0,0,0,4,2,1
,2015_02894,0,0,12/24/2015 22:35,22:35,6,0,0,EATON WAY & 2855 S,1,4,0,7,1,4,,,20,0,0,0,0,0,4,2,16
,2015_02895,0,0,2/8/2015 1:40,1:40,6,0,0,EVANS AVE W & DEPEW ST S,1,3,0,7,1,1,,,25,0,0,0,0,0,4,2,5
,2015_02896,0,0,11/22/2015 22:00,22:00,5,0,1,NEW CASTLE ST 7500 BLK & PENA BLVD,8,3,0,0,1,4,,,35,0,0,0,1,2,4,1,14
,2015_02897,0,0,5/6/2015 17:34,17:34,12,0,0,FLORIDA AVE 4200 W & STUART ST S,2,1,0,1,1,4,,,35,0,0,0,0,0,4,2,16
,2015_02898,0,0,1/21/2015 19:35,19:35,14,0,3,FLORIDA AVE W & WOLCOTT WAY S,5,3,0,2,1,1,,,30,0,0,0,0,3,4,2,1
,2015_02899,0,0,7/22/2015 0:39,0:39,6,0,0,FRANKLIN ST S & 2129,1,3,0,0,1,4,,,30,0,0,0,0,0,4,2,2
,2015_02900,0,0,12/30/2015 8:50,8:50,12,0,0,GVR BLVD 17600 BLK E & GVR BLVD E,1,1,0,0,1,4,,,40,0,0,0,0,0,4,2,14
,2015_02901,0,0,1/4/2015 3:32,3:32,6,0,0,HAZEL CT & 21 N,4,3,1,0,1,4,,,25,0,0,0,0,0,4,2,5
,2015_02902,0,0,2/4/2015 8:00,8:00,5,0,0,HIMALAYA RD 4600 BLK N & 47TH AVE E,4,1,1,2,3,4,,,35,0,0,0,0,0,4,1,16
,2015_02903,0,0,10/31/2015 23:51,23:51,11,0,1,HAZEL CT S & JEWELL AVE W,1,3,0,0,1,4,,,,0,1,0,0,2,4,2,14
,2015_02904,0,0,5/6/2015 5:06,5:06,15,0,0,HURON ST S & MISSISSIPPI AVE W,1,1,0,0,1,3,,,25,0,0,0,0,0,4,2,2
,2015_02905,0,0,1/14/2015 17:25,17:25,1,0,0,IRVING ST S & FLORIDA AVE W,1,3,0,0,1,1,,,25,0,0,0,0,0,4,2,1
,2015_02906,0,0,1/26/2015 18:00,18:00,12,0,0,JEWELL AVE & 5000 BLK W,1,3,0,0,1,4,,,35,0,0,0,0,0,4,2,13
,2015_02908,0,0,7/16/2015 17:43,17:43,3,0,0,JEWELL AVE W & XAVIER ST S,1,1,0,7,1,1,,,35,0,0,0,0,0,4,2,16
,2015_02909,0,0,1/20/2015 17:25,17:25,6,0,0,JOSEPHINE ST & 644 BLK N,4,2,0,2,1,4,,,25,0,0,0,0,0,4,2,13
,2015_02910,0,0,7/3/2015 16:37,16:37,6,0,0,KALAMATH ST & 1000 BLK N,1,1,1,0,3,4,,,30,0,0,0,0,0,4,4,3
,2015_02911,0,0,1/2/2015 16:20,16:20,6,0,0,KEARNEY ST 500 N & KRAMERIA ST N,4,2,1,0,1,1,,,25,0,0,0,0,0,4,2,13
,2015_02912,0,0,6/15/2015 15:05,15:05,15,0,0,LINCOLN ST & 1400 BLK N,1,1,0,0,1,4,,,30,0,0,0,0,0,4,2,13
,2015_02913,0,0,3/7/2015 17:25,17:25,3,0,0,LINCOLN ST N & 8TH AVE E,1,1,0,0,1,3,,,30,0,0,0,0,1,4,2,3
,2015_02915,0,0,1/14/2015 13:36,13:36,15,0,0,LOUISIANA AVE 1200 BLK E & DOWNING ST S,1,1,0,0,1,3,,,25,0,0,0,0,0,4,2,13
,2015_02916,0,0,9/11/2015 20:40,20:40,6,0,0,LINCOLN ST 1400 BLK S & FLORIDA AVE E,1,4,1,0,1,4,,,25,0,0,0,0,0,4,2,5
,2015_02917,0,0,9/14/2015 7:08,7:08,15,0,0,LOGAN ST 700 BLK N & 7TH AVE E,1,1,1,0,1,4,,,30,0,0,0,0,0,4,2,13
,2015_02918,0,0,3/20/2015 7:50,7:50,3,0,0,MISSISSIPPI AVE W & CLAY ST,1,1,0,7,1,1,,,30,0,0,0,0,0,4,2,16
,2015_02919,0,0,10/30/2015 12:38,12:38,12,0,0,MISSISSIPPI AVE W & HURON ST S,1,1,0,0,1,1,,,30,0,0,0,0,0,4,3,1
,2015_02920,0,0,2/5/2015 13:44,13:44,1,0,0,MONACO ST S & CHERRY CREEK DR N E,1,1,0,7,1,1,,,35,0,0,0,0,0,4,2,16
,2015_02921,0,0,6/17/2015 13:47,13:47,2,0,1,MONTVIEW BLVD 4200 BLK E & N ASH ST,1,1,0,0,1,1,,,30,1,0,0,0,2,4,2,13
,2015_02922,0,0,5/16/2015 22:30,22:30,6,0,0,MORRISON RD & 5100 BLK,1,3,0,0,1,4,,,30,0,0,0,0,0,4,2,5
,2015_02923,0,0,9/5/2015 10:01,10:01,6,0,0,MONROE ST & 1300 BLK N,1,1,0,7,1,4,,,25,0,0,0,0,0,4,2,16
,2015_02925,0,0,1/23/2015 14:30,14:30,3,0,0,OSCEOLA ST S & MORRISON RD,1,1,0,0,1,3,,,35,0,0,0,0,1,4,2,7
,2015_02926,0,0,5/4/2015 15:19,15:19,3,0,1,28TH PL E & IOLA ST N,2,1,0,1,1,1,,,25,0,0,0,0,2,4,3,8
,2015_02927,0,0,2/23/2015 14:23,14:23,3,0,0,PARK AVE W & GLENARM PL,6,1,0,2,1,1,,,20,0,0,0,0,1,4,2,14
,2015_02928,0,0,3/21/2015 16:38,16:38,12,0,0,PARK AVE W 3400 BLK & GLOBEVILLE RD N,1,1,1,7,1,4,,,45,0,0,0,0,0,4,2,16
,2015_02929,0,0,11/20/2015 23:50,23:50,12,0,0,PEORIA ST 4800 BLK N & ANDREWS DR,5,3,0,2,1,1,,,35,0,0,0,0,0,4,2,1
,2015_02930,0,0,12/15/2015 14:18,14:18,15,0,0,QUEBEC ST 700 BLK S & EXPOSITION AVE E,4,1,0,2,1,4,,,30,0,0,0,0,0,4,2,5
,2015_02931,0,0,6/3/2015 14:54,14:54,12,0,0,QUEBEC ST 1600 BLK N & 17TH AVE E,1,1,0,7,1,3,,,30,0,0,0,0,0,4,2,3
,2015_02932,0,0,1/7/2015 18:04,18:04,10,0,0,QUEBEC ST 3500 BLK N & 35TH AVE E,1,2,0,0,1,1,,,30,0,0,0,0,1,4,2,13
,2015_02933,0,0,3/10/2015 10:30,10:30,15,0,0,QUEBEC ST 200 BLK S & ALAMEDA AVE E,1,1,0,0,1,3,,,30,0,0,0,0,1,4,2,13
,2015_02934,0,0,1/6/2015 7:10,7:10,8,0,0,QUEBEC ST 2900 BLK S & DARTMOUTH AVE E,5,2,0,0,1,4,,,30,0,0,0,0,0,4,2,1
,2015_02935,0,0,5/9/2015 14:35,14:35,15,0,0,14TH ST & CURTIS ST,2,1,0,1,1,1,,,25,0,0,0,0,0,4,2,8
,2015_02936,0,0,4/25/2015 18:30,18:30,12,0,0,20TH ST & CHESTNUT ST,1,1,2,7,1,1,,,35,0,0,0,0,1,4,2,5
,2015_02937,0,0,3/1/2015 19:04,19:04,12,0,0,20TH ST & LAWRENCE ST,6,3,0,2,1,4,,,30,0,0,0,0,0,4,2,13
,2015_02938,0,0,12/18/2015 22:25,22:25,11,0,0,20TH ST & BLAKE ST,1,3,0,0,1,1,,,,0,1,0,0,1,4,2,13
,2015_02940,0,0,7/10/2015 13:17,13:17,15,0,0,SANTA FE DR 300 BLK S & ALAMEDA AVE W,1,1,0,7,1,1,,,25,0,0,0,0,0,4,2,16
,2015_02941,0,0,3/11/2015 16:21,16:21,3,0,1,SEVERN PL 6200 BLK E & KRAMERIA ST N,1,1,0,7,1,1,,,30,0,0,0,0,2,4,2,16
,2015_02942,0,0,3/24/2015 17:00,17:00,15,0,0,SPEER BLVD 300 BLK E & LOGAN ST N,1,1,0,0,1,4,,,30,0,0,0,0,0,4,2,15
,2015_02943,0,0,5/25/2015 16:17,16:17,12,0,0,SPEER BLVD 1800 N & WEWATTA ST,1,1,1,7,1,4,,,35,0,0,0,0,1,4,3,16
,2015_02944,0,0,12/12/2015 13:53,13:53,12,0,0,SPEER BLVD N & 8TH ST W,2,1,0,2,1,1,,,35,0,0,0,0,0,4,3,13
,2015_02945,0,0,11/11/2015 11:00,11:00,15,0,0,SPEER BLVD N & WEWATTA ST,2,1,0,0,1,1,,,35,0,0,0,0,0,4,2,13
,2015_02946,0,0,7/21/2015 15:17,15:17,3,0,0,SYRACUSE ST N & 35TH AVE E,1,1,0,7,1,1,,,,0,0,0,0,0,4,2,16
,2015_02947,0,0,8/1/2015 18:45,18:45,3,0,0,TAMARAC ST 4400 S & I-225 SB RAMPS,1,1,0,0,1,2,,,10,0,0,0,0,0,4,2,3