id,drcog_id,latitude,longitude,crashtime,time,crashtype,numbkilled,numbinjurd,drcoglocat,rdconditin,lightngcon,roadcntgrd,weatherco,location,roaddescrp,schoolzone,constrzone,splimit,bikeinv,pedinv,sctrinv,motoinv,svrty,rdsystem,ttlvehcls,hcf
,2015_02948,0,0,1/7/2015 9:20,9:20,6,0,0,TEJON ST & 5100 N,5,1,0,2,1,4,,,25,0,0,0,0,0,4,2,13
,2015_02949,0,0,6/13/2015 21:13,21:13,6,0,0,TEJON ST 3700 BLK N & 38TH AVE W,1,3,0,7,1,4,,,30,0,0,0,0,0,4,2,16
,2015_02950,0,0,7/25/2015 12:54,12:54,12,0,0,UNIVERSITY BLVD & 2000 BLK S,1,1,0,0,1,4,,,35,0,0,0,0,0,4,5,3
,2015_02953,0,0,12/12/2015 10:50,10:50,12,0,0,TOWER RD N & 43RD AVE E,2,1,0,2,1,4,,,40,0,0,0,0,1,4,3,13
,2015_02954,0,0,3/27/2015 17:10,17:10,12,0,0,WASHINGTON ST & 5000 BLK N,1,1,1,0,1,4,,,35,0,0,0,0,1,4,2,13
,2015_02955,0,0,7/4/2015 13:45,13:45,2,0,1,WASHINGTON ST N & 47TH AVE E,1,1,0,0,1,2,,,30,1,0,0,0,2,4,2,14
,2015_02956,0,0,6/2/2015 17:26,17:26,11,0,1,WELTON ST & 26TH ST,1,1,0,0,1,1,,,30,0,1,0,0,2,4,2,13
,2015_02957,0,0,8/19/2015 13:06,13:06,2,0,1,WAZEE ST 1600 BLK & 17TH ST,1,1,0,0,1,2,,,10,1,0,0,0,2,4,2,13
,2015_02958,0,0,11/11/2015 3:14,3:14,12,0,0,VIRGINIA AVE W & PERRY ST S,6,3,0,2,1,4,,,25,0,0,0,0,0,4,2,9
,2015_02959,0,0,5/22/2015 6:45,6:45,12,0,0,YORK ST & 1500 BLK N,2,1,0,1,1,4,,,30,0,0,0,0,0,4,2,7
,2015_02960,0,0,3/10/2015 16:49,16:49,3,0,0,ZUNI ST N & 29TH AVE W,1,1,1,7,1,1,,,30,0,0,0,0,0,4,2,16
,2015_03080,39.682961,-104.940372,1/17/2015 18:55,18:55,1,0,0,COLORADO BLVD S & I-25,1,3,1,0,1,1,,,35,0,0,0,0,0,2,3,3
,2015_03081,39.678409,-104.940629,10/19/2015 20:53,20:53,12,0,0,EVANS AVE E & COLORADO BLVD S,1,3,0,0,1,1,,,35,0,0,0,0,1,2,2,5
,2015_03082,39.683194,-104.940381,5/19/2015 17:30,17:30,15,0,0,COLORADO BLVD S & I-25 NB ON RAMP,1,1,1,0,1,3,,,35,0,0,0,0,0,2,2,13
,2015_03083,39.687563,-104.940549,4/25/2015 14:16,14:16,12,0,0,COLORADO BLVD S & IOWA AVE E,1,1,1,0,1,4,,,35,0,0,0,0,0,2,2,3
,2015_03084,39.692853,-104.94055,2/20/2015 13:55,13:55,12,0,0,COLORADO BLVD 1300 BLK S & LOUISIANA AVE E,1,1,0,0,1,3,,,35,0,0,0,0,0,2,2,13
,2015_03085,39.692997,-104.94055,8/1/2015 12:30,12:30,12,0,0,S COLO BLVD & E LOUISIANA AVE,1,1,1,7,1,1,,,35,0,0,0,0,0,2,3,16
,2015_03086,39.714614,-104.940629,4/26/2015 10:07,10:07,1,0,0,COLORADO BLVD S & BAYAUD AVE E,2,1,1,1,1,1,,,30,0,0,0,0,0,2,2,13
,2015_03090,39.72542,-105.025174,4/8/2015 7:12,7:12,12,0,0,6TH AVE W & FEDERAL BLVD N,1,1,0,0,1,4,,,55,0,0,0,0,0,2,3,8
,2015_03091,39.725516,-105.013084,6/23/2015 17:03,17:03,12,0,0,6TH AVE W & I-25,1,1,0,0,1,4,,,55,0,0,0,0,0,2,2,1
,2015_03115,39.628413,-104.904125,5/6/2015 16:05,16:05,12,0,0,I-25 & UNION AVE E,2,1,0,1,1,4,,,65,0,0,0,0,0,1,2,14
,2015_03116,39.634235,-104.90683,1/4/2015 23:00,23:00,5,0,0,I-25 & I-225,5,3,1,0,2,8,,,50,0,0,0,0,0,1,1,3
,2015_03120,39.690017,-104.973363,3/20/2015 14:22,14:22,12,0,0,I-25 & DOWNING ST S,1,1,0,0,1,4,,,65,0,0,0,0,0,1,2,4
,2015_03121,39.697473,-104.982744,8/11/2015 15:38,15:38,12,0,0,I-25 & LOGAN ST S,1,1,0,0,1,4,,,55,0,0,0,0,0,1,2,13
,2015_03122,39.71124,-104.998918,10/3/2015 18:50,18:50,12,0,0,I-25 & ALAMEDA AVE W,1,2,0,0,1,4,,,55,0,0,0,0,0,1,2,14
,2015_03123,39.701452,-104.987435,4/12/2015 23:00,23:00,1,0,0,BROADWAY S & I-25 SB ON RAMP,1,3,0,0,1,1,,,35,0,0,0,0,1,1,2,8
,2015_03124,39.703508,-104.991216,1/7/2015 9:55,9:55,12,0,0,I-25 & SANTA FE DR S,5,1,1,0,1,4,,,55,0,0,0,0,1,1,2,13
,2015_03125,39.709874,-104.998115,3/6/2015 21:45,21:45,15,0,0,I-25 NB ON RAMP GORE PT & SANTA FE DR N,1,3,1,0,1,8,,,45,0,0,0,0,1,1,2,1
,2015_03126,39.71124,-104.998918,3/28/2015 10:09,10:09,12,0,0,I-25 & ALAMEDA AVE W,1,1,1,0,1,4,,,55,0,0,0,0,0,1,2,13
,2015_03127,39.712124,-104.999443,2/12/2015 20:57,20:57,12,0,0,I-25 & ALAMEDA AVE W,1,3,0,0,1,4,,,55,0,0,0,0,0,1,1,13
,2015_03128,39.72543,-105.013021,4/3/2015 9:58,9:58,12,0,0,I-25 & 6TH AVE W,1,1,0,0,1,4,,,55,0,0,0,0,1,1,3,13
,2015_03129,39.72543,-105.013021,7/9/2015 12:17,12:17,15,0,0,I-25 & 6TH AVE W,1,1,0,0,1,4,,,55,0,0,0,0,0,1,2,3
,2015_03130,39.729334,-105.014821,3/30/2015 16:20,16:20,12,0,0,I-25 & 8TH AVE W,1,1,0,0,1,4,,,55,0,0,0,0,0,1,2,13
,2015_03131,39.731033,-105.015399,5/9/2015 3:20,3:20,5,0,0,I-25 & MM 209,2,3,0,1,2,4,,,55,0,0,0,0,0,1,1,5
,2015_03132,39.731033,-105.015399,2/28/2015 8:45,8:45,5,0,0,I-25 SB OFF RAMP & EXIT 209C,1,1,0,0,2,4,,,55,0,0,0,0,1,1,1,5
,2015_03133,39.732311,-105.015587,3/13/2015 14:39,14:39,12,0,0,I-25 & MULBERRY PL W,1,1,1,0,1,4,,,55,0,0,0,0,0,1,2,13
,2015_03134,39.734691,-105.015022,3/7/2015 20:15,20:15,15,0,0,I-25 & COLFAX AVE W NB OFF RAMP,1,3,0,0,1,4,,,55,0,0,0,0,0,1,2,3
,2015_03135,39.743467,-105.016086,7/5/2015 3:45,3:45,12,0,0,I-25 & 17TH AVE W,1,3,0,0,1,4,,,55,0,0,0,0,0,1,2,13
,2015_03136,39.746806,-105.018163,2/12/2015 19:22,19:22,12,0,0,I-25 & 17TH AVE W,1,3,0,0,1,4,,,55,0,0,0,0,0,1,2,7
,2015_03137,39.751291,-105.016572,4/13/2015 18:24,18:24,5,0,0,23RD AVE W & I-25 NB ON RAMP,1,1,0,0,3,1,,,35,0,0,0,0,0,1,1,7
,2015_03138,39.740506,-105.013959,10/13/2015 19:23,19:23,11,0,1,I-25 NB ON RAMP & COLFAX AVE W,1,4,0,0,1,8,,,,0,1,0,0,3,1,2,16
,2015_03140,39.77571,-104.989218,6/21/2015 9:20,9:20,15,0,0,I-25 & I-70,1,1,0,0,1,4,,,55,0,0,0,0,0,1,2,5
,2015_03141,39.779391,-104.989165,7/14/2015 8:20,8:20,12,0,0,I-25 & I-70,1,1,0,0,1,4,,,55,0,0,0,0,0,1,2,7
,2015_03153,39.653078,-104.896846,3/17/2015 22:44,22:44,10,0,0,HAMPDEN AVE 8000 BLK E & TAMARAC DR S,1,3,0,0,1,4,,,35,0,0,0,0,0,2,2,13
,2015_03154,39.653025,-104.88149,7/2/2015 8:57,8:57,14,0,0,HAMPDEN AVE E & AKRON ST S,1,1,0,0,1,1,,,45,0,0,0,0,0,2,2,7
,2015_03155,39.653028,-104.872408,6/23/2015 7:05,7:05,12,0,0,HAMPDEN AVE E & FLORENCE ST S,1,1,0,0,1,3,,,40,0,0,0,0,1,2,2,1
,2015_03156,39.660836,-104.866283,1/21/2015 19:11,19:11,14,0,0,HAVANA ST 3000 BLK S & DARTMOUTH AVE E,5,3,0,2,1,4,,,35,0,0,0,0,0,2,4,8
,2015_03168,39.779316,-104.903391,1/4/2015 12:20,12:20,12,0,0,NORTHFIELD QUEBEC ST & I-70,9,1,1,0,1,4,,,40,0,0,0,0,0,2,2,7
,2015_03184,39.74034,-105.025195,6/3/2015 7:13,7:13,12,0,0,COLFAX AVE W & FEDERAL BLVD N,1,1,0,0,1,4,,,35,0,0,0,0,0,2,2,14
,2015_03185,39.74013,-105.006349,5/5/2015 8:30,8:30,12,0,0,COLFAX AVE W & OSAGE ST N,1,1,1,0,1,3,,,40,0,0,0,0,0,2,3,7
,2015_03186,39.740072,-105.005035,9/2/2015 12:45,12:45,15,0,0,COLFAX AVE W & OSAGE ST N,1,1,0,0,1,4,,,30,0,0,0,0,0,2,3,13
,2015_03187,39.740008,-104.96833,5/3/2015 1:49,1:49,12,0,0,COLFAX AVE 1600 BLK E & FRANKLIN ST N,1,3,0,0,1,4,,,35,0,0,0,0,0,2,2,13
,2015_03188,39.739992,-104.964751,5/11/2015 16:49,16:49,12,0,0,COLFAX AVE 1800 BLK E & HIGH ST N,1,1,0,0,1,4,,,30,0,0,0,0,1,2,2,3
,2015_03189,39.74011,-104.958745,6/11/2015 20:25,20:25,12,0,0,COLFAX AVE E & JOSEPHINE ST N,2,3,1,1,1,3,,,30,0,0,0,0,1,2,2,1
,2015_03191,39.740065,-104.925689,1/5/2015 11:40,11:40,10,0,0,COLFAX AVE & GLENCOE ST N,2,1,0,0,1,4,,,35,0,0,0,0,0,2,2,7
,2015_03196,39.783357,-105.034565,3/3/2015 16:34,16:34,12,0,0,LOWELL BLVD N & I-70 EB RAMPS,2,1,1,0,1,1,,,30,0,0,0,0,0,1,2,13
,2015_03197,39.784141,-105.026854,8/3/2015 17:10,17:10,12,0,0,I-70 & FEDERAL BLVD N,1,1,1,0,1,4,,,55,0,0,0,0,0,1,2,7
,2015_03198,39.784221,-105.025096,3/11/2015 8:01,8:01,12,0,0,I-70 & FEDERAL BLVD N,1,1,1,0,1,4,,,55,0,0,0,0,0,1,2,13
,2015_03200,39.779523,-104.980135,7/15/2015 7:15,7:15,9,0,0,I-70 & WASHINGTON ST N,1,1,1,0,2,8,,,45,0,0,0,0,0,1,1,13
,2015_03202,39.779435,-104.979009,3/20/2015 16:02,16:02,1,0,0,WASHINGTON ST N & I-70 WB RAMPS,1,1,1,0,1,1,,,35,0,0,0,0,1,1,2,13
,2015_03203,39.779682,-104.971916,7/2/2015 16:03,16:03,12,0,0,I-70 & MM 275,1,1,0,0,1,4,,,55,0,0,0,0,0,1,2,14
,2015_03204,39.779895,-104.967089,2/3/2015 12:34,12:34,15,0,0,I-70 & BRIGHTON BLVD N,1,1,1,0,1,4,,,55,0,0,0,0,1,1,2,7
,2015_03205,39.779895,-104.967089,3/9/2015 7:45,7:45,15,0,0,I-70 & BRIGHTON BLVD N,1,1,1,0,1,4,,,55,0,0,0,0,0,1,2,13
,2015_03206,39.779895,-104.967089,3/10/2015 8:47,8:47,12,0,0,I-70 & BRIGHTON BLVD N,1,1,0,0,1,4,,,55,0,0,0,0,0,1,2,12
,2015_03207,39.779895,-104.967089,4/13/2015 7:09,7:09,15,0,0,I-70 & BRIGHTON BLVD N,1,1,0,0,1,4,,,55,0,0,0,0,0,1,2,7
,2015_03208,39.779895,-104.967089,7/29/2015 8:58,8:58,12,0,0,I-70 & BRIGHTON BLVD,1,1,0,0,1,4,,,55,0,0,0,0,0,1,3,12
,2015_03209,39.77984,-104.96821,9/15/2015 13:50,13:50,12,0,0,I-70 & BRIGHTON BLVD N,1,1,0,0,1,4,,,55,0,0,0,0,0,1,2,5
,2015_03210,39.7783,-104.903459,6/26/2015 8:06,8:06,12,0,0,I-70 & QUEBEC ST N,1,1,0,0,1,4,,,55,0,0,0,0,0,1,2,13
,2015_03211,39.7783,-104.903459,8/11/2015 15:59,15:59,15,0,0,I-70 & QUEBEC ST,1,1,1,0,1,4,,,55,0,0,0,0,0,1,2,13
,2015_03212,39.777266,-104.884335,12/16/2015 14:35,14:35,12,0,1,I-70 & CENTRAL PARK BLVD N,2,1,0,0,1,4,,,55,0,0,0,0,2,1,2,14
,2015_03213,39.777777,-104.890186,7/4/2015 6:33,6:33,5,0,0,I-70 & MM 279,1,1,0,0,3,4,,,55,0,0,0,0,0,1,1,13
,2015_03214,39.777095,-104.882471,3/24/2015 7:38,7:38,15,0,0,I-70 & CENTRAL PARK BLVD N,1,1,0,0,1,4,,,55,0,0,0,0,0,1,2,8
,2015_03248,39.66435,-104.99683,1/25/2015 13:50,13:50,5,0,0,SANTA FE DR S & EVANS AVE E,1,1,0,0,2,4,,,40,0,0,0,0,1,2,1,7
,2015_03249,39.696696,-104.991872,6/29/2015 6:47,6:47,1,0,0,MISSISSIPPI AVE W & SANTE FE DR S,1,1,0,0,1,1,,,30,0,0,0,0,1,2,3,1
,2015_03250,39.696696,-104.991872,7/20/2015 0:57,0:57,3,0,0,MISSISSIPPI AVE W & PLATTE RIVER DR S,3,5,1,0,1,1,,,35,0,0,0,0,0,2,2,13
,2015_03251,39.687549,-104.99194,9/3/2015 12:44,12:44,12,0,1,SANTA FE DR S & IOWA AVE W,1,1,0,0,1,1,,,45,0,0,0,0,2,2,3,12
,2015_03254,39.673057,-105.025056,4/2/2015 12:25,12:25,3,0,0,FEDERAL BLVD 2400 BLK S & WESLEY AVE W,1,1,0,0,1,2,,,35,0,0,0,0,0,2,2,14
,2015_03255,39.713605,-105.025154,5/23/2015 18:53,18:53,12,0,0,FEDERAL BLVD S & CEDAR AVE W,1,1,1,0,1,4,,,35,0,0,0,0,0,2,2,13
,2015_03256,39.722252,-105.025205,12/22/2015 17:13,17:13,11,0,1,FEDERAL BLVD & SHORT PL W,1,3,0,0,1,4,,,,0,1,0,0,2,2,2,13
,2015_03257,39.70041,-105.025085,6/30/2015 19:20,19:20,1,0,0,FEDERAL BLVD S & KENTUCKY AVE W,1,1,0,0,1,1,,,40,0,0,0,1,0,2,5,13
,2015_03271,39.653374,-105.053079,3/14/2015 15:42,15:42,12,0,0,SHERIDAN BLVD S & HAMPDEN AVE,1,1,1,0,1,3,,,30,0,0,0,0,0,2,2,13
,2015_03272,39.656175,-105.053223,7/30/2015 17:10,17:10,1,0,1,DARTMOUTH AVE W & SHERIDAN BLVD S,1,1,0,0,1,1,,,30,0,0,0,0,2,2,2,5
,2015_03273,39.667786,-105.053256,5/22/2015 17:40,17:40,12,0,0,SHERIDAN BLVD S & YALE AVE W,2,1,0,1,1,3,,,40,0,0,0,0,0,2,2,13
,2015_03275,39.652993,-104.926476,1/21/2015 7:54,7:54,12,0,0,HAMPDEN AVE 5200 BLK E & GLENCOE ST S,1,1,0,0,1,4,,,40,0,0,0,0,0,2,2,13
,2015_03280,39.689516,-105.053251,10/16/2015 19:20,19:20,3,0,0,SHERIDAN BLVD S & FLORIDA AVE W,1,3,0,0,1,1,,,30,0,0,0,0,1,2,2,13
,2015_03281,39.738453,-105.053214,3/17/2015 7:51,7:51,3,0,0,SHERIDAN BLVD N & 14TH AVE W,1,1,0,0,1,1,,,35,0,0,0,0,1,2,2,14
,2015_03316,39.63322,-104.903992,7/22/2015 16:51,16:51,12,0,0,I-225 & MM 1,1,1,1,0,1,4,,,55,0,0,0,0,0,1,3,7
,2015_03317,39.635523,-104.89346,5/13/2015 6:57,6:57,1,0,0,TAMARAC ST S & I-225 SB RAMPS,1,1,0,0,1,1,,,35,0,0,0,0,0,1,2,8
,2015_03318,39.635523,-104.89346,5/12/2015 8:40,8:40,1,0,0,TAMARAC ST S & I-225 NB RAMPS,1,1,0,0,1,1,,,35,0,0,0,0,1,1,2,7
,2015_03319,39.639275,-104.885096,5/20/2015 8:43,8:43,12,0,0,YOSEMITE ST S & I-225 NB RAMPS,2,1,0,0,1,3,,,35,0,0,0,0,0,1,2,1
,2015_03333,39.782996,-104.900882,6/26/2015 13:06,13:06,12,0,0,I-270 & NORTHFIELD QUEBEC ST N,1,1,1,0,1,4,,,55,0,0,0,0,0,1,2,3
,2015_03342,39.761982,-105.025164,5/21/2015 18:02,18:02,15,0,0,FEDERAL BLVD N & 32ND AVE W,1,1,0,0,1,1,,,35,0,0,0,0,0,2,2,13
,2015_03343,39.763659,-105.025166,8/3/2015 13:20,13:20,14,0,0,FEDERAL BLVD N & 3320,1,1,0,0,6,2,,,35,0,0,0,0,1,2,2,10
,2015_03344,39.764417,-105.02517,2/13/2015 9:41,9:41,12,0,1,FEDERAL BLVD N & 34TH AVE W,1,1,0,0,1,4,,,35,0,0,0,0,2,2,3,14
,2015_03345,39.768094,-105.025186,4/23/2015 17:33,17:33,12,0,0,FEDERAL BLVD & 3700 BLK N,1,1,0,0,1,4,,,35,0,0,0,0,0,2,2,13
,2015_03347,39.780247,-105.025224,2/3/2015 17:13,17:13,12,0,0,FEDERAL BLVD N & 46TH AVE W,1,2,1,0,1,1,,,35,0,0,0,0,0,2,2,13
,2015_03348,39.783839,-105.025212,7/1/2015 17:22,17:22,15,0,0,FEDERAL BLVD N & I-70 EB RAMPS,1,1,1,0,1,1,,,35,0,0,0,0,0,2,2,13
,2015_03349,39.785685,-105.025205,6/22/2015 17:56,17:56,12,0,0,FEDERAL BLVD N & 49TH AVE W,1,1,0,0,1,1,,,35,0,0,0,0,0,2,2,13
,2015_03350,39.787435,-105.025221,1/22/2015 13:17,13:17,11,0,0,50TH AVE W & FEDERAL BLVD N,1,1,0,0,1,1,,,,0,1,0,0,1,2,2,14
,2015_03351,39.788935,-105.025207,6/11/2015 18:50,18:50,1,0,0,FEDERAL BLVD 5000 BLK N & 51ST AVE W,2,1,0,1,1,2,,,35,0,0,0,0,0,2,2,13
,2015_03498,0,0,1/8/2015 23:35,23:35,6,0,0,12TH AVE E & CLAYTON ST N,5,3,0,2,1,3,,,30,0,0,0,0,0,4,2,16
,2015_03523,0,0,2/1/2015 18:14,18:14,6,0,0,FLORIDA AVE 100 BLK E & LINCOLN ST S,5,3,0,7,1,4,,,25,0,0,0,0,0,4,3,16
,2015_03534,0,0,4/27/2015 15:23,15:23,1,0,0,1ST AVE E & MILWAUKEE ST N,1,1,0,0,1,1,,,30,0,0,0,0,0,4,2,3
,2015_03535,0,0,3/14/2015 13:06,13:06,3,0,0,1ST AVE E & ROSLYN ST N,1,1,0,0,1,1,,,25,0,0,0,0,0,4,2,13
,2015_03536,0,0,2/17/2015 19:29,19:29,12,0,0,1ST AVE 2500 E & UNIVERSITY BLVD N,1,2,0,7,1,4,,,35,0,0,0,0,0,4,2,16
,2015_03537,0,0,6/25/2015 8:17,8:17,15,0,0,2ND AVE W & BRYANT ST N,1,1,0,0,1,4,,,30,0,0,0,0,0,4,2,1
,2015_03538,0,0,12/19/2015 11:25,11:25,12,0,0,1ST AVE 2600 BLK E & UNIVERSITY BLVD N,1,1,0,0,1,3,,,30,0,0,0,0,0,4,2,13
,2015_03539,0,0,5/15/2015 7:48,7:48,10,0,0,8TH AVE 900 BLK W & 900 BLK W,1,1,0,0,1,5,,,35,0,0,0,0,0,4,2,1
,2015_03540,0,0,7/4/2015 14:43,14:43,1,0,0,8TH AVE E & FRANKLIN ST N,1,1,0,7,1,1,,,30,0,0,0,0,0,4,2,14
,2015_03541,0,0,5/20/2015 18:20,18:20,3,0,0,12TH AVE W & DELAWARE ST,2,1,0,1,1,1,,,25,0,0,0,0,0,4,2,16
,2015_03542,0,0,9/27/2015 7:10,7:10,3,0,0,8TH AVE W & CANOSA CT N,1,1,0,0,1,1,,,35,0,0,0,0,0,4,2,13
,2015_03543,0,0,11/22/2015 1:45,1:45,12,0,0,6TH AVE E & WASHINGTON ST N,1,3,0,0,1,4,,,30,0,0,0,0,0,4,2,13
,2015_03544,0,0,11/21/2015 21:58,21:58,3,0,2,8TH AVE E & OGDEN ST N,1,3,0,0,1,1,,,25,0,0,0,0,3,4,2,9
,2015_03545,0,0,3/11/2015 16:27,16:27,12,0,0,11TH AVE W & NAVAJO ST N,1,1,0,7,1,4,,,25,0,0,0,0,0,4,2,14
,2015_03546,0,0,7/13/2015 19:30,19:30,3,0,0,13TH AVE E & LAFAYETTE ST N,1,1,0,7,1,1,,,30,0,0,0,0,0,4,2,16
,2015_03547,0,0,3/25/2015 13:55,13:55,3,0,0,13TH AVE E & LINCOLN ST N,1,1,0,7,1,1,,,30,0,0,0,0,0,4,2,16
,2015_03548,0,0,1/22/2015 12:45,12:45,3,0,0,14TH AVE E & EMERSON ST N,1,1,0,0,1,1,,,30,0,0,0,0,0,4,3,13
,2015_03549,0,0,1/14/2015 9:00,9:00,5,0,0,ROBINS DR E & ENSENADA ST N,1,1,0,0,3,1,,,20,0,0,0,0,0,4,1,13
,2015_03550,0,0,9/23/2015 13:11,13:11,3,0,0,14TH AVE E & JOSEPHINE ST N,1,1,0,0,1,1,,,35,0,0,0,0,0,4,3,13
,2015_03551,0,0,6/10/2015 9:02,9:02,12,0,0,16TH AVE & YORK ST,1,1,0,7,1,4,,,35,0,0,0,0,0,4,2,16
,2015_03552,0,0,7/2/2015 10:13,10:13,3,0,0,17TH AVE E & HIGH ST N,1,1,0,0,1,1,,,25,0,0,0,0,1,4,2,14
,2015_03554,0,0,2/21/2015 18:30,18:30,2,0,1,17TH AVE 1900 BLK E & RACE ST N,4,3,0,2,1,5,,,30,1,0,0,0,2,4,2,7
,2015_03555,0,0,6/8/2015 21:00,21:00,3,0,0,17TH AVE E & TRENTON ST N,1,1,0,0,1,2,,,25,0,0,0,0,0,4,3,13
,2015_03556,0,0,10/8/2015 11:01,11:01,6,0,0,19TH AVE E & WASHINGTON ST N,1,1,0,0,1,4,,,30,0,0,0,0,0,4,2,13
,2015_03557,0,0,5/8/2015 23:55,23:55,10,0,0,18TH AVE E & EMERSON ST N,2,3,0,1,1,1,,,25,0,0,0,0,0,4,2,7
,2015_03558,0,0,2/4/2015 9:00,9:00,3,0,0,20TH AVE & CLARKSON ST,5,1,0,2,1,2,,,25,0,0,0,0,0,4,2,16
,2015_03560,0,0,8/9/2015 19:55,19:55,12,0,0,22ND AVE E & QUEBEC ST N,1,3,0,7,1,4,,,30,0,0,0,0,0,4,2,16
,2015_03561,0,0,1/12/2015 13:16,13:16,6,0,0,33RD AVE & 2000 BLK W,1,1,1,0,1,4,,,25,0,0,0,0,0,4,2,13
,2015_03562,0,0,1/13/2015 7:50,7:50,3,0,0,23RD AVE E & KEARNEY ST N,2,1,0,4,1,5,,,30,0,0,0,0,0,4,2,16
,2015_03563,0,0,7/20/2015 16:30,16:30,12,0,0,23RD AVE 2300 BLK E & YORK ST N,1,1,0,7,1,3,,,,0,0,0,0,0,4,2,16
,2015_03564,0,0,2/9/2015 9:06,9:06,6,0,0,25TH AVE 3400 BLK W & KING ST N,1,1,0,0,1,1,,,25,0,0,0,0,0,4,3,14
,2015_03565,0,0,2/17/2015 10:45,10:45,3,0,0,26TH AVE W & MEADE ST N,1,1,0,0,1,1,,,25,0,0,0,0,0,4,2,13
,2015_03566,0,0,3/24/2015 16:25,16:25,6,0,0,27TH AVE 2600 BLK W & BRYANT ST N,1,1,1,0,1,4,,,25,0,0,0,0,0,4,2,13
,2015_03567,0,0,1/2/2015 15:30,15:30,5,0,0,29TH AVE 8400 BLK E & CENTRAL PARK BLVD N,2,1,0,0,2,4,,,30,0,0,0,0,1,4,1,5
,2015_03569,0,0,12/3/2015 18:30,18:30,6,0,0,26TH AVE 3600 BLK W & LOWELL BLVD N,1,3,0,7,1,4,,,30,0,0,0,0,0,4,2,16
,2015_03570,0,0,6/11/2015 17:31,17:31,6,0,0,31ST AVE 3100 BLK E & GILPIN ST N,2,1,0,1,1,4,,,30,0,0,0,0,0,4,3,16
,2015_03571,0,0,6/24/2015 0:28,0:28,6,0,0,33RD AVE 2500 BLK W & ALCOTT ST N,1,3,0,7,1,4,,,25,0,0,0,0,0,4,2,16
,2015_03572,0,0,5/5/2015 16:29,16:29,12,0,0,38TH AVE W & INCA ST N,2,1,1,1,1,4,,,35,0,0,0,0,0,4,2,16
,2015_03573,0,0,4/16/2015 8:05,8:05,1,0,0,BUCHTEL BLVD E & DAWNING ST S,2,1,0,2,1,1,,,30,0,0,0,0,0,4,2,16
,2015_03574,0,0,11/13/2015 9:35,9:35,14,0,0,45TH AVE & 11551 E,1,1,1,0,5,2,,,25,0,0,0,0,0,3,2,13
,2015_03575,0,0,8/26/2015 15:22,15:22,3,0,0,71ST AVE E & TOWER RD N,1,1,1,0,1,1,,,25,0,0,0,0,0,4,2,13
,2015_03576,0,0,7/1/2015 14:22,14:22,3,0,0,49TH AVE W & BROADWAY ST N,1,1,1,7,1,1,,,25,0,0,0,0,1,4,2,16
,2015_03577,0,0,2/24/2015 1:05,1:05,6,0,0,54TH AVE E & HAVANA ST N,5,3,0,0,1,4,,,35,0,0,0,0,0,4,2,13
,2015_03578,0,0,4/14/2015 6:45,6:45,3,0,0,56TH AVE E & VALENTIA ST,1,1,0,0,1,1,,,45,0,0,0,0,0,4,2,13
,2015_03579,0,0,2/6/2015 14:46,14:46,10,0,0,ACOMA ST S & ILIFF AVE W,1,1,0,0,1,1,,,25,0,0,0,0,0,4,2,1
,2015_03580,0,0,5/6/2015 13:57,13:57,12,0,0,ALAMEDA AVE E & CLINTON ST S,1,1,0,7,1,4,,,35,0,0,0,0,1,4,3,3
,2015_03581,0,0,4/16/2015 23:40,23:40,3,0,0,ALAMEDA AVE & QUEBEC ST N,4,3,0,2,1,1,,,35,0,0,0,0,0,4,2,7
,2015_03582,0,0,8/30/2015 19:45,19:45,3,0,0,ALAMEDA AVE E & DOWNING ST S,1,2,0,0,1,1,,,30,0,0,0,0,1,4,2,13
,2015_03583,0,0,7/23/2015 12:05,12:05,1,0,0,ALAMEDA AVE E & UNIVERSITY BLVD S,1,1,1,7,1,1,,,30,0,0,0,0,0,4,2,16
,2015_03585,0,0,5/5/2015 17:02,17:02,3,0,0,BAYAUD AVE E & HARRISON ST S,1,1,0,7,1,1,,,25,0,0,0,0,0,4,2,3
,2015_03586,0,0,6/3/2015 20:00,20:00,6,0,0,BAYAUD AVE 500 BLK E & PENNSYLVANIA ST S,1,2,0,7,1,3,,,25,0,0,0,0,0,4,2,1
,2015_03587,0,0,7/24/2015 0:52,0:52,6,0,0,BLAKE ST 1909 & 20TH ST,1,3,0,7,1,4,,,25,0,0,0,0,0,4,2,14
,2015_03588,0,0,1/5/2015 18:45,18:45,12,0,0,BRIGHTON BLVD 3700 BLK N & 38TH AVE E,2,2,0,2,1,4,,,35,0,0,0,0,0,4,2,16
,2015_03589,0,0,1/2/2015 9:11,9:11,15,0,0,BROADWAY & 2265 S,6,1,1,2,1,2,,,35,0,0,0,0,0,4,2,14
,2015_03590,0,0,2/5/2015 22:41,22:41,2,0,0,BROADWAY ST 00 BLK N & 1ST AVE,1,3,0,0,1,2,,,30,1,0,0,0,1,4,2,13
,2015_03591,0,0,9/24/2015 14:26,14:26,3,0,2,ANDREWS DR E & 40TH AVE E,1,1,1,0,1,1,,,25,0,0,0,0,2,4,3,5
,2015_03592,0,0,7/10/2015 15:26,15:26,12,0,0,BROADWAY ST S & TENNESSEE AVE E,1,1,0,7,1,3,,,40,0,0,0,0,1,4,2,16