id,drcog_id,latitude,longitude,crashtime,time,crashtype,numbkilled,numbinjurd,drcoglocat,rdconditin,lightngcon,roadcntgrd,weatherco,location,roaddescrp,schoolzone,constrzone,splimit,bikeinv,pedinv,sctrinv,motoinv,svrty,rdsystem,ttlvehcls,hcf
,2015_03593,0,0,8/9/2015 23:19,23:19,6,0,0,BRYANT ST N & ALCOTT ST N,1,3,0,7,1,1,,,25,0,0,0,0,0,4,2,14
,2015_03594,0,0,4/17/2015 16:57,16:57,3,0,5,CHESTNUT PL 1600 BLK & 16TH ST,1,1,0,0,1,1,,,15,0,0,0,0,2,4,2,13
,2015_03595,0,0,4/30/2015 17:15,17:15,3,0,0,CEDAR AVE E & DOWNING ST S,1,1,0,7,1,1,,,25,0,0,0,0,0,4,2,16
,2015_03596,0,0,8/13/2015 17:21,17:21,3,0,0,CEDAR AVE E & PENNSYLVANIA ST S,1,1,0,7,1,1,,,25,0,0,0,0,0,4,2,3
,2015_03597,0,0,2/2/2015 11:51,11:51,15,0,0,CENTER AVE W & STUART ST S,2,1,0,1,1,3,,,25,0,0,0,0,0,4,2,7
,2015_03598,0,0,4/16/2015 8:33,8:33,12,0,0,CHAMBER BLVD N & GVR BLV E,6,1,0,2,1,3,,,40,0,0,0,0,0,4,4,14
,2015_03599,0,0,1/7/2015 7:15,7:15,12,0,1,CHAMBERS RD N & MAXWELL PL E,5,1,1,2,1,1,,,40,0,0,0,0,2,4,2,16
,2015_03600,0,0,3/9/2015 14:45,14:45,12,0,0,CHAMPA ST 2300 BLK & PARK AVE W,1,1,0,7,1,4,,,25,0,0,0,0,1,4,2,3
,2015_03601,0,0,4/10/2015 8:30,8:30,10,0,0,CHEROKEE ST 100 BLK S & BYERS AVE W,1,1,0,0,1,3,,,25,0,0,0,0,0,4,2,13
,2015_03602,0,0,6/13/2015 10:52,10:52,11,0,0,CHERRY CREEK DR N E & MONACO PKWY S,1,1,0,0,1,1,,,25,0,1,0,0,1,4,2,13
,2015_03603,0,0,1/7/2015 8:33,8:33,12,0,0,CHERRY CREEK S DR 2500 BLK E & UNIVERSITY BLVD S,5,1,0,2,1,4,,,35,0,0,0,0,0,4,2,14
,2015_03604,0,0,4/23/2015 16:05,16:05,6,0,0,COOK ST 200 BLK N & 3RD AVE E,1,1,0,7,1,4,,,25,0,0,0,0,0,4,2,16
,2015_03605,0,0,12/19/2015 20:00,20:00,6,0,0,CORONA ST 1300 BLK N & E 13 AVE,2,4,0,7,1,4,,,35,0,0,0,0,0,4,2,16
,2015_03606,0,0,12/23/2015 17:51,17:51,3,0,0,CRESTLINE AVE & 8100 BLK W,1,3,0,0,1,2,,,30,0,0,0,0,0,4,2,13
,2015_03607,0,0,3/20/2015 13:21,13:21,10,0,0,CURTIS ST & 15TH ST,1,1,0,0,1,1,,,30,0,0,0,0,0,4,2,8
,2015_03608,0,0,1/15/2015 18:01,18:01,15,0,0,DTC BLVD 4500 BLK S & TUFTS AVE E,1,3,0,7,1,4,,,40,0,0,0,0,0,4,2,16
,2015_03609,0,0,5/2/2015 8:26,8:26,3,0,1,EUDORA ST N & HALE PKWY E,1,1,0,7,1,1,,,25,0,0,0,0,2,4,2,16
,2015_03610,0,0,6/9/2015 14:36,14:36,12,0,0,EVANS AVE & 900 BLK W,1,1,0,0,1,3,,,35,0,0,0,0,1,4,2,13
,2015_03611,0,0,1/2/2015 14:30,14:30,12,0,0,EVANS AVE 4300 BLK E & BIRCH ST S,2,1,0,7,1,4,,,30,0,0,0,0,0,4,2,16
,2015_03612,0,0,3/12/2015 17:20,17:20,12,0,0,EVANS AVE 2800 BLK W & FEDERAL BLVD S,1,1,1,7,1,4,,,35,0,0,0,0,0,4,2,16
,2015_03613,0,0,2/21/2015 11:35,11:35,15,0,0,EVANS AVE E & GAYLORD ST S,1,1,0,7,1,4,,,35,0,0,0,0,1,4,2,1
,2015_03614,0,0,6/9/2015 14:59,14:59,12,0,0,EVANS AVE 5300 BLK E & GRAPE ST S,1,1,0,7,1,3,,,35,0,0,0,0,1,4,2,3
,2015_03615,0,0,8/14/2015 7:50,7:50,15,0,0,EVANS AVE 5500 BLK E & HUDSON ST S,1,1,0,7,1,3,,,35,0,0,0,0,1,4,2,16
,2015_03616,0,0,2/11/2015 18:11,18:11,3,0,0,EVANS AVE E & JOSEPHINE ST S,1,3,0,7,1,1,,,40,0,0,0,0,0,4,2,7
,2015_03617,0,0,2/12/2015 22:30,22:30,12,0,0,EVANS AVE E & MONACO ST S,2,3,0,7,1,4,,,35,0,0,0,0,0,4,3,7
,2015_03618,0,0,6/22/2015 11:02,11:02,12,0,0,EVANS AVE E & MONACO ST S,1,1,0,7,1,1,,,35,0,0,0,0,1,4,2,16
,2015_03619,0,0,7/11/2015 13:35,13:35,3,0,0,EVANS AVE W & VALLEJO ST S,1,1,0,7,1,2,,,35,0,0,0,0,0,4,2,16
,2015_03620,0,0,5/8/2015 7:55,7:55,1,0,0,EVANS AVE W & ZUNI ST S,2,1,1,1,1,2,,,35,0,0,0,0,1,4,2,13
,2015_03621,0,0,11/2/2015 7:19,7:19,15,0,0,EVANS AVE E & MONACO ST S,1,1,0,0,1,4,,,35,0,0,0,0,0,4,2,16
,2015_03622,0,0,2/13/2015 20:55,20:55,6,0,1,GLENCOE ST & 1400 BLK N,1,4,0,0,1,4,,,25,0,0,0,0,2,4,2,5
,2015_03623,0,0,5/16/2015 21:26,21:26,5,0,0,GREEN VALLEY RANCH BLVD 21000 BLK E & MALAYA ST N,1,3,0,0,3,1,,,35,0,0,0,0,0,4,1,1
,2015_03624,0,0,6/10/2015 14:02,14:02,1,0,0,GVR BLVD E & PENA BLVD,1,1,1,0,1,1,,,40,0,0,0,0,0,4,2,4
,2015_03625,0,0,2/6/2015 9:18,9:18,5,0,0,WEWATTA ST HOV LN & 20TH ST,1,5,0,0,1,4,,,35,0,0,0,0,0,4,1,13
,2015_03626,0,0,7/7/2015 16:10,16:10,3,0,0,HUMBOLDT ST N & 16TH AVE E,2,1,0,1,1,1,,,30,0,0,0,0,0,4,2,16
,2015_03628,0,0,9/16/2015 7:30,7:30,3,0,0,HOYE PL W & 3465,1,1,0,0,1,2,,,25,0,0,0,0,0,4,2,13
,2015_03630,0,0,4/18/2015 2:00,2:00,15,0,0,KALAMATH ST 800 BLK N & 8TH AVE W,1,3,0,7,1,4,,,35,0,0,0,0,0,4,2,5
,2015_03631,0,0,6/9/2015 14:59,14:59,3,0,0,KALAMATH ST N & 38TH AVE W,1,1,1,7,1,1,,,25,0,0,0,0,0,4,2,16
,2015_03632,0,0,6/28/2015 1:46,1:46,8,0,0,KENTUCKY AVE W & QUITMAN ST S,1,3,0,0,1,1,,,30,0,0,0,0,0,4,2,5
,2015_03633,0,0,7/14/2015 8:45,8:45,15,0,0,LARIMER ST 2100 BLK & 21ST ST,1,1,0,7,1,4,,,25,0,0,0,0,0,4,2,16
,2015_03634,0,0,7/25/2015 19:20,19:20,3,0,0,LAWRENCE ST 2100 BLK & 22ND ST,1,2,0,0,1,1,,,30,0,0,0,0,0,4,3,8
,2015_03635,0,0,7/18/2015 16:53,16:53,15,0,0,LINCOLN ST 700 BLK N & 8TH AVE E,1,1,0,7,1,4,,,30,0,0,0,0,0,4,2,14
,2015_03636,0,0,9/3/2015 23:30,23:30,5,0,0,LAWRENCE ST 1380 & 14TH ST,1,3,0,0,3,4,,,25,0,0,0,0,0,4,1,14
,2015_03637,0,0,8/31/2015 17:44,17:44,12,0,0,LOWELL BLVD & SCOTT PL W,2,1,0,1,1,1,,,30,0,0,0,0,0,4,3,13
,2015_03638,0,0,6/5/2015 1:13,1:13,5,0,0,LOWRY BLVD E & UINTA WAY N,2,3,0,1,2,6,,,35,0,0,0,0,0,4,1,5
,2015_03639,0,0,5/29/2015 14:36,14:36,12,0,0,MLK BLVD 4000 BLK E & COLORADO BLVD N,1,1,1,7,1,3,,,30,0,0,0,0,0,4,2,16
,2015_03640,0,0,6/21/2015 9:30,9:30,1,0,0,MONACO ST S & HARVARD AVE E,1,1,0,7,1,1,,,35,0,0,0,0,0,4,2,16
,2015_03641,0,0,3/24/2015 12:05,12:05,3,0,0,MONACO ST 700 BLK S & LEETSDALE DR,1,1,1,0,1,2,,,35,0,0,0,0,0,4,2,13
,2015_03642,0,0,5/5/2015 17:37,17:37,3,0,0,MORRISON RD & KENTUCKY AVE W,1,1,1,1,1,1,,,,0,0,0,0,0,4,2,5
,2015_03643,0,0,7/30/2015 19:22,19:22,11,0,0,PARK AVE W & CHAMPA ST,1,2,0,0,1,3,,,30,0,1,0,0,1,4,2,13
,2015_03644,0,0,2/21/2015 15:50,15:50,12,0,0,PARK AVE W & DELGANU ST,4,1,0,2,1,1,,,35,0,0,0,0,0,4,2,14
,2015_03645,0,0,4/3/2015 6:50,6:50,12,0,1,PARK AVE W & DELGANY ST,5,1,0,7,1,4,,,30,0,0,0,0,2,4,3,16
,2015_03646,0,0,4/13/2015 11:00,11:00,1,0,0,PARK AVE W & DELGANY ST,1,1,0,7,1,1,,,35,0,0,0,0,0,4,2,7
,2015_03647,0,0,5/22/2015 20:42,20:42,15,0,0,PARK AVE W 500 BLK & WELTON ST,2,3,0,1,1,4,,,30,0,0,0,0,0,4,2,16
,2015_03648,0,0,7/4/2015 18:45,18:45,3,0,0,PARK AVE W & WELTON ST,1,1,0,7,1,1,,,,0,0,0,0,0,4,2,16
,2015_03649,0,0,5/29/2015 22:00,22:00,1,0,0,PEORIA ST 4500 BLK N & 46TH AVE E,2,3,0,1,1,2,,,35,0,0,0,0,1,4,2,1
,2015_03650,0,0,1/21/2015 11:30,11:30,5,0,0,PIERCE ST & 6900 BLK S,4,1,0,2,3,4,,,30,0,0,0,0,0,4,2,13
,2015_03651,0,0,9/23/2015 6:28,6:28,12,0,0,PENA BLVD 7100 BLK & TOWER RD N,1,2,0,0,1,4,,,65,0,0,0,0,0,4,2,13
,2015_03652,0,0,1/10/2015 19:30,19:30,3,0,0,QUEBEC ST N & 2ND AVE E,1,3,0,7,1,1,,,35,0,0,0,0,0,4,2,16
,2015_03653,0,0,7/15/2015 16:17,16:17,15,0,0,QUEBEC ST 3600 BLK N & 36TH AVE E,1,1,0,0,1,1,,,30,0,0,0,0,0,4,2,8
,2015_03654,0,0,7/24/2015 6:30,6:30,12,0,0,QUEBEC ST S & ALAMEDA AVE E,1,1,0,7,1,1,,,30,0,0,0,0,1,4,5,14
,2015_03655,0,0,6/28/2015 8:35,8:35,15,0,0,QUINCY AVE W & SHERIDAN BLVD S,1,1,0,7,1,3,,,35,0,0,0,0,0,4,2,14
,2015_03656,0,0,3/16/2015 14:20,14:20,12,0,0,QUINCY AVE W & SHERIDAN BLVD S,1,1,0,5,1,4,,,35,0,0,0,0,0,4,1,2
,2015_03657,0,0,6/30/2015 23:20,23:20,6,0,0,RACE ST 1400 BLK N & 14TH AVE. E,1,3,0,7,1,4,,,25,0,0,0,0,0,4,2,5
,2015_03658,0,0,4/29/2015 4:00,4:00,6,0,0,RALEIGH ST & 937 BLK S,1,3,1,0,1,1,,,30,0,0,0,0,0,4,2,13
,2015_03659,0,0,5/28/2015 18:05,18:05,1,0,0,RANDOLPH PL E & TUCSON ST N,2,1,0,1,1,1,,,25,0,0,0,0,0,4,3,13
,2015_03660,0,0,8/19/2015 21:45,21:45,6,0,0,ROBINS DR 14600 BLK E & EAGLE ST N,1,3,0,0,1,4,,,25,0,0,0,0,0,4,2,13
,2015_03661,0,0,3/21/2015 19:18,19:18,3,0,0,15TH ST & TREMONT PL,1,3,0,0,1,1,,,25,0,0,0,0,1,4,2,1
,2015_03662,0,0,1/19/2015 17:45,17:45,12,0,0,17TH ST & TREMONT PL,1,2,0,7,1,1,,,30,0,0,0,0,0,4,2,3
,2015_03663,0,0,5/14/2015 10:40,10:40,12,0,0,19TH ST & CURTIS ST,1,1,0,7,1,1,,,30,0,0,0,0,0,4,2,16
,2015_03664,0,0,10/27/2015 15:29,15:29,12,0,0,1ST ST & LARIMER ST,1,1,0,0,1,1,,,25,0,0,0,0,0,4,2,13
,2015_03665,0,0,3/3/2015 11:08,11:08,15,0,0,21ST ST & CHAMPA ST,2,1,0,7,1,1,,,30,0,0,0,0,0,4,2,16
,2015_03666,0,0,7/8/2015 14:10,14:10,3,0,0,SHERIDAN BLVD S & QUINCY AVE W,2,1,0,1,1,1,,,40,0,0,0,0,0,4,3,1
,2015_03667,0,0,3/31/2015 12:19,12:19,15,0,0,SPEER BLVD & 1800 BLK N,1,1,1,0,1,4,,,35,0,0,0,0,0,4,2,13
,2015_03668,0,0,8/15/2015 1:28,1:28,5,0,0,SPEER BLVD & 1250,1,3,0,0,3,4,,,35,0,0,0,0,0,4,1,1
,2015_03669,0,0,2/27/2015 10:30,10:30,12,0,0,SPEER BLVD N & 13TH AVE W,6,1,0,2,1,1,,,35,0,0,0,0,0,4,2,7
,2015_03670,0,0,2/2/2015 12:41,12:41,12,0,0,UNIVERSITY BLVD S & WARREN AVE E,1,1,0,7,1,3,,,30,0,0,0,0,0,4,2,3
,2015_03671,0,0,6/2/2015 17:10,17:10,12,0,0,SPEER BLVD E & LOGAN ST N,1,1,1,7,1,3,,,25,0,0,0,0,0,4,2,16
,2015_03672,0,0,4/9/2015 9:50,9:50,12,0,0,SPEER BL 1300 BLK & MARKET ST,1,1,0,7,1,4,,,30,0,0,0,0,0,4,2,16
,2015_03673,0,0,4/21/2015 10:50,10:50,3,0,0,SPEER BLVD E & WASHINGTON ST N,1,1,0,7,1,1,,,35,0,0,0,0,1,4,2,16
,2015_03674,0,0,5/16/2015 16:34,16:34,12,0,0,SPRUCE ST N & COLFAX AVE E,1,1,0,0,1,4,,,25,0,0,0,0,0,4,2,14
,2015_03675,0,0,1/28/2015 17:56,17:56,3,0,0,TAMARAC PKWY S & QUINCY AVE E,1,3,1,0,1,1,,,35,0,0,0,0,0,4,2,7
,2015_03676,0,0,1/4/2015 15:05,15:05,3,0,2,S TEJON ST & DAKOTA AVE W,5,1,1,7,1,1,,,25,0,0,0,0,2,4,2,1
,2015_03677,0,0,1/27/2015 16:30,16:30,12,0,0,TEJON ST S & MOSIER PL W,1,1,0,0,1,1,,,25,0,0,0,0,0,4,2,1
,2015_03678,0,0,6/9/2015 10:55,10:55,12,0,1,UNIVERSITY BLVD 100 BLK S & CHERRY CREEK DR S,1,1,0,7,1,3,,,30,0,0,0,0,2,4,2,16
,2015_03679,0,0,7/23/2015 12:05,12:05,12,0,0,UNIVERSITY BLVD 2000 BLK S & EVANS AVE E,1,1,0,7,1,4,,,30,0,0,0,0,0,4,2,3
,2015_03680,0,0,5/8/2015 7:50,7:50,1,0,0,UNIVERSITY BLVD S & TENNESSEE AVE E,2,1,0,0,1,1,,,30,0,0,0,0,0,4,2,13
,2015_03681,0,0,2/8/2015 0:38,0:38,6,0,0,VINE ST 1400 BLK N & 14TH AVE E,1,3,0,7,1,4,,,25,0,0,0,0,0,4,2,5
,2015_03682,0,0,3/29/2015 9:24,9:24,6,0,0,VINE ST N & 16TH AVE E,1,5,0,7,1,4,,,25,0,0,0,0,0,4,2,1
,2015_03683,0,0,7/30/2015 16:07,16:07,1,0,0,VINE ST 4300 BLK N & 44TH AVE E,1,1,0,7,1,2,,,30,0,0,0,0,0,4,2,16
,2015_03684,0,0,5/18/2015 7:56,7:56,3,0,0,VIRGINIA AVE 500 BLK E & PEARL ST S,1,1,0,0,1,5,,,15,0,0,0,0,0,4,2,7
,2015_03685,0,0,11/21/2015 19:30,19:30,5,0,0,YATES ST S & 1290,1,3,0,0,2,4,,,25,0,0,0,0,0,4,1,5
,2015_03686,0,0,7/11/2015 22:16,22:16,5,0,0,YOSEMITE WAY N & DALLAS ST N,1,3,0,0,3,4,,,30,0,0,0,0,0,4,1,13
,2015_03688,0,0,10/12/2015 11:48,11:48,15,0,0,YORK ST & 2300 BLK N,1,1,0,0,1,4,,,30,0,0,0,0,0,4,2,13
,2015_03798,39.780043,-104.949712,2/24/2015 21:35,21:35,12,0,0,46TH AVE E & STEELE ST N,1,3,0,0,1,1,,,30,0,0,0,0,1,2,2,5
,2015_03808,39.725476,-104.940629,1/13/2015 15:09,15:09,12,0,0,6TH AVE E & COLORADO BLVD N,1,1,1,0,1,3,,,40,0,0,0,0,0,2,2,13
,2015_03809,39.678409,-104.940629,4/16/2015 18:13,18:13,12,0,0,EVANS AVE E & COLORADO BLVD S,2,2,0,2,1,4,,,35,0,0,0,0,0,2,3,3
,2015_03812,39.660415,-104.94057,5/9/2015 9:24,9:24,12,0,1,COLORADO BLVD S & DARTMOUTH AVE E,2,1,1,1,1,4,,,40,0,0,0,0,2,2,2,13
,2015_03813,39.67194,-104.940626,2/10/2015 8:15,8:15,12,0,0,COLORADO BLVD 2400 BLK S & DICKENSON PL E,1,1,0,0,1,3,,,35,0,0,0,0,0,2,2,13
,2015_03814,39.67488,-104.940644,7/6/2015 7:53,7:53,3,0,0,COLORADO BLVD S & ILIFF AVE E,2,1,0,0,1,1,,,35,0,0,0,0,1,2,4,1
,2015_03815,39.714912,-104.940628,2/22/2015 9:00,9:00,12,0,0,LEETSDALE DR 4000 BLK E & COLORADO BLVD S,5,1,1,0,1,3,,,30,0,0,0,0,0,2,2,7
,2015_03816,39.720767,-104.940629,2/1/2015 14:58,14:58,15,0,0,COLORADO BLVD 300 BLK N & 3RD AVE E,10,1,0,0,1,4,,,35,0,0,0,0,0,2,2,13
,2015_03817,39.726797,-104.940628,8/13/2015 18:35,18:35,12,0,0,7TH AVE W & COLORADO BLVD N,1,1,0,0,1,4,,,35,0,0,0,0,0,2,2,13
,2015_03818,39.734629,-104.940618,7/30/2015 8:52,8:52,15,0,0,COLORADO BLVD N & 12TH AVE E,1,1,0,0,1,4,,,40,0,0,0,0,0,2,2,13
,2015_03819,39.736767,-104.940616,4/2/2015 9:38,9:38,3,0,0,13TH AVE & COLORADO BLVD N,1,1,0,0,1,3,,,35,0,0,0,0,0,2,2,13
,2015_03820,39.756245,-104.940533,2/5/2015 13:21,13:21,12,0,0,COLORADO BLVD N & HADDON RD N,1,1,0,0,1,1,,,35,0,0,0,0,0,2,2,13
,2015_03821,39.761878,-104.940511,7/16/2015 9:05,9:05,12,0,0,MLK BLVD E & COLORADO BLVD N,1,1,1,0,1,3,,,35,0,0,0,0,0,2,2,13
,2015_03822,39.76452,-104.940501,2/27/2015 17:23,17:23,1,0,0,COLORADO BLVD 3400 BLK N & BRUCE RANDOLPH AVE E,2,2,0,0,1,1,,,30,0,0,0,0,1,2,3,13
,2015_03823,39.779255,-104.940515,4/3/2015 6:35,6:35,15,0,0,COLORADO BLVD N & I-70,5,1,0,0,1,4,,,35,0,0,0,0,0,2,2,14
,2015_03834,39.72542,-105.025174,11/3/2015 17:40,17:40,12,0,0,6TH AVE W & FEDERAL BLVD N,1,3,1,0,1,4,,,45,0,0,0,0,0,2,3,8
,2015_03835,39.72542,-105.025361,1/9/2015 16:55,16:55,12,0,0,6TH AVE WB ON RAMP FROM FEDERAL & RAMP MERGE,2,2,0,0,1,8,,,35,0,0,0,0,1,2,2,3
,2015_03836,39.725516,-105.013084,6/26/2015 18:15,18:15,12,0,0,6TH AVE W & I-25,1,1,0,0,1,4,,,45,0,0,0,0,0,2,2,13
,2015_03837,39.725218,-105.017695,9/11/2015 20:35,20:35,15,0,0,6TH AVE W & I-25,1,3,1,0,1,4,,,65,0,0,0,0,0,2,2,13
,2015_03849,39.683106,-104.940515,1/6/2015 15:29,15:29,12,0,0,I-25 & COLORADO BLVD S,1,1,0,0,1,4,,,60,0,0,0,0,0,1,2,13
,2015_03850,39.683106,-104.940515,5/4/2015 7:00,7:00,12,0,0,COLORADO BLVD S & I-25 UNDERPASS,2,1,0,0,1,4,,,40,0,0,0,0,1,1,2,1
,2015_03851,39.684158,-104.944535,8/14/2015 6:54,6:54,12,0,0,I-25 & S COLORADO BLVD,1,1,0,7,1,4,,,60,0,0,0,0,0,1,2,7
,2015_03853,39.684918,-104.950446,4/25/2015 16:48,16:48,12,0,0,I-25 & STEELE ST S,1,1,0,0,1,4,,,55,0,0,0,0,1,1,3,13
,2015_03854,39.68492,-104.959513,5/15/2015 15:40,15:40,12,0,0,I-25 & UNIVERSITY BLVD S,1,1,0,0,1,4,,,55,0,0,0,0,0,1,2,13
,2015_03855,39.688333,-104.96997,1/8/2015 13:30,13:30,5,0,0,I-25 & MM 205.7,1,1,0,0,1,4,,,60,0,0,0,0,0,1,2,13
,2015_03856,39.690017,-104.973363,4/4/2015 11:39,11:39,12,0,0,I-25 & DOWNING ST S,1,1,0,0,1,4,,,60,0,0,0,0,0,1,2,12
,2015_03857,39.72543,-105.013021,7/15/2015 9:30,9:30,12,0,0,I-25 & 6TH AVE W,1,1,0,0,1,4,,,55,0,0,0,0,0,1,2,13
,2015_03858,39.755141,-105.012706,3/16/2015 14:45,14:45,12,0,0,I-25 & SPEER BLVD N,1,1,0,0,1,4,,,55,0,0,0,0,0,1,2,13
,2015_03859,39.755141,-105.012706,8/2/2015 10:25,10:25,12,0,0,I-25 & SPEER BLVD,1,1,0,0,1,4,,,55,0,0,0,0,0,1,3,13
,2015_03860,39.743467,-105.016086,8/29/2015 22:00,22:00,15,0,0,I-25 & 17TH AVE W,1,3,0,0,1,4,,,55,0,0,0,0,0,1,2,13
,2015_03861,39.729334,-105.014821,8/16/2015 12:38,12:38,12,0,0,I-25 & 8TH AVE W,1,1,0,1,1,4,,,55,0,0,0,0,0,1,2,13
,2015_03862,39.768039,-104.994788,7/28/2015 7:45,7:45,12,0,0,I-25 & PARK AVE WEST,1,1,0,0,1,4,,,55,0,0,0,0,0,1,2,13
,2015_03863,39.769684,-104.99197,10/18/2015 22:45,22:45,12,0,0,I-25 & PARK AVE WEST,1,3,0,0,1,4,,,55,0,0,0,0,0,1,2,13
,2015_03885,39.711183,-105.00205,9/1/2015 10:30,10:30,6,0,1,ALAMEDA AVE 1200 BLK W & LIPAN ST S,1,1,0,0,1,4,,,35,0,0,0,0,3,2,2,3
,2015_03886,39.653093,-104.912695,3/11/2015 13:33,13:33,12,0,0,HAMPDEN AVE 6500 BLK E & MONACO ST S,1,1,0,0,1,3,,,40,0,0,0,0,0,2,2,13
,2015_03888,39.653092,-104.912513,6/23/2015 15:45,15:45,12,0,0,HAMPDEN AVE E & MONACO ST S,1,1,1,0,1,3,,,40,0,0,0,0,0,2,3,13
,2015_03889,39.653077,-104.898688,7/24/2015 16:40,16:40,15,0,0,HAMPDEN AVE E & TAMARAC DR S,1,1,0,0,1,1,,,40,0,0,0,0,0,2,3,13
,2015_03890,39.65306,-104.885384,5/7/2015 22:10,22:10,3,0,0,HAMPDEN AVE E & YOSEMITE ST S,2,3,0,1,1,2,,,40,0,0,0,0,0,2,2,13
,2015_03891,39.653021,-104.875937,2/20/2015 8:04,8:04,12,0,0,HAMPDEN AVE 9600 BLK E & DAYTON ST S,1,1,0,0,1,4,,,45,0,0,0,0,0,2,2,13
,2015_03892,39.65302,-104.875567,7/7/2015 14:38,14:38,12,0,0,HAMPDEN AVE 9700 BLK E & DAYTON ST S,2,1,0,1,1,1,,,40,0,0,0,0,0,2,2,2
,2015_03893,39.670857,-104.866047,10/3/2015 2:00,2:00,12,0,0,HAVANA ST S & PARKER RD S,1,3,1,0,1,1,,,45,0,0,0,0,0,2,2,5
,2015_03905,39.777393,-104.903402,6/9/2015 15:02,15:02,15,0,0,I-70 EB RAMPS & QUEBEC ST N,1,1,1,0,1,3,,,40,0,0,0,0,0,2,2,13
,2015_03906,39.781847,-104.90172,7/24/2015 16:40,16:40,15,0,0,4700 N NORTHFIELD QUEBEC ST & SANDCREEK RD,1,1,1,0,1,3,,,30,0,0,0,0,0,2,3,13
,2015_03907,39.781956,-104.901624,4/22/2015 8:50,8:50,12,0,1,SAND CREEK RD N & NORTHFIELD QUEBEC ST N,1,1,1,0,1,1,,,45,0,0,0,0,3,2,2,12
,2015_03908,39.783048,-104.900645,6/5/2015 11:55,11:55,12,0,0,NORTHFIELD QUEBEC ST N & I-270,2,1,2,0,1,4,,,35,0,0,0,0,0,2,2,13
,2015_03923,39.740342,-105.034582,7/17/2015 23:24,23:24,3,0,0,COLFAX AVE W & LOWELL BLVD,1,3,0,0,1,1,,,30,0,0,0,0,0,2,2,13
,2015_03924,39.740336,-105.015419,4/17/2015 22:50,22:50,12,0,0,COLFAX AVE W & I-25 SB OFF RAMP 'D',2,3,0,0,1,1,,,35,0,0,0,0,0,2,2,5
,2015_03927,39.739999,-104.990376,5/25/2015 9:45,9:45,12,0,0,COLFAX AVE 100 BLK E & BANNOCK ST N,1,1,0,0,1,3,,,30,0,0,0,0,0,2,2,13
,2015_03928,39.740002,-104.987332,2/12/2015 23:37,23:37,3,0,0,BROADWAY ST N & COLFAX AVE E,1,3,0,0,1,1,,,30,0,0,0,0,1,2,2,1
,2015_03929,39.74003,-104.982271,3/4/2015 23:32,23:32,12,0,0,COLFAX AVE E & LOGAN ST N,5,3,0,0,1,1,,,30,0,0,0,0,0,2,2,5
,2015_03930,39.739998,-104.978671,2/20/2015 9:23,9:23,3,0,0,COLFAX AVE E & WASHINGTON ST N,1,1,0,0,1,1,,,30,0,0,0,0,0,2,2,3
,2015_03931,39.740082,-105.005223,11/22/2015 16:08,16:08,12,0,1,COLFAX AVE W & OSAGE ST N,1,1,1,0,1,1,,,30,0,0,0,1,3,2,2,7
,2015_03934,39.740084,-104.892883,12/2/2015 2:36,2:36,12,0,0,COLFAX AVE E & UINTA ST N,1,3,0,0,1,1,,,35,0,0,0,0,0,2,2,13
,2015_03960,39.78498,-105.049355,6/23/2015 20:19,20:19,15,0,0,I-70 & SHERIDAN BLVD N,1,1,0,0,1,4,,,55,0,0,0,0,0,1,2,14
,2015_03962,39.783856,-105.029088,11/4/2015 9:22,9:22,15,0,0,I-70 & 3200 BLK W,1,1,1,0,1,4,,,65,0,0,0,0,0,1,2,14
,2015_03963,39.782395,-104.998417,12/24/2015 7:13,7:13,15,0,0,I-70  WB ON RAMP FROM & I-25,1,1,0,0,1,4,,,55,0,0,0,0,0,1,2,13
,2015_03964,39.780567,-104.991833,7/21/2015 11:30,11:30,15,0,0,I-70 EB OFF RAMP SPLIT & WASHINGTON ST N,1,1,1,0,1,8,,,35,0,0,0,0,0,1,2,13
,2015_03965,39.78015,-104.989981,5/26/2015 12:08,12:08,15,0,0,I-70 WB OFF LOOP RAMP TO SB & I-25,1,1,1,0,1,8,,,40,0,0,0,0,0,1,2,13
,2015_03966,39.780052,-104.989434,7/17/2015 15:50,15:50,12,0,0,I-70 & I-25,1,1,1,0,1,4,,,55,0,0,0,0,0,1,2,13
,2015_03967,39.780016,-104.962976,5/21/2015 5:35,5:35,15,0,0,I-70 & RACE ST N (NOT IN CORIS),1,2,0,0,1,4,,,55,0,0,0,0,0,1,2,7
,2015_03968,39.780014,-104.959201,4/12/2015 21:00,21:00,12,0,0,I-70 & YORK ST N,1,3,0,0,1,4,,,55,0,0,0,0,0,1,4,14
,2015_03969,39.780016,-104.954883,3/19/2015 17:14,17:14,12,0,0,I-70 & VASQUEZ BLVD N,1,1,0,0,1,4,,,55,0,0,0,0,0,1,2,13
,2015_03970,39.7783,-104.903459,7/8/2015 14:50,14:50,12,0,0,I-70 & N NORTHFIELD QUEBEC S,1,1,0,1,1,4,,,55,0,0,0,0,0,1,2,16
,2015_03971,39.7783,-104.903459,6/5/2015 11:59,11:59,12,0,0,I-70 & QUEBEC ST N,1,1,0,0,1,4,,,55,0,0,0,0,1,1,2,13
,2015_03972,39.7754,-104.863194,7/24/2015 10:06,10:06,15,0,0,I-70 & HAVANA ST,1,1,1,0,1,4,,,55,0,0,0,0,0,1,2,13