id,drcog_id,latitude,longitude,crashtime,time,crashtype,numbkilled,numbinjurd,drcoglocat,rdconditin,lightngcon,roadcntgrd,weatherco,location,roaddescrp,schoolzone,constrzone,splimit,bikeinv,pedinv,sctrinv,motoinv,svrty,rdsystem,ttlvehcls,hcf
,2015_03973,39.774335,-104.850848,1/14/2015 8:30,8:30,12,0,0,I-70 WB ON RAMP AT METER & PEORIA ST N,1,1,0,0,1,8,,,55,0,0,0,0,0,1,2,4
,2015_03974,39.774147,-104.848669,5/2/2015 2:10,2:10,12,0,0,I-70 & PEORIA ST N,1,3,0,0,1,4,,,55,0,0,0,0,0,1,2,1
,2015_03975,39.774005,-104.847034,2/4/2015 17:54,17:54,15,0,0,I-70 & PEORIA ST N,1,3,1,0,1,4,,,55,0,0,0,0,0,1,2,1
,2015_03976,39.774005,-104.847034,5/4/2015 2:45,2:45,15,0,1,I-70 & PEORIA ST N,2,3,0,1,1,4,,,35,0,0,0,0,2,1,3,13
,2015_03977,39.774005,-104.847034,5/22/2015 16:11,16:11,12,0,0,I-70 & PEORIA ST N,1,1,2,0,1,4,,,55,0,0,0,0,0,1,3,13
,2015_03979,39.774005,-104.847034,5/27/2015 5:20,5:20,1,0,3,PEORIA ST N & I-70 EB RAMPS,1,2,0,0,1,1,,,40,0,0,0,0,2,1,2,1
,2015_03980,39.773973,-104.846662,5/26/2015 18:05,18:05,12,0,0,I-70 EB ON RAMP & PEORIA ST N,1,1,0,0,1,8,,,55,0,0,0,0,1,1,3,8
,2015_03981,39.773359,-104.839521,6/12/2015 14:30,14:30,12,0,0,I-70 & I-225,1,1,0,0,1,4,,,55,0,0,0,0,0,1,2,13
,2015_03982,39.772547,-104.829979,7/10/2015 18:30,18:30,12,0,0,I-70 WB ON RAMP FROM NB & I-225,1,1,1,0,1,8,,,55,0,0,0,0,1,1,3,13
,2015_03997,39.692475,-104.992442,1/7/2015 7:00,7:00,3,0,0,PLATTE RIVER DR S & SANTA FE DR S,5,2,0,0,1,1,,,25,0,0,0,0,0,2,2,13
,2015_03998,39.695597,-104.992335,4/26/2015 16:43,16:43,15,0,0,SANTA FE DR S & ARIZONA AVE W,2,1,0,1,1,4,,,35,0,0,0,0,0,2,2,13
,2015_03999,39.696154,-104.992095,5/28/2015 11:14,11:14,15,0,0,SANTE FE DR 1100 BLK S & MISSISSIPPI AVE W,1,1,0,0,1,4,,,45,0,0,0,0,0,2,2,13
,2015_04001,39.697092,-104.991774,5/5/2015 7:30,7:30,15,0,0,PLATTE RIVER DR 1000 BLK S & MISSISSIPPI AVE W,1,1,0,0,1,4,,,45,0,0,0,0,0,2,3,13
,2015_04007,39.70678,-105.025084,9/29/2015 16:40,16:40,6,0,0,FEDERAL BLVD S & CUSTER PL W,1,1,0,0,1,1,,,35,0,0,0,0,0,2,2,13
,2015_04008,39.701621,-105.025064,4/7/2015 13:49,13:49,12,0,0,FEDERAL BLVD S & KENTUCKY AVE W,1,1,0,0,1,4,,,40,0,0,0,0,0,2,2,7
,2015_04009,39.70041,-105.025085,6/12/2015 21:28,21:28,9,0,2,FEDERAL BLVD 900 BLK S & KENTUCKY AVE,1,3,1,0,1,1,,,35,0,0,0,1,2,2,1,7
,2015_04010,39.696907,-105.025062,1/7/2015 13:37,13:37,12,0,0,FEDERAL BLVD S & MISSISSIPPI AVE W,2,1,0,0,1,3,,,40,0,0,0,0,0,2,2,1
,2015_04011,39.696907,-105.025062,2/3/2015 12:22,12:22,15,0,0,FEDERAL BLVD S & MISSISSIPPI AVE W,1,1,0,0,1,4,,,40,0,0,0,0,0,2,2,1
,2015_04012,39.68212,-105.025017,4/9/2015 15:15,15:15,12,0,0,FEDERAL BLVD S & JEWELL AVE W,1,1,0,0,1,4,,,40,0,0,0,0,0,2,3,3
,2015_04013,39.678616,-105.025049,1/24/2015 13:45,13:45,12,0,0,FEDERAL BLVD S & EVANS AVE W,1,1,0,0,1,1,,,35,0,0,0,0,0,2,2,13
,2015_04014,39.679201,-105.025042,8/12/2015 20:40,20:40,12,0,0,FEDERAL BLVD & 2000 BLK S,1,3,0,0,1,4,,,40,0,0,0,0,0,2,2,1
,2015_04015,39.660489,-105.025191,8/16/2015 2:15,2:15,15,0,0,FEDERAL BLVD S & DARTMOUTH AVE W,2,3,0,1,1,1,,,40,0,0,0,0,0,2,2,13
,2015_04023,0,0,6/28/2015 20:07,20:07,3,0,0,35TH AVE W & GROVE ST N,1,2,0,7,1,1,,,25,0,0,0,0,0,4,2,5
,2015_04028,39.656175,-105.053223,7/2/2015 20:48,20:48,12,0,0,SHERIDAN BLVD S & DARTMOUTH AVE W,2,3,0,1,1,1,,,40,0,0,0,0,0,2,2,13
,2015_04032,39.718463,-105.053276,5/9/2015 12:10,12:10,2,0,0,SHERIDAN BLVD N & 1ST AVE W,2,1,1,0,1,1,,,25,1,0,0,0,1,2,2,13
,2015_04033,39.731239,-105.053227,1/13/2015 17:35,17:35,15,0,0,SHERIDAN BLVD N & 9TH AVE W,2,4,0,2,1,1,,,35,0,0,0,0,0,2,2,13
,2015_04034,39.731239,-105.053227,5/26/2015 7:38,7:38,15,0,0,SHERIDAN BLVD 800 BLK N & 9TH AVE W,1,1,0,0,1,3,,,35,0,0,0,0,0,2,2,14
,2015_04035,39.736287,-105.053219,7/8/2015 15:52,15:52,15,0,0,SHERIDAN BLVD & 1200 BLK N,2,1,1,1,1,4,,,35,0,0,0,0,0,2,2,13
,2015_04051,39.641343,-104.880934,4/27/2015 16:58,16:58,12,0,1,I-225 & 3900 (APPROX),1,1,0,0,1,4,,,65,0,0,0,0,2,1,2,13
,2015_04066,39.779661,-104.967133,6/19/2015 15:20,15:20,15,0,0,BRIGHTON BLVD 4400 BLK N & I-70,1,1,0,0,1,3,,,30,0,0,0,0,0,2,2,7
,2015_04076,39.65315,-105.053133,6/17/2015 9:05,9:05,12,0,1,HAMPDEN AVE W & SHERIDAN BLVD S,1,1,0,0,1,8,,,35,0,0,0,0,2,2,2,3
,2015_04081,39.65299,-104.929338,1/31/2015 13:20,13:20,12,0,0,HAMPDEN AVE E & ELM ST S,1,1,0,0,1,1,,,35,0,0,0,0,0,2,2,3
,2015_04084,39.772055,-105.025236,2/24/2015 13:23,13:23,12,0,0,FEDERAL BLVD & 4000 BLK N,2,1,1,0,1,4,,,35,0,0,0,0,0,2,2,13
,2015_04085,39.743958,-105.025215,12/8/2015 17:55,17:55,15,0,0,17TH AVE W & FEDERAL BLVD N,1,3,0,0,1,1,,,35,0,0,0,0,0,2,2,13
,2015_04208,0,0,8/8/2015 20:11,20:11,6,0,0,14TH AVE E & JOSEPHINE ST N,1,3,0,7,1,1,,,30,0,0,0,0,0,4,2,16
,2015_04255,0,0,5/1/2015 7:08,7:08,5,0,0,VINE ST 1200 BLK N & GAYLORD ST,1,1,0,7,3,5,,,15,0,0,0,0,0,4,1,9
,2015_04282,0,0,6/19/2015 21:28,21:28,12,0,0,1ST AVE E & DETROIT ST N,1,3,0,7,1,1,,,30,0,0,0,0,1,4,4,16
,2015_04283,0,0,1/16/2015 20:37,20:37,12,0,1,1ST AVE & FEDERAL BLVD,1,3,0,0,1,4,,,35,0,0,0,0,2,4,2,5
,2015_04284,0,0,2/16/2015 15:25,15:25,12,0,0,1ST AVE W & FEDERAL BLVD N,6,1,0,2,1,2,,,25,0,0,0,0,0,4,2,2
,2015_04285,0,0,2/3/2015 11:45,11:45,6,0,0,2ND AVE 2700 BLK E & CLAYTON LN N,5,1,0,7,1,3,,,25,0,0,0,0,0,4,2,16
,2015_04287,0,0,7/2/2015 9:55,9:55,3,0,0,6TH AVE E & BROADWAY ST N,1,1,0,0,1,1,,,30,0,0,0,0,0,4,2,13
,2015_04288,0,0,1/15/2015 9:37,9:37,3,0,0,6TH AVE W & DELAWARE ST N,1,1,0,0,1,1,,,35,0,0,0,0,0,4,2,7
,2015_04289,0,0,3/20/2015 21:35,21:35,10,0,0,6TH AVE E & GRANT ST N,1,3,0,0,1,2,,,30,0,0,0,0,0,4,2,1
,2015_04290,0,0,3/19/2015 23:40,23:40,3,0,1,6TH AVE W & KALAMATH ST N,1,4,0,7,1,1,,,35,0,0,0,0,2,4,2,16
,2015_04291,0,0,8/29/2015 0:10,0:10,6,0,0,5TH AVE E & UNIVERSITY BLVD N,1,3,0,7,1,3,,,30,0,0,0,0,0,4,2,5
,2015_04292,0,0,1/5/2015 18:36,18:36,6,0,0,7TH AVE & 900 W,6,3,0,0,1,4,,,30,0,0,0,0,0,4,2,13
,2015_04293,0,0,3/12/2015 17:23,17:23,12,0,0,8TH AVE 4500 BLK E & CHERRY ST N,1,1,0,7,1,3,,,30,0,0,0,0,0,4,2,16
,2015_04294,0,0,5/5/2015 13:00,13:00,3,0,0,10TH AVE & 5200 BLK W,2,1,1,1,1,2,,,30,0,0,0,0,0,4,2,13
,2015_04295,0,0,1/6/2015 9:23,9:23,6,0,0,10TH AVE E & PONTIAC ST N,5,1,1,7,1,4,,,25,0,0,0,0,0,4,2,16
,2015_04296,0,0,2/12/2015 17:40,17:40,12,0,0,12TH AVE E & MONACO ST N,1,2,0,7,1,1,,,30,0,0,0,0,0,4,2,14
,2015_04297,0,0,7/2/2015 6:40,6:40,3,0,0,12TH AVE & ODGEN ST,1,2,0,1,1,1,,,25,0,0,0,0,0,4,2,16
,2015_04298,0,0,1/21/2015 17:36,17:36,3,0,0,12TH AVE E & SHERMAN ST N,4,3,0,2,1,1,,,25,0,0,0,0,0,4,2,16
,2015_04299,0,0,4/2/2015 5:20,5:20,3,0,0,12TH AVE 700 BLK E & WASHINGTON ST N,1,3,0,7,1,5,,,10,0,0,0,0,0,4,2,14
,2015_04300,0,0,6/10/2015 23:23,23:23,2,0,1,13TH AVE & 800 BLK W,1,3,0,0,1,4,,,30,1,0,0,0,3,4,2,5
,2015_04301,0,0,6/12/2015 10:09,10:09,3,0,0,13TH AVE W & SPEER BLVD N,2,1,0,7,1,1,,,35,0,0,0,0,0,4,2,14
,2015_04302,0,0,4/6/2015 12:50,12:50,3,0,0,13TH AVE E & N VERBENA ST,1,1,0,7,1,1,,,35,0,0,0,0,1,4,2,8
,2015_04303,0,0,5/23/2015 16:30,16:30,6,0,0,21ST AVE E & HIGH ST N,1,1,0,7,1,4,,,25,0,0,0,0,0,4,2,16
,2015_04304,0,0,6/9/2015 15:37,15:37,12,0,0,21ST AVE E & YORK ST N,1,1,0,7,1,4,,,30,0,0,0,0,0,4,2,16
,2015_04305,0,0,11/13/2015 10:30,10:30,6,0,0,22ND AVE & 1400 BLK E,1,1,0,7,1,4,,,30,0,0,0,0,0,4,2,16
,2015_04306,0,0,5/3/2015 22:22,22:22,5,0,0,26TH AVE W & 2420,1,3,1,0,5,4,,,30,0,0,0,0,1,3,1,1
,2015_04307,0,0,8/10/2015 16:00,16:00,15,0,0,29TH AVE W & FEDERAL BLVD N,1,1,0,7,1,2,,,35,0,0,0,0,0,4,2,16
,2015_04308,0,0,2/25/2015 17:13,17:13,11,0,0,29TH AVE E & LAFAYETTE ST N,4,1,0,2,1,4,,,25,0,1,0,0,0,4,3,13
,2015_04309,0,0,3/8/2015 13:33,13:33,3,0,0,29TH AVE W & ZUNI ST N,1,1,0,7,1,1,,,25,0,0,0,0,0,4,2,16
,2015_04310,0,0,3/5/2015 20:31,20:31,6,0,0,31ST AVE & 2225 BLK W,1,4,1,0,1,4,,,25,0,0,0,0,0,4,3,7
,2015_04311,0,0,2/7/2015 11:50,11:50,12,0,0,38TH AVE 1500 BLK W & PECOS ST N,1,1,0,7,1,4,,,35,0,0,0,0,0,4,2,1
,2015_04312,0,0,1/20/2015 7:51,7:51,3,1,1,38TH AVE E & QUEBEC ST N,8,1,0,0,1,1,,,30,0,0,0,0,4,4,2,1
,2015_04313,0,0,1/6/2015 19:55,19:55,12,0,0,40TH AVE E & AIRPORT WAY N,1,3,0,7,1,3,,,45,0,0,0,0,0,4,2,16
,2015_04314,0,0,5/2/2015 19:30,19:30,3,0,1,40TH AVE E & PENA BLVD,1,1,0,0,1,1,,,40,0,0,0,0,2,4,2,5
,2015_04315,0,0,4/4/2015 10:55,10:55,10,0,0,41ST AVE E & STEELE ST N,1,1,0,0,1,1,,,35,0,0,0,0,0,4,2,8
,2015_04316,0,0,8/14/2015 15:24,15:24,1,0,0,44TH AVE E & PEORIA ST N,1,1,0,7,1,1,,,35,0,0,0,0,0,4,2,8
,2015_04317,0,0,3/5/2015 20:00,20:00,6,0,0,46TH AVE W & NAVAJO ST N,5,4,0,7,1,4,,,30,0,0,0,0,0,4,4,16
,2015_04318,0,0,4/11/2015 22:56,22:56,1,0,0,47TH AVE W & WASHINGTON ST N,1,3,0,0,1,1,,,35,0,0,0,0,0,4,2,13
,2015_04319,0,0,9/14/2015 10:09,10:09,6,0,0,45TH AVE 4900 BLK W & N XAVIER ST,1,1,1,7,1,4,,,25,0,0,0,0,0,4,2,1
,2015_04320,0,0,10/23/2015 9:30,9:30,3,0,0,44TH AVE W & TENNYSON ST N,1,1,0,0,1,5,,,30,0,0,0,0,0,4,2,13
,2015_04321,0,0,3/12/2015 17:40,17:40,12,0,0,56TH AVE E & PENA BLVD,1,1,0,7,1,3,,,35,0,0,0,0,0,4,2,16
,2015_04322,0,0,1/1/2015 0:12,0:12,6,0,0,ACOMA ST & 2151 S,4,3,0,0,1,4,,,25,0,0,0,0,0,4,2,6
,2015_04323,0,0,5/15/2015 9:35,9:35,12,0,1,ALAMEDA AVE 5600 BLK E & HOLLY ST S,1,1,1,0,1,4,,,35,0,0,0,0,2,4,3,12
,2015_04324,0,0,1/1/2015 22:27,22:27,12,0,0,ALAMEDA AVE W & BANNOCK ST S,4,3,1,2,1,4,,,30,0,0,0,0,0,4,2,5
,2015_04325,0,0,1/15/2015 0:48,0:48,14,0,0,EMERSON ST 1300 BLK N & 13TH AVE E,1,3,0,7,1,4,,,30,0,0,0,0,0,4,2,16
,2015_04326,0,0,6/30/2015 5:08,5:08,3,0,1,ALAMEDA AVE E & QUEBEC ST S,1,3,0,7,1,1,,,35,0,0,0,0,2,4,2,16
,2015_04327,0,0,8/9/2015 16:32,16:32,12,0,0,ALAMEDA AVE W & SANTA FE DR S,1,1,0,7,1,1,,,30,0,0,0,0,0,4,2,16
,2015_04328,0,0,12/16/2015 13:50,13:50,6,0,0,AMHERST AVE 4300 BLK E & BIRCH ST S,4,1,1,7,1,4,,,25,0,0,0,0,0,4,2,1
,2015_04329,0,0,9/19/2015 23:21,23:21,12,0,0,ALAMEDA AVE E & SHERMAN ST S,1,3,0,0,1,3,,,30,0,0,0,0,0,4,2,5
,2015_04330,0,0,9/11/2015 22:40,22:40,15,0,0,BROADWAY ST & 700 BLK S,1,3,1,0,1,4,,,35,0,0,0,0,1,4,2,13
,2015_04331,0,0,7/9/2015 11:46,11:46,1,0,1,CEDAR AVE E & BROADWAY ST S,1,1,0,7,1,1,,,25,0,0,0,1,2,4,2,16
,2015_04332,0,0,7/28/2015 8:15,8:15,1,0,0,CEDAR AVE E & BROADWAY ST S,1,1,0,7,1,1,,,25,0,0,0,0,0,4,2,16
,2015_04333,0,0,1/8/2015 22:39,22:39,5,0,1,CEDAR AVE W & FEDERAL BLVD S,5,3,1,2,3,5,,,25,0,0,0,0,2,4,1,8
,2015_04334,0,0,5/2/2015 16:06,16:06,12,0,0,CENTRAL ST & 16TH ST,1,1,0,7,1,3,,,25,0,0,0,0,0,4,2,16
,2015_04335,0,0,4/9/2015 7:19,7:19,15,0,0,CHAMBERS RD N & 40TH AVE E,1,1,0,0,1,1,,,40,0,0,0,0,0,4,2,13
,2015_04336,0,0,1/27/2015 8:45,8:45,12,0,0,CHAMPA ST 2900 & 29TH AVE E,1,1,0,7,1,4,,,30,0,0,0,0,0,4,3,16
,2015_04337,0,0,6/27/2015 23:45,23:45,6,0,0,CHERRY ST N & BRUCE RANDOLPH AVE E,1,3,0,7,1,4,,,25,0,0,0,0,0,4,2,16
,2015_04338,0,0,7/23/2015 17:04,17:04,12,0,0,DARTMOUTH AVE 2700 BLK E & DALLAS WAY S,1,1,0,7,1,1,,,25,0,0,0,0,1,4,2,3
,2015_04339,0,0,6/27/2015 6:05,6:05,6,0,0,DARTMOUTH AVE W & QUITMAN ST S,1,1,1,7,1,4,,,30,0,0,0,0,0,4,2,3
,2015_04340,0,0,4/9/2015 9:35,9:35,3,0,0,DOWNING ST 1800 BLK N & 18TH AVE E,1,1,0,7,1,2,,,30,0,0,0,0,0,4,2,16
,2015_04341,0,0,7/17/2015 17:09,17:09,6,0,0,DOWNING ST 300 BLK S & ALAMEDA AVE E,1,1,0,7,1,4,,,30,0,0,0,0,0,4,2,1
,2015_04342,0,0,1/17/2015 15:38,15:38,12,0,0,DOWNING ST 2000 BLK S & EVANS AVE E,1,3,0,7,1,3,,,30,0,0,0,0,0,4,2,16
,2015_04343,0,0,7/28/2015 17:32,17:32,12,0,0,ELATI ST 1300 BLK N & 14TH AVE W,1,1,0,7,1,4,,,30,0,0,0,0,0,4,2,7
,2015_04344,0,0,3/28/2015 1:30,1:30,8,0,0,ELIZABETH ST 1300 BLK N & 14TH AVE E,1,3,1,7,1,4,,,20,0,0,0,0,0,4,4,16
,2015_04345,0,0,2/27/2015 11:11,11:11,15,0,0,KALAMATH ST N & 6TH AVE W,6,1,0,0,1,4,,,35,0,0,0,0,0,4,2,13
,2015_04346,0,0,5/15/2015 14:50,14:50,15,0,0,KALAMATH ST S & ALAMEDA AVE W,1,1,0,0,1,4,,,30,0,0,0,0,0,4,2,13
,2015_04347,0,0,1/7/2015 1:40,1:40,6,0,0,KNOX CT 700 N & 8TH AVE W,1,3,0,0,1,4,,,25,0,0,0,0,0,4,2,13
,2015_04348,0,0,5/18/2015 9:45,9:45,3,0,0,KNOX CT S & GIRARD AVE W,1,1,0,0,1,1,,,25,0,0,0,0,0,4,2,7
,2015_04349,0,0,7/12/2015 20:12,20:12,11,0,1,LARIMER ST 1400 BLK & 14TH ST,1,1,0,0,1,4,,,25,0,1,0,0,2,4,2,13
,2015_04350,0,0,3/15/2015 14:18,14:18,12,0,0,LINCOLN ST N & 1ST AVE E,1,1,0,7,1,4,,,35,0,0,0,0,0,4,3,16
,2015_04351,0,0,8/11/2015 7:12,7:12,12,0,0,LINCOLN ST 700 BLK N & 7TH AVE E,1,1,0,7,1,4,,,30,0,0,0,0,0,4,2,8
,2015_04352,0,0,1/22/2015 19:39,19:39,15,0,0,LINCOLN ST 1200 BLK N & 13TH AVE E,1,3,0,0,1,4,,,30,0,0,0,0,0,4,2,13
,2015_04353,0,0,2/16/2015 7:11,7:11,6,0,0,LINCOLN ST 1600 BLK N & 17TH AVE E,4,1,1,2,1,4,,,30,0,0,0,0,0,4,3,16
,2015_04354,0,0,3/29/2015 2:15,2:15,10,0,0,LINCOLN ST N & 18TH AVE E,1,3,0,0,1,1,,,35,0,0,0,0,0,4,2,8
,2015_04355,0,0,4/19/2015 11:35,11:35,12,0,0,LINCOLN ST S & DAKOTA AVE E,1,1,0,0,1,5,,,15,0,0,0,0,0,4,2,13
,2015_04356,0,0,2/25/2015 16:18,16:18,6,0,0,NAVAJO ST N & 33RD AVE W,4,2,1,2,1,4,,,25,0,0,0,0,0,4,2,16
,2015_04357,0,0,6/16/2015 9:00,9:00,12,0,0,LOGAN ST 800 BLK N & 9TH AVE E,14,1,1,7,1,2,,,30,0,0,0,0,0,4,2,16
,2015_04358,0,0,4/21/2015 14:00,14:00,6,0,0,LOGAN ST 1000 BLK N & 11TH AVE E,1,1,1,7,1,4,,,30,0,0,0,0,0,4,2,16
,2015_04359,0,0,1/24/2015 13:36,13:36,5,0,0,LOGAN ST 1 S & ELLSWORTH AVE E,1,1,0,7,3,1,,,30,0,0,0,0,0,4,1,5
,2015_04360,0,0,4/7/2015 16:46,16:46,3,0,0,LOGAN ST S & OHIO AVE E,1,1,0,7,1,1,,,25,0,0,0,0,0,4,2,16
,2015_04361,0,0,7/28/2015 21:42,21:42,3,0,0,LOUISIANA AVE E & BUCHTEL BLVD E,1,3,0,7,1,1,,,30,0,0,0,0,0,4,2,16
,2015_04362,0,0,8/8/2015 21:45,21:45,12,0,0,LOUISIANA AVE 500 BLK E & PEARL ST S,1,3,0,7,1,3,,,10,0,0,0,0,0,4,2,16
,2015_04363,0,0,7/26/2015 1:30,1:30,5,0,0,LOWELL BLVD 400 BLK N & 4TH AVE,1,4,0,7,2,4,,,25,0,0,0,0,0,4,1,14
,2015_04364,0,0,3/12/2015 10:25,10:25,6,0,0,STUART ST N & 1336 N STUART ST,1,1,0,0,1,4,,,25,0,0,0,0,0,4,2,14
,2015_04365,0,0,4/17/2015 20:50,20:50,6,0,0,SYRACUSE ST 1200 N & 13TH AVE E,1,3,0,7,1,4,,,30,0,0,0,0,0,4,2,5
,2015_04366,0,0,1/21/2015 8:55,8:55,12,0,0,MLK BLVD E & BEELER ST N,4,1,0,2,1,1,,,35,0,0,0,0,0,4,2,16
,2015_04367,0,0,1/30/2015 16:14,16:14,12,0,1,MONACO ST N & 29TH AVE E,1,1,0,7,1,1,,,30,0,0,0,0,2,4,2,2
,2015_04368,0,0,2/12/2015 21:37,21:37,12,0,0,MONACO ST 1200 BLK S & ARIZONA AVE E,1,3,0,7,1,4,,,35,0,0,0,0,0,4,2,16
,2015_04369,0,0,6/27/2015 17:24,17:24,12,0,0,MONACO ST S & EVANS AVE E,1,1,0,7,1,4,,,35,0,0,0,0,0,4,2,3
,2015_04370,0,0,5/4/2015 15:45,15:45,12,0,0,MONACO ST S & MEXICO AVE E,1,1,0,1,1,4,,,35,0,0,0,0,0,4,2,3
,2015_04371,0,0,7/9/2015 7:32,7:32,3,0,0,MONCRIEFF PL W & LOWELL BLVD N,1,1,0,0,1,1,,,30,0,0,0,0,0,4,2,13
,2015_04372,0,0,4/7/2015 15:00,15:00,6,0,0,OHIO AVE & GAYLORD ST S,1,1,0,0,1,4,,,25,0,0,0,0,0,4,2,13
,2015_04373,0,0,1/20/2015 11:10,11:10,3,0,0,OSAGE ST N & 13TH AVE W,1,1,1,7,1,1,,,30,0,0,0,0,0,4,2,16
,2015_04374,0,0,11/21/2015 19:30,19:30,5,0,0,OSCEOLA ST & 1295 S,1,4,1,0,3,5,,,10,0,0,0,0,0,4,1,5
,2015_04375,0,0,7/5/2015 15:47,15:47,12,0,0,PECOS ST N & BEEKMAN PL W,1,1,0,7,1,1,,,35,0,0,0,0,0,4,2,3
,2015_04376,0,0,5/24/2015 18:50,18:50,5,0,1,PENA BLVD & 8300 BLK,1,1,0,0,3,4,,,45,0,0,0,0,2,4,1,7
,2015_04377,0,0,4/16/2015 11:00,11:00,6,0,0,PENA BLVD 8400 BLK & ADJ DOOR 111,1,3,0,7,1,4,,,10,0,0,0,0,0,4,2,16
,2015_04378,0,0,7/9/2015 22:24,22:24,1,0,0,PERRY ST & 600 BLK N,2,3,0,1,1,2,,,30,0,0,0,0,0,4,2,13
,2015_04379,0,0,8/11/2015 15:12,15:12,12,0,0,QUEBEC ST 200 BLK S & ALAMEDA AVE E,1,1,0,7,1,3,,,30,0,0,0,0,0,4,3,3
,2015_04380,0,0,2/1/2015 11:20,11:20,3,0,0,QUEBEC ST S & CHERRY CREEK SOUTH DR E,6,1,0,0,1,1,,,35,0,0,0,0,0,4,2,13
,2015_04382,0,0,1/17/2015 23:20,23:20,15,0,0,QUEBEC ST N & MONTVIEW BLVD E,1,3,0,7,1,4,,,35,0,0,0,0,0,4,2,16
,2015_04383,0,0,1/18/2015 2:23,2:23,9,0,0,RANDOLPH PL & 21600 BLK E,1,3,0,0,1,4,,,25,0,0,0,0,0,4,2,13
,2015_04384,0,0,11/29/2015 16:19,16:19,15,0,0,17TH ST 700 BLK & STOUT ST,2,2,0,0,1,4,,,25,0,0,0,0,0,4,2,14
,2015_04385,0,0,6/17/2015 14:00,14:00,6,0,0,RARITAN ST S & MOSIER PL W,1,1,0,7,1,4,,,25,0,0,0,0,0,4,2,7
,2015_04386,0,0,1/9/2015 8:29,8:29,12,0,0,S ROSEMARY WY & TAMARAC DR S,5,1,1,7,1,1,,,25,0,0,0,0,0,4,2,16
,2015_04387,0,0,2/28/2015 11:59,11:59,6,0,0,14TH ST 1000 BLK & ARAPAHOE ST,4,3,0,7,1,4,,,25,0,0,0,0,0,4,2,14
,2015_04388,0,0,6/11/2015 7:16,7:16,6,0,0,14TH ST & STOUT ST,1,1,0,7,1,4,,,,0,0,0,0,0,4,2,16
,2015_04389,0,0,7/12/2015 16:53,16:53,11,0,0,15TH ST & LAWRENCE ST,1,1,0,0,1,1,,,25,0,1,0,0,1,4,2,13
,2015_04390,0,0,3/8/2015 3:39,3:39,15,0,0,17TH ST 600 BLK & WELTON ST,1,3,0,7,1,4,,,25,0,0,0,0,0,4,2,16
,2015_04391,0,0,2/16/2015 17:50,17:50,5,0,0,TAMARAC DR 4060 S & 4060 BLK S,4,2,0,2,2,4,,,30,0,0,0,0,0,4,1,13
,2015_04392,0,0,3/11/2015 9:02,9:02,12,0,0,20TH ST & BROADWAY ST N,1,1,0,7,1,1,,,30,0,0,0,0,0,4,2,16
,2015_04393,0,0,12/19/2015 1:40,1:40,5,0,0,20TH ST 2100 BLK & CHESTNUT ST,5,3,1,0,2,4,,,25,0,0,0,0,0,4,1,14
,2015_04395,0,0,4/10/2015 12:09,12:09,3,0,0,25TH ST & CHAMPA ST,1,1,0,7,1,1,,,30,0,0,0,0,0,4,2,16
,2015_04396,0,0,5/2/2015 15:07,15:07,3,0,0,28TH ST 1200 BLK & LAWRENCE ST,1,1,0,7,1,1,,,30,0,0,0,0,0,4,2,16
,2015_04397,0,0,3/2/2015 10:45,10:45,15,0,0,38TH ST & 1800 BLK,1,1,1,0,1,4,,,30,0,0,0,0,0,4,2,8
,2015_04398,0,0,6/19/2015 22:45,22:45,12,0,0,38TH ST & WYNKOOP ST,1,3,0,7,1,1,,,30,0,0,0,0,0,4,2,1
,2015_04399,0,0,6/20/2015 22:50,22:50,15,0,0,SPEER BLVD N & 14TH AVE W,1,3,0,0,1,1,,,35,0,0,0,0,0,4,2,13
,2015_04400,0,0,4/22/2015 11:15,11:15,3,0,0,TENNESSEE AVE E & UNIVERSITY BLVD S,1,1,0,7,1,1,,,25,0,0,0,0,0,4,2,16
,2015_04401,0,0,3/26/2015 3:37,3:37,6,0,0,TENNYSON ST 1400 BLK N & COLFAX AVE W,1,4,0,7,1,4,,,25,0,0,0,0,0,4,2,16
,2015_04402,0,0,3/19/2015 13:25,13:25,12,0,0,TOWER RD N & 43RD AVE E,1,1,0,7,1,1,,,40,0,0,0,0,0,4,2,7
,2015_04403,0,0,3/8/2015 18:17,18:17,5,0,0,TOWER RD 4500 BLK N & 45TH AVE E,1,1,0,0,3,3,,,35,0,0,0,0,1,4,1,5
,2015_04404,0,0,7/22/2015 8:00,8:00,1,0,0,TOWER RD N & 62ND AVE E,1,1,0,7,1,1,,,45,0,0,0,0,0,4,2,1
,2015_04405,0,0,7/2/2015 21:38,21:38,3,0,0,TREMONT PL & 17TH ST,2,3,0,1,1,1,,,25,0,0,0,0,0,4,2,3
,2015_04406,0,0,3/17/2015 14:24,14:24,1,0,0,UNIVERSITY BLVD N & CHERRY CREEK DR N E,1,1,0,7,1,1,,,30,0,0,0,0,0,4,2,3
,2015_04408,0,0,1/17/2015 16:10,16:10,6,0,0,UNIVERSITY BLVD S & VASSAR AVE E,1,1,0,7,1,4,,,30,0,0,0,0,0,4,3,2
,2015_04409,0,0,8/1/2015 8:24,8:24,15,0,0,UNIVERSITY BLVD S & YALE AVE E,1,1,0,7,1,4,,,35,0,0,0,0,0,4,2,7
,2015_04410,0,0,1/1/2015 19:15,19:15,3,0,0,VINE ST N & 14TH AVE E,4,4,1,2,1,1,,,35,0,0,0,0,0,4,2,14
,2015_04411,0,0,2/25/2015 18:52,18:52,11,0,1,VIRGINIA AVE E & LINCOLN ST S,4,3,0,2,1,3,,,30,0,1,0,0,3,4,2,13
,2015_04412,0,0,2/28/2015 15:30,15:30,1,0,0,VRAIN ST S & JEWELL AVE W,2,1,0,7,1,1,,,30,0,0,0,0,0,4,2,16
,2015_04413,0,0,12/31/2015 8:00,8:00,6,0,0,UVALDA ST 5025 N & 51ST AVE E,4,1,0,7,1,4,,,25,0,0,0,0,0,4,2,16