id,drcog_id,latitude,longitude,crashtime,time,crashtype,numbkilled,numbinjurd,drcoglocat,rdconditin,lightngcon,roadcntgrd,weatherco,location,roaddescrp,schoolzone,constrzone,splimit,bikeinv,pedinv,sctrinv,motoinv,svrty,rdsystem,ttlvehcls,hcf
,2015_04414,0,0,6/12/2015 6:46,6:46,3,0,0,WEWATTA ST & 21ST ST,2,1,1,1,1,1,,,35,0,0,0,0,0,4,2,16
,2015_04415,0,0,3/6/2015 16:30,16:30,6,0,0,XAVIER ST N & 14TH AVE W,1,1,0,7,1,4,,,25,0,0,0,0,0,4,2,5
,2015_04416,0,0,7/2/2015 14:58,14:58,3,0,0,YORK ST 2500 BLK N & 26TH AVE E,1,1,0,7,1,1,,,30,0,0,0,0,0,4,2,8
,2015_04417,0,0,7/2/2015 14:08,14:08,1,0,0,ZUNI ST N & 29TH AVE W,1,1,0,0,1,1,,,30,0,0,0,0,0,4,2,13
,2015_04445,39.735732,-105.014488,2/22/2015 19:30,19:30,5,0,0,I-25 & 8TH AVE W,5,3,1,2,3,4,,,55,0,0,0,0,0,1,1,7
,2015_04532,39.714614,-104.940629,2/1/2015 14:37,14:37,3,0,0,COLORADO BLVD S & BAYAUD AVE E,2,1,0,0,1,1,,,30,0,0,0,0,0,2,2,13
,2015_04534,39.711621,-104.940627,2/14/2015 16:50,16:50,5,0,0,COLORADO BLVD S & ALAMEDA AVE E,1,1,0,0,3,1,,,30,0,0,0,0,0,2,1,5
,2015_04535,39.714912,-104.940628,6/24/2015 10:59,10:59,12,0,0,LEETSDALE DR 4000 BLK & COLORADO BLVD S,1,1,0,0,1,3,,,35,0,0,0,0,0,2,2,1
,2015_04536,0,0,1/3/2015 14:19,14:19,5,0,0,GVR BLVD E & CHAMBERS RD N,5,3,1,2,2,4,,,40,0,0,0,0,0,4,1,13
,2015_04538,39.75101,-104.940599,4/9/2015 13:05,13:05,1,0,0,COLORADO BLVD N & 23RD AVE E,1,1,0,0,1,1,,,35,0,0,0,0,1,2,3,14
,2015_04539,39.75804,-104.940526,4/28/2015 17:19,17:19,15,0,0,COLORADO BLVD N & 29TH AVE E,1,1,0,0,1,4,,,35,0,0,0,0,0,2,2,13
,2015_04540,39.776922,-104.94052,2/5/2015 10:10,10:10,12,0,0,COLORADO BLVD & 4300 BLK N,1,1,0,0,1,4,,,40,0,0,0,0,1,2,2,13
,2015_04565,39.740009,-104.96852,4/13/2015 19:23,19:23,10,0,0,COLFAX AVE E & PARK AVE WEST,1,1,0,0,1,1,,,30,0,0,0,0,0,2,2,14
,2015_04580,0,0,8/9/2015 3:33,3:33,5,0,0,GUN CLUB RD & 78TH AVE,1,3,1,0,4,1,,,25,0,0,0,0,0,4,1,8
,2015_04586,39.627163,-104.903401,8/10/2015 16:20,16:20,12,0,0,I-25 & BELLEVIEW AVE,1,1,0,0,1,4,,,65,0,0,0,0,0,1,2,13
,2015_04587,39.652129,-104.91777,4/16/2015 22:30,22:30,5,0,0,I-25 & HAMPDEN AVE E,6,3,0,2,2,4,,,65,0,0,0,0,0,1,1,13
,2015_04589,39.653075,-104.918243,4/8/2015 10:11,10:11,5,0,0,I-25 & HAMPDEN AVE E,1,1,0,0,1,4,,,60,0,0,0,0,0,1,4,13
,2015_04590,39.65571,-104.919467,1/9/2015 14:07,14:07,12,0,0,I-25 & HAMPDEN AVE E,1,1,0,0,1,4,,,60,0,0,0,0,1,1,2,13
,2015_04591,39.65571,-104.919467,1/30/2015 8:15,8:15,12,0,0,I-25 & HAMPDEN AVE E,1,1,0,0,1,4,,,65,0,0,0,0,0,1,2,3
,2015_04592,39.673956,-104.929921,3/20/2015 8:51,8:51,15,0,0,I-25 & EVANS AVE SB ENT GORE PT,1,1,0,0,1,4,,,60,0,0,0,0,0,1,2,13
,2015_04593,39.678691,-104.93384,1/26/2015 18:36,18:36,12,0,0,I-25 & EVANS AVE E,1,3,1,0,1,8,,,45,0,0,0,0,0,1,2,13
,2015_04594,39.68492,-104.959513,5/1/2015 11:34,11:34,5,0,0,I-25 & UNIVERSITY BLVD S,1,1,0,0,1,4,,,55,0,0,0,0,0,1,2,14
,2015_04595,39.690017,-104.973363,6/4/2015 1:15,1:15,15,0,0,I-25 & DOWNING ST S,2,3,0,2,1,4,,,55,0,0,0,0,0,1,2,13
,2015_04596,39.684917,-104.961222,1/10/2015 19:11,19:11,12,0,0,I-25 & UNIVERSITY BLVD S,1,3,0,0,1,8,,,30,0,0,0,0,0,1,2,3
,2015_04598,39.72543,-105.013021,5/21/2015 14:15,14:15,15,0,0,I-25 & 6TH AVE W,1,1,1,0,1,4,,,55,0,0,0,0,0,1,2,14
,2015_04599,39.686596,-104.966416,4/24/2015 5:25,5:25,12,0,1,I-25 & FRANKLIN ST S,1,3,0,0,1,4,,,60,0,0,0,0,2,1,3,13
,2015_04600,39.694462,-104.979284,4/15/2015 17:46,17:46,15,0,0,I-25 & WASHINGTON ST S,1,1,0,0,1,4,,,60,0,0,0,0,0,1,2,13
,2015_04601,39.695108,-104.980024,8/3/2015 14:54,14:54,5,0,0,I-25 & NB EXIT RAMP 'B' GORE PT TO BROADWAY/LI,1,1,0,0,3,4,,,55,0,0,0,0,0,1,2,1
,2015_04602,39.69543,-104.980395,7/16/2015 18:03,18:03,12,0,0,I-25 & WASHINGTON ST S,1,1,1,0,1,4,,,60,0,0,0,0,0,1,3,13
,2015_04603,39.697473,-104.982744,3/28/2015 12:31,12:31,12,0,1,I-25 & LOGAN ST S,1,1,0,0,1,4,,,60,0,0,0,0,2,1,6,13
,2015_04604,39.701452,-104.987435,5/13/2015 9:35,9:35,12,0,0,I-25 & BROADWAY S,1,1,0,0,1,4,,,55,0,0,0,0,0,1,2,13
,2015_04606,39.701452,-104.987435,8/5/2015 11:35,11:35,12,0,0,I-25 & BROADWAY ST,1,1,1,0,1,4,,,45,0,0,0,0,0,1,2,13
,2015_04607,39.71124,-104.998918,3/11/2015 13:00,13:00,15,0,0,I-25 & ALAMEDA AVE W,1,1,0,0,1,4,,,55,0,0,0,0,0,1,2,13
,2015_04608,39.71124,-104.998918,3/14/2015 9:30,9:30,12,0,0,I-25 & ALAMEDA AVE W,1,1,1,0,1,4,,,55,0,0,0,0,0,1,2,7
,2015_04609,39.718407,-105.005258,1/7/2015 8:36,8:36,15,0,0,I-25 & 1ST AVE OFFSET REF,2,1,1,2,1,4,,,55,0,0,0,0,0,1,2,13
,2015_04610,39.721072,-105.008211,2/13/2015 23:27,23:27,12,0,1,I-25 & MM 208.8,1,3,0,0,1,4,,,55,0,0,0,0,2,1,3,5
,2015_04611,39.725247,-105.012893,3/16/2015 6:10,6:10,12,0,0,I-25 SB/NB ON RAMP & 6TH AVE,1,1,0,0,1,8,,,55,0,0,0,0,0,1,3,8
,2015_04612,39.72543,-105.013021,2/17/2015 16:05,16:05,12,0,0,I-25 & 6TH AVE W,1,1,0,0,1,4,,,55,0,0,0,0,0,1,2,13
,2015_04614,39.72543,-105.013021,6/15/2015 14:28,14:28,15,0,0,I-25 & 6TH AVE W,1,1,1,0,1,4,,,55,0,0,0,0,0,1,2,13
,2015_04615,39.72543,-105.013021,8/10/2015 17:09,17:09,12,0,0,I-25 & 6TH AVE W,1,1,0,0,1,4,,,55,0,0,0,0,0,1,2,13
,2015_04616,39.729334,-105.014821,1/8/2015 16:25,16:25,15,0,0,I-25 & 8TH AVE,1,3,0,0,1,4,,,55,0,0,0,0,0,1,2,14
,2015_04617,39.729334,-105.014821,6/8/2015 15:28,15:28,15,0,0,I-25 & 8TH AVE W,1,1,0,0,1,4,,,55,0,0,0,0,0,1,2,14
,2015_04618,39.729334,-105.014821,7/29/2015 16:09,16:09,12,0,0,I-25 & 8TH AVE W,1,1,0,0,1,4,,,55,0,0,0,0,0,1,3,1
,2015_04619,39.729334,-105.014821,8/1/2015 13:01,13:01,12,0,0,I25 NB & 8TH AVE W,1,1,0,7,1,4,,,55,0,0,0,0,0,1,2,1
,2015_04620,39.730893,-105.015365,8/2/2015 2:10,2:10,5,0,0,I-25 SB OFF RAMP & ZUNI ST N,1,4,1,0,2,8,,,15,0,0,0,0,0,1,1,5
,2015_04621,39.732311,-105.015587,5/19/2015 15:54,15:54,15,0,0,I-25 & 9TH AVE W,2,1,0,1,1,4,,,55,0,0,0,0,0,1,2,13
,2015_04622,39.732696,-105.01558,8/10/2015 0:01,0:01,15,0,0,I-25 & 8TH AVE W,2,3,0,1,1,4,,,65,0,0,0,0,0,1,2,13
,2015_04623,39.751291,-105.016572,2/2/2015 13:50,13:50,12,0,0,I-25 & 23RD AVE W,1,1,0,0,1,4,,,55,0,0,0,0,0,1,2,1
,2015_04624,39.755141,-105.012706,5/28/2015 17:41,17:41,12,0,0,I-25 & SPEER BLVD,1,1,0,0,1,4,,,55,0,0,0,0,0,1,3,14
,2015_04625,39.760997,-105.004275,1/12/2015 7:00,7:00,12,0,0,I-25 & 20TH ST,1,2,0,0,1,4,,,55,0,0,0,0,0,1,2,3
,2015_04641,39.629871,-104.904931,3/4/2015 22:56,22:56,5,0,0,I-225 SB/WB OFF RAMP TUNNEL TO SB & I-25,5,3,1,0,3,8,,,55,0,0,0,0,0,1,1,13
,2015_04644,39.711188,-105.040916,1/7/2015 7:45,7:45,12,0,0,ALAMEDA AVE W & QUITMAN ST,5,1,0,2,1,1,,,35,0,0,0,0,0,2,2,13
,2015_04645,39.711094,-105.029897,5/18/2015 18:10,18:10,10,0,0,IRVING ST S & ALAMEDA AVE W,1,1,0,0,1,1,,,25,0,0,0,0,0,2,2,1
,2015_04646,39.711077,-105.025062,6/19/2015 22:34,22:34,12,0,0,ALAMEDA AVE W & FEDERAL BLVD S,1,3,0,0,1,1,,,40,0,0,0,0,1,2,4,5
,2015_04661,39.629967,-104.904923,3/6/2015 6:25,6:25,9,0,0,I-225 NB DIR CONNECT FROM NB & I-25,1,2,0,0,2,4,,,55,0,0,0,0,0,1,1,1
,2015_04682,39.740322,-105.053272,3/30/2015 16:47,16:47,15,0,0,COLFAX AVE W & SHERIDAN BLVD,1,1,0,0,1,1,,,35,0,0,0,0,0,2,4,3
,2015_04683,39.740018,-104.99668,4/10/2015 13:50,13:50,1,0,0,COLFAX AVE W & WELTON ST,1,1,0,0,1,1,,,30,0,0,0,0,0,2,2,13
,2015_04684,39.740336,-105.015419,6/13/2015 7:00,7:00,12,0,0,COLFAX AVE W & I-25 SB OFF RAMP 'D',1,2,0,0,1,4,,,35,0,0,0,0,0,2,3,5
,2015_04685,39.740007,-104.993263,7/13/2015 17:47,17:47,15,0,0,COLFAX AVE 400 BLK W & DELAWARE ST N,1,1,0,0,1,4,,,30,0,0,0,0,0,2,2,13
,2015_04686,39.740004,-104.986552,4/28/2015 15:00,15:00,12,0,0,COLFAX AVE 0 BLK & BROADWAY ST N,1,3,0,0,1,4,,,35,0,0,0,0,0,2,2,13
,2015_04687,39.740041,-104.983517,12/14/2015 13:07,13:07,12,0,0,COLFAX AVE 300 BLK E & GRANT ST N,1,1,0,0,1,1,,,35,0,0,0,0,0,2,2,13
,2015_04688,39.740041,-104.983517,4/24/2015 19:00,19:00,10,0,0,GRANT ST N & COLFAX AVE E,1,1,0,0,1,1,,,30,0,0,0,0,0,2,2,13
,2015_04689,39.739998,-104.978671,3/2/2015 5:13,5:13,3,0,1,COLFAX AVE E & WASHINGTON ST N,2,3,0,0,1,1,,,35,0,0,0,0,2,2,2,3
,2015_04690,39.739999,-104.978317,1/19/2015 21:51,21:51,3,0,1,COLFAX AVE 700 BLK E & WASHINGTON ST N,1,3,0,0,1,5,,,,0,0,0,0,2,2,2,5
,2015_04691,39.740166,-104.955968,4/25/2015 21:29,21:29,12,0,0,COLFAX AVE 2600 BLK E & ELIZABETH AVE N,1,3,0,0,1,4,,,30,0,0,0,0,1,2,2,7
,2015_04692,39.739981,-104.960039,9/12/2015 18:34,18:34,6,0,0,COLFAX AVE E & YORK ST N,1,1,0,0,1,4,,,30,0,0,0,0,0,2,3,5
,2015_04693,39.740085,-104.890588,2/1/2015 13:30,13:30,6,0,0,COLFAX AVE E & VERBENA ST N,10,1,0,0,1,4,,,20,0,0,0,0,0,2,2,7
,2015_04697,39.740085,-104.890588,11/20/2015 23:21,23:21,15,0,0,COLFAX AVE E & VERBENA ST N,5,3,0,2,1,4,,,30,0,0,0,0,0,2,2,16
,2015_04718,39.779895,-104.967089,2/19/2015 3:45,3:45,15,0,0,I-70 & BRIGHTON BLVD N,1,3,0,0,1,4,,,55,0,0,0,0,0,1,2,13
,2015_04719,39.783138,-105.006328,4/3/2015 8:00,8:00,12,0,0,I-70 & PECOS ST,2,1,0,0,1,4,,,55,0,0,0,0,0,1,4,13
,2015_04720,39.783138,-105.006328,3/26/2015 10:00,10:00,12,0,0,PECOS ST & I-70 EB RAMPS,1,1,1,0,1,6,,,20,0,0,0,0,0,1,2,13
,2015_04721,39.783345,-105.001821,4/30/2015 8:58,8:58,12,0,0,I-70 & I-25,1,1,0,0,1,4,,,55,0,0,0,0,1,1,3,13
,2015_04722,39.780083,-104.989627,7/26/2015 3:58,3:58,14,0,1,I-70 ON RAMP FROM & I-25,1,3,1,0,1,8,,,55,0,0,0,1,3,1,2,5
,2015_04723,39.780567,-104.991833,4/16/2015 12:19,12:19,12,0,0,I-70 WB OFF LOOP RAMP TO SB & I-25,2,1,1,2,1,8,,,45,0,0,0,0,0,1,3,8
,2015_04724,39.779961,-104.98886,5/27/2015 19:55,19:55,15,0,0,I-70 WB OFF RAMP & I-25,1,3,1,0,1,8,,,55,0,0,0,0,0,1,2,13
,2015_04725,39.779972,-104.944659,6/26/2015 16:52,16:52,12,0,0,I-70 & MM 276,1,1,0,0,1,4,,,55,0,0,0,0,0,1,2,7
,2015_04726,39.779944,-104.940633,4/6/2015 6:26,6:26,12,0,0,I-70 & COLORADO BLVD N,1,1,0,0,1,4,,,55,0,0,0,0,0,1,2,13
,2015_04727,39.779964,-104.939039,7/23/2015 17:13,17:13,15,0,0,I-70 & COLORADO BLVD N,1,1,0,0,1,4,,,65,0,0,0,0,0,1,2,2
,2015_04728,39.780081,-104.935742,1/11/2015 2:19,2:19,5,0,0,I-70 & COLORADO BLVD N,1,3,0,0,2,4,,,55,0,0,0,0,0,1,1,5
,2015_04730,39.780031,-104.93177,2/27/2015 9:30,9:30,12,0,0,I-70 & DAHLIA ST N,2,1,0,0,1,4,,,55,0,0,0,0,0,1,2,7
,2015_04732,39.779903,-104.93078,7/15/2015 18:34,18:34,12,0,0,I-70 & COLORADO BLVD N,1,1,0,0,1,4,,,55,0,0,0,0,0,1,2,13
,2015_04734,39.778271,-104.89681,7/7/2015 13:24,13:24,4,0,0,I-70 & I-270,1,1,0,0,1,4,,,55,0,0,0,0,0,1,1,13
,2015_04735,39.777095,-104.882471,7/10/2015 14:18,14:18,12,0,0,I-70 & CENTRAL PARK BLVD,1,1,1,0,1,4,,,55,0,0,0,0,0,1,3,13
,2015_04736,39.777095,-104.882471,8/8/2015 1:12,1:12,1,0,1,CENTRAL PARK BLVD & I-70 WB ON RAMP,1,3,1,0,1,1,,,35,0,0,0,0,2,1,2,13
,2015_04737,39.77814,-104.894487,11/12/2015 18:40,18:40,12,0,0,I-70 & QUEBEC ST N,1,3,0,0,1,4,,,55,0,0,0,0,0,1,2,16
,2015_04757,39.698614,-104.903604,6/17/2015 13:55,13:55,12,0,0,LEETSDALE DR & QUEBEC ST S,1,1,0,0,1,1,,,40,0,0,0,0,0,2,2,3
,2015_04758,39.698614,-104.903604,7/9/2015 16:59,16:59,1,0,0,LEETSDALE DR & QUEBEC ST S,1,1,1,0,1,1,,,35,0,0,0,0,0,2,2,3
,2015_04759,39.707382,-104.922467,8/13/2015 12:57,12:57,12,0,0,LEETSDALE DR 5600 BLK E & HOLLY ST S,1,1,1,0,1,4,,,35,0,0,0,0,1,2,2,3
,2015_04762,39.711328,-104.936473,2/5/2015 8:15,8:15,12,0,0,ALAMEDA AVE E & LEETSDALE DR,1,1,1,0,1,3,,,35,0,0,0,0,1,2,3,13
,2015_04763,39.714865,-104.940487,2/23/2015 12:53,12:53,10,0,0,LEETSDALE DR & BAYAUD AVE E,6,1,0,0,1,1,,,30,0,0,0,0,0,2,2,4
,2015_04776,39.696696,-104.991872,6/24/2015 7:40,7:40,15,0,0,MISSISSIPPI AVE & PLATTE RIVER DR S,1,1,0,0,1,4,,,45,0,0,0,0,0,2,2,13
,2015_04780,39.738848,-105.025291,6/30/2015 10:00,10:00,2,0,1,FEDERAL BLVD N & COLFAX AVE W,1,1,1,0,1,3,,,,1,0,0,0,2,2,2,13
,2015_04781,39.737975,-105.025273,1/14/2015 9:52,9:52,1,0,0,FEDERAL BLVD N & HOWARD PL W,1,1,0,0,1,1,,,35,0,0,0,0,0,2,2,14
,2015_04782,39.737975,-105.025273,6/21/2015 22:24,22:24,1,0,0,FEDERAL BLVD N & 14TH AVE W,1,3,0,0,1,1,,,35,0,0,0,0,0,2,2,13
,2015_04783,39.723512,-105.025158,8/13/2015 6:30,6:30,1,0,0,FEDERAL BLVD & 5TH AVE W,1,1,0,0,1,1,,,30,0,0,0,0,0,2,2,13
,2015_04784,39.70041,-105.025085,2/5/2015 17:25,17:25,1,0,0,FEDERAL BLVD S & KENTUCKY AVE W,1,3,0,0,1,1,,,40,0,0,0,0,0,2,2,1
,2015_04785,39.695025,-105.025059,3/19/2015 3:19,3:19,1,0,0,FEDERAL BLVD S & ARIZONA AVE W,1,1,0,0,1,2,,,40,0,0,0,0,0,2,2,1
,2015_04786,39.696764,-105.025061,9/9/2015 16:51,16:51,15,0,0,MISSISSIPPI AVE 2900 BLK & FEDERAL BLVD S,1,1,0,0,1,1,,,35,0,0,0,0,0,2,2,1
,2015_04787,39.682565,-105.025018,1/8/2015 17:36,17:36,15,0,0,FEDERAL BLVD S & JEWELL AVE W,1,2,1,0,1,4,,,40,0,0,0,0,0,2,2,13
,2015_04788,39.682271,-105.025016,7/7/2015 17:16,17:16,11,0,1,JEWELL AVE & FEDERAL BLVD S,1,1,0,1,1,1,,,,0,1,0,0,3,2,2,13
,2015_04789,39.678616,-105.025049,3/6/2015 7:30,7:30,15,0,0,FEDERAL BLVD S & EVANS AVE W,1,1,1,0,1,3,,,35,0,0,0,0,0,2,2,7
,2015_04790,39.678616,-105.025049,5/27/2015 5:14,5:14,5,0,0,FEDERAL BLVD S & EVANS AVE W,1,1,0,0,3,1,,,35,0,0,0,0,1,2,1,1
,2015_04791,39.676758,-105.025054,12/12/2015 18:15,18:15,3,0,0,FEDERAL BLVD S & WARREN AVE W,1,3,0,2,1,1,,,30,0,0,0,0,0,2,2,14
,2015_04794,39.624078,-104.908786,7/6/2015 16:15,16:15,3,0,0,BELLEVIEW AVE E & NIAGARA ST S,1,1,0,0,1,2,,,40,0,0,0,0,0,2,2,3
,2015_04796,39.662586,-105.05323,2/22/2015 6:30,6:30,5,0,0,SHERIDAN BLVD S & BATES AVE W,4,2,1,2,3,1,,,35,0,0,0,0,0,2,1,13
,2015_04797,39.682241,-105.053199,7/9/2015 16:35,16:35,12,0,0,SHERIDAN BLVD S & JEWELL AVE W,1,1,1,0,1,3,,,40,0,0,0,0,0,2,2,13
,2015_04798,39.713343,-105.053283,6/22/2015 13:28,13:28,14,0,0,SHERIDAN BLVD S & CEDAR AVE W,1,1,0,0,1,3,,,40,0,0,0,0,0,2,2,2
,2015_04800,39.718463,-105.053276,3/1/2015 17:45,17:45,3,0,1,1ST AVE W & SHERIDAN BLVD N,1,1,1,0,1,1,,,35,0,0,0,0,2,2,2,13
,2015_04801,39.72335,-105.053274,3/26/2015 7:40,7:40,12,0,0,SHERIDAN BLVD N & 4TH AVE W,1,1,0,0,1,4,,,40,0,0,0,0,0,2,2,7
,2015_04804,39.725746,-105.053134,3/19/2015 10:47,10:47,12,0,0,SHERIDAN BLVD N & 6TH AVE W,1,1,0,0,1,3,,,35,0,0,0,0,0,2,2,14
,2015_04813,39.63859,-105.081619,8/3/2015 16:50,16:50,12,0,0,WADSWORTH BLVD S & QUINCY AVE W,1,1,0,0,1,3,,,45,0,0,0,0,0,2,3,3
,2015_04849,0,0,12/18/2015 1:00,1:00,6,0,0,DECATUR ST & 186 S,6,3,0,7,1,4,,,25,0,0,0,0,0,4,2,16
,2015_04856,39.779661,-104.967133,4/10/2015 8:50,8:50,15,0,0,BRIGHTON BLVD N & I-70 EB RAMPS,1,1,0,0,1,1,,,35,0,0,0,0,0,2,2,13
,2015_04857,39.779661,-104.967133,6/14/2015 1:02,1:02,1,0,0,BRIGHTON BLVD N & I-70 EB RAMPS,1,3,1,0,1,1,,,35,0,0,0,0,0,2,2,13
,2015_04858,39.781986,-104.966698,4/23/2015 14:26,14:26,3,0,0,BRIGHTON BLVD 4700 BLK N & 47TH AVE E,1,1,0,0,1,1,,,30,0,0,0,0,0,2,2,3
,2015_04859,39.782996,-104.900882,6/29/2015 16:20,16:20,15,0,0,I-270 & NORTHFIELD QUEBEC ST,1,1,0,0,1,4,,,55,0,0,0,0,0,1,2,14
,2015_04860,39.782996,-104.900882,7/24/2015 12:45,12:45,12,0,0,I270 WB & N QUEBEC ST,1,1,0,7,1,4,,,55,0,0,0,0,0,1,2,16
,2015_04861,39.780647,-104.899267,2/11/2015 2:20,2:20,5,0,0,I-270 WB OFF RAMP TO QUEBEC ST & ENT GORE,2,3,1,1,2,8,,,55,0,0,0,0,0,1,1,5
,2015_04865,39.652995,-104.925107,1/2/2015 9:20,9:20,12,0,0,GRAPE ST S & HAMPDEN AVE E,5,1,1,0,1,1,,,35,0,0,0,0,0,2,2,7
,2015_04866,39.652996,-104.923962,8/6/2015 17:19,17:19,12,0,0,HAMPDEN AVE 5400 BLK E & HUDSON WAY S,1,1,0,0,1,4,,,35,0,0,0,0,1,2,2,13
,2015_04867,39.652997,-104.92278,2/19/2015 9:06,9:06,5,0,0,HAMPDEN AVE 5500 BLK E & HOLLY ST S,1,1,0,0,2,4,,,40,0,0,0,0,0,2,1,13
,2015_04870,39.760318,-105.025143,3/6/2015 16:44,16:44,12,0,0,FEDERAL BLVD N & SPEER BLVD N,1,1,1,0,1,1,,,35,0,0,0,0,0,2,2,13
,2015_04871,39.761982,-105.025164,5/21/2015 9:50,9:50,3,0,0,FEDERAL BLVD & 32ND AVE,1,1,0,0,1,1,,,35,0,0,0,0,0,2,2,13
,2015_04872,39.763508,-105.025166,12/13/2015 18:15,18:15,12,0,0,FEDERAL BLVD N & HIGHLAND PARK PL W,1,1,0,0,1,4,,,35,0,0,0,0,0,2,2,13
,2015_04873,39.77176,-105.025236,6/28/2015 17:36,17:36,12,0,0,FEDERAL BLVD N & 40TH AVE W,1,1,0,0,1,4,,,35,0,0,0,0,0,2,2,13
,2015_04874,39.772939,-105.025237,6/17/2015 6:59,6:59,12,0,0,FEDERAL BLVD & 41ST AVE W,1,1,0,0,1,3,,,35,0,0,0,0,0,2,3,14
,2015_04893,0,0,12/17/2015 9:31,9:31,5,0,0,ALAMEDA AVE 8000 BLK E & TAMARAC ST S,5,1,0,0,2,4,,,40,0,0,0,0,0,4,1,13
,2015_04915,39.833039,-104.746844,2/21/2015 16:10,16:10,9,0,1,E-470 EB OFF RAMP & PENA BLVD,5,1,1,2,3,8,,,45,0,0,0,0,3,2,1,14
,2015_04942,0,0,8/7/2015 14:25,14:25,6,0,0,PLATTE ST & 16TH ST,1,1,0,0,1,4,,,30,0,0,0,0,0,4,2,13
,2015_05040,0,0,6/17/2015 17:54,17:54,10,0,0,25TH AVE W & LOWELL BLVD,1,1,0,0,1,4,,,25,0,0,0,0,0,4,2,14
,2015_05058,0,0,7/10/2015 14:55,14:55,10,0,0,8TH AVE W & KALAMATH ST N,1,1,1,0,1,1,,,30,0,0,0,0,0,4,2,13
,2015_05060,0,0,8/14/2015 12:50,12:50,3,0,0,11TH AVE W & ACOMA ST N,1,1,0,7,1,1,,,30,0,0,0,0,0,4,2,16
,2015_05061,0,0,3/11/2015 7:25,7:25,3,0,0,12TH AVE W & CHEROKEE ST N,1,1,0,7,1,1,,,25,0,0,0,0,0,4,2,16
,2015_05062,0,0,5/21/2015 16:10,16:10,10,0,0,12TH AVE E & LOGAN ST N,1,1,0,0,1,1,,,30,0,0,0,0,0,4,2,13
,2015_05063,0,0,11/1/2015 7:20,7:20,6,0,0,13TH AVE E & QUEBEC ST N,1,1,0,7,1,4,,,30,0,0,0,0,0,4,3,7
,2015_05064,0,0,7/19/2015 0:01,0:01,6,0,0,12TH AVE 100 BLK E & SHERMAN ST N,1,3,1,0,1,4,,,30,0,0,0,0,0,4,2,13
,2015_05065,0,0,2/10/2015 17:26,17:26,12,0,0,13TH AVE & 1200 BLK W,1,2,1,0,1,4,,,30,0,0,0,0,0,4,2,13
,2015_05066,0,0,3/9/2015 8:26,8:26,12,0,0,14TH AVE 300 BLK W & CHEROKEE ST N,1,1,0,7,1,3,,,25,0,0,0,0,0,4,2,16
,2015_05067,0,0,12/1/2015 13:21,13:21,15,0,0,16TH AVE E & DETROIT ST N,1,1,0,0,1,4,,,30,0,0,0,0,0,4,2,13
,2015_05068,0,0,7/8/2015 15:53,15:53,3,0,0,16TH AVE W & WOLFF ST N,1,1,1,7,1,1,,,25,0,0,0,0,0,4,2,16
,2015_05069,0,0,3/14/2015 14:00,14:00,15,0,0,29TH AVE E & ROSLYN ST N,1,1,0,0,1,4,,,25,0,0,0,0,0,4,2,13
,2015_05070,0,0,4/2/2015 22:00,22:00,6,0,0,29TH AVE 1800 BLK E & WILLIAMS ST N,2,3,0,2,1,4,,,25,0,0,0,0,0,4,2,2
,2015_05071,0,0,8/11/2015 1:40,1:40,5,0,0,32ND AVE E & SYRACUSE ST N,1,4,0,0,3,6,,,25,0,0,0,0,0,4,1,5
,2015_05072,0,0,4/18/2015 0:29,0:29,6,0,0,33RD AVE E & HUDSON ST N,1,3,0,7,1,4,,,15,0,0,0,0,0,4,2,14
,2015_05073,0,0,6/25/2015 18:00,18:00,6,0,0,33RD AVE 3600 BLK W & MEADE ST N,1,1,0,7,1,4,,,25,0,0,0,0,0,4,2,16
,2015_05074,0,0,5/12/2015 17:00,17:00,12,0,0,34TH AVE E & FOREST ST N,1,1,0,0,1,1,,,25,0,0,0,0,0,4,2,13
,2015_05075,0,0,1/6/2015 8:04,8:04,6,0,0,35TH AVE E & HOLLY ST N,5,1,0,7,1,4,,,25,0,0,0,0,0,4,2,16
,2015_05076,0,0,4/7/2015 20:50,20:50,12,0,0,35TH AVE E & QUEBEC ST N,1,3,0,7,1,3,,,,0,0,0,0,0,4,2,16
,2015_05077,0,0,4/25/2015 0:09,0:09,9,0,1,40TH AVE E & KITTREDGE ST N,1,3,0,0,1,4,,,40,0,0,0,1,2,4,1,5
,2015_05078,0,0,4/14/2015 8:20,8:20,12,0,0,40TH AVE 2300 BLK E & YORK ST N,1,1,0,7,1,4,,,35,0,0,0,0,1,4,2,16
,2015_05079,0,0,1/6/2015 6:25,6:25,12,0,0,56TH AVE E & PEORIA ST N,5,3,0,7,1,1,,,35,0,0,0,0,0,4,2,16
,2015_05080,0,0,8/30/2015 0:10,0:10,12,0,0,AURARIA PKWY & SPEER BLVD N,1,3,0,0,1,1,,,35,0,0,0,0,0,4,2,3