id,drcog_id,latitude,longitude,crashtime,time,crashtype,numbkilled,numbinjurd,drcoglocat,rdconditin,lightngcon,roadcntgrd,weatherco,location,roaddescrp,schoolzone,constrzone,splimit,bikeinv,pedinv,sctrinv,motoinv,svrty,rdsystem,ttlvehcls,hcf
,2015_05082,0,0,11/12/2015 7:50,7:50,12,0,0,ANDREWS DR E & BILLINGS ST,1,1,0,0,1,1,,,35,0,0,0,0,0,4,2,13
,2015_05083,0,0,2/5/2015 17:13,17:13,3,0,0,CENTER AVE E & WASHINGTON ST S,1,1,0,7,1,1,,,25,0,0,0,0,0,4,2,3
,2015_05084,0,0,5/10/2015 18:45,18:45,11,0,1,BRYANT ST 2027 N & FAIRVIEW CRESCENT W,1,1,1,0,1,4,,,25,0,1,0,0,2,4,2,13
,2015_05085,0,0,10/17/2015 14:33,14:33,9,0,1,BROADWAY ST S & YALE AVE W,1,1,0,0,1,1,,,35,0,0,0,1,3,4,1,1
,2015_05086,0,0,3/12/2015 13:00,13:00,3,0,0,CALIFORNIA ST N & 26TH ST E,1,1,0,7,1,1,,,25,0,0,0,0,1,4,2,16
,2015_05087,0,0,3/20/2015 19:45,19:45,6,0,1,CATHAY CT 4500 N & E CHAFFEE PL,1,3,0,7,1,4,,,15,0,0,0,1,2,4,2,7
,2015_05088,0,0,9/26/2015 22:29,22:29,12,0,0,BROADWAY ST S & ARCHER PL W,1,3,0,0,1,1,,,30,0,0,0,0,0,4,2,14
,2015_05089,0,0,1/24/2015 0:42,0:42,6,0,0,COLUMBINE ST 1100 BLK N & 12TH AVE E,1,3,1,7,1,4,,,25,0,0,0,0,0,4,2,5
,2015_05090,0,0,4/14/2015 12:06,12:06,3,0,0,CORNELL AVE E & NEWPORT ST S,1,1,0,7,1,1,,,25,0,0,0,0,0,4,2,1
,2015_05091,0,0,2/24/2015 12:50,12:50,15,0,0,CORONA ST 800 BLK N & 9TH AVE E,1,5,1,7,1,4,,,30,0,0,0,0,0,4,2,16
,2015_05092,0,0,6/3/2015 10:12,10:12,3,0,0,DAKOTA AVE E & DOWNING ST S,1,1,0,7,1,1,,,25,0,0,0,0,0,4,2,16
,2015_05093,0,0,6/8/2015 12:15,12:15,3,0,0,DAKOTA AVE E & HARRISON ST S,1,1,0,0,1,1,,,25,0,0,0,0,0,4,2,13
,2015_05094,0,0,2/19/2015 19:00,19:00,6,0,0,DELGANY ST & 15TH ST,1,3,0,7,1,4,,,25,0,0,0,0,0,4,2,16
,2015_05095,0,0,5/31/2015 2:13,2:13,6,0,0,DEPEW ST S & GREEN MEADOWS PL W,1,4,0,7,1,4,,,25,0,0,0,0,0,4,2,5
,2015_05096,0,0,4/28/2015 11:48,11:48,14,0,0,DEXTER ST 2900 BLK N & 29TH AVE E,1,1,0,7,1,4,,,20,0,0,0,0,0,4,2,16
,2015_05097,0,0,7/11/2015 14:45,14:45,6,0,0,DOWNING ST 1900 BLK S & ASBURY AVE E,1,1,0,7,1,4,,,30,0,0,0,0,0,4,2,3
,2015_05098,0,0,1/1/2015 12:35,12:35,15,0,0,DOWNING ST N & 16TH AVE E,6,1,1,7,1,4,,,30,0,0,0,0,0,4,2,16
,2015_05099,0,0,3/18/2015 9:35,9:35,6,0,0,ELAT ST 1300 BLK N & 13TH AVE,1,1,0,7,1,4,,,,0,0,0,0,0,4,2,16
,2015_05100,0,0,4/14/2015 13:26,13:26,3,0,0,ELIOT ST N & 35TH AVE W,1,1,1,7,1,1,,,25,0,0,0,0,1,4,2,16
,2015_05101,0,0,1/21/2015 15:40,15:40,12,0,0,ELIOT ST E & CENTER AVE W,5,1,0,2,1,3,,,25,0,0,0,0,0,4,2,3
,2015_05102,0,0,6/14/2015 20:16,20:16,5,0,0,ELMENDORF DR 18800 BLK E & BAHAMA CT N,1,2,0,0,2,3,,,25,0,0,0,0,0,4,1,1
,2015_05103,0,0,3/14/2015 20:45,20:45,5,0,0,EVANS AVE E & ADAMS ST S,1,3,0,0,4,1,,,25,0,0,0,0,1,4,1,5
,2015_05104,0,0,2/5/2015 17:32,17:32,3,0,0,EVANS AVE E & ALBION ST S,2,1,0,0,1,1,,,35,0,0,0,0,1,4,2,13
,2015_05105,0,0,4/13/2015 14:38,14:38,3,0,0,EVANS AVE W & CLAY ST S,1,1,0,0,1,2,,,35,0,0,0,0,0,4,2,1
,2015_05106,0,0,3/3/2015 16:40,16:40,5,0,0,FORD PL W & IRVING ST S,5,1,0,7,2,4,,,25,0,0,0,0,0,4,1,7
,2015_05107,0,0,7/5/2015 8:45,8:45,15,0,0,GRANT ST N & SPEER BLVD E,1,1,0,7,1,1,,,30,0,0,0,0,0,4,2,16
,2015_05108,0,0,10/17/2015 0:01,0:01,6,0,0,GAYLORD ST & 3328 N,1,1,0,7,1,4,,,25,0,0,0,0,0,4,2,14
,2015_05109,0,0,10/10/2015 19:45,19:45,15,0,0,GRANT ST N & 12TH AVE E,1,3,0,0,1,4,,,30,0,0,0,0,0,4,2,16
,2015_05110,0,0,3/11/2015 6:50,6:50,12,0,0,JOSEPHINE ST N & 16TH AVE E,1,2,0,7,1,4,,,30,0,0,0,0,0,4,2,16
,2015_05111,0,0,4/30/2015 17:10,17:10,3,0,0,KALAMATH ST N & 3RD AVE W,1,1,0,7,1,1,,,25,0,0,0,0,0,4,2,16
,2015_05112,0,0,4/17/2015 13:08,13:08,15,0,0,KALAMATH ST 600 BLK N & 6TH AVE W,1,1,0,7,1,3,,,35,0,0,0,0,0,4,2,14
,2015_05113,0,0,4/14/2015 17:40,17:40,1,0,0,LOUISIANA AVE 000 BLK E & BROADWAY ST S,1,1,0,0,1,1,,,35,0,0,0,0,0,4,2,13
,2015_05114,0,0,4/28/2015 15:02,15:02,5,0,0,LOUISIANA AVE 300 BLK W & SANTA FE DR S,1,1,1,0,2,5,,,25,0,0,0,0,0,4,1,13
,2015_05115,0,0,6/21/2015 22:05,22:05,6,0,0,MARCH DR E & CROWN BLVD N,1,3,0,0,1,4,,,25,0,0,0,0,0,4,3,5
,2015_05116,0,0,11/16/2015 0:46,0:46,6,0,0,N MEADE ST & CONEJOS PL W,1,4,0,7,1,4,,,25,0,0,0,0,0,4,2,14
,2015_05117,0,0,2/5/2015 16:18,16:18,1,0,0,MISSISSIPPI AVE W & BROADWAY ST S,1,1,0,7,1,1,,,30,0,0,0,0,0,4,2,16
,2015_05118,0,0,2/10/2015 10:50,10:50,3,0,0,MISSISSIPPI AVE W & TEJON ST S,1,1,1,0,1,2,,,30,0,0,0,0,0,4,2,1
,2015_05119,0,0,3/26/2015 13:43,13:43,6,0,0,NEWTON ST & 700 BLK N,1,1,1,0,1,4,,,25,0,0,0,0,0,4,2,13
,2015_05120,0,0,7/14/2015 16:57,16:57,6,0,0,ST PAUL ST N & COLFAX AVE E,1,1,0,7,1,4,,,25,0,0,0,0,0,4,2,14
,2015_05121,0,0,9/6/2015 5:00,5:00,6,0,0,MLK BLVD 4200 BLK E & BELLAIRE ST N,1,5,0,7,3,4,,,35,0,0,0,0,0,4,3,16
,2015_05123,0,0,5/27/2015 12:35,12:35,6,0,1,29TH PL 7400 BLK E & 29TH AVE E,1,1,0,7,1,3,,,25,0,0,0,0,3,4,3,10
,2015_05124,0,0,5/4/2015 7:40,7:40,8,0,0,40TH PL E & JERICHO ST N,2,1,0,1,1,4,,,25,0,0,0,0,0,4,2,16
,2015_05125,0,0,3/6/2015 23:58,23:58,5,0,0,PARK AVE W & 18TH AVE E,1,3,0,0,2,4,,,35,0,0,0,0,0,4,1,5
,2015_05126,0,0,11/22/2015 16:46,16:46,3,0,0,OGDEN ST S & BAYAUD AVE E,1,3,0,4,1,1,,,25,0,0,0,0,0,4,2,5
,2015_05127,0,0,5/27/2015 8:59,8:59,3,0,0,PARK AVE W & DELGANY ST,1,1,0,0,1,1,,,35,0,0,0,0,0,4,2,14
,2015_05128,0,0,3/7/2015 3:10,3:10,2,0,0,PARK AVE W & TREMONT PL,1,3,0,0,1,1,,,30,1,0,0,0,1,4,2,13
,2015_05129,0,0,4/5/2015 12:10,12:10,12,0,0,PATTON CT S & AMHERST AVE W,1,1,1,0,1,2,,,25,0,0,0,0,0,4,2,3
,2015_05130,0,0,11/3/2015 15:18,15:18,3,0,2,QUEBEC ST N & 17TH AVE E,1,1,0,0,1,1,,,30,0,0,0,0,2,4,4,1
,2015_05131,0,0,1/21/2015 15:15,15:15,15,0,0,QUEBEC ST 3600 BLK N & 36TH AVE E,2,1,0,2,1,3,,,35,0,0,0,0,0,4,2,7
,2015_05132,0,0,3/12/2015 2:00,2:00,5,0,0,QUEBEC ST 2800 BLK S & AMHERST AVE E,1,3,0,7,3,4,,,30,0,0,0,0,0,4,1,5
,2015_05133,0,0,4/18/2015 18:34,18:34,6,0,0,WALNUT ST & 3729,1,1,0,0,1,4,,,10,0,0,0,0,0,4,2,3
,2015_05134,0,0,9/26/2015 14:36,14:36,12,0,0,QUEBEC ST S & FLORIDA AVE E,1,1,0,0,1,4,,,35,0,0,0,0,0,4,2,13
,2015_05135,0,0,3/28/2015 21:16,21:16,12,0,0,15TH ST 1200 BLK & LAWRENCE ST,1,3,0,7,1,4,,,25,0,0,0,0,0,4,2,4
,2015_05136,0,0,4/13/2015 8:55,8:55,2,0,1,15TH ST 800 BLK & STOUT ST,1,1,0,0,1,5,,,30,1,0,0,0,2,4,2,13
,2015_05137,0,0,4/1/2015 18:37,18:37,1,0,0,15TH ST & WEWATTA ST,1,2,0,7,1,1,,,30,0,0,0,0,0,4,2,7
,2015_05139,0,0,3/20/2015 22:32,22:32,12,0,0,15TH ST 1700 BLK & WYNKOOP ST,1,3,0,7,1,4,,,35,0,0,0,0,0,4,2,12
,2015_05141,0,0,9/9/2015 17:30,17:30,2,0,1,15TH ST & CURTIS ST,1,1,0,0,1,2,,,25,1,0,0,0,2,4,2,8
,2015_05142,0,0,6/12/2015 23:15,23:15,3,0,0,17TH ST & LAWRENCE ST,1,3,0,7,1,1,,,30,0,0,0,0,0,4,2,7
,2015_05143,0,0,7/24/2015 22:43,22:43,1,0,0,18TH ST & WYNKOOP ST,1,3,0,7,1,1,,,25,0,0,0,0,0,4,2,14
,2015_05144,0,0,1/8/2015 7:05,7:05,12,0,0,SPEER BLVD N & 8TH AVE W,1,2,0,7,1,1,,,30,0,0,0,0,0,4,2,16
,2015_05145,0,0,4/5/2015 21:31,21:31,3,0,1,SPEER BLVD N & 8TH AVE W,1,3,0,0,1,1,,,30,0,0,0,0,2,4,2,8
,2015_05146,0,0,4/29/2015 18:12,18:12,10,0,0,SPEER BLVD S & 14TH AVE W,1,1,0,0,1,1,,,30,0,0,0,0,0,4,2,8
,2015_05147,0,0,4/16/2015 17:09,17:09,3,0,0,SPEER BLVD N & CHAMPA ST,2,1,0,1,1,1,,,30,0,0,0,0,1,4,2,1
,2015_05148,0,0,3/1/2015 17:50,17:50,1,0,0,TREMONT PL 1300 BLK & 14TH ST,1,3,0,0,1,4,,,25,0,0,0,0,0,4,3,5
,2015_05149,0,0,5/30/2015 11:50,11:50,12,0,0,SPEER BLVD 2300 BLK N & ZUNI ST N,1,1,0,7,1,4,,,35,0,0,0,0,0,4,3,12
,2015_05150,0,0,6/15/2015 12:30,12:30,11,0,1,SPEER BLVD N & ZUNI ST N,1,1,1,0,1,3,,,35,0,1,0,0,2,4,2,13
,2015_05151,0,0,6/24/2015 16:39,16:39,12,0,0,SPRUCE WAY N & TRENTON ST N,1,1,1,7,1,1,,,25,0,0,0,0,0,4,2,14
,2015_05152,0,0,7/3/2015 20:40,20:40,3,0,0,SPRUCE WAY N & TRENTON ST N,1,2,0,7,1,1,,,25,0,0,0,0,0,4,2,16
,2015_05153,0,0,5/23/2015 16:14,16:14,1,0,0,STEELE ST S & BAYAUD AVE E,2,1,0,7,1,1,,,35,0,0,0,0,0,4,2,16
,2015_05154,0,0,7/27/2015 9:05,9:05,3,0,0,STEELE ST S & BAYAUD AVE E,1,1,0,7,1,1,,,30,0,0,0,0,0,4,2,16
,2015_05155,0,0,6/8/2015 21:25,21:25,12,0,0,STOUT ST 2500 BLK & 25TH AVE,1,3,0,7,1,4,,,35,0,0,0,0,0,4,2,3
,2015_05156,0,0,8/10/2015 16:10,16:10,3,0,0,S SYRACUSE ST & E SYRACUSE CIR,1,1,0,7,1,1,,,30,0,0,0,0,1,4,2,16
,2015_05157,0,0,4/18/2015 4:35,4:35,5,0,0,TAMARAC DR S & HAMPDEN AVE E,1,3,0,0,2,3,,,30,0,0,0,0,0,4,1,5
,2015_05158,0,0,6/20/2015 19:30,19:30,6,0,0,TENNYSON ST 4500 BLK N & 46TH AVE W,1,1,0,7,1,4,,,25,0,0,0,0,0,4,2,14
,2015_05159,0,0,6/14/2015 11:04,11:04,15,0,0,TOWER RD & 7200 BLK N,1,1,0,0,1,4,,,45,0,0,0,0,0,4,2,13
,2015_05160,0,0,10/29/2015 6:12,6:12,12,0,0,TOWER RD N & 56TH AVE E,1,2,0,0,1,1,,,35,0,0,0,0,0,4,2,3
,2015_05161,0,0,5/31/2015 18:45,18:45,12,0,0,TOWER RD N & GVR BLVD E,1,1,0,7,1,1,,,40,0,0,0,0,0,4,2,16
,2015_05162,0,0,9/12/2015 23:05,23:05,6,0,0,STUART ST S & CUSTER PL W,1,3,0,0,1,1,,,,0,0,0,0,0,4,2,13
,2015_05163,0,0,3/16/2015 16:48,16:48,12,0,0,UNIVERSITY BLVD 400 BLK S & DAKOTA AVE E,1,1,0,7,1,1,,,30,0,0,0,0,0,4,2,5
,2015_05164,0,0,1/20/2015 15:33,15:33,12,0,0,UNIVERSITY BLVD 800 BLK S & OHIO AVE E,1,1,0,7,1,1,,,30,0,0,0,0,1,4,2,12
,2015_05165,0,0,6/13/2015 12:19,12:19,12,0,0,UNIVERSITY BLVD S & TENNESSEE AVE E,1,1,0,7,1,1,,,35,0,0,0,0,0,4,3,3
,2015_05166,0,0,3/30/2015 9:30,9:30,6,0,0,VAUGHN ST & 5347 BLK N,1,1,1,0,1,4,,,,0,0,0,0,0,4,2,13
,2015_05167,0,0,5/12/2015 12:25,12:25,12,0,0,VRAIN WAY S & WOLFF ST S,1,1,0,0,1,2,,,25,0,0,0,0,0,4,2,7
,2015_05169,0,0,3/15/2015 16:50,16:50,3,0,1,XAVIER ST S & LOUISIANA AVE W,1,1,0,7,1,1,,,25,0,0,0,0,3,4,2,16
,2015_05170,0,0,5/30/2015 8:16,8:16,3,0,0,XENIA ST N & 14TH AVE E,1,1,0,7,1,1,,,25,0,0,0,0,1,4,2,8
,2015_05171,0,0,5/23/2015 18:51,18:51,3,0,0,ZUNI ST N & 42ND AVE W,1,2,0,0,1,1,,,25,0,0,0,0,0,4,4,5
,2015_05172,0,0,2/21/2015 16:02,16:02,1,0,0,ZUNI ST N & SPEER BLVD N,4,1,1,2,1,1,,,30,0,0,0,0,0,4,3,16
,2015_05280,39.707496,-104.940625,4/21/2015 16:16,16:16,12,0,0,COLORADO BLVD 400 BLK S & CHERRY CREEK N DR E,1,1,0,0,1,3,,,25,0,0,0,0,0,2,2,1
,2015_05282,39.71149,-104.940627,4/23/2015 17:14,17:14,15,0,0,ALAMEDA AVE E & COLORADO BLVD S,1,1,0,0,1,4,,,35,0,0,0,0,0,2,2,3
,2015_05283,39.669858,-104.940618,5/7/2015 17:34,17:34,12,0,0,COLORADO BLVD 2500 BLK S & DICKENSON PL W,1,1,0,0,1,3,,,35,0,0,0,0,0,2,2,13
,2015_05284,39.678261,-104.94063,5/5/2015 14:11,14:11,15,0,0,COLORADO BLVD 2000 BLK S & EVANS AVE E,2,1,0,1,1,3,,,35,0,0,0,0,0,2,2,13
,2015_05285,39.714764,-104.940629,2/27/2015 12:30,12:30,15,0,0,COLORADO BLVD S & BAYAUD AVE E,4,1,0,0,1,3,,,35,0,0,0,0,0,2,2,13
,2015_05286,39.715061,-104.940627,6/11/2015 10:10,10:10,15,0,0,COLORADO BLVD 000 BLK S & BAYAUD AVE E,1,1,0,0,1,4,,,35,0,0,0,0,0,2,2,13
,2015_05287,39.729296,-104.940625,7/24/2015 12:00,12:00,12,0,0,COLORADO BLVD 800 BLK N & 8TH AVE,1,1,0,0,1,3,,,35,0,0,0,0,0,2,2,13
,2015_05288,39.747509,-104.940603,7/3/2015 16:34,16:34,15,0,0,COLORADO BLVD 2000 BLK N & MONTVIEW BLVD E,1,1,0,0,1,4,,,30,0,0,0,0,0,2,2,13
,2015_05289,39.772893,-104.940506,5/2/2015 12:10,12:10,3,0,0,40TH AVE E & COLORADO BLVD N,1,1,0,0,1,1,,,40,0,0,0,0,1,2,2,13
,2015_05290,39.774528,-104.940511,5/15/2015 7:32,7:32,15,0,0,COLORADO BLVD N & 41ST AVE E,1,1,1,0,1,4,,,45,0,0,0,0,1,2,2,1
,2015_05297,39.725655,-105.052942,6/21/2015 0:32,0:32,5,0,0,6TH AVE W & SHERIDAN BLVD N,1,4,0,0,3,4,,,55,0,0,0,0,0,2,1,5
,2015_05298,39.725421,-105.026297,4/10/2015 9:50,9:50,12,0,0,HWY 6 EB & FEDERAL BLVD N,1,1,1,0,1,8,,,45,0,0,0,0,0,2,2,3
,2015_05299,39.72542,-105.025174,3/11/2015 9:00,9:00,12,0,0,6TH AVE W & FEDERAL BLVD,1,1,0,0,1,4,,,45,0,0,0,0,0,2,2,13
,2015_05300,39.72542,-105.025174,4/22/2015 8:14,8:14,12,0,0,6TH AVE W & FEDERAL BLVD N,1,1,0,0,1,4,,,45,0,0,0,0,0,2,2,12
,2015_05301,39.725655,-105.052567,12/5/2015 17:40,17:40,12,0,0,6TH AVE 5000 BLK W & SHERIDAN BLVD N,1,3,0,0,1,4,,,65,0,0,0,0,0,2,2,14
,2015_05302,39.725516,-105.013084,7/30/2015 7:00,7:00,12,0,0,6TH AVE W & I-25,1,1,0,0,1,1,,,45,0,0,0,0,0,2,2,13
,2015_05303,39.784473,-104.947196,3/18/2015 6:20,6:20,14,0,0,COOK ST N & VASQUEZ FRONTAGE RD E,1,2,0,0,1,4,,,25,0,0,0,0,0,2,2,8
,2015_05329,39.725135,-105.012815,6/8/2015 13:00,13:00,15,0,0,I-25 NB ON FLYOVER RAMP & 6TH AVE W,1,1,1,0,1,8,,,45,0,0,0,0,0,1,2,13
,2015_05333,39.651098,-104.917161,8/22/2015 1:15,1:15,15,0,1,I-25 & HAMPDEN AVE E,1,3,1,0,1,4,,,65,0,0,0,0,2,1,2,14
,2015_05334,39.678363,-104.933558,3/26/2015 15:27,15:27,15,0,0,I-25 & EVANS AVE,1,1,0,0,1,4,,,60,0,0,0,0,0,1,2,14
,2015_05335,39.760997,-105.004275,4/13/2015 16:33,16:33,12,0,0,I-25 & 20TH ST,1,1,0,0,1,4,,,55,0,0,0,0,0,1,2,13
,2015_05336,39.683106,-104.940515,7/1/2015 17:40,17:40,15,0,0,I-25 & COLORADO BLVD S,1,1,0,0,1,4,,,60,0,0,0,0,0,1,2,13
,2015_05337,39.684918,-104.950446,6/23/2015 16:25,16:25,12,0,0,I-25 & STEELE ST S,1,1,0,0,1,4,,,65,0,0,0,0,1,1,2,1
,2015_05338,39.68492,-104.959513,3/20/2015 8:54,8:54,12,0,0,UNIVERSITY BLVD S & I-25 NB RAMPS,1,1,1,0,1,1,,,30,0,0,0,0,0,1,3,13
,2015_05339,39.740343,-105.032331,11/16/2015 18:48,18:48,11,0,1,COLFAX AVE W & KNOX CT N,2,3,1,1,1,1,,,30,0,1,0,0,2,2,2,16
,2015_05340,39.685459,-104.963911,3/18/2015 8:29,8:29,12,0,0,I-25 NB ON RAMP & UNIVERSITY BLVD S,1,1,1,0,1,8,,,35,0,0,0,0,0,1,2,13
,2015_05342,39.688023,-104.969357,4/28/2015 16:35,16:35,12,0,0,I-25 & FRANKLIN ST S,1,2,0,0,1,4,,,60,0,0,0,0,0,1,3,13
,2015_05343,39.688104,-104.969508,1/29/2015 2:20,2:20,5,0,2,I-25 NB & DOWNING ST S,1,3,0,0,3,4,,,55,0,0,0,0,2,1,1,5
,2015_05344,39.689862,-104.973051,7/16/2015 7:45,7:45,15,0,0,I-25 SB ON RAMP & DOWNING ST,1,1,0,0,1,8,,,55,0,0,0,0,0,1,2,13
,2015_05345,39.690017,-104.973363,2/25/2015 14:34,14:34,12,0,0,I-25 & DOWNING ST S,4,1,0,2,1,4,,,55,0,0,0,0,0,1,3,13
,2015_05346,39.697473,-104.982744,12/17/2015 16:23,16:23,12,0,0,I-25 & LOGAN ST S,1,1,0,0,1,4,,,60,0,0,0,0,0,1,2,1
,2015_05347,39.701452,-104.987435,2/24/2015 7:31,7:31,12,0,0,BROADWAY S & I-25,5,1,0,0,1,4,,,30,0,0,0,0,0,1,3,1
,2015_05348,39.705112,-104.995181,2/11/2015 17:45,17:45,12,0,0,I-25 & SANTA FE DR S,1,3,0,0,1,4,,,55,0,0,0,0,0,1,2,3
,2015_05349,39.709874,-104.998115,5/26/2015 9:51,9:51,12,0,0,I-25 NB ON FLYOVER RAMP & SANTA FE DR S,1,1,1,0,1,8,,,40,0,0,0,0,0,1,3,13
,2015_05350,39.726144,-105.013499,7/26/2015 17:38,17:38,5,0,0,I-25 & 6TH AVE W,1,1,1,0,3,4,,,55,0,0,0,0,0,1,1,14
,2015_05352,39.726768,-105.013834,6/30/2015 13:20,13:20,12,0,0,I-25 & 6TH AVE W,1,1,0,0,1,4,,,55,0,0,0,0,0,1,3,3
,2015_05354,39.74035,-105.013939,7/28/2015 16:37,16:37,12,0,0,I-25 & COLFAX AVE W,1,1,0,0,1,4,,,55,0,0,0,0,0,1,2,13
,2015_05355,39.751291,-105.016572,1/19/2015 16:30,16:30,12,0,0,I-25 & 23RD AVE W,1,1,0,0,1,4,,,55,0,0,0,0,0,1,2,13
,2015_05356,39.757619,-105.009327,4/30/2015 13:52,13:52,12,0,0,I-25 & 15TH ST,1,1,0,0,1,4,,,55,0,0,0,0,1,1,2,13
,2015_05357,39.74035,-105.013939,9/24/2015 5:25,5:25,15,0,0,I-25 & COLFAX AVE,1,3,0,0,1,4,,,55,0,0,0,0,0,1,2,13
,2015_05358,39.729488,-105.014877,10/14/2015 18:43,18:43,12,0,1,I-25 & 8TH AVE W,1,3,0,0,1,4,,,55,0,0,0,0,2,1,3,16
,2015_05359,39.771495,-104.990376,3/6/2015 11:50,11:50,15,0,0,I-25 & 40TH AVE W (NOT IN TCORIS),2,1,0,0,1,4,,,55,0,0,0,0,0,1,2,1
,2015_05362,39.778106,-104.989193,10/18/2015 21:01,21:01,5,0,0,I-25 & I-70,1,3,0,0,2,4,,,55,0,0,0,0,0,1,1,5
,2015_05363,39.787958,-104.989058,11/13/2015 13:30,13:30,12,0,0,I-25 & I-70,1,1,1,0,1,4,,,55,0,0,0,0,0,1,2,13
,2015_05377,39.667529,-104.866133,3/4/2015 9:15,9:15,3,0,0,HAVANA ST S & YALE AVE E,6,1,0,2,1,1,,,40,0,0,0,0,0,2,2,1
,2015_05379,39.670509,-104.866055,1/7/2015 6:05,6:05,12,0,0,HAVANA ST 2600 S & PARKER RD S,5,3,0,2,1,3,,,45,0,0,0,0,1,2,4,13
,2015_05414,39.740322,-105.053272,8/14/2015 17:26,17:26,12,0,0,SHERIDAN BLVD N & COLFAX AVE W,1,1,0,0,1,1,,,35,0,0,0,0,0,2,3,3
,2015_05415,39.740342,-105.035719,4/3/2015 7:15,7:15,11,0,1,COLFAX AVE W & MEADE ST N,2,2,0,0,1,1,,,30,0,1,0,0,2,2,2,13
,2015_05416,39.740343,-105.032736,5/20/2015 13:58,13:58,12,0,0,COLFAX AVE & 3400 BLK W,1,1,1,0,1,4,,,30,0,0,0,0,0,2,2,3
,2015_05417,39.740282,-105.029149,6/23/2015 13:24,13:24,15,0,0,COLFAX AVE & 3200 BLK W,1,1,1,0,1,4,,,30,0,0,0,0,0,2,2,13
,2015_05418,39.74034,-105.025195,2/26/2015 6:33,6:33,12,0,0,FEDERAL BLVD N & COLFAX AVE W,5,1,0,2,1,4,,,35,0,0,0,0,0,2,2,14
,2015_05419,39.740407,-105.023522,8/1/2015 10:11,10:11,3,0,0,COLFAX AVE W & ELIOT ST N (FEDERAL BLVD NB OFF RAMP),1,1,1,0,1,1,,,35,0,0,0,0,0,2,2,13
,2015_05420,39.740226,-105.009916,5/27/2015 16:52,16:52,15,0,0,COLFAX AVE W & OSAGE ST N,1,1,0,0,1,4,,,35,0,0,0,0,0,2,2,1
,2015_05421,39.74017,-105.007476,2/11/2015 17:03,17:03,12,0,0,COLFAX AVE & 1500 BLK W  (MM APPROX),1,1,1,0,1,4,,,40,0,0,0,0,0,2,2,13
,2015_05423,39.740013,-104.970799,5/12/2015 8:44,8:44,11,0,1,COLFAX AVE 1300 BLK E & LAFAYETTE ST (RD N),1,1,0,0,1,2,,,30,0,1,0,0,2,2,2,13
,2015_05424,39.740129,-104.942994,12/16/2015 15:24,15:24,1,0,0,COLFAX AVE E & JACKSON ST N,2,1,0,0,1,1,,,30,0,0,0,0,0,2,2,13
,2015_05425,39.740132,-104.943955,10/17/2015 14:35,14:35,15,0,0,COLFAX AVE E & GARFIELD ST N,1,1,0,0,1,4,,,30,0,0,0,0,0,2,2,1
,2015_05426,39.740065,-104.925689,7/2/2015 10:15,10:15,1,0,0,COLFAX AVE E & GLENCOE ST N,1,1,0,0,1,1,,,35,0,0,0,0,0,2,2,7
,2015_05464,39.782547,-104.998959,7/30/2015 8:25,8:25,12,0,0,I-70 & JASON ST N OFFSET REF,1,1,1,0,1,4,,,55,0,0,0,0,0,1,2,3
,2015_05465,39.780603,-104.991971,1/8/2015 9:23,9:23,12,0,0,I-70 & I-25,2,1,0,0,1,8,,,55,0,0,0,0,0,1,2,1
,2015_05466,39.779936,-104.98866,8/20/2015 2:00,2:00,5,0,0,I-70 WB ON LOOP RAMP FROM & I-25 NB,1,3,1,0,3,8,,,55,0,0,0,0,1,1,1,5
,2015_05467,39.780016,-104.95337,3/17/2015 15:43,15:43,12,0,0,I-70 & VASQUEZ BLVD,1,1,0,0,1,4,,,55,0,0,0,0,0,1,3,7
,2015_05468,39.780016,-104.95337,4/13/2015 7:09,7:09,12,0,0,I-70 & VASQUEZ BLVD N,1,1,0,0,1,4,,,55,0,0,0,0,0,1,2,1
,2015_05469,39.779997,-104.949807,3/13/2015 15:44,15:44,12,0,0,I-70 & STEELE ST N,1,1,0,0,1,4,,,55,0,0,0,0,0,1,2,13
,2015_05470,39.780003,-104.93825,8/9/2015 10:50,10:50,12,0,0,I-70 & ASH ST N OFFSET REF,2,1,1,0,1,4,,,55,0,0,0,0,0,1,2,13
,2015_05471,39.780031,-104.93177,3/21/2015 20:16,20:16,5,0,0,I-70 & DAHLIA ST N,1,3,0,0,2,4,,,55,0,0,0,0,1,1,1,5
,2015_05472,39.778286,-104.913419,3/6/2015 18:00,18:00,12,0,0,I-70 & MM 278,1,2,0,0,1,4,,,55,0,0,0,0,0,1,3,14
,2015_05473,39.7783,-104.903459,5/29/2015 8:02,8:02,15,0,0,I-70 & QUEBEC ST N,1,1,0,0,1,4,,,55,0,0,0,0,0,1,3,13
,2015_05474,39.777095,-104.882471,4/25/2015 15:20,15:20,15,0,0,I-70 & CENTRAL PARK BLVD N,1,1,0,0,1,4,,,55,0,0,0,0,0,1,2,13
,2015_05475,39.777095,-104.882471,6/8/2015 17:42,17:42,12,0,0,I-70 UNDERPASS & CENTRAL PARK BLVD N,1,1,0,0,1,4,,,55,0,0,0,0,0,1,2,13
,2015_05476,39.777095,-104.882471,2/27/2015 18:25,18:25,12,0,0,I-70 & CENTRAL PARK BLVD N,2,2,0,0,1,4,,,55,0,0,0,0,0,1,2,13
,2015_05477,39.776379,-104.874511,1/4/2015 5:25,5:25,12,0,0,I-70 & HAVANA ST N,12,4,1,2,1,4,,,55,0,0,0,0,0,1,3,7