id,drcog_id,latitude,longitude,crashtime,time,crashtype,numbkilled,numbinjurd,drcoglocat,rdconditin,lightngcon,roadcntgrd,weatherco,location,roaddescrp,schoolzone,constrzone,splimit,bikeinv,pedinv,sctrinv,motoinv,svrty,rdsystem,ttlvehcls,hcf
,2015_05478,39.776379,-104.874511,6/5/2015 15:30,15:30,12,0,0,I-70 & HAVANA ST N,1,1,0,0,1,4,,,55,0,0,0,0,0,1,2,1
,2015_05479,39.7754,-104.863194,5/24/2015 11:51,11:51,15,0,0,I-70 & HAVANA ST N,1,1,0,0,1,4,,,55,0,0,0,0,0,1,2,7
,2015_05480,39.774005,-104.847034,6/22/2015 23:25,23:25,3,0,1,I-70 EB RAMPS & PEORIA ST N,1,3,0,0,1,1,,,40,0,0,0,0,3,1,2,5
,2015_05481,39.775623,-104.865778,9/15/2015 9:29,9:29,5,0,0,HAVAVA ST N & I-70 EB RAMPS,1,1,0,0,4,1,,,40,0,0,0,0,0,1,1,14
,2015_05482,39.772813,-104.833157,2/24/2015 18:26,18:26,12,0,1,I-70 EB OFF RAMP GORE PT & I-225,1,3,0,0,1,8,,,55,0,0,0,0,2,1,3,13
,2015_05500,39.630071,-104.904973,3/9/2015 9:07,9:07,5,0,0,I-225 SB/WB OFF RAMP TO NB & I-25,1,1,1,0,2,8,,,55,0,0,0,0,0,1,1,3
,2015_05523,39.700639,-104.909334,3/5/2015 17:56,17:56,12,0,0,LEETSDALE DR 6800 BLK & ONEIDA ST S,1,3,0,0,1,4,,,40,0,0,0,0,1,2,2,13
,2015_05524,39.707347,-104.922286,11/3/2015 19:00,19:00,15,0,0,LEETSDALE DR & HOLLY ST,1,3,0,0,1,1,,,30,0,0,0,0,0,2,2,7
,2015_05525,39.708173,-104.927063,6/30/2015 15:20,15:20,1,0,0,LEETSDALE DR & FOREST ST S,1,1,0,0,1,1,,,25,0,0,0,0,0,2,2,9
,2015_05527,39.711328,-104.936473,2/11/2015 18:11,18:11,1,0,0,ALAMEDA AVE E & LEETSDALE DR,1,3,1,0,1,1,,,35,0,0,0,0,0,2,2,13
,2015_05537,39.687549,-104.99194,8/13/2015 8:09,8:09,12,0,0,SANTA FE DR S & IOWA AVE E,1,1,0,0,1,1,,,45,0,0,0,0,0,2,2,13
,2015_05538,39.693024,-104.99248,1/5/2015 23:33,23:33,3,0,0,SANTA FE DR S & PLATTE RIVER DR S,2,3,0,0,1,1,,,35,0,0,0,0,1,2,2,8
,2015_05539,39.695597,-104.992335,3/15/2015 12:58,12:58,1,0,0,SANTA FE DR S & PLATTE RIVER DR S,1,1,0,0,1,1,,,25,0,0,0,0,0,2,2,13
,2015_05544,39.725039,-105.02512,6/1/2015 16:40,16:40,12,0,0,FEDERAL BLVD 500 BLK N & 6TH AVE W,1,1,0,0,1,4,,,45,0,0,0,0,0,2,3,13
,2015_05545,39.722102,-105.025208,3/6/2015 7:26,7:26,15,0,0,FEDERAL BLVD N & 4TH AVE W,1,1,0,0,1,4,,,35,0,0,0,0,0,2,2,13
,2015_05546,39.711884,-105.025106,7/21/2015 15:00,15:00,12,0,0,ALAMEDA AVE W & FEDERAL BLVD S,1,1,0,1,1,4,,,35,0,0,0,0,0,2,2,14
,2015_05547,39.711304,-105.025093,6/30/2015 14:00,14:00,12,0,0,FEDERAL BLVD S & ALAMEDA AVE W,1,1,1,0,1,4,,,35,0,0,0,0,0,2,2,10
,2015_05549,39.700563,-105.025082,4/9/2015 16:10,16:10,12,0,0,FEDERAL BLVD S & KENTUCKY AVE W,1,1,0,0,1,4,,,40,0,0,0,0,0,2,2,4
,2015_05550,39.693099,-105.025036,2/6/2015 8:05,8:05,1,0,0,FEDERAL BLVD S & LOUISIANA AVE W,1,1,0,0,1,1,,,40,0,0,0,0,0,2,2,7
,2015_05551,39.693099,-105.025036,4/2/2015 0:30,0:30,12,0,0,LOUISIANA AVE W & FEDERAL BLVD S,1,3,0,0,1,1,,,35,0,0,0,0,0,2,2,1
,2015_05552,39.684947,-105.025012,3/8/2015 15:15,15:15,12,0,0,FEDERAL BLVD 1700 BLK S & COLORADO AVE W,1,1,1,0,1,3,,,35,0,0,0,0,0,2,2,4
,2015_05553,39.682565,-105.025018,2/26/2015 17:42,17:42,1,0,0,FEDERAL BLVD S & JEWELL AVE W,4,2,1,2,1,2,,,40,0,0,0,0,0,2,2,7
,2015_05554,39.782996,-104.900882,6/17/2015 8:55,8:55,15,0,0,I-270 & NORTHFIELD QUEBEC ST,1,1,0,0,1,4,,,55,0,0,0,0,0,1,2,13
,2015_05555,39.682271,-105.025016,8/11/2015 17:30,17:30,12,0,0,JEWELL AVE W & FEDERAL BLVD S,2,1,0,1,1,1,,,30,0,0,0,0,1,2,2,13
,2015_05556,39.660489,-105.025191,5/17/2015 19:35,19:35,1,0,2,DARTMOUTH AVE W & FEDERAL BLVD S,2,2,1,1,1,1,,,40,0,0,0,0,2,2,4,5
,2015_05558,39.664661,-105.025144,11/8/2015 21:27,21:27,3,0,0,FEDERAL BLVD & 2801 S,1,3,0,0,1,2,,,40,0,0,0,0,0,2,2,5
,2015_05561,0,0,1/20/2015 7:45,7:45,13,0,0,14TH AVE W & KNOX CT,1,1,0,0,1,1,,,25,0,0,0,0,0,4,2,13
,2015_05565,39.738453,-105.053214,6/17/2015 10:51,10:51,12,0,0,SHERIDAN BLVD 1400 BLK N & 14TH AVE W,1,1,0,0,1,3,,,35,0,0,0,0,0,2,2,14
,2015_05571,0,0,10/3/2015 14:37,14:37,15,0,0,13TH AVE E & XANTHIA ST N,1,1,1,0,1,1,,,30,0,0,0,0,0,4,2,13
,2015_05573,39.783778,-105.053279,5/29/2015 9:10,9:10,12,0,0,SHERIDAN BLVD N & I-70,1,1,0,0,1,3,,,35,0,0,0,0,0,2,2,13
,2015_05591,39.635097,-104.89615,6/8/2015 9:44,9:44,12,0,0,I-225 SB ON RAMP & TAMARAC ST,1,1,0,0,1,8,,,,0,0,0,0,0,1,2,3
,2015_05622,39.635597,-104.893179,8/7/2015 19:59,19:59,15,0,2,I-225 & TAMARAC ST S,1,1,0,0,1,4,,,65,0,0,0,0,2,1,2,1
,2015_05626,39.779661,-104.967133,1/23/2015 22:28,22:28,1,0,0,BRIGHTON BLVD 4500 BLK N & I-70 EB ON RAMP,1,3,0,0,1,1,,,30,0,0,0,0,0,2,2,13
,2015_05633,39.652995,-104.925107,1/2/2015 9:30,9:30,15,0,0,HAMPDEN AVE E & GRAPE ST S,5,1,1,0,1,1,,,35,0,0,0,0,0,2,2,13
,2015_05636,39.76627,-105.025181,5/15/2015 18:40,18:40,12,0,0,FEDERAL BLVD & 36TH AVE W,1,1,0,0,1,4,,,35,0,0,0,0,0,2,2,13
,2015_05727,0,0,4/30/2015 3:41,3:41,5,0,0,CROWN BLVD N & ALBROOK DR E,1,3,0,7,3,4,,,30,0,0,0,0,0,4,1,5
,2015_05805,0,0,4/15/2015 20:10,20:10,15,0,0,13TH AVE E & BIRCH ST N,1,3,0,7,1,4,,,30,0,0,0,0,0,4,2,16
,2015_05827,0,0,1/6/2015 7:51,7:51,3,0,0,13TH AVE E & ALBION ST N,5,1,2,0,1,1,,,25,0,0,0,0,0,4,2,13
,2015_05830,0,0,4/29/2015 15:07,15:07,3,0,0,1ST AVE W & CHEROKEE ST N,1,1,0,0,1,1,,,25,0,0,0,0,1,4,2,13
,2015_05831,0,0,4/3/2015 0:39,0:39,12,0,0,1ST AVE E & DOWNING ST N,2,3,0,2,1,4,,,35,0,0,0,0,1,4,2,5
,2015_05833,0,0,2/17/2015 17:54,17:54,3,0,0,1ST AVE E & WASHINGTON ST N,5,3,0,7,1,1,,,30,0,0,0,0,0,4,2,16
,2015_05834,0,0,7/10/2015 9:48,9:48,3,0,0,5TH AVE & 300 BLK E,1,1,0,0,1,2,,,25,0,0,0,0,0,4,2,8
,2015_05835,0,0,7/22/2015 17:32,17:32,3,0,0,6TH AVE & 6100 BLK E,1,1,0,7,1,1,,,30,0,0,0,0,1,4,2,7
,2015_05836,0,0,5/7/2015 23:20,23:20,3,0,0,8TH AVE W & SANTA FE DR N,2,3,0,1,1,1,,,35,0,0,0,0,1,4,2,5
,2015_05837,0,0,5/27/2015 9:00,9:00,3,0,0,9TH AVE E & WASHINGTON ST N,1,1,0,7,1,1,,,30,0,0,0,0,1,4,2,16
,2015_05838,0,0,5/24/2015 20:16,20:16,3,0,0,11TH AVE E & LINCOLN ST N,1,1,0,7,1,1,,,30,0,0,0,0,1,4,2,12
,2015_05839,0,0,1/1/2015 15:21,15:21,3,0,0,11TH AVE 3000 BLK E & N MILWAUKEE ST,5,1,1,7,1,1,,,25,0,0,0,0,0,4,2,16
,2015_05840,0,0,5/8/2015 11:53,11:53,1,0,0,12TH AVE & BROADWAY,1,1,0,7,1,1,,,30,0,0,0,0,0,4,2,16
,2015_05841,0,0,6/12/2015 17:52,17:52,3,0,0,13TH AVE E 3200 BLK & ADAMS ST N,1,1,0,0,1,3,,,30,0,0,0,0,0,4,2,13
,2015_05842,0,0,5/6/2015 22:25,22:25,6,0,0,ACOMA ST 50 BLK N & 1ST AVE E,1,3,1,7,1,4,,,25,0,0,0,0,0,4,2,12
,2015_05843,0,0,10/18/2015 0:56,0:56,11,0,1,12TH AVE & 3900 BLK W,1,4,0,0,1,4,,,,0,1,0,0,2,4,2,13
,2015_05844,0,0,4/29/2015 6:56,6:56,12,0,0,13TH AVE W & SHOSHONE ST N,1,1,0,7,1,4,,,35,0,0,0,0,0,4,2,14
,2015_05845,39.751291,-105.016572,5/11/2015 23:22,23:22,5,0,0,I-25 & 23RD AVE W,1,3,0,0,3,4,,,55,0,0,0,0,0,1,1,14
,2015_05846,0,0,2/23/2015 14:45,14:45,15,0,0,13TH AVE W & SPEER BLVD N,6,1,0,0,1,1,,,30,0,0,0,0,0,4,2,14
,2015_05848,0,0,2/28/2015 15:40,15:40,3,0,0,13TH AVE E & SYRACUSE ST N,1,1,0,7,1,1,,,30,0,0,0,0,0,4,2,16
,2015_05850,0,0,5/22/2015 9:35,9:35,15,0,0,14TH AVE E & QUINCE ST N,2,1,0,1,1,1,,,30,0,0,0,0,0,4,2,7
,2015_05851,0,0,6/13/2015 19:17,19:17,3,0,0,16TH AVE E & FRANKLIN ST N,2,2,1,1,1,1,,,30,0,0,0,0,0,4,2,7
,2015_05852,0,0,2/25/2015 19:20,19:20,3,0,0,17TH AVE E & PENNSYLVANIA ST N,5,3,0,2,1,1,,,25,0,0,0,0,0,4,2,16
,2015_05853,0,0,5/27/2015 23:16,23:16,15,0,0,18TH AVE E & BROADWAY ST N,1,3,0,0,1,1,,,35,0,0,0,0,0,4,2,14
,2015_05854,0,0,5/2/2015 19:34,19:34,3,0,0,18TH AVE E & EMERSON ST N,1,1,0,7,1,1,,,25,0,0,0,0,0,4,2,16
,2015_05855,0,0,6/2/2015 17:19,17:19,12,0,0,30TH AVE E & DOWNING ST N,1,1,0,7,1,4,,,30,0,0,0,0,0,4,3,12
,2015_05856,0,0,2/2/2015 7:25,7:25,1,0,0,56TH AVE E & PENA BLVD,5,1,0,7,1,3,,,45,0,0,0,0,1,4,2,16
,2015_05857,0,0,5/14/2015 13:50,13:50,12,0,0,56TH AVE E & PENA BLVD,1,1,0,7,1,3,,,35,0,0,0,0,0,4,2,16
,2015_05858,0,0,7/3/2015 7:55,7:55,12,0,0,75TH AVE 25200 BLK E & JACKSON GAP RD,1,1,0,7,1,4,,,45,0,0,0,0,0,4,2,16
,2015_05859,0,0,5/2/2015 17:54,17:54,15,0,0,ACADEMY BLVD 7600 BLK E & RAMPART WAY N,1,2,0,0,1,4,,,30,0,0,0,0,0,4,2,14
,2015_05860,0,0,11/7/2015 4:10,4:10,6,0,0,51ST AVE E & ST PAUL ST N,1,3,0,7,1,4,,,25,0,0,0,0,0,4,4,3
,2015_05861,0,0,5/20/2015 9:05,9:05,12,0,0,ALAMEDA AVE 1100 BLK E & DOWNING ST S,1,1,0,7,1,3,,,30,0,0,0,0,0,4,2,16
,2015_05862,0,0,1/9/2015 13:47,13:47,12,0,0,ALAMEDA AVE E & EMERSON ST S,2,1,0,7,1,4,,,35,0,0,0,0,0,4,2,3
,2015_05863,0,0,3/28/2015 20:14,20:14,15,0,0,ALAMEDA AVE E & FOREST ST S,1,3,0,7,1,4,,,35,0,0,0,0,0,4,2,1
,2015_05864,0,0,10/12/2015 16:35,16:35,11,0,0,ADAMS ST N & 3RD AVE E,1,1,0,0,1,3,,,25,0,1,0,0,1,4,2,14
,2015_05865,0,0,6/16/2015 9:37,9:37,15,0,0,ALAMEDA AVE 800 BLK W & SANTA FE DR S,1,1,0,0,1,4,,,25,0,0,0,0,0,4,2,14
,2015_05866,0,0,3/11/2015 13:00,13:00,1,0,0,BROADWAY ST N & 5TH AVE E,1,1,0,7,1,1,,,25,0,0,0,0,0,4,2,3
,2015_05867,0,0,12/31/2015 2:45,2:45,6,0,0,W BEEKMAN PL & SHOSHONE ST N,5,3,0,7,1,1,,,25,0,0,0,0,0,4,2,5
,2015_05868,0,0,4/23/2015 17:04,17:04,15,0,0,BROADWAY 1600 BLK N & CLEVELAND PL,1,1,0,0,1,1,,,30,0,0,0,0,1,4,2,13
,2015_05869,0,0,7/9/2015 7:25,7:25,15,0,0,BROADWAY ST 2300 BLK N & LAWRENCE ST,1,1,0,7,1,4,,,30,0,0,0,0,0,4,2,16
,2015_05870,0,0,1/28/2015 9:45,9:45,3,0,0,BROADWAY ST S & LOUISIANA AVE E,1,1,0,0,1,1,,,35,0,0,0,0,0,4,2,13
,2015_05871,0,0,5/26/2015 17:06,17:06,15,0,0,BROADWAY ST 1000 BLK S & MISSISSIPPI AVE E,1,1,1,7,1,1,,,30,0,0,0,0,0,4,2,16
,2015_05872,0,0,2/25/2015 17:15,17:15,5,0,0,BUCHTEL BLVD E & ST PAUL ST S,4,3,0,0,3,3,,,30,0,0,0,0,0,4,1,2
,2015_05873,0,0,3/1/2015 22:00,22:00,6,0,0,CEDAR AVE 3100 BLK W & HAZEL CT S,5,3,0,7,1,4,,,25,0,0,0,0,0,4,3,14
,2015_05874,0,0,5/1/2015 16:05,16:05,12,0,0,CENTRAL PARK BLVD N & 40TH AVE E,1,1,1,7,1,3,,,35,0,0,0,0,0,4,2,5
,2015_05875,0,0,4/22/2015 18:16,18:16,12,0,0,CLARKSON ST 1200 BLK N & 13TH AVE E,1,1,0,7,1,4,,,30,0,0,0,0,0,4,2,16
,2015_05876,0,0,12/18/2015 12:11,12:11,6,0,0,CLARKSON ST N & 8TH AVE E,2,3,1,0,1,4,,,30,0,0,0,0,0,4,3,5
,2015_05877,0,0,8/25/2015 17:38,17:38,12,0,0,CHAMPA ST & SPEER BLVD,1,1,0,0,1,1,,,30,0,0,0,0,0,4,2,13
,2015_05878,0,0,7/23/2015 17:21,17:21,15,0,0,CORONA ST 150 BLK N & SPEER BLVD E,1,1,0,7,1,4,,,30,0,0,0,0,0,4,2,16
,2015_05879,0,0,2/19/2015 16:00,16:00,3,0,0,CROSS DR 8600 BLK W & WADSWORTH BLVD S,1,1,0,7,1,3,,,25,0,0,0,0,0,4,2,5
,2015_05880,0,0,8/11/2015 12:30,12:30,12,0,0,DAHLIA ST 400 BLK S & LEETSDALE DR,1,1,1,7,1,3,,,25,0,0,0,0,0,4,2,16
,2015_05881,0,0,2/3/2015 17:19,17:19,11,0,1,DAKOTA AVE W & BANNOCK ST S,1,2,0,0,1,1,,,15,0,1,0,0,2,4,2,12
,2015_05882,0,0,2/5/2015 20:05,20:05,5,0,0,DARTMOUTH AVE & ZURICH CT S,1,3,0,0,3,4,,,30,0,0,0,0,0,4,1,14
,2015_05883,0,0,1/11/2015 2:40,2:40,5,0,0,DAYTON WAY & 2570 BLK S,2,3,1,0,3,4,,,25,0,0,0,0,0,4,1,5
,2015_05884,0,0,1/11/2015 3:15,3:15,3,0,0,DOWNING ST N & 1ST AVE E,1,3,0,7,1,1,,,30,0,0,0,0,0,4,2,16
,2015_05885,0,0,1/14/2015 17:31,17:31,3,0,0,DEXTER ST S & KENTUCKY AVE E,1,3,0,7,1,1,,,30,0,0,0,0,0,4,2,16
,2015_05886,0,0,1/9/2015 8:05,8:05,5,0,0,DOWNING ST N & WALNUT ST,5,1,0,2,3,1,,,,0,0,0,0,0,4,1,16
,2015_05887,0,0,8/3/2015 11:23,11:23,1,0,0,DOWNING ST S & ALAMEDA AVE E,1,1,0,7,1,1,,,30,0,0,0,0,0,4,2,1
,2015_05888,0,0,5/1/2015 8:40,8:40,12,0,0,DOWNING ST S & EDAR AVE E,1,1,0,7,1,1,,,30,0,0,0,0,0,4,2,16
,2015_05889,0,0,1/8/2015 17:30,17:30,1,0,0,DOWNING ST N & PARK AVE,1,2,0,7,1,1,,,30,0,0,0,0,0,4,2,16
,2015_05890,0,0,7/6/2015 11:04,11:04,15,0,0,2300 BLK S DOWNING ST & WESLEY AVE E,2,1,0,1,1,4,,,30,0,0,0,0,0,4,2,16
,2015_05891,0,0,5/21/2015 11:19,11:19,1,0,0,DTC BLVD S & UNION AVE E,1,1,0,7,1,1,,,40,0,0,0,0,0,4,2,16
,2015_05892,0,0,1/4/2015 13:50,13:50,3,0,0,DUNKIRK WAY N & ENSENADA ST N,5,1,1,0,1,1,,,25,0,0,0,0,0,4,2,13
,2015_05893,0,0,3/12/2015 8:40,8:40,6,0,0,ELATI ST 1300 BLK N & 14TH AVE E,1,1,0,7,3,4,,,25,0,0,0,0,0,4,2,16
,2015_05894,0,0,7/23/2015 22:36,22:36,6,0,0,ELLSWORTH AVE & 3600 BLK E,1,3,0,0,1,2,,,25,0,0,0,0,0,4,2,13
,2015_05895,0,0,5/27/2015 4:29,4:29,6,0,0,ELM CT N & 48TH AVE W,1,4,0,7,1,4,,,25,0,0,0,0,1,4,2,3
,2015_05896,0,0,8/13/2015 11:30,11:30,6,0,0,ELM ST 1500 BLK N & 2,1,1,0,7,1,4,,,25,0,0,0,0,0,4,2,14
,2015_05897,0,0,12/21/2015 8:00,8:00,12,0,0,ELIOT ST S & TENNESSEE AVE W,5,1,0,2,1,1,,,25,0,0,0,0,0,4,2,13
,2015_05898,0,0,1/24/2015 2:15,2:15,14,0,0,EMERSON ST 800 BLK N & 8TH AVE E,1,4,0,0,1,4,,,25,0,0,0,0,0,4,3,10
,2015_05899,0,0,2/5/2015 13:11,13:11,14,0,0,EVANS AVE E & DAHLIA ST S,1,1,0,0,1,1,,,30,0,0,0,0,1,4,2,1
,2015_05900,0,0,7/14/2015 11:38,11:38,12,0,0,EVANS AVE 4700 BLK E & DAHLIA ST S,1,1,0,7,1,4,,,35,0,0,0,0,0,4,2,1
,2015_05901,0,0,1/30/2015 11:59,11:59,12,0,0,EVANS AVE 6300 BLK E & MONACO ST S,1,1,0,7,1,4,,,35,0,0,0,0,0,4,2,16
,2015_05902,0,0,2/7/2015 22:20,22:20,12,0,0,EVANS AVE E & MONACO ST S,1,3,0,7,1,3,,,35,0,0,0,0,0,4,2,16
,2015_05903,0,0,8/15/2015 15:46,15:46,12,0,0,EVANS AVE W & S NAVAJO ST,1,1,1,7,1,3,,,35,0,0,0,0,0,4,2,1
,2015_05904,0,0,7/16/2015 20:10,20:10,15,0,0,EVANS AVE E & OGDEN ST S,1,1,0,7,1,1,,,35,0,0,0,0,0,4,2,16
,2015_05905,0,0,6/8/2015 19:45,19:45,3,0,3,EVANS AVE W & PECOS ST S,1,1,0,0,1,2,,,35,0,0,0,0,3,4,2,5
,2015_05906,0,0,6/29/2015 6:45,6:45,12,0,0,FLORIDA AVE 1000 BLK W & PLATTE RIVER DR,1,1,0,0,1,4,,,30,0,0,0,0,0,4,2,13
,2015_05907,0,0,7/16/2015 22:35,22:35,6,0,0,FLOYD AVE 3100 BLK W & IRVING ST S,1,3,0,7,1,4,,,25,0,0,0,0,0,4,4,5
,2015_05908,0,0,6/8/2015 14:25,14:25,6,0,0,FRANKLIN ST 2300 BLK S & WESLEY AVE E,1,1,0,7,1,4,,,30,0,0,0,0,0,4,2,1
,2015_05909,0,0,7/30/2015 8:30,8:30,12,0,0,S GILPN ST & EVANS AVE E,1,1,0,7,1,1,,,25,0,0,0,0,0,4,2,16
,2015_05910,0,0,3/23/2015 12:17,12:17,15,0,0,PENA BLVD & 8100 BLK,1,1,1,0,1,4,,,35,0,0,0,1,0,4,2,13
,2015_05911,0,0,8/28/2015 10:36,10:36,6,0,0,FOX ST 1400 & 14TH AVE W,1,1,0,0,1,4,,,25,0,0,0,0,0,4,2,13
,2015_05912,0,0,12/25/2015 14:29,14:29,6,0,0,GIRARD AVE 8000 BLK E & S XENIA ST,5,1,1,7,1,4,,,30,0,0,0,0,0,4,2,7
,2015_05913,0,0,1/20/2015 16:37,16:37,15,0,0,HOLLY ST 1900 BLK S & ATLANTIC PL E,1,1,0,0,1,3,,,30,0,0,0,0,0,4,2,13
,2015_05914,0,0,3/28/2015 17:38,17:38,5,0,0,JEWELL AVE 3900 BLK W & PERRY WAY W,2,1,0,0,2,4,,,35,0,0,0,0,0,4,2,1
,2015_05915,0,0,1/8/2015 12:25,12:25,10,0,0,JOSEPHINE ST N & 4TH AVE E,1,1,0,0,1,1,,,30,0,0,0,0,0,4,2,3
,2015_05916,0,0,6/7/2015 16:14,16:14,6,0,0,KALAMATH ST & 800 BLK,1,1,0,0,2,4,,,35,0,0,0,0,0,4,2,7
,2015_05917,0,0,9/5/2015 20:00,20:00,6,0,0,HUMBOLDT ST 1700 BLK N & 17TH AVE E,1,2,0,7,1,4,,,25,0,0,0,0,0,4,2,14
,2015_05918,0,0,1/14/2015 7:47,7:47,12,0,0,KNOX CT N & ELLSWORTH AVE W,2,1,0,7,1,3,,,30,0,0,0,0,0,4,2,16
,2015_05919,0,0,3/19/2015 1:18,1:18,6,0,0,LARIMER ST & 1500 BLK,2,3,0,1,1,4,,,30,0,0,0,0,0,4,2,13
,2015_05920,0,0,4/7/2015 7:54,7:54,2,0,0,LARIMER ST 2300 BLK & PARK AVE W,1,1,0,0,1,2,,,30,1,0,0,0,1,4,2,13
,2015_05921,0,0,5/18/2015 18:55,18:55,12,0,0,LARIMER ST 2000 BLK & 21ST,1,1,0,7,1,4,,,30,0,0,0,0,0,4,2,16
,2015_05922,0,0,1/20/2015 14:25,14:25,6,0,0,LARIMER ST 2200 BLK & 22ND ST,1,1,0,7,1,4,,,25,0,0,0,0,0,4,2,1
,2015_05923,0,0,7/4/2015 14:57,14:57,15,0,0,LEYDEN ST 2200 BLK N & 23RD AVE E,1,1,0,0,1,4,,,25,0,0,0,0,0,4,2,13
,2015_05924,0,0,12/18/2015 13:33,13:33,3,0,0,LINCOLN ST & 100 BLK N,2,1,0,0,1,2,,,30,0,0,0,0,0,4,2,1
,2015_05925,0,0,9/13/2015 3:00,3:00,6,0,0,MALTA ST & 3800 BLK N,1,4,0,7,1,4,,,25,0,0,0,0,0,4,2,16
,2015_05926,0,0,3/21/2015 13:00,13:00,3,0,0,MLK BLVD E & YORK ST N,1,1,0,7,1,1,,,35,0,0,0,0,0,4,2,16
,2015_05927,0,0,1/2/2015 12:59,12:59,12,0,0,MONACO ST & 200 S,2,1,1,0,1,4,,,30,0,0,0,0,0,4,2,14
,2015_05928,0,0,3/23/2015 16:47,16:47,12,0,0,MONACO ST N & 6TH AVE E,1,2,0,7,1,1,,,35,0,0,0,0,0,4,2,14
,2015_05929,0,0,8/18/2015 18:10,18:10,3,0,1,MONACO PKWY S & MISSISSIPPI AVE E,1,2,0,0,1,1,,,30,0,0,0,1,3,4,2,1
,2015_05930,0,0,3/20/2015 17:55,17:55,10,0,0,MONACO ST S & FLORIDA AVE E,1,1,0,0,1,1,,,25,0,0,0,0,0,4,2,8
,2015_05931,0,0,3/11/2015 9:40,9:40,15,0,0,MONACO ST 4200 BLK S & HAPPY CANYON RD,1,1,0,0,1,3,,,35,0,0,0,0,0,4,2,13
,2015_05932,0,0,7/17/2015 8:39,8:39,12,0,0,MONACO ST N & MLK BLVD E,1,1,0,7,1,3,,,30,0,0,0,0,1,4,2,16
,2015_05933,0,0,3/13/2015 13:12,13:12,3,0,0,OSAGEST N & 13TH AVE W,1,1,1,7,1,1,,,30,0,0,0,0,0,4,2,16
,2015_05934,0,0,3/22/2015 15:00,15:00,6,0,0,PACIFIC PL W & PECOS ST S,1,1,0,0,1,1,,,25,0,0,0,0,0,4,2,1
,2015_05935,0,0,7/16/2015 16:49,16:49,1,0,1,PARK AVE & 17TH AVE E,1,1,0,7,1,1,,,30,0,0,0,0,2,4,2,16
,2015_05936,0,0,8/25/2015 15:27,15:27,2,0,1,PARK AVE & 16TH AVE E,1,1,0,0,1,1,,,30,1,0,0,0,3,4,2,13
,2015_05937,0,0,6/24/2015 19:27,19:27,12,0,0,PARK AVE W & BLAKE ST,2,1,0,1,1,3,,,35,0,0,0,0,0,4,2,3
,2015_05938,0,0,6/24/2015 18:40,18:40,12,0,0,PARK AVE W & GLOBEVILLE RD,2,1,0,7,1,3,,,35,0,0,0,0,1,4,3,16
,2015_05939,0,0,11/19/2015 18:14,18:14,6,0,0,E 50TH PL & N EAGLE ST,1,3,1,7,1,1,,,25,0,0,0,0,0,4,2,16
,2015_05940,0,0,6/8/2015 7:00,7:00,15,0,0,PENA BLVD & 7700 BLK,1,1,0,0,1,4,,,45,0,0,0,0,0,4,2,8
,2015_05941,0,0,9/19/2015 20:00,20:00,6,0,0,PARK AVE WEST 1300 & LARIMER ST,1,1,0,7,1,4,,,30,0,0,0,0,0,4,2,16
,2015_05942,0,0,4/27/2015 5:48,5:48,5,0,0,PENA BLVD & 8400 BLK,2,2,1,1,3,4,,,35,0,0,0,0,0,4,1,13
,2015_05943,0,0,6/25/2015 7:50,7:50,12,0,0,PEORIA ST N & 44TH AVE E,2,1,0,7,1,4,,,40,0,0,0,0,0,4,2,1
,2015_05944,0,0,8/10/2015 11:18,11:18,15,0,0,PEORIA ST N & 46TH AVE E,1,1,1,7,1,1,,,40,0,0,0,0,0,4,2,16
,2015_05945,0,0,8/5/2015 20:15,20:15,15,0,0,PEORIA ST N & 47TH AVE E,1,3,0,7,1,1,,,40,0,0,0,0,0,4,2,1
,2015_05946,0,0,3/18/2015 18:30,18:30,3,0,0,PERRY ST N & 7TH AVE W,1,1,1,1,1,1,,,25,0,0,0,0,1,4,3,16
,2015_05947,0,0,11/10/2015 14:38,14:38,5,0,0,PICADILLY RD N & 56TH AVE E,1,1,1,0,3,4,,,45,0,0,0,0,1,4,1,5
,2015_05948,0,0,3/24/2015 8:00,8:00,12,0,0,QUEBEC ST 1200 BLK N & 13TH AVE E,1,1,0,7,1,4,,,20,0,0,0,0,0,4,2,2
,2015_05949,0,0,4/23/2015 7:20,7:20,3,0,0,QUEBEC ST N & 28TH AVE E,1,1,0,7,1,1,,,35,0,0,0,0,0,4,2,5
,2015_05950,0,0,1/10/2015 21:45,21:45,12,0,0,QUEBEC ST N & 29TH AVE E,1,3,0,7,1,1,,,35,0,0,0,0,0,4,2,7
,2015_05951,0,0,5/24/2015 8:23,8:23,5,0,0,RANDOLPH PL E & 15616,1,1,0,0,2,4,,,30,0,0,0,0,0,4,1,5
,2015_05952,0,0,3/11/2015 6:37,6:37,6,0,0,QUITMAN ST S & FLORIDA AVE W,1,1,0,7,1,4,,,25,0,0,0,0,0,4,3,10
,2015_05953,0,0,5/4/2015 16:16,16:16,12,0,0,RACE CT N & FRANKLIN ST N,1,1,0,7,1,4,,,30,0,0,0,0,0,4,2,16
,2015_05954,0,0,3/17/2015 17:00,17:00,6,0,1,RACE ST 900 BLK S & KENTUCKY AVE E,1,1,0,7,1,3,,,25,0,0,0,0,2,4,3,5
,2015_05955,0,0,3/30/2015 23:20,23:20,3,0,0,RALEIGH ST S & VASSAR AVE W,1,3,0,7,1,1,,,30,0,0,0,0,0,4,2,16
,2015_05956,0,0,6/9/2015 0:45,0:45,6,0,0,UTOPIA CT N & 5024,1,4,0,0,3,2,,,25,0,0,0,0,0,4,2,5
,2015_05957,0,0,12/29/2015 12:11,12:11,6,0,0,PONTIAC ST & 2950 PONTIAC ST,5,1,0,7,1,4,,,25,0,0,0,0,0,4,3,16