id,drcog_id,latitude,longitude,crashtime,time,crashtype,numbkilled,numbinjurd,drcoglocat,rdconditin,lightngcon,roadcntgrd,weatherco,location,roaddescrp,schoolzone,constrzone,splimit,bikeinv,pedinv,sctrinv,motoinv,svrty,rdsystem,ttlvehcls,hcf
,2015_05958,0,0,8/9/2015 19:31,19:31,3,0,0,20TH ST & CURTIS ST,1,1,0,0,1,1,,,25,0,0,0,0,0,4,2,8
,2015_05959,0,0,7/1/2015 14:45,14:45,12,0,0,20TH ST & LITTLE RAVEN ST,1,1,0,7,1,1,,,30,0,0,0,0,1,4,3,16
,2015_05960,0,0,2/19/2015 19:38,19:38,3,0,0,22ND ST & MARKET ST,1,3,0,7,1,1,,,25,0,0,0,0,0,4,2,8
,2015_05961,0,0,6/26/2015 16:45,16:45,3,0,0,24TH ST & GLENARM PL,1,1,0,0,1,1,,,25,0,0,0,0,1,4,4,3
,2015_05962,0,0,4/16/2015 7:45,7:45,3,0,0,28TH ST & ARAPAHOE ST,2,1,0,2,1,1,,,25,0,0,0,0,1,4,2,7
,2015_05963,0,0,3/23/2015 23:20,23:20,15,0,0,SPEER BLVD 1100 BLK N & 11TH AVE W,2,3,0,1,1,4,,,35,0,0,0,0,0,4,2,1
,2015_05964,0,0,8/11/2015 11:47,11:47,15,0,0,SPEER BLVD & 1600 BLK N,1,1,1,0,1,4,,,30,0,0,0,0,0,4,2,13
,2015_05965,0,0,12/28/2015 21:22,21:22,5,0,0,SHOSHONE ST N & 5195,5,3,0,0,3,4,,,25,0,0,0,0,0,4,1,9
,2015_05966,0,0,7/23/2015 13:30,13:30,15,0,0,SANTA FE DR & 700 BLK N,1,1,0,0,1,4,,,30,0,0,0,0,0,4,2,13
,2015_05967,0,0,1/14/2015 19:10,19:10,3,0,0,SPEER BLVD N & CHOPPER CIR,1,3,0,7,1,1,,,35,0,0,0,0,0,4,2,16
,2015_05968,0,0,10/19/2015 16:35,16:35,11,0,1,SPEER BLVD 1300 BLK N & 13TH AVE W,1,1,0,0,1,2,,,20,0,1,0,0,2,4,2,14
,2015_05969,0,0,8/11/2015 21:30,21:30,3,0,0,SPEER BLVD N & STOUT ST,1,3,0,0,1,1,,,30,0,0,0,0,0,4,2,13
,2015_05970,0,0,1/6/2015 8:00,8:00,12,0,0,SPEER BLVD E & WASHINGTON ST N,2,1,0,7,1,4,,,35,0,0,0,0,0,4,2,16
,2015_05971,0,0,5/18/2015 10:45,10:45,10,0,0,STAPLETON DR S & MONACO ST N,1,1,0,0,1,1,,,40,0,0,0,0,0,4,2,7
,2015_05972,0,0,6/9/2015 15:13,15:13,12,0,0,TAMARAC ST 3500 BLK S & HAMPDEN AVE E,1,1,0,7,1,4,,,30,0,0,0,0,0,4,2,16
,2015_05973,0,0,6/14/2015 13:20,13:20,5,0,2,TEJON ST S & 1195,1,1,1,0,3,4,,,25,0,0,0,0,2,4,1,4
,2015_05974,0,0,8/15/2015 13:58,13:58,15,0,0,TENNYSON ST 4000 BLK N & 41ST AVE W,1,1,0,7,1,1,,,30,0,0,0,0,0,4,2,8
,2015_05975,0,0,4/10/2015 23:59,23:59,6,0,0,UMATILLA ST 4000 BLK N & 41ST AVE W,1,3,0,7,1,4,,,25,0,0,0,0,0,4,2,16
,2015_05976,0,0,3/6/2015 15:25,15:25,12,0,0,UNIVERSITY BLVD & 700 BLK S,1,1,0,0,1,4,,,35,0,0,0,0,1,4,2,13
,2015_05977,0,0,4/29/2015 9:30,9:30,12,0,0,UNIVERSITY BLVD 300 BLK S & ALAMEDA AVE E,1,1,1,7,1,4,,,30,0,0,0,0,0,4,2,3
,2015_05978,0,0,1/21/2015 9:45,9:45,12,0,2,UNIVERSITY BLVD 1300 BLK S & ARKANSAS AVE E,4,1,0,2,1,3,,,30,0,0,0,0,2,4,3,1
,2015_05979,0,0,6/17/2015 15:29,15:29,15,0,0,UNIVERSITY BLVD S & MISSISSIPPI AVE E,1,1,0,0,1,4,,,35,0,0,0,0,0,4,4,3
,2015_05980,0,0,1/11/2015 3:38,3:38,6,0,0,XAPARY WAY & 5550 BLK N,1,3,0,1,1,4,,,25,0,0,0,0,0,4,3,5
,2015_05981,0,0,5/20/2015 12:30,12:30,14,0,0,YALE AVE 3700 BLK E & GARFIELD ST S,1,1,0,0,1,3,,,30,0,0,0,0,0,4,2,1
,2015_05982,0,0,10/9/2015 23:30,23:30,11,1,0,WALNUT ST (3000 BLK) & ALLEY N (BLAKE ST),1,4,0,0,1,5,,,15,0,1,0,0,4,4,3,13
,2015_05983,0,0,6/30/2015 7:42,7:42,12,0,0,ZUNI ST N & 32ND AVE W,1,1,0,7,1,4,,,30,0,0,0,0,0,4,2,7
,2015_05984,0,0,1/24/2015 19:31,19:31,3,0,0,ZUNI ST S & CENTER AVE W,1,3,0,7,1,1,,,25,0,0,0,0,1,4,2,1
,2015_06097,39.678409,-104.940629,3/13/2015 15:22,15:22,1,0,0,COLORADO BLVD S & EVANS AVE E,1,1,0,0,1,1,,,35,0,0,0,0,1,2,2,3
,2015_06098,39.682866,-104.940373,4/14/2015 14:13,14:13,12,0,0,COLORADO BLVD S & I-25 SB ON LOOP RAMP ENT PT,1,1,0,0,1,3,,,40,0,0,0,0,0,2,2,1
,2015_06101,39.714614,-104.940629,4/29/2015 15:21,15:21,15,0,0,BAYAUD AVE E & COLORADO BLVD S,1,1,0,0,1,4,,,30,0,0,0,0,0,2,2,13
,2015_06102,39.66361,-104.940595,6/30/2015 9:14,9:14,12,0,0,COLORADO BLVD 2800 BLK S & CORNELL AVE E,1,1,1,0,1,4,,,35,0,0,0,0,0,2,2,1
,2015_06104,39.729687,-104.940624,5/11/2015 14:43,14:43,12,0,0,COLORADO BLVD & 700 BLK S,1,1,1,0,1,4,,,35,0,0,0,0,0,2,2,3
,2015_06105,39.733666,-104.94062,6/25/2015 9:20,9:20,14,0,0,11TH AVE E & COLORADO BLVD,1,5,0,0,1,1,,,40,0,0,0,0,0,2,2,13
,2015_06106,39.75129,-104.940599,3/14/2015 12:41,12:41,15,0,0,COLORADO BLVD N & 23RD AVE E,1,1,0,0,1,4,,,35,0,0,0,0,0,2,2,13
,2015_06107,39.754512,-104.940549,6/23/2015 8:36,8:36,12,0,0,COLORADO BLVD N & 26TH AVE E,1,1,0,0,1,1,,,35,0,0,0,0,0,2,2,13
,2015_06108,39.754512,-104.940549,7/21/2015 12:01,12:01,1,0,0,26TH AVE E & COLORADO BLVD N,1,1,0,0,1,1,,,35,0,0,0,0,1,2,2,13
,2015_06109,39.756496,-104.940532,7/28/2015 16:32,16:32,15,0,0,COLORADO BLVD N & 28TH AVE E,1,1,0,0,1,1,,,35,0,0,0,0,0,2,2,13
,2015_06110,39.762464,-104.940509,3/11/2015 13:52,13:52,15,0,0,COLORADO BLVD 3200 BLK N & MARTIN LUTHER KING JR BLVD E,1,1,0,0,1,4,,,30,0,0,0,0,0,2,2,13
,2015_06111,39.765639,-104.940496,2/8/2015 19:20,19:20,12,0,0,35TH AVE E & COLORADO BLVD N,1,3,0,0,1,1,,,30,0,0,0,0,0,2,2,14
,2015_06112,39.765639,-104.940496,2/12/2015 17:42,17:42,1,0,0,COLORADO BLVD & 35TH AVE,1,1,0,0,1,1,,,35,0,0,0,0,0,2,3,13
,2015_06113,39.772893,-104.940506,2/4/2015 7:10,7:10,14,0,0,40TH AVE E & COLORADO BLVD N,5,1,0,2,1,1,,,40,0,0,0,0,0,2,2,13
,2015_06114,39.783831,-104.940459,7/1/2015 17:09,17:09,3,0,0,48TH AVE 3900 BLK E & COLORADO BLVD FRONTAGE RD W,1,1,0,0,1,1,,,30,0,0,0,0,0,4,2,13
,2015_06125,39.725205,-105.018063,2/24/2015 15:05,15:05,12,0,0,6TH AVE W & I-25 SB RAMPS,2,1,0,0,1,4,,,45,0,0,0,0,0,2,2,14
,2015_06126,39.725205,-105.018063,5/31/2015 14:15,14:15,15,0,0,6TH AVE W & I-25,1,1,0,0,1,4,,,55,0,0,0,0,0,2,2,13
,2015_06127,0,0,8/1/2015 13:20,13:20,1,0,0,4600 BLK N STEELE ST & N VASQUEZ BLVD,1,1,0,0,1,2,,,35,0,0,0,0,1,2,2,5
,2015_06128,39.780043,-104.949712,1/18/2015 16:23,16:23,3,0,1,46TH AVE E & STEELE ST N,1,1,1,0,1,1,,,30,0,0,0,0,2,2,3,3
,2015_06129,39.790815,-104.941496,5/15/2015 15:33,15:33,1,0,0,52ND AVE E & VASQUEZ BLVD N,1,1,0,0,1,1,,,40,0,0,0,0,0,2,2,13
,2015_06153,39.678363,-104.933558,1/23/2015 15:45,15:45,12,0,0,I-25 & EVANS AVE E,1,1,0,0,1,4,,,55,0,0,0,0,0,1,2,13
,2015_06154,39.689021,-104.971356,4/24/2015 11:00,11:00,15,0,0,I-25 SB OFF RAMP & UNIVERSITY BLVD SB RAMP ENT PT,1,1,0,0,1,8,,,65,0,0,0,0,0,1,2,13
,2015_06156,39.701557,-104.987559,4/21/2015 14:25,14:25,15,0,0,I-25 & MM 207,1,1,0,0,1,4,,,55,0,0,0,0,0,1,2,7
,2015_06157,39.701557,-104.987559,5/13/2015 14:49,14:49,12,0,0,I-25 & MM 207,1,1,1,0,1,4,,,55,0,0,0,0,0,1,2,13
,2015_06158,39.705112,-104.995181,1/6/2015 16:00,16:00,12,0,0,I-25 & SANTA FE DR S,1,2,1,0,1,4,,,55,0,0,0,0,0,1,2,7
,2015_06159,39.707122,-104.996782,3/25/2015 16:00,16:00,12,0,0,I-25 & SANTA FE DR,1,1,0,0,1,4,,,55,0,0,0,0,0,1,2,13
,2015_06160,39.694462,-104.979284,10/7/2015 8:25,8:25,12,0,1,I-25 & WASHINGTON ST S,1,1,0,0,1,1,,,55,0,0,0,1,2,1,2,1
,2015_06161,39.71124,-104.998918,1/17/2015 10:18,10:18,12,0,0,I-25 & ALAMEDA AVE W,1,1,0,0,1,4,,,55,0,0,0,0,0,1,3,13
,2015_06162,39.71124,-104.998918,5/20/2015 8:00,8:00,15,0,0,I-25 & ALAMEDA AVE W,1,1,0,0,1,4,,,55,0,0,0,0,0,1,3,13
,2015_06163,39.71124,-104.998918,5/21/2015 18:24,18:24,15,0,0,I-25 & ALAMEDA AVE W,1,1,0,0,1,4,,,55,0,0,0,0,0,1,2,13
,2015_06164,39.71124,-104.998918,9/2/2015 16:05,16:05,15,0,0,I-25 & ALAMEDA AVE W,1,1,0,0,1,4,,,55,0,0,0,0,0,1,2,1
,2015_06165,39.713064,-105.000002,1/2/2015 13:28,13:28,12,0,0,I-25 NB ON RAMP @ & CEDAR AVE W & KALAMATH ST S,2,1,1,0,1,1,,,55,0,0,0,0,1,1,4,3
,2015_06166,39.713733,-105.000414,5/4/2015 13:26,13:26,15,0,0,I-25 & CEDAR AVE W (NOT IN TCORIS),1,1,0,0,1,4,,,55,0,0,0,0,0,1,3,1
,2015_06167,39.743081,-105.015682,6/30/2015 16:53,16:53,12,0,0,I-25 & COLFAX AVE W NB RAMP GORE PT,1,1,0,0,1,4,,,55,0,0,0,1,0,1,3,7
,2015_06168,39.738069,-105.013852,10/7/2015 8:52,8:52,12,0,0,I-25 & AURARIA PKWY NB EXIT,1,1,0,0,1,4,,,55,0,0,0,0,0,1,2,14
,2015_06169,39.751162,-105.01664,9/10/2015 19:10,19:10,12,0,0,I-25 NB OFF RAMP & 23RD AVE W,1,2,1,0,1,8,,,25,0,0,0,0,0,1,2,13
,2015_06170,39.759926,-105.005986,6/18/2015 17:59,17:59,15,0,0,I-25 & 20TH ST,1,1,0,0,1,4,,,55,0,0,0,0,0,1,2,13
,2015_06171,39.76032,-105.005352,1/7/2015 17:38,17:38,12,0,0,I-25 & 20TH ST,1,2,0,0,1,4,,,55,0,0,0,0,0,1,2,7
,2015_06172,39.779391,-104.989165,7/13/2015 6:50,6:50,12,0,0,I-25 & I-70,1,1,0,0,1,4,,,55,0,0,0,0,0,1,2,7
,2015_06173,39.768039,-104.994788,10/18/2015 9:15,9:15,12,0,0,FOX ST N & 38TH AVE W,1,1,0,0,1,1,,,35,0,0,0,0,0,1,2,13
,2015_06186,39.711079,-105.025238,5/6/2015 10:20,10:20,15,0,0,ALAMEDA AVE W & FEDERAL BLVD S,1,1,0,0,1,3,,,35,0,0,0,0,0,2,3,3
,2015_06188,39.711131,-105.032417,11/1/2015 14:50,14:50,3,0,0,ALAMEDA AVE W & KNOX ST S,1,1,0,0,1,1,,,35,0,0,0,0,1,2,3,6
,2015_06189,39.7112,-104.999749,3/15/2015 5:50,5:50,2,0,0,ALAMEDA AVE W & I-25 SB RAMP,1,3,0,0,1,1,,,25,1,0,0,0,1,2,2,13
,2015_06190,39.653118,-104.904632,8/10/2015 12:15,12:15,2,0,0,HAMPDEN AVE E & POPLAR ST S,1,1,0,0,1,1,,,,1,0,0,0,0,2,2,13
,2015_06191,39.653077,-104.898688,9/3/2015 12:20,12:20,3,0,0,HAMPDEN AVE E & TAMARAC DR S,1,1,1,0,1,1,,,40,0,0,0,0,0,2,2,1
,2015_06192,39.653118,-104.904632,3/28/2015 13:10,13:10,3,0,0,HAMPDEN AVE E & POPLAR ST S,1,1,0,0,1,1,,,35,0,0,0,0,0,2,2,3
,2015_06194,39.65305,-104.884354,3/28/2015 18:11,18:11,3,0,0,HAMPDEN AVE 8900 BLK E & YOSEMITE ST S,1,1,0,0,1,1,,,15,0,0,0,0,0,2,2,3
,2015_06199,39.778159,-104.903405,6/19/2015 14:10,14:10,12,0,0,QUEBEC ST N & I-70,1,1,1,0,1,3,,,30,0,0,0,0,1,2,2,13
,2015_06200,39.779316,-104.903391,6/14/2015 15:36,15:36,12,0,0,NORTHFIELD QUEBEC ST N & I-70 WB RAMPS,1,1,0,0,1,4,,,35,0,0,0,0,0,2,2,7
,2015_06201,39.781956,-104.901624,4/14/2015 8:20,8:20,12,0,0,QUEBEC ST N & SANDCREEK RD N,1,1,0,0,1,3,,,40,0,0,0,0,0,2,2,13
,2015_06216,39.740012,-104.969101,4/14/2015 10:10,10:10,6,0,0,COLFAX AVE 1520 E & FRANKLIN ST,1,1,0,0,1,4,,,30,0,0,0,0,0,2,2,1
,2015_06217,39.740009,-104.96852,7/8/2015 20:49,20:49,1,0,0,PARK AVE WEST & COLFAX AVE E,2,3,1,0,1,1,,,30,0,0,0,0,0,2,2,5
,2015_06218,39.74,-104.977603,8/12/2015 20:00,20:00,8,0,0,COLFAX AVE E & CLARKSON ST N,1,2,1,0,1,1,,,30,0,0,0,0,0,2,2,5
,2015_06219,39.739998,-104.966067,5/29/2015 17:17,17:17,3,0,0,COLFAX AVE E & WILLIAMS ST N,1,1,0,0,1,1,,,30,0,0,0,0,0,2,2,13
,2015_06220,39.740166,-104.956146,5/13/2015 15:03,15:03,6,0,0,COLFAX AVE 2600 BLK E & ELIZABETH ST N,1,1,0,0,1,4,,,30,0,0,0,0,0,2,2,13
,2015_06221,39.740152,-104.951201,3/5/2015 5:55,5:55,3,0,0,ST PAUL ST N & COLFAX AVE E,1,2,0,0,1,1,,,30,0,0,0,0,0,2,2,13
,2015_06222,39.740151,-104.950674,4/3/2015 18:44,18:44,11,0,1,COLFAX AVE 3000 BLK E & ST PAUL ST N (RD S),1,1,0,0,1,1,,,30,0,1,0,0,3,2,2,7
,2015_06223,39.740057,-104.933752,4/21/2015 7:25,7:25,3,0,0,COLFAX AVE E & CHERRY ST N,1,1,0,0,1,1,,,30,0,0,0,0,1,2,2,13
,2015_06224,39.740079,-104.912395,1/20/2015 8:40,8:40,3,0,0,COLFAX AVE E & MONACO ST N,1,1,0,0,1,1,,,30,0,0,0,0,0,2,2,13
,2015_06225,39.740079,-104.903501,4/9/2015 11:36,11:36,3,0,0,QUEBEC ST 1500 BLK N & COLFAX AVE E,1,1,0,0,1,2,,,30,0,0,0,0,0,2,2,1
,2015_06230,0,0,12/6/2015 6:30,6:30,6,0,0,E 53RD DR & UINTA ST N,1,2,0,7,1,4,,,20,0,0,0,0,0,4,2,10
,2015_06247,39.783357,-105.034565,3/25/2015 11:51,11:51,3,0,0,I-70 WB RAMPS & LOWELL BLVD N,2,1,1,2,1,1,,,30,0,0,0,0,0,1,2,13
,2015_06248,39.778285,-104.913627,7/22/2015 15:09,15:09,12,0,0,I-70 & HOLLY ST N,1,1,0,0,1,4,,,55,0,0,0,0,1,1,2,13
,2015_06249,39.778287,-104.913004,6/18/2015 18:27,18:27,12,0,0,I-70 & MM 278,1,1,1,0,1,4,,,55,0,0,0,0,0,1,2,13
,2015_06250,39.778287,-104.912805,5/11/2015 13:06,13:06,12,0,0,I-70 & MONACO ST N,1,1,0,0,1,4,,,55,0,0,0,0,0,1,2,13
,2015_06251,39.777095,-104.882471,7/27/2015 18:24,18:24,1,0,0,CENTRAL PARK BLVD N & I-70 WB RAMPS,1,1,0,0,1,1,,,35,0,0,0,0,0,1,2,3
,2015_06252,39.777095,-104.882471,2/3/2015 14:32,14:32,15,0,0,QUEBEC ST N & I-70 EB OFF RAMP,1,1,2,0,1,1,,,40,0,0,0,0,0,1,2,14
,2015_06253,39.776379,-104.874511,3/19/2015 16:05,16:05,12,0,0,I-70 & HAVANA ST N,1,1,0,0,1,4,,,55,0,0,0,0,0,1,2,13
,2015_06254,39.776379,-104.874511,7/21/2015 15:45,15:45,12,0,0,I-70 & HAVANA ST N,2,1,1,1,1,4,,,55,0,0,0,0,0,1,3,13
,2015_06255,39.774397,-104.851573,8/26/2015 9:40,9:40,15,0,0,I-70 & PEORIA ST N,1,1,0,0,1,4,,,55,0,0,0,0,0,1,2,16
,2015_06256,39.775623,-104.865778,7/6/2015 23:20,23:20,15,0,0,I-70 & HAVANA ST N,1,3,0,0,1,4,,,55,0,0,0,0,0,1,2,14
,2015_06257,39.775623,-104.865778,7/9/2015 13:00,13:00,9,0,1,I-70 & HAVANA ST N,1,1,0,0,1,4,,,55,0,0,0,1,2,1,1,3
,2015_06258,39.77521,-104.860994,2/22/2015 4:28,4:28,5,0,0,I-70 & MM 281,9,4,0,2,1,4,,,55,0,0,0,0,0,1,2,13
,2015_06275,0,0,9/9/2015 7:40,7:40,15,0,0,ROSLYN ST 3900 BLK N & 29TH DR E,1,1,0,0,1,4,,,30,0,0,0,0,0,4,2,13
,2015_06278,39.674531,-104.870439,5/8/2015 9:10,9:10,10,0,1,PARKER RD 2300 BLK S & ILIFF AVE E,2,1,1,1,1,3,,,45,0,0,0,0,2,2,2,8
,2015_06279,39.674737,-104.870699,1/30/2015 17:05,17:05,12,0,0,PARKER RD 2300 BLK S & ILIFF AVE E,1,3,1,0,1,1,,,45,0,0,0,0,0,2,2,13
,2015_06281,39.702691,-104.912468,2/10/2015 8:50,8:50,3,0,0,LEETSDALE DR 6500 BLK & MONACO ST,1,1,0,0,1,2,,,35,0,0,0,0,0,2,2,13
,2015_06282,39.702965,-104.912888,8/13/2015 23:30,23:30,12,0,0,LEETSDALE DR & MONACO ST S,1,3,0,0,1,1,,,35,0,0,0,0,0,2,2,7
,2015_06283,39.703622,-104.914135,7/17/2015 20:55,20:55,12,0,0,LEETSDALE DR 6400 BLK & LOCUST ST S,1,3,0,0,1,4,,,35,0,0,0,0,0,2,3,5
,2015_06291,39.687094,-104.991947,1/21/2015 10:06,10:06,12,0,0,SANTA FE DR & 1600 BLK S,6,1,0,4,1,4,,,45,0,0,0,0,0,2,2,13
,2015_06292,39.695346,-104.99241,7/28/2015 13:28,13:28,15,0,0,SANTA FE DR 1100 BLK S & ARIZONA AVE W,1,1,0,0,1,4,,,35,0,0,0,0,0,2,2,3
,2015_06293,39.706902,-104.996485,5/5/2015 8:20,8:20,15,0,0,SANTA FE DR S & I-25,1,1,0,0,1,4,,,35,0,0,0,0,0,2,2,13
,2015_06298,39.725983,-105.025128,4/7/2015 10:35,10:35,3,0,0,FEDERAL BLVD N & 6TH AVE WB RAMP,1,1,0,0,1,1,,,35,0,0,0,0,0,2,2,1
,2015_06299,39.725493,-105.025119,4/9/2015 18:49,18:49,15,0,0,FEDERAL BLVD 600 BLK N & 6TH AVE W,1,2,0,0,1,4,,,30,0,0,0,0,0,2,2,13
,2015_06300,39.725493,-105.025119,7/3/2015 22:23,22:23,12,0,0,6TH AVE W & FEDERAL BLVD N,1,3,0,0,1,1,,,35,0,0,0,0,0,2,3,5
,2015_06301,39.718099,-105.025158,11/10/2015 15:15,15:15,10,0,0,FEDERAL BLVD N & 1ST AVE W,1,1,0,0,1,1,,,35,0,0,0,0,0,2,2,16
,2015_06302,39.709687,-105.025076,11/15/2015 11:15,11:15,12,0,0,DAKOTA AVE W & FEDERAL BLVD S,1,3,0,0,1,3,,,40,0,0,0,0,0,2,4,16
,2015_06361,39.780804,-104.966749,4/16/2015 14:21,14:21,12,0,0,46TH AVE 1600 BLK E & BRIGHTON BLVD N,2,1,0,1,1,3,,,30,0,0,0,0,0,2,2,13
,2015_06369,39.760318,-105.025143,6/21/2015 11:55,11:55,12,0,0,FEDERAL BLVD N & SPEER BLVD,1,1,0,0,1,4,,,35,0,0,0,1,0,2,2,13
,2015_06370,39.763205,-105.025164,4/30/2015 7:45,7:45,12,0,1,FEDERAL BLVD N & 33RD AVE W,1,1,0,0,1,1,,,35,0,0,0,0,3,2,2,13
,2015_06371,39.768094,-105.025186,5/3/2015 2:11,2:11,11,0,1,FEDERAL BLVD & 37TH AVE,1,3,0,0,1,4,,,,0,1,0,0,3,2,2,13
,2015_06373,39.776693,-105.025236,5/18/2015 7:10,7:10,12,0,0,FEDERAL BLVD & 44TH AVE W,2,1,0,1,1,4,,,35,0,0,0,0,0,2,3,13
,2015_06375,39.787435,-105.025221,5/28/2015 7:04,7:04,12,0,0,FEDERAL BLVD 4900 BLK N & 50TH AVE W,1,1,0,0,1,4,,,35,0,0,0,0,0,2,2,14
,2015_06376,39.787906,-105.025219,3/16/2015 11:00,11:00,3,0,2,FEDERAL BLVD 5000 BLK N & 50TH AVE W,1,1,0,0,1,2,,,35,0,0,0,0,3,2,2,7
,2015_06390,39.72542,-105.025174,11/30/2015 7:10,7:10,15,0,0,6TH AVE W & FEDERAL BLVD N,5,1,0,2,1,1,,,55,0,0,0,0,0,2,2,13
,2015_06439,0,0,2/1/2015 0:35,0:35,5,0,0,BANNOCK ST N & 14TH AVE W,4,3,0,2,3,1,,,25,0,0,0,0,0,4,1,13
,2015_06485,0,0,4/25/2015 9:15,9:15,12,0,0,EVANS AVE E & MONACO ST S,1,1,0,7,1,4,,,35,0,0,0,0,0,4,2,16
,2015_06546,0,0,1/6/2015 5:37,5:37,5,0,0,CENTRAL PARK BLVD N & MONTVIEW BLVD E,5,2,1,0,2,4,,,30,0,0,0,0,0,4,1,14
,2015_06550,0,0,7/24/2015 20:00,20:00,6,0,0,LARIMER ST 2000 BLK & 21ST ST,1,2,0,7,1,4,,,30,0,0,0,0,0,4,2,16
,2015_06576,0,0,8/27/2015 14:53,14:53,3,0,0,3RD AVE E & LOGAN ST N,1,1,0,0,1,1,,,25,0,0,0,0,1,4,2,14
,2015_06577,0,0,5/5/2015 15:37,15:37,1,0,0,5TH AVE W & YATES ST N,2,1,0,1,1,1,,,30,0,0,0,0,0,4,2,7
,2015_06578,0,0,4/7/2015 21:21,21:21,3,0,0,6TH AVE E & CORONA ST N,1,3,0,7,1,1,,,35,0,0,0,0,0,4,2,16
,2015_06579,0,0,3/23/2015 14:48,14:48,3,0,0,6TH AVE E & GRANT ST N,1,1,0,7,1,1,,,30,0,0,0,0,0,4,2,3
,2015_06580,0,0,4/28/2015 17:24,17:24,12,0,0,7TH AVE 800 BLK E & CLARSON ST N,1,1,0,7,1,4,,,30,0,0,0,0,0,4,2,3
,2015_06581,0,0,7/14/2015 8:40,8:40,3,0,0,11TH AVE E & PEARL ST N,1,1,1,0,1,1,,,25,0,0,0,0,0,4,2,13
,2015_06582,0,0,7/5/2015 12:25,12:25,2,0,0,12TH AVE & 1300 BLK E,1,1,0,0,1,5,,,15,1,0,0,0,1,4,2,13
,2015_06583,0,0,3/5/2015 3:05,3:05,12,0,0,12TH AVE E & FILLMORE ST N,1,1,1,7,1,1,,,25,0,0,0,0,0,4,2,3
,2015_06584,0,0,6/5/2015 23:21,23:21,10,0,0,12TH AVE E & LINCOLN ST N,2,3,0,0,1,1,,,30,0,0,0,0,0,4,2,3
,2015_06586,0,0,12/1/2015 17:59,17:59,14,0,0,11TH AVE 900 BLK E & OGDEN ST N,5,3,0,0,1,4,,,30,0,0,0,0,0,4,2,14
,2015_06587,0,0,1/10/2015 14:56,14:56,12,0,0,26TH AVE 1100 BLK & DOWNING ST N,1,1,0,7,1,3,,,30,0,0,0,0,0,4,2,5
,2015_06588,0,0,2/2/2015 12:27,12:27,14,0,0,26TH AVE W & ELIOT ST N,1,1,1,0,1,1,,,25,0,0,0,0,0,4,2,13
,2015_06589,0,0,9/5/2015 23:57,23:57,6,0,0,28TH AVE E & COLUMBINE ST N,1,3,0,0,1,1,,,30,0,0,0,0,0,4,2,14
,2015_06590,0,0,2/9/2015 19:49,19:49,6,0,0,26TH AVE E & ELM ST N,1,4,0,7,1,4,,,25,0,0,0,0,0,4,2,16
,2015_06591,0,0,2/16/2015 23:02,23:02,3,0,0,29TH AVE W & ZUNI ST N,5,3,0,7,1,1,,,30,0,0,0,0,0,4,2,8
,2015_06592,0,0,6/25/2015 2:50,2:50,6,0,0,30TH AVE 2900 BLK W & ZUNI ST N,1,3,1,7,1,4,,,30,0,0,0,0,0,4,2,14
,2015_06593,0,0,5/20/2015 17:50,17:50,3,0,0,32ND AVE W & CLAY ST N,2,3,0,1,1,1,,,30,0,0,0,0,0,4,2,8
,2015_06594,0,0,1/21/2015 11:20,11:20,3,0,0,38TH AVE E & EUDORA ST N,4,1,0,2,1,1,,,30,0,0,0,0,1,4,2,7
,2015_06595,0,0,3/15/2015 19:21,19:21,6,0,0,39TH AVE E & WILLIAMS ST N,1,2,0,7,1,4,,,25,0,0,0,0,0,4,3,5
,2015_06596,0,0,12/9/2015 20:00,20:00,6,0,0,44TH AVE & 2915 W,1,3,0,7,1,4,,,30,0,0,0,0,0,4,2,16
,2015_06597,0,0,5/22/2015 8:15,8:15,3,0,1,40TH AVE E & YORK ST N,1,1,0,1,1,1,,,30,0,0,0,0,2,4,2,7
,2015_06598,0,0,6/2/2015 8:02,8:02,12,0,0,46TH AVE W & ZUNI ST N,1,1,0,7,1,1,,,35,0,0,0,0,0,4,2,14
,2015_06599,0,0,6/19/2015 14:45,14:45,3,0,0,47TH AVE & 1400 BLK W 47TH AVE,1,2,0,0,1,2,,,35,0,0,0,0,1,4,2,13
,2015_06600,0,0,4/15/2015 11:40,11:40,15,0,0,48TH AVE E & HOLLY ST N,1,1,0,0,1,1,,,30,0,0,0,0,0,4,2,7
,2015_06602,0,0,7/12/2015 11:12,11:12,12,0,0,46TH AVE E & CHAMBERS RD N,1,1,0,0,1,1,,,40,0,0,0,0,0,4,2,13
,2015_06603,0,0,12/22/2015 5:50,5:50,12,0,1,45TH AVE E & TOWER RD N,1,3,0,0,1,1,,,40,0,0,0,0,2,4,2,2
,2015_06604,0,0,7/25/2015 21:31,21:31,10,0,0,ALAMEDA AVE & 4100 BLK E,1,3,1,0,1,2,,,30,0,0,0,0,0,4,2,14
,2015_06605,0,0,8/30/2015 16:03,16:03,12,0,0,ALAMEDA AVE W & CHEROKEE ST S,1,1,0,0,1,1,,,35,0,0,0,0,0,4,2,3
,2015_06606,0,0,7/30/2015 6:50,6:50,5,0,1,ALAMEDA AVE E & CHERRY CREEK DR S,1,1,0,0,4,1,,,25,0,0,0,0,2,4,1,10