id,drcog_id,latitude,longitude,crashtime,time,crashtype,numbkilled,numbinjurd,drcoglocat,rdconditin,lightngcon,roadcntgrd,weatherco,location,roaddescrp,schoolzone,constrzone,splimit,bikeinv,pedinv,sctrinv,motoinv,svrty,rdsystem,ttlvehcls,hcf
,2015_06607,0,0,5/23/2015 13:27,13:27,12,0,0,ALAMEDA AVE W & SANTA FE DR S,2,1,1,1,1,4,,,30,0,0,0,0,0,4,4,14
,2015_06608,0,0,4/8/2015 17:55,17:55,12,0,0,ALAMEDA AVE 2100 BLK E & VINE ST S,1,1,1,7,1,3,,,30,0,0,0,0,0,4,2,3
,2015_06609,0,0,5/30/2015 12:55,12:55,12,0,0,ANDREWS DR E & DURHAM CT N,1,1,0,7,1,1,,,25,0,0,0,0,0,4,2,14
,2015_06610,0,0,7/15/2015 7:50,7:50,6,0,0,BAYAUD AVE E & WASHINGTON ST S,1,3,1,7,1,4,,,25,0,0,0,0,0,4,2,16
,2015_06611,0,0,4/10/2015 22:04,22:04,5,0,2,BEELER CT & 4500 BLK N,1,3,0,0,2,4,,,25,0,0,0,0,2,4,1,1
,2015_06612,0,0,1/5/2015 7:55,7:55,10,0,0,BLAKE ST & 32ND ST,4,1,0,0,1,1,,,30,0,0,0,0,0,4,2,7
,2015_06613,0,0,4/15/2015 12:30,12:30,15,0,0,BROADWAY ST & 2000 BLK N,1,1,1,0,1,4,,,30,0,0,0,0,0,4,2,13
,2015_06614,0,0,2/1/2015 16:23,16:23,6,0,0,BROADWAY ST N & 1ST AVE E,4,1,0,7,1,4,,,30,0,0,0,0,0,4,2,16
,2015_06615,0,0,1/2/2015 13:53,13:53,3,0,0,BROADWAY ST N & 3RD AVE E,2,1,0,7,1,1,,,30,0,0,0,0,0,4,2,16
,2015_06616,0,0,4/4/2015 19:49,19:49,11,0,0,BROADWAY ST N & 5TH AVE E,1,2,0,0,1,1,,,,0,1,0,0,0,4,2,13
,2015_06617,0,0,5/2/2015 15:00,15:00,12,0,0,CLEVELAND PL & WASHINGTON ST N,1,1,0,7,1,1,,,20,0,0,0,0,0,4,2,16
,2015_06618,0,0,12/21/2015 15:39,15:39,3,0,0,BLAKE ST & 15TH ST,2,1,0,0,1,1,,,30,0,0,0,0,0,4,3,7
,2015_06619,0,0,3/27/2015 14:09,14:09,12,0,0,BROADWAY ST S & EVANS AVE E,1,1,0,7,1,3,,,30,0,0,0,0,0,4,2,16
,2015_06620,0,0,5/11/2015 12:15,12:15,12,0,0,BROADWAY ST S & EVANS AVE E,1,1,0,7,1,3,,,35,0,0,0,0,0,4,2,16
,2015_06621,0,0,1/14/2015 18:08,18:08,3,0,0,BRUCE RANDOLPH 1500 BLK E & HUMBOLDT ST N,1,2,0,7,1,1,,,30,0,0,0,0,0,4,2,5
,2015_06622,0,0,4/2/2015 10:40,10:40,6,0,0,CHAMBERS RD 4600 BLK & 46TH AVE E,1,1,0,7,1,3,,,40,0,0,0,0,0,4,2,12
,2015_06623,0,0,4/29/2015 6:45,6:45,12,0,0,CHAMBERS RD N & BOLLING DR E,1,1,0,0,1,1,,,25,0,0,0,0,0,4,2,13
,2015_06624,0,0,4/13/2015 20:30,20:30,6,0,0,CHAMPA ST & 2900 BLK,1,3,0,0,1,4,,,30,0,0,0,0,0,4,4,2
,2015_06625,0,0,7/24/2015 9:00,9:00,10,0,0,CURTIS ST & BROADWAY ST N,1,1,0,0,1,1,,,35,0,0,0,0,0,4,2,13
,2015_06626,0,0,11/4/2015 22:25,22:25,6,0,0,DOWNING ST 100 BLK N & SPEER BLVD E,2,3,0,2,1,4,,,30,0,0,0,0,0,4,2,1
,2015_06627,0,0,2/9/2015 6:13,6:13,12,0,0,EVANS AVE 700 BLK E & CLARKSON ST S,1,2,0,7,1,4,,,35,0,0,0,0,0,4,2,14
,2015_06628,0,0,5/29/2015 11:25,11:25,12,0,0,EVANS AVE 1800 BLK E & HIGH ST S,1,1,0,7,1,1,,,30,0,0,0,0,0,4,2,16
,2015_06629,0,0,7/29/2015 15:39,15:39,14,0,0,FLORIDA AVE E & ASH ST S,1,1,0,0,1,1,,,25,0,0,0,0,1,4,2,3
,2015_06630,0,0,6/5/2015 16:18,16:18,12,0,1,FLORIDA AVE W & HAZEL CT S,2,1,0,7,1,4,,,30,0,0,0,0,3,4,3,16
,2015_06631,0,0,9/25/2015 19:47,19:47,1,0,0,EVANS AVE E & UNIVERSITY BLVD S,1,3,0,0,1,1,,,35,0,0,0,0,0,4,2,13
,2015_06632,0,0,9/30/2015 15:40,15:40,11,0,1,FLORIDA AVE W & TENNYSON ST S,1,1,0,0,1,1,,,30,0,1,0,0,2,4,2,7
,2015_06633,0,0,10/15/2015 10:37,10:37,12,0,0,GARFIELD ST S & BAYAUD AVE E,1,1,0,0,1,1,,,25,0,0,0,0,0,4,2,13
,2015_06634,0,0,2/14/2015 13:10,13:10,11,0,0,HIGH ST S & BUCHTEL BLVD,1,1,0,0,1,1,,,20,0,1,0,0,1,4,2,13
,2015_06635,0,0,2/4/2015 23:50,23:50,6,0,0,HOLLY ST & 802 BLK S,1,4,0,0,3,4,,,35,0,0,0,0,0,4,2,13
,2015_06636,0,0,4/26/2015 2:45,2:45,3,0,0,HOLLY ST N & 1ST AVE E,1,3,0,7,1,1,,,30,0,0,0,0,0,4,2,7
,2015_06637,0,0,1/11/2015 16:10,16:10,10,0,0,HOLLY ST 200 BLK S & CEDAR AVE E,1,2,0,0,1,4,,,25,0,0,0,0,0,4,2,14
,2015_06638,0,0,9/28/2015 6:30,6:30,5,0,0,HOLLY ST S & CENTER AVE E,1,3,1,0,3,1,,,35,0,0,0,0,0,4,1,5
,2015_06639,0,0,6/23/2015 14:22,14:22,5,0,0,IRVING ST N & 2350,1,1,1,0,3,4,,,25,0,0,0,0,0,4,1,13
,2015_06640,0,0,9/13/2015 19:30,19:30,12,0,0,KNOX CT N & 5TH AVE W,1,2,0,0,1,1,,,30,0,0,0,0,0,4,4,10
,2015_06641,0,0,3/10/2015 10:22,10:22,3,0,0,JEWELL AVE W & CLAY ST S,1,1,0,7,1,1,,,25,0,0,0,0,0,4,2,2
,2015_06642,0,0,8/12/2015 12:13,12:13,3,0,0,N KALAMATH ST SB & 8TH AVE W,1,1,0,7,1,1,,,35,0,0,0,0,0,4,2,14
,2015_06643,0,0,1/3/2015 14:35,14:35,8,0,0,KALAMATH ST N & 38TH AVE W,4,1,1,2,1,4,,,25,0,0,0,0,0,4,2,14
,2015_06644,0,0,4/27/2015 20:04,20:04,3,0,0,KNOX CT N & 3RD AVE W,1,3,1,0,1,1,,,25,0,0,0,1,1,4,2,1
,2015_06645,0,0,11/20/2015 16:42,16:42,11,0,1,KALAMATH ST N & 1ST AVE W,2,3,1,2,1,4,,,35,0,1,0,0,2,4,2,14
,2015_06646,0,0,11/8/2015 13:40,13:40,10,0,0,LINCOLN ST N & 2ND AVE E,1,1,0,0,1,1,,,30,0,0,0,0,0,4,2,16
,2015_06647,39.653075,-104.918243,2/16/2015 17:04,17:04,15,0,0,I-25 & HAMPDEN AVE E,11,1,0,2,1,4,,,65,0,0,0,0,0,1,2,13
,2015_06648,0,0,8/12/2015 8:39,8:39,3,0,0,LAWRENCE ST & 26TH ST,1,1,0,7,1,1,,,25,0,0,0,0,0,4,2,16
,2015_06649,0,0,1/24/2015 13:36,13:36,5,0,0,LAYTON AVE & 9082 BLK W,1,1,0,0,3,1,,,30,0,0,0,0,0,4,1,7
,2015_06650,0,0,4/10/2015 17:27,17:27,12,0,0,LINCOLN ST N & 6TH AVE E,1,1,0,7,1,1,,,30,0,0,0,0,0,4,2,16
,2015_06651,0,0,7/7/2015 16:54,16:54,10,0,0,LINCOLN ST N & 6TH AVE E,2,1,0,1,1,3,,,30,0,0,0,0,1,4,2,13
,2015_06652,0,0,7/31/2015 17:43,17:43,2,0,1,LOGAN ST N & 9TH AVE E,1,1,0,0,1,1,,,25,1,0,0,0,2,4,2,13
,2015_06653,0,0,4/29/2015 7:20,7:20,2,0,1,LOUISIANA AVE E & GAYLORD ST S,1,1,0,0,1,1,,,30,1,0,0,0,2,4,2,14
,2015_06654,0,0,12/18/2015 13:50,13:50,12,0,0,LITTLE RAVEN ST & 1700 BLK,2,1,0,0,1,4,,,25,0,0,0,0,0,4,2,13
,2015_06655,0,0,8/9/2015 11:44,11:44,3,0,0,MAPLE AVE E & SHERMAN ST S,1,1,0,7,1,1,,,25,0,0,0,0,0,4,2,16
,2015_06656,0,0,5/24/2015 1:09,1:09,6,0,0,MEADE ST S & MICHIGAN WY S,2,4,0,7,3,4,,,20,0,0,0,0,0,4,2,16
,2015_06657,0,0,5/20/2015 10:30,10:30,6,0,0,MISSISSIPPI AVE W & 930,1,1,0,0,1,1,,,30,0,0,0,0,0,4,2,13
,2015_06658,0,0,2/21/2015 10:25,10:25,12,0,0,MISSISSIPPI AVE W & HURON ST S,2,1,0,7,1,3,,,35,0,0,0,0,0,4,2,7
,2015_06659,0,0,12/11/2015 17:45,17:45,6,0,0,MARIPOSA ST 3700 BLK N & 38TH AVE W,1,3,0,7,1,4,,,30,0,0,0,0,0,4,2,16
,2015_06660,0,0,9/15/2015 20:50,20:50,12,0,0,LOWELL BLVD S & GRAMBLING DR W,1,3,1,0,1,2,,,25,0,0,0,0,0,4,2,14
,2015_06661,0,0,5/8/2015 11:02,11:02,3,0,1,MLK BLVD E & TRENTON ST N,1,1,0,7,1,1,,,35,0,0,0,0,2,4,3,16
,2015_06662,0,0,8/12/2015 15:56,15:56,12,0,0,MONACO ST 100 BLK N & 1ST AVE E,1,1,0,7,1,3,,,30,0,0,0,0,0,4,2,3
,2015_06664,0,0,1/2/2015 17:17,17:17,12,0,0,S MONACO PKWY & CHERRY CREEK DR S E,4,3,0,7,1,4,,,35,0,0,0,0,0,4,2,16
,2015_06665,0,0,3/5/2015 14:55,14:55,12,0,0,MONACO ST 2100 BLK S & EVANS AVE E,1,1,0,7,1,3,,,35,0,0,0,0,0,4,2,3
,2015_06666,0,0,7/8/2015 11:41,11:41,3,0,0,MONACO ST 3400 BLK S & HAMPDEN AVE (AT DRVWY 6463 E),1,1,0,7,1,2,,,,0,0,0,0,0,4,2,16
,2015_06667,0,0,3/31/2015 18:35,18:35,15,0,0,MONACO ST 2200 BLK S & ILIFF AVE E,1,1,0,7,1,4,,,35,0,0,0,0,0,4,2,7
,2015_06668,0,0,7/13/2015 9:00,9:00,10,0,0,MONACO PKWY S & YALE AVE E,1,1,0,0,1,1,,,35,0,0,0,0,0,4,2,14
,2015_06669,0,0,1/9/2015 8:50,8:50,3,0,0,OLIVE ST N & 35TH AVE E,5,1,0,0,1,1,,,25,0,0,0,0,0,4,2,14
,2015_06670,0,0,1/9/2015 7:51,7:51,12,0,0,PARK AVE W 2900 BLK & DELGANY ST,5,1,0,7,1,3,,,35,0,0,0,0,0,4,2,16
,2015_06671,0,0,8/31/2015 11:30,11:30,3,0,0,PARK AVE W & GLENARM PL,1,1,0,0,1,1,,,30,0,0,0,0,1,4,2,13
,2015_06672,0,0,4/27/2015 8:45,8:45,11,0,0,PARK AVE W & GLOBEVILLE RD N,2,1,0,1,1,1,,,30,0,1,0,0,1,4,2,13
,2015_06673,0,0,11/13/2015 7:35,7:35,6,0,0,NEWTON ST & 100 BLK N,14,5,3,7,1,4,,,,0,0,0,0,0,4,2,16
,2015_06674,0,0,7/28/2015 17:28,17:28,15,0,0,PARK AVE WEST 1500 BLK & WAZEE ST,1,1,1,7,1,4,,,30,0,0,0,0,1,4,2,7
,2015_06675,0,0,8/11/2015 13:28,13:28,6,0,0,PEARL ST 1400 BLK N & COLFAX AVE E,1,1,1,7,6,2,,,25,0,0,0,0,0,4,2,7
,2015_06676,0,0,1/9/2015 9:30,9:30,6,0,0,PENNSYLVANIA ST & 1301 PENNSYLVANIA ST,5,1,0,0,1,1,,,30,0,0,0,0,0,4,3,13
,2015_06677,0,0,8/8/2015 19:16,19:16,3,0,0,PENNSYLVANIA ST & 10TH AVE E,1,1,0,0,1,2,,,30,0,0,0,0,0,4,2,14
,2015_06678,0,0,2/20/2015 15:16,15:16,6,0,0,QUEBEC ST 1700 BLK N & 17TH AVE E,1,1,0,7,1,2,,,30,0,0,0,0,0,4,2,3
,2015_06679,0,0,6/22/2015 21:01,21:01,1,0,0,QUEBEC ST N & 35TH AVE E,1,3,0,0,1,1,,,35,0,0,0,0,0,4,2,13
,2015_06681,0,0,6/24/2015 21:05,21:05,12,0,0,QUEBEC ST S & CHERRY CREEK DR S,2,3,0,1,1,4,,,35,0,0,0,0,0,4,2,16
,2015_06682,0,0,1/9/2015 7:25,7:25,5,0,0,QUINCY AVE & 5400 W,5,1,0,1,3,4,,,30,0,0,0,0,0,4,1,7
,2015_06683,0,0,6/5/2015 14:15,14:15,6,0,0,RACE ST 1700 BLK N & RACE ST N,1,1,0,7,1,4,,,25,0,0,0,0,0,4,2,5
,2015_06684,0,0,7/13/2015 14:30,14:30,5,0,0,RAMPART WAY 50 BLK N & LOWRY BLVD E,1,1,0,0,2,3,,,30,0,0,0,0,0,4,1,13
,2015_06685,0,0,12/9/2015 11:53,11:53,6,0,0,RARITAN ST S & IRVINGTON PL W,1,1,1,7,1,3,,,35,0,0,0,0,0,4,2,7
,2015_06686,0,0,8/27/2015 16:29,16:29,12,0,0,QUEBEC ST W & YALE AVE E,1,1,0,0,1,3,,,35,0,0,0,0,0,4,2,13
,2015_06687,0,0,7/27/2015 16:16,16:16,3,0,1,18TH ST & BLAKE ST,1,1,0,7,1,1,,,25,0,0,0,1,2,4,2,16
,2015_06688,0,0,3/4/2015 6:50,6:50,8,0,0,19TH ST & STOUT ST,5,1,0,0,1,1,,,25,0,0,0,0,0,4,2,7
,2015_06689,0,0,1/18/2015 18:33,18:33,1,0,0,20TH ST & CHESTNUT PL,1,3,0,7,1,1,,,35,0,0,0,0,0,4,2,16
,2015_06690,0,0,6/20/2015 22:25,22:25,3,0,3,20TH ST & CURTIS ST,1,3,0,7,1,1,,,35,0,0,0,0,2,4,2,5
,2015_06691,0,0,1/24/2015 18:25,18:25,1,0,0,20TH ST & LAWRENCE ST,1,3,0,7,1,1,,,30,0,0,0,0,0,4,2,7
,2015_06692,0,0,9/15/2015 2:11,2:11,6,0,0,16TH ST & 7100 BLK E,1,3,0,7,1,4,,,25,0,0,0,0,0,4,2,16
,2015_06693,0,0,7/27/2015 16:14,16:14,3,0,1,SPEER BLVD N & BANNOCK ST N,1,1,1,7,1,1,,,35,0,0,0,0,2,4,2,16
,2015_06694,0,0,8/29/2015 20:58,20:58,3,0,0,SPEER BLVD E & CORONA ST N,1,3,0,0,1,1,,,35,0,0,0,0,0,4,2,8
,2015_06695,0,0,2/17/2015 13:25,13:25,10,0,0,SPEER BLVD E & LOGAN ST N,1,1,0,0,1,1,,,35,0,0,0,0,0,4,2,8
,2015_06696,0,0,3/14/2015 23:10,23:10,3,0,0,SPEER BLVD E & LOGAN ST N,1,3,0,0,1,1,,,30,0,0,0,0,0,4,2,13
,2015_06697,39.651203,-104.917222,5/28/2015 12:18,12:18,5,0,0,I-25 NB OFF RAMP & HAMPDEN AVE E,1,1,1,0,3,8,,,65,0,0,0,0,0,1,1,1
,2015_06698,0,0,5/23/2015 9:50,9:50,15,0,0,SPEER BLVD N & STOUT ST,1,1,0,7,1,1,,,35,0,0,0,0,0,4,2,16
,2015_06699,0,0,1/6/2015 15:30,15:30,6,0,0,SPRUCE ST & 1400 BLK N,1,1,0,0,1,4,,,25,0,0,0,0,0,4,2,13
,2015_06700,0,0,8/10/2015 14:53,14:53,3,0,0,STEELE ST S & BAYAUD AVE E,1,1,0,7,1,1,,,30,0,0,0,0,0,4,3,3
,2015_06701,0,0,4/29/2015 16:00,16:00,10,0,0,TOWER RD N & GVR BLVD E,1,1,0,0,1,3,,,45,0,0,0,0,0,4,2,2
,2015_06702,0,0,1/4/2015 12:00,12:00,5,0,0,UNIVERSITY BLVD & 1920 S,6,1,1,1,3,4,,,35,0,0,0,0,0,4,1,2
,2015_06703,0,0,1/3/2015 13:43,13:43,3,0,0,UNIVERSITY BLVD S & TENNESSEE AVE E,4,1,1,2,1,1,,,25,0,0,0,0,0,4,2,3
,2015_06704,0,0,11/1/2015 16:30,16:30,3,0,0,UTICA ST N & 7TH AVE W,1,1,0,0,1,1,,,15,0,0,0,0,0,4,2,16
,2015_06705,0,0,2/6/2015 18:19,18:19,3,0,0,WASHINGTON ST N & 6TH AVE E,1,3,0,0,1,1,,,35,0,0,0,0,0,4,2,13
,2015_06706,0,0,11/14/2015 23:00,23:00,5,0,0,YALE AVE & 3440 W,1,4,0,0,2,4,,,25,0,0,0,0,0,4,1,16
,2015_06707,0,0,4/6/2015 15:25,15:25,3,0,0,WAZEE ST & 19TH ST,1,1,0,7,1,1,,,30,0,0,0,0,0,4,2,16
,2015_06708,0,0,4/13/2015 13:08,13:08,3,0,0,WELTON ST & PARK AVE W,1,1,0,7,1,1,,,30,0,0,0,0,0,4,2,12
,2015_06709,0,0,8/12/2015 21:39,21:39,6,0,0,WILLIAMS ST & 1000 BLK S,1,3,0,7,1,4,,,25,0,0,0,0,0,4,2,12
,2015_06711,0,0,4/17/2015 7:25,7:25,15,0,0,WILLOW ST 3400 BLK S & HAMPDEN AVE E,2,1,0,1,1,4,,,25,0,0,0,0,0,4,2,1
,2015_06712,0,0,4/23/2015 16:14,16:14,15,0,0,YALE AVE & 5400 E,1,1,0,0,1,4,,,35,0,0,0,0,0,4,2,8
,2015_06713,39.652864,-104.918141,4/17/2015 2:20,2:20,5,0,0,I-25 NB RAMPS & HAMPDEN AVE E,6,4,2,2,3,8,,,60,0,0,0,0,0,1,1,14
,2015_06714,0,0,6/24/2015 12:50,12:50,15,0,0,YALE AVE 7500 BLK W & WADSWORTH BLVD S,1,1,0,7,1,4,,,35,0,0,0,0,0,4,2,16
,2015_06839,39.678409,-104.940629,3/19/2015 2:05,2:05,3,0,0,COLORADO BLVD S & EVANS AVE E,2,4,0,1,1,1,,,35,0,0,0,0,0,2,2,13
,2015_06840,39.687563,-104.940549,4/6/2015 12:35,12:35,12,0,0,COLORADO BLVD & IOWA AVE,1,1,0,0,1,3,,,35,0,0,0,0,0,2,2,13
,2015_06841,39.677667,-104.940632,4/23/2015 11:20,11:20,2,0,1,COLORADO BLVD 2100 BLK S & EVANS AVE E,1,1,1,0,1,2,,,35,1,0,0,0,2,2,2,1
,2015_06842,39.727365,-104.940627,6/2/2015 15:19,15:19,12,0,0,7TH AVE E & COLORADO BLVD N,1,1,0,0,1,1,,,30,0,0,0,0,0,2,2,12
,2015_06843,39.733666,-104.94062,7/17/2015 13:40,13:40,1,0,0,COLORADO BLVD 1100 BLK N & 11TH AVE E,1,1,0,0,1,1,,,30,0,0,0,0,0,2,2,13
,2015_06844,39.761878,-104.940511,10/3/2015 18:25,18:25,12,0,0,MARTIN LUTHER KING JR BLV & COLORADO BLVD N,1,1,1,0,1,1,,,35,0,0,0,0,0,2,2,14
,2015_06846,39.772893,-104.940506,7/25/2015 13:10,13:10,12,0,0,COLORADO BLVD N & 40TH AVE E,1,1,0,0,1,1,,,5,0,0,0,0,0,2,2,13
,2015_06847,39.74372,-104.940608,1/22/2015 17:27,17:27,12,0,0,COLORADO BLVD 1600 BLK N & 17TH AVE,1,1,0,0,1,3,,,30,0,0,0,0,0,2,2,13
,2015_06848,39.74372,-104.940608,7/24/2015 8:30,8:30,1,0,0,17TH AVE E & COLORADO BLVD N,1,1,0,0,1,1,,,30,0,0,0,0,0,2,2,13
,2015_06849,39.754512,-104.940549,7/17/2015 12:04,12:04,1,0,0,26TH AVE E & COLORADO BLVD N,1,1,0,0,1,1,,,30,0,0,0,0,0,2,2,8
,2015_06851,39.772893,-104.940506,2/28/2015 15:40,15:40,15,0,0,COLORADO BLVD N & 40TH AVE E,2,1,0,0,1,1,,,30,0,0,0,0,0,2,2,13
,2015_06855,39.725421,-105.024979,6/16/2015 2:04,2:04,10,0,0,6TH AVE W & FEDERAL BLVD N,1,3,0,0,1,4,,,45,0,0,0,0,0,2,2,5
,2015_06856,39.725414,-105.023982,7/6/2015 13:13,13:13,12,0,0,6TH AVE W & FEDERAL BLVD N,1,1,1,1,1,4,,,45,0,0,0,0,0,2,3,3
,2015_06857,39.725457,-105.032462,11/3/2015 18:20,18:20,12,0,0,6TH AVE W & KNOX CT N,1,2,1,0,1,1,,,55,0,0,0,0,1,2,2,1
,2015_06858,39.725357,-105.021792,3/25/2015 19:10,19:10,12,0,0,6TH AVE EB ON RAMP & FEDERAL BLVD N,1,2,0,0,1,8,,,55,0,0,0,0,0,2,2,1
,2015_06866,0,0,12/30/2015 19:29,19:29,6,0,0,FLANDERS WY N & E SCOTT PL,5,2,0,2,1,1,,,25,0,0,0,0,0,4,2,16
,2015_06887,39.624401,-104.901756,6/17/2015 16:15,16:15,12,0,0,I-25 & BELLEVIEW AVE E,1,1,0,0,1,4,,,65,0,0,0,0,1,1,4,13
,2015_06888,39.626939,-104.90325,3/3/2015 9:50,9:50,12,0,0,I-25 NB ON RAMP AT SPLIT & BELLEVIEW AVE E,5,1,0,1,1,8,,,55,0,0,0,0,0,1,2,13
,2015_06889,39.630181,-104.905071,5/5/2015 17:40,17:40,15,0,0,I-25 & NB DIRECT CONNECT TO I-225,2,1,0,1,1,4,,,65,0,0,0,0,0,1,2,13
,2015_06890,39.634235,-104.90683,4/25/2015 14:03,14:03,15,0,0,I-25 & I-225 FLYOVER,1,1,0,0,1,4,,,65,0,0,0,0,0,1,2,15
,2015_06891,39.634235,-104.90683,5/9/2015 0:38,0:38,15,0,0,I-25 & I-225 FLYOVER,2,3,0,1,1,4,,,65,0,0,0,0,0,1,2,1
,2015_06892,39.634235,-104.90683,7/19/2015 16:11,16:11,9,0,0,I-25 & I-225 FLYOVER,1,1,0,0,1,4,,,,0,0,0,0,1,1,2,13
,2015_06893,39.74035,-105.013939,2/1/2015 16:15,16:15,15,0,0,I-25 & COLFAX AVE W,2,1,0,2,1,4,,,55,0,0,0,0,0,1,2,1
,2015_06894,39.653075,-104.918243,1/19/2015 13:51,13:51,15,0,0,I-25 & HAMPDEN AVE E,1,1,0,0,1,4,,,55,0,0,0,0,0,1,2,13
,2015_06895,39.678363,-104.933558,1/1/2015 20:24,20:24,15,0,0,I-25 & EVANS AVE E,4,3,0,2,1,4,,,65,0,0,0,0,0,1,2,14
,2015_06896,39.678363,-104.933558,6/15/2015 23:48,23:48,15,0,0,I-25 & EVANS AVE E,1,3,0,0,1,4,,,45,0,0,0,0,0,1,2,3
,2015_06897,39.683026,-104.940163,1/31/2015 11:40,11:40,12,0,0,COLORADO BLVD & I-25 NB OFF RAMP,1,1,1,0,1,8,,,30,0,0,0,0,0,1,2,13
,2015_06898,39.68492,-104.959513,1/6/2015 8:05,8:05,12,0,0,UNIVERSITY BLVD S & I-25,5,1,1,0,1,1,,,35,0,0,0,0,0,1,2,7
,2015_06899,39.68492,-104.959513,8/14/2015 7:10,7:10,15,0,0,UNIVERSITY BLVD & I-25 SB OFF RAMP,1,1,0,0,1,1,,,30,0,0,0,0,0,1,2,13
,2015_06900,39.690017,-104.973363,6/18/2015 15:03,15:03,12,0,0,I-25 & DOWNING ST S,1,1,0,0,1,4,,,60,0,0,0,0,1,1,4,7
,2015_06901,39.692284,-104.976903,7/22/2015 9:00,9:00,12,0,0,I-25 & EMERSON ST S,1,1,0,0,1,4,,,60,0,0,0,0,0,1,2,13
,2015_06902,39.68492,-104.959513,10/22/2015 16:31,16:31,12,0,0,I-25 & UNIVERSITY BLVD S,2,1,0,0,1,4,,,60,0,0,0,0,0,1,4,1
,2015_06904,39.689098,-104.97151,7/7/2015 9:05,9:05,15,0,0,I-25 & MM 205,1,1,0,0,1,4,,,60,0,0,0,0,0,1,2,14
,2015_06905,39.71124,-104.998918,5/2/2015 7:40,7:40,12,0,0,I-25 & ALAMEDA AVE W,1,1,1,0,1,4,,,55,0,0,0,0,0,1,2,13
,2015_06906,39.713064,-105.000002,1/28/2015 12:55,12:55,12,0,0,I-25 SB & MM 208.1,1,1,0,0,1,4,,,55,0,0,0,0,0,1,2,13
,2015_06907,39.74035,-105.013939,1/12/2015 16:13,16:13,15,0,0,I-25 & COLFAX AVE W,1,1,1,0,1,4,,,55,0,0,0,0,0,1,2,13
,2015_06908,39.711035,-104.998796,12/5/2015 18:00,18:00,12,0,0,I-25 & ALAMEDA AVE E,1,2,0,0,1,4,,,30,0,0,0,0,0,1,2,13
,2015_06909,39.71124,-104.998918,9/25/2015 18:26,18:26,12,0,0,I-25 & ALAMEDA AVE W,1,2,0,0,1,4,,,55,0,0,0,0,0,1,2,13
,2015_06910,39.72543,-105.013021,2/24/2015 15:50,15:50,12,0,0,I-25 & 6TH AVE W,1,1,1,0,1,4,,,55,0,0,0,0,0,1,4,12
,2015_06911,39.732439,-105.015585,3/24/2015 12:39,12:39,15,0,0,I-25 & 10TH AVE (NOT IN TCORIS),1,1,1,0,1,4,,,55,0,0,0,0,0,1,2,13
,2015_06912,39.732824,-105.015577,3/30/2015 16:58,16:58,15,0,0,I-25 & 10TH AVE (NOT IN TCORIS),1,1,0,0,1,4,,,55,0,0,0,0,0,1,2,13
,2015_06913,39.750632,-105.016865,11/7/2015 18:36,18:36,12,0,0,I-25 & 23RD AVE W,1,3,0,0,1,4,,,55,0,0,0,0,0,1,2,16
,2015_06914,39.755141,-105.012706,9/19/2015 15:15,15:15,12,0,0,I-25 & SPEER BLVD N,1,1,0,0,1,4,,,55,0,0,0,0,0,1,2,16
,2015_06916,39.768039,-104.994788,7/10/2015 9:05,9:05,12,0,0,I-25 & PARK AVE WEST,1,1,0,0,1,4,,,55,0,0,0,0,0,1,2,3
,2015_06917,39.768673,-104.993436,8/14/2015 7:54,7:54,12,0,0,I25 HWY SB & 38TH W AVE SB ON RAMP,1,1,0,7,1,4,,,55,0,0,0,0,0,1,3,14
,2015_06918,39.778106,-104.989193,6/17/2015 22:04,22:04,15,0,0,I-25 NB RAMP SPLIT TO EB & I-70,1,3,0,0,1,8,,,55,0,0,0,0,0,1,2,13
,2015_06938,39.653078,-104.898797,7/20/2015 18:45,18:45,5,0,0,HAMPDEN AVE & 4100 E,1,1,0,0,1,4,,,40,0,0,0,0,0,2,2,13
,2015_06940,39.711078,-105.024876,7/25/2015 13:35,13:35,12,0,0,ALAMEDA AVE 2900 BLK & FEDERAL BLVD S,1,1,1,0,1,3,,,35,0,0,0,0,0,2,2,13
,2015_06948,39.711094,-105.029897,6/22/2015 18:35,18:35,1,0,0,ALAMEDA AVE W & IRVING ST S,1,1,0,0,1,1,,,35,0,0,0,0,0,2,2,7
,2015_06949,39.71108,-105.025411,2/16/2015 7:56,7:56,12,0,0,ALAMEDA AVE W & FEDERAL BLVD S,4,1,0,2,1,3,,,35,0,0,0,0,0,2,2,13
,2015_06950,39.711077,-105.025062,7/31/2015 3:17,3:17,12,0,0,ALAMEDA AVE W & FEDERAL BLVD S,1,3,0,0,1,1,,,40,0,0,0,0,0,2,2,5
,2015_06952,39.653054,-104.884764,1/2/2015 17:23,17:23,12,0,0,HAMPDEN AVE E & YOSEMITE ST S,2,3,1,0,1,4,,,40,0,0,0,0,1,2,3,3
,2015_06953,39.65308,-104.891791,9/17/2015 17:20,17:20,12,0,0,HAMPDEN AVE E & VERBENA ST S,1,1,0,0,1,1,,,45,0,0,0,0,0,2,3,13
,2015_06964,39.778312,-104.903406,6/8/2015 2:41,2:41,5,0,0,QUEBEC ST N & I-70,1,3,1,0,3,4,,,45,0,0,0,0,0,2,1,5
,2015_06965,39.779316,-104.903391,3/1/2015 11:30,11:30,15,0,0,QUEBEC ST N & I-70 WB RAMPS,1,1,0,0,1,1,,,40,0,0,0,0,0,2,2,13
,2015_06966,39.789463,-104.903305,2/27/2015 17:50,17:50,12,0,0,QUEBEC ST 5100 BLK N & 53RD PL E,1,3,0,0,1,4,,,40,0,0,0,0,0,2,2,3