id,drcog_id,latitude,longitude,crashtime,time,crashtype,numbkilled,numbinjurd,drcoglocat,rdconditin,lightngcon,roadcntgrd,weatherco,location,roaddescrp,schoolzone,constrzone,splimit,bikeinv,pedinv,sctrinv,motoinv,svrty,rdsystem,ttlvehcls,hcf
,2015_06998,39.740011,-104.972037,5/9/2015 15:50,15:50,6,0,0,COLFAX AVE & MARION ST N (RD N),2,1,1,1,1,4,,,30,0,0,0,0,0,2,2,1
,2015_06999,39.740014,-104.969683,3/15/2015 3:00,3:00,11,0,1,COLFAX AVE & HUMBOLDT ST N,1,3,0,0,1,4,,,35,0,1,0,0,2,2,2,14
,2015_07000,39.740009,-104.96852,3/5/2015 17:12,17:12,15,0,0,COLFAX AVE 1600 BLK E & FRANKLIN ST N,2,3,0,0,1,3,,,30,0,0,0,0,0,2,2,13
,2015_07001,39.740009,-104.96852,6/26/2015 13:54,13:54,12,0,0,FRANKLIN ST N & COLFAX AVE E,1,1,0,0,1,1,,,30,0,0,0,0,0,2,3,15
,2015_07002,39.740003,-104.967211,7/1/2015 17:25,17:25,3,0,0,COLFAX AVE E & GILPIN ST N,1,1,1,0,1,1,,,30,0,0,0,0,0,2,2,1
,2015_07003,39.739992,-104.964751,5/31/2015 17:04,17:04,12,0,0,COLFAX AVE E & HIGH ST N,1,1,0,0,1,1,,,30,0,0,0,0,0,2,2,14
,2015_07008,39.740071,-104.920615,8/31/2015 14:00,14:00,6,0,0,COLFAX AVE E & IVY ST N,1,1,0,0,1,1,,,30,0,0,0,0,0,2,2,5
,2015_07021,39.78356,-105.053209,11/19/2015 13:54,13:54,15,0,0,I-70 & SHERIDAN BLVD,1,1,0,0,1,4,,,55,0,0,0,0,0,1,3,16
,2015_07022,39.78356,-105.053209,12/20/2015 2:38,2:38,5,0,0,I-70 & SHERIDAN BLVD N,1,3,0,0,3,4,,,55,0,0,0,0,0,1,1,5
,2015_07023,39.779425,-104.978831,4/3/2015 6:34,6:34,5,0,0,I-70 WB OFF RAMP & WASHINGTON ST,11,1,1,0,3,8,,,55,0,0,0,0,0,1,1,13
,2015_07024,39.780183,-104.990156,1/15/2015 15:00,15:00,15,0,0,I-70 & PECOS ST N,1,1,0,0,1,4,,,55,0,0,0,0,0,1,2,13
,2015_07025,39.780083,-104.989627,6/11/2015 22:11,22:11,5,0,2,I-70 EB COLLECTOR OFF RAMP & I-25,2,4,1,1,2,8,,,40,0,0,0,0,3,1,1,3
,2015_07026,39.780052,-104.989434,7/28/2015 8:54,8:54,12,0,1,I-70 & I-25,1,1,0,0,1,4,,,55,0,0,0,0,2,1,3,1
,2015_07027,39.779936,-104.98866,8/31/2015 10:45,10:45,15,0,0,I-70 WB OFF RAMP SPLIT TO & I-25 SB,1,1,1,0,1,8,,,55,0,0,0,0,0,1,2,7
,2015_07028,39.779895,-104.967089,6/23/2015 17:40,17:40,12,0,0,I-70 & BRIGHTON BLVD N,1,1,0,0,1,4,,,55,0,0,0,0,0,1,3,13
,2015_07029,39.779995,-104.965025,7/17/2015 2:00,2:00,9,0,0,I-70 & BRIGHTON BLVD N,1,3,0,0,1,4,,,55,0,0,0,0,1,1,1,13
,2015_07030,39.779435,-104.979009,9/12/2015 1:22,1:22,15,0,0,I-70 & WASHINGTON ST N,1,3,0,0,1,4,,,55,0,0,0,0,0,1,2,5
,2015_07032,39.779997,-104.949807,7/14/2015 8:25,8:25,12,0,0,I-70 & VASQUEZ BLVD N,1,1,0,0,1,4,,,55,0,0,0,0,0,1,2,1
,2015_07033,39.779946,-104.940965,1/1/2015 1:30,1:30,12,0,0,I-70 EB OFF RAMP & COLORADO BLVD N,2,3,0,0,1,8,,,25,0,0,0,0,0,1,2,13
,2015_07034,39.780031,-104.93177,7/21/2015 9:53,9:53,12,0,0,I-70 & DAHLIA ST N,1,1,0,0,1,4,,,55,0,0,0,0,0,1,2,13
,2015_07036,39.778287,-104.912805,8/31/2015 18:14,18:14,12,0,0,I-70 & MONACO PKWY N,2,1,0,1,1,4,,,55,0,0,0,0,0,1,2,13
,2015_07037,39.778285,-104.913834,9/21/2015 8:13,8:13,12,0,0,I-70 & MM 278,1,1,0,0,1,4,,,55,0,0,0,0,0,1,2,13
,2015_07038,39.778299,-104.898841,8/13/2015 8:00,8:00,12,0,0,I-70 & QUEBEC ST,1,1,0,0,1,4,,,55,0,0,0,0,0,1,2,13
,2015_07039,39.775623,-104.865778,6/2/2015 16:55,16:55,12,0,0,I-70 & HAVANA ST N,1,1,0,0,1,4,,,55,0,0,0,0,0,1,2,12
,2015_07040,39.71124,-104.998918,10/10/2015 17:46,17:46,12,0,0,I-25 & ALAMEDA AVE W,1,1,0,0,1,4,,,55,0,0,0,0,0,1,2,16
,2015_07041,39.775623,-104.865778,7/16/2015 18:50,18:50,12,0,0,I-70 & HAVANA ST N,1,1,0,0,1,4,,,55,0,0,0,0,0,1,3,1
,2015_07042,39.777095,-104.882471,11/4/2015 13:16,13:16,9,0,1,I-70 & CENTRAL PARK BLVD N,1,1,1,0,1,4,,,55,0,0,0,0,3,1,2,16
,2015_07043,39.774005,-104.847034,6/25/2015 8:30,8:30,15,0,0,PEORIA ST N & I-70 WB RAMPS,1,1,0,0,1,1,,,35,0,0,0,0,0,1,2,1
,2015_07044,39.772481,-104.829421,5/23/2015 2:25,2:25,12,0,0,I-70 & MM 282,1,3,0,0,1,4,,,55,0,0,0,0,1,1,2,5
,2015_07073,39.674737,-104.870699,3/10/2015 9:31,9:31,12,0,0,ILIFF AVE 9900 BLK E & PARKER RD S,1,1,1,0,1,3,,,35,0,0,0,0,0,2,2,13
,2015_07075,39.698614,-104.903604,10/22/2015 23:00,23:00,12,0,0,PARKER RD S & QUEBEC ST S,2,3,0,0,1,1,,,35,0,0,0,0,1,2,2,13
,2015_07076,39.699892,-104.907117,3/2/2015 16:48,16:48,14,0,0,LEETSDALE DR & ONEIDA ST S,1,1,0,0,1,2,,,35,0,0,0,0,1,2,2,14
,2015_07077,39.707299,-104.922044,6/30/2015 22:35,22:35,15,0,0,LEETSDALE DR & 5600 BLK,1,3,0,0,1,4,,,35,0,0,0,0,0,2,2,13
,2015_07078,39.707347,-104.922286,4/11/2015 22:24,22:24,12,0,0,LEETSDALE DR & HOLLY ST S,1,3,1,0,1,1,,,30,0,0,0,0,0,2,2,5
,2015_07081,39.687549,-104.99194,2/14/2015 14:18,14:18,1,0,0,SANTA FE DR S & IOWA AVE W,1,1,0,0,1,1,,,45,0,0,0,0,0,2,2,7
,2015_07082,39.689371,-104.992053,3/8/2015 1:26,1:26,12,0,0,SANTA FE DR S & FLORIDA AVE W,1,3,0,0,1,1,,,35,0,0,0,0,0,2,2,5
,2015_07086,39.707648,-105.025079,3/25/2015 15:48,15:48,12,0,0,FEDERAL BLVD S & VIRGINIA AVE W,1,1,0,0,1,4,,,40,0,0,0,0,0,2,2,3
,2015_07087,39.708516,-105.025084,7/21/2015 15:00,15:00,12,0,0,FEDERAL BLVD S & ALASKA PL W,2,1,0,1,1,1,,,40,0,0,0,0,0,2,2,13
,2015_07088,39.708516,-105.025084,8/9/2015 14:04,14:04,12,0,1,FEDERAL BLVD S & ALASKA PL W,1,1,0,0,1,1,,,40,0,0,0,0,2,2,3,13
,2015_07089,39.698932,-105.025073,5/3/2015 21:20,21:20,5,0,0,FEDERAL BLVD & FORD PL,1,3,0,0,3,4,,,35,0,0,0,0,0,2,1,8
,2015_07091,39.787107,-105.077254,4/9/2015 21:28,21:28,11,1,0,FEDERAL BLVD S & WALSH PL W,1,4,1,0,1,1,,,40,0,1,0,0,4,2,2,13
,2015_07092,39.705779,-105.025084,10/15/2015 8:00,8:00,3,0,0,FEDERAL BLVD S & CENTER AVE W,1,1,0,0,1,1,,,40,0,0,0,0,0,2,2,13
,2015_07093,39.672051,-105.025063,3/3/2015 1:54,1:54,11,1,0,FEDERAL BLVD (2400 BLK S) & HARVARD AVE W (RD E),1,3,1,0,1,4,,,,0,1,0,0,4,2,2,13
,2015_07115,0,0,4/16/2015 12:45,12:45,3,0,0,35TH AVE E & CLAYTON ST N,2,1,0,2,1,1,,,25,0,0,0,0,0,4,2,16
,2015_07116,39.672106,-105.053254,6/3/2015 3:14,3:14,5,0,0,SHERIDAN BLVD & 2600 BLK S,1,3,0,0,3,4,,,35,0,0,0,0,0,2,1,5
,2015_07117,39.675151,-105.053263,1/21/2015 17:15,17:15,14,0,0,SHERIDAN BLVD S & WARREN AVE W,5,2,1,2,1,4,,,40,0,0,0,0,1,2,2,13
,2015_07118,39.679174,-105.053262,1/26/2015 15:30,15:30,1,0,1,SHERIDAN BLVD S & EVANS AVE W,1,1,0,0,1,1,,,35,0,0,0,0,2,2,2,13
,2015_07119,39.679726,-105.053263,1/5/2015 16:40,16:40,3,0,0,SHERIDAN BLVD S & EVANS AVE W,1,1,0,0,1,2,,,35,0,0,0,0,0,2,2,13
,2015_07121,39.726183,-105.053139,3/7/2015 12:27,12:27,15,0,0,SHERIDAN BLVD & 6TH AVE WB RAMPS,1,1,0,0,1,1,,,40,0,0,0,0,0,2,2,7
,2015_07124,39.733137,-105.053226,11/9/2015 18:30,18:30,3,0,0,SHERIDAN BLVD N & 10TH AVE W,1,2,0,0,1,1,,,10,0,0,0,0,0,2,2,13
,2015_07125,39.738453,-105.053214,3/27/2015 15:52,15:52,2,0,0,14TH AVE W & SHERIDAN BLVD N,1,1,1,0,1,1,,,30,1,0,0,0,1,2,2,13
,2015_07126,39.743966,-105.053226,5/1/2015 9:17,9:17,12,0,0,SHERIDAN BLVD 1700 BLK N & 17TH AVE W,1,1,0,0,1,1,,,35,0,0,0,0,0,2,3,14
,2015_07131,39.791049,-105.053247,7/28/2015 19:43,19:43,12,0,0,SHERIDAN BLVD N & 52ND AVE W,1,3,1,0,1,3,,,35,0,0,0,0,0,2,2,9
,2015_07169,39.653741,-105.044494,6/17/2015 15:10,15:10,15,0,0,HAMPDEN AVE W & SHERIDAN BLVD S,1,1,0,0,1,4,,,65,0,0,0,0,0,2,2,1
,2015_07188,39.783839,-105.025212,7/23/2015 11:15,11:15,1,0,0,FEDERAL BLVD N & I-70 EB RAMPS,1,1,0,0,1,1,,,35,0,0,0,0,0,2,2,14
,2015_07189,39.784196,-105.02521,6/20/2015 19:20,19:20,15,0,0,FEDERAL BLVD N & I-70,1,1,0,0,1,1,,,35,0,0,0,0,0,2,2,13
,2015_07190,39.785685,-105.025205,2/9/2015 10:30,10:30,3,0,0,FEDERAL BLVD 4800 BLK N & 49TH AVE W,1,1,0,0,1,1,,,35,0,0,0,0,0,2,2,14
,2015_07384,0,0,12/22/2015 19:14,19:14,12,0,0,1ST AVE E & FILLMORE ST N,1,3,0,0,1,3,,,30,0,0,0,0,0,4,3,13
,2015_07385,0,0,4/16/2015 22:46,22:46,3,0,0,1ST AVE W & KALAMATH ST N,2,3,0,2,1,1,,,30,0,0,0,0,0,4,2,16
,2015_07386,0,0,1/27/2015 14:20,14:20,3,0,0,3RD AVE E & BROADWAY ST N,1,1,0,0,1,2,,,25,0,0,0,0,0,4,2,14
,2015_07387,0,0,4/17/2015 8:40,8:40,3,0,0,5TH AVE E & LINCOLN ST N,2,1,0,1,1,1,,,25,0,0,0,0,0,4,2,16
,2015_07388,0,0,6/9/2015 7:45,7:45,3,0,2,5TH AVE E & LINCOLN ST N,1,1,0,7,1,1,,,25,0,0,0,0,2,4,2,16
,2015_07389,0,0,1/27/2015 13:20,13:20,15,0,0,6TH AVE E & HARRISON ST N,1,1,0,0,1,4,,,35,0,0,0,0,0,4,2,13
,2015_07390,0,0,2/2/2015 23:10,23:10,15,0,0,6TH AVE W & KALAMATH ST N,1,3,0,7,1,6,,,35,0,0,0,0,0,4,2,5
,2015_07391,0,0,6/9/2015 6:20,6:20,3,0,0,6TH AVE S FRONTAGE RD (NOT CDOT) & PERRY ST N,1,1,0,0,1,1,,,25,0,0,0,0,0,4,2,14
,2015_07392,0,0,10/25/2015 6:54,6:54,3,0,0,6TH AVE E & BROADWAY ST N,1,1,0,0,1,1,,,30,0,0,0,0,0,4,2,1
,2015_07393,0,0,7/2/2015 0:33,0:33,3,0,0,13TH AVE E & BROADWAY N,1,3,0,7,1,1,,,35,0,0,0,0,0,4,2,14
,2015_07394,0,0,5/12/2015 11:17,11:17,12,0,0,13TH AVE E & DOWNING ST N,1,1,0,7,1,1,,,30,0,0,0,0,0,4,2,16
,2015_07395,0,0,2/13/2015 16:00,16:00,15,0,1,13TH AVE W & ELATI ST N,1,2,0,0,1,4,,,30,0,0,0,0,2,4,2,3
,2015_07396,0,0,11/22/2015 12:00,12:00,3,0,0,13TH AVE W & SPEER BLVD N,1,1,0,0,1,1,,,35,0,0,0,0,0,4,2,16
,2015_07397,0,0,7/18/2015 21:30,21:30,1,0,3,13TH AVE W & QUIVAS ST N,1,3,1,7,1,1,,,30,0,0,0,0,2,4,2,5
,2015_07398,0,0,7/18/2015 17:05,17:05,10,0,0,13TH AVE W & SPEER BLVD N,1,1,0,0,1,1,,,30,0,0,0,0,0,4,2,8
,2015_07399,0,0,4/5/2015 19:00,19:00,15,0,0,14TH AVE & 1200 BLK E,1,2,0,0,1,1,,,35,0,0,0,0,0,4,2,13
,2015_07400,0,0,2/16/2015 15:50,15:50,3,0,0,14TH AVE E & PENNSYLVANIA ST N,2,1,1,2,1,1,,,30,0,0,0,0,0,4,2,16
,2015_07401,0,0,3/6/2015 16:10,16:10,2,0,1,16TH AVE E & EMERSON ST N,1,1,0,0,1,1,,,30,1,0,0,0,2,4,2,3
,2015_07402,0,0,7/29/2015 16:52,16:52,3,0,0,16TH AVE E & SYRACUSE ST N,1,1,0,7,1,1,,,25,0,0,0,0,1,4,2,16
,2015_07403,0,0,3/23/2015 22:24,22:24,2,0,0,16TH AVE E & WASHINGTON ST N,1,3,0,0,1,1,,,25,1,0,0,0,0,4,2,14
,2015_07404,0,0,1/10/2015 22:46,22:46,6,0,0,17TH AVE & 2900 E,1,3,0,0,1,4,,,30,0,0,0,0,1,4,3,5
,2015_07405,0,0,2/24/2015 7:45,7:45,3,0,0,17TH AVE W & IRVING ST N,2,1,0,7,1,1,,,25,0,0,0,0,0,4,2,16
,2015_07406,0,0,6/14/2015 21:49,21:49,1,0,0,17TH AVE E & PARK AVE,1,3,0,7,1,1,,,30,0,0,0,0,0,4,2,1
,2015_07407,0,0,6/29/2015 8:06,8:06,12,0,0,18TH AVE 700 BLK E & WASHINGTON ST N,1,1,0,7,1,4,,,30,0,0,0,0,0,4,2,3
,2015_07408,0,0,8/29/2015 22:30,22:30,6,0,0,21ST AVE W & DECATUR ST N,1,3,0,0,1,4,,,25,0,0,0,0,0,4,2,13
,2015_07409,0,0,2/2/2015 12:29,12:29,3,0,0,21ST AVE W & HOOKER ST N,1,1,0,7,1,1,,,35,0,0,0,0,0,4,2,14
,2015_07410,0,0,6/18/2015 8:30,8:30,1,0,0,21ST AVE E & QUEBEC ST N,1,1,0,0,1,1,,,35,0,0,0,0,0,4,2,13
,2015_07411,0,0,5/1/2015 16:46,16:46,10,0,0,39TH AVE W & TEJON ST N,1,1,0,0,1,1,,,30,0,0,0,0,0,4,3,8
,2015_07412,0,0,4/16/2015 5:29,5:29,5,0,0,44TH AVE W & ZENOBIA ST N,1,3,0,0,3,1,,,25,0,0,0,0,0,4,1,14
,2015_07413,0,0,4/9/2015 10:55,10:55,15,0,0,56TH AVE E & CHAMBERS RD N,1,1,0,0,1,4,,,45,0,0,0,0,0,4,2,13
,2015_07414,0,0,2/11/2015 6:04,6:04,3,0,0,56TH AVE E & TOWER RD N,2,2,0,1,1,1,,,45,0,0,0,0,0,4,2,7
,2015_07415,0,0,8/3/2015 5:30,5:30,1,0,0,56TH AVE E & TOWER RD N,1,2,0,0,1,1,,,40,0,0,0,0,1,4,2,12
,2015_07416,0,0,2/24/2015 15:43,15:43,12,0,0,56TH AVE E & VALENTIA ST N,1,1,1,7,1,1,,,45,0,0,0,0,0,4,2,16
,2015_07418,0,0,6/2/2015 22:15,22:15,1,0,0,47TH AVE E & SAND CREEK RD N,1,3,0,0,1,1,,,30,0,0,0,0,0,4,2,13
,2015_07419,0,0,6/1/2015 15:40,15:40,12,0,0,ALAMEDA AVE 7400 BLK E & ROSLYN ST S,1,1,0,7,1,4,,,40,0,0,0,0,0,4,3,3
,2015_07420,0,0,4/26/2015 15:19,15:19,10,0,0,BROADWAY ST N & 5TH AVE E,2,1,0,1,1,2,,,30,0,0,0,0,0,4,2,8
,2015_07421,0,0,7/10/2015 23:12,23:12,6,0,1,BROADWAY ST O BLK S & BAYAUD ST W,1,3,0,0,1,4,,,30,0,0,0,1,2,4,2,3
,2015_07422,0,0,2/5/2015 19:05,19:05,6,0,1,JEFFERSON AVE 8500 BLK E & VERBENA ST S,1,2,0,7,1,4,,,30,0,0,0,0,2,4,2,3
,2015_07423,0,0,11/11/2015 14:42,14:42,5,0,0,JEWELL AVE W & BROADWAY S,1,1,0,0,3,1,,,35,0,0,0,0,0,4,1,16
,2015_07424,0,0,7/22/2015 16:30,16:30,15,0,0,CANOSA CT N & 8TH AVE W,1,1,0,0,1,1,,,25,0,0,0,0,0,4,2,14
,2015_07425,0,0,3/11/2015 8:40,8:40,3,0,0,CENTER AVE E & LOGAN ST S,1,1,0,7,1,1,,,25,0,0,0,0,0,4,2,16
,2015_07426,0,0,2/5/2015 11:40,11:40,12,0,0,CENTRAL PARK BLVD N & 46TH PL E,1,1,0,0,1,1,,,30,0,0,0,0,0,4,3,13
,2015_07427,0,0,3/16/2015 4:10,4:10,5,0,1,CENTRAL PARK BLVD 3800 BLK N & SMITH RD E,1,3,1,0,3,4,,,35,0,0,0,0,2,4,1,5
,2015_07428,0,0,4/23/2015 19:28,19:28,3,0,0,CHAMPA ST 1400 BLK & 15TH ST,1,3,0,0,1,2,,,,0,0,0,0,0,4,2,1
,2015_07429,0,0,12/22/2015 19:06,19:06,1,0,0,CHERRY CREEK DR S E & UNIVERSITY BLVD S,1,3,0,0,1,1,,,30,0,0,0,0,0,4,2,13
,2015_07430,0,0,4/8/2015 20:55,20:55,3,0,0,CHERRY CREEK DR S E & QUEBEC ST S,2,3,0,1,1,1,,,35,0,0,0,0,0,4,2,13
,2015_07431,0,0,7/23/2015 18:16,18:16,1,0,0,CHOPPER CIR & 1300 BLK,1,1,0,0,1,2,,,20,0,0,0,0,0,4,2,13
,2015_07432,0,0,2/4/2015 11:15,11:15,6,0,1,CLAYTON ST & 4100 BLK N,2,1,0,0,1,4,,,30,0,0,0,0,2,4,2,2
,2015_07433,0,0,1/31/2015 11:20,11:20,12,0,0,EVANS AVE 3400 E & GRAPE ST S,1,1,0,0,1,4,,,35,0,0,0,0,1,4,2,13
,2015_07434,0,0,6/24/2015 23:03,23:03,7,0,0,HAZEL CT S & 244,1,3,0,0,1,4,,,25,0,0,0,0,0,4,4,5
,2015_07435,0,0,4/17/2015 16:06,16:06,3,0,1,IRVING ST S & BAILS PL W,1,5,1,0,1,1,,,25,0,0,0,0,2,4,3,13
,2015_07436,0,0,1/30/2015 7:35,7:35,6,0,0,KEARNEY ST & 2301 BLK N,1,1,0,0,1,4,,,25,0,0,0,0,0,4,2,13
,2015_07437,0,0,7/16/2015 6:07,6:07,5,0,0,KENTUCKY AVE W & TENNYSON ST S,1,1,0,0,2,1,,,25,0,0,0,0,0,4,1,13
,2015_07438,0,0,8/17/2015 16:18,16:18,15,0,0,KEARNEY ST N & SMITH RD E,1,1,0,0,1,1,,,30,0,0,0,0,0,4,2,14
,2015_07439,0,0,7/31/2015 18:54,18:54,6,0,0,KRAMERIA ST 1100 BLK N & 11TH AVE E,1,1,0,7,1,4,,,25,0,0,0,0,0,4,2,16
,2015_07440,0,0,6/20/2015 15:35,15:35,10,0,0,LAWRENCE ST & 15TH ST,1,1,0,0,1,1,,,30,0,0,0,0,0,4,2,8
,2015_07441,0,0,7/22/2015 9:26,9:26,15,0,0,LOWRY BLVD E & YOSEMITE ST N,1,1,0,7,1,6,,,35,0,0,0,0,0,4,2,16
,2015_07442,0,0,1/17/2015 0:54,0:54,15,0,0,LINCOLN ST N & 6TH AVE E,1,3,0,0,1,1,,,30,0,0,0,0,0,4,2,13
,2015_07443,0,0,6/16/2015 10:05,10:05,10,0,0,LINCOLN ST 900 BLK N & 9TH AVE E,1,1,1,0,1,2,,,30,0,0,0,0,1,4,4,14
,2015_07444,0,0,6/5/2015 14:55,14:55,6,0,1,LINCOLN ST 1000 BLK N & 11TH AVE E,1,1,0,7,3,4,,,30,0,0,0,0,2,4,2,5
,2015_07445,0,0,1/26/2015 5:57,5:57,15,0,0,LINCOLN ST 1100 BLK N & 12TH AVE E,1,2,0,7,1,4,,,35,0,0,0,0,0,4,2,1
,2015_07446,0,0,1/23/2015 17:59,17:59,12,0,0,LINCOLN ST 1500 BLK N & 16TH AVE E,1,3,0,7,1,3,,,30,0,0,0,0,1,4,2,1
,2015_07447,0,0,7/27/2015 6:28,6:28,15,0,0,LINCOLN ST 1500 BLK N & 16TH AVE E,1,1,0,7,1,4,,,30,0,0,0,0,0,4,2,16
,2015_07449,0,0,6/24/2015 13:29,13:29,15,0,0,LIPAN ST N & RIO GRANDE BLVD M,1,1,0,0,1,1,,,25,0,0,0,0,0,4,2,13
,2015_07450,0,0,4/13/2015 8:15,8:15,15,0,0,LOGAN ST N & 3RD AVE E,1,1,0,0,1,1,,,30,0,0,0,0,0,4,2,13
,2015_07451,0,0,8/29/2015 20:45,20:45,2,0,0,LOGAN ST N & 7TH AVE E,1,3,0,0,1,3,,,30,1,0,0,0,0,4,2,13
,2015_07452,0,0,5/14/2015 18:25,18:25,15,0,0,LOGAN ST 1500 N & 16TH AVE E,1,1,0,7,1,4,,,30,0,0,0,0,0,4,2,7
,2015_07453,0,0,5/25/2015 6:50,6:50,11,0,0,LOGAN ST N & COLFAX AVE E,1,1,0,0,1,2,,,,0,1,0,0,0,4,2,13
,2015_07454,0,0,2/6/2015 21:05,21:05,3,0,0,LOGAN ST S & ARKANSAS AVE E,1,3,0,7,1,1,,,25,0,0,0,0,0,4,2,16
,2015_07455,0,0,1/16/2015 9:02,9:02,12,0,0,LOGAN ST 200 BLK N & LOGAN ST 222 N,1,1,0,7,1,4,,,30,0,0,0,0,0,4,2,14
,2015_07456,0,0,3/21/2015 4:42,4:42,6,0,0,LOUISIANA AVE & 2855 BLK W,1,3,0,0,1,4,,,25,0,0,0,0,1,4,2,5
,2015_07457,0,0,8/13/2015 17:08,17:08,5,0,0,LINCOLN ST S 524 & VIRGINIA AVE E,1,1,0,1,3,4,,,30,0,0,0,0,0,4,3,9
,2015_07458,0,0,2/27/2015 23:00,23:00,6,0,0,MISSISSIPPI AVE 6800 E & ONEIDA ST S,5,3,0,7,1,4,,,25,0,0,0,0,0,4,2,5
,2015_07459,0,0,4/26/2015 20:50,20:50,15,0,0,MISSISSIPPI AVE 6800 BLK E & ONEIDA ST S,2,3,0,1,1,1,,,35,0,0,0,0,0,4,2,1
,2015_07460,0,0,3/30/2015 15:30,15:30,12,0,0,MISSISSIPPI AVE W & S TEJON ST,1,1,1,7,1,3,,,35,0,0,0,0,0,4,2,1
,2015_07461,0,0,6/2/2015 23:20,23:20,3,0,0,MLK BLVD & DOWNING ST N,1,3,0,7,1,1,,,30,0,0,0,0,0,4,2,7
,2015_07462,0,0,2/24/2015 8:20,8:20,12,0,0,MLK BLVD E & HOLLY ST N,2,1,0,7,1,3,,,35,0,0,0,0,0,4,2,16
,2015_07463,0,0,6/11/2015 19:50,19:50,12,0,0,MONACO PKWY & 4TH AVE E,1,3,0,1,1,1,,,30,0,0,0,0,1,4,2,16
,2015_07464,0,0,7/7/2015 22:14,22:14,5,0,1,MONACO ST 1300 BLK N & 14TH AVE E,1,3,0,7,2,3,,,30,0,0,0,0,2,4,1,5
,2015_07465,0,0,7/28/2015 15:35,15:35,12,0,0,MONACO ST 1300 BLK S & CHERRY CREEK DR N E,1,1,0,7,1,3,,,30,0,0,0,0,1,4,3,3
,2015_07466,0,0,2/26/2015 14:17,14:17,12,0,0,MONACO ST 4500 BLK N & STAPLETON DRIVE N,5,1,0,2,1,3,,,30,0,0,0,0,0,4,2,7
,2015_07468,0,0,4/30/2015 16:19,16:19,12,0,0,PECOS ST N & 46TH AVE W,1,1,0,7,1,1,,,30,0,0,0,0,0,4,2,16
,2015_07469,0,0,11/18/2015 18:00,18:00,4,0,0,PENA BLVD & 7400 BLK,1,3,0,0,1,4,,,65,0,0,0,0,0,4,1,13
,2015_07470,0,0,8/27/2015 22:10,22:10,5,0,0,PARK AVE W & CALIFORNIA ST,1,1,0,0,2,1,,,30,0,0,0,0,0,4,1,14
,2015_07471,0,0,12/21/2015 7:30,7:30,6,0,0,PEARL ST 1100 BLK N & 11TH ST,5,1,1,7,1,4,,,20,0,0,0,0,0,4,2,14
,2015_07472,0,0,10/26/2015 0:50,0:50,15,0,0,PEORIA ST N & ALBROOK DR E,2,3,0,0,1,1,,,35,0,0,0,0,0,4,2,13
,2015_07473,0,0,2/4/2015 17:20,17:20,15,0,0,PENA BLVD INBOUND 8000 BLK & 80TH AVE E,9,2,0,7,1,4,,,45,0,0,0,0,0,4,2,8
,2015_07474,0,0,3/21/2015 20:40,20:40,15,0,0,PENA BLVD 8000 BLK & JACKSON GAP ST N,1,1,0,0,1,4,,,45,0,0,0,0,0,4,2,13
,2015_07475,0,0,7/13/2015 5:58,5:58,4,0,0,PENA BLVD 7600 BLK & JACKSON GAP ST,1,1,0,7,1,4,,,65,0,0,0,0,0,4,1,16
,2015_07476,0,0,10/2/2015 0:01,0:01,5,0,0,PEORIA ST 3800 BLK N & 39TH AVE E,1,3,0,0,2,4,,,45,0,0,0,0,0,4,1,5
,2015_07477,0,0,6/18/2015 13:13,13:13,10,0,1,PEORIA ST N & 45TH AVE E,1,1,1,0,1,1,,,40,0,0,0,0,2,4,3,12
,2015_07478,0,0,6/27/2015 11:18,11:18,5,0,0,PEORIA ST N & 53RD AVE E,1,3,0,0,3,4,,,40,0,0,0,0,0,4,1,13
,2015_07479,0,0,7/25/2015 16:17,16:17,5,0,1,QUINCY AVE E & HAPPY CANYON RD E,1,1,0,0,2,4,,,35,0,0,0,0,2,4,1,8
,2015_07480,0,0,5/1/2015 3:05,3:05,6,0,0,QUIVAS ST N & 39TH AVE W,2,4,0,7,1,4,,,25,0,0,0,0,0,4,3,14
,2015_07481,0,0,9/23/2015 16:29,16:29,6,0,0,RARITAN ST 1300 BLK S & LOUISIANA AVE W,1,1,1,7,1,4,,,25,0,0,0,0,0,4,2,3
,2015_07482,0,0,9/17/2015 9:55,9:55,3,0,0,26TH ST & WELTON ST,1,1,0,0,1,1,,,30,0,0,0,0,0,4,2,8
,2015_07483,0,0,8/31/2015 16:00,16:00,3,0,0,22ND ST & TREMONT PL,1,1,0,0,1,1,,,30,0,0,0,1,0,4,2,13
,2015_07484,0,0,4/11/2015 5:30,5:30,5,0,0,SANTA FE DR 1300 BLK N & 14TH AVE W,1,3,0,0,3,4,,,35,0,0,0,0,0,4,1,2
,2015_07485,0,0,12/25/2015 17:53,17:53,5,0,0,SHOSHONE ST N & 4058,4,3,0,2,3,2,,,20,0,0,0,0,0,4,1,13
,2015_07486,0,0,7/27/2015 10:55,10:55,3,0,0,SPEER BLVD N & 8TH AVE W,1,1,0,7,1,1,,,30,0,0,0,0,0,4,2,16
,2015_07487,0,0,8/23/2015 11:47,11:47,3,0,0,SPEER BLVD N & 8TH AVE W,1,1,1,7,1,1,,,30,0,0,0,0,0,4,2,16
,2015_07488,0,0,2/9/2015 15:00,15:00,3,0,0,SPEER BLVD & 14TH AVE W,1,1,0,7,1,1,,,30,0,0,0,0,0,4,2,16
,2015_07489,0,0,7/21/2015 17:07,17:07,15,0,0,SPEER BLVD 700 BLK N & COLFAX AVE W,1,1,0,7,1,4,,,35,0,0,0,0,0,4,2,16