id,drcog_id,latitude,longitude,crashtime,time,crashtype,numbkilled,numbinjurd,drcoglocat,rdconditin,lightngcon,roadcntgrd,weatherco,location,roaddescrp,schoolzone,constrzone,splimit,bikeinv,pedinv,sctrinv,motoinv,svrty,rdsystem,ttlvehcls,hcf
,2015_07490,0,0,2/24/2015 7:20,7:20,12,0,0,SPEER BLVD 1100 BLK E & CORONA ST N,4,2,0,7,1,3,,,30,0,0,0,0,0,4,2,16
,2015_07491,0,0,5/11/2015 17:10,17:10,12,0,0,SPEER BLVD 1100 BLK E & DOWNING ST N,1,1,0,7,1,4,,,35,0,0,0,0,0,4,2,2
,2015_07492,0,0,2/24/2015 10:30,10:30,15,0,0,SPEER BLVD N & ZUNI ST N,1,1,0,0,1,1,,,30,0,0,0,0,0,4,2,13
,2015_07493,0,0,7/2/2015 18:46,18:46,15,0,0,UNIVERSITY BLVD S & BUCHTEL BLVD E,1,1,0,7,1,4,,,30,0,0,0,0,0,4,2,1
,2015_07494,0,0,11/26/2015 20:45,20:45,5,0,0,STEELE ST S & ARIZONA AVE E,4,3,0,2,3,1,,,25,0,0,0,0,0,4,1,14
,2015_07495,0,0,3/6/2015 13:10,13:10,3,0,0,TAMARAC PKWY S & QUINCY AVE E,1,1,0,0,1,1,,,35,0,0,0,0,0,4,2,13
,2015_07497,0,0,6/9/2015 19:02,19:02,3,0,0,TENNESSEE AVE E & HIGH ST S,2,1,0,7,1,1,,,25,0,0,0,0,0,4,2,16
,2015_07498,0,0,5/23/2015 18:30,18:30,6,0,0,TENNYSON ST 3800 BLK N & 38TH AVE W,1,1,0,7,1,4,,,30,0,0,0,0,0,4,2,16
,2015_07499,0,0,8/7/2015 19:45,19:45,3,0,1,S TENNYSON ST & COLORADO AVE W,1,1,2,7,1,1,,,30,0,0,0,1,3,4,2,7
,2015_07500,0,0,4/15/2015 18:05,18:05,12,0,0,TOWER RD N & 43RD AVE E,1,1,0,7,1,3,,,35,0,0,0,0,0,4,3,16
,2015_07501,0,0,1/24/2015 23:02,23:02,3,0,0,UNIVERSITY BLVD S & DARTMOUTH AVE E,1,3,0,7,1,1,,,30,0,0,0,0,0,4,2,1
,2015_07502,0,0,1/20/2015 13:19,13:19,12,0,0,UNIVERSITY BL 700 BLK S & EXPOSITION AVE E,1,1,0,7,1,3,,,30,0,0,0,0,1,4,2,3
,2015_07503,0,0,8/1/2015 11:59,11:59,12,0,0,UNIVERSITY BLVD S & EXPOSITION AVE E,1,1,0,7,1,4,,,35,0,0,0,0,0,4,2,3
,2015_07504,0,0,7/11/2015 14:12,14:12,3,0,0,N VICTOR WAY & 51ST AVE E,1,1,0,7,1,1,,,25,0,0,0,1,1,4,2,1
,2015_07505,0,0,2/17/2015 12:25,12:25,12,0,0,WALNUT ST & 3100 BLK,1,1,0,0,1,4,,,30,0,0,0,0,0,4,2,1
,2015_07506,0,0,7/15/2015 21:39,21:39,3,0,0,WASHINGTON ST N & SPEER BLVD E,1,3,0,7,1,1,,,25,0,0,0,0,0,4,2,16
,2015_07508,0,0,4/6/2015 8:21,8:21,1,0,0,YALE AVE E & MONACO ST S,1,1,0,7,1,1,,,30,0,0,0,0,0,4,2,16
,2015_07509,0,0,7/28/2015 13:15,13:15,6,0,0,VALLEJO ST 2900 BLK N & 29TH AVE W,1,1,0,0,1,1,,,30,0,0,0,0,0,4,2,14
,2015_07592,0,0,6/30/2015 11:45,11:45,6,0,0,PECOS ST S & NEVADA PL W,1,1,0,7,1,4,,,25,0,0,0,0,0,4,2,14
,2015_07601,0,0,4/17/2015 9:00,9:00,5,0,0,PEORIA ST N & ALBROOK DR E,4,1,0,2,2,1,,,35,0,0,0,0,1,4,1,1
,2015_07602,39.689321,-104.940549,6/5/2015 12:40,12:40,15,0,0,COLORADO BLVD S & FLORIDA AVE E,1,1,0,0,1,1,,,35,0,0,0,0,0,2,2,3
,2015_07603,39.693134,-104.94055,2/20/2015 17:21,17:21,12,0,0,COLORADO BLVD 1200 BLK S & LOUISIANA AVE E,1,1,0,0,1,4,,,35,0,0,0,0,0,2,2,3
,2015_07605,39.705367,-104.940624,2/10/2015 18:30,18:30,12,0,0,COLORADO BLVD & 600 BLK S,1,3,0,0,1,4,,,35,0,0,0,0,0,2,3,13
,2015_07606,39.705522,-104.940624,1/16/2015 15:24,15:24,12,0,0,COLORADO BLVD & 625 BLK S,1,1,0,0,1,4,,,30,0,0,0,0,0,2,2,3
,2015_07607,39.672218,-104.940627,5/20/2015 18:35,18:35,15,0,0,COLORADO BLVD 2400 BLK S & DICKINSON PL E,1,1,0,0,1,4,,,40,0,0,0,0,0,2,2,13
,2015_07608,39.67488,-104.940644,7/22/2015 21:52,21:52,1,0,1,COLORADO BLVD S & ILIFF AVE E,1,3,0,0,1,1,,,35,0,0,0,1,2,2,2,1
,2015_07609,39.740086,-104.940612,7/23/2015 0:20,0:20,12,0,0,COLORADO BLVD N & COLFAX AVE E,1,3,0,0,1,1,,,35,0,0,0,0,0,2,2,13
,2015_07610,39.741933,-104.94061,7/8/2015 23:38,23:38,10,0,0,COLORADO BLVD N & 16TH AVE E,1,3,0,0,1,1,,,30,0,0,0,0,0,2,2,13
,2015_07611,39.746189,-104.940605,7/28/2015 19:05,19:05,12,0,0,COLORADO BLVD N & 19TH AVE E,1,1,1,0,1,4,,,35,0,0,0,0,0,2,2,13
,2015_07612,39.75101,-104.940599,1/10/2015 12:28,12:28,12,0,0,COLORADO BLVD N & 23RD AVE E,1,1,0,0,1,4,,,35,0,0,0,0,0,2,2,13
,2015_07613,39.761878,-104.940511,2/18/2015 12:24,12:24,1,0,0,COLORADO BLVD N & MARTIN LUTHER KING JR BLVD E,1,1,0,0,1,1,,,35,0,0,0,0,0,2,2,12
,2015_07614,39.761878,-104.940511,7/4/2015 12:59,12:59,1,0,0,MARTIN LUTHER KING JR BLVD E & COLORADO BLVD N,1,1,0,0,1,1,,,35,0,0,0,0,0,2,2,13
,2015_07615,39.762025,-104.94051,2/24/2015 16:10,16:10,12,0,0,COLORADO BLVD N & MLK BLVD E,1,1,0,0,1,4,,,35,0,0,0,0,0,2,2,13
,2015_07616,39.765639,-104.940496,5/1/2015 16:40,16:40,1,0,0,35TH AVE E & COLORADO BLVD N,1,1,0,0,1,1,,,35,0,0,0,0,0,2,2,13
,2015_07617,39.772028,-104.940503,7/13/2015 7:10,7:10,12,0,0,COLORADO BLVD N & 40TH AVE W,1,1,0,0,1,3,,,35,0,0,0,0,0,2,2,13
,2015_07640,39.755979,-105.011541,6/14/2015 22:02,22:02,12,0,0,I-25 & 27TH AVE W (NOT IN CORIS),1,3,0,0,1,4,,,55,0,0,0,0,0,1,2,13
,2015_07647,39.628413,-104.904125,8/20/2015 10:12,10:12,6,0,0,I-25 & UNION AVE E,1,1,0,0,1,4,,,65,0,0,0,0,0,1,2,13
,2015_07648,39.66762,-104.92561,3/14/2015 20:24,20:24,12,0,0,YALE AVE E & I-25 SB RAMPS,1,3,0,0,1,1,,,35,0,0,0,0,0,1,2,5
,2015_07649,39.668842,-104.926417,3/28/2015 14:15,14:15,12,0,0,I-25 & YALE AVE E,1,1,0,0,1,4,,,55,0,0,0,0,0,1,2,4
,2015_07651,39.683307,-104.941372,1/14/2015 6:02,6:02,12,0,0,I-25 & COLORADO BLVD S,1,3,1,0,1,8,,,35,0,0,0,0,1,1,2,13
,2015_07652,39.687712,-104.968747,6/23/2015 16:55,16:55,12,0,0,I-25 & FRANKLIN ST S,1,1,1,0,1,4,,,60,0,0,0,0,0,1,2,13
,2015_07653,39.689327,-104.971973,6/17/2015 11:10,11:10,15,0,0,I-25 & DOWNING ST S,1,1,0,0,1,4,,,60,0,0,0,0,0,1,2,13
,2015_07654,39.678363,-104.933558,9/5/2015 15:40,15:40,15,0,0,EVANS AVE & I-25 NB RAMPS,1,1,0,7,1,3,,,35,0,0,0,0,0,1,2,1
,2015_07655,39.69304,-104.97773,4/16/2015 7:47,7:47,12,0,0,I-25 & LOUISANA AVE E,2,1,0,2,1,4,,,60,0,0,0,0,0,1,2,13
,2015_07656,39.700841,-104.986681,3/21/2015 1:28,1:28,3,0,0,BROADWAY ST S & KENTUCKY AVE W,1,3,0,0,1,1,,,35,0,0,0,0,0,1,2,13
,2015_07657,39.701452,-104.987435,8/5/2015 11:04,11:04,12,0,0,I-25 & BROADWAY ST S,1,1,0,0,1,4,,,55,0,0,0,0,0,1,2,7
,2015_07658,39.709874,-104.998115,7/16/2015 10:24,10:24,15,0,0,I-25 NB ON FLYOVER RAMP & SANTA FE DR S,1,1,1,0,1,8,,,25,0,0,0,0,0,1,2,13
,2015_07659,39.71124,-104.998918,1/20/2015 10:00,10:00,12,0,0,I-25 & ALAMEDA AVE W,1,1,0,0,1,4,,,55,0,0,0,0,0,1,3,8
,2015_07660,39.71124,-104.998918,3/23/2015 14:00,14:00,12,0,0,I-25 & ALAMEDA AVE W,1,1,0,0,1,4,,,55,0,0,0,0,0,1,2,13
,2015_07661,39.721864,-105.009103,5/12/2015 2:02,2:02,15,0,0,I-25 SB ON RAMP & 6TH AVE SB RAMP GORE PT,1,3,1,0,1,8,,,35,0,0,0,0,0,1,2,13
,2015_07662,39.723032,-105.010692,8/8/2015 9:52,9:52,5,0,0,I-25 & 6TH AVE OFF RAMPS SPLIT,1,1,0,0,4,8,,,45,0,0,0,0,0,1,1,8
,2015_07663,39.723679,-105.011476,4/30/2015 14:25,14:25,12,0,0,I-25 & 6TH AVE W,1,1,1,0,1,4,,,55,0,0,0,0,0,1,2,3
,2015_07664,39.724909,-105.012637,5/26/2015 12:30,12:30,15,0,0,I-25 NB/SB RAMP SPLIT & 6TH AVE W,1,1,1,0,1,8,,,45,0,0,0,0,0,1,2,8
,2015_07666,39.72543,-105.013021,6/30/2015 16:59,16:59,15,0,0,I-25 & 6TH AVE W,1,1,0,0,1,4,,,55,0,0,0,1,0,1,2,1
,2015_07668,39.721864,-105.009103,11/4/2015 14:47,14:47,15,0,0,I-25 SB ON RAMP & 6TH AVE W,1,1,0,0,1,8,,,35,0,0,0,0,0,1,2,1
,2015_07669,39.726455,-105.013672,1/9/2015 0:58,0:58,5,0,0,I-25 SB & 6TH AVE OFF RAMP,4,3,0,2,3,4,,,55,0,0,0,0,0,1,1,14
,2015_07670,39.729334,-105.014821,3/10/2015 14:18,14:18,12,0,0,I-25 & 8TH AVE W,1,1,0,0,1,4,,,55,0,0,0,0,0,1,2,13
,2015_07671,39.729334,-105.014821,4/23/2015 15:35,15:35,12,0,0,I-25 & 8TH AVE W,1,1,1,0,1,4,,,55,0,0,0,0,0,1,2,3
,2015_07672,39.729334,-105.014821,6/24/2015 19:05,19:05,12,0,0,I-25 & 8TH AVE W,2,2,0,0,1,4,,,55,0,0,0,0,0,1,2,13
,2015_07673,39.74035,-105.013939,2/12/2015 20:14,20:14,15,0,0,I-25 & COLFAX AVE W,1,3,0,0,1,4,,,55,0,0,0,0,0,1,2,15
,2015_07674,39.74035,-105.013939,3/16/2015 16:20,16:20,15,0,0,I-25 & COLFAX AVE W,1,1,0,0,1,4,,,55,0,0,0,0,0,1,2,13
,2015_07675,39.741612,-105.014362,2/27/2015 19:17,19:17,5,0,0,I-25 & COLFAX AVE W,1,3,2,0,3,4,,,55,0,0,0,0,0,1,1,14
,2015_07676,39.755141,-105.012706,3/21/2015 22:10,22:10,12,0,0,SPEER BLVD N & I-25 NB RAMPS,1,3,0,0,1,3,,,35,0,0,0,0,0,1,2,13
,2015_07692,39.711093,-105.028062,6/13/2015 12:05,12:05,3,0,1,ALAMEDA AVE W & 3150 BLK W,1,1,0,0,1,2,,,35,0,0,0,0,2,2,2,7
,2015_07693,39.711145,-105.020337,1/22/2015 7:45,7:45,3,0,0,ALAMEDA AVE W & CLAY ST S,2,1,0,0,1,1,,,25,0,0,0,0,0,2,2,14
,2015_07694,39.711137,-105.017962,1/24/2015 18:17,18:17,11,0,1,ALAMEDA AVE W & BRYANT ST S,1,4,0,0,1,3,,,40,0,1,0,0,3,2,2,14
,2015_07695,39.71118,-105.006535,4/27/2015 11:30,11:30,12,0,0,ALAMEDA AVE 1400 BLK W & PECOS ST S,2,1,0,0,1,4,,,35,0,0,0,0,0,2,2,13
,2015_07696,39.711184,-105.000622,2/28/2015 17:35,17:35,12,0,0,ALAMEDA AVE W & PLATTE RIVER DR S,5,2,0,0,1,3,,,40,0,0,0,0,1,2,2,13
,2015_07697,39.711077,-105.025062,10/10/2015 3:35,3:35,12,0,0,ALAMEDA AVE W & FEDERAL BLVD S,1,3,0,0,1,1,,,35,0,0,0,0,0,2,3,16
,2015_07698,39.71118,-105.006348,8/14/2015 23:54,23:54,5,0,0,ALAMEDA AVE W & PECOS ST S,1,3,0,0,3,1,,,35,0,0,0,0,0,2,1,5
,2015_07699,39.653077,-104.898688,8/10/2015 8:26,8:26,12,0,0,TAMARAC ST S & HAMPDEN AVE E,1,1,0,0,1,3,,,35,0,0,0,0,0,2,2,13
,2015_07700,39.653028,-104.872408,5/22/2015 7:50,7:50,12,0,0,HAMPDEN AVE 9900 BLK E & FLORENCE ST S,2,1,0,1,1,3,,,45,0,0,0,0,0,2,3,13
,2015_07701,39.65352,-104.868405,8/7/2015 17:25,17:25,12,0,0,HAMPDEN AVE E & GALENA ST S,1,1,0,0,1,1,,,30,0,0,0,0,0,2,2,7
,2015_07711,39.778312,-104.903406,3/10/2015 20:03,20:03,15,0,0,NORTHFIELD BLVD E & QUEBEC ST N,1,3,0,0,1,1,,,25,0,0,0,0,0,2,2,13
,2015_07736,39.772547,-104.829979,1/5/2015 3:06,3:06,5,0,0,I-225 & I-70,5,4,1,0,2,8,,,55,0,0,0,0,0,1,1,14
,2015_07737,39.740322,-105.053272,1/29/2015 12:28,12:28,11,0,0,SHERIDAN BLVD N & COLFAX AVE W,1,1,0,0,1,1,,,35,0,1,0,0,1,2,2,9
,2015_07738,39.740322,-105.053272,6/3/2015 15:45,15:45,12,0,0,SHERIDAN BLVD N & COLFAX AVE W,1,1,0,0,1,4,,,30,0,0,0,0,0,2,2,1
,2015_07739,39.740008,-104.973453,5/8/2015 13:29,13:29,15,0,0,DOWNING ST N & COLFAX AVE E,2,1,0,1,1,1,,,30,0,0,0,0,0,2,2,7
,2015_07740,39.740002,-104.987332,6/11/2015 15:50,15:50,5,0,0,COLFAX AVE E & BROADWAY,2,1,0,0,2,1,,,30,0,0,0,0,0,2,1,13
,2015_07741,39.740003,-104.976142,1/31/2015 22:33,22:33,11,0,2,COLFAX AVE E & EMERSON ST N,4,3,0,2,1,1,,,,0,1,0,0,2,2,3,13
,2015_07742,39.74001,-104.968713,7/24/2015 19:55,19:55,12,0,0,COLFAX AVE 1500 BLK E & PARK AVE WEST,1,2,1,0,1,4,,,30,0,0,0,0,0,2,2,1
,2015_07743,39.740079,-104.912395,5/18/2015 8:25,8:25,3,0,0,COLFAX AVE E & MONACO PKWY N,2,1,0,1,1,1,,,35,0,0,0,0,0,2,2,7
,2015_07744,39.740082,-104.895456,11/20/2015 22:47,22:47,12,0,0,COLFAX AVE E & TAMARAC ST N,5,3,0,2,1,4,,,30,0,0,0,0,0,2,2,16
,2015_07745,39.740087,-104.888145,4/30/2015 15:30,15:30,3,0,0,COLFAX AVE E & WILLOW ST N,1,1,0,0,1,1,,,35,0,0,0,0,0,2,2,14
,2015_07769,39.783138,-105.006328,8/10/2015 13:30,13:30,12,0,0,48TH AVE W & PECOS ST N,1,1,0,0,1,1,,,30,0,0,0,0,0,1,2,13
,2015_07770,39.780083,-104.989627,8/7/2015 13:24,13:24,12,0,0,I-70 EB OFF RAMP & I-25 SB,1,1,0,0,1,8,,,45,0,0,0,0,0,1,3,13
,2015_07771,39.780014,-104.958231,2/8/2015 14:20,14:20,1,0,0,46TH AVE E & JOSEPHINE ST N,1,1,0,0,1,1,,,30,0,0,0,0,0,4,2,13
,2015_07772,39.780014,-104.958231,2/12/2015 8:00,8:00,1,0,0,46TH AVE E & YORK ST N,1,1,0,0,1,1,,,35,0,0,0,0,0,4,2,13
,2015_07773,39.779944,-104.940633,2/7/2015 11:20,11:20,12,0,0,I-70 & COLORADO BLVD N,1,1,0,0,1,4,,,55,0,0,0,0,0,1,2,13
,2015_07774,39.780012,-104.938057,4/8/2015 8:00,8:00,15,0,0,I-70 & COLORADO BLVD WB OFF RAMP,1,5,0,0,1,4,,,55,0,0,0,0,0,1,2,13
,2015_07775,39.779903,-104.93078,3/9/2015 8:00,8:00,12,0,0,I-70 & DAHLIA ST N,1,1,0,0,1,4,,,55,0,0,0,0,0,1,2,13
,2015_07776,39.778341,-104.92238,6/22/2015 15:54,15:54,12,0,0,I-70 & HOLLY ST N,1,1,0,0,1,4,,,55,0,0,0,0,0,1,2,13
,2015_07777,39.7783,-104.903459,4/27/2015 14:20,14:20,12,0,0,I-70 & NORTHFIELD N/QUEBEC ST N,1,1,0,0,1,4,,,55,0,0,0,0,0,1,2,13
,2015_07778,39.7783,-104.90327,6/17/2015 18:23,18:23,12,0,0,I-70 EB ON RAMP & NORTHFIELD QUEBEC ST,1,1,1,0,1,8,,,40,0,0,0,0,0,1,2,13
,2015_07779,39.778341,-104.92238,10/30/2015 17:52,17:52,12,0,0,I-70 & HOLLY ST N,1,1,0,0,1,4,,,55,0,0,0,0,0,1,3,16
,2015_07780,39.775623,-104.865778,10/18/2015 23:40,23:40,5,0,0,I-70 & HAVANA ST N,1,3,0,0,3,4,,,55,0,0,0,0,0,1,1,13
,2015_07781,39.775623,-104.865778,7/27/2015 16:58,16:58,1,0,0,N HAVANA ST & I70 HWY WB,1,1,1,7,1,1,,,40,0,0,0,0,0,1,2,16
,2015_07782,39.774883,-104.857198,6/24/2015 23:35,23:35,15,0,0,I-70 & MM 281,1,3,0,0,1,4,,,55,0,0,0,0,0,1,2,13
,2015_07783,39.772547,-104.829979,3/16/2015 11:35,11:35,15,0,0,I-70 & I-225 NB TO WB FLYOVER ENT GORE PT,1,1,0,0,1,4,,,55,0,0,0,0,0,1,2,1
,2015_07817,39.703557,-105.025074,5/3/2015 17:26,17:26,12,0,0,FEDERAL BLVD & 600 BLK S,1,1,0,0,1,4,,,35,0,0,0,0,0,2,2,13
,2015_07825,39.732921,-105.02517,7/11/2015 12:05,12:05,12,0,0,FEDERAL BLVD N & 10TH AVE W,1,1,0,0,1,1,,,30,0,0,0,0,0,2,2,13
,2015_07826,39.725983,-105.025128,3/10/2015 11:50,11:50,3,0,0,FEDERAL BLVD N & 6TH AVE WB RAMP,1,1,1,0,1,1,,,30,0,0,0,0,0,2,2,13
,2015_07827,39.721318,-105.025197,1/27/2015 17:05,17:05,15,0,0,FEDERAL BLVD N & 3RD AVE W,1,1,0,0,1,3,,,35,0,0,0,0,0,2,2,13
,2015_07828,39.711304,-105.025093,11/17/2015 22:26,22:26,12,0,0,FEDERAL BLVD S & ALAMEDA AVE W,1,3,0,0,1,3,,,35,0,0,0,0,0,2,2,13
,2015_07829,39.70779,-105.02508,5/3/2015 21:13,21:13,12,0,0,FEDERAL BLVD 400 BLK S & VIRGINIA AVE W,1,3,0,0,1,3,,,40,0,0,0,0,1,2,2,5
,2015_07830,39.696607,-105.025062,4/6/2015 17:15,17:15,15,0,0,FEDERAL BLVD S & MISSISSIPPI AVE W,1,1,0,0,1,3,,,40,0,0,0,0,0,2,2,13
,2015_07831,39.695025,-105.025059,5/24/2015 10:29,10:29,3,0,0,FEDERAL BLVD 1100 BLK S & ARIZONA AVE W,1,1,0,0,1,2,,,35,0,0,0,0,0,2,2,7
,2015_07833,39.688197,-105.025042,6/27/2015 13:05,13:05,15,0,0,FEDERAL BLVD S & IOWA AVE,1,1,0,0,1,4,,,35,0,0,0,0,0,2,3,13
,2015_07834,39.685944,-105.025024,3/28/2015 23:53,23:53,12,0,0,FEDERAL BLVD S & MEXICO AVE W,1,4,0,0,1,4,,,25,0,0,0,0,1,2,2,3
,2015_07835,39.684947,-105.025012,4/10/2015 7:15,7:15,12,0,0,FEDERAL BLVD 1800 BLK S & COLORADO AVE W,1,1,0,0,1,3,,,40,0,0,0,0,0,2,2,7
,2015_07836,39.678616,-105.025049,3/8/2015 22:03,22:03,12,0,0,FEDERAL BLVD S & EVANS AVE W,1,4,0,0,1,1,,,40,0,0,0,0,1,2,3,5
,2015_07837,39.677901,-105.02505,7/2/2015 16:30,16:30,12,0,0,FEDERAL BLVD S & EVANS AVE W,1,1,0,0,1,4,,,40,0,0,0,0,0,2,2,1
,2015_07838,39.676758,-105.025054,7/11/2015 13:21,13:21,1,0,0,FEDERAL BLVD S & WARREN AVE W,1,1,0,0,1,1,,,35,0,0,0,0,0,2,2,3
,2015_07844,39.624077,-104.911994,2/23/2015 16:22,16:22,3,0,0,BELLEVIEW AVE E & MONACO ST S,1,1,0,0,1,1,,,35,0,0,0,0,0,2,2,3
,2015_07853,39.682241,-105.053199,3/9/2015 16:20,16:20,12,0,0,SHERIDAN BLVD S & JEWELL AVE W,1,1,0,0,1,3,,,40,0,0,0,0,0,2,2,3
,2015_07854,39.682397,-105.053192,1/8/2015 10:12,10:12,15,0,0,SHERIDAN BLVD S & JEWELL AVE W,1,1,1,0,1,4,,,40,0,0,0,0,0,2,2,8
,2015_07856,39.700516,-105.05325,3/24/2015 17:23,17:23,1,0,0,SHERIDAN BLVD & 898,1,1,0,0,1,2,,,35,0,0,0,1,1,2,1,7
,2015_07857,39.711127,-105.053259,4/27/2015 15:53,15:53,12,0,0,SHERIDAN BLVD 300 BLK S & ALAMEDA AVE W,1,1,0,0,1,4,,,35,0,0,0,0,0,2,2,3
,2015_07868,39.635297,-105.082331,3/29/2015 16:30,16:30,15,0,0,WADSWORTH BLVD S & STANFORD AVE W,1,1,0,0,1,4,,,45,0,0,0,0,0,2,2,5
,2015_07879,39.756686,-105.081475,4/10/2015 15:00,15:00,12,0,0,WADSWORTH BLVD & 2700 BLK S,1,1,0,0,1,4,,,40,0,0,0,0,0,2,2,7
,2015_07900,0,0,2/12/2015 17:05,17:05,12,0,0,RICHTHOFEN PL E & MONACO ST N,1,1,0,7,1,1,,,30,0,0,0,0,0,4,2,16
,2015_07903,39.635523,-104.89346,7/30/2015 12:00,12:00,15,0,0,I-225 & TAMARAC ST,1,1,0,0,1,4,,,55,0,0,0,0,0,1,2,7
,2015_07904,39.635634,-104.89304,7/29/2015 7:00,7:00,12,0,0,I-225 WB OFF RAMP SLIP & TAMARAC ST S,1,1,1,0,1,8,,,35,0,0,0,0,0,1,2,13
,2015_07907,39.637714,-104.888309,9/4/2015 15:05,15:05,12,0,0,I-225 SB/WB OFF RAMP COLL & YOSEMITE ST S,1,1,1,0,1,8,,,45,0,0,0,0,0,1,2,13
,2015_07918,39.784444,-104.966694,8/22/2015 20:35,20:35,5,0,2,BRIGHTON BLVD & 4800 BLK N,1,3,0,0,3,4,,,35,0,0,0,0,3,2,1,5
,2015_07922,39.777015,-104.882642,10/2/2015 17:40,17:40,1,0,0,CENTRAL PARK BLVD N & I-70 WB RAMPS,1,1,0,0,1,1,,,30,0,0,0,0,0,1,2,13
,2015_07926,39.749952,-105.025145,12/9/2015 18:00,18:00,12,0,0,FEDERAL BLVD & 2200 BLK N,1,2,1,0,1,4,,,35,0,0,0,0,1,2,2,13
,2015_07928,39.743958,-105.025215,2/27/2015 6:49,6:49,12,0,0,FEDERAL BLVD 1600 BLK N & 17TH AVE W,5,1,0,2,1,4,,,35,0,0,0,0,1,2,2,14
,2015_07929,39.748984,-105.025162,7/25/2015 21:44,21:44,12,0,0,FEDERAL BLVD N & 21ST AVE W,1,3,0,0,1,4,,,35,0,0,0,0,0,2,2,13
,2015_07930,39.751249,-105.025139,8/10/2015 14:23,14:23,1,0,0,FEDERAL BLVD N & 23RD AVE W,1,1,1,0,1,1,,,35,0,0,0,0,0,2,2,13
,2015_07931,39.760318,-105.025143,8/14/2015 14:52,14:52,12,0,0,FEDERAL BLVD & 3000 BLK N,1,1,1,7,1,4,,,35,0,0,0,0,0,2,2,16
,2015_07932,39.761982,-105.025164,6/29/2015 8:00,8:00,12,0,0,FEDERAL BLVD N & 32ND AVE W,1,1,0,0,1,4,,,35,0,0,0,0,1,2,2,13
,2015_07933,39.769244,-105.025232,4/9/2015 21:45,21:45,12,0,0,38TH AVE W & FEDERAL BLVD N,1,3,0,0,1,1,,,35,0,0,0,0,0,2,2,3
,2015_07934,39.772939,-105.025237,4/1/2015 11:16,11:16,12,0,0,FEDERAL BLVD 4100 BLK N & 41ST AVE W,1,1,0,0,1,4,,,35,0,0,0,0,0,2,2,14
,2015_07936,39.751249,-105.025139,12/13/2015 13:31,13:31,12,0,0,23RD AVE W & FEDERAL BLVD N,1,1,1,0,1,1,,,35,0,0,0,0,0,2,3,7
,2015_07985,0,0,4/19/2015 13:10,13:10,5,0,0,ELLSWORTH AVE W & NEWTON ST N,1,1,1,7,2,3,,,25,0,0,0,0,0,4,1,5
,2015_08153,0,0,8/11/2015 10:00,10:00,6,0,0,1ST AVE 600 BLK W & GALAPAGO ST N,1,1,0,7,1,4,,,25,0,0,0,0,0,4,2,16
,2015_08154,0,0,2/26/2015 8:40,8:40,15,0,0,1ST AVE 1900 BLK E & RACE ST N,4,1,0,7,1,4,,,30,0,0,0,0,0,4,2,16
,2015_08155,0,0,1/16/2015 13:53,13:53,15,0,0,1ST AVE 2700 BLK E & 3000 E 1ST,1,1,0,7,1,1,,,35,0,0,0,0,0,4,2,16
,2015_08156,0,0,2/17/2015 11:05,11:05,12,0,0,1ST AVE 2300 BLK E & UNIVERSITY BLVD N,1,5,0,7,1,3,,,30,0,0,0,0,0,4,2,1
,2015_08157,0,0,5/25/2015 1:39,1:39,6,0,0,5TH AVE W & YATES ST N,1,3,0,7,3,4,,,25,0,0,0,0,0,4,3,1
,2015_08159,0,0,6/17/2015 10:29,10:29,12,0,0,6TH AVE 5700 BLK E & IVY LN N,1,1,0,7,1,3,,,30,0,0,0,0,0,4,2,14
,2015_08160,0,0,1/26/2015 18:00,18:00,14,0,0,6TH AVE E & ST PAUL ST N,1,3,1,0,1,4,,,25,0,0,0,0,0,4,2,13
,2015_08161,0,0,6/25/2015 14:59,14:59,15,0,0,6TH AVE S FRONTAGE RD (NOT CDOT) & PERRY ST N,1,1,0,0,1,1,,,25,0,0,0,0,0,4,3,13
,2015_08162,0,0,3/14/2015 19:33,19:33,3,0,0,7TH AVE E & GRANT ST N,1,3,1,7,1,1,,,35,0,0,0,0,0,4,3,16
,2015_08163,0,0,3/13/2015 21:12,21:12,12,0,0,7TH AVE E & QUEBEC ST N,1,3,0,0,1,1,,,30,0,0,0,0,0,4,2,5
,2015_08164,0,0,1/30/2015 21:27,21:27,3,0,0,7TH AVE 2300 BLK E & YORK ST N,1,3,0,7,1,1,,,30,0,0,0,0,0,4,2,7
,2015_08165,0,0,6/18/2015 13:58,13:58,6,0,0,9TH AVE & 4500 BLK W,1,1,1,0,1,4,,,25,0,0,0,0,0,4,2,13
,2015_08166,0,0,9/4/2015 18:00,18:00,6,0,0,8TH AVE W & SANTA FE DR N,1,1,0,0,1,4,,,30,0,0,0,0,0,4,2,13