id,drcog_id,latitude,longitude,crashtime,time,crashtype,numbkilled,numbinjurd,drcoglocat,rdconditin,lightngcon,roadcntgrd,weatherco,location,roaddescrp,schoolzone,constrzone,splimit,bikeinv,pedinv,sctrinv,motoinv,svrty,rdsystem,ttlvehcls,hcf
,2015_08167,0,0,8/7/2015 13:40,13:40,14,0,0,8TH AVE W & NAVAJO ST N,1,1,2,0,1,4,,,45,0,0,0,0,0,4,3,1
,2015_08168,0,0,8/15/2015 14:30,14:30,2,0,0,10TH AVE 2900 BLK W & FEDERAL BLVD N,1,1,1,0,1,2,,,25,1,0,0,0,0,4,2,3
,2015_08169,0,0,5/16/2015 4:25,4:25,6,0,0,13TH AVE 3500 BLK W & LOWELL BLVD N,1,3,0,7,1,4,,,25,0,0,0,0,0,4,2,16
,2015_08170,0,0,8/18/2015 8:30,8:30,12,0,0,11TH AVE E & SYRACUSE ST N,1,1,0,0,1,1,,,30,0,0,0,0,0,4,2,14
,2015_08171,0,0,6/16/2015 10:20,10:20,6,0,0,29TH AVE 4000 BLK W & PERRY ST N,1,1,0,7,1,4,,,35,0,0,0,0,0,4,2,14
,2015_08172,0,0,7/20/2015 9:00,9:00,3,0,1,17TH AVE E & FILBERT CT N,1,1,0,7,1,1,,,5,0,0,0,1,2,4,2,16
,2015_08173,0,0,11/22/2015 14:34,14:34,6,0,0,17TH AVE 4500 BLK E & CLERMONT ST N,1,1,0,7,1,4,,,30,0,0,0,0,0,4,2,14
,2015_08174,0,0,10/22/2015 11:30,11:30,12,0,0,17TH AVE E & FRANKLIN ST,2,1,0,0,1,4,,,30,0,0,0,0,0,4,2,16
,2015_08175,0,0,8/10/2015 14:14,14:14,12,0,0,38TH AVE & 600 BLK W,1,1,1,7,1,4,,,30,0,0,0,0,0,4,2,16
,2015_08176,0,0,12/7/2015 8:20,8:20,12,0,0,38TH AVE W & IRVING ST N,1,1,0,0,1,1,,,30,0,0,0,0,0,4,3,13
,2015_08177,0,0,10/14/2015 16:48,16:48,3,0,0,38TH AVE W & TEJON ST N,1,1,1,0,1,1,,,30,0,0,0,0,0,4,2,13
,2015_08178,0,0,5/28/2015 6:00,6:00,12,0,0,45TH AVE 12000 BLK E & 45TH AVE E,1,1,0,7,1,2,,,25,0,0,0,0,1,4,2,3
,2015_08179,0,0,1/5/2015 8:56,8:56,5,0,0,45TH AVE 11500 BLK E & KINGSTON ST N,6,1,0,0,3,4,,,35,0,0,0,0,0,4,1,7
,2015_08180,0,0,2/25/2015 6:00,6:00,15,0,0,45TH AVE E & PEORIA ST N,1,1,0,0,1,1,,,30,0,0,0,0,0,4,2,13
,2015_08181,0,0,6/8/2015 11:31,11:31,3,0,0,47TH AVE E & PARIS ST N,1,1,1,0,1,1,,,25,0,0,0,0,0,4,2,7
,2015_08182,0,0,11/28/2015 22:30,22:30,6,0,0,42ND AVE 1100 BLK W & LIPAN ST N,4,3,1,2,1,4,,,25,0,0,0,0,0,4,2,13
,2015_08183,0,0,4/16/2015 7:52,7:52,1,0,0,56TH AVE E & PENA BLVD,2,1,1,2,1,4,,,40,0,0,0,0,1,4,2,8
,2015_08184,0,0,4/16/2015 8:15,8:15,12,0,0,56TH AVE E & PENA BLVD,6,1,0,2,1,3,,,40,0,0,0,0,0,4,2,16
,2015_08185,0,0,7/13/2015 17:50,17:50,14,0,0,56TH AVE 17100 BLK E & PENA BLVD,1,1,0,0,1,1,,,45,0,0,0,0,0,4,2,7
,2015_08186,0,0,7/22/2015 23:50,23:50,3,0,1,56TH AVE E & PENA BLVD N,1,3,0,7,1,1,,,45,0,0,0,0,2,4,2,5
,2015_08187,0,0,6/3/2015 15:07,15:07,3,0,0,ACOMA ST N & 2ND AVE W,1,5,0,7,1,1,,,25,0,0,0,0,0,4,2,3
,2015_08188,0,0,7/28/2015 15:07,15:07,15,0,0,ALAMEDA AVE & 1300 BLK E,1,1,0,7,1,5,,,30,0,0,0,1,0,4,2,16
,2015_08189,0,0,5/5/2015 8:55,8:55,1,0,0,ALAMEDA AVE E & CORONA ST S,1,1,0,7,1,1,,,30,0,0,0,0,0,4,2,16
,2015_08190,0,0,1/23/2015 14:20,14:20,1,0,0,ALAMEDA AVE E & DAYTON ST S,1,1,0,7,1,1,,,40,0,0,0,0,1,4,2,16
,2015_08191,0,0,7/4/2015 22:00,22:00,12,0,0,56TH AVE 18400 BLK E & TOWER RD N,1,3,0,0,1,4,,,40,0,0,0,0,0,4,2,14
,2015_08192,0,0,4/24/2015 20:37,20:37,1,0,0,ALAMEDA AVE W & SANTA FE DR S,1,3,1,0,1,1,,,35,0,0,0,0,0,4,2,13
,2015_08193,0,0,7/17/2015 9:24,9:24,12,0,0,ALAMEDA AVE E & WASHINGTON ST S,1,1,0,7,1,3,,,30,0,0,0,0,0,4,2,8
,2015_08194,0,0,5/13/2015 5:00,5:00,6,0,0,ALCOTT ST N & ELLSWORTH AVE W,1,3,0,7,1,4,,,25,0,0,0,0,0,4,3,2
,2015_08195,0,0,5/26/2015 15:52,15:52,3,0,0,AMHERST AVE E & MONACO PKWY,1,1,0,0,1,2,,,30,0,0,0,0,0,4,2,14
,2015_08196,0,0,7/28/2015 21:46,21:46,5,0,0,ARAPAHOE-LAWRENCE ST ALLEY & 22ND ST,1,3,0,0,1,5,,,,0,0,0,0,0,4,1,13
,2015_08197,0,0,3/10/2015 7:58,7:58,15,0,0,BROADWAY ST 1200 BLK N & 12TH AVE W,1,1,0,7,1,4,,,35,0,0,0,0,0,4,2,8
,2015_08198,0,0,1/14/2015 14:59,14:59,12,0,0,BROADWAY ST 200 BLK S & ALAMEDA AVE E,1,1,0,7,1,4,,,35,0,0,0,0,0,4,2,3
,2015_08199,0,0,7/2/2015 17:39,17:39,12,0,0,BROADWAY ST S & ELLSWORTH AVE E,1,1,0,7,1,1,,,30,0,0,0,0,0,4,2,16
,2015_08200,0,0,2/14/2015 6:32,6:32,3,0,1,BROADWAY ST S & TENNESSEE AVE E,1,1,0,0,1,1,,,25,0,0,0,0,2,4,1,7
,2015_08201,0,0,4/13/2015 16:32,16:32,6,0,0,BROADWAY ST 2500 BLK S & VASSAR AVE E,1,1,0,7,1,4,,,30,0,0,0,0,0,4,2,16
,2015_08202,0,0,5/28/2015 19:00,19:00,6,0,0,BROOK DR 2700 BLK S & YALE AVE E,2,1,1,1,1,4,,,30,0,0,0,0,0,4,2,16
,2015_08203,0,0,7/17/2015 18:20,18:20,1,0,0,BYRON PL W & OAK ST,1,1,0,0,1,2,,,20,0,0,0,0,0,4,3,7
,2015_08204,0,0,4/18/2015 0:08,0:08,12,0,0,CALIFORNIA ST 1600 BLK & 16TH ST,1,3,0,7,1,4,,,25,0,0,0,0,1,4,2,5
,2015_08205,0,0,1/22/2015 8:31,8:31,3,0,0,CEDAR AVE E & LOGAN ST S,5,1,0,0,1,1,,,25,0,0,0,0,0,4,2,13
,2015_08206,0,0,4/28/2015 11:25,11:25,3,0,1,CEDAR AVE E & LOGAN ST S,1,1,0,7,1,1,,,25,0,0,0,0,2,4,2,16
,2015_08207,0,0,1/7/2015 20:24,20:24,5,0,0,CENTRAL PARK & 2500 N,8,3,0,0,3,4,,,30,0,0,0,0,0,4,1,5
,2015_08208,0,0,5/1/2015 16:28,16:28,12,0,0,CENTRAL PARK BLVD 3400 BLK N & 35TH AVE E,1,1,0,7,1,3,,,30,0,0,0,0,0,4,4,14
,2015_08209,0,0,3/9/2015 5:43,5:43,12,0,0,CHAMBERS RD 4600 BLK N & 46TH AVE E,1,3,0,7,1,3,,,40,0,0,0,0,0,4,3,16
,2015_08210,0,0,9/3/2015 23:31,23:31,5,0,0,BRYANT ST N & 860,1,3,0,0,4,4,,,25,0,0,0,0,0,4,1,5
,2015_08211,0,0,2/4/2015 7:00,7:00,14,0,0,CHAMBERS RD N & GATEWAY AVE E,4,1,0,2,1,1,,,40,0,0,0,0,0,4,2,13
,2015_08212,0,0,11/16/2015 23:30,23:30,6,0,0,DEXTER ST 800 BLK S & CHERRY CREEK DR S E,6,3,0,2,1,4,,,25,0,0,0,0,0,4,2,14
,2015_08213,0,0,4/15/2015 19:03,19:03,3,0,0,DOWNING ST S & EVANS AVE E,3,5,1,0,1,2,,,15,0,0,0,0,0,4,2,3
,2015_08214,0,0,4/24/2015 22:45,22:45,15,0,0,DTC BLVD S & BELLEVIEW AVE E,1,3,0,7,1,3,,,40,0,0,0,0,0,4,2,7
,2015_08215,0,0,2/24/2015 18:45,18:45,6,0,0,ELM ST & 3041 BLK N,1,3,0,0,1,4,,,25,0,0,0,0,0,4,2,14
,2015_08216,0,0,6/12/2015 23:21,23:21,5,0,0,EVANS AVE & 5200 BLK E,1,3,0,0,3,4,,,35,0,0,0,0,1,4,1,1
,2015_08217,0,0,1/19/2015 11:45,11:45,12,0,0,EVANS AVE W & CLAY ST S,1,1,0,7,1,3,,,35,0,0,0,0,0,4,2,1
,2015_08218,0,0,5/2/2015 10:40,10:40,6,0,0,GIRARD AVE 8000 BLK E & TYKANE CT S,1,1,0,7,1,2,,,5,0,0,0,0,0,4,2,16
,2015_08219,0,0,2/5/2015 22:21,22:21,12,0,0,GRANT ST 1000 N & 10TH AVE E,1,3,0,7,1,4,,,30,0,0,0,0,1,4,2,5
,2015_08220,0,0,6/25/2015 7:00,7:00,15,0,0,GRANT ST 1200 BLK N & 12TH AVE E,1,1,0,0,1,4,,,30,0,0,0,0,0,4,2,13
,2015_08222,0,0,3/26/2015 15:45,15:45,12,0,0,GVR BLVD E & N WALDEN ST,1,1,0,7,1,1,,,40,0,0,0,0,0,4,3,16
,2015_08223,0,0,5/7/2015 15:25,15:25,3,0,0,HAVANA ST N & 54TH AVE E,1,1,0,0,1,1,,,35,0,0,0,0,0,4,2,13
,2015_08224,0,0,6/8/2015 4:50,4:50,5,0,0,HAZEL CT & 620,1,4,0,0,2,5,,,10,0,0,0,0,0,4,1,13
,2015_08225,0,0,5/2/2015 17:30,17:30,3,0,0,HOLLY ST N & 6TH AVE E,1,1,0,0,1,3,,,25,0,0,0,0,1,4,2,3
,2015_08226,0,0,10/30/2015 12:41,12:41,5,0,0,HARRISON ST & 3430 N,1,1,0,0,3,4,,,25,0,0,0,0,0,4,1,3
,2015_08227,0,0,6/5/2015 14:48,14:48,12,0,0,IOWA AVE W & BROADWAY ST S,1,1,1,7,1,4,,,30,0,0,0,0,0,4,3,3
,2015_08228,0,0,10/8/2015 2:30,2:30,6,0,0,IRVING ST N & 25TH AVE W,1,3,0,7,1,4,,,25,0,0,0,0,0,4,3,5
,2015_08229,0,0,6/10/2015 21:20,21:20,3,0,0,KENTUCKY AVE W & LOWELL BLVD S,1,3,0,7,1,1,,,30,0,0,0,0,0,4,2,3
,2015_08230,0,0,6/13/2015 18:13,18:13,6,0,0,STEELE ST S & IOWA AVE E,1,1,0,7,1,4,,,25,0,0,0,0,0,4,2,3
,2015_08231,0,0,5/1/2015 21:00,21:00,14,0,0,KENTUCKY AVE W & MORRISON RD,1,3,0,7,1,1,,,30,0,0,0,0,0,4,2,1
,2015_08232,0,0,6/27/2015 10:37,10:37,12,0,0,KIRK ST N & 4810,1,1,0,0,1,2,,,25,0,0,0,0,0,4,2,13
,2015_08233,0,0,2/21/2015 16:09,16:09,15,0,0,LOGAN ST 900 BLK N & 10TH AVE E,5,1,0,2,1,4,,,25,0,0,0,0,0,4,2,7
,2015_08234,0,0,6/19/2015 9:01,9:01,15,0,0,LOGAN ST & 20TH AVE E,1,1,0,0,1,1,,,30,0,0,0,0,0,4,2,13
,2015_08235,0,0,7/8/2015 17:12,17:12,12,0,0,LOGAN ST 400 BLK S & DAKOTA AVE E,1,1,0,7,1,4,,,30,0,0,0,0,0,4,2,16
,2015_08236,0,0,10/31/2015 0:35,0:35,12,0,0,LAFAYETTE ST 1200 BLK N & 13TH AVE E,1,4,0,0,1,4,,,25,0,0,0,0,0,4,2,5
,2015_08237,0,0,2/27/2015 12:25,12:25,12,0,0,MARKET ST & 16TH ST,5,1,0,7,1,1,,,25,0,0,0,0,1,4,2,16
,2015_08238,0,0,4/15/2015 12:30,12:30,15,0,0,MAXWELL PL 15100 E & GRANBY ST,1,1,0,0,1,4,,,25,0,0,0,0,0,4,2,13
,2015_08239,0,0,4/10/2015 19:12,19:12,3,0,2,MISSISSIPPI AVE W & DALE CT S,1,1,0,7,1,1,,,35,0,0,0,0,2,4,3,7
,2015_08240,0,0,7/5/2015 4:20,4:20,15,0,0,MISSISSIPPI AVE W & FEDERAL BLVD S,1,2,0,7,1,4,,,35,0,0,0,0,0,4,2,16
,2015_08241,0,0,3/16/2015 12:33,12:33,12,0,0,MISSISSIPPI AVE 1000 BLK W & SANTA FE DR S,1,1,0,7,1,3,,,30,0,0,0,0,0,4,2,3
,2015_08242,0,0,11/9/2015 2:12,2:12,5,0,0,MISSISSIPPI AVE E & PARKER RD S,1,3,0,0,2,4,,,35,0,0,0,0,0,4,1,5
,2015_08243,0,0,2/2/2015 11:44,11:44,12,0,0,MLK BLVD E & MONACO ST N,2,1,0,7,1,3,,,35,0,0,0,0,0,4,2,7
,2015_08244,0,0,5/11/2015 15:05,15:05,3,0,0,MLK BLVD E & QUEBEC ST N,1,1,0,0,1,1,,,35,0,0,0,0,0,4,2,14
,2015_08245,0,0,4/1/2015 10:50,10:50,3,0,0,MLK BLVDE & QUEBEC ST N,1,1,0,0,1,1,,,40,0,0,0,0,1,4,3,13
,2015_08246,0,0,5/28/2015 8:32,8:32,15,0,0,MONACO PKWY & 1600 BLK N,1,1,0,0,1,4,,,30,0,0,0,0,0,4,2,7
,2015_08247,0,0,2/4/2015 7:17,7:17,12,0,0,MONACO ST 300 BLK N & 4TH AVE E,5,1,0,2,1,3,,,30,0,0,0,0,0,4,2,16
,2015_08249,0,0,3/8/2015 12:47,12:47,15,0,0,MONACO ST 700 BLK S & LEETSDALE DR,1,1,0,7,1,4,,,30,0,0,0,0,0,4,2,16
,2015_08250,0,0,5/24/2015 2:45,2:45,12,0,0,MORRISON RD & KENTUCKY AVE W,1,3,0,7,1,4,,,30,0,0,0,0,0,4,2,5
,2015_08251,0,0,1/2/2015 17:30,17:30,12,0,0,MORRISON RD & S MEADE ST,2,3,1,7,1,4,,,35,0,0,0,0,0,4,2,3
,2015_08252,0,0,7/3/2015 5:53,5:53,6,0,0,NEWTON ST & 139 S,1,2,0,7,3,4,,,25,0,0,0,0,0,4,2,4
,2015_08253,0,0,1/14/2015 9:10,9:10,12,0,0,PARK AVE W & GLOBEVILLE RD N,2,1,0,7,1,3,,,30,0,0,0,0,0,4,2,16
,2015_08254,0,0,6/3/2015 17:12,17:12,12,0,0,PARK AVE W & WAZEE ST,2,1,0,1,1,1,,,30,0,0,0,0,0,4,2,16
,2015_08255,0,0,2/1/2015 3:00,3:00,3,0,0,PARK AVE W & WELTON ST,4,3,0,2,1,1,,,35,0,0,0,0,0,4,2,14
,2015_08256,0,0,11/15/2015 2:09,2:09,5,0,0,PARK AVE W & GLOBEVILLE RD N,1,3,2,0,3,4,,,35,0,0,0,0,1,4,1,5
,2015_08257,0,0,9/15/2015 18:26,18:26,2,0,1,PEARL ST N & 7TH AVE E,1,1,1,0,1,1,,,25,1,0,0,0,2,4,2,3
,2015_08258,0,0,8/3/2015 17:32,17:32,1,0,1,PEORIA ST N & 44TH AVE E,1,1,1,7,1,1,,,40,0,0,0,0,2,4,2,16
,2015_08259,0,0,5/7/2015 12:49,12:49,6,0,0,PERRY ST 3700 BLK N & 38TH AVE W,1,1,0,7,1,4,,,30,0,0,0,0,0,4,2,14
,2015_08260,0,0,5/8/2015 16:27,16:27,1,0,0,PEORIA ST N & 46TH AVE E,2,1,0,1,1,1,,,35,0,0,0,0,0,4,2,16
,2015_08261,0,0,5/12/2015 17:44,17:44,11,0,1,PEORIA ST 4700 BLK N & 47TH AVE E,1,1,0,0,1,4,,,,0,1,0,0,2,4,2,13
,2015_08262,0,0,4/29/2015 12:35,12:35,5,0,0,QUINCY AVE & 6100 BLK W,1,1,0,0,2,2,,,10,0,0,0,0,0,4,1,7
,2015_08263,0,0,2/25/2015 17:40,17:40,3,0,0,QUINCY AVE W & PIERCE ST S,4,3,0,2,1,1,,,25,0,0,0,0,0,4,2,7
,2015_08264,0,0,1/7/2015 10:05,10:05,3,0,0,QUIVAS ST S & TENNESSEE AVE W,5,1,0,2,1,1,,,25,0,0,0,0,0,4,2,7
,2015_08265,0,0,1/10/2015 16:16,16:16,10,0,0,17TH ST & BLAKE ST,1,1,0,0,1,1,,,25,0,0,0,0,0,4,2,13
,2015_08266,0,0,5/20/2015 17:27,17:27,10,0,0,17TH ST & GLENARM PL,1,1,0,0,1,1,,,25,0,0,0,0,0,4,2,7
,2015_08267,0,0,12/9/2015 11:18,11:18,15,0,0,17TH ST & LARIMER ST,1,1,1,0,1,1,,,30,0,0,0,0,0,4,2,13
,2015_08268,0,0,3/18/2015 1:55,1:55,11,0,1,20TH ST & BLAKE ST,1,3,0,0,1,3,,,25,0,1,0,0,3,4,2,13
,2015_08269,0,0,8/8/2015 22:54,22:54,12,0,0,20TH ST & LITTLE RAVEN ST,1,3,1,7,1,3,,,30,0,0,0,0,0,4,3,1
,2015_08270,0,0,7/10/2015 13:24,13:24,10,0,0,SANTA FE DR & 300 BLK S,1,1,0,0,1,3,,,25,0,0,0,0,0,4,2,13
,2015_08271,0,0,1/20/2015 12:30,12:30,12,0,0,SPEER BLVD & 8TH AVE,1,1,0,7,1,1,,,35,0,0,0,0,0,4,3,16
,2015_08272,0,0,3/22/2015 15:28,15:28,3,0,0,SPEER BLVD N & 8TH AVE W,1,1,0,7,1,1,,,35,0,0,0,0,0,4,2,3
,2015_08273,0,0,7/21/2015 10:00,10:00,12,0,0,SPEER BLVD 700 BLK & 8TH AVE W,1,1,0,7,1,3,,,30,0,0,0,0,0,4,2,16
,2015_08274,0,0,6/3/2015 16:24,16:24,12,0,0,STAPLETON DR 4400 BLK & DAHLIA ST N,1,1,0,7,1,4,,,30,0,0,0,0,0,4,2,16
,2015_08275,0,0,5/5/2015 17:12,17:12,12,0,0,STEELE ST S & BAYAUD AVE E,2,1,0,1,1,3,,,25,0,0,0,0,0,4,2,3
,2015_08276,0,0,8/11/2015 8:35,8:35,1,0,0,STEELE ST N & ELLSWORTH AVE E,1,1,0,0,1,1,,,30,0,0,0,0,0,4,2,13
,2015_08277,0,0,12/28/2015 1:55,1:55,6,0,0,STOUT ST 2400 BLK S & 24TH ST,5,4,0,7,1,4,,,20,0,0,0,0,0,4,5,5
,2015_08279,0,0,6/13/2015 2:05,2:05,12,0,0,STOUT ST & 20TH ST,1,3,0,7,1,1,,,35,0,0,0,0,0,4,2,5
,2015_08280,0,0,6/6/2015 17:20,17:20,5,0,0,STUART ST N & 800 BLK,1,1,0,0,2,4,,,25,0,0,0,0,0,4,1,14
,2015_08281,0,0,3/8/2015 16:25,16:25,6,0,0,STUART ST & 3834 N,1,1,0,0,1,4,,,25,0,0,0,0,0,4,2,14
,2015_08282,0,0,3/15/2015 19:45,19:45,12,0,0,STUART ST S & VIRGINIA AVE W,1,3,0,7,1,1,,,25,0,0,0,0,0,4,2,5
,2015_08283,0,0,1/9/2015 7:40,7:40,14,0,0,TELLURIDE ST N & GVR BLVD,5,1,1,0,1,1,,,25,0,0,0,0,1,4,3,2
,2015_08284,0,0,1/21/2015 10:45,10:45,6,0,0,TENNESSEE AVE 2100 BLK E & VINE ST S,4,1,0,2,1,4,,,25,0,0,0,0,0,4,2,1
,2015_08285,0,0,1/7/2015 7:51,7:51,12,0,0,TOWER RD N & 45TH AVE E,5,1,1,2,1,4,,,40,0,0,0,0,0,4,2,16
,2015_08286,0,0,8/12/2015 9:05,9:05,15,0,0,UNIVERISTY BLVD 000 BLK S & 1ST AVE E,1,1,0,7,1,4,,,30,0,0,0,0,0,4,2,16
,2015_08287,0,0,12/17/2015 11:16,11:16,6,0,0,TENNYSON ST & 3500 BLK N,4,1,1,7,1,4,,,30,0,0,0,0,0,4,2,16
,2015_08288,0,0,8/29/2015 10:15,10:15,6,0,0,UNIVERSITY BLVD & 201 N,1,1,0,7,1,4,,,25,0,0,0,0,0,4,2,16
,2015_08289,0,0,6/26/2015 7:18,7:18,12,0,0,YALE AVE E & QUEBEC ST S,1,1,0,7,1,1,,,30,0,0,0,0,0,4,2,16
,2015_08290,0,0,6/2/2015 7:40,7:40,12,0,0,YOSEMITE ST S & MANSFIELD AVE E,1,1,1,7,1,1,,,35,0,0,0,0,0,4,2,3
,2015_08291,0,0,7/21/2015 8:30,8:30,6,0,0,YOSEMITE ST 4900 BLK N & NORTHFIELD BLVD E,1,1,0,7,1,5,,,25,0,0,0,0,0,4,2,16
,2015_08292,0,0,11/20/2015 21:24,21:24,5,0,0,WOLCOTT CT S & 1903,4,3,0,2,3,4,,,30,0,0,0,0,0,4,1,13
,2015_08293,0,0,8/23/2015 20:00,20:00,6,0,0,YUMA ST 200 BLK S & ALAMEDA AVE,1,3,0,0,1,4,,,25,0,0,0,0,0,4,2,13
,2015_08294,0,0,4/7/2015 7:45,7:45,12,0,0,ZUNI ST SB 4400 BLK N & 44TH AVE W,1,1,0,7,1,4,,,30,0,0,0,0,0,4,2,14
,2015_08295,0,0,4/21/2015 7:59,7:59,10,0,0,ZUNI ST S & AMHERST AVE W,1,1,0,0,1,1,,,30,0,0,0,0,0,4,2,8
,2015_08400,39.691076,-104.94055,4/2/2015 12:17,12:17,12,0,0,COLORADO BLVD S & ARKANSAS AVE E,1,1,0,0,1,1,,,35,0,0,0,0,0,2,2,3
,2015_08401,39.692997,-104.94055,4/6/2015 20:34,20:34,12,0,0,COLORADO BLVD S & LOUISIANA AVE E,1,3,0,0,1,1,,,35,0,0,0,0,0,2,2,4
,2015_08402,39.652949,-104.940686,7/12/2015 8:23,8:23,12,0,0,HAMPDEN AVE E & COLORADO BLVD S,1,1,0,0,1,4,,,40,0,0,0,0,0,2,2,13
,2015_08403,39.71797,-104.940628,3/24/2015 12:04,12:04,12,0,0,COLORADO BLVD 100 BLK N & 1ST AVE E,1,1,0,0,1,3,,,35,0,0,0,0,0,2,2,12
,2015_08404,39.720767,-104.940629,4/9/2015 17:30,17:30,12,0,0,COLORADO BLVD 200 BLK N & 3RD AVE E,1,1,0,0,1,4,,,30,0,0,0,0,0,2,3,13
,2015_08405,39.725476,-104.940629,3/14/2015 12:39,12:39,12,0,0,COLORADO BLVD N & 6TH AVE E,1,1,0,0,1,4,,,35,0,0,0,0,0,2,2,3
,2015_08406,39.728577,-104.940626,2/1/2015 16:00,16:00,12,0,0,COLORADO BLVD N & 8TH AVE E,2,1,0,0,1,2,,,40,0,0,0,0,0,2,2,13
,2015_08407,39.734542,-104.940619,4/11/2015 11:01,11:01,12,0,0,COLORADO BLVD & 1100 BLK S,1,1,0,0,1,3,,,35,0,0,0,0,0,2,3,13
,2015_08409,39.74372,-104.940608,4/7/2015 17:43,17:43,12,0,0,17TH AVE E & COLORADO BLVD N,1,1,0,0,1,3,,,30,0,0,0,0,0,2,2,13
,2015_08410,39.741505,-104.94061,10/13/2015 21:09,21:09,12,0,0,COLORADO BLVD N & 16TH AVE E,1,3,0,0,1,4,,,40,0,0,0,0,0,2,2,14
,2015_08411,39.761878,-104.940511,3/13/2015 7:00,7:00,11,1,0,COLORADO BLVD N & MARTIN LUTHER KING BLVD,1,2,0,0,1,1,,,,0,1,0,0,4,2,2,13
,2015_08412,39.761878,-104.940511,10/13/2015 6:55,6:55,12,0,0,MARTIN LUTHER KING JR BLV & COLORADO BLVD N,1,1,0,0,1,1,,,30,0,0,0,0,0,2,2,13
,2015_08414,39.783831,-104.940459,5/29/2015 3:40,3:40,1,0,0,48TH AVE E & COLORADO BLVD N,1,3,0,0,1,1,,,35,0,0,0,0,0,2,2,7
,2015_08415,39.787315,-104.940409,2/9/2015 16:02,16:02,3,0,0,50TH AVE E & COLORADO BLVD N,1,1,0,0,1,1,,,35,0,0,0,0,0,2,2,13
,2015_08424,39.725457,-105.032462,10/16/2015 22:23,22:23,12,0,0,6TH AVE FRONTAGE RD S & KNOX CT,1,3,0,0,1,2,,,25,0,0,0,0,0,4,2,3
,2015_08425,39.725205,-105.018063,5/25/2015 19:42,19:42,15,0,0,6TH AVE & I-25,2,1,0,0,1,4,,,45,0,0,0,0,0,2,2,14
,2015_08458,39.645428,-104.913861,6/15/2015 12:59,12:59,12,0,0,I-25 & QUINCY AVE E,1,1,0,0,1,4,,,65,0,0,0,0,1,1,4,4
,2015_08459,39.66762,-104.92561,1/28/2015 15:45,15:45,12,0,0,I-25 & YALE AVE E,1,1,0,0,1,4,,,65,0,0,0,0,0,1,2,3
,2015_08460,39.681941,-104.937425,4/14/2015 8:44,8:44,12,0,0,I-25 & JEWELL AVE E,1,1,0,0,1,4,,,60,0,0,0,0,0,1,2,3
,2015_08461,39.683352,-104.941539,3/16/2015 17:02,17:02,12,0,0,I-25 SB ON LOOP RAMP MERGE & COLORADO BLVD S,1,1,0,0,1,8,,,40,0,0,0,0,0,1,2,13
,2015_08462,39.684802,-104.948515,6/16/2015 16:19,16:19,12,0,0,I-25 & MM 204,1,1,0,0,1,4,,,60,0,0,0,0,0,1,3,13
,2015_08463,39.68492,-104.959513,6/2/2015 19:00,19:00,12,0,0,I-25 & UNIVSERSITY BLVD S,1,1,1,0,1,4,,,60,0,0,0,0,0,1,2,3
,2015_08464,39.68492,-104.959513,1/22/2015 14:45,14:45,12,0,0,I-25 & UNIVERSITY BLVD S,1,1,0,0,1,8,,,55,0,0,0,0,0,1,2,13
,2015_08465,39.688715,-104.97074,5/27/2015 9:03,9:03,12,0,0,I-25 & MM 205,1,1,0,0,1,4,,,55,0,0,0,0,0,1,2,13
,2015_08466,39.72543,-105.013021,3/6/2015 4:33,4:33,12,0,0,I-25 & 6TH AVE W,1,3,0,0,1,4,,,55,0,0,0,0,0,1,4,13
,2015_08467,39.727246,-105.014051,7/13/2015 10:45,10:45,9,0,0,I-25  (MM APPROX) & 7TH AVE W (NOT IN TCORIS),1,1,1,0,2,4,,,55,0,0,0,0,0,1,2,13
,2015_08468,39.72543,-105.013021,9/21/2015 16:11,16:11,15,0,0,I-25 & 6TH AVE W,1,1,0,0,1,4,,,55,0,0,0,0,0,1,3,16
,2015_08469,39.74035,-105.013939,3/6/2015 5:26,5:26,12,0,1,I-25 & COLFAX AVE W,1,2,0,0,1,4,,,55,0,0,0,0,2,1,4,14
,2015_08470,39.751291,-105.016572,1/12/2015 17:26,17:26,12,0,0,I-25 & 23RD AVE W,2,2,0,4,1,4,,,55,0,0,0,0,0,1,2,13
,2015_08481,39.711126,-105.015723,3/3/2015 12:10,12:10,12,0,0,ALAMEDA AVE W & ZUNI ST S,1,1,1,0,1,3,,,35,0,0,0,0,0,2,2,4
,2015_08500,39.711141,-105.019043,12/28/2015 2:29,2:29,12,0,0,ALAMEDA AVE W & CANOSA CT S,1,3,0,0,1,4,,,35,0,0,0,0,0,2,3,13
,2015_08501,39.711094,-105.029897,7/24/2015 5:30,5:30,3,0,0,ALAMEDA AVE W & IRVING ST S,1,1,1,0,1,1,,,25,0,0,0,0,0,2,2,13
,2015_08502,39.711094,-105.029679,2/18/2015 7:30,7:30,12,0,0,ALAMEDA AVE W & IRVING ST S,1,1,0,0,1,1,,,30,0,0,0,0,1,2,2,14
,2015_08503,39.711092,-105.02769,7/16/2015 8:37,8:37,12,0,0,ALAMEDA AVE W & HAZEL CT S,1,1,0,0,1,4,,,35,0,0,0,0,0,2,2,13
,2015_08504,39.711077,-105.025062,7/10/2015 8:07,8:07,3,0,0,FEDERAL BLVD S & ALAMEDA AVE W,1,1,0,0,1,1,,,35,0,0,0,0,0,2,2,13
,2015_08506,39.711133,-105.016823,9/5/2015 4:10,4:10,11,0,1,ALAMEDA AVE W & ALCOTT ST S,1,3,0,0,1,1,,,35,0,1,0,0,2,2,2,13
,2015_08507,39.653077,-104.898688,6/6/2015 16:43,16:43,2,0,0,HAMPDEN AVE E & TAMARAC DR S,1,1,0,0,1,1,,,35,1,0,0,0,1,2,2,3
,2015_08508,39.653025,-104.88149,7/15/2015 13:52,13:52,15,0,0,HAMPDEN AVE 9200 BLK E & AKRON ST S,1,1,0,0,1,4,,,45,0,0,0,0,0,2,2,13