id,drcog_id,latitude,longitude,crashtime,time,crashtype,numbkilled,numbinjurd,drcoglocat,rdconditin,lightngcon,roadcntgrd,weatherco,location,roaddescrp,schoolzone,constrzone,splimit,bikeinv,pedinv,sctrinv,motoinv,svrty,rdsystem,ttlvehcls,hcf
,2015_08509,39.653094,-104.912878,10/2/2015 16:41,16:41,12,0,0,HAMPDEN AVE 6600 BLK E & MONACO PKWY S,1,1,0,0,1,1,,,40,0,0,0,0,0,2,2,13
,2015_08540,39.74034,-105.041735,11/2/2015 15:53,15:53,5,0,0,COLFAX AVE W & RALEIGH ST N,1,1,1,0,3,1,,,30,0,0,0,0,0,2,1,5
,2015_08542,39.740002,-104.987332,12/16/2015 18:18,18:18,12,0,0,COLFAX AVE E & BROADWAY N,1,2,0,0,1,1,,,35,0,0,0,0,0,2,2,13
,2015_08543,39.740003,-104.967211,7/1/2015 14:05,14:05,12,0,0,COLFAX AVE & 1700 BLK E,1,1,0,0,1,4,,,30,0,0,0,0,1,2,2,13
,2015_08544,39.74,-104.966638,4/2/2015 13:49,13:49,6,0,0,COLFAX AVE & 1717 BLK E,1,1,0,0,1,4,,,35,0,0,0,0,0,2,2,7
,2015_08545,39.739992,-104.964939,1/26/2015 12:35,12:35,6,0,0,COLFAX AVE 1800 BLK E & HIGH ST N,1,1,0,0,1,4,,,30,0,0,0,0,0,2,2,13
,2015_08546,39.73998,-104.962295,1/28/2015 12:57,12:57,12,0,0,COLFAX AVE E & VINE ST N,1,1,1,0,1,3,,,30,0,0,0,0,0,2,2,13
,2015_08547,39.739979,-104.962109,6/19/2015 17:28,17:28,12,0,0,COLFAX AVE E & VINE ST N,1,1,0,0,1,4,,,30,0,0,0,0,0,2,2,13
,2015_08548,39.739974,-104.960819,3/6/2015 23:35,23:35,12,0,0,COLFAX AVE 2200 BLK E & GAYLORD ST N,1,3,0,0,1,3,,,30,0,0,0,0,1,2,2,8
,2015_08554,39.740086,-104.88924,11/21/2015 1:44,1:44,6,0,0,COLFAX AVE E & WABASH ST N,5,3,0,2,1,4,,,30,0,0,0,0,0,2,3,16
,2015_08559,39.780052,-104.989434,2/16/2015 17:11,17:11,15,0,0,I-70 & I-25,5,2,0,2,1,4,,,55,0,0,0,0,0,1,2,13
,2015_08560,39.779435,-104.979009,8/24/2015 18:51,18:51,15,0,0,I-70 & WASHINGTON ST N,1,1,0,0,1,4,,,55,0,0,0,0,0,1,2,14
,2015_08561,39.779888,-104.98828,3/28/2015 6:16,6:16,5,0,0,I-70 & I-70,1,2,1,0,3,4,,,5,0,0,0,0,1,1,1,3
,2015_08562,39.779895,-104.967089,6/2/2015 8:20,8:20,12,0,0,I-70 & BRIGHTON BLVD N,1,1,0,0,1,4,,,55,0,0,0,0,0,1,2,13
,2015_08563,39.779911,-104.96676,1/9/2015 18:23,18:23,12,0,0,I-70 EB ON RAMP & BRIGHTON BLVD N,2,2,1,0,1,8,,,35,0,0,0,0,0,1,2,12
,2015_08564,39.780014,-104.959201,7/15/2015 14:17,14:17,1,0,0,YORK ST 4600 BLK N & 46TH AVE E,1,1,0,0,1,1,,,30,0,0,0,0,0,4,2,7
,2015_08565,39.780015,-104.957296,4/18/2015 23:45,23:45,5,0,0,46TH AVE E & COLUMBINE ST N,1,3,0,0,2,1,,,30,0,0,0,0,0,4,1,1
,2015_08566,39.780014,-104.959201,10/1/2015 6:15,6:15,12,0,0,I-70 & YORK ST N,1,1,0,0,1,4,,,55,0,0,0,0,0,1,2,1
,2015_08567,39.779944,-104.940633,6/17/2015 7:32,7:32,12,0,0,I-70 & COLORADO BLVD N,1,1,0,0,1,4,,,55,0,0,0,0,0,1,2,13
,2015_08568,39.780031,-104.93177,3/20/2015 9:27,9:27,12,0,0,I-70 & DAHLIA ST N,1,1,1,0,1,4,,,55,0,0,0,0,0,1,2,13
,2015_08569,39.778276,-104.918016,2/13/2015 13:14,13:14,12,0,0,I-70 WB & KEARNEY ST OFFSET REF,1,1,0,0,1,4,,,55,0,0,0,0,0,1,2,13
,2015_08570,39.778287,-104.912805,1/21/2015 17:22,17:22,12,0,0,I-70 & MONACO ST N,2,3,0,2,1,4,,,55,0,0,0,0,0,1,3,13
,2015_08571,39.778287,-104.912805,1/26/2015 12:02,12:02,15,0,0,I-70 & MONACO ST N,1,1,0,0,1,4,,,55,0,0,0,0,0,1,2,1
,2015_08572,39.7783,-104.90327,6/26/2015 11:28,11:28,12,0,0,I-70 EB ON RAMP & QUEBEC ST,1,1,0,0,1,8,,,45,0,0,0,0,0,1,2,1
,2015_08573,0,0,4/12/2015 18:30,18:30,6,0,0,37TH PL & 4600 BLK W,1,1,1,0,1,4,,,25,0,0,0,0,0,4,2,13
,2015_08574,39.774021,-104.847216,7/28/2015 8:47,8:47,12,0,0,I-70 EB OFF RAMP & PEORIA ST,1,1,0,0,1,8,,,40,0,0,0,0,0,1,2,7
,2015_08575,39.773941,-104.846288,6/15/2015 0:53,0:53,12,0,0,I-70 & PEORIA ST,1,3,1,0,1,4,,,55,0,0,0,0,0,1,2,13
,2015_08576,39.77299,-104.835216,4/19/2015 15:38,15:38,12,0,0,I-70 WB LOOP ON RAMP FROM I-225 NB & OFF RAMP TO PEORIA,1,1,1,0,1,8,,,55,0,0,0,0,0,1,2,14
,2015_08616,39.687549,-104.99194,5/30/2015 10:00,10:00,15,0,0,SANTA FE DR S & IOWA AVE W,1,1,0,0,1,1,,,40,0,0,0,0,0,2,2,13
,2015_08617,39.689542,-104.992096,1/13/2015 14:25,14:25,15,0,0,SANTA FE DR 1400 BLK S & FLORIDA AVE W,1,1,0,0,1,4,,,45,0,0,0,0,0,2,2,3
,2015_08618,39.689738,-104.992134,1/7/2015 12:39,12:39,12,0,0,SANTA FE DR 1400 S & FLORIDA AVE W,2,1,0,0,1,4,,,45,0,0,0,0,1,2,2,3
,2015_08619,39.696696,-104.991872,3/28/2015 20:08,20:08,15,0,0,SANTA FE DR S & MISSISSIPPI AVE W,1,3,0,0,1,4,,,35,0,0,0,0,0,2,2,13
,2015_08626,39.772893,-104.834092,1/17/2015 1:11,1:11,15,0,0,I-70 & I-225,1,3,0,0,1,4,,,60,0,0,0,0,0,1,2,14
,2015_08633,39.68212,-105.025017,10/2/2015 16:05,16:05,1,0,0,FEDERAL BLVD & 1900 BLK S,1,1,0,0,1,2,,,40,0,0,0,0,0,2,2,13
,2015_08647,39.743966,-105.053226,7/2/2015 12:34,12:34,3,0,0,SHERIDAN BLVD N & 17TH AVE W,1,1,1,0,1,1,,,35,0,0,0,0,0,2,2,13
,2015_08667,39.635523,-104.89346,3/18/2015 14:03,14:03,1,0,0,TAMARAC ST S & I-225 NB RAMPS,1,1,0,0,1,1,,,30,0,0,0,0,0,1,3,3
,2015_08669,39.635523,-104.89346,11/19/2015 21:30,21:30,3,0,0,TAMARAC ST S & I-225 WB RAMPS,1,3,0,0,1,1,,,35,0,0,0,0,0,1,2,13
,2015_08684,39.781002,-104.966722,4/16/2015 17:29,17:29,15,0,0,BRIGHTON BLVD N & 46TH AVE E,2,1,0,1,1,3,,,30,0,0,0,0,0,2,3,13
,2015_08705,39.652993,-104.926299,5/8/2015 7:30,7:30,12,0,0,HAMPDEN AVE 5200 BLK E & GLENCOE ST S,2,1,0,1,1,3,,,45,0,0,0,0,0,2,2,13
,2015_08707,39.763205,-105.025164,6/25/2015 17:15,17:15,12,0,0,FEDERAL BLVD N & HIGHLAND PARK PL W,1,1,0,0,1,4,,,35,0,0,0,0,0,2,2,13
,2015_08708,39.769244,-105.025232,4/15/2015 9:13,9:13,12,0,0,FEDERAL BLVD 3800 BLK N & DENVER PL W,1,1,0,0,1,3,,,35,0,0,0,0,0,2,2,14
,2015_08709,39.783839,-105.025212,4/3/2015 8:40,8:40,3,0,0,FEDERAL BLVD & I-70 EB RAMPS,2,1,0,0,1,1,,,25,0,0,0,0,0,2,2,13
,2015_08710,39.783839,-105.025212,6/12/2015 16:42,16:42,15,0,0,FEDERAL BLVD N & I-70 EB RAMPS,1,1,1,0,1,3,,,35,0,0,0,0,0,2,2,13
,2015_08783,0,0,2/21/2015 6:55,6:55,6,0,0,29TH AVE & 3500 BLK W,2,2,0,0,1,4,,,30,0,0,0,0,0,4,2,13
,2015_08828,0,0,2/14/2015 1:00,1:00,6,0,0,ADAMS ST 4900 BLK N & 50TH AVE E,1,3,0,7,1,4,,,25,0,0,0,0,0,4,2,16
,2015_08899,0,0,3/6/2015 17:56,17:56,15,0,0,7TH ST & AURARIA PKWY,1,3,0,0,1,1,,,35,0,0,0,0,0,4,2,13
,2015_08909,0,0,4/13/2015 11:46,11:46,7,0,1,52ND AVE E & DAHLIA ST,1,1,1,0,1,4,,,30,0,0,0,0,2,4,1,13
,2015_08916,0,0,7/10/2015 16:49,16:49,15,0,0,6TH AVE E & SPEER BLVD E,1,1,0,0,1,1,,,30,0,0,0,0,0,4,2,13
,2015_08917,0,0,8/15/2015 10:40,10:40,15,0,0,8TH AVE E & MONACO PKWY N,1,1,0,7,1,1,,,30,0,0,0,0,0,4,2,7
,2015_08918,0,0,2/12/2015 22:45,22:45,5,0,0,8TH AVE W & ZUNI ST N,1,1,0,7,4,1,,,25,0,0,0,0,0,4,1,14
,2015_08919,0,0,6/20/2015 16:26,16:26,3,0,0,10TH AVE E & GRANT ST N,1,1,0,7,1,1,,,30,0,0,0,0,0,4,2,4
,2015_08920,0,0,7/16/2015 18:38,18:38,15,0,0,12TH AVE 4000 BLK E & COLORADO BLVD N,1,1,0,0,1,3,,,30,0,0,0,0,0,4,3,13
,2015_08921,0,0,10/26/2015 17:10,17:10,3,0,0,12TH AVE E & SYRACUSE ST N,1,1,0,0,1,1,,,30,0,0,0,0,1,4,2,5
,2015_08922,0,0,6/29/2015 12:14,12:14,6,0,0,13TH AVE 3400 E BLK & COOK ST N,1,1,0,7,1,3,,,30,0,0,0,0,0,4,2,8
,2015_08923,0,0,3/10/2015 7:50,7:50,2,0,0,13TH AVE W & MARIPOSA ST N,1,1,0,0,1,1,,,30,1,0,0,0,1,4,2,14
,2015_08924,0,0,3/15/2015 1:04,1:04,10,0,0,14TH AVE E & HIGH ST N,1,3,0,0,1,1,,,30,0,0,0,0,0,4,2,6
,2015_08925,0,0,5/5/2015 16:45,16:45,3,0,0,14TH AVE E & LOCUST ST N,2,1,0,1,1,1,,,25,0,0,0,0,1,4,2,16
,2015_08926,0,0,7/13/2015 15:57,15:57,12,0,0,14TH AVE E & MADISON ST N,1,1,0,7,1,1,,,25,0,0,0,0,0,4,2,5
,2015_08927,0,0,12/8/2015 7:48,7:48,2,0,1,13TH AVE E & OGDEN ST N,1,1,0,0,1,1,,,30,1,0,0,0,2,4,2,13
,2015_08928,0,0,6/15/2015 14:15,14:15,3,0,0,14TH AVE E & YOSEMITE ST N,1,1,0,0,1,2,,,,0,0,0,0,0,4,2,13
,2015_08929,0,0,9/30/2015 8:03,8:03,15,0,0,14TH AVE E & JOSEPHINE ST N,1,1,0,0,1,4,,,25,0,0,0,0,0,4,3,13
,2015_08930,0,0,3/16/2015 18:35,18:35,3,0,0,16TH AVE E & PENNSYLVANIA ST N,1,2,0,7,1,1,,,25,0,0,0,0,0,4,2,7
,2015_08931,0,0,8/12/2015 8:30,8:30,15,0,0,17TH AVE & 6400 BLK E,1,1,0,7,1,4,,,30,0,0,0,0,0,4,2,7
,2015_08932,0,0,7/14/2015 6:35,6:35,15,0,0,17TH AVE E & LINCOLN ST N,1,1,0,7,1,1,,,30,0,0,0,0,0,4,2,16
,2015_08933,0,0,4/6/2015 15:10,15:10,3,0,0,17TH AVE E & MONACO ST N,1,1,0,0,1,1,,,30,0,0,0,0,0,4,2,13
,2015_08934,0,0,5/29/2015 12:40,12:40,15,0,0,17TH AVE 900 BLK E & OGDEN ST N,1,1,0,0,1,4,,,30,0,0,0,0,0,4,2,13
,2015_08935,0,0,5/16/2015 21:17,21:17,3,0,0,17TH AVE E & WASHINGTON ST N,1,3,0,7,1,1,,,30,0,0,0,0,0,4,2,3
,2015_08936,0,0,5/4/2015 16:40,16:40,15,0,0,18TH AVE E & BROADWAY ST N,2,1,0,1,1,4,,,25,0,0,0,0,0,4,2,13
,2015_08937,0,0,5/12/2015 8:47,8:47,3,0,0,18TH AVE E & PENNSYLVANIA ST N,1,1,0,7,1,1,,,25,0,0,0,0,0,4,2,2
,2015_08938,0,0,2/11/2015 7:44,7:44,3,0,0,20TH AVE & 900 BLK E,1,1,0,0,1,5,,,25,0,0,0,0,1,4,2,13
,2015_08939,0,0,8/31/2015 16:30,16:30,3,0,0,24TH AVE W & IRVING ST N,2,1,0,1,1,1,,,20,0,0,0,0,1,4,2,13
,2015_08940,0,0,7/18/2015 20:30,20:30,12,0,0,35TH AVE E & SYRACUSE ST N,1,2,0,7,1,1,,,35,0,0,0,0,1,4,2,14
,2015_08941,0,0,5/27/2015 20:17,20:17,6,0,0,36TH AVE 1500 BLK W & OSAGE ST N,1,3,0,7,1,4,,,25,0,0,0,0,0,4,2,1
,2015_08942,0,0,5/15/2015 19:37,19:37,6,0,0,37TH AVE W & PECOS ST N,1,1,0,7,1,3,,,20,0,0,0,0,0,4,2,1
,2015_08944,0,0,5/4/2015 16:08,16:08,10,0,0,40TH AVE E & JACKSON ST N,1,1,0,0,1,4,,,35,0,0,0,0,0,4,2,13
,2015_08945,0,0,1/28/2015 8:15,8:15,3,0,0,40TH AVE W & TEJON ST N,1,1,0,7,1,1,,,25,0,0,0,0,0,4,2,3
,2015_08946,0,0,12/29/2015 11:20,11:20,3,0,0,39TH AVE E & PEORIA ST N,1,1,0,0,1,1,,,35,0,0,0,0,0,4,2,13
,2015_08947,0,0,2/26/2015 16:53,16:53,3,0,0,43RD AVE W & WOLFF ST N,4,1,1,2,1,1,,,25,0,0,0,0,0,4,2,16
,2015_08948,0,0,2/1/2015 14:15,14:15,3,0,0,44TH AVE W & TENNYSON ST N,4,1,0,0,1,1,,,30,0,0,0,0,0,4,2,3
,2015_08949,0,0,7/28/2015 17:28,17:28,1,0,0,47TH AVE E & PEORIA ST N,1,1,0,7,1,1,,,35,0,0,0,0,1,4,2,16
,2015_08950,0,0,3/15/2015 12:00,12:00,1,0,0,47TH AVE E & WASHINGTON ST N,1,1,0,0,1,1,,,,0,0,0,0,0,4,2,13
,2015_08951,0,0,7/28/2015 15:55,15:55,3,0,0,48TH AVE W & WARNER PL W,1,1,0,7,1,1,,,35,0,0,0,0,0,4,2,16
,2015_08952,0,0,1/7/2015 8:59,8:59,3,0,0,52ND AVE W & UMATILLA ST N,5,1,1,2,1,1,,,30,0,0,0,0,0,4,2,7
,2015_08953,0,0,2/18/2015 7:30,7:30,3,0,0,55TH AVE E & SCRANTON ST N,1,1,0,0,1,1,,,25,0,0,0,0,0,4,2,13
,2015_08954,0,0,4/24/2015 23:00,23:00,15,0,0,56TH AVE E & VALENTIA ST,1,3,0,0,1,4,,,55,0,0,0,0,0,4,2,5
,2015_08955,0,0,11/10/2015 7:30,7:30,13,0,0,51ST AVE E & BLACKHAWK WAY N,1,1,0,0,1,1,,,25,0,0,0,0,1,4,2,13
,2015_08956,0,0,9/19/2015 12:31,12:31,5,0,0,ACOMA ST N & 427,1,1,0,0,3,5,,,,0,0,0,0,0,4,1,13
,2015_08957,0,0,2/15/2015 0:49,0:49,11,0,1,ALBROOK DR 12800 BLK E & TULSA CT N,1,3,0,0,1,4,,,,0,1,0,0,3,4,2,13
,2015_08958,0,0,9/6/2015 13:42,13:42,12,0,0,ALAMEDA AVE E & WASHINGTON ST S,1,1,0,0,1,1,,,30,0,0,0,0,0,4,3,3
,2015_08959,0,0,8/26/2015 11:37,11:37,15,0,0,BRIGHTON BLVD N & 38TH ST,1,1,0,0,1,1,,,30,0,0,0,0,0,4,2,13
,2015_08960,0,0,5/12/2015 15:18,15:18,3,0,0,CEDAR AVE W & BANNOCK ST S,1,1,0,7,1,1,,,25,0,0,0,0,0,4,2,7
,2015_08961,0,0,2/27/2015 14:58,14:58,15,0,0,CENTRAL ST & 1600 BLK,5,1,1,0,1,4,,,30,0,0,0,0,0,4,2,13
,2015_08962,0,0,7/14/2015 17:34,17:34,12,0,0,CENTRAL PARK BLVD N & 35TH AVE E,1,1,0,7,1,4,,,35,0,0,0,0,0,4,2,16
,2015_08963,0,0,10/2/2015 16:44,16:44,12,0,0,BROADWAY ST 1800 BLK S & JEWELL AVE E,1,1,0,0,1,1,,,30,0,0,0,0,1,4,4,14
,2015_08964,0,0,8/30/2015 4:14,4:14,9,0,0,CENTER AVE W & IRVING ST S,1,3,0,0,1,1,,,25,0,0,0,0,0,4,1,13
,2015_08965,0,0,4/22/2015 9:50,9:50,5,0,0,CHEROKEE ST & 95 BLK S,1,1,0,0,2,4,,,25,0,0,0,0,0,4,1,5
,2015_08966,0,0,7/20/2015 13:05,13:05,3,0,0,CHERRY ST N & 13TH AVE E,1,1,0,7,1,1,,,30,0,0,0,0,0,4,2,16
,2015_08967,0,0,12/20/2015 15:55,15:55,12,0,0,CHAMBERS RD N & 40TH AVE E,1,2,0,0,1,4,,,40,0,0,0,0,1,4,4,1
,2015_08968,0,0,5/10/2015 0:40,0:40,12,0,0,CLARKSON ST & 1700 BLK N,6,4,0,2,1,4,,,30,0,0,0,0,0,4,2,14
,2015_08969,0,0,2/1/2015 15:40,15:40,12,0,0,CLARKSON ST 1100 BLK N & EMERSON ST E ALLEY,1,1,0,0,1,5,,,20,0,0,0,0,0,4,2,13
,2015_08970,0,0,5/22/2015 11:56,11:56,14,0,0,EASTMAN PL E & YOSEMITE ST S,1,1,1,0,1,3,,,30,0,0,0,0,0,4,2,13
,2015_08971,0,0,2/12/2015 16:42,16:42,3,0,0,EUDORA ST N & MONTVIEW BLVD E,1,1,0,0,1,1,,,30,0,0,0,0,0,4,2,13
,2015_08972,0,0,1/27/2015 16:00,16:00,6,0,0,EVANS AVE & 2989 BLK W,1,1,0,0,6,7,,,35,0,0,0,0,0,4,3,14
,2015_08973,0,0,2/7/2015 10:10,10:10,12,0,0,EVANS AVE W & CLAY ST S,1,1,0,7,1,1,,,35,0,0,0,0,0,4,2,16
,2015_08974,0,0,5/1/2015 13:39,13:39,3,0,0,EVANS AVE E & ALBION ST S,1,1,0,0,1,1,,,25,0,0,0,0,0,4,2,3
,2015_08975,0,0,7/22/2015 16:59,16:59,12,0,0,EVANS AVE 700 BLK E & S HURON ST,1,1,0,7,1,3,,,35,0,0,0,0,0,4,2,16
,2015_08976,0,0,6/7/2015 11:39,11:39,15,0,0,EVANS AVE E & MONACO ST S,1,1,0,7,1,4,,,35,0,0,0,0,0,4,2,16
,2015_08977,0,0,7/17/2015 7:55,7:55,12,0,0,EVANS AVE W & PECOS ST S,1,1,1,7,1,1,,,35,0,0,0,0,0,4,2,3
,2015_08978,0,0,7/17/2015 11:38,11:38,3,0,0,EVANS AVE E & ST PAUL ST S,1,1,0,7,1,1,,,35,0,0,0,0,0,4,2,7
,2015_08979,0,0,2/21/2015 18:45,18:45,12,0,0,FLORIDA AVE 7900 BLK E & QUEBEC WAY S,4,3,1,2,1,4,,,35,0,0,0,0,0,4,2,7
,2015_08980,0,0,4/27/2015 10:40,10:40,6,0,0,FRANKLIN ST N & 1430,1,1,0,0,5,5,,,10,0,0,0,0,0,3,2,13
,2015_08981,0,0,9/5/2015 1:21,1:21,6,0,0,GRANT ST 1600 BLK N & 16TH AVE E,1,3,0,0,1,4,,,,0,0,0,0,0,4,3,13
,2015_08982,0,0,5/1/2015 9:50,9:50,12,0,0,GVR BLVD E & TOWER ST N,1,1,0,7,1,1,,,35,0,0,0,0,0,4,2,3
,2015_08983,0,0,5/8/2015 9:16,9:16,3,0,0,HALE PKWY E & DAHLIA ST N,2,1,0,1,1,1,,,25,0,0,0,0,0,4,2,2
,2015_08984,0,0,3/19/2015 19:31,19:31,1,0,0,HIGH ST 3100 BLK N & 31ST AVE E,1,4,0,0,1,4,,,25,0,0,0,0,0,4,2,13
,2015_08985,0,0,5/23/2015 17:15,17:15,5,0,1,HOLLY ST S & CHERRY CREEK DR S,1,1,0,1,3,1,,,20,0,0,0,1,2,4,1,5
,2015_08986,0,0,4/17/2015 9:50,9:50,15,0,0,HUMBOLDT ST & 3700 BLK N,2,1,0,1,1,4,,,25,0,0,0,0,0,4,2,7
,2015_08987,0,0,7/26/2015 11:13,11:13,12,0,0,HUMBOLDT ST 1400 BLK N & 14TH AVE E,1,1,0,0,1,4,,,30,0,0,0,0,0,4,2,13
,2015_08988,0,0,2/25/2015 22:15,22:15,3,0,0,ILIFF AVE E & HUMBOLDT ST S,4,3,0,2,1,1,,,30,0,0,0,0,0,4,2,16
,2015_08989,0,0,5/19/2015 21:56,21:56,3,0,0,IRELAND ST N & 40TH AVE E,1,3,0,0,1,3,,,25,0,0,0,0,0,4,2,1
,2015_08990,0,0,4/14/2015 22:45,22:45,12,0,1,IRVING ST S & ARIZONA AVE W,1,3,0,7,1,1,,,35,0,0,0,0,2,4,2,5
,2015_08991,0,0,7/24/2015 18:56,18:56,3,0,0,IRVING ST S & KENTUCKY AVE W,1,1,0,7,1,1,,,25,0,0,0,0,0,4,2,14
,2015_08992,0,0,5/20/2015 19:16,19:16,3,0,0,LABROOK DR E & CROWN BLVD N,2,1,0,1,1,1,,,30,0,0,0,0,0,4,2,13
,2015_08993,0,0,5/5/2015 8:43,8:43,6,0,0,LEYDEN ST 700 BLK S & EXPOSITION AVE E,1,1,0,7,1,3,,,25,0,0,0,0,0,4,2,16
,2015_08995,0,0,2/13/2015 14:20,14:20,6,0,0,LINCOLN ST & 1800 BLK N,1,1,0,0,1,4,,,,0,0,0,0,0,4,2,13
,2015_08996,0,0,9/13/2015 21:15,21:15,5,0,2,KALAMATH ST S & BAYAUD AVE W,1,3,0,0,3,4,,,35,0,0,0,1,2,4,1,7
,2015_08997,0,0,8/20/2015 12:24,12:24,12,0,0,JEWELL AVE W & IRVING ST S,1,1,0,7,1,1,,,,0,0,0,0,0,4,2,16
,2015_08998,0,0,4/19/2015 17:37,17:37,15,0,0,LOGAN ST S & ASBURY AVE E,1,1,0,0,1,1,,,30,0,0,0,0,0,4,2,14
,2015_08999,0,0,6/25/2015 18:18,18:18,15,0,0,LOGAN ST 100 BLK S & CEDAR AVE E,1,1,0,0,1,4,,,30,0,0,0,0,0,4,2,13
,2015_09000,0,0,1/12/2015 19:21,19:21,6,0,0,LOGAN ST S & CENTER AVE E,2,3,0,7,1,4,,,30,0,0,0,0,0,4,2,5
,2015_09001,0,0,8/13/2015 15:41,15:41,12,0,0,LOGAN ST S & DAKOTA AVE E,1,1,0,7,1,4,,,30,0,0,0,0,0,4,2,3
,2015_09002,0,0,6/7/2015 14:29,14:29,10,0,0,MAXWELL PL E & CHAMBERS RD N,1,1,0,0,1,1,,,25,0,0,0,0,0,4,2,1
,2015_09003,0,0,1/13/2015 22:07,22:07,12,0,0,MISSISSIPPI AVE 9700 BLK E & DAYTON ST S,2,3,0,7,1,3,,,40,0,0,0,0,0,4,2,16
,2015_09004,0,0,5/28/2015 17:00,17:00,1,0,1,MISSISSIPPI AVE W & WOLFF ST S,1,1,0,0,1,1,,,25,0,0,0,0,3,4,2,1
,2015_09005,0,0,7/18/2015 12:14,12:14,12,0,0,MONACO ST 700 BLK S & LEETSDALE DR E,1,1,1,0,1,3,,,30,0,0,0,0,1,4,2,13
,2015_09006,0,0,1/10/2015 7:01,7:01,6,0,0,MONACO ST N & MLK BLVD E,1,1,0,7,1,4,,,35,0,0,0,0,0,4,3,5
,2015_09007,0,0,12/4/2015 17:26,17:26,11,0,0,MORRISON RD 4400 BLK & ADA PL W,1,3,0,0,1,1,,,30,0,1,0,0,1,4,2,13
,2015_09008,0,0,8/17/2015 17:54,17:54,10,0,0,MORRISON RD & QUITMAN ST S,1,1,0,0,1,1,,,30,0,0,0,0,0,4,2,1
,2015_09009,0,0,7/20/2015 18:30,18:30,3,0,1,PATTON CT S & TENNESSEE AVE W,2,1,0,1,1,1,,,25,0,0,0,1,3,4,2,5
,2015_09010,0,0,7/30/2015 11:00,11:00,6,0,0,PEARL ST & 18TH AVE E,1,1,0,7,1,4,,,25,0,0,0,0,0,4,2,16
,2015_09011,0,0,2/16/2015 16:14,16:14,6,0,0,PECOS ST & 3200 BLK N,6,1,1,2,1,4,,,30,0,0,0,0,0,4,2,13
,2015_09012,0,0,8/8/2015 16:55,16:55,15,0,0,N PECOS ST & 33RD AVE W,1,1,0,7,1,4,,,30,0,0,0,0,1,4,2,16
,2015_09013,0,0,4/6/2015 9:23,9:23,10,0,0,PECOS ST 3800 BLK N & 39TH AVE W,1,1,0,0,1,4,,,35,0,0,0,0,0,4,2,14
,2015_09014,0,0,7/7/2015 17:30,17:30,3,0,0,PERRY ST S & NEVADA PL W,1,1,0,7,1,1,,,25,0,0,0,0,0,4,2,1
,2015_09015,0,0,9/11/2015 5:00,5:00,5,0,0,PLATTE RIVER DR & 1500 BLK S,1,3,0,0,3,4,,,40,0,0,0,0,0,4,1,14
,2015_09016,0,0,2/27/2015 6:45,6:45,15,0,0,QUEBEC ST & 3000 BLK N,6,1,0,0,1,4,,,35,0,0,0,0,0,4,2,7
,2015_09017,0,0,2/4/2015 7:35,7:35,15,0,0,QUEBEC ST S & YALE AVE E,4,1,1,2,1,4,,,35,0,0,0,0,0,4,2,7
,2015_09018,0,0,7/6/2015 14:40,14:40,12,0,0,RARITAN ST S & ALAMEDA AVE W,2,1,0,1,1,2,,,25,0,0,0,0,0,4,2,1
,2015_09019,0,0,12/11/2015 13:00,13:00,12,0,0,QUEBEC ST S & ALAMEDA AVE E,1,1,0,0,1,1,,,35,0,0,0,0,0,4,2,13
,2015_09020,0,0,4/22/2015 10:30,10:30,15,0,0,ROSEMARY ST 1100 BLK N & 11TH AVE E,1,1,1,0,1,4,,,25,0,0,0,0,0,4,2,13
,2015_09021,0,0,1/28/2015 14:03,14:03,3,0,1,ROSLYN ST 2500 BLK N & 26TH AVE E,1,1,1,0,1,2,,,,0,0,0,0,2,4,2,13
,2015_09022,0,0,8/4/2015 13:52,13:52,3,0,0,15TH ST & WAZEE ST,1,1,0,0,1,1,,,30,0,0,0,0,0,4,2,14
,2015_09023,0,0,6/30/2015 8:16,8:16,15,0,0,16TH ST 1900 BLK & WEWATTA ST,1,1,0,0,1,4,,,30,0,0,0,0,0,4,2,13
,2015_09025,0,0,7/28/2015 18:05,18:05,15,0,0,17TH ST & BROADWAY ST N,1,1,0,0,1,1,,,35,0,0,0,0,0,4,2,3
,2015_09026,0,0,6/3/2015 18:07,18:07,12,0,0,20TH ST & WAZEE ST,2,1,1,7,1,1,,,25,0,0,0,0,0,4,2,16
,2015_09027,0,0,4/21/2015 7:30,7:30,12,0,0,22ND ST & BLAKE ST,1,1,0,7,1,1,,,30,0,0,0,0,0,4,2,16
,2015_09028,0,0,8/14/2015 8:40,8:40,10,0,0,22ND ST & BROADWAY ST N,1,1,0,0,1,1,,,30,0,0,0,0,0,4,2,3
,2015_09029,0,0,4/2/2015 9:40,9:40,3,0,0,29TH ST & GLENARM PL,1,1,0,7,1,1,,,25,0,0,0,0,0,4,2,7
,2015_09030,0,0,2/27/2015 9:00,9:00,12,0,0,SANTA FE DR N & 14TH AVE W,5,1,0,2,1,1,,,30,0,0,0,0,0,4,2,7
,2015_09031,0,0,7/10/2015 17:21,17:21,3,0,0,SANTA FE DR S & ALAMEDA AVE W,1,1,1,0,1,1,,,30,0,0,0,0,0,4,2,13
,2015_09032,0,0,8/10/2015 19:23,19:23,12,0,0,SANTA FE DR 200 BLK S & ALAMEDA AVE W,1,1,1,0,1,2,,,30,0,0,0,0,0,4,2,3
,2015_09033,0,0,11/12/2015 12:50,12:50,6,0,0,SABLE ST & 5163 N,1,1,1,7,1,4,,,25,0,0,0,0,0,4,2,16
,2015_09034,0,0,9/9/2015 16:15,16:15,12,0,0,38TH ST & BRIGHTON BLVD N,1,1,1,0,1,1,,,30,0,0,0,0,0,4,2,14