id,drcog_id,latitude,longitude,crashtime,time,crashtype,numbkilled,numbinjurd,drcoglocat,rdconditin,lightngcon,roadcntgrd,weatherco,location,roaddescrp,schoolzone,constrzone,splimit,bikeinv,pedinv,sctrinv,motoinv,svrty,rdsystem,ttlvehcls,hcf
,2015_09035,0,0,10/21/2015 13:40,13:40,15,0,0,SANTA FE DR S & ALAMEDA AVE W,2,1,0,1,1,1,,,30,0,0,0,0,0,4,2,14
,2015_09036,0,0,10/12/2015 8:50,8:50,3,0,0,SPEER BLVD N & 8TH AVE W,1,1,0,0,1,1,,,35,0,0,0,0,0,4,2,14
,2015_09037,0,0,7/26/2015 13:32,13:32,12,0,0,SPEER BLVD & LOGAN ST N,1,1,0,7,1,1,,,30,0,0,0,0,0,4,2,16
,2015_09038,0,0,3/27/2015 11:48,11:48,3,0,1,STAPLETON DR E & MONACO ST N,1,1,0,7,1,1,,,30,0,0,0,0,2,4,2,16
,2015_09039,0,0,5/10/2015 22:58,22:58,12,0,0,STAPLETON DR S & MONACO PKWY N,1,3,0,0,1,4,,,35,0,0,0,0,0,4,2,13
,2015_09040,0,0,7/29/2015 10:40,10:40,6,0,0,STEELE ST & 2300 N,1,1,0,7,1,4,,,10,0,0,0,0,0,4,2,16
,2015_09041,0,0,12/21/2015 15:55,15:55,6,0,0,TENNYSON ST 3800 BLK N & 38TH AVE W,1,1,0,7,1,4,,,25,0,0,0,0,0,4,2,16
,2015_09042,0,0,2/28/2015 10:58,10:58,6,0,0,TENNYSON ST 4100 BLK N & 42ND AVE W,6,1,0,7,1,4,,,25,0,0,0,0,0,4,2,3
,2015_09043,0,0,4/25/2015 12:17,12:17,12,0,0,UNIVERSITY BLVD S & EVANS AVE E,1,5,0,7,1,3,,,30,0,0,0,0,0,4,2,16
,2015_09044,0,0,8/17/2015 15:31,15:31,12,0,0,TOWER RD N & PENA BLVD IB ON RAMP,2,1,0,1,1,4,,,40,0,0,0,0,0,4,2,3
,2015_09045,0,0,4/29/2015 16:40,16:40,12,0,0,UNIVERSITY BLVD S & MISSISSIPPI AVE E,1,1,0,0,1,1,,,30,0,0,0,0,0,4,2,5
,2015_09046,0,0,3/20/2015 13:04,13:04,3,0,0,UNIVERSITY BLVD 700 BLK S & OHIO AVE E,1,1,0,7,1,1,,,15,0,0,0,0,0,4,2,3
,2015_09047,0,0,6/18/2015 15:46,15:46,10,0,0,WALNUT ST & 30TH ST,1,1,0,0,1,1,,,30,0,0,0,0,1,4,2,8
,2015_09048,0,0,11/21/2015 19:30,19:30,5,0,0,VRAIN ST & 1255 S,1,4,0,0,2,5,,,,0,0,0,0,0,4,1,16
,2015_09049,0,0,2/16/2015 11:04,11:04,3,0,0,WASHINGTON ST N & 22ND AVE E,4,1,0,2,1,1,,,30,0,0,0,0,0,4,2,8
,2015_09050,0,0,1/21/2015 7:12,7:12,12,0,0,WASHINGTON ST N & 47TH AVE E,4,1,0,2,1,3,,,35,0,0,0,0,0,4,2,14
,2015_09051,0,0,1/8/2015 18:52,18:52,8,0,0,WASHINGTON ST N & E 52ND AVE,2,3,0,1,1,1,,,45,0,0,0,0,0,4,2,16
,2015_09052,0,0,3/4/2015 18:30,18:30,14,0,0,WASHINGTON ST 500 BLK S & CENTER AVE E,1,3,0,0,1,4,,,25,0,0,0,0,0,4,2,1
,2015_09053,0,0,7/27/2015 14:00,14:00,6,0,0,YAMPA ST N & GVR BLVD E,1,1,1,0,1,1,,,25,0,0,0,0,0,4,2,7
,2015_09054,0,0,3/2/2015 21:10,21:10,3,0,0,YATES ST 3700 BLK N & 37TH AVE W,6,3,0,0,1,2,,,25,0,0,0,0,0,4,2,13
,2015_09055,0,0,7/1/2015 1:10,1:10,2,0,1,YORK ST N & 12TH AVE E,1,3,0,0,1,1,,,30,1,0,0,0,3,4,2,14
,2015_09056,0,0,4/25/2015 9:48,9:48,12,0,0,YORK ST N & 23RD AVE E,1,1,0,0,1,1,,,30,0,0,0,0,0,4,2,13
,2015_09057,0,0,7/5/2015 19:47,19:47,12,0,0,YORK ST 4700 BLK N & 47TH AVE E,1,1,1,7,1,4,,,30,0,0,0,0,0,4,2,5
,2015_09169,39.678409,-104.940629,1/28/2015 6:50,6:50,12,0,0,EVANS AVE 4000 BLK E & COLORADO BLVD S,1,1,0,0,1,3,,,35,0,0,0,0,0,2,2,13
,2015_09170,39.687253,-104.940548,3/3/2015 8:15,8:15,15,0,0,COLORADO BLVD 1600 BLK S & IOWA AVE E,1,1,0,0,1,4,,,35,0,0,0,0,0,2,2,13
,2015_09172,39.740086,-104.940612,1/20/2015 13:30,13:30,3,0,0,COLFAX AVE W & SHERIDAN BLVD N,1,1,0,0,1,1,,,35,0,0,0,0,0,2,2,13
,2015_09173,39.740086,-104.940612,2/27/2015 14:30,14:30,12,0,0,COLORADO BLVD 1400 BLK N & COLFAX AVE E,2,1,0,0,1,3,,,30,0,0,0,0,0,2,2,3
,2015_09174,39.74372,-104.940608,2/4/2015 19:10,19:10,1,0,0,17TH AVE E & COLORADO BLVD N,1,3,0,0,1,1,,,30,0,0,0,0,0,2,2,14
,2015_09175,39.747364,-104.940604,1/1/2015 16:04,16:04,12,0,0,COLORADO BLVD 1900 N & MONTVIEW BLVD E,5,2,1,0,1,3,,,30,0,0,0,0,0,2,2,13
,2015_09176,39.749244,-104.940601,2/9/2015 7:40,7:40,12,0,0,22ND AVE E & COLORADO BLVD N,1,1,0,0,1,1,,,30,0,0,0,0,0,2,2,13
,2015_09177,39.754512,-104.940549,11/18/2015 21:15,21:15,12,0,0,26TH AVE E & COLORADO BLVD N,1,3,0,0,1,1,,,35,0,0,0,0,0,2,2,14
,2015_09178,39.758322,-104.940525,4/29/2015 15:00,15:00,3,0,0,COLORADO BLVD N & 29TH AVE E,1,1,0,0,1,1,,,35,0,0,0,0,0,2,2,13
,2015_09179,39.76261,-104.940508,3/15/2015 9:58,9:58,12,0,0,COLORADO BLVD N & MARTIN LUTHER KING JR BLVD E,1,1,0,0,1,4,,,35,0,0,0,0,1,2,2,3
,2015_09180,39.765639,-104.940496,1/25/2015 15:33,15:33,12,0,0,COLORADO BLVD N & 35TH AVE E,1,1,0,0,1,3,,,35,0,0,0,0,0,2,2,14
,2015_09182,39.77344,-104.940508,1/30/2015 7:24,7:24,12,0,0,COLORADO BLVD 4000 BLK N & 40TH AVE E,1,1,0,0,1,4,,,40,0,0,0,0,0,2,3,13
,2015_09183,39.787315,-104.940409,6/19/2015 18:18,18:18,15,0,0,COLORADO BLVD 4900 BLK N & 50TH AVE E,1,1,0,0,1,4,,,40,0,0,0,0,1,2,2,13
,2015_09191,39.725516,-105.013084,7/17/2015 12:45,12:45,15,0,0,6TH AVE W & I-25,1,1,0,0,1,4,,,55,0,0,0,0,0,2,2,13
,2015_09192,39.780507,-104.949717,6/23/2015 17:00,17:00,8,0,0,STEELE ST 4600 BLK N & 46TH AVE E,1,1,0,0,6,4,,,35,0,0,0,0,0,2,2,14
,2015_09193,39.725421,-105.026297,11/3/2015 22:03,22:03,12,0,0,6TH AVE W & FEDERAL BLVD N,1,3,1,0,1,4,,,45,0,0,0,0,0,2,2,8
,2015_09212,39.633924,-104.906684,5/26/2015 8:00,8:00,12,0,0,I-25 & I-225 FLYOVER,1,1,0,0,1,4,,,65,0,0,0,0,0,1,2,13
,2015_09213,39.683265,-104.941205,6/3/2015 15:46,15:46,12,0,0,I-25 & COLORADO BLVD S,1,1,0,0,1,4,,,60,0,0,0,0,0,1,2,13
,2015_09214,39.639014,-104.910126,5/11/2015 17:13,17:13,12,0,0,I-25 & MM 200,1,1,0,0,1,4,,,65,0,0,0,0,0,1,2,3
,2015_09215,39.653208,-104.918306,7/22/2015 8:20,8:20,12,0,0,I-25 & HAMPDEN AVE E,1,1,0,0,1,4,,,65,0,0,0,0,0,1,2,13
,2015_09216,39.654319,-104.918827,5/20/2015 16:56,16:56,12,0,0,I-25 & HAMPDEN AVE E,2,1,0,1,1,4,,,65,0,0,0,0,0,1,2,13
,2015_09218,39.671813,-104.928381,7/17/2015 2:20,2:20,15,0,1,I-25 & YALE AVE SB EXIT GORE PT,1,3,1,0,1,4,,,65,0,0,0,0,2,1,2,1
,2015_09219,39.690211,-104.973754,7/6/2015 16:43,16:43,12,0,0,I-25 SB OFF RAMP & UNIVERSITY BLVD,1,1,0,0,1,8,,,55,0,0,0,0,0,1,2,1
,2015_09220,39.690017,-104.973363,8/19/2015 7:45,7:45,3,0,0,DOWNING ST S & I-25 NB OFF RAMP,1,1,1,0,1,1,,,30,0,0,0,0,0,1,2,1
,2015_09221,39.690017,-104.973363,9/9/2015 18:00,18:00,12,0,0,I-25 & DOWNING ST S,1,1,0,0,1,4,,,60,0,0,0,0,0,1,2,13
,2015_09222,39.71124,-104.998918,6/12/2015 18:09,18:09,12,0,0,I-25 & ALAMEDA AVE W,1,1,0,0,1,4,,,55,0,0,0,0,0,1,3,13
,2015_09223,39.71124,-104.998918,7/10/2015 12:29,12:29,12,0,0,I-25 & ALAMEDA AVE W,1,1,1,0,1,4,,,55,0,0,0,0,0,1,2,8
,2015_09225,39.724909,-105.012637,1/9/2015 19:26,19:26,12,0,0,I-25 & 6TH AVE W,1,3,0,0,1,4,,,55,0,0,0,0,0,1,4,1
,2015_09226,39.70817,-104.997289,7/31/2015 17:10,17:10,12,0,0,I-25 & ALAMEDA AVE W,1,1,0,0,1,4,,,55,0,0,0,0,0,1,2,13
,2015_09227,39.72543,-105.013021,2/3/2015 10:32,10:32,12,0,0,I-25 & 6TH AVE W,1,1,0,0,1,4,,,55,0,0,0,1,1,1,2,13
,2015_09228,39.72543,-105.013021,6/11/2015 23:20,23:20,15,0,0,I-25 & 6TH AVE W,2,3,0,1,1,4,,,55,0,0,0,0,0,1,2,1
,2015_09229,39.725247,-105.012893,10/5/2015 22:49,22:49,12,0,0,I-25 & 6TH AVE W,1,3,1,0,1,4,,,45,0,0,0,0,0,1,2,5
,2015_09230,39.726768,-105.013834,4/10/2015 16:40,16:40,15,0,0,I-25 & 6TH AVE W SB RAMP ENT PT,1,1,0,0,1,4,,,55,0,0,0,0,0,1,2,13
,2015_09231,39.726768,-105.013834,5/28/2015 18:30,18:30,15,0,0,I-25 & 6TH AVE W,1,1,1,0,1,4,,,55,0,0,0,0,0,1,2,13
,2015_09232,39.729334,-105.014821,1/4/2015 8:30,8:30,15,0,0,I-25 & 8TH AVE W,10,1,0,0,1,4,,,55,0,0,0,0,0,1,2,14
,2015_09234,39.731671,-105.015535,6/1/2015 14:55,14:55,12,0,0,I-25 & MULBERRY PL W,1,1,0,0,1,4,,,55,0,0,0,0,0,1,3,3
,2015_09235,39.735732,-105.014488,2/22/2015 10:35,10:35,5,0,0,I-25 & 8TH AVE W,10,1,0,2,2,4,,,55,0,0,0,0,0,1,2,7
,2015_09236,39.74035,-105.013939,1/12/2015 3:58,3:58,15,0,0,I-25 & COLFAX AVE W,1,4,0,0,1,4,,,55,0,0,0,0,0,1,2,3
,2015_09237,39.74035,-105.013939,6/30/2015 12:27,12:27,12,0,0,I-25 & COLFAX AVE W,1,1,0,0,1,4,,,55,0,0,0,0,0,1,2,13
,2015_09238,39.740506,-105.013959,6/25/2015 15:30,15:30,12,0,0,I-25 SB & COLFAX AVE W,1,1,0,0,1,4,,,55,0,0,0,0,0,1,2,14
,2015_09239,39.74094,-105.014063,7/18/2015 2:30,2:30,12,0,0,I-25 & COLFAX AVE W,1,3,0,0,1,4,,,55,0,0,0,0,0,1,2,13
,2015_09241,39.755141,-105.012706,3/20/2015 13:19,13:19,5,0,0,I-25 & SPEER BLVD N,1,1,0,0,1,4,,,55,0,0,0,0,0,1,3,14
,2015_09242,39.755141,-105.012706,3/14/2015 21:40,21:40,12,0,0,SPEER BLVD N & I-25 NB ON RAMP,1,3,0,0,1,4,,,30,0,0,0,0,0,1,2,13
,2015_09243,39.755141,-105.012706,6/14/2015 19:52,19:52,12,0,0,SPEER BLVD N & I-25 UNDERPASS SEP,1,1,2,0,1,4,,,35,0,0,0,0,0,1,2,13
,2015_09244,39.755236,-105.012575,2/23/2015 15:00,15:00,15,0,0,I-25 & SPEER BLVD N,9,1,0,0,1,4,,,55,0,0,0,0,0,1,2,7
,2015_09245,39.758313,-105.008335,8/11/2015 21:35,21:35,12,0,0,I-25 SB ON RAMP & 20TH ST,1,3,0,0,1,8,,,45,0,0,0,0,1,1,2,14
,2015_09246,39.760997,-105.004275,1/7/2015 17:40,17:40,12,0,0,I-25 & 20TH ST,1,3,1,0,1,4,,,55,0,0,0,0,1,1,2,10
,2015_09247,39.760997,-105.004275,2/3/2015 10:12,10:12,9,0,0,I-25 & 20TH ST,1,1,0,0,1,4,,,55,0,0,0,0,0,1,1,13
,2015_09248,39.768673,-104.993436,8/11/2015 6:43,6:43,15,0,0,I-25 NB OFF RAMP TO I-70 & 38TH AVE,1,1,0,0,1,8,,,55,0,0,0,0,0,1,2,1
,2015_09249,39.779391,-104.989165,6/23/2015 17:00,17:00,12,0,0,I-25 & I-70,1,1,1,0,1,4,,,55,0,0,0,0,0,1,2,3
,2015_09251,39.740008,-104.97989,1/17/2015 0:02,0:02,11,0,1,COLFAX AVE E & PEARL ST N,1,3,0,0,1,1,,,,0,1,0,0,3,2,2,13
,2015_09252,39.787674,-104.989084,4/24/2015 9:37,9:37,15,0,0,1-25 NB ON RAMP FROM I-70 WB & END RAMP CONNECTION,1,1,0,0,1,4,,,55,0,0,0,0,1,1,2,14
,2015_09266,39.711079,-105.02469,1/27/2015 15:04,15:04,15,0,0,ALAMEDA AVE W & FEDERAL BLVD S,1,1,1,0,1,4,,,35,0,0,0,0,0,2,2,1
,2015_09267,39.711152,-105.022035,7/16/2015 12:40,12:40,12,0,0,ALAMEDA AVE W & DECATUR ST S,1,1,1,0,1,2,,,35,0,0,0,0,1,2,3,7
,2015_09269,39.653077,-104.898688,1/31/2015 1:50,1:50,3,0,0,HAMPDEN AVE E & TAMARAC DR S,1,3,1,0,1,1,,,30,0,0,0,0,0,2,2,13
,2015_09270,39.65302,-104.875567,9/13/2015 2:43,2:43,12,0,0,HAMPDEN AVE E & DAYTON ST S,1,3,0,0,1,1,,,45,0,0,0,0,0,2,2,13
,2015_09271,39.653054,-104.884764,7/6/2015 12:56,12:56,12,0,0,HAMPDEN AVE 8800 BLK E & YOSEMITE ST S,2,1,0,0,1,3,,,45,0,0,0,0,0,2,2,13
,2015_09272,39.653025,-104.88149,5/4/2015 11:00,11:00,12,0,0,HAMPDEN AVE 9100 BLK E & AKRON ST S,1,1,0,0,1,3,,,45,0,0,0,0,0,2,2,13
,2015_09274,39.670857,-104.866047,2/20/2015 18:41,18:41,12,0,0,HAVANA ST S & PARKER RD S,2,3,0,0,1,4,,,35,0,0,0,0,0,2,2,3
,2015_09281,39.780236,-105.05326,6/27/2015 22:53,22:53,1,0,0,SHERIDAN BLVD N & 46TH AVE W,1,3,0,0,1,1,,,35,0,0,0,0,0,2,2,13
,2015_09318,39.740048,-104.999949,7/30/2015 19:03,19:03,12,0,0,COLFAX AVE W & KALAMATH ST N,1,1,0,0,1,1,,,35,0,0,0,0,0,2,2,5
,2015_09319,39.740005,-104.975258,3/6/2015 21:58,21:58,15,0,0,COLFAX AVE E & OGDEN ST N,1,3,0,0,1,1,,,30,0,0,0,0,0,2,2,1
,2015_09320,39.740008,-104.973453,6/8/2015 7:17,7:17,10,0,0,DOWNING ST 1500 BLK N & COLFAX AVE E,1,1,0,0,1,1,,,30,0,0,0,0,0,2,2,8
,2015_09321,39.739999,-104.978317,10/31/2015 0:10,0:10,6,0,0,COLFAX AVE 717 E & WASHINGTON ST N,1,3,0,0,1,3,,,40,0,0,0,0,0,2,2,14
,2015_09322,39.740048,-104.986169,9/25/2015 11:50,11:50,3,0,0,COLFAX AVE E & LINCOLN ST N,1,1,0,0,1,1,,,30,0,0,0,0,0,2,2,13
,2015_09323,39.740063,-104.929838,8/13/2015 17:58,17:58,12,0,0,COLFAX AVE E & ELM ST N,1,1,0,0,1,1,,,35,0,0,0,0,0,2,2,13
,2015_09324,39.74007,-104.921159,5/9/2015 14:23,14:23,15,0,0,IVANHOE ST 1500 BLK N & COLFAX AVE E,2,1,0,1,1,3,,,30,0,0,0,0,0,2,2,13
,2015_09325,39.740079,-104.912395,2/28/2015 22:55,22:55,12,0,0,COLFAX AVE E & MONACO ST N,1,3,0,0,1,4,,,35,0,0,0,0,0,2,2,13
,2015_09326,39.740079,-104.912395,7/22/2015 6:30,6:30,3,0,1,COLFAX AVE E & MONACO PKWY N,1,1,0,0,1,1,,,35,0,0,0,0,2,2,2,8
,2015_09328,39.740086,-104.885881,4/24/2015 22:00,22:00,1,0,0,COLFAX AVE E & XENIA ST N,1,3,0,0,1,1,,,35,0,0,0,0,0,2,2,7
,2015_09352,39.784101,-105.05192,2/7/2015 12:40,12:40,15,0,0,I-70 & SHERIDAN BLVD N,1,1,0,0,1,4,,,55,0,0,0,0,1,1,2,7
,2015_09353,39.779435,-104.979009,2/2/2015 7:55,7:55,5,0,0,I-70 & WASHINGTON ST N,5,1,0,0,2,4,,,55,0,0,0,0,0,1,1,13
,2015_09354,39.779997,-104.949807,5/4/2015 14:47,14:47,12,0,0,I-70 & STEELE ST N,1,1,0,0,1,4,,,55,0,0,0,0,0,1,2,13
,2015_09355,39.779721,-104.984089,7/31/2015 12:03,12:03,5,0,1,46TH AVE E & BRIGHTON BLVD N,1,1,1,0,2,4,,,35,0,0,0,1,3,4,1,7
,2015_09356,39.779435,-104.979009,5/26/2015 12:56,12:56,12,0,0,I-70 & WASHINGTON ST N,1,1,0,0,1,4,,,55,0,0,0,0,0,1,2,13
,2015_09357,39.779895,-104.967089,2/24/2015 7:36,7:36,12,0,0,I-70 & BRIGHTON BLVD N,5,1,0,2,1,4,,,55,0,0,0,0,0,1,2,7
,2015_09358,39.780016,-104.953183,3/2/2015 8:10,8:10,3,0,1,48TH AVE E & VASQUEZ BLVD FRONTAGE RD N,1,1,0,0,1,1,,,35,0,0,0,1,2,4,1,13
,2015_09359,39.780012,-104.952577,2/9/2015 20:55,20:55,12,0,0,I-70  EB ON RAMP GORE PT & STEEL ST,1,3,0,0,1,4,,,55,0,0,0,0,0,1,3,14
,2015_09360,39.779948,-104.941356,3/10/2015 17:28,17:28,12,0,0,I-70 & COLORADO BLVD N,1,1,0,0,1,4,,,55,0,0,0,0,0,1,2,13
,2015_09361,39.779944,-104.940633,8/14/2015 8:26,8:26,12,0,0,I-70 & COLORADO BLVD N,1,1,0,0,1,4,,,55,0,0,0,0,0,1,2,7
,2015_09362,39.779947,-104.94004,3/22/2015 11:25,11:25,12,0,0,I-70 WB OFF RAMP & COLORADO BLVD N,1,1,0,0,1,8,,,35,0,0,0,0,0,1,2,8
,2015_09363,39.778341,-104.92238,1/23/2015 7:51,7:51,12,0,0,I-70 & HOLLY ST N,1,1,0,0,1,4,,,55,0,0,0,0,0,1,2,13
,2015_09364,39.778287,-104.912805,4/6/2015 8:02,8:02,15,0,0,I-70 & MONACO ST N,1,1,0,0,1,4,,,55,0,0,0,0,0,1,2,13
,2015_09365,39.780031,-104.93177,12/28/2015 15:07,15:07,12,0,0,I-70 & N DAHLIA ST,1,2,0,0,1,4,,,55,0,0,0,0,0,1,2,13
,2015_09366,39.7783,-104.903459,6/26/2015 21:20,21:20,15,0,0,I-70 & QUEBEC ST N,1,3,0,0,1,4,,,55,0,0,0,0,0,1,2,3
,2015_09367,39.7783,-104.903459,7/21/2015 8:51,8:51,12,0,0,I-70 & QUEBEC ST N,1,1,0,0,1,4,,,55,0,0,0,0,1,1,4,1
,2015_09368,39.775623,-104.865778,6/8/2015 4:10,4:10,6,0,1,I-70 & HAVANA ST N,1,2,0,0,1,4,,,55,0,0,0,0,3,1,2,2
,2015_09369,39.775623,-104.865778,6/10/2015 17:06,17:06,12,0,0,I-70 & HAVANA ST N,1,1,1,0,1,4,,,55,0,0,0,0,0,1,3,13
,2015_09370,39.775623,-104.865778,8/3/2015 0:17,0:17,15,0,0,I-70 & HAVANA ST N,1,3,0,0,1,4,,,50,0,0,0,0,0,1,2,14
,2015_09409,39.678438,-104.993322,5/30/2015 13:40,13:40,5,0,0,SANTA FE DR S & EVANS AVE W,1,1,0,0,1,4,,,45,0,0,0,0,0,2,2,13
,2015_09410,39.678438,-104.993322,6/4/2015 17:21,17:21,12,0,0,EVANS AVE W & SANTA FE DR S,1,1,1,0,1,3,,,35,0,0,0,0,0,2,2,14
,2015_09411,39.678438,-104.993322,7/22/2015 13:57,13:57,10,0,0,SANTA FE DR S & EVANS AVE E,1,1,1,0,1,1,,,45,0,0,0,0,0,2,2,13
,2015_09412,39.691896,-104.992379,12/15/2015 2:40,2:40,5,0,0,SANTA FE DR S & ARKANSAS AVE W,4,3,0,2,2,4,,,35,0,0,0,0,0,2,1,13
,2015_09413,39.687549,-104.99194,3/6/2015 18:15,18:15,1,0,2,SANTA FE DR S & IOWA AVE W,1,3,0,0,1,1,,,55,0,0,0,0,3,2,4,13
,2015_09414,39.689371,-104.992053,4/5/2015 22:00,22:00,5,0,0,FLORIDA AVE W & SANTA FE DR S,1,3,0,0,2,4,,,30,0,0,0,0,0,2,1,5
,2015_09419,39.722848,-105.025191,8/14/2015 21:51,21:51,12,0,0,FEDERAL BLVD N & SHORT PL W,1,3,0,0,1,3,,,35,0,0,0,0,0,2,3,6
,2015_09423,39.737975,-105.025273,7/27/2015 18:55,18:55,1,0,0,FEDERAL BLVD N & 14TH AVE W,1,1,0,0,1,1,,,35,0,0,0,0,0,2,2,13
,2015_09424,39.729259,-105.02515,2/2/2015 8:30,8:30,14,0,0,FEDERAL BLVD N & 8TH AVE W,1,1,0,0,1,3,,,35,0,0,0,0,0,2,2,14
,2015_09425,39.721318,-105.025197,6/13/2015 6:13,6:13,12,0,0,FEDERAL BLVD N & 3RD AVE W,2,1,0,1,1,1,,,35,0,0,0,0,0,2,2,13
,2015_09426,39.694735,-105.025055,6/14/2015 10:00,10:00,15,0,0,FEDERAL BLVD 1100 BLK S & ARIZONA AVE W,1,1,0,0,1,4,,,35,0,0,0,0,0,2,2,13
,2015_09427,39.689552,-105.02506,1/7/2015 5:31,5:31,3,0,0,FEDERAL BLVD S & FLORIDA AVE W,5,3,0,0,1,1,,,40,0,0,0,0,0,2,2,14
,2015_09437,0,0,12/6/2015 15:45,15:45,9,0,0,PENA BLVD & 5700 BLK,1,1,0,0,3,4,,,65,0,0,0,0,1,4,1,14
,2015_09440,39.74612,-105.025222,7/15/2015 14:00,14:00,3,0,0,FEDERAL BLVD N & 1845,1,1,1,0,1,2,,,,0,0,0,0,0,2,1,13
,2015_09442,39.682241,-105.053199,5/28/2015 5:28,5:28,1,0,0,SHERIDAN BLVD S & JEWELL AVE W,1,1,1,0,1,1,,,40,0,0,0,0,0,2,2,1
,2015_09444,39.768415,-105.053247,7/3/2015 10:35,10:35,12,0,0,SHERIDAN BLVD 3700 BLK N & 38TH AVE W,1,1,0,0,1,4,,,35,0,0,0,0,0,2,2,13
,2015_09445,39.772925,-105.053235,7/31/2015 17:02,17:02,12,0,0,SHERIDAN BLVD 4000 BLN N & 41ST AVE W,1,1,0,0,1,3,,,35,0,0,0,0,1,2,2,3
,2015_09486,39.639112,-104.885435,5/13/2015 9:10,9:10,12,0,0,I-225 SB COLLECTOR ON RAMP FROM & YOSEMITE ST,1,1,1,0,1,8,,,35,0,0,0,0,0,1,2,13
,2015_09487,39.639275,-104.885096,7/8/2015 7:20,7:20,3,0,0,YOSEMITE ST S & I-225 SB RAMPS,1,1,1,0,1,1,,,35,0,0,0,0,0,1,2,12
,2015_09490,39.639275,-104.885096,11/18/2015 15:00,15:00,12,0,0,I-225 & YOSEMITE ST S,1,1,0,0,1,4,,,55,0,0,0,0,0,1,2,16
,2015_09500,39.778195,-104.896508,7/18/2015 0:05,0:05,9,0,1,I-270 EB DIRECT CONNECT & I-70 FLYOVER,1,4,1,0,2,4,,,55,0,0,0,0,2,1,1,12
,2015_09513,39.652978,-104.919053,5/7/2015 20:27,20:27,12,0,0,HAMPDEN AVE E & I-25 SB RAMPS,2,3,0,1,1,1,,,35,0,0,0,0,0,2,2,12
,2015_09517,39.787464,-105.025221,10/25/2015 15:30,15:30,15,0,0,FEDERAL BLVD N & 50TH AVE,1,1,0,0,1,4,,,35,0,0,0,0,0,2,3,13
,2015_09587,39.823228,-104.786375,6/22/2015 6:10,6:10,5,0,0,PENA BLVD 6400 BLK & MM 4,1,1,0,7,3,4,,,65,0,0,0,0,0,4,1,16
,2015_09657,0,0,6/9/2015 19:00,19:00,5,0,0,2ND AVE W & UMATILLA ST N,2,1,0,0,3,3,,,30,0,0,0,0,0,4,1,14
,2015_09672,0,0,6/3/2015 8:15,8:15,12,0,0,1ST AVE 2300 BLK E & UNIVERSITY BLVD N,1,1,0,7,1,4,,,30,0,0,0,0,0,4,2,16
,2015_09673,0,0,1/30/2015 10:46,10:46,10,0,0,3RD AVE E & BROADWAY ST N,1,1,0,0,1,1,,,30,0,0,0,0,1,4,2,8
,2015_09674,0,0,2/13/2015 16:07,16:07,1,0,1,8TH AVE E & HUDSON ST N,1,1,0,7,1,1,,,30,0,0,0,0,2,4,2,16
,2015_09675,0,0,5/15/2015 15:30,15:30,6,0,0,8TH AVE 800 BLK W & SANTA FE DR N,1,1,0,7,1,4,,,35,0,0,0,0,0,4,3,16
,2015_09676,0,0,8/30/2015 15:25,15:25,11,0,0,8TH AVE W & SANTA FE DR N,1,1,0,0,1,3,,,35,0,1,0,0,0,4,2,13
,2015_09677,0,0,2/27/2015 12:15,12:15,12,0,0,9TH AVE & LINCOLN ST,2,1,0,7,1,1,,,25,0,0,0,0,0,4,2,16
,2015_09678,0,0,3/10/2015 11:50,11:50,3,0,0,9TH AVE E & LOGAN ST,1,1,0,7,1,1,,,30,0,0,0,0,0,4,2,16
,2015_09679,0,0,2/27/2015 15:27,15:27,3,0,0,12TH AVE W & DELAWARE ST N,11,1,0,7,1,1,,,25,0,0,0,0,0,4,2,16
,2015_09680,0,0,11/3/2015 20:00,20:00,6,0,0,12TH AVE & 700 BLK E,1,2,0,7,1,4,,,30,0,0,0,0,0,4,2,14
,2015_09681,0,0,11/20/2015 16:00,16:00,6,0,0,13TH AVE E & ST PAUL ST N,1,1,0,7,1,4,,,25,0,0,0,0,0,4,2,14
,2015_09682,0,0,7/20/2015 15:20,15:20,3,0,0,12TH AVE E & WASHINGTON ST N,1,1,1,7,1,1,,,30,0,0,0,0,1,4,3,16
,2015_09683,0,0,5/27/2015 20:26,20:26,15,0,0,13TH AVE 2100 BLK E & GAYLORD ST N,1,3,0,0,1,4,,,30,0,0,0,0,0,4,2,2
,2015_09684,0,0,6/10/2015 12:50,12:50,15,0,0,13TH AVE 100 BLK E & SHERMAN ST N,1,1,1,0,1,4,,,30,0,0,0,0,0,4,3,13
,2015_09685,0,0,6/24/2015 19:05,19:05,3,0,0,14TH AVE E & COOK ST N,2,1,0,1,1,1,,,25,0,0,0,0,0,4,2,14
,2015_09686,0,0,1/11/2015 10:25,10:25,3,0,0,16TH AVE E & OGDEN ST N,6,1,0,0,1,1,,,30,0,0,0,0,0,4,3,13