id,drcog_id,latitude,longitude,crashtime,time,crashtype,numbkilled,numbinjurd,drcoglocat,rdconditin,lightngcon,roadcntgrd,weatherco,location,roaddescrp,schoolzone,constrzone,splimit,bikeinv,pedinv,sctrinv,motoinv,svrty,rdsystem,ttlvehcls,hcf
,2015_09687,0,0,7/16/2015 16:30,16:30,10,0,1,17TH AVE E & 777,1,1,0,0,1,1,,,30,0,0,0,1,2,4,2,8
,2015_09688,0,0,5/12/2015 17:34,17:34,12,0,0,17TH AVE 700 BLK E & CLARKSON ST N,2,1,0,1,1,4,,,30,0,0,0,0,1,4,2,1
,2015_09689,0,0,9/11/2015 0:03,0:03,6,0,0,28TH AVE E & MONACO PKWY N,1,3,1,7,1,4,,,30,0,0,0,0,0,4,2,16
,2015_09690,0,0,10/29/2015 18:52,18:52,2,0,0,14TH AVE W & DELAWARE ST N,1,3,1,0,1,1,,,30,1,0,0,0,1,4,2,8
,2015_09691,0,0,7/3/2015 2:25,2:25,8,0,0,40TH AVE E & CENTRAL PARK BLVD N,1,3,0,7,1,1,,,35,0,0,0,0,0,4,2,1
,2015_09692,0,0,4/15/2015 19:00,19:00,4,0,0,40TH AVE 20000 BLK E & KIRK ST N,1,1,0,7,1,4,,,25,0,0,0,0,0,4,1,16
,2015_09693,0,0,1/26/2015 1:26,1:26,5,0,0,43RD AVE E & ELIZABETH ST N,1,3,0,0,3,1,,,25,0,0,0,0,0,4,1,14
,2015_09694,0,0,8/9/2015 20:32,20:32,3,0,0,46TH AVE E & HIMALAYA RD N,2,3,0,1,1,1,,,30,0,0,0,0,0,4,2,14
,2015_09695,0,0,8/30/2015 22:58,22:58,10,0,0,47TH AVE & 1800 BLK W,1,3,0,0,1,2,,,25,0,0,0,0,0,4,3,1
,2015_09696,0,0,6/23/2015 17:59,17:59,12,0,0,47TH AVE 10100 BLK E & FLORENCE ST N,1,1,0,7,1,3,,,35,0,0,0,0,0,4,2,8
,2015_09697,0,0,5/4/2015 9:10,9:10,5,0,0,47TH AVE E & PARIS ST N,2,1,0,1,2,4,,,35,0,0,0,0,0,4,1,13
,2015_09698,0,0,3/5/2015 8:29,8:29,15,0,0,49TH AVE E & OAKLAND ST N,1,1,0,0,1,1,,,25,0,0,0,0,0,4,2,8
,2015_09699,0,0,1/9/2015 0:57,0:57,6,0,0,51ST AVE W & BENTON ST N,5,4,1,2,3,4,,,25,0,0,0,0,0,4,2,14
,2015_09700,0,0,2/1/2015 15:01,15:01,12,0,0,51ST AVE E & PEORIA ST N,5,1,0,7,1,1,,,25,0,0,0,0,0,4,2,16
,2015_09701,0,0,8/29/2015 22:22,22:22,12,0,0,51ST AVE E & PEORIA ST N,1,3,0,0,1,1,,,30,0,0,0,0,0,4,2,13
,2015_09702,0,0,4/30/2015 9:35,9:35,12,0,0,56TH AVE E & PENA BLVD,1,1,0,7,1,1,,,20,0,0,0,0,0,4,2,16
,2015_09703,0,0,2/12/2015 7:50,7:50,3,0,0,78TH AVE 23400 BLK E & GUN CLUB RD N,1,1,1,0,1,2,,,45,0,0,0,0,0,4,2,8
,2015_09704,0,0,3/25/2015 6:15,6:15,12,0,0,78TH AVE E & N JACKSON GAP,2,2,0,1,1,1,,,45,0,0,0,0,0,4,2,16
,2015_09706,0,0,5/2/2015 17:30,17:30,12,0,0,BLAKE ST 2300 & PARK AVE W,1,1,0,7,1,4,,,25,0,0,0,0,0,4,2,16
,2015_09707,0,0,3/30/2015 11:08,11:08,2,0,0,BLAKE ST & 15TH ST,1,1,0,0,1,1,,,30,1,0,0,0,1,4,2,13
,2015_09708,0,0,5/26/2015 18:15,18:15,12,0,0,BLAKE ST & 20TH ST,1,1,0,7,1,1,,,30,0,0,0,0,0,4,2,16
,2015_09709,0,0,4/18/2015 19:55,19:55,12,0,0,BLAKE ST 2200 BLK & 22ND ST,1,3,0,0,1,4,,,25,0,0,0,0,0,4,2,7
,2015_09710,0,0,7/17/2015 8:34,8:34,15,0,0,BROADWAY ST 1200 BLK N & 12TH AVE E,1,1,0,7,1,4,,,30,0,0,0,0,0,4,2,16
,2015_09711,0,0,6/10/2015 16:20,16:20,15,0,0,BROADWAY ST 1500 BLK N & COLFAX AVE,1,1,0,0,1,4,,,30,0,0,0,0,1,4,2,1
,2015_09712,0,0,9/22/2015 11:00,11:00,12,0,0,BROADWAY ST N & 7TH AVE E,1,1,1,0,1,4,,,30,0,0,0,0,0,4,2,16
,2015_09713,0,0,8/15/2015 12:41,12:41,5,0,0,BROADWAY ST N & IRVINGTON PL W,1,1,0,0,1,4,,,35,0,0,0,0,0,4,2,3
,2015_09714,0,0,8/13/2015 6:50,6:50,12,0,0,BROADWAY ST 2100 BLK S & EVANS AVE E,1,1,0,0,1,3,,,35,0,0,0,0,0,4,2,1
,2015_09715,0,0,10/21/2015 7:57,7:57,12,0,0,BROADWAY ST 1200 BLK S & LOUISIANA AVE W,2,1,0,1,1,3,,,30,0,0,0,0,0,4,2,3
,2015_09716,0,0,7/12/2015 3:17,3:17,15,0,0,BROADWAY ST S & OHIO AVE E,1,3,0,7,1,1,,,35,0,0,0,0,0,4,2,16
,2015_09717,0,0,1/14/2015 19:21,19:21,1,0,2,BROADWAY ST N & PARK AVE W,1,3,0,7,1,1,,,30,0,0,0,0,2,4,2,1
,2015_09718,0,0,7/12/2015 13:25,13:25,1,0,0,BROADWAY ST N & PARK AVE W,1,1,0,0,1,1,,,30,0,0,0,0,0,4,2,1
,2015_09719,0,0,6/8/2015 10:45,10:45,15,0,0,BROADWAY ST 2100 BLK N & 22ND ST,1,1,0,7,1,4,,,35,0,0,0,0,0,4,2,16
,2015_09720,0,0,10/17/2015 14:30,14:30,3,0,1,BROADWAY ST N & SPEER BLVD E,1,1,0,0,1,1,,,30,0,0,0,0,2,4,2,10
,2015_09721,0,0,3/29/2015 16:30,16:30,6,0,0,BRYANT ST 1400 BLK S & FLORIDA AVE W,1,1,0,7,1,2,,,30,0,0,0,0,0,4,2,7
,2015_09722,0,0,2/3/2015 20:13,20:13,5,0,0,BUCHTEL BLVD E & CORONA ST S,1,3,0,7,3,1,,,25,0,0,0,0,0,4,1,16
,2015_09723,0,0,4/4/2015 9:36,9:36,3,0,0,BUCHTEL BLVD N & LOUISIANA AVE E,1,1,0,7,1,1,,,30,0,0,0,0,0,4,2,3
,2015_09724,0,0,8/26/2015 18:05,18:05,3,0,0,CEDAR AVE E & ELM ST S,1,1,0,0,1,1,,,20,0,0,0,0,0,4,2,13
,2015_09725,0,0,6/12/2015 15:54,15:54,1,1,1,CHAMBERS RD N & ANDREWS DR E,1,1,0,0,1,1,,,40,0,0,0,0,4,4,3,1
,2015_09726,0,0,4/14/2015 7:45,7:45,6,0,0,CLEVELAND PL 2300 BLK & PARK AVE W,1,1,0,7,1,4,,,25,0,0,0,0,0,4,2,16
,2015_09727,0,0,11/12/2015 18:35,18:35,5,0,0,CHERRY CREEK DR N & ALAMEDA AVE E,1,3,0,0,3,1,,,35,0,0,0,0,0,4,1,16
,2015_09728,0,0,6/28/2015 8:10,8:10,3,0,1,COLUMBINE ST N & 14TH AVE E,1,1,0,7,1,1,,,30,0,0,0,0,2,4,2,16
,2015_09729,0,0,6/25/2015 19:43,19:43,3,0,0,COOK ST 4200 BLK N & 42ND AVE E,1,1,0,7,1,1,,,30,0,0,0,0,0,4,2,16
,2015_09730,0,0,11/22/2015 2:50,2:50,5,0,0,CRESTLINE AVE W & DOVER ST S,1,3,0,0,3,3,,,35,0,0,0,0,0,4,1,5
,2015_09731,0,0,5/6/2015 16:00,16:00,10,0,0,DAHLIA ST 4600 BLK N & STAPLETON DR N,1,1,0,0,1,1,,,30,0,0,0,0,0,4,2,8
,2015_09732,0,0,2/1/2015 19:00,19:00,3,0,0,DARTMOUTH AVE W & ZURICH CT S,1,3,0,7,1,1,,,30,0,0,0,0,0,4,2,1
,2015_09733,0,0,5/29/2015 6:20,6:20,11,0,1,DAYTON ST S & ALAMEDA AVE E,1,1,0,0,1,1,,,45,0,1,0,0,3,4,2,1
,2015_09734,0,0,5/29/2015 12:33,12:33,15,0,0,EVANS AVE 6500 BLK E & MONACO PKWY S,1,1,0,0,1,4,,,30,0,0,0,0,0,4,2,14
,2015_09735,0,0,6/8/2015 17:32,17:32,5,0,0,EVANS AVE W & NEWTON ST S,1,1,0,7,3,1,,,30,0,0,0,0,0,4,1,2
,2015_09736,0,0,6/8/2015 11:37,11:37,3,0,0,EVANS AVE E & ONEIDA ST S,1,1,1,0,1,1,,,30,0,0,0,0,0,4,2,13
,2015_09737,0,0,7/2/2015 19:24,19:24,12,0,0,GLENARM PL 1600 BLK & 16TH ST,1,2,0,7,1,4,,,25,0,0,0,0,0,4,2,1
,2015_09738,0,0,7/1/2015 10:20,10:20,3,0,0,GRANT ST N & 16TH AVE E,1,1,0,7,1,1,,,25,0,0,0,0,0,4,2,16
,2015_09739,0,0,6/9/2015 21:00,21:00,6,0,0,GREEN CT & 2700 BLK S,1,3,0,0,1,4,,,25,0,0,0,0,0,4,2,13
,2015_09740,0,0,7/4/2015 21:54,21:54,11,0,1,GREEN VALLRY RANCH BLVD 18600 BLK E & ARGONNE ST E,1,3,0,0,1,4,,,35,0,1,0,0,2,4,3,1
,2015_09741,0,0,1/20/2015 21:15,21:15,1,0,2,GVR BLVD E & PENA BLVD OFF RAMP N,1,3,0,7,1,1,,,35,0,0,0,0,2,4,2,16
,2015_09742,0,0,4/23/2015 7:05,7:05,6,0,0,INGALLS WAY & 3000 BLK S,1,1,0,0,1,4,,,25,0,0,0,0,0,4,2,13
,2015_09743,0,0,6/26/2015 9:46,9:46,6,0,0,IVY ST 200 BLK S & CEDAR AVE E,1,1,0,7,1,4,,,25,0,0,0,0,0,4,2,14
,2015_09744,0,0,2/27/2015 16:02,16:02,3,0,0,JOSEPHINE ST 4500 BLK N & 45TH AVE E,2,1,0,7,1,1,,,30,0,0,0,0,0,4,2,16
,2015_09746,0,0,8/13/2015 16:05,16:05,3,0,0,KENTUCKY AVE W & FEDERAL BLVD S (E ALLEY),1,1,0,0,1,5,,,10,0,0,0,0,0,4,2,1
,2015_09747,0,0,4/25/2015 19:20,19:20,2,0,0,KENTUCKY AVE W & HAZEL CT S,1,3,0,1,1,1,,,25,1,0,0,0,0,4,2,13
,2015_09748,0,0,12/16/2015 13:46,13:46,3,0,0,KENTUCKY AVE W & S DALE CT,4,1,0,0,1,1,,,25,0,0,0,0,1,4,4,14
,2015_09749,0,0,6/26/2015 18:11,18:11,3,0,0,LARIMER ST 2800 BLK & 29TH ST,1,5,1,7,1,1,,,30,0,0,0,0,0,4,2,8
,2015_09750,0,0,4/23/2015 12:45,12:45,6,0,0,LARIMER ST 3000 BLK & 30TH ST,1,1,0,7,1,4,,,30,0,0,0,0,0,4,2,1
,2015_09751,0,0,7/31/2015 16:51,16:51,15,0,0,LINCOLN ST N & 7TH AVE E,1,1,0,7,1,4,,,30,0,0,0,0,0,4,2,16
,2015_09752,0,0,6/26/2015 12:30,12:30,12,0,0,LOGAN ST N & 1020,1,1,0,0,1,4,,,30,0,0,0,0,0,4,2,13
,2015_09753,0,0,8/9/2015 13:32,13:32,6,0,0,LINCOLN ST S & LOUISIANA AVE E,1,1,0,7,1,4,,,25,0,0,0,0,0,4,3,14
,2015_09754,0,0,2/13/2015 7:00,7:00,6,0,0,LIPAN ST & 4500 BLK N,1,1,0,0,1,2,,,25,0,0,0,0,0,4,2,13
,2015_09755,0,0,7/28/2015 17:00,17:00,3,0,1,LIPAN ST S & EVANS AVE W,1,1,0,0,1,1,,,35,0,0,0,1,2,4,2,13
,2015_09756,0,0,5/1/2015 14:05,14:05,5,0,0,LIPAN ST S & ILIFF AVE W,1,1,0,0,2,3,,,30,0,0,0,0,0,4,1,9
,2015_09757,0,0,7/15/2015 16:47,16:47,9,0,1,LIPAN ST S & VIRGINIA AVE W,2,1,0,0,1,1,,,30,0,0,0,1,2,4,2,13
,2015_09758,0,0,4/26/2015 12:30,12:30,15,0,0,LOGAN ST & 900 BLK N,2,1,0,1,1,4,,,30,0,0,0,0,0,4,2,13
,2015_09759,0,0,7/14/2015 13:40,13:40,11,0,0,LINCOLN ST N & 16TH AVE E,1,1,1,0,1,1,,,30,0,1,0,0,1,4,3,13
,2015_09760,0,0,6/11/2015 19:57,19:57,12,0,0,LOGAN ST & ILIFF AVE E,2,3,0,1,1,1,,,25,0,0,0,0,0,4,2,13
,2015_09761,0,0,10/11/2015 14:24,14:24,6,0,0,LOGAN ST S & DAKOTA ST E,1,1,0,7,1,3,,,30,0,0,0,0,0,4,2,16
,2015_09762,0,0,5/17/2015 12:53,12:53,15,0,0,MADISON ST N & 27TH AVE E,1,1,0,0,1,4,,,25,0,0,0,0,0,4,2,13
,2015_09763,0,0,6/13/2015 21:36,21:36,6,0,0,MARKET ST 1400 BLK & 15TH ST,2,3,0,1,1,4,,,25,0,0,0,0,0,4,2,14
,2015_09764,0,0,1/7/2015 7:00,7:00,3,0,0,MAXWELL PL E & CHAMBERS RD N,5,2,0,2,1,1,,,40,0,0,0,0,0,4,2,7
,2015_09766,0,0,7/15/2015 3:00,3:00,6,0,0,MEXICO AVE W & ALCOTT ST S,1,4,0,7,1,4,,,25,0,0,0,0,0,4,2,16
,2015_09767,0,0,2/11/2015 16:05,16:05,3,0,0,MISSISSIPPI AVE E & ADAMS ST S,1,1,0,0,1,1,,,30,0,0,0,0,0,4,2,13
,2015_09768,0,0,11/13/2015 21:02,21:02,12,0,0,MISSISSIPPI AVE 9100 BLK & ALTON WAY S,1,3,0,0,1,1,,,35,0,0,0,0,0,4,2,13
,2015_09769,0,0,1/3/2015 14:20,14:20,3,0,0,MISSISSIPPI AVE W & LIPAN ST S,5,1,1,2,1,1,,,30,0,0,0,0,1,4,2,7
,2015_09770,0,0,6/4/2015 14:53,14:53,12,0,0,MONACO ST N & 7TH AVE E,1,1,0,7,1,4,,,30,0,0,0,0,0,4,3,16
,2015_09771,0,0,4/29/2015 13:34,13:34,1,0,0,MONACO ST N & 38TH AVE E,1,1,0,7,1,1,,,35,0,0,0,0,1,4,2,16
,2015_09772,0,0,1/7/2015 17:25,17:25,14,0,0,PERRY ST N & 40TH AVE W,5,3,0,7,1,1,,,30,0,0,0,0,0,4,2,16
,2015_09773,0,0,5/22/2015 15:36,15:36,12,0,1,MONACO ST 1900 BLK S & JEWELL AVE E,1,1,0,7,1,4,,,30,0,0,0,0,2,4,2,4
,2015_09774,0,0,4/24/2015 7:53,7:53,12,0,0,MONACO ST 800 BLK S & LEETSDALE DR,1,1,1,7,1,3,,,35,0,0,0,0,0,4,2,16
,2015_09775,0,0,2/28/2015 15:27,15:27,3,0,0,MONACO PKWY 1700 BLK N & 17TH AVE PKWY E,2,1,0,7,1,1,,,30,0,0,0,0,0,4,2,16
,2015_09776,0,0,10/17/2015 18:48,18:48,3,0,1,46TH PL E & XENIA ST N,1,4,0,0,1,1,,,30,0,0,0,0,2,4,2,7
,2015_09777,0,0,2/1/2015 1:36,1:36,5,0,0,PENA BLVD & 7200 BLK,10,3,0,2,2,4,,,65,0,0,0,0,0,4,1,7
,2015_09778,0,0,7/14/2015 14:51,14:51,12,0,0,PENA BLVD & 56TH AVE E,1,1,1,7,1,1,,,40,0,0,0,0,0,4,2,16
,2015_09779,0,0,6/15/2015 16:30,16:30,2,0,0,PENNSYLVANIA ST 1900 BLK N & 19TH AVE E,1,1,0,0,1,3,,,25,1,0,0,0,0,4,2,13
,2015_09780,0,0,6/23/2015 13:12,13:12,1,0,0,PEORIA ST & 4600 BLK N,1,1,1,0,1,2,,,40,0,0,0,0,0,4,2,8
,2015_09781,0,0,6/9/2015 16:08,16:08,1,0,0,PEORIA ST N & 44TH AVE E,1,1,1,7,1,2,,,35,0,0,0,0,0,4,2,16
,2015_09782,0,0,7/17/2015 6:50,6:50,12,0,0,PERRY ST S & CEDAR AVE W,1,1,1,7,1,4,,,25,0,0,0,0,0,4,2,1
,2015_09783,0,0,2/26/2015 7:10,7:10,3,0,0,QUEBEC ST N & 2ND AVE E,4,2,0,0,1,1,,,35,0,0,0,0,1,4,2,1
,2015_09785,0,0,3/13/2015 9:38,9:38,3,0,0,RIO GRANDE BLVD N & 3RD AVE W,2,1,0,1,1,1,,,25,0,0,0,0,0,4,2,13
,2015_09786,0,0,10/28/2015 15:50,15:50,5,0,0,3RD ST & GALAPAGO ST N,1,1,0,0,2,5,,,15,0,0,0,0,0,4,1,13
,2015_09787,0,0,11/18/2015 15:15,15:15,10,0,0,QUIVAS ST S & MISSISSIPPI AVE W,1,1,0,0,1,4,,,25,0,0,0,0,0,4,2,16
,2015_09788,0,0,1/21/2015 16:49,16:49,7,0,0,17TH ST & STOUT ST,2,3,0,2,1,1,,,30,0,0,0,0,0,4,1,7
,2015_09789,0,0,7/3/2015 12:20,12:20,2,0,1,15TH ST & COURT PL,1,1,0,0,1,1,,,25,1,0,0,0,2,4,2,13
,2015_09790,0,0,8/3/2015 14:30,14:30,3,0,0,15TH ST & GLENARM PL,1,5,0,7,1,1,,,30,0,0,0,0,0,4,2,16
,2015_09791,0,0,5/30/2015 0:08,0:08,12,0,0,17TH ST & BLAKE ST,1,3,0,7,1,4,,,25,0,0,0,0,0,4,2,16
,2015_09792,0,0,4/7/2015 21:08,21:08,12,0,0,18TH ST 700 BLK & STOUT ST,1,3,0,7,1,3,,,30,0,0,0,0,1,4,3,5
,2015_09793,0,0,7/28/2015 15:03,15:03,3,0,0,22ND ST & STOUT ST,1,1,0,7,1,1,,,30,0,0,0,0,1,4,2,14
,2015_09794,0,0,6/19/2015 11:45,11:45,15,0,1,STAPLETON S DR E & DAHLIA ST N,1,1,0,7,1,1,,,40,0,0,0,0,2,4,2,16
,2015_09795,0,0,10/29/2015 15:16,15:16,7,0,0,17TH ST & CALIFORNIA ST,1,1,0,0,1,1,,,30,0,0,0,0,0,4,2,13
,2015_09796,39.711227,-105.046166,5/9/2015 4:30,4:30,5,0,0,ALAMEDA AVE & 4505 W,2,3,0,1,3,4,,,35,0,0,0,0,0,2,1,5
,2015_09797,0,0,10/29/2015 23:55,23:55,2,0,1,26TH ST & LARIMER ST,1,3,0,0,1,4,,,25,1,0,0,0,2,4,3,16
,2015_09798,0,0,7/28/2015 13:30,13:30,15,0,0,SPEER BLVD 700 BLK & BANNOCK ST N,1,1,0,7,1,4,,,30,0,0,0,0,0,4,2,16
,2015_09799,0,0,5/15/2015 16:16,16:16,12,0,0,SPEER BLVD E & DOWNING ST N,1,1,1,7,1,4,,,30,0,0,0,0,1,4,3,16
,2015_09800,0,0,5/5/2015 11:32,11:32,15,0,0,SPEER BLVD 300 BLK N & GRANT ST N,2,1,0,1,1,4,,,35,0,0,0,0,0,4,2,16
,2015_09801,0,0,5/25/2015 13:33,13:33,3,0,0,SPEER BLVD E & LINCOLN ST N,1,1,0,0,1,1,,,30,0,0,0,0,0,4,2,13
,2015_09802,0,0,5/31/2015 17:15,17:15,12,0,0,SPEER BLVD N & I-25 NB ON RAMP,1,1,0,0,1,4,,,30,0,0,0,0,0,4,4,3
,2015_09803,0,0,7/17/2015 12:36,12:36,12,0,0,SPEER BLVD N & STOUT ST,1,1,0,7,1,1,,,35,0,0,0,0,0,4,2,8
,2015_09804,0,0,4/16/2015 15:00,15:00,3,0,0,SPEER BLVD E & WASHINGTON ST N,2,1,1,2,1,1,,,30,0,0,0,0,1,4,2,3
,2015_09805,0,0,1/1/2015 4:01,4:01,5,0,0,SPEER BLVD N & WEWATTA ST,5,3,1,7,3,1,,,35,0,0,0,0,0,4,1,16
,2015_09806,0,0,5/20/2015 14:50,14:50,1,0,0,SPEER BLVD N & ZUNI ST N,1,1,1,7,1,1,,,30,0,0,0,0,1,4,2,16
,2015_09807,0,0,7/10/2015 13:32,13:32,12,0,0,UNIVERSITY BLVD S & ALAMEDA AVE E,1,1,0,7,1,4,,,35,0,0,0,0,0,4,3,3
,2015_09808,0,0,2/5/2015 14:34,14:34,12,0,0,UNIVERSITY BLVD S & EVANS AVE E,1,1,0,7,1,1,,,35,0,0,0,0,0,4,2,5
,2015_09809,0,0,2/7/2015 16:39,16:39,3,0,0,WARREN AVE E & HUMBOLDT ST S,1,1,0,7,1,1,,,25,0,0,0,0,0,4,2,16
,2015_09810,0,0,8/31/2015 15:05,15:05,15,0,0,WASHINGTON ST N & 24TH AVE E,1,1,0,0,1,4,,,25,0,0,0,0,0,4,2,13
,2015_09811,0,0,3/2/2015 16:15,16:15,12,0,0,WASHINGTON ST N & 50TH AVE E,2,1,0,7,1,1,,,35,0,0,0,0,0,4,2,16
,2015_09812,0,0,1/13/2015 17:45,17:45,15,0,0,WASHINGTON ST 5100 BLK N & 52ND AVE E,2,3,0,2,1,4,,,30,0,0,0,0,0,4,3,3
,2015_09813,0,0,5/20/2015 23:46,23:46,5,0,0,WOLFF ST S & 490,2,3,1,0,3,1,,,25,0,0,0,0,0,4,1,9
,2015_09927,39.678409,-104.940629,4/2/2015 19:55,19:55,15,0,0,COLORADO BLVD S & EVANS AVE E,2,4,0,2,1,1,,,40,0,0,0,0,0,2,2,14
,2015_09929,39.687563,-104.940549,7/1/2015 16:58,16:58,12,0,0,COLORADO BLVD S & IOWA AVE E,1,1,0,0,1,1,,,40,0,0,0,0,0,2,2,13
,2015_09930,39.688736,-104.940549,8/17/2015 18:01,18:01,12,0,0,COLORADO BLVD 1500 BLK S & FLORIDA AVE E,1,1,1,0,1,4,,,40,0,0,0,0,0,2,2,13
,2015_09931,39.687856,-104.940549,1/12/2015 16:22,16:22,11,0,1,COLORADO BLVD 1500 BLK S & IOWA AVE W,1,1,1,0,1,2,,,15,0,1,0,0,2,2,2,3
,2015_09932,39.689321,-104.940549,4/15/2015 9:03,9:03,1,0,0,COLORADO BLVD S & FLORIDA AVE E,1,1,0,0,1,1,,,35,0,0,0,0,0,2,2,13
,2015_09934,39.734732,-104.940618,8/23/2015 12:20,12:20,12,0,0,12TH AVE E & COLORADO BLVD N,1,1,0,0,1,1,,,30,0,0,0,0,1,2,2,13
,2015_09935,39.744162,-104.940607,4/6/2015 14:53,14:53,12,0,0,COLORADO BLVD 1700 BLK N & 17TH AVE E,1,1,0,0,1,4,,,35,0,0,0,0,0,2,3,13
,2015_09936,39.744898,-104.940606,2/4/2015 14:51,14:51,12,0,0,COLORADO BLVD 1800 BLK N & 18TH AVE E,1,1,1,0,1,3,,,30,0,0,0,0,1,2,5,3
,2015_09937,39.768415,-104.940491,3/28/2015 18:03,18:03,12,0,0,COLORADO BLVD 3700 BLK N & 37TH AVE E,1,1,0,0,1,3,,,40,0,0,0,0,0,2,2,7
,2015_09938,39.772893,-104.940506,1/10/2015 17:06,17:06,1,0,0,COLORADO BLVD 4000 N & 40TH AVE E,1,2,0,0,1,1,,,40,0,0,0,0,0,2,2,13
,2015_09939,39.77303,-104.940506,1/10/2015 18:22,18:22,3,0,0,COLORADO BLVD 4000 N & 40TH AVE E,1,3,0,0,1,2,,,40,0,0,0,0,0,2,2,1
,2015_09940,39.779118,-104.940517,2/1/2015 11:05,11:05,3,0,0,COLORADO BLVD N & I-70,4,1,2,2,1,1,,,25,0,0,0,0,0,2,3,8
,2015_09943,39.725516,-105.013084,6/26/2015 16:33,16:33,12,0,0,6TH AVE W & I-25,1,1,0,0,1,4,,,45,0,0,0,0,0,2,3,13
,2015_09986,39.624267,-104.901677,6/30/2015 18:25,18:25,15,0,0,I-25 NB ON RAMP & BELLEVIEW AVE E,1,1,0,0,1,8,,,45,0,0,0,0,0,1,2,13
,2015_09987,39.633924,-104.906684,5/18/2015 12:32,12:32,15,0,0,I-25 & I-225 FLYOVER,1,1,0,0,1,4,,,65,0,0,0,0,0,1,2,13
,2015_09989,39.709874,-104.998115,6/30/2015 16:07,16:07,15,0,0,I-25 NB ON FLYOVER RAMP FROM SANTA FE DR & ALAMEDA AVE W,1,1,1,0,1,8,,,45,0,0,0,0,0,1,2,13
,2015_09990,39.710003,-104.998183,5/20/2015 13:57,13:57,12,0,0,I-25 NB FLYOVER ON RAMP FROM SANTA FE & ALAMEDA AVE W,1,1,1,0,1,8,,,40,0,0,0,0,1,1,2,3
,2015_09991,39.71124,-104.998918,2/5/2015 8:56,8:56,12,0,0,I-25 & ALAMEDA AVE W,1,1,1,0,1,4,,,55,0,0,0,0,0,1,2,8
,2015_09992,39.71124,-104.998918,2/13/2015 12:32,12:32,12,0,0,I-25 & ALAMEDA AVE W,1,1,0,0,1,4,,,55,0,0,0,0,0,1,2,13
,2015_09993,39.713064,-105.000002,4/13/2015 12:30,12:30,12,0,0,I-25 & CEDAR AVE W (NOT IN TCORIS),1,1,0,0,1,4,,,55,0,0,0,0,0,1,2,7
,2015_09994,39.714922,-105.001188,1/2/2015 11:54,11:54,12,0,0,I-25 & BAYAUD AVE W,1,1,0,0,1,4,,,55,0,0,0,0,0,1,3,13
,2015_09995,39.715575,-105.001637,5/25/2015 21:10,21:10,15,0,0,I-25 & ALAMEDA AVE W,2,3,0,1,1,4,,,55,0,0,0,0,0,1,2,13
,2015_09996,39.722563,-105.010032,2/17/2015 14:22,14:22,12,0,0,I-25 & 6TH AVE W,1,1,0,0,1,4,,,55,0,0,0,0,0,1,2,1
,2015_09997,39.722903,-105.010511,7/17/2015 15:35,15:35,12,0,0,I-25 & MM 209,1,1,1,0,1,4,,,55,0,0,0,0,0,1,2,13
,2015_09998,39.72543,-105.013021,4/28/2015 16:25,16:25,15,0,0,I-25 & 6TH AVE W,1,1,0,0,1,4,,,55,0,0,0,0,0,1,2,13
,2015_09999,39.72543,-105.013021,6/13/2015 11:06,11:06,12,0,0,I-25 & 6TH AVE W,1,1,0,0,1,4,,,55,0,0,0,0,0,1,2,13
,2015_10000,39.72543,-105.013021,7/13/2015 15:58,15:58,12,0,0,I-25 & 6TH AVE W,1,1,1,0,1,4,,,55,0,0,0,0,0,1,3,13
,2015_10001,39.72543,-105.013021,10/12/2015 12:00,12:00,12,0,0,I-25 & 6TH AVE W,1,1,0,0,1,4,,,55,0,0,0,0,0,1,3,16
,2015_10002,39.739838,-105.013897,1/12/2015 17:05,17:05,15,0,0,ZUNI ST N / LOWER COLFAX AVE W & I-25 SB ON RAMP F INTERSECTION,1,1,1,0,1,1,,,30,0,0,0,0,0,1,2,13
,2015_10003,39.740652,-105.013983,11/15/2015 1:23,1:23,5,0,0,I-25 NB OFF RAMP & COLFAX AVE W,1,4,1,0,2,8,,,55,0,0,0,0,0,1,1,5
,2015_10004,39.748504,-105.017755,1/19/2015 17:41,17:41,12,0,0,I-25 & 23RD AVE W,1,3,0,0,1,4,,,55,0,0,0,0,0,1,3,3
,2015_10005,39.749504,-105.017339,11/9/2015 22:36,22:36,5,0,0,I-25 & MM 211,1,3,0,0,2,4,,,55,0,0,0,0,0,1,1,3
,2015_10006,39.760997,-105.004275,8/1/2015 16:34,16:34,12,0,0,20TH ST & I-25 HWY NB,1,1,1,7,1,1,,,45,0,0,0,0,0,1,2,8
,2015_10007,39.779391,-104.989165,5/21/2015 17:03,17:03,12,0,0,I-25 & I-70,1,1,0,0,1,4,,,55,0,0,0,0,0,1,2,14
,2015_10041,39.711184,-105.000622,2/12/2015 17:00,17:00,12,0,0,PLATTE RIVER DR S & ALAMEDA AVE W,1,1,0,0,1,3,,,40,0,0,0,0,0,2,2,2
,2015_10043,39.711126,-105.015723,11/13/2015 12:25,12:25,1,0,0,ALAMEDA AVE W & ZUNI ST S,1,1,0,0,1,1,,,35,0,0,0,0,0,2,2,8
,2015_10044,39.711184,-105.000811,3/2/2015 12:35,12:35,12,0,0,ALAMEDA AVE W & PLATTE RIVER DR S,1,1,0,0,1,3,,,35,0,0,0,0,0,2,2,8
,2015_10045,39.7112,-104.999749,9/4/2015 15:00,15:00,2,0,1,ALAMEDA AVE W & I-25 SB OFF RAMP,1,1,1,0,1,1,,,,1,0,0,0,2,2,2,13
,2015_10046,39.653094,-104.912878,11/9/2015 18:00,18:00,15,0,0,MONACO ST 3400 S & HAMPDEN AVE E,1,3,0,0,1,3,,,35,0,0,0,0,0,2,2,1