id,drcog_id,latitude,longitude,crashtime,time,crashtype,numbkilled,numbinjurd,drcoglocat,rdconditin,lightngcon,roadcntgrd,weatherco,location,roaddescrp,schoolzone,constrzone,splimit,bikeinv,pedinv,sctrinv,motoinv,svrty,rdsystem,ttlvehcls,hcf
,2015_10047,39.653094,-104.912878,11/29/2015 19:08,19:08,3,0,0,MONACO ST 3500 BLK S & HAMPDEN AVE E,4,3,0,2,1,1,,,35,0,0,0,0,0,2,2,13
,2015_10060,39.740068,-104.940952,6/8/2015 6:24,6:24,12,0,0,COLFAX AVE 3900 BLK E & COLORADO BLVD,1,1,0,0,1,4,,,30,0,0,0,0,0,2,2,13
,2015_10061,39.740071,-104.920615,8/11/2015 2:34,2:34,12,0,0,COLFAX AVE E & IVY ST N,1,3,0,0,1,1,,,35,0,0,0,0,0,2,2,14
,2015_10062,39.740084,-104.908216,11/5/2015 17:58,17:58,11,0,1,COLFAX AVE E & ONEIDA ST N,1,3,0,0,1,1,,,30,0,1,0,0,2,2,2,16
,2015_10099,39.783138,-105.006328,7/15/2015 8:00,8:00,12,0,0,I-70 & PECOS ST N,1,1,0,0,1,4,,,55,0,0,0,0,0,1,3,13
,2015_10100,39.779912,-104.98847,3/2/2015 23:39,23:39,9,0,0,I-70 & WASHINGTON ST N,1,3,1,0,1,4,,,,0,0,0,0,1,1,2,13
,2015_10101,39.779704,-104.982391,2/20/2015 13:12,13:12,12,0,2,I-70 EB COLLECTOR RAMP & RAMP SPLIT (OFF RAMP TO WASHINGTON),1,1,0,0,1,8,,,45,0,0,0,0,2,1,2,13
,2015_10102,39.779435,-104.979009,2/3/2015 8:02,8:02,15,0,0,WASHINGTON ST & I-70,1,1,0,0,1,4,,,35,0,0,0,0,0,1,2,14
,2015_10103,39.779936,-104.98866,9/19/2015 2:06,2:06,5,0,5,I-70 WB ON LOOP RAMP FROM & I-25,1,4,1,0,3,8,,,55,0,0,0,0,2,1,1,5
,2015_10104,39.779435,-104.979009,12/7/2015 15:17,15:17,12,0,0,I-70 & WASHINGTON ST N,1,1,0,0,1,4,,,55,0,0,0,0,0,1,2,1
,2015_10105,39.779997,-104.949807,5/27/2015 8:27,8:27,12,0,0,I-70 & STEELE ST,1,1,0,0,1,4,,,55,0,0,0,0,0,1,3,1
,2015_10106,39.779954,-104.942588,7/8/2015 12:35,12:35,12,0,0,I-70 & COLORADO BLVD N,1,1,0,1,1,4,,,55,0,0,0,0,0,1,2,13
,2015_10107,39.780081,-104.935742,1/24/2015 0:20,0:20,5,0,0,I-70 & DAHLIA ST N,1,3,1,0,2,4,,,55,0,0,0,0,0,1,1,5
,2015_10108,39.780031,-104.93177,5/12/2015 6:59,6:59,12,0,0,I-70 & DAHLIA ST N,1,1,0,0,1,4,,,55,0,0,0,0,0,1,3,13
,2015_10110,39.77828,-104.915926,4/27/2015 12:51,12:51,15,0,0,I-70 & LEYDEN ST N (NOT IN CORIS),1,1,0,0,1,4,,,55,0,0,0,0,0,1,2,13
,2015_10111,39.7783,-104.903459,3/24/2015 7:34,7:34,12,0,0,I-70 & QUEBEC ST N,1,1,0,0,1,4,,,55,0,0,0,0,0,1,3,14
,2015_10112,39.7783,-104.903459,5/6/2015 15:01,15:01,12,0,3,I-70 & NORTHFIELD ST/QUEBEC ST N,1,1,0,0,1,4,,,55,0,0,0,0,2,1,4,10
,2015_10113,39.7783,-104.903459,7/14/2015 17:55,17:55,12,0,0,I-70 & QUEBEC ST N,1,1,0,0,1,4,,,55,0,0,0,0,0,1,2,2
,2015_10114,39.7783,-104.90327,5/21/2015 16:29,16:29,12,0,0,I-70 EB ON SPLIT RAMP & QUEBEC ST N,1,1,1,0,1,8,,,35,0,0,0,0,0,1,2,13
,2015_10115,39.7783,-104.902697,3/5/2015 19:00,19:00,12,0,0,I-70 & NORTHFIELD N/QUEBEC ST N,1,2,0,0,1,4,,,55,0,0,0,0,1,1,2,13
,2015_10116,39.778299,-104.899857,3/13/2015 16:12,16:12,15,0,0,I-70 & NORTHFIELD N/QUEBEC ST N,1,1,0,0,1,4,,,55,0,0,0,0,0,1,2,13
,2015_10117,39.777095,-104.882471,4/25/2015 17:03,17:03,1,0,0,CENTRAL PARK BLVD N & I-70 WB RAMPS,1,1,1,0,1,1,,,35,0,0,0,0,0,1,2,8
,2015_10138,39.660867,-104.855418,5/7/2015 14:07,14:07,12,0,0,HAVANA ST S & DARTMOUTH AVE E,1,1,0,0,1,1,,,35,0,0,0,0,1,2,2,3
,2015_10141,39.672645,-104.868137,2/12/2015 16:36,16:36,15,0,0,PARKER RD S & HARVARD AVE E,1,1,0,0,1,4,,,35,0,0,0,0,0,2,2,13
,2015_10148,39.693624,-104.992485,4/28/2015 13:59,13:59,12,0,0,SANTA FE DR  1200 BLK S & LOUISIANA AVE W,1,1,0,0,1,4,,,45,0,0,0,0,1,2,2,13
,2015_10149,39.696696,-104.991872,4/7/2015 7:40,7:40,3,0,0,PLATTE RIVER DR S & MISSISSIPPI AVE W,1,1,1,0,1,1,,,40,0,0,0,0,0,2,2,1
,2015_10150,39.704262,-104.99543,7/12/2015 9:55,9:55,15,0,1,SANTA FE DR S & ALAMEDA AVE W,1,1,0,0,1,4,,,25,0,0,0,1,3,2,2,14
,2015_10151,39.707907,-104.996276,2/20/2015 13:53,13:53,15,0,0,SANTA FE DR 400 BLK S & I-25,1,1,0,0,1,4,,,30,0,0,0,0,0,2,2,13
,2015_10158,39.721318,-105.025197,4/25/2015 15:30,15:30,12,0,0,FEDERAL BLVD N & 3RD AVE W,1,1,0,0,1,3,,,25,0,0,0,0,1,2,3,1
,2015_10159,39.710973,-105.025082,5/5/2015 18:25,18:25,12,0,0,FEDERAL BLVD S & ALAMEDA AVE W,2,1,0,1,1,3,,,35,0,0,0,0,0,2,2,13
,2015_10160,39.710651,-105.025078,7/15/2015 12:05,12:05,12,0,0,ALAMEDA AVE W & FEDERAL BLVD S,1,1,1,0,1,4,,,40,0,0,0,0,0,2,2,4
,2015_10161,39.737975,-105.025273,11/15/2015 18:59,18:59,15,0,0,FEDERAL BLVD N & 14TH AVE W,1,3,1,0,1,1,,,35,0,0,0,0,0,2,2,13
,2015_10162,39.68985,-105.025057,3/21/2015 22:07,22:07,12,0,0,FEDERAL BLVD 1400 BLK S & FLORIDA AVE W,1,4,0,0,1,4,,,35,0,0,0,1,1,2,2,1
,2015_10163,39.682271,-105.025016,2/4/2015 23:09,23:09,5,0,1,FEDERAL BLVD S & JEWELL AVE W,1,3,0,0,2,1,,,40,0,0,0,0,2,2,1,5
,2015_10164,39.682271,-105.025016,7/9/2015 15:15,15:15,12,0,0,FEDERAL BLVD S & JEWELL AVE W,1,1,0,0,1,3,,,40,0,0,0,0,0,2,2,7
,2015_10165,0,0,4/5/2015 7:54,7:54,6,0,0,HUMBOLDT ST & 1326 BLK N,1,1,0,0,1,4,,,25,0,0,0,0,0,4,2,3
,2015_10166,39.693099,-105.025036,12/6/2015 18:18,18:18,12,0,0,FEDERAL BLVD S & LOUISIANA AVE W,1,2,0,0,1,1,,,35,0,0,0,0,1,2,2,13
,2015_10167,39.675237,-105.02504,1/13/2015 20:14,20:14,12,0,0,FEDERAL BLVD S & ILIFF AVE W,4,3,1,2,1,1,,,40,0,0,0,0,0,2,2,13
,2015_10168,39.678616,-105.025049,12/4/2015 12:40,12:40,15,0,0,FEDERAL BLVD S & EVANS AVE W,1,1,1,0,1,1,,,35,0,0,0,0,0,2,2,13
,2015_10169,39.658206,-105.025261,6/24/2015 18:45,18:45,12,0,0,FEDERAL BLVD 3000 BLK S & FLOYD AVE W,2,3,1,1,1,4,,,40,0,0,0,0,0,2,3,1
,2015_10170,39.660202,-105.025244,3/2/2015 7:41,7:41,3,0,0,FEDERAL BLVD S & DARTMOUTH AVE W,5,1,1,0,1,2,,,,0,0,0,0,0,2,2,1
,2015_10174,39.678616,-105.025049,7/20/2015 16:15,16:15,15,0,0,FEDERAL BLVD S & EVANS AVE W,1,1,0,0,1,1,,,40,0,0,0,0,0,2,3,5
,2015_10187,0,0,6/11/2015 14:35,14:35,3,0,0,IRVING ST S & ALASKA PL W,1,1,0,7,1,1,,,25,0,0,0,0,1,4,2,1
,2015_10188,39.682241,-105.053199,4/3/2015 9:10,9:10,12,0,0,SHERIDAN BLVD S & JEWELL AVE W,2,1,1,7,1,2,,,40,0,0,0,0,1,2,2,7
,2015_10193,39.696939,-105.053242,6/5/2015 15:27,15:27,3,0,0,SHERIDAN BLVD S & MISSISSIPPI AVE W,1,1,0,0,1,1,,,40,0,0,0,0,0,2,2,13
,2015_10197,39.73182,-105.053227,2/2/2015 21:00,21:00,8,0,2,SHERIDAN BLVD 900 BLK N & 9TH AVE W,1,3,1,0,1,4,,,35,0,0,0,0,2,2,2,13
,2015_10213,39.613406,-105.091158,1/23/2015 19:00,19:00,12,0,0,WADSWORTH BLVD S & CROSS DR W,1,3,0,0,1,4,,,45,0,0,0,0,0,2,2,13
,2015_10214,39.635297,-105.082331,2/24/2015 7:55,7:55,12,0,0,WADSWORTH BLVD S & STANFORD AVE W,5,1,0,0,1,1,,,45,0,0,0,0,0,2,2,13
,2015_10216,39.614838,-105.091144,12/31/2015 18:03,18:03,12,0,0,WADSWORTH BLVD S & 5500 BLK,1,3,0,0,1,3,,,40,0,0,0,0,0,2,2,13
,2015_10242,39.629871,-104.904931,3/4/2015 21:50,21:50,15,0,0,I-225 NB/EB ON RAMP FLYOVER & I-25 SB EXIT GORE PT,1,3,0,0,1,8,,,60,0,0,0,0,0,1,2,7
,2015_10243,39.629871,-104.904931,4/2/2015 23:30,23:30,5,0,0,I-225 NB ON RAMP FROM I-25 SB & FLYOVER PT,2,3,1,1,1,8,,,55,0,0,0,0,0,1,5,13
,2015_10244,39.629967,-104.904923,7/24/2015 19:22,19:22,15,0,0,I-225 NB/SB RAMP SPLIT TO & I-25,1,1,0,0,1,4,,,55,0,0,0,0,0,1,2,13
,2015_10245,39.639275,-104.885096,1/4/2015 1:20,1:20,12,0,0,I-225 & YOSEMITE ST S,5,3,0,0,1,4,,,65,0,0,0,0,1,1,2,5
,2015_10261,39.782996,-104.900882,12/15/2015 16:13,16:13,9,0,0,I-270 & QUEBEC ST,4,1,0,2,1,4,,,55,0,0,0,0,0,1,2,1
,2015_10444,0,0,2/1/2015 7:56,7:56,3,0,0,1ST AVE E & DOWNING ST N,5,1,0,7,1,1,,,30,0,0,0,0,0,4,2,7
,2015_10446,0,0,6/25/2015 16:41,16:41,12,0,0,1ST AVE E & STEELE ST N,1,1,0,7,1,4,,,35,0,0,0,1,0,4,2,3
,2015_10447,0,0,2/12/2015 8:22,8:22,3,0,0,5TH AVE E & LINCOLN ST N,1,1,0,7,1,1,,,25,0,0,0,0,0,4,2,14
,2015_10448,0,0,5/5/2015 17:20,17:20,10,0,0,6TH AVE W & ACOMA ST N,2,1,0,1,1,1,,,30,0,0,0,0,0,4,2,8
,2015_10449,0,0,7/2/2015 16:37,16:37,12,0,0,6TH AVE W & ACOMA ST N,1,1,0,7,1,4,,,30,0,0,0,0,0,4,2,16
,2015_10450,0,0,2/2/2015 8:29,8:29,12,0,0,6TH AVE E & IVY LN N,5,1,0,7,1,1,,,30,0,0,0,0,0,4,2,16
,2015_10452,0,0,10/23/2015 19:26,19:26,3,0,0,8TH AVE E & ELM ST N,1,2,0,0,1,1,,,25,0,0,0,0,0,4,2,5
,2015_10453,0,0,4/23/2015 13:20,13:20,2,0,0,12TH AVE W & CHEROKEE ST N,1,1,0,0,1,1,,,25,1,0,0,0,0,4,2,13
,2015_10454,0,0,2/25/2015 8:25,8:25,3,0,0,12TH AVE E & ST PAUL ST N,1,1,0,7,1,1,,,30,0,0,0,0,0,4,2,7
,2015_10455,0,0,6/27/2015 2:21,2:21,3,0,0,13TH AVE & 400 BLK E,1,3,1,0,1,5,,,15,0,0,0,0,0,4,2,5
,2015_10456,0,0,11/7/2015 13:14,13:14,6,0,0,11TH AVE 900 BLK E & OGDEN ST N,1,1,0,7,1,4,,,25,0,0,0,1,0,4,2,16
,2015_10457,0,0,4/6/2015 14:20,14:20,15,0,0,13TH AVE 1200 BLK E & DOWNING ST N,1,1,1,7,1,4,,,30,0,0,0,0,0,4,2,16
,2015_10458,0,0,4/18/2015 1:10,1:10,11,0,0,13TH AVE E & LINCOLN ST N,1,3,0,0,1,1,,,,0,1,0,0,1,4,2,14
,2015_10459,0,0,3/6/2015 13:15,13:15,10,0,0,13TH AVE E & MONACO ST N,1,1,0,0,1,1,,,30,0,0,0,0,0,4,2,13
,2015_10460,0,0,3/28/2015 17:35,17:35,6,0,0,13TH AVE 1700 BLK E & WILLIAMS ST N,1,1,0,7,1,4,,,30,0,0,0,0,0,4,2,14
,2015_10461,0,0,6/18/2015 14:32,14:32,6,0,0,13TH AVE 8700 BLK E & XANTHIA ST N,1,1,1,7,1,4,,,30,0,0,0,0,0,4,2,16
,2015_10462,0,0,2/25/2015 16:02,16:02,11,0,1,14TH AVE 2400 BLK E & COLUMBINE ST N,6,1,0,2,1,1,,,30,0,1,0,0,2,4,2,13
,2015_10463,0,0,6/28/2015 10:45,10:45,3,0,0,14TH AVE E & DOWNING ST N,1,1,0,7,1,1,,,30,0,0,0,0,0,4,2,16
,2015_10464,0,0,2/18/2015 11:20,11:20,3,0,0,14TH AVE E & WASHINGTON ST N,1,1,0,0,1,1,,,30,0,0,0,0,1,4,3,13
,2015_10465,0,0,7/16/2015 11:30,11:30,10,0,0,18TH AVE E & WILLIAMS ST N,1,1,0,0,1,1,,,30,0,0,0,0,0,4,2,8
,2015_10466,0,0,6/22/2015 16:50,16:50,3,0,0,19TH AVE E & LOGAN ST N,1,1,0,7,1,1,,,0,0,0,0,0,1,4,2,16
,2015_10468,0,0,7/22/2015 12:45,12:45,1,0,0,23RD AVE W & ALCOTT ST N,1,1,1,7,1,1,,,25,0,0,0,0,0,4,2,8
,2015_10470,0,0,8/16/2015 18:25,18:25,12,0,0,20TH AVE 300 BLK E & GRANT ST N,1,1,0,7,1,4,,,25,0,0,0,0,0,4,2,3
,2015_10471,0,0,3/28/2015 10:23,10:23,10,0,0,26TH AVE 2900 BLK W & FEDERAL BLVD N,1,1,0,0,1,5,,,30,0,0,0,1,1,4,1,1
,2015_10472,0,0,3/26/2015 9:35,9:35,3,0,0,32ND AVE E & YORK ST N,1,1,0,7,1,1,,,30,0,0,0,0,0,4,2,7
,2015_10473,0,0,2/23/2015 12:15,12:15,3,0,0,33RD AVE W & ZUNI ST N,6,1,0,7,1,1,,,25,0,0,0,0,0,4,2,16
,2015_10474,0,0,5/13/2015 15:00,15:00,6,0,0,35TH AVE W & 3166,1,1,0,0,1,4,,,25,0,0,0,0,0,4,2,13
,2015_10475,0,0,11/10/2015 13:00,13:00,5,0,0,46TH AVE E & PEORIA ST N,1,1,0,0,3,1,,,35,0,0,0,0,0,4,2,3
,2015_10476,0,0,6/13/2015 18:53,18:53,12,0,0,56TH AVE 15200 BLK E & CHAMBERS RD N,2,2,0,1,1,4,,,40,0,0,0,0,0,4,2,14
,2015_10477,0,0,2/4/2015 6:35,6:35,1,0,0,56TH AVE E & HAVANA ST N,5,3,0,2,1,1,,,40,0,0,0,0,0,4,2,13
,2015_10478,0,0,6/29/2015 7:30,7:30,1,0,0,56TH AVE E & PENA BLVD,1,1,0,7,1,1,,,45,0,0,0,0,1,4,2,1
,2015_10480,0,0,12/24/2015 8:52,8:52,6,0,0,51ST AVE E & WASHINGTON ST N,1,1,0,7,1,3,,,30,0,0,0,0,0,4,2,16
,2015_10481,0,0,11/17/2015 9:45,9:45,3,0,0,50TH AVE E & WASHINGTON ST N,2,1,0,0,1,1,,,35,0,0,0,0,0,4,2,16
,2015_10482,0,0,7/29/2015 21:55,21:55,3,0,0,ALBROOK DR E & N TULSA CT,1,3,0,1,1,1,,,25,0,0,0,0,0,4,2,2
,2015_10483,0,0,2/4/2015 16:11,16:11,11,0,0,ARAPAHOE ST & 15TH ST,1,1,0,0,1,1,,,,0,1,0,0,1,4,2,13
,2015_10484,0,0,6/11/2015 17:58,17:58,15,0,0,BANNOCK ST 300 BLK S & ALAMEDA AVE W,2,1,0,1,1,4,,,25,0,0,0,0,0,4,2,16
,2015_10485,0,0,2/24/2015 7:50,7:50,1,0,0,BELLEVIEW AVE E & DTC BLVD,4,1,0,0,1,1,,,35,0,0,0,0,1,4,2,13
,2015_10486,0,0,7/24/2015 9:45,9:45,5,0,0,ZENOBIA ST N & 57,1,1,0,0,3,5,,,,0,0,0,0,0,4,1,1
,2015_10487,0,0,1/7/2015 7:15,7:15,6,0,0,BLAKE ST & 26TH ST,2,1,0,2,1,4,,,,0,0,0,0,0,4,2,16
,2015_10488,0,0,8/18/2015 6:20,6:20,2,0,0,BROADWAY ST N & PARK AVE W,1,1,0,0,1,1,,,30,1,0,0,0,1,4,2,13
,2015_10489,0,0,7/16/2015 17:34,17:34,12,0,0,CHAMPA ST 3200 BLK & 32ND ST,1,1,0,7,1,3,,,30,0,0,0,0,0,4,4,16
,2015_10490,0,0,4/2/2015 7:10,7:10,12,0,0,CHERRY CREEK S DR 2500 BLK & UNIVERSITY BLVD S,1,1,0,7,1,4,,,30,0,0,0,0,0,4,3,16
,2015_10491,0,0,6/4/2015 23:00,23:00,3,0,1,CLARKSON ST N & 26TH AVE E,2,3,0,1,1,1,,,25,0,0,0,0,2,4,2,5
,2015_10492,0,0,11/30/2015 1:11,1:11,5,0,0,CHAMPA ST & SPEER BLVD N,4,3,0,2,3,1,,,30,0,0,0,0,0,4,1,13
,2015_10493,0,0,7/21/2015 17:59,17:59,12,0,0,CENTRAL PARK BLVD N & SMITH RD E,1,1,0,0,1,1,,,35,0,0,0,0,0,4,2,13
,2015_10494,0,0,6/1/2015 11:45,11:45,6,0,0,CURTIS ST 1600 BLK & 17TH ST,1,1,0,7,1,4,,,,0,0,0,0,0,4,2,16
,2015_10495,0,0,1/22/2015 8:10,8:10,12,0,0,DAHLIA ST S & HIGHLINE PL E,5,1,1,7,1,1,,,30,0,0,0,0,0,4,2,16
,2015_10496,0,0,9/24/2015 15:59,15:59,6,0,0,50TH DR 8400 BLK E & WABASH ST N,1,1,0,0,1,3,,,20,0,0,0,0,0,4,2,5
,2015_10497,0,0,10/14/2015 12:19,12:19,3,0,0,DAHLIA ST N & STAPLETON N DR E,1,1,0,0,1,1,,,30,0,0,0,0,0,4,2,13
,2015_10498,0,0,4/9/2015 8:19,8:19,3,0,0,DEXTER ST 700 BLK S & CHERRY CREEK DR S E,1,1,0,0,1,2,,,15,0,0,0,0,0,4,2,14
,2015_10499,0,0,4/9/2015 12:50,12:50,5,0,0,DOWNING ST & 2900 BLK N,1,1,0,0,3,4,,,30,0,0,0,0,1,4,1,13
,2015_10500,0,0,1/13/2015 10:08,10:08,6,0,0,DOWNING ST N & COLFAX AVE E,1,1,0,7,3,4,,,30,0,0,0,0,0,4,4,16
,2015_10501,0,0,10/31/2015 18:12,18:12,15,0,0,DOWNING ST & 2300 BLK N,1,1,1,0,1,4,,,30,0,0,0,0,1,4,2,13
,2015_10502,0,0,3/9/2015 7:50,7:50,15,0,0,DOWNING ST S & I-25 NB EXIT RAMP,1,1,0,0,1,4,,,55,0,0,0,0,0,4,2,1
,2015_10503,0,0,4/26/2015 13:08,13:08,12,0,0,DOWNING ST S & YALE AVE E,2,1,0,1,1,3,,,30,0,0,0,0,0,4,2,16
,2015_10504,0,0,3/12/2015 16:53,16:53,12,0,0,DTC BLVD S & TUFTS AVE E,1,1,0,7,1,1,,,35,0,0,0,0,0,4,2,3
,2015_10505,0,0,3/20/2015 19:38,19:38,3,0,0,ELIOT ST N & 26TH AVE W,1,2,0,0,1,1,,,25,0,0,0,0,0,4,2,3
,2015_10506,0,0,2/28/2015 12:00,12:00,11,0,0,ELIOT ST 200 BLK S & ALAMEDA AVE W,4,1,0,0,1,4,,,25,0,1,0,0,1,4,4,6
,2015_10507,0,0,4/27/2015 16:21,16:21,1,0,1,ELIOT ST S & FLORIDA AVE W,1,1,0,7,1,1,,,30,0,0,0,1,2,4,2,1
,2015_10508,0,0,2/1/2015 13:45,13:45,6,0,0,ELLSWORTH AVE 1100 BLK E & DOWNING ST N,4,1,0,7,1,4,,,25,0,0,0,0,0,4,2,14
,2015_10509,0,0,7/1/2015 15:10,15:10,3,0,0,ELLSWORTH AVE E & STEELE ST N,1,1,0,0,1,1,,,20,0,0,0,0,0,4,2,13
,2015_10510,0,0,3/15/2015 20:00,20:00,6,0,0,EMERSON ST 600 BLK S & CENTER AVE E,1,3,0,7,1,4,,,25,0,0,0,0,0,4,4,16
,2015_10511,0,0,6/20/2015 10:46,10:46,12,0,0,EVANS AVE E & IVANHOE ST S,1,1,0,1,1,4,,,35,0,0,0,0,0,4,3,16
,2015_10512,0,0,7/2/2015 12:50,12:50,12,0,0,EVANS AVE 5700 BLK E & IVANHOE ST S,1,1,0,7,1,4,,,35,0,0,0,0,0,4,3,16
,2015_10513,0,0,6/25/2015 8:52,8:52,1,0,0,EVANS AVE E & JOSEPHINE ST S,1,1,0,0,1,1,,,35,0,0,0,0,0,4,2,13
,2015_10514,0,0,4/14/2015 17:43,17:43,12,0,0,EVANS AVE 400 BLK E & LOGAN ST S,1,1,1,7,1,3,,,30,0,0,0,0,1,4,2,12
,2015_10515,0,0,8/9/2015 20:50,20:50,12,0,0,EVANS AVE 6300 BLK E & MONACO ST S,2,3,0,1,1,3,,,45,0,0,0,0,1,4,2,16
,2015_10516,0,0,5/2/2015 2:42,2:42,6,0,2,FOREST ST 200 BLK S & ALAMEDA AVE E,1,4,0,7,1,4,,,25,0,0,0,0,3,4,4,9
,2015_10517,0,0,7/13/2015 13:55,13:55,2,0,0,GALAPAGO ST S & MISSISSIPPI AVE W,1,1,1,0,1,1,,,35,1,0,0,0,1,4,2,13
,2015_10518,0,0,5/20/2015 10:10,10:10,6,0,0,GLOBEVILLE RD 4100 BLK N & 41ST AVE W,1,1,0,7,1,4,,,35,0,0,0,0,0,4,2,14
,2015_10519,0,0,10/16/2015 17:30,17:30,3,0,0,GAYLORD ST 1500 BLK N & COLFAX AVE E,1,1,0,0,1,2,,,30,0,0,0,0,0,4,2,8
,2015_10520,0,0,7/11/2015 15:45,15:45,10,0,0,EVANS AVE E & MONROE ST S,1,1,0,0,1,1,,,30,0,0,0,0,0,4,2,13
,2015_10521,0,0,5/22/2015 12:46,12:46,12,0,0,HAVANA ST N & 47TH AVE E,1,1,0,7,1,1,,,40,0,0,0,0,0,4,2,16
,2015_10522,0,0,8/28/2015 3:20,3:20,6,0,0,HOLLY ST N & 38TH AVE E,1,3,0,0,1,5,,,30,0,0,0,0,0,4,2,13
,2015_10523,0,0,3/14/2015 17:30,17:30,6,0,0,HOLLY ST 2900 N & 29TH AVE E,1,1,0,7,2,4,,,25,0,0,0,0,0,4,2,1
,2015_10524,0,0,3/28/2015 13:18,13:18,12,0,0,HOLLY ST S & ALAMEDA AVE E,1,1,1,7,1,1,,,30,0,0,0,0,0,4,2,16
,2015_10525,0,0,6/9/2015 19:53,19:53,5,0,0,HUDSON ST 3500 BLK S & HAMPDEN AVE E,1,3,0,0,3,3,,,35,0,0,0,0,0,4,1,7
,2015_10526,0,0,5/2/2015 2:00,2:00,6,0,0,IRVING ST & 2260 S,1,1,0,0,1,4,,,35,0,0,0,0,0,4,2,13
,2015_10527,0,0,5/9/2015 1:30,1:30,6,0,0,IRVING ST N & 311ST AVE W,2,3,0,1,1,4,,,25,0,0,0,0,1,4,3,5
,2015_10528,0,0,2/5/2015 9:20,9:20,12,0,0,JACKSON ST & 1700 BLK S,1,1,0,0,1,2,,,25,0,0,0,0,1,4,2,13
,2015_10529,0,0,10/17/2015 15:00,15:00,12,0,0,IRVING ST & 200 BLK S,1,1,1,0,1,4,,,25,0,0,0,0,0,4,2,7
,2015_10530,0,0,1/9/2015 10:30,10:30,3,0,0,E JEWELL AVE & DAHLIA ST S,5,1,1,7,1,1,,,30,0,0,0,0,0,4,2,14
,2015_10531,0,0,5/4/2015 23:55,23:55,6,0,0,JEWELL AVE 1700 BLK W & RARITAN ST S,2,3,2,1,1,4,,,30,0,0,0,0,0,4,3,5
,2015_10532,0,0,3/28/2015 15:24,15:24,15,0,0,JOSEPHINE ST 1000 BLK N & 11TH AVE E,1,1,1,0,1,1,,,30,0,0,0,0,0,4,2,8
,2015_10533,0,0,5/5/2015 7:15,7:15,6,0,0,KENDALL ST 3500 S & HAMPDEN AVE W,1,3,0,7,1,4,,,25,0,0,0,0,0,4,2,14
,2015_10534,0,0,5/7/2015 17:56,17:56,5,0,0,KENTON ST S & 3350,1,1,1,0,2,4,,,15,0,0,0,0,0,4,1,13
,2015_10535,0,0,6/25/2015 13:55,13:55,6,0,0,KING ST 100 BLK N & 1ST AVE W,1,1,0,7,1,4,,,25,0,0,0,0,0,4,2,7
,2015_10536,0,0,1/16/2015 7:30,7:30,5,0,0,LAMAR ST S & YALE AVE W,1,1,1,7,3,1,,,30,0,0,0,0,0,4,1,16
,2015_10537,0,0,2/16/2015 18:14,18:14,12,0,0,LARIMER ST & SPEER BLVD,5,3,0,2,1,1,,,30,0,0,0,0,1,4,2,16
,2015_10538,0,0,11/5/2015 22:00,22:00,6,0,0,KALAMATH ST 4100 BLK N & 42ND AVE W,1,3,0,7,1,4,,,30,0,0,0,0,0,4,2,16
,2015_10539,0,0,3/16/2015 14:50,14:50,12,0,0,QUEBEC ST N & 36TH AVE E,1,1,0,7,1,1,,,35,0,0,0,0,0,4,2,16
,2015_10540,0,0,6/21/2015 15:30,15:30,12,0,0,LOWELL BLVD S & KENYON AVE W,1,1,0,7,1,3,,,35,0,0,0,0,1,4,3,3
,2015_10541,0,0,7/6/2015 15:18,15:18,3,0,0,MAXWELL PL E & ELKHART ST N,2,1,0,7,1,1,,,25,0,0,0,0,0,4,2,8
,2015_10542,0,0,3/1/2015 15:40,15:40,12,0,0,MEADE ST N & 32ND AVE W,4,1,0,1,1,1,,,25,0,0,0,0,0,4,2,13
,2015_10543,0,0,12/20/2015 21:00,21:00,5,0,0,LOWELL BLVD 4700 BLK S & WAGONTRAIL DR W,1,3,0,0,2,4,,,25,0,0,0,0,0,4,3,13
,2015_10544,0,0,2/2/2015 11:38,11:38,12,0,0,MONACO ST S & JEWELL AVE E,1,1,0,7,1,3,,,35,0,0,0,0,0,4,2,3
,2015_10545,0,0,9/21/2015 1:02,1:02,5,0,1,MORRISON RD & STUART ST S,1,3,0,0,3,1,,,35,0,0,0,0,2,4,5,5
,2015_10546,0,0,5/20/2015 9:40,9:40,6,0,0,PECOS ST 3500 BLOCK N & 35TH AVE W,1,1,0,0,1,4,,,30,0,0,0,0,0,4,2,14
,2015_10547,0,0,2/27/2015 7:59,7:59,15,0,0,PENA BLVD WB & 8000 BLK,2,1,0,0,1,4,,,45,0,0,0,0,0,4,2,8
,2015_10548,0,0,12/6/2015 17:16,17:16,6,0,0,PEARL ST 000 BLK S & BAYAUD AVE E,1,3,0,7,1,4,,,25,0,0,0,0,0,4,2,16
,2015_10549,0,0,10/16/2015 17:29,17:29,6,0,0,PEARL ST 1500 BLK S & IOWA AVE E,1,1,0,7,1,4,,,25,0,0,0,0,0,4,2,16
,2015_10550,0,0,8/3/2015 12:30,12:30,12,0,0,PEORIA ST N & 45TH AVE E,1,1,0,7,1,1,,,40,0,0,0,0,0,4,2,16
,2015_10551,0,0,10/8/2015 12:15,12:15,6,0,0,POPLAR ST 1301 N & 13TH AVE,1,1,0,7,1,4,,,35,0,0,0,0,0,4,2,16
,2015_10552,0,0,4/6/2015 7:30,7:30,12,0,0,QUEBEC ST N & 16TH AVE E,1,1,0,7,1,1,,,30,0,0,0,0,0,4,2,3
,2015_10553,0,0,7/16/2015 20:39,20:39,15,0,0,QUEBEC ST N & 22ND AVE E,1,2,0,0,1,1,,,35,0,0,0,0,0,4,2,1
,2015_10554,0,0,6/27/2015 11:14,11:14,12,0,0,QUEBEC ST 3200 BLK N & 33RD AVE E,1,1,0,7,1,4,,,35,0,0,0,0,1,4,2,16