id,drcog_id,latitude,longitude,crashtime,time,crashtype,numbkilled,numbinjurd,drcoglocat,rdconditin,lightngcon,roadcntgrd,weatherco,location,roaddescrp,schoolzone,constrzone,splimit,bikeinv,pedinv,sctrinv,motoinv,svrty,rdsystem,ttlvehcls,hcf
,2015_10555,0,0,5/22/2015 15:25,15:25,15,0,0,15TH ST & TREMONT ST,1,1,0,0,1,4,,,30,0,0,0,0,0,4,3,13
,2015_10556,0,0,1/23/2015 16:52,16:52,12,0,0,15TH ST & WEWATTA ST,1,2,0,7,1,4,,,35,0,0,0,0,0,4,3,10
,2015_10557,0,0,7/22/2015 9:00,9:00,12,0,0,QUEBEC ST N & SMITH RD E,1,1,0,0,1,1,,,25,0,0,0,0,0,4,2,13
,2015_10558,0,0,2/27/2015 8:47,8:47,12,0,0,17TH ST & LARIMER ST,5,1,0,2,1,1,,,25,0,0,0,0,0,4,2,16
,2015_10559,0,0,3/22/2015 2:15,2:15,12,0,0,20TH ST 2000 BLK & LITTLE RAVEN ST,1,3,0,7,1,4,,,35,0,0,0,0,1,4,2,16
,2015_10560,0,0,6/11/2015 15:14,15:14,15,0,0,20TH ST 500 BLK & WELTON ST,1,1,0,7,1,4,,,30,0,0,0,0,0,4,2,16
,2015_10561,0,0,1/9/2015 6:30,6:30,3,0,0,22ND ST & CALIFORNIA ST,5,2,0,7,1,1,,,25,0,0,0,0,0,4,2,16
,2015_10562,0,0,3/5/2015 7:15,7:15,3,0,0,22ND ST & CALIFORNIA ST,5,1,0,7,1,3,,,30,0,0,0,0,0,4,2,16
,2015_10563,0,0,2/12/2015 8:03,8:03,3,0,0,22ND ST & DOWNING ST,1,1,0,7,1,1,,,30,0,0,0,0,0,4,2,16
,2015_10564,0,0,7/28/2015 19:05,19:05,3,0,0,24TH ST & BROADWAY ST N,1,1,0,7,1,1,,,30,0,0,0,0,0,4,2,14
,2015_10565,0,0,6/18/2015 13:55,13:55,12,0,0,25TH ST & CALIFORNIA ST,1,1,0,7,1,3,,,30,0,0,0,0,0,4,2,3
,2015_10566,0,0,2/10/2015 18:33,18:33,15,0,0,SPEER BLVD N & BANNOCK ST N,1,3,0,0,1,1,,,35,0,0,0,0,1,4,2,8
,2015_10567,0,0,5/14/2015 23:42,23:42,12,0,0,TOWER RD N & PENA BLVD,1,3,0,7,1,1,,,45,0,0,0,0,0,4,2,14
,2015_10568,0,0,5/25/2015 11:00,11:00,4,0,0,TOWER RD N & PENA BLVD N,1,1,2,7,1,4,,,45,0,0,0,0,0,4,1,16
,2015_10569,0,0,8/2/2015 10:51,10:51,6,0,1,UNIVERSITY BLVD S & CORNELL AVE E,1,1,1,7,3,4,,,35,0,0,0,0,2,4,2,16
,2015_10570,0,0,2/15/2015 14:30,14:30,12,0,0,UNIVERSITY BLVD S & EVANS AVE E,2,1,0,2,1,3,,,30,0,0,0,0,0,4,2,16
,2015_10571,0,0,11/5/2015 18:30,18:30,6,0,0,TRENTON ST N & COLFAX AVE E,1,3,0,0,1,4,,,20,0,0,0,0,0,4,2,16
,2015_10573,0,0,4/29/2015 16:40,16:40,3,0,1,UNIVERSITY BLVD S & MISSISSIPPI AVE E,1,1,0,7,1,1,,,30,0,0,0,0,2,4,2,5
,2015_10574,0,0,2/26/2015 19:21,19:21,1,0,0,UNIVERSITY BLVD S & WESLEY AVE E,4,3,1,7,1,1,,,30,0,0,0,0,1,4,2,16
,2015_10575,0,0,5/22/2015 22:05,22:05,15,0,0,WELTON ST 2600 BLK & 27TH ST,2,3,0,1,1,4,,,25,0,0,0,0,0,4,2,16
,2015_10576,0,0,4/23/2015 18:57,18:57,8,0,0,XENIA ST 1400 BLK N & COLFAX AVE E,1,2,0,1,1,2,,,30,0,0,0,0,0,4,2,7
,2015_10577,0,0,4/2/2015 16:42,16:42,3,0,0,YALE AVE 4000 BLK E & COLORADO BLVD S,2,1,0,1,1,2,,,30,0,0,0,0,1,4,2,13
,2015_10578,0,0,11/26/2015 11:15,11:15,5,0,0,UPHAM ST & BATES AVE W,5,1,0,2,2,4,,,25,0,0,0,0,0,4,1,7
,2015_10579,0,0,2/19/2015 16:12,16:12,15,0,0,YALE AVE E & ROSLYN ST S,1,1,0,0,1,4,,,30,0,0,0,0,0,4,2,3
,2015_10580,0,0,2/16/2015 8:10,8:10,5,0,0,YALE WAY 3400 BLK E & MADISON ST S,4,1,1,2,3,4,,,25,0,0,0,0,0,4,1,7
,2015_10581,0,0,11/13/2015 18:00,18:00,15,0,0,YORK ST N & 20TH AVE E,1,1,0,0,1,1,,,30,0,0,0,0,0,4,2,1
,2015_10582,0,0,4/26/2015 22:08,22:08,3,0,0,YORK ST N & 14TH AVE E,2,3,0,1,1,1,,,30,0,0,0,0,0,4,4,13
,2015_10583,0,0,3/16/2015 18:20,18:20,12,0,0,YORK ST N & 22ND AVE E,1,1,0,0,1,2,,,25,0,0,0,0,1,4,2,7
,2015_10584,0,0,1/6/2015 9:50,9:50,15,0,0,YOSEMITE ST & 3400 S,2,1,1,0,1,4,,,35,0,0,0,0,0,4,2,13
,2015_10585,0,0,7/18/2015 12:30,12:30,3,0,1,YOSEMITE ST S & E JEFFERON AVE,1,1,1,7,1,1,,,30,0,0,0,1,3,4,2,8
,2015_10589,0,0,12/25/2015 0:18,0:18,12,0,0,ZUNI ST 2800 BLK N & 29TH AVE W,1,3,1,0,1,3,,,30,0,0,0,0,0,4,2,13
,2015_10687,39.68408,-104.940451,1/13/2015 7:39,7:39,12,0,0,COLORADO BLVD S & I-25,1,1,1,0,1,4,,,35,0,0,0,0,0,2,3,13
,2015_10688,39.691076,-104.94055,7/8/2015 15:08,15:08,12,0,0,COLORADO BLVD S & ARKANSAS AVE E,2,1,0,1,1,1,,,35,0,0,0,0,0,2,3,3
,2015_10690,39.711364,-104.940627,6/19/2015 10:12,10:12,12,0,0,COLORADO BLVD S & ALAMEDA AVE W,1,1,0,0,1,3,,,35,0,0,0,0,0,2,2,14
,2015_10691,39.668384,-104.940613,2/6/2015 13:55,13:55,3,0,0,YALE AVE E & COLORADO BLVD S,1,1,0,0,1,1,,,35,0,0,0,0,1,2,2,13
,2015_10692,39.725297,-104.940629,7/24/2015 23:10,23:10,12,0,0,COLORADO BLVD 500 BLK N & 6TH AVE E,1,3,0,0,1,4,,,35,0,0,0,0,0,2,2,13
,2015_10693,39.725476,-104.940629,3/26/2015 14:46,14:46,12,0,0,6TH AVE E & COLORADO BLVD N,1,1,0,0,1,1,,,30,0,0,0,0,1,2,2,13
,2015_10694,39.725476,-104.940629,5/24/2015 23:00,23:00,15,0,0,COLORADO BLVD N & 6TH AVE E,1,3,0,0,1,1,,,40,0,0,0,0,0,2,2,13
,2015_10695,39.729182,-104.940625,3/20/2015 18:47,18:47,15,0,0,COLORADO BLVD 700 BLK N & 8TH AVE E,1,1,0,0,1,3,,,30,0,0,0,0,0,2,2,13
,2015_10696,0,0,4/3/2015 15:28,15:28,5,0,0,DUDLEY ST 4899 S & BALSAM WAY,1,1,0,7,2,1,,,25,0,0,0,0,1,4,1,15
,2015_10697,39.741933,-104.94061,5/11/2015 8:40,8:40,10,0,0,16TH AVE E & COLORADO BLVD,1,1,0,0,1,3,,,30,0,0,0,0,0,2,2,13
,2015_10698,39.74372,-104.940608,1/16/2015 19:23,19:23,14,0,0,17TH AVE 4000 BLK E & COLORADO BLVD N,1,3,0,0,1,1,,,30,0,0,0,0,0,2,2,13
,2015_10699,39.74372,-104.940608,2/21/2015 18:25,18:25,3,0,0,17TH AVE 3900 E & COLORADO BLVD N,5,3,1,2,1,3,,,30,0,0,0,0,0,2,2,13
,2015_10700,39.740086,-104.940612,8/8/2015 7:33,7:33,14,0,0,COLFAX AVE E & COLORADO BLVD N,1,1,0,0,1,1,,,0,0,0,0,0,0,2,2,14
,2015_10701,39.744898,-104.940606,3/19/2015 8:25,8:25,3,0,0,COLORADO BLVD N & 18TH AVE E,2,1,0,0,1,1,,,35,0,0,0,0,0,2,2,7
,2015_10702,39.744898,-104.940606,6/29/2015 17:11,17:11,12,0,0,18TH AVE E & COLORADO BLVD N,1,1,1,0,1,4,,,35,0,0,0,0,0,2,2,13
,2015_10703,39.75101,-104.940599,5/9/2015 12:45,12:45,12,0,1,23RD AVE E & COLORADO BLVD N,2,1,0,1,1,4,,,40,0,0,0,0,3,2,5,3
,2015_10714,39.725544,-105.038242,1/2/2015 11:30,11:30,15,0,0,6TH AVE W & OSCELO ST N,2,1,1,0,1,4,,,45,0,0,0,0,0,2,2,13
,2015_10715,39.725457,-105.032462,3/5/2015 14:31,14:31,1,0,0,KNOX CT N & 6TH AVE W,1,1,1,0,1,1,,,30,0,0,0,0,0,2,2,13
,2015_10716,39.725595,-105.043087,11/16/2015 6:15,6:15,15,0,0,6TH AVE W & N STUART ST,1,2,0,0,1,4,,,55,0,0,0,0,1,2,2,13
,2015_10720,39.72542,-105.025174,12/28/2015 20:30,20:30,15,0,0,6TH AVE E & FEDERAL BLVD N,1,3,0,0,1,1,,,55,0,0,0,0,0,2,2,7
,2015_10743,39.768039,-104.994788,3/30/2015 11:40,11:40,5,0,0,I-25 & FOX ST N,1,1,1,0,1,4,,,55,0,0,0,0,0,1,2,14
,2015_10754,39.632191,-104.90594,2/1/2015 5:52,5:52,15,0,0,I-25 NB & I-225 NB,4,3,0,2,1,4,,,55,0,0,0,0,0,1,2,13
,2015_10755,39.687941,-104.969208,7/16/2015 18:29,18:29,15,0,0,I-25 & FRANKLIN ST S,1,1,0,0,1,4,,,55,0,0,0,0,1,1,3,4
,2015_10756,39.688792,-104.970894,8/9/2015 0:30,0:30,5,0,1,I-25 & LAFAYETTE ST,1,3,0,0,2,4,,,60,0,0,0,0,2,1,2,5
,2015_10757,39.690017,-104.973363,6/2/2015 7:40,7:40,12,0,0,I-25 & DOWNING ST S,1,1,0,0,1,4,,,60,0,0,0,0,0,1,2,13
,2015_10758,39.694462,-104.979284,1/8/2015 8:55,8:55,12,0,0,I-25 & WASHINGTON ST S,1,1,1,0,1,4,,,55,0,0,0,0,0,1,3,14
,2015_10759,39.696402,-104.981502,2/12/2015 9:45,9:45,12,0,0,I-25 & LOGAN ST S,1,1,0,0,1,4,,,55,0,0,0,0,1,1,2,12
,2015_10760,39.697473,-104.982744,4/16/2015 16:23,16:23,12,0,0,I-25 & LOGAN ST S,3,1,0,2,1,4,,,65,0,0,0,0,1,1,2,13
,2015_10761,39.700841,-104.986681,4/28/2015 10:41,10:41,12,0,0,BROADWAY ST S & KENTUCKY AVE W,1,3,0,0,1,1,,,30,0,0,0,0,0,1,2,3
,2015_10762,39.707384,-104.996909,3/4/2015 17:55,17:55,5,0,0,I-25 NB ON RAMP & SANTA FE DR S,1,2,1,0,2,8,,,55,0,0,0,0,0,1,1,14
,2015_10763,39.71124,-104.998918,5/1/2015 20:23,20:23,15,0,0,I-25 & ALAMEDA AVE W,1,3,0,0,1,4,,,55,0,0,0,0,1,1,2,14
,2015_10764,39.71124,-104.998918,5/17/2015 13:32,13:32,12,0,0,I-25 & ALAMEDA AVE W,1,1,0,0,1,4,,,55,0,0,0,0,0,1,5,1
,2015_10765,39.713064,-105.000002,6/5/2015 10:10,10:10,12,0,0,I-25 & CEDAR AVE W (NOT IN TCORIS),1,1,0,0,1,4,,,55,0,0,0,0,1,1,2,13
,2015_10766,39.718407,-105.005258,1/20/2015 8:54,8:54,12,0,0,I-25 & 1ST AVE OFFSET REF,1,1,0,0,1,4,,,55,0,0,0,0,0,1,2,8
,2015_10767,39.722563,-105.010032,4/5/2015 13:35,13:35,12,0,0,I-25 & 6TH AVE W,1,1,1,0,1,4,,,55,0,0,0,0,0,1,3,13
,2015_10768,39.71124,-104.998918,11/2/2015 22:00,22:00,12,0,0,I-25 & ALAMEDA AVE W,1,3,0,0,1,4,,,55,0,0,0,0,0,1,2,16
,2015_10783,39.7112,-105.042019,4/10/2015 6:50,6:50,12,0,0,RALEIGH ST S & HAMPDEN AVE W,1,1,0,0,1,1,,,55,0,0,0,0,0,2,3,13
,2015_10784,39.71119,-105.0411,4/23/2015 9:07,9:07,12,0,0,ALAMEDA AVE W & QUITMAN ST S,1,1,0,0,1,4,,,35,0,0,0,0,0,2,2,7
,2015_10785,39.711126,-105.032047,2/24/2015 11:50,11:50,15,0,0,ALAMEDA AVE W & KNOX CT S,2,1,0,0,1,2,,,35,0,0,0,0,0,2,2,13
,2015_10786,39.711182,-105.003917,4/27/2015 15:40,15:40,12,0,0,ALAMEDA AVE W & NAVAJO ST S,1,1,0,0,1,3,,,35,0,0,0,0,0,2,2,1
,2015_10787,39.711155,-105.022584,7/27/2015 15:10,15:10,3,0,0,ALAMEDA AVE W & DECATUR ST S,1,1,0,0,1,1,,,25,0,0,0,0,0,2,2,13
,2015_10788,39.711149,-105.021486,1/24/2015 12:40,12:40,3,0,0,ALAMEDA AVE W & DALE CT S,1,1,0,0,1,1,,,25,0,0,0,0,1,2,2,7
,2015_10789,39.653094,-104.912878,1/12/2015 9:56,9:56,12,0,0,MONACO ST 3500 BLK S & HAMPDEN AVE E,1,1,0,0,1,3,,,30,0,0,0,0,0,2,2,13
,2015_10790,39.65352,-104.868405,5/8/2015 15:01,15:01,1,0,0,HAMPDEN AVE E & GALENA ST S,2,1,0,1,1,1,,,35,0,0,0,0,0,2,2,3
,2015_10791,39.6604,-104.866292,7/30/2015 12:05,12:05,12,0,0,HAVANA ST 3000 BLK S & DARTMOUTH AVE E,1,1,0,0,1,4,,,45,0,0,0,0,0,2,2,5
,2015_10792,39.667529,-104.866133,3/4/2015 9:15,9:15,3,0,0,HAVANA ST S & YALE AVE E,6,1,0,2,1,1,,,40,0,0,0,0,0,2,2,1
,2015_10801,39.777393,-104.903402,7/6/2015 11:11,11:11,12,0,0,QUEBEC ST N & I-70 EB RAMPS,2,1,1,1,1,3,,,45,0,0,0,0,0,2,2,7
,2015_10802,39.779316,-104.903391,2/26/2015 12:30,12:30,15,0,0,I-70 WB RAMPS & QUEBEC ST N/NORTHFIELD N,4,1,0,2,1,1,,,40,0,0,0,0,0,2,2,13
,2015_10822,39.74035,-105.048908,3/13/2015 23:10,23:10,11,0,1,COLFAX AVE 4800 BLK W & WOLFF ST N,1,3,0,0,1,4,,,,0,1,0,0,2,2,2,13
,2015_10823,39.740341,-105.0393,5/26/2015 16:11,16:11,3,0,0,PERRY ST N & COLFAX AVE W,1,1,1,0,1,1,,,25,0,0,0,0,1,2,2,13
,2015_10824,39.74,-104.977603,7/18/2015 22:11,22:11,15,0,0,COLFAX AVE E & CLARKSON ST,1,3,0,0,1,1,,,30,0,0,0,0,0,2,2,1
,2015_10825,39.740002,-104.976647,6/28/2015 14:25,14:25,12,0,0,COLFAX AVE 800 BLK E & EMERSON ST N,1,1,0,0,1,4,,,30,0,0,0,0,0,2,2,13
,2015_10826,39.739992,-104.964939,9/12/2015 6:00,6:00,6,0,0,COLFAX AVE 1800 BLK E & HIGH ST N,1,3,0,0,1,4,,,35,0,0,0,0,1,2,2,5
,2015_10827,39.740007,-104.974062,7/26/2015 8:20,8:20,11,0,1,CORONA ST N & COLFAX AVE E,1,1,0,0,1,1,,,30,0,1,0,0,2,2,2,13
,2015_10828,39.740013,-104.969489,8/3/2015 13:35,13:35,6,0,0,COLFAX AVE 1500 BLK E & HUMBOLDT ST N,1,1,0,0,1,1,,,30,0,0,0,0,0,2,2,14
,2015_10829,39.740009,-104.96852,5/24/2015 18:15,18:15,14,0,0,FRANKLIN ST N & COLFAX AVE E,1,1,0,0,1,3,,,25,0,0,0,0,0,2,2,13
,2015_10830,39.739986,-104.963455,6/8/2015 19:50,19:50,15,0,0,COLFAX AVE E & RACE ST N,1,3,1,0,1,1,,,25,0,0,0,0,0,2,2,8
,2015_10831,39.739976,-104.960624,5/5/2015 14:38,14:38,12,0,0,COLFAX AVE 2200 BLK E & GAYLORD ST N,1,1,1,1,1,4,,,30,0,0,0,0,0,2,2,13
,2015_10832,39.740181,-104.957465,5/24/2015 19:03,19:03,15,0,0,COLFAX AVE E & COLUMBINE ST N,1,1,0,0,1,4,,,30,0,0,0,0,0,2,2,13
,2015_10833,39.740144,-104.948426,5/25/2015 23:21,23:21,12,0,0,COLFAX AVE E & ADAMS ST N (RD S),1,3,0,0,1,1,,,25,0,0,0,0,1,2,3,5
,2015_10834,39.74007,-104.921159,6/26/2015 10:14,10:14,15,0,0,COLFAX AVE E & IVY ST N,1,1,0,0,1,4,,,35,0,0,0,0,0,2,2,14
,2015_10835,39.740082,-104.909732,5/27/2015 16:50,16:50,12,0,0,COLFAX AVE E & NEWPORT ST N,1,1,0,0,1,4,,,35,0,0,0,1,0,2,2,13
,2015_10836,39.740079,-104.903501,2/24/2015 14:52,14:52,12,0,0,COLFAX AVE E & QUEBEC ST N,1,1,0,0,1,1,,,35,0,0,0,0,0,2,2,14
,2015_10855,39.783138,-105.006328,2/9/2015 12:14,12:14,14,0,0,48TH AVE W & PECOS ST N,1,1,1,0,1,8,,,20,0,0,0,0,0,1,2,13
,2015_10856,39.783138,-105.006328,5/12/2015 19:25,19:25,12,0,0,48TH AVE W & PECOS ST N,1,1,0,0,1,6,,,30,0,0,0,0,0,1,2,13
,2015_10859,39.777095,-104.882471,1/31/2015 23:50,23:50,12,0,0,I-70 & CENTRAL PARK BLVD N,5,3,0,2,1,4,,,55,0,0,0,0,0,1,2,13
,2015_10860,39.777095,-104.882471,4/5/2015 22:45,22:45,3,0,1,CENTRAL PARK BLVD N & I-70 WB RAMPS,1,3,0,0,1,1,,,35,0,0,0,0,2,1,2,13
,2015_10861,39.772909,-104.83428,7/1/2015 1:45,1:45,5,0,0,I-70 & I-225,1,3,0,0,2,4,,,55,0,0,0,0,1,1,1,14
,2015_10862,39.775623,-104.865778,3/10/2015 8:28,8:28,12,0,0,I-70 & HAVANA ST N,1,1,0,0,1,4,,,55,0,0,0,0,0,1,3,3
,2015_10863,39.775623,-104.865778,3/30/2015 15:13,15:13,12,0,0,I-70 & HAVANA ST N,1,1,0,0,1,4,,,55,0,0,0,0,0,1,2,13
,2015_10864,39.775623,-104.865778,8/14/2015 9:31,9:31,15,0,0,I-70 & HAVANA ST N,1,1,0,0,1,4,,,55,0,0,0,0,0,1,2,13
,2015_10865,39.775623,-104.865778,1/13/2015 17:09,17:09,15,0,0,HAVANA ST N & I-70 WB RAMPS,2,3,0,1,1,3,,,40,0,0,0,0,0,1,3,13
,2015_10905,39.674737,-104.870699,3/10/2015 9:35,9:35,12,0,0,PARKER RD S & ILIFF AVE E,1,1,0,0,1,1,,,45,0,0,0,0,0,2,2,13
,2015_10906,39.674737,-104.870699,5/6/2015 16:08,16:08,12,0,0,PARKER RD S & ILIFF AVE E,1,1,0,0,1,4,,,40,0,0,0,0,1,2,2,3
,2015_10910,39.698487,-104.903279,11/20/2015 22:30,22:30,12,0,0,PARKER RD & 1000 BLK S,5,3,1,2,1,4,,,35,0,0,0,0,1,2,3,16
,2015_10915,0,0,6/28/2015 20:49,20:49,5,0,0,SANTA FE DR S & I-25,1,2,0,0,2,1,,,25,0,0,0,0,1,2,1,4
,2015_10921,39.693624,-104.992485,6/10/2015 6:15,6:15,12,0,0,SANTA FE DR 1200 BLK S & LOUISIANA AVE W,1,2,0,0,1,4,,,45,0,0,0,0,1,2,3,1
,2015_10923,39.69948,-104.992098,7/5/2015 5:00,5:00,5,0,0,SANTA FE DR & 900 BLK S,1,2,0,0,2,4,,,45,0,0,0,0,0,2,1,5
,2015_10930,39.696696,-104.991872,8/5/2015 2:00,2:00,5,0,1,SANTA FE DR S & MISSISSIPPI AVE W,1,3,0,0,3,1,,,45,0,0,0,1,2,2,1,7
,2015_10936,39.731315,-105.025182,4/23/2015 17:40,17:40,12,0,0,FEDERAL BLVD N & 9TH AVE W,1,1,0,0,1,4,,,30,0,0,0,0,0,2,2,4
,2015_10937,39.724546,-105.025128,3/7/2015 22:15,22:15,12,0,0,FEDERAL BLVD N & 5TH AVE W,1,3,2,0,1,3,,,35,0,0,0,0,0,2,2,13
,2015_10938,39.722102,-105.025208,4/25/2015 19:35,19:35,12,0,0,FEDERAL BLVD N & 4TH AVE W,1,2,0,0,1,3,,,25,0,0,0,1,1,2,2,1
,2015_10939,39.721787,-105.025205,6/22/2015 15:50,15:50,12,0,0,FEDERAL BLVD N & 3RD AVE W,1,1,0,0,1,4,,,40,0,0,0,0,1,2,2,2
,2015_10941,39.682271,-105.025016,10/28/2015 6:10,6:10,15,0,0,FEDERAL BLVD S & JEWELL AVE W,1,3,0,0,1,1,,,35,0,0,0,0,0,2,2,13
,2015_10992,39.780804,-104.966749,1/21/2015 16:50,16:50,1,0,0,46TH AVE E & BRIGHTON BLVD N,5,3,0,2,1,1,,,30,0,0,0,0,0,2,2,13
,2015_10997,39.652993,-104.921698,6/23/2015 13:57,13:57,12,0,0,HAMPDEN AVE 5700 BLK E & IVANHOE ST S,1,1,1,0,1,1,,,40,0,0,0,0,0,2,2,13
,2015_10998,39.760318,-105.025143,3/15/2015 20:05,20:05,12,0,0,FEDERAL BLVD N & SPEER BLVD N,1,3,0,0,1,1,,,35,0,0,0,0,0,2,2,13
,2015_10999,39.765544,-105.025174,6/18/2015 13:41,13:41,10,0,0,FEDERAL BLVD & 3500 BLK N,1,1,1,0,1,2,,,35,0,0,0,0,0,2,2,13
,2015_11000,39.780247,-105.025224,3/1/2015 12:40,12:40,3,0,0,FEDERAL BLVD N & 46TH AVE W,5,1,0,0,1,1,,,35,0,0,0,0,0,2,2,3
,2015_11001,39.78466,-105.025209,6/8/2015 22:35,22:35,15,0,0,I-70 WB RAMPS & FEDERAL BLVD N,1,3,0,0,1,1,,,35,0,0,0,0,0,2,2,13
,2015_11002,39.789228,-105.025203,1/28/2015 11:12,11:12,15,0,0,FEDERAL BLVD 5000 BLK & 51ST AVE W,1,1,0,0,1,4,,,35,0,0,0,0,0,2,2,14
,2015_11216,0,0,3/25/2015 16:00,16:00,6,0,0,8TH AVE E & N DEXTER ST,1,1,0,7,1,4,,,30,0,0,0,0,0,4,2,14
,2015_11217,0,0,2/23/2015 8:58,8:58,12,0,0,8TH AVE W & SPEER BLVD N,5,1,1,2,1,1,,,30,0,0,0,0,0,4,2,16
,2015_11218,0,0,1/8/2015 21:16,21:16,3,0,0,10TH AVE 1200 W & MARIPOSA ST N,5,3,0,2,1,3,,,25,0,0,0,0,0,4,2,14
,2015_11219,0,0,4/12/2015 1:39,1:39,6,0,0,10TH AVE W & STUART ST N,1,3,0,7,1,4,,,30,0,0,0,0,0,4,3,16
,2015_11220,0,0,3/14/2015 20:12,20:12,6,0,0,12TH AVE E & RACE ST N,1,3,0,7,1,4,,,30,0,0,0,0,0,4,2,12
,2015_11221,0,0,1/25/2015 10:26,10:26,3,0,0,13TH AVE E & LOGAN ST N,1,1,0,7,1,1,,,35,0,0,0,0,0,4,2,12
,2015_11222,0,0,3/28/2015 20:23,20:23,10,0,0,13TH AVE 6600 BLK E & MAGNOLIA ST N,1,3,0,0,1,5,,,30,0,0,0,0,0,4,2,8
,2015_11223,0,0,4/24/2015 9:00,9:00,3,0,0,13TH AVE W & OSAGE ST N,1,1,0,7,1,1,,,35,0,0,0,0,0,4,2,14
,2015_11224,0,0,2/17/2015 14:36,14:36,12,0,0,13TH AVE W & SPEER BLVD N,1,1,1,7,1,1,,,30,0,0,0,0,0,4,2,16
,2015_11225,0,0,6/30/2015 7:20,7:20,15,0,0,13TH AVE E & VINE ST N,1,1,0,7,1,3,,,30,0,0,0,0,0,4,2,3
,2015_11226,0,0,7/21/2015 7:06,7:06,3,0,0,14TH AVE E & ELM ST N,1,1,0,7,1,1,,,30,0,0,0,0,0,4,2,16
,2015_11227,0,0,8/1/2015 19:10,19:10,5,0,0,14TH AVE 3200 BLK W & HOOKER ST N,1,1,0,0,3,4,,,25,0,0,0,0,0,4,1,14
,2015_11228,0,0,3/7/2015 6:46,6:46,3,0,0,14TH AVE E & WILLOW ST N,1,1,0,7,1,1,,,25,0,0,0,0,0,4,2,8
,2015_11229,0,0,3/28/2015 4:45,4:45,6,0,1,14TH AVE 4700 BLK W & WOLFF ST N,1,3,0,7,1,4,,,30,0,0,0,0,3,4,3,16
,2015_11230,0,0,12/12/2015 2:00,2:00,9,0,0,14TH AVE 2100 BLK E & VINE ST N,1,3,0,0,1,4,,,30,0,0,0,0,0,4,3,5
,2015_11232,0,0,6/10/2015 22:33,22:33,10,0,0,46TH AVE W & OSCEOLA ST N,1,3,0,0,1,1,,,30,0,0,0,0,0,4,2,13
,2015_11233,0,0,4/3/2015 7:00,7:00,3,0,0,38TH AVE W & LIPAN ST N,2,1,0,0,1,1,,,30,0,0,0,0,0,4,2,13
,2015_11234,0,0,8/15/2015 14:17,14:17,12,0,0,17TH AVE E & QUEBEC ST N,1,1,0,0,1,4,,,30,0,0,0,0,0,4,3,13
,2015_11235,0,0,10/7/2015 11:05,11:05,12,0,0,18TH AVE & 1600 BLK E,1,1,0,0,1,4,,,30,0,0,0,0,1,4,4,1
,2015_11236,0,0,3/5/2015 7:04,7:04,10,0,0,23RD AVE W & BRYANT ST N,1,1,0,0,1,1,,,30,0,0,0,0,0,4,2,14
,2015_11237,0,0,2/7/2015 15:24,15:24,3,0,0,25TH AVE E & YORK ST N,1,1,0,7,1,1,,,25,0,0,0,0,0,4,2,8
,2015_11238,0,0,1/8/2015 18:58,18:58,12,0,0,29TH AVE W & LOWELL BLVD N,2,3,0,1,1,3,,,30,0,0,0,0,1,4,3,5
,2015_11239,0,0,3/6/2015 8:30,8:30,12,0,0,29TH AVE W & UMATILLA ST N,1,1,0,7,1,1,,,25,0,0,0,1,0,4,2,16
,2015_11240,0,0,10/4/2015 18:25,18:25,12,0,0,18TH AVE W & LOWELL BLVD N,1,2,0,0,1,1,,,20,0,0,0,0,0,4,2,13
,2015_11241,0,0,6/23/2015 21:05,21:05,5,0,0,31ST AVE E & JOSEPHINE ST N,11,1,1,7,3,4,,,30,0,0,0,0,1,4,1,16
,2015_11242,0,0,10/20/2015 13:51,13:51,2,0,1,35TH AVE E & HOLLY ST N,1,1,0,0,1,1,,,30,1,0,0,0,2,4,2,13
,2015_11243,0,0,2/13/2015 15:55,15:55,9,0,0,OLIVE ST N & 23RD AVE E,1,1,0,0,1,4,,,25,0,0,0,1,0,4,1,1
,2015_11244,0,0,2/1/2015 14:40,14:40,5,0,0,33RD AVE E & NEWPORT ST N,5,1,0,0,3,1,,,25,0,0,0,0,0,4,1,14
,2015_11245,0,0,3/10/2015 17:07,17:07,3,0,0,33RD AVE E & QUEBEC ST N,1,1,1,0,1,1,,,35,0,0,0,0,0,4,2,13
,2015_11246,0,0,5/5/2015 17:24,17:24,1,0,0,35TH AVE E & UINTA ST N,2,1,0,1,1,1,,,30,0,0,0,0,0,4,2,13
,2015_11247,0,0,2/6/2015 17:16,17:16,2,0,0,35TH AVE E & ULSTER ST N,1,2,0,0,1,1,,,25,1,0,0,0,1,4,2,13
,2015_11248,0,0,1/23/2015 12:38,12:38,12,0,0,38TH AVE & 3400 BLK W,1,1,1,0,1,4,,,30,0,0,0,0,0,4,2,13
,2015_11249,0,0,6/4/2015 7:55,7:55,5,0,0,16TH ST 1700 BLK & WYNKOOP ST,1,1,0,0,4,2,,,25,0,0,0,0,0,4,1,13
,2015_11250,0,0,10/16/2015 5:45,5:45,1,0,0,44TH AVE E & PEORIA ST N,1,3,0,0,1,1,,,40,0,0,0,0,0,4,2,13