id,drcog_id,latitude,longitude,crashtime,time,crashtype,numbkilled,numbinjurd,drcoglocat,rdconditin,lightngcon,roadcntgrd,weatherco,location,roaddescrp,schoolzone,constrzone,splimit,bikeinv,pedinv,sctrinv,motoinv,svrty,rdsystem,ttlvehcls,hcf
,2015_11616,39.779174,-104.926966,11/20/2015 3:40,3:40,5,0,0,I-70 & FOREST ST N (NOT IN CORIS),1,3,0,0,3,4,,,55,0,0,0,0,0,1,1,14
,2015_11617,39.777095,-104.882471,3/17/2015 10:35,10:35,1,0,3,CENTRAL PARK BLVD N & I-70 WB RAMPS,1,1,0,0,1,1,,,40,0,0,0,0,3,1,2,14
,2015_11618,39.777095,-104.882471,4/1/2015 8:16,8:16,12,0,0,CENTRAL PARK BLVD N & I-70 WB RAMPS,1,1,0,0,1,1,,,35,0,0,0,0,0,1,2,13
,2015_11654,39.698614,-104.903604,7/29/2015 15:44,15:44,12,0,0,LEETSDALE DR & QUEBEC ST S,1,1,0,0,1,1,,,35,0,0,0,0,0,2,2,3
,2015_11655,39.703128,-104.913197,2/18/2015 10:50,10:50,12,0,0,LEETSDALE DR 6400 BLK & MONACO ST S,1,1,0,0,1,3,,,35,0,0,0,0,0,2,2,13
,2015_11656,39.703209,-104.913351,8/4/2015 8:26,8:26,1,0,1,LEETSDALE DR & MONACO ST S,1,1,0,0,1,2,,,30,0,0,0,0,3,2,2,13
,2015_11657,39.70725,-104.921796,2/4/2015 16:07,16:07,12,0,0,LEETSDALE DR & HOLLY ST S,1,1,0,0,1,4,,,35,0,0,0,0,0,2,2,13
,2015_11667,39.689259,-104.992024,8/15/2015 15:40,15:40,12,0,0,SANTA FE DR S & FLORIDA AVE W,1,1,0,0,1,4,,,45,0,0,0,0,0,2,2,13
,2015_11668,39.689371,-104.992053,5/1/2015 14:08,14:08,15,0,0,SANTA FE DR S & FLORIDA AVE W,1,1,0,0,1,4,,,35,0,0,0,0,0,2,2,13
,2015_11671,39.702278,-104.994172,5/13/2015 7:35,7:35,12,0,0,SANTA FE DR S & I-25,1,1,1,0,1,4,,,30,0,0,0,0,1,2,3,15
,2015_11680,39.732118,-105.025182,4/21/2015 9:25,9:25,12,0,0,FEDERAL BLVD & 900 BLK N,1,1,0,0,1,1,,,35,0,0,0,0,0,2,2,13
,2015_11681,39.725493,-105.025119,6/16/2015 9:53,9:53,15,0,0,FEDERAL BLVD N 600 BLK & 6TH AVE W,1,1,0,0,1,4,,,35,0,0,0,0,0,2,2,14
,2015_11682,39.718998,-105.025167,6/15/2015 16:25,16:25,15,0,0,FEDERAL BLVD N & 2ND AVE W,1,1,0,0,1,4,,,35,0,0,0,0,0,2,2,1
,2015_11683,39.716764,-105.025129,4/11/2015 14:05,14:05,15,0,0,FEDERAL BLVD 000 BLK N & ELLSWORTH AVE W,1,1,1,0,1,4,,,35,0,0,0,0,0,2,2,8
,2015_11684,39.714965,-105.025152,8/20/2015 11:38,11:38,2,0,1,FEDERAL BLVD S & BAYAUD AVE W,1,1,0,0,1,1,,,,1,0,0,0,3,2,2,1
,2015_11685,0,0,6/24/2015 7:05,7:05,5,0,1,PENA BLVD 7700 BLK & TOWER RD,1,1,1,7,2,4,,,65,0,0,0,0,2,4,1,16
,2015_11686,39.696764,-105.025061,7/10/2015 13:00,13:00,15,0,0,FEDERAL BLVD S & MISSISSIPPI AVE W,1,1,0,0,1,1,,,35,0,0,0,0,0,2,2,13
,2015_11687,39.694437,-105.025052,5/10/2015 17:36,17:36,3,0,1,FEDERAL BLVD & ARIZONA AVE W,2,1,0,0,1,1,,,35,0,0,0,0,2,2,2,13
,2015_11688,39.691359,-105.025048,6/30/2015 16:42,16:42,3,0,0,FEDERAL BLVD S & ARKANSAS AVE W,1,1,0,0,1,1,,,35,0,0,0,0,0,2,2,13
,2015_11689,39.689552,-105.02506,1/7/2015 6:43,6:43,8,0,0,FEDERAL BLVD S & FLORIDA AVE W,5,2,0,2,1,1,,,40,0,0,0,0,0,2,2,1
,2015_11690,39.689552,-105.02506,8/4/2015 1:55,1:55,12,0,0,FEDERAL BLVD & FLORIDA AVE,1,3,0,0,1,1,,,35,0,0,0,0,0,2,2,13
,2015_11691,39.668424,-105.025092,1/8/2015 12:55,12:55,3,0,0,FEDERAL BLVD S & COLLEGE AVE W,1,1,0,0,1,2,,,40,0,0,0,0,0,2,2,1
,2015_11692,39.667426,-105.025116,5/8/2015 12:37,12:37,12,0,0,FEDERAL BLVD 2700 BLK S & YALE AVE W,2,1,0,1,1,3,,,40,0,0,0,0,0,2,2,7
,2015_11693,39.682271,-105.025016,12/24/2015 15:30,15:30,12,0,0,FEDERAL BLVD 1800 BLK S & JEWELL AVE W,1,1,0,0,1,4,,,35,0,0,0,0,0,2,2,13
,2015_11694,39.689552,-105.02506,11/21/2015 1:12,1:12,5,0,1,FEDERAL BLVD S & FLORIDA AVE W,5,3,1,2,3,3,,,40,0,0,0,0,2,2,1,5
,2015_11704,39.688935,-105.05327,5/8/2015 18:05,18:05,12,0,0,SHERIDAN BLVD 1600 BLK S & FLORIDA AVE W,2,2,0,1,1,4,,,40,0,0,0,0,0,2,2,1
,2015_11708,39.717698,-105.053279,3/2/2015 13:58,13:58,3,0,0,SHERIDAN BLVD N & 1ST AVE W,1,1,0,0,1,2,,,35,0,0,0,0,0,2,2,13
,2015_11711,39.731966,-105.053227,5/25/2015 15:44,15:44,15,0,0,SHERIDAN BLVD & 900 BLK N,1,1,1,0,1,4,,,35,0,0,0,0,0,2,2,13
,2015_11712,39.739957,-105.053211,5/8/2015 6:48,6:48,12,0,0,SHERIDAN BLVD 1400 BLK N & COLFAX AVE W,2,1,0,0,1,4,,,35,0,0,0,0,0,2,2,14
,2015_11715,39.770235,-105.053248,1/14/2015 16:29,16:29,12,0,0,SHERIDAN BLVD & 3800 BLK N,1,2,1,0,1,4,,,35,0,0,0,0,1,2,3,13
,2015_11717,39.783855,-105.053278,1/26/2015 10:11,10:11,1,0,0,SHERIDAN BLVD N & 48TH AVE W,1,1,0,0,1,1,,,35,0,0,0,0,0,2,2,14
,2015_11736,39.624104,-105.09105,11/20/2015 23:40,23:40,5,0,0,BELLEVIEW AVE W & WADSWORTH BLVD S,4,3,0,2,3,3,,,35,0,0,0,0,0,2,1,5
,2015_11760,0,0,4/11/2015 18:27,18:27,6,0,0,DULUTH CT 5100 BLK N & 52ND AVE E,1,1,0,7,1,4,,,25,0,0,0,0,0,4,2,16
,2015_11787,39.781986,-104.966698,1/12/2015 17:45,17:45,1,0,0,BRIGHTON BLVD N & 47TH AVE E,1,3,0,0,1,1,,,30,0,0,0,0,0,2,2,13
,2015_11791,39.778382,-104.896877,3/5/2015 7:40,7:40,12,0,0,I-270 EB DIRECT CONNECT & I-70,1,1,2,0,1,4,,,55,0,0,0,0,0,1,2,13
,2015_11807,39.652993,-104.926111,1/7/2015 16:57,16:57,3,0,0,HAMPDEN AVE E & GLENCOE ST S,1,3,0,0,1,1,,,25,0,0,0,0,0,2,2,13
,2015_11808,39.652997,-104.92278,6/10/2015 9:45,9:45,12,0,0,HAMPDEN AVE 5600 BLK E & HOLLY ST S,1,1,1,0,1,3,,,45,0,0,0,0,1,2,2,13
,2015_11814,39.909457,-105.024936,7/1/2015 17:36,17:36,12,0,0,FEDERAL BLVD & 119TH AVE,1,1,1,0,1,3,,,55,0,0,0,0,0,2,2,3
,2015_11830,0,0,5/15/2015 20:25,20:25,6,0,0,PEARL ST 1100 BLK N & 12TH AVE E,1,2,1,7,1,4,,,25,0,0,0,0,0,4,2,16
,2015_11888,39.653151,-105.054494,2/4/2015 7:25,7:25,5,0,0,HAMPDEN AVE FRONTAGE RD 5500 W & DEPEW ST S,5,1,0,2,3,4,,,35,0,0,0,0,0,4,1,13
,2015_11952,0,0,5/1/2015 21:45,21:45,5,0,0,6TH AVE E & YORK ST N,1,3,0,0,2,1,,,30,0,0,0,0,0,4,1,13
,2015_11955,0,0,6/7/2015 16:00,16:00,5,0,0,SANTA FE DR 400 BLK S & ALAMEDA AVE W,1,1,0,0,2,4,,,35,0,0,0,1,1,4,1,13
,2015_11958,0,0,2/6/2015 22:53,22:53,5,0,0,MONACO ST 4200 BLK S & NARCISSUS WAY S,1,3,1,7,2,4,,,30,0,0,0,0,1,4,1,1
,2015_11970,0,0,3/8/2015 1:27,1:27,5,0,0,YOSEMITE WAY 300 BLK N & DALLAS ST N,1,3,0,0,3,4,,,30,0,0,0,0,0,4,1,7
,2015_11975,0,0,7/26/2015 16:50,16:50,2,0,1,BROADWAY ST S & ARKANSAS AVE W,1,1,0,0,1,1,,,25,1,0,0,0,2,4,2,13
,2015_11983,0,0,8/26/2015 20:05,20:05,11,0,0,1ST AVE W & PERRY ST N,1,4,0,0,1,1,,,30,0,1,0,0,1,4,3,14
,2015_11984,0,0,6/27/2015 9:15,9:15,6,0,0,6TH AVE W & CHEROKEE ST N,1,1,0,7,1,4,,,35,0,0,0,0,1,4,2,16
,2015_11985,0,0,8/13/2015 16:54,16:54,5,0,0,6TH AVE FRONTAGE RD S (NON-CDOT) & LOWELL BLVD N,1,1,0,0,2,1,,,25,0,0,0,0,0,4,1,5
,2015_11986,0,0,2/18/2015 17:32,17:32,3,0,0,8TH AVE W & DELAWARE ST,1,1,0,7,1,1,,,30,0,0,0,0,0,4,2,16
,2015_11987,0,0,7/7/2015 19:35,19:35,3,0,0,8TH AVE E & JOSEPHINE ST N,1,1,1,7,1,1,,,30,0,0,0,0,0,4,2,16
,2015_11988,0,0,3/25/2015 10:58,10:58,15,0,0,8TH AVE W & N KLAMATH ST,2,1,0,1,1,3,,,35,0,0,0,0,0,4,2,14
,2015_11989,0,0,3/5/2015 23:35,23:35,6,0,0,11TH AVE 00 BLK W & BROADWAY ST,1,3,1,7,3,4,,,25,0,0,0,0,0,4,3,16
,2015_11990,0,0,3/17/2015 22:23,22:23,11,0,1,11TH AVE 000 BLK E & BROADWAY ST N,1,4,0,0,1,4,,,,0,1,0,0,2,4,2,13
,2015_11991,0,0,3/29/2015 22:26,22:26,5,0,0,11TH AVE W & BRYANT ST N,1,3,1,0,3,1,,,25,0,0,0,0,0,4,1,14
,2015_11992,0,0,3/20/2015 16:54,16:54,3,0,0,13TH AVE & 3800 BLK W,1,1,1,0,1,5,,,25,0,0,0,0,0,4,2,13
,2015_11993,0,0,6/19/2015 18:09,18:09,12,0,0,13TH AVE E & CLARKSON ST N,1,1,0,7,1,1,,,30,0,0,0,0,0,4,2,1
,2015_11994,0,0,1/9/2015 13:02,13:02,10,0,1,13TH AVE 3900 E & HARRISON ST N,1,1,0,0,1,3,,,30,0,0,0,0,2,4,2,8
,2015_11995,0,0,1/8/2015 15:25,15:25,11,0,0,13TH AVE E & HUMBOLDT ST N,1,1,0,0,1,1,,,30,0,1,0,0,1,4,2,13
,2015_11996,0,0,3/11/2015 10:55,10:55,10,0,0,13TH AVE E & QUEBEC ST N,1,1,0,0,1,1,,,30,0,0,0,0,0,4,2,3
,2015_11997,0,0,4/2/2015 12:00,12:00,12,0,0,14TH AVE E & YOSEMITE ST N,1,1,0,7,1,1,,,30,0,0,0,0,0,4,2,7
,2015_11998,0,0,6/13/2015 16:50,16:50,2,0,1,16TH AVE E & DOWNING ST N,1,1,0,0,1,1,,,25,1,0,0,0,2,4,2,13
,2015_11999,0,0,8/11/2015 11:57,11:57,6,0,0,14TH AVE 2200 BLK E & GAYLORD ST N,1,1,0,0,1,4,,,30,0,0,0,0,0,4,2,14
,2015_12000,0,0,7/2/2015 19:00,19:00,2,0,1,16TH AVE E & RACE ST N,1,1,0,0,1,1,,,25,1,0,0,0,2,4,2,13
,2015_12001,0,0,5/11/2015 8:45,8:45,2,0,0,16TH AVE 2200 BLK E & VINE ST,1,1,0,0,1,5,,,,1,0,0,0,1,4,2,13
,2015_12002,0,0,2/27/2015 13:49,13:49,3,0,1,17TH AVE E & WILLIAMS ST N,2,1,0,7,1,1,,,30,0,0,0,0,2,4,2,16
,2015_12003,0,0,3/16/2015 10:50,10:50,15,0,0,18TH AVE & BROADWAY ST N,1,1,1,0,1,1,,,30,0,0,0,0,0,4,2,13
,2015_12004,0,0,2/15/2015 10:35,10:35,6,0,0,18TH AVE 3000 BLK W & FEDERAL BLVD N,1,1,0,7,1,4,,,30,0,0,0,0,0,4,2,3
,2015_12005,0,0,9/2/2015 15:30,15:30,6,0,0,20TH AVE 1900 BLK E & HIGH ST N,1,1,0,7,1,4,,,25,0,0,0,0,0,4,2,16
,2015_12006,0,0,12/25/2015 17:15,17:15,12,0,0,17TH AVE E & MONACO ST N,5,3,0,2,1,1,,,30,0,0,0,0,0,4,2,1
,2015_12007,0,0,8/17/2015 2:20,2:20,6,0,0,30TH AVE 4400 BLK W & TENNYSON ST N,1,4,0,0,1,4,,,30,0,0,0,0,0,4,2,14
,2015_12008,0,0,5/9/2015 5:21,5:21,5,0,0,26TH AVE E & COLORADO BLVD N,2,3,0,1,2,2,,,30,0,0,0,0,0,4,1,14
,2015_12009,0,0,2/18/2015 10:27,10:27,3,0,0,29TH AVE 7300 BLK E & 29TH PL E,1,1,1,7,1,1,,,25,0,0,0,0,0,4,2,16
,2015_12010,0,0,5/8/2015 10:11,10:11,12,0,0,29TH AVE W & SPEER BLVD N,2,1,0,1,1,3,,,35,0,0,0,0,1,4,2,14
,2015_12011,0,0,2/27/2015 11:05,11:05,3,0,0,29TH AVE E & WILLIAMS ST N,4,1,0,7,1,1,,,25,0,0,0,0,0,4,2,7
,2015_12012,0,0,2/24/2015 5:45,5:45,11,0,0,29TH AVE W & ZUNI ST N,1,3,0,0,1,1,,,35,0,1,0,0,1,4,2,13
,2015_12013,0,0,11/11/2015 18:29,18:29,6,0,0,LOGAN ST & 1608 S,1,3,0,7,1,1,,,,0,0,0,0,0,4,2,16
,2015_12014,0,0,2/20/2015 20:52,20:52,15,0,0,32ND AVE W & RVING ST N,4,3,1,2,1,4,,,35,0,0,0,0,0,4,3,14
,2015_12015,0,0,10/30/2015 17:03,17:03,3,0,0,40TH AVE E & ANDREWS DR E,1,2,0,0,1,1,,,35,0,0,0,0,0,4,2,1
,2015_12016,0,0,1/26/2015 11:45,11:45,12,0,0,40TH AVE E & HAVANA ST N,1,1,0,7,1,1,,,40,0,0,0,0,0,4,2,4
,2015_12017,0,0,7/24/2015 12:30,12:30,10,0,0,40TH AVE 10200 BLK E & HAVANA ST N,1,1,0,0,1,2,,,30,0,0,0,0,0,4,2,13
,2015_12018,0,0,3/16/2015 15:34,15:34,6,0,0,41ST AVE E & JEBEL ST N,1,1,1,7,1,3,,,25,0,0,0,0,0,4,3,12
,2015_12019,0,0,2/21/2015 14:36,14:36,3,0,0,44TH AVE W & DELAWARE ST N,4,1,0,2,1,1,,,30,0,0,0,0,0,4,2,13
,2015_12020,0,0,6/27/2015 20:08,20:08,3,0,0,47TH AVE E & FLORENCE ST N,1,3,0,7,1,1,,,35,0,0,0,0,1,4,2,16
,2015_12021,0,0,1/8/2015 14:56,14:56,3,0,0,47TH AVE 12000 E & PEORIA ST N,1,1,0,0,1,2,,,10,0,0,0,0,0,4,2,13
,2015_12022,0,0,3/2/2015 10:38,10:38,3,0,0,47TH AVE E & PEORIA ST N,1,1,0,0,1,2,,,30,0,0,0,0,0,4,2,1
,2015_12023,0,0,10/8/2015 22:24,22:24,12,0,0,50TH AVE W & TENNYSON ST N,1,3,0,0,1,1,,,25,0,0,0,0,0,4,2,5
,2015_12024,0,0,5/8/2015 16:45,16:45,1,0,0,48TH AVE W & ZUNI ST N,2,1,0,1,1,1,,,25,0,0,0,0,0,4,2,16
,2015_12025,0,0,8/14/2015 16:19,16:19,3,0,0,49TH AVE & 2900 BLK W,1,1,1,0,1,2,,,25,0,0,0,0,0,4,2,13
,2015_12026,0,0,7/22/2015 6:50,6:50,12,0,0,54TH AVE E & JOLIET ST N,1,1,0,0,1,3,,,25,0,0,0,0,0,4,2,13
,2015_12027,0,0,5/20/2015 18:05,18:05,12,0,0,ALAMEDA AVE E & FOREST ST S,2,1,0,1,1,1,,,25,0,0,0,0,0,4,2,1
,2015_12028,0,0,6/26/2015 8:26,8:26,10,0,1,ALAMEDA AVE E & HOLLY ST S,1,1,0,0,1,1,,,30,0,0,0,0,2,4,2,7
,2015_12029,0,0,1/15/2015 7:45,7:45,12,0,0,ALAMEDA AVE E & IVY ST S,1,2,0,7,1,1,,,35,0,0,0,0,0,4,2,3
,2015_12030,0,0,5/18/2015 14:10,14:10,12,0,0,ALAMEDA AVE 6500 BLK E & MONACO ST S,1,1,0,7,1,3,,,35,0,0,0,0,0,4,2,1
,2015_12031,0,0,11/3/2015 21:17,21:17,3,0,1,ALAMEDA AVE W & SANTA FE DR S,1,3,0,0,1,1,,,30,0,0,0,1,2,4,2,14
,2015_12032,0,0,1/28/2015 16:44,16:44,12,0,0,ALAMEDA AVE W & SANTA FE DR S,1,1,0,7,1,4,,,30,0,0,0,0,0,4,2,16
,2015_12033,0,0,12/18/2015 18:15,18:15,14,0,0,ALAMEDA AVE E & UNIVERSITY BLVD S,6,3,0,0,1,4,,,30,0,0,0,0,0,4,2,13
,2015_12034,0,0,7/10/2015 7:30,7:30,6,0,0,BLAKE ST & 1700 BLK,1,1,0,0,1,4,,,30,0,0,0,0,0,4,2,13
,2015_12035,0,0,1/9/2015 9:40,9:40,6,0,0,BLAKE ST & 3000 BLAKE ST,5,1,0,0,1,4,,,30,0,0,0,0,0,4,2,7
,2015_12036,0,0,1/14/2015 21:30,21:30,1,0,0,BRIGHTON BLVD N & 44TH ST,1,3,0,0,1,1,,,35,0,0,0,0,0,4,2,13
,2015_12037,0,0,1/9/2015 14:08,14:08,15,0,0,BROADWAY ST N & CLEVELAND PL,2,1,0,0,1,1,,,30,0,0,0,0,0,4,2,13
,2015_12038,0,0,7/13/2015 9:15,9:15,12,0,0,BROADWAY ST S & JEWELL AVE W,1,1,0,7,1,1,,,35,0,0,0,0,0,4,4,16
,2015_12039,0,0,2/18/2015 16:36,16:36,11,0,1,CALIFORNIA ST 2500 BLK & 26TH ST,1,1,0,0,1,3,,,30,0,1,0,0,2,4,2,13
,2015_12040,0,0,5/13/2015 16:32,16:32,6,0,0,PEARL ST 600 BLK N & 7TH AVE E,1,1,1,7,1,4,,,20,0,0,0,0,0,4,4,16
,2015_12041,0,0,9/4/2015 0:51,0:51,5,0,0,CHAMBERS RD N & 46TH AVE E,1,3,0,0,2,4,,,45,0,0,0,0,0,4,1,5
,2015_12042,0,0,11/13/2015 18:21,18:21,12,0,0,CENTRAL PARK BLVD N & 35TH AVE E,1,3,0,0,1,1,,,35,0,0,0,0,0,4,2,16
,2015_12043,0,0,12/24/2015 10:37,10:37,6,0,0,ELLSWORTH AVE 900 BLK E & EMERSON ST S,5,4,1,7,1,7,,,,0,0,0,0,0,4,2,14
,2015_12044,0,0,8/11/2015 21:20,21:20,15,0,0,DOWNING ST N & SPEER BLVD E,1,4,0,7,1,4,,,35,0,0,0,0,0,4,2,14
,2015_12045,0,0,3/2/2015 9:29,9:29,1,0,0,DTC BLVD S & TUFTS AVE E,1,1,0,0,1,1,,,30,0,0,0,0,0,4,2,3
,2015_12046,0,0,8/1/2015 7:44,7:44,6,0,0,ELIOT ST 4900 BLK N & 50TH AVE W,1,1,0,7,1,4,,,25,0,0,0,0,0,4,3,1
,2015_12047,0,0,8/7/2015 15:29,15:29,12,0,0,ELK ST N & 75TH AVE E,1,1,0,0,1,1,,,25,0,0,0,0,0,4,2,14
,2015_12048,0,0,2/23/2015 7:50,7:50,12,0,0,EMERSON ST 000 BLK S & BAYAUD AVE E,4,1,0,7,1,4,,,25,0,0,0,0,0,4,2,16
,2015_12049,0,0,8/20/2015 10:20,10:20,12,0,0,DOWNING ST N & PARK AVE,1,1,0,0,1,1,,,30,0,0,0,0,1,4,3,13
,2015_12050,0,0,7/7/2015 11:04,11:04,12,0,0,EVANS AVE 2500 BLK E & COLUMBINE ST S,1,1,0,7,1,4,,,35,0,0,0,0,1,4,2,1
,2015_12051,0,0,5/17/2015 2:29,2:29,3,0,0,EVANS AVE E & MONACO ST S,1,3,0,7,1,1,,,35,0,0,0,0,0,4,2,16
,2015_12052,0,0,5/21/2015 14:37,14:37,15,0,0,EVANS AVE 6300 BLK E & MONACO PKWY S,1,1,0,0,1,3,,,35,0,0,0,0,0,4,2,3
,2015_12053,0,0,8/6/2015 17:45,17:45,3,0,0,FLORIDA AVE W & QUITMAN ST S,1,1,0,7,1,1,,,25,0,0,0,0,0,4,2,15
,2015_12054,0,0,4/22/2015 14:27,14:27,6,0,0,GIRARD AVE 9300 BLK E & BOSTON CT S,1,1,0,7,1,4,,,25,0,0,0,0,0,4,2,5
,2015_12055,0,0,6/16/2015 18:00,18:00,6,0,0,GIRARD AVE 10200 BLK E & HAVANA ST S,1,1,0,7,1,4,,,25,0,0,0,0,0,4,2,5
,2015_12056,0,0,12/1/2015 16:35,16:35,5,0,0,EXPOSITION AVE W & QUITMAN ST S,5,1,0,0,3,1,,,25,0,0,0,0,0,4,1,13
,2015_12057,0,0,10/21/2015 20:45,20:45,3,0,0,EVANS AVE E & SHERMAN ST S,2,4,0,1,1,1,,,35,0,0,0,0,0,4,2,13
,2015_12058,0,0,2/19/2015 7:40,7:40,1,0,0,GVR BLVD E & PENA BLVD,1,1,0,0,1,1,,,40,0,0,0,0,0,4,2,13
,2015_12059,0,0,1/14/2015 15:59,15:59,3,0,0,HAVANA ST N & MLK BLVD E,1,2,1,7,1,1,,,35,0,0,0,0,0,4,2,8
,2015_12060,0,0,10/20/2015 15:31,15:31,15,0,0,GRANT ST N & 18TH AVE E,1,1,0,0,1,1,,,35,0,0,0,0,0,4,2,14
,2015_12061,0,0,2/13/2015 15:04,15:04,15,0,0,HOLLY ST S & EVANS AVE E,1,1,0,0,1,3,,,30,0,0,0,0,1,4,2,1
,2015_12062,0,0,3/21/2015 3:40,3:40,5,0,0,JASON ST S & VIRGINIA AVE W,1,3,0,0,2,1,,,25,0,0,0,0,0,4,1,14
,2015_12063,0,0,3/20/2015 18:52,18:52,1,0,0,JEWELL AVE W & KNOX CT S,1,2,0,0,1,1,,,35,0,0,0,1,0,4,2,13
,2015_12064,0,0,5/8/2015 19:21,19:21,10,0,0,KALAMATH ST N & 4TH AVE W,2,2,0,1,1,1,,,30,0,0,0,0,0,4,2,8
,2015_12065,0,0,8/29/2015 17:30,17:30,6,0,0,IRVING ST N & 14TH AVE W,1,1,0,0,1,1,,,25,0,0,0,0,0,4,2,13
,2015_12066,0,0,3/12/2015 15:43,15:43,3,0,0,KENTUCKY AVE E & UNIVERSITY BLVD S,1,1,0,0,1,1,,,25,0,0,0,0,1,4,2,7
,2015_12067,0,0,4/22/2015 13:49,13:49,15,0,0,LINCOLN ST 600 BLK N & 6TH AVE E,1,1,0,0,1,1,,,30,0,0,0,0,0,4,2,13
,2015_12068,0,0,3/21/2015 23:34,23:34,15,0,0,LINCOLN ST 900 BLK N & 9TH AVE E,1,4,0,0,1,4,,,30,0,0,0,0,0,4,2,3
,2015_12069,0,0,1/19/2015 2:03,2:03,12,0,0,LINCOLN ST 900 BLK N & 10TH AVE E,2,3,0,7,1,3,,,25,0,0,0,0,0,4,2,16
,2015_12070,0,0,9/25/2015 8:33,8:33,6,0,0,LINCOLN ST S & 1265,1,1,0,7,1,4,,,25,0,0,0,0,0,4,2,14
,2015_12071,0,0,5/22/2015 16:24,16:24,12,0,0,LINCOLN ST 1900 BLK N & 19TH AVE E,1,1,0,7,1,4,,,30,0,0,0,0,1,4,3,5
,2015_12072,0,0,6/18/2015 8:56,8:56,12,0,0,LINCOLN ST 000 BLK N & ELLSWORTH AVE E,1,1,0,7,1,4,,,30,0,0,0,0,1,4,2,16
,2015_12073,0,0,8/4/2015 13:00,13:00,5,0,0,LOGAN ST 4727 N & 47TH AVE W,1,2,0,0,1,1,,,25,0,0,0,0,0,4,1,14
,2015_12074,0,0,4/29/2015 1:40,1:40,5,0,0,LOGAN ST S & BUCHTEL BLVD N,1,3,0,0,2,1,,,30,0,0,0,0,0,4,1,13
,2015_12075,0,0,2/17/2015 8:49,8:49,3,0,0,LOGAN ST S & ILIFF AVE E,2,1,0,7,1,1,,,30,0,0,0,0,1,4,3,14
,2015_12076,0,0,4/27/2015 3:08,3:08,6,0,0,LOWELL BLVD 1900 S & JEWELL AVE W,2,3,0,1,1,4,,,30,0,0,0,0,0,4,3,5
,2015_12077,0,0,2/4/2015 7:30,7:30,3,0,0,LOWELL BLVD 4000 BLK S & OXFORD AVE W,4,1,1,2,1,1,,,25,0,0,0,0,0,4,2,16
,2015_12078,0,0,3/20/2015 15:59,15:59,6,0,0,MARION PKWY 200 BLK S & ALAMEDA AVE E,2,1,1,1,1,3,,,25,0,0,0,0,0,4,3,3
,2015_12079,0,0,6/16/2015 19:31,19:31,6,0,0,MARIPOSA WAY 4500 BLK N & LIPAN ST N,1,1,0,7,1,4,,,25,0,0,0,0,0,4,2,7
,2015_12080,0,0,1/2/2015 22:20,22:20,12,0,0,MARKET ST & 15TH ST,4,3,1,0,1,4,,,25,0,0,0,0,0,4,2,13
,2015_12081,0,0,10/31/2015 21:58,21:58,3,0,1,MARIPOSA ST N & 8TH AVE W,1,3,0,0,1,1,,,30,0,0,0,0,2,4,3,8
,2015_12082,0,0,8/29/2015 3:30,3:30,5,0,0,LOWELL BLVD 1500 BLK S & MICHIGAN WY,1,3,0,0,3,4,,,30,0,0,0,0,0,4,1,5
,2015_12083,0,0,2/17/2015 22:50,22:50,6,0,0,MONACO ST S & MANSFIELD AVE E,1,3,0,7,1,4,,,30,0,0,0,0,0,4,3,5
,2015_12084,0,0,9/1/2015 21:07,21:07,3,0,0,PATTON CT S & ARIZONA AVE W,1,4,0,0,1,1,,,25,0,0,0,0,1,4,2,8
,2015_12085,0,0,5/20/2015 13:41,13:41,3,0,0,22ND ST & LAWRENCE ST,1,1,0,7,1,1,,,30,0,0,0,0,0,4,3,16
,2015_12086,0,0,1/20/2015 17:13,17:13,3,0,0,25TH ST & CHAMPA ST,1,3,0,0,1,1,,,25,0,0,0,0,1,4,2,13
,2015_12087,0,0,7/10/2015 8:44,8:44,3,0,0,28TH ST & LAWRENCE ST,1,1,0,7,1,3,,,25,0,0,0,0,0,4,2,16
,2015_12088,0,0,7/27/2015 12:49,12:49,10,0,0,31ST ST & ARKINS CT,1,1,0,0,1,2,,,35,0,0,0,0,0,4,2,7
,2015_12089,0,0,4/4/2015 19:18,19:18,12,0,0,38TH ST 1900 BLK & ARKINS CT,1,2,1,7,1,3,,,30,0,0,0,0,0,4,2,12
,2015_12090,0,0,5/21/2015 16:51,16:51,12,0,0,38TH ST 1700 BLK & BRIGHTON BLVD N,1,1,1,7,1,3,,,30,0,0,0,0,1,4,2,16
,2015_12091,0,0,5/22/2015 2:17,2:17,10,0,0,38TH ST & WALNUT ST,1,3,0,0,1,1,,,30,0,0,0,0,1,4,2,13
,2015_12092,0,0,4/28/2015 17:25,17:25,1,0,0,TEJON ST S & MISSISSIPPI AVE W,1,1,0,0,1,1,,,25,0,0,0,0,0,4,2,1
,2015_12093,0,0,7/31/2015 14:16,14:16,15,0,0,STAPLETON N DR & 4500 BLK E,1,1,0,0,1,4,,,40,0,0,0,0,0,4,2,1
,2015_12094,0,0,6/10/2015 16:16,16:16,15,0,0,STEELE ST 50 BLK N & 1ST AVE E,1,1,0,7,1,4,,,30,0,0,0,0,0,4,2,3
,2015_12095,0,0,5/21/2015 1:35,1:35,3,0,0,SYRACUSE ST N & MLK BLVD E,1,3,0,7,1,1,,,35,0,0,0,0,0,4,2,16
,2015_12096,0,0,2/24/2015 13:46,13:46,5,0,0,TAMARAC DR 3600 BLK S & HAMPDEN CIR E,1,1,0,7,2,1,,,30,0,0,0,0,0,4,1,8
,2015_12097,0,0,8/18/2015 14:54,14:54,12,0,0,SPEER BLVD 2200 BLK & ELITCH CIR,1,1,0,7,1,4,,,30,0,0,0,0,0,4,3,16
,2015_12098,0,0,1/28/2015 17:40,17:40,10,0,0,TOWER RD N & 69TH AVE E,1,3,0,0,1,1,,,45,0,0,0,0,0,4,2,13