id,drcog_id,latitude,longitude,crashtime,time,crashtype,numbkilled,numbinjurd,drcoglocat,rdconditin,lightngcon,roadcntgrd,weatherco,location,roaddescrp,schoolzone,constrzone,splimit,bikeinv,pedinv,sctrinv,motoinv,svrty,rdsystem,ttlvehcls,hcf
,2015_12099,0,0,3/8/2015 12:53,12:53,15,0,0,TOWER RD N & PENA BLVD N,1,1,0,7,1,1,,,35,0,0,0,0,0,4,2,16
,2015_12100,0,0,7/28/2015 15:26,15:26,12,0,0,TREMONT PL & 17TH ST,1,1,0,7,1,4,,,35,0,0,0,0,0,4,2,7
,2015_12101,0,0,12/18/2015 8:31,8:31,12,0,0,UNIVERSITY BLVD N & CHERRY CREEK DR N E,2,1,0,0,1,1,,,35,0,0,0,0,0,4,2,13
,2015_12102,0,0,3/2/2015 2:53,2:53,5,0,0,UNION AVE & 8110 BLK E,1,3,0,0,3,4,,,35,0,0,0,0,0,4,1,13
,2015_12103,0,0,1/27/2015 11:21,11:21,12,0,0,UNIVERSITY BLVD 1100 BLK S & ARIZONA AVE E,1,1,0,7,1,4,,,30,0,0,0,0,0,4,2,16
,2015_12104,0,0,4/22/2015 9:47,9:47,12,0,0,UNIVERSITY BLVD 000 BLK N & CHERRY CREEK DR N E,1,1,0,7,1,3,,,30,0,0,0,0,0,4,2,14
,2015_12105,0,0,3/17/2015 17:02,17:02,12,0,0,UNIVERSITY BLVD S & TENNESSEE AVE E,1,1,0,7,1,4,,,30,0,0,0,0,0,4,2,3
,2015_12106,0,0,12/17/2015 23:18,23:18,6,0,0,WALNUT ST & 3100 BLK,4,3,0,7,1,4,,,30,0,0,0,0,0,4,3,14
,2015_12107,0,0,12/27/2015 21:00,21:00,6,0,0,W WALSH PL & QUITMAN ST S,5,4,0,7,1,4,,,25,0,0,0,0,0,4,2,16
,2015_12108,0,0,6/25/2015 19:40,19:40,15,0,0,WALNUT ST & 3100 BLK,1,2,0,0,1,4,,,30,0,0,0,0,0,4,3,13
,2015_12109,0,0,2/22/2015 7:07,7:07,5,0,0,WALSH PL & 4081 BLK W,4,1,0,2,4,3,,,25,0,0,0,0,0,4,1,1
,2015_12110,0,0,3/20/2015 2:32,2:32,5,0,0,WARREN AVE E & WASHINGTON ST S,1,3,0,7,3,3,,,25,0,0,0,0,0,4,1,16
,2015_12111,0,0,6/24/2015 13:40,13:40,6,0,0,WASHINGTON ST 1300 BLK N & 14TH AVE E,1,1,0,7,1,4,,,30,0,0,0,0,0,4,2,16
,2015_12113,0,0,3/28/2015 0:56,0:56,6,0,0,WAZEE ST 1900 BLK & 20TH ST,1,3,0,7,1,4,,,25,0,0,0,0,0,4,2,16
,2015_12114,0,0,3/27/2015 21:21,21:21,3,0,0,YALE AVE E & DOWNING ST S,1,3,0,7,1,1,,,30,0,0,0,0,0,4,2,16
,2015_12115,0,0,3/11/2015 19:01,19:01,12,0,0,YALE AVE 7700 BLK E & SIDNEY CT S,1,2,0,7,1,2,,,30,0,0,0,0,0,4,2,3
,2015_12116,0,0,8/12/2015 23:15,23:15,6,0,0,YATES ST & 555 N,1,3,0,7,1,4,,,25,0,0,0,0,0,4,2,7
,2015_12117,0,0,1/21/2015 18:20,18:20,12,0,0,YORK ST N & 13TH AVE E,2,1,0,2,1,4,,,30,0,0,0,0,0,4,2,16
,2015_12118,0,0,1/8/2015 15:50,15:50,12,0,0,YORK ST N & 18TH AVE E,1,1,0,7,1,4,,,35,0,0,0,0,0,4,2,16
,2015_12119,0,0,7/30/2015 21:15,21:15,12,0,0,YORK ST 3000 BLK N & 31ST AVE E,1,3,0,7,1,4,,,30,0,0,0,0,0,4,2,14
,2015_12122,0,0,9/11/2015 12:30,12:30,3,0,0,ZUNI ST N & 2828,1,1,0,0,1,2,,,35,0,0,0,0,0,4,2,13
,2015_12173,0,0,3/1/2015 3:56,3:56,6,0,0,EXPOSITION AVE W & HAZEL CT S,4,3,0,7,1,4,,,25,0,0,0,0,0,4,2,5
,2015_12223,39.687411,-104.940549,4/28/2015 10:58,10:58,12,0,0,COLORADO BLVD 1600 BLK S & IOWA AVE E,1,1,0,0,1,3,,,35,0,0,0,0,0,2,2,3
,2015_12224,39.689175,-104.940549,5/11/2015 8:59,8:59,12,0,0,COLORADO BLVD 1500 BLK S & FLORIDA AVE E,1,1,0,0,1,3,,,40,0,0,0,0,0,2,2,14
,2015_12225,39.691076,-104.94055,10/14/2015 12:43,12:43,12,0,0,COLORADO BLVD 1300 BLK S & ARKANSAS AVE E,1,1,1,0,1,1,,,35,0,0,0,0,0,2,2,14
,2015_12226,39.652949,-104.940686,2/23/2015 16:45,16:45,1,0,0,COLORADO BLVD N & BRUCE RANDOLPH AVE E,6,1,0,0,1,1,,,35,0,0,0,0,0,2,2,7
,2015_12227,39.652949,-104.940686,6/22/2015 5:49,5:49,5,0,0,COLORADO BLVD S & HAMPDEN AVE E,1,1,0,0,2,1,,,25,0,0,0,0,0,2,1,1
,2015_12228,39.714912,-104.940628,8/1/2015 20:12,20:12,15,0,0,LEETSDALE DR & S COLO BLVD,1,3,0,7,1,1,,,30,0,0,0,0,0,2,2,16
,2015_12229,39.716395,-104.940627,2/2/2015 18:00,18:00,12,0,0,COLORADO BLVD S & ELLSWORTH AVE E,1,2,1,0,1,4,,,35,0,0,0,0,0,2,3,13
,2015_12230,39.740086,-104.940612,5/9/2015 16:39,16:39,15,0,0,COLFAX AVE 4000 BLK E & COLORADO BLVD N,2,1,0,1,1,3,,,30,0,0,0,0,0,2,2,13
,2015_12231,39.74372,-104.940608,4/24/2015 7:33,7:33,1,0,0,COLORADO BLVD N & 17TH AVE E,1,1,0,0,1,1,,,30,0,0,0,0,0,2,2,14
,2015_12232,39.752817,-104.940597,2/7/2015 15:11,15:11,12,0,0,COLORADO BLVD N & 25TH AVE E,1,1,0,0,1,4,,,35,0,0,0,0,0,2,2,2
,2015_12233,39.761878,-104.940511,3/15/2015 11:25,11:25,1,0,0,MARTIN LUTHER KING JR BLVD & COLORADO BLVD N,1,1,0,0,1,1,,,35,0,0,0,0,0,2,2,13
,2015_12234,39.781472,-104.940493,2/1/2015 3:15,3:15,12,0,0,I-70 WB OFF RAMP & COLORADO BLVD N,4,3,1,2,1,3,,,35,0,0,0,0,0,2,2,7
,2015_12240,39.725423,-105.029848,10/9/2015 20:10,20:10,12,0,0,6TH AVE W & FEDERAL BLVD N,1,3,0,0,1,4,,,65,0,0,0,0,0,2,2,13
,2015_12248,39.714526,-105.000929,8/10/2015 0:16,0:16,5,0,0,I-25 & 6TH AVE W,2,3,0,1,2,4,,,55,0,0,0,0,1,1,1,3
,2015_12257,39.634235,-104.90683,6/1/2015 16:57,16:57,12,0,0,I-25 & I-225 FLYOVER,1,1,0,0,1,4,,,65,0,0,0,0,0,1,4,5
,2015_12258,39.740086,-104.905775,7/11/2015 5:29,5:29,6,0,0,COLFAX AVE E & PONTIAC ST N,1,1,0,0,1,1,,,35,0,0,0,0,0,2,2,7
,2015_12260,39.690017,-104.973363,5/20/2015 7:21,7:21,12,0,0,I-25 & DOWNING ST S,1,1,0,0,1,4,,,60,0,0,0,0,0,1,2,13
,2015_12261,39.690017,-104.973363,6/11/2015 8:05,8:05,12,0,0,I-25 & DOWNING ST S,1,1,0,0,1,4,,,60,0,0,0,0,0,1,3,3
,2015_12262,39.701047,-104.986944,9/25/2015 15:01,15:01,12,0,0,I-25 NB OFF RAMP SPLIT & LINCOLN ST,1,1,0,0,1,8,,,45,0,0,0,0,1,1,3,13
,2015_12263,39.701452,-104.987435,11/23/2015 15:26,15:26,15,0,0,BROADWAY S & OHIO AVE,1,3,0,0,1,4,,,30,0,0,0,0,0,1,2,14
,2015_12264,39.717813,-105.004403,4/23/2015 17:33,17:33,15,0,0,I-25 & MM 208,1,1,0,0,1,4,,,55,0,0,0,0,0,1,2,13
,2015_12265,39.718618,-105.005529,6/26/2015 12:20,12:20,15,0,0,I-25 & 1ST AVE (NOT IN CORIS),1,1,0,0,1,4,,,55,0,0,0,0,0,1,2,13
,2015_12266,39.721864,-105.009103,4/22/2015 18:11,18:11,15,0,0,I-25 SB ON RAMP & 6TH AVE W SB RAMP GORE PT,1,1,0,0,1,8,,,35,0,0,0,0,0,1,2,13
,2015_12267,39.724691,-105.012469,2/13/2015 20:02,20:02,15,0,0,I-25 & 6TH AVE W,1,3,0,0,1,4,,,55,0,0,0,0,0,1,2,8
,2015_12268,39.72543,-105.013021,4/22/2015 13:58,13:58,15,0,0,I-25 & 6TH AVE W,1,1,0,0,1,4,,,55,0,0,0,0,0,1,2,13
,2015_12269,39.72543,-105.013021,6/10/2015 20:34,20:34,11,0,1,I-25 & 6TH AVE W,1,3,1,0,1,4,,,55,0,1,0,0,3,1,2,5
,2015_12270,39.72543,-105.013021,7/27/2015 11:35,11:35,12,0,0,I-25 & 6TH AVE W,1,1,1,0,1,4,,,55,0,0,0,0,0,1,2,7
,2015_12271,39.729334,-105.014821,1/6/2015 18:39,18:39,12,0,0,I-25 & 8TH AVE W,1,4,0,0,1,4,,,55,0,0,0,0,1,1,2,1
,2015_12272,39.75654,-105.010772,6/11/2015 18:50,18:50,12,0,0,I-25 & 15TH ST,2,2,0,1,1,4,,,55,0,0,0,0,0,1,2,13
,2015_12273,39.768039,-104.994788,4/3/2015 16:43,16:43,3,0,0,PARK AVE WEST & I-25 NB RAMPS,1,1,0,0,1,1,,,45,0,0,0,0,0,1,2,13
,2015_12278,0,0,2/22/2015 11:00,11:00,6,0,0,JEWELL AVE 4799 E & DAHLIA ST S,5,1,0,2,1,4,,,25,0,0,0,0,0,4,2,16
,2015_12287,0,0,3/9/2015 11:47,11:47,6,0,0,POPLAR ST 3300 BLK N & 33RD AVE E,1,1,0,7,1,4,,,25,0,0,0,0,0,4,2,16
,2015_12301,39.709238,-104.865968,3/9/2015 15:10,15:10,15,0,0,DAKOTA AVE 10400 BLK E & HAVANA ST S,1,5,0,0,1,1,,,25,0,0,0,0,0,2,2,13
,2015_12302,39.778341,-104.92238,4/25/2015 2:31,2:31,15,0,0,I-70 & HOLLY ST N,1,3,0,0,1,4,,,55,0,0,0,0,0,1,2,13
,2015_12325,39.740041,-104.983517,4/12/2015 21:00,21:00,1,0,0,COLFAX AVE E & GRANT ST N,1,3,0,0,1,1,,,25,0,0,0,0,0,2,2,13
,2015_12340,39.740322,-105.053272,5/23/2015 13:40,13:40,1,0,0,COLFAX AVE W & SHERIDAN BLVD N,1,1,0,0,1,1,,,30,0,0,0,0,0,2,2,13
,2015_12341,39.740343,-105.032736,5/28/2015 16:22,16:22,12,0,0,COLFAX AVE & 3400 BLK W,1,1,1,0,1,4,,,30,0,0,0,0,0,2,2,13
,2015_12342,39.740222,-105.009738,7/25/2015 2:51,2:51,15,0,1,COLFAX AVE W & I-25 NB ON RAMP,1,3,0,0,1,4,,,35,0,0,0,0,2,2,2,5
,2015_12343,39.740082,-105.005223,2/18/2015 10:35,10:35,1,0,1,COLFAX AVE W & 7TH ST,2,1,1,0,1,3,,,30,0,0,0,0,2,2,2,13
,2015_12344,39.74036,-105.050969,9/29/2015 17:40,17:40,10,0,0,COLFAX AVE W & YATES ST N,1,1,0,0,1,1,,,35,0,0,0,0,0,2,2,9
,2015_12345,39.740048,-104.999949,6/14/2015 1:53,1:53,3,0,1,COLFAX AVE W & KALAMATH ST N,1,3,0,0,1,1,,,35,0,0,0,0,2,2,2,7
,2015_12346,39.740361,-105.051159,11/6/2015 23:59,23:59,5,0,0,COLFAX AVE W & YATES ST N,1,3,0,0,2,1,,,35,0,0,0,0,0,2,1,5
,2015_12347,39.740009,-104.97298,8/6/2015 9:20,9:20,15,0,0,DOWNING ST N (RD N) & COLFAX AVE E,1,1,0,0,1,1,,,30,0,0,0,0,0,2,2,13
,2015_12348,39.740013,-104.970799,5/16/2015 23:55,23:55,11,0,1,COLFAX AVE E & LAFAYETTE ST N (RD S),1,3,0,0,1,1,,,35,0,1,0,0,3,2,2,13
,2015_12349,39.740007,-104.973859,9/23/2015 16:40,16:40,12,0,0,COLFAX AVE E & DOWNING ST N,1,1,0,0,1,3,,,30,0,0,0,0,0,2,3,13
,2015_12350,39.74,-104.977784,11/5/2015 2:00,2:00,11,0,0,COLFAX AVE E & CLARKSON ST N,2,3,0,1,1,4,,,,0,1,0,0,1,2,2,16
,2015_12351,39.74011,-104.958745,6/8/2015 21:10,21:10,12,0,0,COLFAX AVE E & JOSEPHINE ST N,1,3,0,0,1,3,,,35,0,0,0,0,0,2,2,12
,2015_12352,39.740181,-104.957465,6/11/2015 16:20,16:20,12,0,0,COLFAX AVE 2500 BLK E & COLUMBINE ST N,1,1,0,0,1,3,,,30,0,0,0,0,0,2,2,3
,2015_12353,39.740078,-104.91389,7/23/2015 17:30,17:30,2,0,0,COLFAX AVE & LOCUST ST,1,1,0,0,1,1,,,35,1,0,0,0,0,2,2,13
,2015_12354,39.74008,-104.91161,7/17/2015 17:22,17:22,12,0,0,COLFAX AVE 6500 BLK E & MAGNOLIA ST N,1,1,0,0,1,1,,,30,0,0,0,0,0,2,2,13
,2015_12355,39.740083,-104.908786,7/15/2015 17:36,17:36,12,0,0,COLFAX AVE 6800 BLK E & NEWPORT ST N,1,1,0,0,1,4,,,35,0,0,0,0,0,2,2,13
,2015_12359,39.740086,-104.889426,10/21/2015 11:00,11:00,5,0,0,WABASH ST & COLFAX AVE E,2,1,0,1,3,4,,,25,0,0,0,0,0,2,1,1
,2015_12377,39.780052,-104.989434,1/20/2015 10:00,10:00,12,0,0,I-70 & I-25,1,1,1,0,1,4,,,55,0,0,0,0,0,1,2,13
,2015_12378,39.779765,-104.96977,6/27/2015 22:30,22:30,12,0,0,I-70 & JOSEPHINE ST N,1,3,1,0,1,4,,,55,0,0,0,0,1,1,2,13
,2015_12379,39.780016,-104.95337,4/13/2015 7:56,7:56,15,0,0,I-70 & VASQUEZ BLVD N,1,1,0,0,1,4,,,55,0,0,0,0,0,1,2,13
,2015_12380,39.779998,-104.950196,1/2/2015 16:35,16:35,12,0,0,I-70 & VASQUEZ BLVD N,9,2,0,0,1,8,,,55,0,0,0,0,0,1,2,13
,2015_12381,39.779997,-104.949807,3/3/2015 11:37,11:37,12,0,0,I-70 & STEELE ST N,1,1,0,0,1,4,,,55,0,0,0,0,1,1,2,3
,2015_12382,39.779945,-104.94044,2/4/2015 10:16,10:16,15,0,0,I-70 WB OFF RAMP & COLORADO BLVD N,2,1,1,2,1,8,,,40,0,0,0,0,0,1,2,13
,2015_12383,39.779947,-104.94004,4/23/2015 9:35,9:35,12,0,1,I-70 & COLORADO BLVD N,1,1,1,0,1,4,,,55,0,0,0,0,3,1,4,13
,2015_12384,39.777095,-104.882471,5/4/2015 14:21,14:21,15,0,0,I-70 & CENTRAL PARK BLVD N,1,1,0,0,1,4,,,55,0,0,0,0,0,1,2,13
,2015_12385,39.77559,-104.865391,9/19/2015 20:00,20:00,15,0,0,I-70 & HAVANA ST N,1,3,0,0,1,4,,,45,0,0,0,0,0,1,2,1
,2015_12386,39.774021,-104.847216,10/4/2015 2:00,2:00,15,0,0,I-70 WB OFF RAMP & PEORIA ST N,1,3,0,0,1,8,,,90,0,0,0,0,0,1,2,13
,2015_12387,39.773707,-104.843468,6/12/2015 18:25,18:25,12,0,0,I-70 & MM 281,1,1,0,0,1,4,,,55,0,0,0,0,1,1,3,1
,2015_12389,39.772877,-104.833905,3/20/2015 13:50,13:50,12,0,0,I-70 & EB OFF RAMP TO I-225,1,1,0,0,1,4,,,55,0,0,0,0,0,1,5,14
,2015_12405,39.674737,-104.870699,3/20/2015 23:08,23:08,12,0,0,ILIFF AVE E & PARKER RD S,1,3,0,0,1,3,,,40,0,0,0,0,0,2,2,13
,2015_12407,39.639808,-104.88401,2/18/2015 19:37,19:37,15,0,0,I-225 & MM 1,1,3,0,0,1,4,,,65,0,0,0,0,0,1,2,1
,2015_12408,39.698614,-104.903604,8/20/2015 8:27,8:27,12,0,0,LEETSDALE DR E & QUEBEC ST S,1,1,0,0,1,1,,,35,0,0,0,0,0,2,3,13
,2015_12409,39.699104,-104.904937,7/14/2015 8:00,8:00,12,0,0,LEETSDALE DR 7200 BLK & QUEBEC ST S,1,1,0,0,1,4,,,40,0,0,0,0,0,2,2,13
,2015_12410,39.700274,-104.908215,6/4/2015 21:00,21:00,1,0,0,ONEIDA ST S & LEETSDALE DR,1,3,0,0,1,1,,,25,0,0,0,0,0,2,2,13
,2015_12411,39.701976,-104.91158,4/4/2015 15:21,15:21,15,0,0,LEETSDALE DR 6600 BLK & NIAGARA ST S,1,1,1,0,1,2,,,35,0,0,0,0,0,2,2,13
,2015_12420,39.698464,-104.991792,5/20/2015 15:57,15:57,12,0,0,PLATTE RIVER DR S & TENNESSEE AVE W,1,1,0,0,1,4,,,40,0,0,0,0,0,2,2,3
,2015_12425,39.70041,-105.025085,7/18/2015 1:54,1:54,6,0,1,KENTUCKY AVE W & FEDERAL BLVD S,1,3,0,0,2,1,,,40,0,0,0,0,2,2,2,3
,2015_12426,39.700263,-105.025084,4/20/2015 21:13,21:13,12,0,0,FEDERAL BLVD 900 BLK S & KENTUCKY AVE W,1,3,0,0,1,4,,,40,0,0,0,0,0,2,2,3
,2015_12427,39.697336,-105.025063,5/25/2015 16:35,16:35,3,0,0,FEDERAL BLVD S & MISSISSIPPI AVE W,1,1,0,0,1,2,,,40,0,0,0,0,0,2,2,3
,2015_12428,39.697193,-105.025063,1/8/2015 11:26,11:26,12,0,0,FEDERAL BLVD S & MISSISSIPPI AVE W,1,1,0,0,1,3,,,40,0,0,0,0,1,2,2,1
,2015_12430,39.682418,-105.025017,3/19/2015 22:40,22:40,12,0,0,FEDERAL BLVD S & JEWELL AVE W,1,3,1,0,1,4,,,35,0,0,0,0,1,2,2,13
,2015_12431,39.682271,-105.025016,4/8/2015 20:10,20:10,1,0,0,FEDERAL BLVD S & JEWELL AVE W,2,3,0,1,1,1,,,40,0,0,0,0,0,2,2,1
,2015_12432,39.681668,-105.025019,4/28/2015 14:30,14:30,12,0,0,FEDERAL BLVD 1940 S & JEWELL AVE W,1,1,0,0,1,2,,,30,0,0,0,0,0,2,2,14
,2015_12433,39.679934,-105.025032,1/29/2015 15:20,15:20,12,0,0,FEDERAL BLVD & 2000 BLK S,1,1,0,0,1,4,,,40,0,0,0,0,0,2,2,7
,2015_12434,39.676758,-105.025054,5/13/2015 16:29,16:29,15,0,0,FEDERAL BLVD S & WARREN AVE W,1,1,0,0,1,1,,,40,0,0,0,0,0,2,2,1
,2015_12435,39.691359,-105.025048,11/23/2015 18:50,18:50,3,0,0,FEDERAL BLVD S & ARKANSAS AVE W,1,3,0,0,1,1,,,25,0,0,0,0,0,2,2,16
,2015_12440,39.624078,-104.908786,6/30/2015 16:58,16:58,3,0,0,BELLEVIEW AVE E & NIAGARA ST S,1,1,1,0,1,1,,,40,0,0,0,0,0,2,2,14
,2015_12454,39.656175,-105.053223,5/8/2015 13:30,13:30,10,0,0,DARTMOUTH AVE W & SHERIDAN BLVD S,1,1,0,0,1,1,,,35,0,0,0,0,0,2,2,13
,2015_12455,39.682241,-105.053199,6/27/2015 7:10,7:10,1,0,0,SHERIDAN BLVD S & JEWELL AVE W,1,1,1,0,1,1,,,35,0,0,0,0,0,2,2,14
,2015_12456,39.689226,-105.053261,2/9/2015 7:38,7:38,12,0,0,SHERIDAN BLVD 1500 BLK S & FLORIDA AVE W,1,1,0,0,1,3,,,40,0,0,0,0,1,2,2,13
,2015_12457,39.692782,-105.053211,2/1/2015 13:13,13:13,3,0,0,SHERIDAN BLVD S & LOUISIANA AVE W,2,1,0,0,1,1,,,35,0,0,0,0,0,2,2,13
,2015_12459,39.733137,-105.053226,2/12/2015 7:40,7:40,12,0,0,10TH AVE W & SHERIDAN BLVD N,1,1,1,0,1,1,,,25,0,0,0,0,0,2,2,13
,2015_12465,39.793494,-105.053236,5/16/2015 16:57,16:57,3,0,0,SHERIDAN BLVD & 5300 BLK N,1,1,1,0,1,2,,,40,0,0,0,0,1,2,2,7
,2015_12480,39.614129,-105.091151,3/20/2015 17:00,17:00,3,0,0,WADSWORTH BLVD 5600 S & CROSS DR W,1,1,0,0,1,3,,,35,0,0,0,0,0,2,2,8
,2015_12482,39.618177,-105.09111,8/13/2015 14:25,14:25,12,0,0,WADSWORTH BLVD S & CRESTLINE AVE W,1,1,0,0,1,3,,,45,0,0,0,0,0,2,2,3
,2015_12505,39.639275,-104.885096,4/6/2015 18:00,18:00,12,0,0,I-225 & YOSEMITE ST S,1,1,1,0,1,4,,,55,0,0,0,0,0,1,2,13
,2015_12506,39.639275,-104.885096,7/9/2015 23:17,23:17,3,0,0,YOSEMITE ST S & I-225,2,3,0,1,1,1,,,35,0,0,0,0,0,1,2,4
,2015_12538,39.754855,-105.025129,1/16/2015 17:55,17:55,3,0,0,FEDERAL BLVD & 2600 BLK N,1,2,0,0,1,2,,,35,0,0,0,0,0,2,2,13
,2015_12539,39.754994,-105.025129,3/22/2015 14:39,14:39,12,0,1,FEDERAL BLVD N & 26TH AVE W,1,1,0,0,1,4,,,30,0,0,0,0,2,2,3,13
,2015_12540,39.652991,-104.928241,12/16/2015 0:45,0:45,15,0,0,HAMPDEN AVE E & FAIRFAX ST S,4,3,0,0,1,1,,,35,0,0,0,0,0,2,2,7
,2015_12541,39.78466,-105.025209,2/6/2015 6:00,6:00,1,0,0,FEDERAL BLVD & I-70 WB ON RAMP,1,2,0,0,1,1,,,35,0,0,0,0,0,2,2,13
,2015_12670,0,0,8/14/2015 17:38,17:38,6,0,0,1ST AVE W & GALAPAGO ST N,1,1,0,7,1,4,,,25,0,0,0,0,0,4,2,3
,2015_12720,0,0,5/20/2015 8:15,8:15,6,0,0,12TH AVE 800 BLK E & CLARKSON ST N,1,1,1,7,1,4,,,25,0,0,0,0,0,4,2,3
,2015_12724,0,0,1/1/2015 14:40,14:40,3,0,0,1ST AVE & 600 E,6,1,1,0,1,5,,,15,0,0,0,0,0,4,2,13
,2015_12725,0,0,2/27/2015 15:06,15:06,3,0,0,5TH AVE E & MADISON ST N,4,1,0,7,1,1,,,25,0,0,0,0,0,4,2,16
,2015_12726,0,0,8/21/2015 16:42,16:42,12,0,0,8TH AVE W & INCA ST N,1,1,0,7,1,4,,,30,0,0,0,0,0,4,4,3
,2015_12727,0,0,3/28/2015 17:37,17:37,1,0,0,11TH AVE E & OGDEN ST N,1,1,0,7,1,1,,,30,0,0,0,1,1,4,2,14
,2015_12728,0,0,7/29/2015 19:25,19:25,1,0,0,11TH AVE E & WASHINGTON ST N,1,1,0,7,1,1,,,25,0,0,0,0,0,4,2,8
,2015_12729,0,0,6/10/2015 15:10,15:10,12,0,0,12TH AVE & 700 BLK E,1,1,0,0,1,5,,,30,0,0,0,0,0,4,2,13
,2015_12730,0,0,9/2/2015 11:00,11:00,6,0,0,8TH AVE 5100 BLK W & SHERIDAN BLVD N,1,1,0,7,1,4,,,25,0,0,0,0,0,4,2,16
,2015_12731,0,0,8/2/2015 11:20,11:20,10,0,0,13TH AVE E & MONACO ST N,1,1,0,0,1,1,,,30,0,0,0,0,0,4,2,13
,2015_12732,0,0,5/26/2015 12:13,12:13,3,0,0,13TH AVE W & OSAGE ST N,1,1,0,0,1,1,,,35,0,0,0,0,0,4,3,14
,2015_12733,0,0,8/1/2015 2:16,2:16,6,0,0,14TH AVE E & ELM ST N,1,3,0,7,1,4,,,30,0,0,0,0,0,4,2,5
,2015_12734,0,0,2/4/2015 7:57,7:57,5,0,0,14TH AVE E & FILLMORE ST,5,1,0,0,2,1,,,30,0,0,0,0,0,4,1,13
,2015_12735,0,0,3/20/2015 19:40,19:40,6,0,0,14TH AVE 1000 BLK W & KALAMATH ST N,1,3,0,0,1,4,,,25,0,0,0,0,0,4,2,13
,2015_12736,0,0,2/11/2015 19:37,19:37,11,0,0,14TH AVE E & OGDEN ST N,1,3,0,0,1,1,,,30,0,1,0,0,1,4,2,13
,2015_12737,0,0,4/15/2015 12:43,12:43,14,0,0,14TH AVE W & PERRY ST N,1,1,0,0,1,1,,,30,0,0,0,0,0,4,2,14
,2015_12738,0,0,9/22/2015 10:09,10:09,3,0,0,26TH AVE 2400 BLK W & ZUNI ST,1,1,0,0,1,2,,,30,0,0,0,0,0,4,2,13
,2015_12739,0,0,7/28/2015 12:15,12:15,6,0,0,47TH AVE & 1300 W,1,1,0,7,1,4,,,25,0,0,0,0,0,4,5,3
,2015_12740,0,0,6/8/2015 16:49,16:49,6,0,0,48TH AVE & 5000 BLK W,1,1,1,0,1,4,,,30,0,0,0,0,0,4,2,3
,2015_12741,0,0,4/16/2015 21:50,21:50,12,0,0,48TH AVE W & LOWELL BLVD N,4,3,0,2,1,4,,,30,0,0,0,0,0,4,2,12
,2015_12742,0,0,5/13/2015 12:25,12:25,3,0,0,48TH AVE W & LOWELL BLVD N,1,1,0,1,1,1,,,25,0,0,0,0,0,4,2,14
,2015_12743,0,0,6/20/2015 20:00,20:00,3,0,0,55TH AVE E & PEORIA ST N,1,2,0,0,1,1,,,40,0,0,0,0,0,4,2,1
,2015_12744,0,0,5/16/2015 22:42,22:42,3,0,0,BROADWAY ST N & 18TH AVE E,1,3,0,7,1,1,,,30,0,0,0,0,0,4,2,16
,2015_12745,0,0,11/22/2015 16:46,16:46,3,0,0,ALAMEDA AVE E & OGDEN ST S,1,3,0,0,1,1,,,30,0,0,0,0,0,4,2,5
,2015_12746,0,0,1/22/2015 16:14,16:14,1,0,0,ALAMEDA AVE E & QUEBEC ST S,1,1,0,7,1,1,,,35,0,0,0,0,1,4,2,3
,2015_12747,0,0,3/30/2015 13:50,13:50,12,0,0,ALAMEDA AVE 7300 BLK E & QUEBEC ST S,1,1,0,7,1,3,,,40,0,0,0,0,0,4,2,3
,2015_12749,0,0,7/30/2015 7:30,7:30,1,0,0,ALAMEDA AVE E & SDAYTON ST,1,1,0,7,1,1,,,40,0,0,0,0,0,4,3,3
,2015_12750,0,0,1/17/2015 21:47,21:47,6,0,0,ALCOTT ST 3600 BLK N & 37TH AVE W,1,3,0,7,1,4,,,25,0,0,0,0,0,4,2,16
,2015_12751,0,0,4/17/2015 11:39,11:39,3,0,0,ARKANSAS AVE & 3125 BLK W,2,1,0,1,1,2,,,25,0,0,0,0,0,4,5,13
,2015_12752,0,0,5/5/2015 11:15,11:15,3,0,1,ARKANSAS AVE W & DECATUR ST S,2,1,0,1,1,1,,,25,0,0,0,0,2,4,2,1
,2015_12753,0,0,5/28/2015 17:45,17:45,5,0,0,ASBURY AVE E & 5200 BLK,1,3,1,0,2,4,,,10,0,0,0,0,0,4,1,9
,2015_12754,0,0,2/22/2015 13:58,13:58,14,0,0,ASBURY AVE W & DELAWARE ST S,5,1,0,2,1,1,,,25,0,0,0,0,0,4,2,7
,2015_12755,0,0,6/6/2015 18:45,18:45,1,0,0,AURARIA PKWY & SPEER BLVD N,1,1,0,0,1,1,,,30,0,0,0,0,0,4,3,13
,2015_12757,0,0,6/14/2015 1:40,1:40,12,0,0,BROADWAY ST 1000 BLK N & 10TH AVE E,1,3,0,7,1,4,,,30,0,0,0,0,0,4,2,1
,2015_12758,0,0,4/18/2015 1:27,1:27,15,0,0,BROADWAY ST 1100 BLK N & 11TH AVE E,1,3,0,0,1,4,,,30,0,0,0,0,0,4,2,1
,2015_12759,0,0,4/15/2015 20:08,20:08,12,0,0,BROADWAY ST 1300 BLK N & 14TH AVE W,1,3,0,7,1,4,,,35,0,0,0,0,0,4,3,14