id,drcog_id,latitude,longitude,crashtime,time,crashtype,numbkilled,numbinjurd,drcoglocat,rdconditin,lightngcon,roadcntgrd,weatherco,location,roaddescrp,schoolzone,constrzone,splimit,bikeinv,pedinv,sctrinv,motoinv,svrty,rdsystem,ttlvehcls,hcf
,2015_12760,0,0,5/22/2015 12:19,12:19,12,0,0,CHAMPA ST 1600 & 16TH ST,1,1,0,0,1,4,,,25,0,0,0,0,0,4,2,1
,2015_12761,0,0,7/8/2015 15:35,15:35,3,0,0,CENTRAL PARK BLVD N & 29TH AVE E,2,1,1,1,1,1,,,35,0,0,0,0,0,4,2,12
,2015_12762,0,0,6/12/2015 22:50,22:50,3,0,0,CENTRAL PARK BLVD N & NORTHFIELD BLVD E,1,3,0,7,1,1,,,35,0,0,0,0,0,4,2,16
,2015_12763,0,0,11/10/2015 11:45,11:45,6,0,0,GAYLORD AVE 1700 BLK N & 17TH AVE E,1,1,1,7,1,4,,,25,0,0,0,0,0,4,2,16
,2015_12764,0,0,7/23/2015 6:37,6:37,12,0,0,CHAMBERS RD N & 40TH AVE E,1,1,0,7,1,1,,,35,0,0,0,0,1,4,3,3
,2015_12765,0,0,3/20/2015 19:48,19:48,3,0,0,CHAMBERS RD N & ANDREWS DR E,1,3,0,0,1,1,,,25,0,0,0,0,0,4,2,13
,2015_12766,0,0,1/7/2015 7:55,7:55,12,0,0,CHAMBERS RD N & MAXWELL PL E,5,1,0,2,1,4,,,40,0,0,0,0,0,4,3,16
,2015_12767,0,0,4/7/2015 8:00,8:00,15,0,0,CHAMPA ST & BROADWAY,1,1,0,7,1,1,,,30,0,0,0,0,0,4,2,16
,2015_12768,0,0,7/23/2015 9:35,9:35,12,0,0,COLUMBINE ST 200 BLK N & 2ND AVE E,1,1,0,0,1,4,,,25,0,0,0,0,0,4,2,13
,2015_12769,0,0,5/15/2015 16:13,16:13,3,0,0,CORONA ST N & 6TH AVE E,1,1,0,7,1,1,,,30,0,0,0,0,0,4,2,16
,2015_12770,0,0,4/7/2015 19:29,19:29,6,0,0,CORONA ST 1200 BLK N & 12TH AVE,1,1,0,7,1,4,,,25,0,0,0,0,0,4,2,5
,2015_12771,0,0,9/26/2015 23:00,23:00,6,0,0,CURTIS ST & 2515,1,4,0,7,1,4,,,25,0,0,0,0,0,4,2,16
,2015_12772,0,0,6/19/2015 23:00,23:00,6,0,0,CUSTER PL & 3300 BLK W,1,4,0,0,1,4,,,25,0,0,0,0,0,4,2,14
,2015_12773,0,0,1/6/2015 18:30,18:30,6,0,0,EMERSON ST 1100 BLK N & 11TH AVE E,2,3,0,7,1,2,,,25,0,0,0,0,0,4,2,16
,2015_12774,0,0,3/18/2015 20:15,20:15,3,0,0,EVANS AVE E & ST PAUL ST,1,3,0,0,1,1,,,30,0,0,0,0,0,4,2,13
,2015_12775,0,0,12/18/2015 11:30,11:30,5,0,0,DARTMOUTH AVE W & 2665,5,4,1,0,3,4,,,35,0,0,0,0,0,4,1,1
,2015_12776,0,0,4/14/2015 6:50,6:50,1,0,0,EVANS AVE W & PLATTE RIVER DR S,1,1,0,1,1,1,,,35,0,0,0,0,0,4,2,16
,2015_12777,0,0,1/26/2015 17:13,17:13,6,0,0,EVANS AVE 2200 BLK E & UNIVERSITY BLVD S,1,3,0,7,1,4,,,30,0,0,0,0,0,4,2,14
,2015_12778,0,0,3/12/2015 8:05,8:05,10,0,0,EVANS AVE 1800 BLK E & WILLIAMS ST S,1,1,0,0,1,3,,,35,0,0,0,0,0,4,4,7
,2015_12779,0,0,1/23/2015 15:30,15:30,3,0,0,FLORIDA AVE W & SANTA FE DR S,1,1,0,0,1,2,,,,0,0,0,0,0,4,2,13
,2015_12780,0,0,1/21/2015 17:59,17:59,15,0,0,FLORIDA AVE W & UTICA ST S,5,3,0,0,1,1,,,30,0,0,0,0,0,4,3,1
,2015_12781,0,0,3/6/2015 8:00,8:00,15,0,0,FRANKLIN ST & 3500 BLK N,1,1,0,0,1,4,,,25,0,0,0,0,1,4,2,7
,2015_12782,0,0,6/8/2015 13:24,13:24,5,0,0,FRANKLIN ST & 5300 BLK N,1,1,1,0,2,4,,,30,0,0,0,0,0,4,1,13
,2015_12783,0,0,5/22/2015 8:04,8:04,13,0,0,GALAPAGO ST 700 BLK N & 8TH AVE W,2,1,0,1,1,4,,,,0,0,0,0,1,4,2,13
,2015_12784,0,0,5/23/2015 11:14,11:14,6,0,0,GARFIELD ST & 3601 BLK N,2,3,0,0,1,3,,,25,0,0,0,0,0,4,2,12
,2015_12785,0,0,12/11/2015 8:48,8:48,12,0,0,HAMPDEN AVE S FRONTAGE RD W (NOT CDOT) & SHERIDAN BLVD S,1,1,0,0,1,4,,,35,0,0,0,0,0,4,2,13
,2015_12786,0,0,5/27/2015 6:50,6:50,12,0,0,IRONTON ST 5000 BLK N & 51ST AVE E,1,1,0,0,1,3,,,30,0,0,0,0,0,4,2,13
,2015_12787,0,0,11/28/2015 13:57,13:57,12,0,0,HIGH ST 1400 BLK N & 14TH AVE E,5,1,0,6,1,1,,,30,0,0,0,0,0,4,3,13
,2015_12788,0,0,3/6/2015 19:50,19:50,3,0,0,IRVING ST S & WESLEY AVE W,1,3,0,0,1,1,,,35,0,0,0,0,0,4,2,12
,2015_12789,0,0,2/16/2015 11:30,11:30,6,0,0,IVY WAY & 3400 BLK S,4,1,0,2,1,4,,,25,0,0,0,0,0,4,2,13
,2015_12790,0,0,6/19/2015 9:45,9:45,3,0,0,JEFFERSON PL E & BEELER ST S,1,1,0,0,1,1,,,25,0,0,0,0,0,4,2,10
,2015_12791,0,0,5/15/2015 15:30,15:30,6,0,0,KNOX CT 255 S & ALAMEDA AVE W,1,1,0,0,1,4,,,30,0,0,0,0,0,4,2,14
,2015_12792,0,0,11/3/2015 14:29,14:29,15,0,0,KALAMATH ST & 600 BLK N,1,1,1,0,1,4,,,30,0,0,0,0,0,4,2,14
,2015_12793,0,0,3/20/2015 3:20,3:20,15,0,0,LINCOLN ST & 1700 BLK N,1,1,0,0,1,4,,,30,0,0,0,0,0,4,2,13
,2015_12794,0,0,10/1/2015 21:55,21:55,6,0,0,JOSEPHINE ST S & ASBURY AVE E,1,3,0,7,1,4,,,25,0,0,0,0,0,4,2,14
,2015_12795,0,0,10/23/2015 15:50,15:50,10,0,0,LINCOLN ST N & 16TH AVE E,1,1,0,0,1,1,,,30,0,0,0,0,0,4,2,13
,2015_12796,0,0,7/16/2015 13:05,13:05,3,0,0,LINCOLN ST S & ELLSWORTH AVE E,1,1,0,7,1,1,,,30,0,0,0,0,1,4,2,12
,2015_12797,0,0,2/5/2015 15:30,15:30,10,0,0,LINCOLN ST N & 20TH ST,1,1,0,0,1,1,,,30,0,0,0,0,0,4,2,13
,2015_12798,0,0,5/8/2015 8:26,8:26,6,0,0,LIPAN ST 1100 BLK N & 114TH AVE W,2,1,0,7,1,4,,,25,0,0,0,0,0,4,2,14
,2015_12799,0,0,4/14/2015 22:33,22:33,6,0,0,LOGAN ST & 1400 BLK N,1,3,0,0,1,3,,,35,0,0,0,0,0,4,2,13
,2015_12800,0,0,7/18/2015 12:55,12:55,15,0,0,LOGAN ST & 1500 BLK N,1,1,0,0,1,4,,,30,0,0,0,0,0,4,2,13
,2015_12801,0,0,6/11/2015 9:50,9:50,15,0,0,LOGAN ST 900 BLK N & 10TH AVE E,1,1,0,7,1,4,,,30,0,0,0,0,0,4,2,16
,2015_12802,0,0,4/8/2015 14:04,14:04,15,0,0,MLK BLVD E & QUEBEC ST N,1,1,0,0,1,1,,,35,0,0,0,0,0,4,3,14
,2015_12803,0,0,10/31/2015 22:00,22:00,6,0,0,MONACO ST & 3800 BLK S,1,3,0,7,1,4,,,30,0,0,0,0,0,4,4,5
,2015_12804,0,0,3/9/2015 11:10,11:10,1,0,0,MONACO ST N & 6TH AVE E,1,1,0,0,1,1,,,30,0,0,0,0,1,4,2,8
,2015_12805,0,0,4/27/2015 10:30,10:30,2,0,1,MONTVIEW AVE E & MONACO PKWY N,2,1,0,1,1,1,,,35,1,0,0,0,2,4,2,14
,2015_12806,0,0,12/28/2015 23:10,23:10,1,0,0,MONACO ST & CEDAR AVE E,1,3,0,0,1,1,,,35,0,0,0,0,0,4,2,13
,2015_12807,0,0,7/18/2015 19:21,19:21,3,0,0,OGDEN ST N & 12TH AVE E,1,1,0,7,1,1,,,30,0,0,0,0,0,4,2,16
,2015_12808,0,0,6/10/2015 13:00,13:00,3,0,0,PARIS ST N & 47TH AVE E,1,1,0,0,1,1,,,35,0,0,0,0,0,4,2,13
,2015_12809,0,0,3/29/2015 12:00,12:00,10,0,0,PARK AVE W & 1800 BLK,1,1,0,0,1,3,,,30,0,0,0,0,0,4,2,13
,2015_12810,0,0,8/31/2015 13:26,13:26,2,0,0,PARK AVE W & BLAKE ST,1,1,0,0,1,1,,,,1,0,0,0,1,4,2,13
,2015_12811,0,0,1/29/2015 18:17,18:17,11,0,0,PARK AVE W & BROADWAY,1,3,0,0,1,1,,,30,0,1,0,0,1,4,2,7
,2015_12813,0,0,2/13/2015 20:11,20:11,10,0,0,PARK AVE W & LARIMER ST,1,3,0,0,1,1,,,30,0,0,0,0,0,4,2,8
,2015_12814,0,0,4/16/2015 19:15,19:15,5,0,0,PENA BLVD & 25000 BLK,4,3,1,2,2,4,,,5,0,0,0,0,0,4,1,16
,2015_12815,0,0,7/28/2015 16:55,16:55,12,0,0,PENA BLVD 5500 BLK & 56TH AVE E,1,1,1,7,1,4,,,45,0,0,0,0,0,4,2,14
,2015_12816,0,0,7/22/2015 4:00,4:00,6,0,0,PEARL ST 1500 BLK N & COLFAX AVE E,1,3,0,7,1,4,,,30,0,0,0,0,0,4,2,5
,2015_12817,0,0,4/28/2015 11:47,11:47,12,0,0,PENA BLVD & GVR BLVD E,1,1,2,7,1,3,,,35,0,0,0,0,0,4,2,14
,2015_12819,0,0,12/30/2015 10:30,10:30,3,0,0,PATTON ST S & ARIZONA AVE W,5,1,0,0,1,1,,,25,0,0,0,0,0,4,2,13
,2015_12820,0,0,6/11/2015 14:54,14:54,3,0,0,PEORIA ST N & 51ST AVE E,1,1,0,0,1,3,,,35,0,0,0,0,0,4,3,13
,2015_12821,0,0,6/30/2015 17:22,17:22,5,0,0,PEORIA ST N & 55TH AVE E,1,1,1,7,3,4,,,40,0,0,0,0,0,4,1,16
,2015_12822,0,0,8/7/2015 15:02,15:02,15,0,0,PENA BLVD 8000 BLK & 8400 PENA BLVD,1,1,0,7,1,4,,,45,0,0,0,0,0,4,2,16
,2015_12823,0,0,4/15/2015 12:50,12:50,15,0,0,PLATTE RIVER DR S & FLORIDA AVE W,1,1,0,0,1,1,,,30,0,0,0,0,0,4,2,13
,2015_12824,0,0,5/8/2015 5:20,5:20,5,0,0,PLATTE RIVER DR 1400 BLK S & JASON ST S,2,2,0,1,3,1,,,,0,0,0,0,0,4,1,5
,2015_12825,0,0,10/31/2015 12:24,12:24,12,0,0,QUEBEC ST N & COLFAX AVE E,1,1,1,0,1,4,,,35,0,0,0,0,0,4,2,13
,2015_12826,0,0,1/7/2015 20:50,20:50,12,0,0,QUEBEC ST N & MONTVIEW BLVD E,5,3,0,7,1,1,,,35,0,0,0,0,1,4,2,16
,2015_12827,0,0,7/29/2015 21:35,21:35,3,0,0,QUINCY AVE W & AMMONS ST S,1,3,0,0,1,1,,,40,0,0,0,0,0,4,2,7
,2015_12828,0,0,2/5/2015 12:36,12:36,6,0,0,QUIVAS ST & 4100 BLK N,1,1,1,0,1,4,,,25,0,0,0,0,0,4,2,13
,2015_12829,0,0,6/18/2015 17:35,17:35,3,0,0,RAMPART WAY N & 1ST PL E,1,1,0,7,1,1,,,25,0,0,0,0,0,4,2,4
,2015_12830,0,0,5/27/2015 23:10,23:10,3,0,0,30TH ST & WELTON ST,2,3,0,7,1,1,,,25,0,0,0,0,0,4,2,16
,2015_12831,0,0,8/17/2015 7:06,7:06,2,0,0,19TH ST & BLAKE ST,1,1,1,0,1,1,,,30,1,0,0,0,0,4,2,13
,2015_12832,0,0,11/6/2015 17:27,17:27,15,0,0,18TH ST & BROADWAY N,1,2,0,0,1,1,,,25,0,0,0,0,0,4,2,16
,2015_12833,0,0,4/11/2015 0:54,0:54,3,0,0,22ND ST & LARIMER ST,1,3,0,7,1,1,,,35,0,0,0,0,0,4,2,1
,2015_12834,0,0,3/10/2015 16:00,16:00,3,0,0,20TH ST & WELTON ST,1,1,0,7,1,1,,,25,0,0,0,0,1,4,2,16
,2015_12835,0,0,6/21/2015 17:50,17:50,15,0,0,20TH ST 1300 BLK & LARIMER ST,1,1,0,0,1,1,,,25,0,0,0,0,0,4,2,13
,2015_12836,0,0,2/1/2015 20:47,20:47,3,0,0,22ND ST & LAWRENCE ST,2,3,0,7,1,1,,,30,0,0,0,0,1,4,2,12
,2015_12837,0,0,2/14/2015 11:30,11:30,3,0,0,22ND ST & LAWRENCE ST,1,1,0,7,1,1,,,30,0,0,0,0,0,4,2,16
,2015_12838,0,0,3/26/2015 10:05,10:05,3,0,0,22ND ST & LAWRENCE ST,1,1,0,7,1,1,,,30,0,0,0,0,0,4,2,4
,2015_12839,0,0,2/17/2015 3:15,3:15,6,0,0,24TH ST 1100 BLK & ARAPAHOE ST,5,3,0,7,1,4,,,25,0,0,0,0,0,4,2,7
,2015_12840,0,0,9/4/2015 0:05,0:05,5,0,0,SAND CREEK RD N & 47TH AVE DR E,1,4,0,0,3,1,,,25,0,0,0,0,0,4,1,14
,2015_12841,0,0,5/15/2015 15:51,15:51,10,0,0,SMITH RD E & DAHLIA ST N,1,1,0,0,1,1,,,30,0,0,0,0,0,4,2,13
,2015_12842,0,0,1/10/2015 4:15,4:15,15,0,0,SPEER BLVD 800 BLK N & BANNOCK ST N,1,3,0,7,1,4,,,30,0,0,0,0,0,4,2,16
,2015_12843,0,0,3/7/2015 0:03,0:03,5,0,0,SPEER BLVD W & BROADWAY N,2,3,0,2,2,4,,,30,0,0,0,0,0,4,1,14
,2015_12844,0,0,4/16/2015 17:43,17:43,15,0,0,SPEER BLVD & ELITCH CIR,2,1,0,1,1,1,,,40,0,0,0,0,0,4,2,16
,2015_12845,0,0,4/8/2015 13:49,13:49,12,0,0,SPEER BLVD N & PLATTE ST,1,1,1,7,1,4,,,30,0,0,0,0,0,4,2,16
,2015_12846,0,0,9/30/2015 7:53,7:53,2,0,0,SPEER BLVD 1100 BLK N & ARAPAHOE ST,1,1,0,0,1,2,,,,1,0,0,0,1,4,2,13
,2015_12847,0,0,2/6/2015 9:20,9:20,14,0,0,29TH AVE E & MILWAUKEE ST N,1,1,0,0,1,4,,,25,0,0,0,0,0,4,2,3
,2015_12848,0,0,1/9/2015 12:17,12:17,3,0,0,TEJON ST 3200 N & 32ND AVE W,5,1,0,2,1,5,,,25,0,0,0,0,0,4,2,14
,2015_12849,0,0,11/5/2015 19:00,19:00,15,0,0,TOWER RD N & 43RD AVE E,1,3,0,0,1,4,,,35,0,0,0,0,0,4,2,16
,2015_12850,0,0,2/13/2015 13:31,13:31,15,0,0,UNIVERSITY BLVD 1000 BLK S & MISSISSIPPI AVE E,1,1,0,7,1,4,,,30,0,0,0,0,0,4,3,3
,2015_12851,0,0,4/7/2015 8:25,8:25,3,0,0,YALE CIR E & YALE AVE E,1,1,0,0,1,1,,,25,0,0,0,0,0,4,2,14
,2015_12852,0,0,3/12/2015 15:39,15:39,3,0,0,YATES ST N & 35TH AVE W,1,1,1,7,1,1,,,25,0,0,0,0,0,4,2,16
,2015_12853,0,0,6/2/2015 10:42,10:42,12,0,0,YORK ST 700 BLK N & 8TH AVE E,1,1,0,7,1,4,,,30,0,0,0,0,0,4,2,16
,2015_12854,0,0,5/9/2015 16:04,16:04,12,0,0,YOSEMITE ST 1700 BLK N & 17TH AVE E,2,1,0,1,1,3,,,30,0,0,0,0,0,4,3,16
,2015_12856,0,0,2/11/2015 11:42,11:42,3,0,0,ZUNI ST S & MOSIER PL W,1,1,0,7,1,1,,,25,0,0,0,0,0,4,2,1
,2015_12958,39.678409,-104.940629,3/1/2015 16:56,16:56,3,0,0,COLORADO BLVD S & EVANS AVE E,1,1,0,0,1,1,,,35,0,0,0,0,0,2,2,3
,2015_12959,39.680122,-104.94064,2/24/2015 23:15,23:15,10,0,0,COLORADO CENTER DR E & COLORADO BLVD S,1,3,0,0,1,1,,,30,0,0,0,0,0,2,2,13
,2015_12960,39.680122,-104.94064,4/5/2015 20:50,20:50,3,0,0,COLORADO BLVD S & COLORADO CENTER DR E,1,3,0,0,1,1,,,35,0,0,0,0,0,2,2,13
,2015_12961,39.68408,-104.940451,6/21/2015 21:39,21:39,12,0,0,COLORADO BLVD 1800 BLK S & I-25 NB ON RAMP,1,3,0,0,1,4,,,35,0,0,0,0,1,2,2,14
,2015_12962,39.68444,-104.940497,4/27/2015 9:46,9:46,12,0,0,COLORADO BLVD N & I-25 NB ON RAMP,2,1,0,1,1,4,,,35,0,0,0,0,0,2,3,1
,2015_12963,39.687563,-104.940549,1/19/2015 10:52,10:52,1,0,0,COLORADO BLVD S & IOWA AVE E,1,1,0,0,1,1,,,35,0,0,0,0,0,2,2,13
,2015_12964,39.687563,-104.940549,2/28/2015 12:40,12:40,1,0,0,COLORADO BLVD S & IOWA AVE E,1,1,1,0,1,1,,,35,0,0,0,0,0,2,2,7
,2015_12966,39.717824,-104.940628,7/7/2015 17:30,17:30,12,0,0,COLORADO BLVD N & 1ST AVE E,1,1,0,0,1,1,,,35,0,0,0,0,1,2,3,13
,2015_12967,39.727365,-104.940627,6/1/2015 14:24,14:24,12,0,0,COLORADO BLVD & 700 BLK S COLORADO BLVD,1,1,0,0,1,4,,,35,0,0,0,0,0,2,2,7
,2015_12968,39.732829,-104.940621,3/5/2015 13:35,13:35,3,0,0,COLORADO BLVD N & 11TH AVE E,1,1,0,0,1,1,,,35,0,0,0,0,0,2,2,13
,2015_12969,39.738302,-104.940614,1/5/2015 17:30,17:30,12,0,0,COLORADO BLVD & 14TH AVE,2,3,0,0,1,1,,,40,0,0,0,0,0,2,4,14
,2015_12970,39.739788,-104.940612,1/20/2015 19:47,19:47,15,0,0,COLFAX AVE E & COLORADO BLVD N,1,3,0,0,1,4,,,35,0,0,0,0,0,2,4,2
,2015_12979,39.72542,-105.025174,6/28/2015 13:00,13:00,12,0,0,6TH AVE W & FEDERAL BLVD N,1,1,0,0,1,4,,,55,0,0,0,0,0,2,3,13
,2015_12980,39.725516,-105.013084,1/9/2015 1:10,1:10,12,0,0,6TH AVE W & I-25,1,1,0,0,1,4,,,20,0,0,0,0,1,2,2,13
,2015_12981,39.725545,-105.012704,2/17/2015 18:28,18:28,15,0,0,6TH AVE W & I-25 NB OFF RAMP MERGE PT,1,3,0,0,1,4,,,55,0,0,0,0,0,2,2,14
,2015_13021,39.625205,-104.90222,5/28/2015 8:02,8:02,15,0,0,I-25 & BELLEVIEW AVE E,1,1,0,0,1,4,,,65,0,0,0,0,0,1,2,7
,2015_13022,39.627163,-104.903401,6/22/2015 12:26,12:26,15,0,0,I-25 & BELLEVIEW AVE,1,1,0,0,1,4,,,65,0,0,0,0,0,1,2,14
,2015_13023,39.628965,-104.904428,6/10/2015 17:00,17:00,12,0,0,I-25 & MM 199,1,1,0,0,1,4,,,65,0,0,0,0,0,1,2,3
,2015_13024,39.639097,-104.910179,6/23/2015 15:47,15:47,15,0,0,I-25 & QUINCY AVE E,1,1,0,0,1,4,,,65,0,0,0,0,0,1,2,13
,2015_13025,39.639264,-104.910285,7/23/2015 6:25,6:25,12,0,0,I-25 & QUINCY AVE E,1,2,0,0,1,4,,,55,0,0,0,0,0,1,2,1
,2015_13026,39.653347,-104.918371,7/15/2015 11:00,11:00,12,0,0,I-25 & HAMPDEN AVE E,1,1,0,0,1,4,,,65,0,0,0,0,0,1,2,4
,2015_13027,39.768144,-104.994545,5/17/2015 0:37,0:37,5,0,0,I-25 NB RAMP & PARK AVE WEST,1,3,0,0,2,1,,,35,0,0,0,0,0,1,1,5
,2015_13028,39.678252,-104.933467,3/31/2015 6:45,6:45,12,0,0,I-25 NB OFF SLIP RAMP & EVANS AVE E,1,2,0,0,1,8,,,35,0,0,0,0,0,1,2,1
,2015_13029,39.683026,-104.940163,11/6/2015 16:35,16:35,12,0,0,I-25 NB OFF RAMP & COLORADO BLVD S,1,1,0,0,1,8,,,55,0,0,0,0,0,1,2,5
,2015_13030,39.711227,-105.046166,3/24/2015 22:22,22:22,3,0,1,ALAMEDA AVE W & UTICA ST S,1,3,0,0,1,1,,,25,0,0,0,0,2,2,2,14
,2015_13031,39.68492,-104.959513,1/14/2015 17:37,17:37,12,0,0,I-25 & UNIVERSITY BLVD S,1,3,0,0,1,4,,,65,0,0,0,0,0,1,2,13
,2015_13032,39.68682,-104.966883,7/23/2015 15:56,15:56,15,0,0,I-25 & MM 205.5,1,1,0,0,1,4,,,60,0,0,0,0,0,1,2,13
,2015_13033,39.684918,-104.950446,10/29/2015 15:53,15:53,12,0,0,I-25 & STEELE ST,1,1,0,0,1,4,,,60,0,0,0,0,0,1,3,16
,2015_13034,39.728052,-105.01436,5/29/2015 23:20,23:20,15,0,0,I-25 & MM 209,2,4,0,1,1,4,,,55,0,0,0,0,0,1,3,1
,2015_13035,39.729488,-105.014877,10/26/2015 19:30,19:30,12,0,0,8TH AVE & I-25,1,2,0,0,1,4,,,60,0,0,0,0,0,1,2,16
,2015_13036,39.733959,-105.015325,5/28/2015 8:04,8:04,12,0,0,I-25 & 11TH AVE W (NOT IN TCORIS),1,1,0,0,1,4,,,55,0,0,0,0,0,1,2,7
,2015_13037,39.74035,-105.013939,2/24/2015 18:30,18:30,12,0,0,I-25 & COLFAX AVE W,1,2,0,0,1,4,,,55,0,0,0,0,1,1,2,13
,2015_13038,39.741741,-105.014441,3/12/2015 12:17,12:17,5,0,0,I-25 SB ON RAMP & COLFAX AVE W,1,1,1,0,3,8,,,35,0,0,0,0,0,1,1,1
,2015_13039,39.751291,-105.016572,7/7/2015 10:08,10:08,15,0,0,I-25 & 23RD AVE W,1,1,1,0,1,4,,,55,0,0,0,0,1,1,2,13
,2015_13041,39.760997,-105.004275,3/17/2015 9:22,9:22,15,0,0,I-25 SB OFF RAMP & 20TH ST,1,1,0,0,1,1,,,35,0,0,0,0,0,1,2,14
,2015_13042,39.768039,-104.994788,3/27/2015 6:46,6:46,12,0,0,I-25 & 38TH AVE W,1,1,1,0,1,4,,,55,0,0,0,0,0,1,2,13
,2015_13044,39.768219,-104.994371,1/7/2015 21:20,21:20,12,0,0,PARK AVE WEST & I-25,5,4,0,0,1,8,,,35,0,0,0,0,0,1,2,13
,2015_13045,39.782962,-104.989151,7/28/2015 16:15,16:15,12,0,0,I-25 & I-70,1,1,1,0,1,4,,,55,0,0,0,0,0,1,2,13
,2015_13046,39.783989,-104.989144,7/11/2015 10:20,10:20,15,0,0,I-25 & 48TH AVE W,1,1,0,0,1,4,,,55,0,0,0,0,0,1,2,13
,2015_13052,39.77571,-104.989218,9/18/2015 23:45,23:45,12,0,1,I-25 & I-70,1,3,0,0,1,4,,,55,0,0,0,1,2,1,2,1
,2015_13076,39.711332,-105.053258,3/6/2015 16:58,16:58,12,0,0,ALAMEDA AVE W & SHERIDAN BLVD S,2,3,0,0,1,1,,,35,0,0,0,0,1,2,2,12
,2015_13078,39.71109,-105.027297,1/7/2015 0:00,0:00,6,0,0,ALAMEDA AVE & 3146 W,1,5,0,2,3,3,,,35,0,0,0,0,0,2,4,13
,2015_13079,39.711083,-105.026277,6/5/2015 16:15,16:15,12,0,0,ALAMEDA AVE W & GROVE ST S,1,1,0,0,1,4,,,35,0,0,0,0,0,2,3,1
,2015_13080,39.711182,-105.003917,6/9/2015 16:20,16:20,12,0,0,ALAMEDA AVE W & NAVAJO ST S,1,1,0,0,1,4,,,40,0,0,0,0,0,2,2,13
,2015_13081,39.711196,-104.999979,4/13/2015 18:34,18:34,15,0,0,ALAMEDA AVE W & I-25 SB OFF RAMP,1,1,0,0,1,3,,,30,0,0,0,0,0,2,2,1
,2015_13082,39.653092,-104.913613,4/13/2015 9:46,9:46,15,0,0,HAMPDEN AVE 6400 BLK E & MONACO ST S,1,1,0,0,1,4,,,40,0,0,0,0,0,2,2,13
,2015_13083,39.653077,-104.898688,1/6/2015 15:18,15:18,1,0,1,HAMPDEN AVE E & TAMARAC ST S,1,5,1,0,1,1,,,45,0,0,0,0,2,2,2,3
,2015_13093,39.740048,-104.986169,1/24/2015 15:50,15:50,10,0,0,COLFAX AVE E & LINCOLN ST N,1,1,0,0,1,1,,,35,0,0,0,0,0,2,2,13
,2015_13115,39.740322,-105.053272,6/8/2015 7:10,7:10,12,0,0,SHERIDAN BLVD N & COLFAX AVE W,1,1,0,0,1,3,,,35,0,0,0,0,0,2,3,13
,2015_13116,39.740343,-105.032331,4/5/2015 14:05,14:05,12,0,0,COLFAX AVE W & KNOX CT N,1,1,0,0,1,3,,,30,0,0,0,0,0,2,2,13
,2015_13117,39.740082,-105.005223,2/5/2015 21:48,21:48,15,0,0,7TH ST & COLFAX AVE W,1,3,0,0,1,3,,,25,0,0,0,0,0,2,2,13
,2015_13119,39.740048,-104.999949,2/17/2015 12:09,12:09,12,0,0,COLFAX AVE W & KALAMATH ST N,2,1,0,0,1,3,,,35,0,0,0,0,0,2,2,14
,2015_13120,39.740025,-104.998126,4/17/2015 21:40,21:40,15,0,0,SPEER BLVD N & FEDERAL BLVD N,1,3,1,0,1,1,,,35,0,0,0,0,0,2,2,13
,2015_13121,39.740025,-104.998126,4/28/2015 12:40,12:40,10,0,0,SPEER BLVD N & COLFAX AVE W,1,1,1,0,1,1,,,35,0,0,0,0,0,2,2,1
,2015_13122,39.740025,-104.998126,8/12/2015 19:12,19:12,15,0,0,SPEER BLVD & COLFAX AVE,1,3,0,0,1,1,,,35,0,0,0,0,0,2,2,1
,2015_13124,39.739998,-104.978671,1/28/2015 0:10,0:10,3,0,0,WASHINGTON ST N & COLFAX AVE E,1,3,0,0,1,1,,,25,0,0,0,0,0,2,2,13
,2015_13125,39.740006,-104.967771,12/31/2015 12:20,12:20,6,0,0,COLFAX AVE 1600 BLK E & FRANKLIN ST N,1,1,0,0,1,4,,,30,0,0,0,0,0,2,2,13
,2015_13126,39.739981,-104.962488,7/14/2015 13:12,13:12,12,0,0,COLFAX AVE & VINE ST N,1,1,0,0,1,4,,,35,0,0,0,0,0,2,3,13
,2015_13127,39.739983,-104.959843,2/4/2015 16:06,16:06,12,0,0,COLFAX AVE 2200 BLK E & YORK ST N,1,1,0,0,1,3,,,30,0,0,0,0,1,2,3,13
,2015_13128,39.739983,-104.959843,4/7/2015 16:30,16:30,12,0,0,COLFAX AVE E & YORK ST N,1,1,0,0,1,3,,,30,0,0,0,0,0,2,2,13
,2015_13129,39.74011,-104.958745,2/17/2015 10:40,10:40,1,0,0,COLFAX AVE E & JOSEPHINE ST N,2,1,0,0,1,1,,,35,0,0,0,0,0,2,2,13
,2015_13130,39.740178,-104.957275,1/2/2015 18:40,18:40,6,0,0,COLFAX AVE 2500 E & COLUMBINE ST N,8,3,1,0,1,4,,,30,0,0,0,0,0,2,2,13
,2015_13131,39.740087,-104.904816,1/5/2015 14:40,14:40,12,0,0,COLFAX AVE E & POPLAR ST N,2,1,0,0,1,3,,,35,0,0,0,0,1,2,2,5
,2015_13132,39.740079,-104.899945,7/1/2015 15:37,15:37,12,0,0,COLFAX AVE E & ROSEMARY ST N,1,1,0,0,1,1,,,25,0,0,0,0,0,2,2,13
,2015_13172,39.783138,-105.006328,10/13/2015 14:15,14:15,12,0,0,PECOS ST N & I-70,1,1,0,0,1,6,,,25,0,0,0,0,0,1,2,13