id,drcog_id,latitude,longitude,crashtime,time,crashtype,numbkilled,numbinjurd,drcoglocat,rdconditin,lightngcon,roadcntgrd,weatherco,location,roaddescrp,schoolzone,constrzone,splimit,bikeinv,pedinv,sctrinv,motoinv,svrty,rdsystem,ttlvehcls,hcf
,2015_13173,39.779811,-104.968795,8/12/2015 12:54,12:54,12,0,0,I-70 & BRIGHTON BLVD N,1,1,0,0,1,4,,,55,0,0,0,0,0,1,2,13
,2015_13174,39.780014,-104.959201,7/7/2015 13:02,13:02,15,0,0,I-70 & YORK ST N,2,1,0,1,1,4,,,55,0,0,0,0,0,1,2,13
,2015_13175,39.780003,-104.95136,8/19/2015 7:25,7:25,15,0,0,I-70 & N COLORADO BLVD,1,1,0,0,1,4,,,55,0,0,0,0,0,1,2,13
,2015_13176,39.780012,-104.938057,1/15/2015 15:21,15:21,12,0,0,I-70 & MM 276.7,1,1,0,0,1,4,,,55,0,0,0,0,0,1,2,13
,2015_13177,39.778341,-104.92238,4/14/2015 11:45,11:45,9,0,0,I-70 & HOLLY ST N,1,1,0,0,1,4,,,55,0,0,0,0,0,1,2,13
,2015_13179,39.775623,-104.865778,3/23/2015 7:30,7:30,5,0,0,I-70 & HAVANA ST N,1,1,1,0,1,4,,,55,0,0,0,0,0,1,2,14
,2015_13180,39.775623,-104.865778,5/17/2015 14:00,14:00,15,0,0,I-70 & HAVANA ST,1,1,0,0,1,4,,,55,0,0,0,0,0,1,2,14
,2015_13181,39.774005,-104.847034,2/2/2015 12:12,12:12,12,0,1,PEORIA ST N & I-70,2,1,1,0,1,4,,,40,0,0,0,0,2,1,2,3
,2015_13182,39.774005,-104.847034,5/3/2015 7:00,7:00,12,0,0,I-70 EB RAMPS & PEORIA ST N,1,1,0,0,1,3,,,40,0,0,0,0,0,1,2,13
,2015_13183,39.773707,-104.843468,5/30/2015 13:50,13:50,11,0,0,I-70 & MM 282,1,1,1,0,1,4,,,55,0,1,0,0,0,1,2,14
,2015_13184,39.773641,-104.842716,5/19/2015 10:44,10:44,9,0,4,I-70 & PEORIA ST N,2,1,1,1,1,4,,,55,0,0,0,0,3,1,2,13
,2015_13207,39.672852,-104.868392,10/14/2015 14:53,14:53,12,0,0,PARKER RD S & HARVARD AVE E,1,1,0,0,1,4,,,45,0,0,0,0,0,2,2,1
,2015_13208,39.707382,-104.922467,5/2/2015 11:49,11:49,12,0,0,LEETSDALE DR 5500 BLK & HOLLY ST S,1,1,0,0,1,4,,,35,0,0,0,0,0,2,2,13
,2015_13209,39.708032,-104.926289,2/27/2015 11:45,11:45,12,0,0,LEETSDALE DR & 5200 BLK,4,1,0,0,1,3,,,35,0,0,0,0,0,2,3,13
,2015_13210,39.708173,-104.927063,6/10/2015 14:45,14:45,1,0,2,LEETSDALE DR & FOREST ST S,1,1,0,0,1,1,,,40,0,0,0,0,3,2,2,3
,2015_13211,39.708173,-104.927063,7/1/2015 14:15,14:15,12,0,0,LEETSDALE DR 5300 BLK & FOREST ST S,1,1,0,0,1,1,,,35,0,0,0,0,1,2,2,3
,2015_13218,39.697899,-104.991747,2/25/2015 13:05,13:05,15,0,0,SANTA FE DR 900 BLK S & MISSISSIPPI AVE W,2,1,0,2,1,4,,,25,0,0,0,0,0,2,2,13
,2015_13219,39.698662,-104.991832,5/4/2015 17:20,17:20,15,0,0,PLATTE RIVER DR 900 BLK S & TENNESSEE AVE W,1,1,0,0,1,4,,,45,0,0,0,0,0,2,2,13
,2015_13222,39.718707,-105.02516,7/9/2015 14:15,14:15,15,0,0,FEDERAL BLVD N & 1ST AVE W,1,1,0,0,1,4,,,35,0,0,0,0,0,2,2,3
,2015_13223,39.727529,-105.025127,8/21/2015 15:03,15:03,3,0,0,FEDERAL BLVD N & 7TH AVE W,1,1,0,0,1,1,,,35,0,0,0,0,0,2,2,13
,2015_13224,39.707648,-105.025079,7/11/2015 11:30,11:30,3,0,0,VIRGINIA AVE W & FEDERAL BLVD S,1,1,0,0,1,1,,,25,0,0,0,0,1,2,2,13
,2015_13225,39.707233,-105.025077,10/14/2015 19:40,19:40,2,0,1,FEDERAL BLVD S & VIRGINIA AVE W,1,3,0,0,1,4,,,35,1,0,0,0,3,2,2,13
,2015_13226,39.691054,-105.025049,3/23/2015 15:15,15:15,1,0,0,FEDERAL BLVD S & ARKANSAS AVE W,1,1,0,0,1,2,,,40,0,0,0,0,0,2,2,1
,2015_13227,39.678762,-105.025047,5/19/2015 12:50,12:50,12,0,0,FEDERAL BLVD S & EVANS AVE W,2,1,0,1,1,3,,,40,0,0,0,0,0,2,2,1
,2015_13228,39.678616,-105.025049,2/13/2015 12:25,12:25,12,0,0,FEDERAL BLVD S & EVANS AVE W,1,1,0,0,1,1,,,35,0,0,0,0,0,2,2,3
,2015_13229,39.678616,-105.025049,4/5/2015 5:25,5:25,15,0,0,EVANS AVE W & FEDERAL BLVD S,1,2,0,0,1,1,,,40,0,0,0,0,1,2,2,5
,2015_13230,39.673497,-105.025053,3/7/2015 11:00,11:00,1,0,0,FEDERAL BLVD 2300 BLK S & WESLEY AVE W,1,1,0,0,1,2,,,35,0,0,0,0,0,2,2,8
,2015_13231,39.673201,-105.025055,6/14/2015 13:11,13:11,3,0,0,FEDERAL BLVD S & HARVARD AVE W,1,1,0,0,1,1,,,25,0,0,0,0,0,2,2,1
,2015_13498,0,0,10/10/2015 11:20,11:20,5,0,0,OSAGE ST 3700 N & 38TH AVE W,1,1,0,0,1,4,,,25,0,0,0,0,0,4,1,13
,2015_13533,0,0,6/9/2015 21:21,21:21,1,0,0,1ST AVE E & COOK ST N,1,3,0,7,1,1,,,35,0,0,0,0,0,4,2,3
,2015_13534,0,0,3/7/2015 12:20,12:20,3,0,0,3RD AVE E & PEARL ST N,1,1,0,7,1,1,,,25,0,0,0,0,0,4,2,16
,2015_13535,0,0,6/13/2015 19:53,19:53,6,0,0,4TH AVE W & 2925,2,1,0,1,1,4,,,25,0,0,0,0,0,4,2,13
,2015_13536,0,0,3/27/2015 4:15,4:15,5,0,0,4TH AVE W & PERRY ST N,1,3,0,7,4,3,,,25,0,0,0,0,0,4,1,9
,2015_13537,0,0,6/4/2015 17:37,17:37,3,0,0,6TH AVE E & HIGH ST N,1,1,0,7,1,1,,,25,0,0,0,0,0,4,2,3
,2015_13538,0,0,2/4/2015 13:13,13:13,15,0,0,8TH AVE W & KALAMATH ST N,1,1,1,0,1,1,,,30,0,0,0,0,0,4,2,13
,2015_13539,0,0,7/16/2015 7:16,7:16,3,0,0,8TH AVE E & MADISON ST N,1,1,0,0,1,1,,,25,0,0,0,1,0,4,2,7
,2015_13540,0,0,8/4/2015 7:55,7:55,12,0,0,8TH AVE 400 BLK E & PENNSYLVANIA ST N,1,1,0,7,1,4,,,30,0,0,0,0,0,4,2,3
,2015_13541,0,0,12/20/2015 18:30,18:30,5,0,0,6TH AVE W FRONTAGE RD (NOT CDOT) & LOWELL BLVD N,5,2,0,2,2,4,,,25,0,0,0,0,0,4,1,13
,2015_13542,0,0,11/25/2015 12:42,12:42,3,0,0,7TH AVE E & PEARL ST N,1,1,1,0,1,1,,,25,0,0,0,0,0,4,2,16
,2015_13543,0,0,1/25/2015 23:10,23:10,3,0,0,17TH AVE E & QUEBEC ST N,1,3,0,7,1,1,,,30,0,0,0,0,0,4,2,16
,2015_13544,0,0,2/13/2015 7:39,7:39,12,0,0,18TH AVE 300 BLK E & GRANT ST N,1,1,0,7,1,3,,,30,0,0,0,0,0,4,2,16
,2015_13545,0,0,1/29/2015 10:30,10:30,6,0,0,24TH AVE W & ELIOT ST N,1,1,0,7,1,3,,,30,0,0,0,0,0,4,2,16
,2015_13546,0,0,7/2/2015 9:24,9:24,12,0,0,45TH AVE E & PEORIA ST N,1,1,0,7,1,1,,,25,0,0,0,0,0,4,2,7
,2015_13547,0,0,2/23/2015 15:23,15:23,12,0,0,36TH AVE E & WILLIAMS ST N,11,1,0,2,1,1,,,20,0,0,0,0,0,4,2,13
,2015_13548,0,0,12/10/2015 15:46,15:46,6,0,0,29TH AVE W & IRVING ST N,1,1,0,7,1,2,,,20,0,0,0,0,0,4,4,5
,2015_13549,0,0,3/13/2015 12:09,12:09,1,0,1,38TH AVE & 3300 BLK W,1,1,1,0,1,2,,,30,0,0,0,0,2,4,2,13
,2015_13550,0,0,7/6/2015 16:44,16:44,15,0,0,38TH AVE & 3500 BLK W,1,1,1,0,1,4,,,30,0,0,0,0,0,4,2,13
,2015_13551,0,0,4/24/2015 18:01,18:01,12,0,0,ALAMEDA AVE E & FAIRMOUNT DR E,1,3,0,7,1,1,,,35,0,0,0,0,0,4,2,1
,2015_13552,0,0,3/26/2015 7:55,7:55,3,0,0,38TH AVE W & PECOS ST N,1,1,0,7,1,1,,,35,0,0,0,0,1,4,2,16
,2015_13553,0,0,3/13/2015 17:00,17:00,1,0,0,39TH AVE E & PEORIA ST N,1,1,0,7,1,1,,,25,0,0,0,0,0,4,2,16
,2015_13554,0,0,5/5/2015 15:40,15:40,12,0,0,39TH AVE E & PEORIA ST N,2,1,0,1,1,1,,,25,0,0,0,0,0,4,2,16
,2015_13555,0,0,11/16/2015 16:41,16:41,1,0,0,38TH AVE W & PECOS ST N,2,3,0,1,1,1,,,30,0,0,0,0,0,4,2,3
,2015_13556,0,0,1/20/2015 20:37,20:37,1,0,0,40TH AVE E & PENA BLVD,1,3,0,7,1,1,,,40,0,0,0,0,1,4,2,16
,2015_13557,0,0,5/28/2015 22:00,22:00,12,0,0,40TH AVE E & QUEBEC ST N,1,3,1,7,1,4,,,45,0,0,0,0,0,4,2,16
,2015_13558,0,0,4/18/2015 0:08,0:08,5,0,0,56TH AVE E & TOWER RD N,1,3,0,0,3,4,,,35,0,0,0,0,0,4,1,2
,2015_13559,0,0,4/23/2015 9:50,9:50,6,0,0,47TH AVE 1900 BLK E & HIGH ST N,1,1,0,7,1,3,,,25,0,0,0,0,0,4,2,16
,2015_13560,0,0,5/19/2015 23:06,23:06,6,0,0,47TH AVE W & ZUNI ST N,1,3,0,7,1,4,,,25,0,0,0,0,0,4,3,14
,2015_13561,0,0,2/9/2015 7:39,7:39,3,0,0,49TH AVE W & LOWELL BLVD N,1,1,0,7,1,1,,,35,0,0,0,0,0,4,2,14
,2015_13562,0,0,1/23/2015 8:07,8:07,15,0,0,52ND AVE 4600 BLK W & TENNYSON ST N,1,1,0,0,1,2,,,35,0,0,0,0,0,4,2,14
,2015_13563,0,0,2/18/2015 16:55,16:55,12,0,0,56TH AVE 14000 BLK & BLACKHAWK WAY N,1,3,0,7,1,4,,,40,0,0,0,0,0,4,2,16
,2015_13564,0,0,6/11/2015 17:00,17:00,12,0,0,56TH AVE 9700 BLK E & DALLAS ST N,1,1,0,7,1,4,,,45,0,0,0,0,0,4,2,12
,2015_13565,0,0,8/27/2015 17:39,17:39,6,0,0,46TH AVE 2500 BLK W & BRYANT ST N,1,1,0,7,1,4,,,25,0,0,0,0,0,4,2,16
,2015_13566,0,0,4/9/2015 16:01,16:01,12,0,0,ALAMEDA AVE 4100 BLK E & COLORADO BLVD S,1,1,1,7,1,4,,,30,0,0,0,0,0,4,2,16
,2015_13567,0,0,12/12/2015 12:05,12:05,5,0,0,75TH AVE 24700 BLK E & ELK ST,2,1,0,2,2,4,,,45,0,0,0,0,0,4,1,7
,2015_13568,0,0,3/27/2015 21:11,21:11,12,0,0,ALAMEDA AVE E & FAIRMOUNT DR E,1,3,0,7,1,4,,,35,0,0,0,0,0,4,2,7
,2015_13569,0,0,6/22/2015 15:39,15:39,12,0,0,ALAMEDA AVE 7000 BLK E & QUEBEC ST S,1,1,0,7,1,3,,,40,0,0,0,0,0,4,2,3
,2015_13570,0,0,4/7/2015 16:00,16:00,3,0,0,ALBROOK DR 12900 BLK E & 46TH AVE E,1,1,0,0,1,3,,,25,0,0,0,0,0,4,2,13
,2015_13571,0,0,2/10/2015 13:20,13:20,12,0,0,ANDREWS DR E & CHAMBERS RD N,1,1,1,7,1,1,,,25,0,0,0,0,0,4,2,16
,2015_13572,0,0,5/6/2015 12:30,12:30,2,0,0,ASBURY AVE 2400 BLK E & UNIVERSITY BLVD S,1,1,0,0,1,5,,,10,1,0,0,0,1,4,2,3
,2015_13573,0,0,1/21/2015 9:55,9:55,3,0,0,BALSAM WY S & TUFTS AVE W,5,1,0,2,1,1,,,25,0,0,0,0,0,4,2,16
,2015_13574,0,0,2/12/2015 15:45,15:45,10,0,0,BANNOCK ST N & 11TH AVE W,1,1,0,0,1,1,,,25,0,0,0,0,1,4,2,1
,2015_13575,0,0,1/16/2015 21:20,21:20,6,0,0,BAYAUD AVE W & FEDERAL BLVD S,1,4,0,7,1,4,,,25,0,0,0,0,0,4,2,16
,2015_13576,0,0,1/23/2015 9:29,9:29,6,0,0,BELLAIRE ST & 2291 BLK N,1,1,0,0,1,4,,,25,0,0,0,0,0,4,3,13
,2015_13577,0,0,1/23/2015 17:00,17:00,15,0,0,BROADWAY ST N & ARAPAHOE ST N,1,2,0,0,1,1,,,30,0,0,0,0,0,4,2,13
,2015_13578,0,0,5/14/2015 21:29,21:29,11,0,1,BROADWAY ST S & BAYAUD AVE E,2,3,0,0,1,1,,,30,0,1,0,0,2,4,2,13
,2015_13579,0,0,1/15/2015 17:07,17:07,12,0,0,BROADWAY ST S & IOWA AVE E,1,1,0,7,1,1,,,35,0,0,0,0,1,4,2,16
,2015_13580,0,0,3/31/2015 10:30,10:30,12,0,0,BRYANT ST N & 5TH AVE W,1,1,0,7,1,4,,,25,0,0,0,0,0,4,2,3
,2015_13581,0,0,6/15/2015 9:00,9:00,12,0,0,CHAMPA ST & 2300 BLK,1,1,0,0,1,4,,,30,0,0,0,0,0,4,2,13
,2015_13582,0,0,1/6/2015 7:30,7:30,3,0,0,CEDAR PL E & FAIRMOUNT DR E,5,1,0,0,1,1,,,30,0,0,0,0,1,4,2,13
,2015_13583,0,0,6/3/2015 17:53,17:53,3,0,0,CEDAR AVE E & LOGAN ST S,1,2,0,7,1,1,,,30,0,0,0,0,0,4,2,16
,2015_13584,0,0,11/19/2015 8:10,8:10,12,0,0,CHAMBERS RD N & ANDREWS DR E,1,1,0,0,1,4,,,45,0,0,0,0,1,4,3,3
,2015_13585,0,0,3/27/2015 21:15,21:15,15,0,0,CHAMBERS RD 4700 BLK N & BOLLING DR E,1,3,0,0,1,4,,,40,0,0,0,0,0,4,3,13
,2015_13586,0,0,5/6/2015 8:02,8:02,3,0,0,HAZEL CT S & VIRGINIA AVE W,1,1,0,7,1,1,,,30,0,0,0,0,0,4,2,16
,2015_13587,0,0,6/11/2015 11:15,11:15,6,0,0,CLERMONT ST N & 1055,1,1,0,0,1,4,,,25,0,0,0,0,0,4,2,13
,2015_13589,0,0,7/16/2015 10:44,10:44,6,0,0,COURT PL 1500 BLK & 16TH ST,1,1,0,7,1,4,,,30,0,0,0,0,0,4,2,16
,2015_13590,0,0,2/9/2015 8:33,8:33,15,0,0,EVANS AVE 300 BLK E & LOGAN ST S,1,1,0,7,1,4,,,35,0,0,0,0,0,4,2,1
,2015_13591,0,0,3/27/2015 18:30,18:30,12,0,0,EVANS AVE 6400 BLK E & MONACO ST S,1,1,0,7,1,4,,,35,0,0,0,0,0,4,3,16
,2015_13592,0,0,8/28/2015 20:05,20:05,3,0,0,EVANS AVE & 6300 BLK E,1,3,0,0,1,2,,,40,0,0,0,0,1,4,2,7
,2015_13593,0,0,1/25/2015 3:40,3:40,5,0,0,EVANS AVE W & TEJON ST S,1,3,0,7,3,3,,,25,0,0,0,0,0,4,1,5
,2015_13594,0,0,6/9/2015 8:38,8:38,12,0,0,EVANS AVE 1800 BLK E & WILLIAMS ST,1,1,0,7,1,4,,,35,0,0,0,0,0,4,2,16
,2015_13595,0,0,3/27/2015 13:00,13:00,12,0,0,GRANT ST 000 BLK N & 1ST AVE E,1,1,0,7,1,4,,,25,0,0,0,0,0,4,2,16
,2015_13596,0,0,11/26/2015 17:00,17:00,6,0,0,GIRARD AVE E & S HAMILTON PL,5,4,0,2,1,4,,,25,0,0,0,0,0,4,2,5
,2015_13597,0,0,7/6/2015 17:42,17:42,3,0,0,GRANT ST S & DAKOTA AVE E,2,1,0,1,1,3,,,25,0,0,0,0,1,4,2,16
,2015_13598,0,0,5/13/2015 20:54,20:54,3,0,0,GRAPE ST 2800 BLK N & 28TH AVE E,1,3,0,7,1,1,,,30,0,0,0,0,0,4,2,16
,2015_13599,0,0,7/27/2015 14:30,14:30,6,0,0,S GREEN CT & AMHERST AVE W,1,1,0,7,1,4,,,25,0,0,0,0,0,4,2,1
,2015_13600,0,0,1/6/2015 12:20,12:20,3,0,0,HAZEL WAY S & ILIFF AVE W,5,1,1,0,1,1,,,25,0,0,0,0,0,4,2,7
,2015_13601,0,0,11/14/2015 2:47,2:47,6,0,0,LOWELL BLVD & 600 BLK S,1,3,0,7,1,4,,,25,0,0,0,0,0,4,3,5
,2015_13602,0,0,1/29/2015 12:15,12:15,5,0,0,HOLLY ST N & 33RD AVE E,1,1,0,0,1,5,,,15,0,0,0,0,0,4,2,1
,2015_13603,0,0,4/23/2015 16:37,16:37,3,0,0,HOLLY ST S & PACIFIC PL E,1,1,0,0,1,1,,,30,0,0,0,0,0,4,2,13
,2015_13604,0,0,7/21/2015 19:30,19:30,2,0,0,HICKMAN PL 12300 BLK E & QUENTIN ST N,1,1,0,0,1,4,,,25,1,0,0,0,1,4,2,7
,2015_13605,0,0,8/9/2015 18:49,18:49,2,0,1,JOPLIN CT 4900 BLK N & 51ST AVE E,1,1,0,0,1,2,,,25,1,0,0,0,2,4,2,7
,2015_13606,0,0,1/7/2015 16:42,16:42,6,0,0,JOSEPHINE ST 200 BLK N & 3RD AVE E,1,1,0,7,1,4,,,30,0,0,0,0,0,4,2,7
,2015_13608,0,0,3/23/2015 13:03,13:03,15,0,0,JOSEPHINE ST 200 BLK N & 3RD AVE E,1,1,0,0,1,4,,,30,0,0,0,0,0,4,2,13
,2015_13609,0,0,2/20/2015 16:15,16:15,10,0,0,JOSEPHINE ST 1100 BLK N & 12TH AVE E,1,1,1,0,1,2,,,30,0,0,0,0,0,4,2,13
,2015_13610,0,0,4/23/2015 11:26,11:26,15,0,0,LINCOLN ST & 800 BLK N,1,1,0,0,1,4,,,30,0,0,0,0,0,4,2,13
,2015_13611,0,0,3/20/2015 19:04,19:04,3,0,0,LINCOLN ST N & 5TH AVE E,1,2,0,7,1,1,,,25,0,0,0,0,0,4,2,3
,2015_13612,0,0,1/9/2015 19:53,19:53,12,0,0,LINCOLN ST N & 7TH AVE E,1,3,0,7,1,1,,,30,0,0,0,0,0,4,2,3
,2015_13613,0,0,6/12/2015 8:27,8:27,15,0,0,LINCOLN ST 800 BLK N & 9TH AVE E,2,1,0,1,1,4,,,30,0,0,0,0,0,4,2,13
,2015_13614,0,0,4/4/2015 23:37,23:37,10,0,0,LINCOLN ST 1100 BLK N & 12TH AVE E,1,3,0,0,1,4,,,35,0,0,0,0,0,4,3,8
,2015_13615,0,0,10/28/2015 12:35,12:35,12,0,0,KALAMATH ST N & 7TH AVE W,1,1,0,0,1,1,,,30,0,0,0,0,0,4,2,3
,2015_13616,0,0,10/31/2015 0:35,0:35,6,0,0,LAFAYETTE ST 1300 BLK N & 13TH AVE E,1,4,0,7,1,4,,,25,0,0,0,0,0,4,3,5
,2015_13617,0,0,2/12/2015 1:40,1:40,6,0,0,LIPAN ST & 1000 BLK N,1,1,1,0,1,4,,,25,0,0,0,0,0,4,2,13
,2015_13618,0,0,7/26/2015 12:35,12:35,3,0,0,LOGAN ST N & 17TH AVE E,1,1,0,7,1,1,,,30,0,0,0,0,0,4,2,16
,2015_13619,0,0,10/29/2015 20:20,20:20,10,0,0,LINCOLN ST N & 17TH AVE E,1,3,0,0,1,1,,,,0,0,0,0,0,4,2,13
,2015_13620,0,0,4/5/2015 18:05,18:05,1,0,1,LOUISIANA AVE W & FEDERAL BLVD S,1,1,0,0,1,2,,,30,0,0,0,0,3,4,2,13
,2015_13621,0,0,9/21/2015 10:19,10:19,3,0,0,LOWELL BLVD & KENTUCKY AVE,1,1,0,0,1,1,,,35,0,0,0,0,1,4,2,13
,2015_13622,0,0,7/22/2015 22:20,22:20,6,0,0,MAXWELL PL E & 14855,1,3,0,0,1,4,,,25,0,0,0,0,0,4,2,1
,2015_13623,0,0,6/2/2015 21:17,21:17,3,0,0,MISSISSIPPI AVE W & TEJON ST S,1,3,0,7,1,1,,,35,0,0,0,0,0,4,2,14
,2015_13624,0,0,1/21/2015 8:40,8:40,12,0,0,MLK BLVD E & MONACO ST S,2,1,0,2,1,1,,,35,0,0,0,0,0,4,3,12
,2015_13625,0,0,1/8/2015 7:20,7:20,15,0,0,MONACO ST & 200 S,1,1,0,0,1,4,,,30,0,0,0,0,0,4,2,13
,2015_13626,0,0,4/2/2015 17:33,17:33,12,0,0,MONACO ST 1200 BLK & 13TH AVE E,2,1,0,2,1,3,,,30,0,0,0,0,0,4,2,3
,2015_13627,0,0,8/3/2015 8:34,8:34,5,0,0,SPEER BLVD 1100 N & 11TH AVE W,1,1,0,7,3,4,,,35,0,0,0,0,0,4,1,10
,2015_13628,0,0,2/11/2015 4:40,4:40,14,0,0,ONEIDA ST 1100 BLK S & MISSISSIPPI AVE E,2,3,0,0,1,4,,,25,0,0,0,0,0,4,2,7
,2015_13629,0,0,3/31/2015 16:30,16:30,5,0,0,ONEIDA ST 3900 BLK N & SMITH RD R,1,1,0,0,2,4,,,30,0,0,0,0,0,4,2,13
,2015_13630,0,0,7/13/2015 22:55,22:55,9,0,1,OSAGE ST 600 BLK N & 6TH AVE W,1,3,0,0,1,4,,,25,0,0,0,1,2,4,1,5
,2015_13631,0,0,9/16/2015 14:38,14:38,12,0,0,MONACO PKWY S & KENTUCKY AVE E,1,1,0,0,1,1,,,30,0,0,0,0,0,4,2,14
,2015_13632,0,0,1/3/2015 15:33,15:33,3,0,0,PEARL ST S & ASBURY AVE E,4,1,1,2,1,1,,,25,0,0,0,0,0,4,2,3
,2015_13633,0,0,5/5/2015 12:00,12:00,6,0,0,PECOS ST & 3200 BLK N,2,1,1,1,1,4,,,25,0,0,0,0,0,4,2,13
,2015_13634,0,0,6/12/2015 17:15,17:15,15,0,0,PECOS ST N & 34TH AVE W,1,1,0,0,1,1,,,25,0,0,0,0,0,4,2,13
,2015_13635,0,0,7/1/2015 17:20,17:20,14,0,0,PERRY ST N & 10TH AVE W,1,1,0,0,1,1,,,25,0,0,0,0,1,4,2,7
,2015_13636,0,0,7/23/2015 18:35,18:35,3,0,0,POTOMAC WAY N & 56TH AVE E,1,2,1,0,1,1,,,25,0,0,0,0,0,4,2,13
,2015_13637,0,0,6/15/2015 2:00,2:00,6,0,0,QUARRI ST & 5443,1,3,0,0,1,4,,,25,0,0,0,0,0,4,2,13
,2015_13638,0,0,10/18/2015 2:15,2:15,15,0,0,20TH ST & BROADWAY ST N,1,3,0,0,1,1,,,30,0,0,0,0,0,4,2,13
,2015_13639,0,0,6/11/2015 14:50,14:50,7,0,0,29TH ST & WELTON ST,1,1,0,0,1,1,,,30,0,0,0,0,0,4,2,13
,2015_13640,0,0,7/1/2015 17:08,17:08,15,0,0,36TH ST & WALNUT ST,1,1,0,0,1,4,,,30,0,0,0,1,1,4,1,13
,2015_13641,0,0,3/25/2015 10:25,10:25,12,0,0,38TH ST & 2000 BLK,2,1,1,0,1,4,,,30,0,0,0,0,0,4,2,13
,2015_13642,0,0,4/25/2015 11:20,11:20,3,0,0,SPEER BLVD N & BLAKE ST,1,1,0,0,1,1,,,25,0,0,0,0,0,4,2,13
,2015_13643,0,0,5/17/2015 8:35,8:35,10,0,0,SPEER BLVD N & CHAMPA ST,1,1,0,0,1,1,,,30,0,0,0,0,0,4,2,3
,2015_13644,0,0,6/19/2015 19:45,19:45,10,0,0,SPEER BLVD E & DOWNING ST N,1,1,0,0,1,1,,,30,0,0,0,0,0,4,2,8
,2015_13645,0,0,2/10/2015 17:50,17:50,15,0,0,SPEER BLVD 2600 BLK N & ELITCH CIR,1,3,1,7,1,4,,,35,0,0,0,0,0,4,2,16
,2015_13646,0,0,2/4/2015 6:47,6:47,12,0,0,SPEER BLVD N & FIRTH CT,5,1,0,2,1,4,,,35,0,0,0,0,0,4,3,14
,2015_13647,0,0,4/22/2015 8:49,8:49,12,0,0,SPEER BLVD N & I-25 NB ON SLIP RAMP,1,1,0,0,1,4,,,35,0,0,0,0,0,4,2,14
,2015_13648,0,0,4/29/2015 7:05,7:05,12,0,0,SPEER BLVD 1500 BLK N & STOUT ST,1,1,0,7,1,3,,,30,0,0,0,0,0,4,2,16
,2015_13649,0,0,7/17/2015 8:03,8:03,10,0,0,VERBENA ST N & 49TH PL E,1,1,0,0,1,1,,,25,0,0,0,0,1,4,2,8
,2015_13650,0,0,3/21/2015 12:14,12:14,6,0,0,VINE ST N & 16TH AVE E,1,1,0,0,1,4,,,25,0,0,0,0,0,4,2,13
,2015_13651,0,0,1/13/2015 18:29,18:29,6,0,0,WASHINGTON ST & 1700 BLK S,2,3,0,0,1,4,,,20,0,0,0,0,0,4,2,13
,2015_13652,0,0,5/10/2015 19:21,19:21,6,0,0,WASHINGTON ST & 1700 BLK N,1,1,0,0,1,4,,,30,0,0,0,0,0,4,2,5
,2015_13654,0,0,8/23/2015 3:14,3:14,6,0,0,WALSH PL 3200 BLK W & IRVING ST,1,4,0,7,1,4,,,25,0,0,0,0,0,4,3,16
,2015_13655,0,0,11/6/2015 20:01,20:01,6,0,1,WOLFF ST 4100 BLK N & 41ST AVE W,1,4,0,1,1,4,,,25,0,0,0,0,3,4,5,10
,2015_13656,0,0,2/1/2015 14:53,14:53,3,0,0,YORK ST N & 36TH AVE E,4,1,0,7,1,1,,,30,0,0,0,0,0,4,2,5
,2015_13657,0,0,5/5/2015 9:45,9:45,5,0,0,YOSEMITE ST 5000 BLK N & BELLEVIEW AVE E,2,1,0,1,4,2,,,35,0,0,0,0,0,4,1,13
,2015_13658,0,0,1/25/2015 17:55,17:55,6,0,0,ZUNI ST 4500 BLK & SCOTT PL W,1,3,0,7,1,4,,,35,0,0,0,0,0,4,2,16
,2015_13755,39.674635,-104.870568,1/17/2015 2:00,2:00,5,0,0,PARKER RD S & ILIFF AVE E,1,3,0,0,3,4,,,45,0,0,0,0,0,2,1,12
,2015_13779,39.678409,-104.940629,1/22/2015 13:45,13:45,12,0,0,EVANS AVE 3900 BLK E & COLORADO BLVD S,1,1,0,0,1,3,,,35,0,0,0,0,0,2,2,13
,2015_13780,39.714614,-104.940629,5/5/2015 20:44,20:44,1,0,0,COLORADO BLVD S & BAYAUD AVE E,2,3,0,1,1,1,,,40,0,0,0,0,0,2,2,13
,2015_13781,39.675171,-104.940643,8/14/2015 17:09,17:09,12,0,0,COLORADO BLVD S & ILIFF AVE E,1,1,0,0,1,4,,,35,0,0,0,0,0,2,2,13
,2015_13782,39.717824,-104.940628,5/21/2015 16:21,16:21,1,0,0,COLORADO BLVD N & 1ST AVE E,1,1,1,0,1,1,,,40,0,0,0,0,0,2,2,3
,2015_13783,39.732829,-104.940621,1/5/2015 14:00,14:00,12,0,0,COLORADO BLVD N & 11TH AVE E (RD E),2,1,0,0,1,4,,,35,0,0,0,0,0,2,2,13
,2015_13784,39.732829,-104.940621,3/20/2015 16:04,16:04,15,0,0,COLORADO BLVD 1000 BLK N & 11TH AVE E,1,1,0,0,1,1,,,30,0,0,0,0,0,2,2,13
,2015_13786,39.668384,-104.940613,9/10/2015 10:08,10:08,12,0,0,COLORADO BLVD S & YALE AVE E,1,1,0,0,1,1,,,40,0,0,0,0,1,2,2,14
,2015_13787,39.761878,-104.940511,1/4/2015 22:20,22:20,1,0,0,MLK BLVD E & COLORADO BLVD N,1,3,0,0,1,1,,,30,0,0,0,0,0,2,2,13
,2015_13788,39.76452,-104.940501,1/29/2015 18:36,18:36,12,0,0,COLORADO BLVD 3300 BLK & BRUCE RANDOLPH AVE E,1,3,0,0,1,3,,,30,0,0,0,0,0,2,2,13
,2015_13789,39.765639,-104.940496,2/4/2015 7:00,7:00,3,0,0,35TH AVE E & COLORADO BLVD N,5,1,0,2,1,1,,,35,0,0,0,0,0,2,2,14