id,drcog_id,latitude,longitude,crashtime,time,crashtype,numbkilled,numbinjurd,drcoglocat,rdconditin,lightngcon,roadcntgrd,weatherco,location,roaddescrp,schoolzone,constrzone,splimit,bikeinv,pedinv,sctrinv,motoinv,svrty,rdsystem,ttlvehcls,hcf
,2015_13791,39.771594,-104.940502,7/17/2015 12:05,12:05,15,0,0,COLORADO BLVD 3900 BLK N & 40TH AVE E,1,1,0,0,1,4,,,40,0,0,0,0,0,2,2,14
,2015_13802,39.72542,-105.025174,3/30/2015 18:20,18:20,15,0,0,6TH AVE W & FEDERAL BLVD N,1,1,0,0,1,4,,,55,0,0,0,0,0,2,1,13
,2015_13803,39.72542,-105.025174,5/5/2015 11:15,11:15,15,0,0,6TH AVE W & FEDERAL BLVD N,2,1,0,1,1,4,,,35,0,0,0,0,0,2,2,13
,2015_13804,39.72542,-105.025174,7/16/2015 8:11,8:11,12,0,0,6TH AVE W & FEDERAL BLVD N,1,1,0,0,1,4,,,45,0,0,0,0,0,2,2,1
,2015_13805,39.72542,-105.025174,7/25/2015 17:30,17:30,12,0,0,6TH AVE W & FEDERAL BLVD S,1,1,0,0,1,3,,,30,0,0,0,0,0,2,2,7
,2015_13807,39.780043,-104.949712,4/24/2015 17:09,17:09,1,0,0,STEELE ST N & 46TH AVE E,1,1,1,0,1,1,,,35,0,0,0,0,0,2,2,13
,2015_13839,39.701452,-104.987435,6/25/2015 18:58,18:58,12,0,0,I-25 & BROADWAY ST S,2,1,1,1,1,4,,,60,0,0,0,0,0,1,2,13
,2015_13840,39.701452,-104.987435,2/24/2015 7:18,7:18,12,0,0,BROADWAY S & I-25,5,1,0,0,1,4,,,30,0,0,0,0,0,1,2,14
,2015_13841,39.707122,-104.996782,4/29/2015 7:25,7:25,12,0,0,I-25 & SANTA FE DR S,1,1,0,0,1,4,,,55,0,0,0,0,0,1,2,13
,2015_13842,39.707253,-104.996845,8/1/2015 12:07,12:07,12,0,0,I 25 NB & SANTA FE DR S,1,1,1,7,1,4,,,35,0,0,0,0,0,1,2,3
,2015_13843,39.71124,-104.998918,5/15/2015 13:06,13:06,12,0,0,I-25 & ALAMEDA AVE W,1,1,1,0,1,4,,,55,0,0,0,0,0,1,2,1
,2015_13844,39.71124,-104.998918,6/26/2015 12:52,12:52,15,0,0,I-25 & ALAMEDA AVE W,1,1,1,0,1,4,,,55,0,0,0,0,0,1,2,13
,2015_13845,39.71124,-104.998918,6/27/2015 15:30,15:30,12,0,0,I-25 & ALAMEDA AVE W,1,1,0,0,1,4,,,55,0,0,0,0,0,1,2,1
,2015_13846,39.70817,-104.997289,12/30/2015 12:10,12:10,9,0,0,I-25 & ALAMEDA AVE W,1,1,1,0,3,4,,,55,0,0,0,0,0,1,2,13
,2015_13847,39.714658,-105.001016,7/25/2015 16:50,16:50,9,0,0,I-25 & CEDAR AVE W (NOT IN CORIS),1,1,0,0,1,4,,,55,0,0,0,0,0,1,3,13
,2015_13848,39.72543,-105.013021,6/10/2015 8:46,8:46,12,0,0,I-25 & 6TH AVE W,1,1,1,0,1,4,,,55,0,0,0,0,1,1,2,13
,2015_13849,39.72543,-105.013021,7/1/2015 21:30,21:30,12,0,0,I-25 & 6TH AVE W,1,3,0,0,1,4,,,55,0,0,0,0,0,1,2,14
,2015_13851,39.723487,-105.011255,12/23/2015 14:46,14:46,12,0,0,I-25 SB ON LOOP RAMP & 6TH AVE W,1,1,0,0,1,8,,,30,0,0,0,0,1,1,2,14
,2015_13852,39.72543,-105.013021,11/28/2015 12:32,12:32,12,0,0,I-25 & 6TH AVE W,2,1,0,0,1,4,,,55,0,0,0,0,0,1,2,16
,2015_13853,39.74035,-105.013939,2/9/2015 17:00,17:00,12,0,0,I-25 & COLFAX AVE W,1,1,0,0,1,4,,,55,0,0,0,0,0,1,2,13
,2015_13854,39.74035,-105.013939,4/7/2015 16:50,16:50,12,0,0,I-25 & COLFAX AVE W,1,1,0,0,1,4,,,55,0,0,0,0,0,1,2,13
,2015_13855,39.731799,-105.015549,11/13/2015 13:15,13:15,12,0,0,I-25 & MULBERRYPL W,1,1,0,0,1,4,,,55,0,0,0,0,0,1,2,16
,2015_13856,39.760997,-105.004275,1/8/2015 16:52,16:52,12,0,0,I-25 & 20TH ST,1,1,0,0,1,4,,,55,0,0,0,0,0,1,2,13
,2015_13857,39.760997,-105.004275,2/14/2015 18:55,18:55,12,0,0,I-25 & 20TH ST,1,3,0,0,1,4,,,55,0,0,0,0,0,1,2,13
,2015_13858,39.760997,-105.004275,5/15/2015 17:28,17:28,12,0,0,I-25 & 20TH ST,1,1,1,0,1,4,,,55,0,0,0,0,0,1,2,13
,2015_13859,39.751291,-105.016572,10/20/2015 14:34,14:34,15,0,0,I-25 & 23RD AVE,1,1,0,0,1,4,,,55,0,0,0,0,1,1,3,1
,2015_13860,39.740652,-105.013983,10/26/2015 14:05,14:05,5,0,0,I-25 NB ON RAMP & COLFAX AVE W,1,1,1,0,2,8,,,30,0,0,0,1,1,1,1,1
,2015_13861,39.77571,-104.989218,5/14/2015 23:33,23:33,5,0,1,I-25 & I-70,1,3,0,0,3,4,,,55,0,0,0,0,2,1,1,5
,2015_13862,39.779248,-104.989165,4/23/2015 17:45,17:45,12,0,0,I-25 & I-70,1,1,0,0,1,4,,,55,0,0,0,0,0,1,2,13
,2015_13863,39.768039,-104.994788,9/8/2015 6:18,6:18,12,0,0,I-25 & PARK AVE WEST,1,1,0,0,1,4,,,55,0,0,0,0,0,1,2,14
,2015_13864,39.779391,-104.989165,5/6/2015 19:25,19:25,15,0,0,I-25 NB RAMP SPLIT & I-70,2,1,0,1,1,8,,,45,0,0,0,0,0,1,2,13
,2015_13865,39.785175,-104.989137,5/9/2015 21:00,21:00,5,0,0,I-25 & 48TH AVE,6,3,0,2,3,4,,,55,0,0,0,0,0,1,1,13
,2015_13881,39.711129,-105.02277,2/12/2015 18:45,18:45,12,0,0,ALAMEDA AVE W & ELIOT ST S,1,3,0,0,1,4,,,35,0,0,0,0,0,2,2,5
,2015_13882,39.711131,-105.014469,1/14/2015 6:37,6:37,5,0,0,ALAMEDA AVE W & YUMA ST S,2,2,0,1,1,1,,,35,0,0,0,0,0,2,1,13
,2015_13883,39.653057,-104.885077,6/17/2015 6:35,6:35,12,0,0,HAMPDEN AVE E & YOSEMITE ST S,1,1,0,0,1,4,,,45,0,0,0,0,1,2,2,1
,2015_13884,39.653049,-104.88415,5/22/2015 11:25,11:25,12,0,0,HAMPDEN AVE 8900 BLK E & YOSEMITE ST S,1,1,0,0,1,2,,,45,0,0,0,0,0,2,2,13
,2015_13896,39.779316,-104.903391,3/9/2015 18:46,18:46,12,0,0,QUEBEC ST N & I-70 WB RAMPS,1,1,0,0,1,3,,,45,0,0,0,0,0,2,2,13
,2015_13912,39.740341,-105.0393,8/22/2015 1:28,1:28,3,0,0,COLFAX AVE W & PERRY ST N,1,3,0,0,1,2,,,30,0,0,0,0,0,2,2,5
,2015_13913,39.740361,-105.051159,3/30/2015 7:35,7:35,8,0,1,COLFAX AVE 5000 BLK W & YATES ST,1,1,0,0,1,4,,,30,0,0,0,0,2,2,3,14
,2015_13914,39.740354,-105.049599,7/4/2015 22:53,22:53,12,0,0,COLFAX AVE W & XAVIER ST N,1,3,0,0,1,4,,,35,0,0,0,0,0,2,2,13
,2015_13916,39.740344,-105.029905,1/21/2015 8:35,8:35,12,0,0,COLFAX AVE E & IRVING ST N,4,1,0,2,1,1,,,35,0,0,0,0,0,2,3,14
,2015_13917,39.740375,-105.017202,6/12/2015 11:55,11:55,5,0,0,COLFAX AVE W & AURARIA PKWY OFF RAMP,1,1,0,0,3,1,,,40,0,0,0,0,0,2,1,13
,2015_13918,39.740082,-105.005223,6/10/2015 12:25,12:25,3,0,0,COLFAX AVE W & OSAGE ST N,1,1,1,0,1,1,,,30,0,0,0,0,0,2,2,13
,2015_13919,39.74,-104.977411,6/21/2015 2:34,2:34,6,0,0,COLFAX AVE 900 BLK E & CLARKSON ST N,1,3,0,0,1,4,,,30,0,0,0,0,0,2,2,4
,2015_13920,39.740008,-104.973453,4/15/2015 20:25,20:25,15,0,0,COLFAX AVE E & DOWNING ST N,1,3,0,0,1,3,,,30,0,0,0,0,0,2,2,13
,2015_13921,39.740014,-104.970064,12/18/2015 16:32,16:32,15,0,0,COLFAX AVE E & HUMBOLDT ST N,2,1,0,0,1,4,,,30,0,0,0,0,0,2,2,13
,2015_13923,39.740079,-104.903501,7/27/2015 15:54,15:54,1,0,0,COLFAX AVE E & QUEBEC ST N,1,1,0,0,1,1,,,35,0,0,0,0,1,2,2,6
,2015_13924,39.74008,-104.898636,4/16/2015 4:33,4:33,1,0,1,COLFAX AVE E & SYRACUSE ST N,1,3,0,0,1,1,,,30,0,0,0,0,2,2,2,13
,2015_13956,39.783616,-105.053039,1/2/2015 7:40,7:40,12,0,0,I-70 & SHERIDAN BLVD N,5,1,1,0,1,4,,,55,0,0,0,0,1,1,2,13
,2015_13957,39.782957,-105.000395,2/23/2015 17:20,17:20,5,0,0,I-70 WB OFF RAMP TO & PECOS ST N,6,2,0,2,3,8,,,55,0,0,0,0,0,1,2,1
,2015_13958,39.783138,-105.006328,12/16/2015 12:25,12:25,15,0,0,PECOS ST 4800 BLK N & I-70 WB RAMPS,6,1,0,0,1,1,,,15,0,0,0,0,0,1,2,13
,2015_13959,39.779936,-104.98866,3/31/2015 17:27,17:27,12,0,0,I-70 WB OFF RAMP TO NB & I-25,1,1,0,0,1,8,,,45,0,0,0,0,0,1,2,13
,2015_13960,39.779435,-104.979009,5/18/2015 9:25,9:25,12,0,0,I-70 & WASHINGTON ST N,2,1,0,1,1,4,,,55,0,0,0,0,1,1,3,13
,2015_13962,39.779997,-104.949807,7/10/2015 17:14,17:14,12,0,0,I-70 & STEELE ST,1,1,1,0,1,4,,,55,0,0,0,0,0,1,2,3
,2015_13963,39.779996,-104.949427,4/6/2015 7:34,7:34,15,0,0,I-70 & STEELE ST N,1,1,0,0,1,4,,,55,0,0,0,0,0,1,2,13
,2015_13964,39.779944,-104.940633,4/28/2015 15:50,15:50,12,0,0,I-70 & COLORADO BLVD N,1,1,0,0,1,4,,,55,0,0,0,0,0,1,2,13
,2015_13965,39.779946,-104.940239,4/13/2015 17:39,17:39,15,0,0,I-70 NB LOOP ON RAMP FROM & COLORADO BLVD,1,1,0,0,1,4,,,55,0,0,0,0,0,1,2,13
,2015_13966,39.778731,-104.92468,6/10/2015 7:09,7:09,12,0,0,I-70 & GRAPE ST N (NOT IN CORIS),1,1,0,0,1,4,,,55,0,0,0,0,1,1,2,7
,2015_13967,39.778286,-104.913212,3/1/2015 23:35,23:35,12,0,0,I-70 & MONACO PKWY N,1,3,0,0,1,4,,,55,0,0,0,0,0,1,2,13
,2015_13968,39.778299,-104.900405,2/16/2015 17:00,17:00,15,0,0,I-70  EB ON RAMP GORE PT FROM & QUEBEC ST N,5,1,0,2,1,8,,,55,0,0,0,0,1,1,2,14
,2015_13969,39.778299,-104.899857,8/12/2015 17:13,17:13,12,0,0,I-70 & QUEBEC ST,1,1,1,0,1,4,,,55,0,0,0,0,1,1,3,13
,2015_13970,39.777095,-104.882471,7/30/2015 16:56,16:56,12,0,0,I-70 & CENTRAL PARK BLVD N,1,1,0,0,1,4,,,55,0,0,0,0,0,1,2,13
,2015_13971,39.777095,-104.882471,5/20/2015 15:30,15:30,1,0,0,CENTRAL PARK BLVD N & I-70 WB RAMPS,1,1,1,0,1,1,,,35,0,0,0,0,0,1,2,13
,2015_13972,39.775623,-104.865778,6/11/2015 15:36,15:36,15,0,0,I-70 & HAVANA ST N,1,1,0,0,1,4,,,55,0,0,0,0,0,1,2,13
,2015_13973,39.775623,-104.865778,6/25/2015 16:30,16:30,12,0,0,I-70 & HAVANA ST N,1,1,1,0,1,4,,,55,0,0,0,0,0,1,3,13
,2015_13974,39.775572,-104.865191,2/14/2015 7:00,7:00,15,0,0,HAVANA ST N & I-70,1,1,0,0,1,1,,,40,0,0,0,0,0,1,2,13
,2015_13975,39.774335,-104.850848,7/17/2015 15:47,15:47,12,0,0,I-70 WB ON RAMP AT METER & PEORIA ST N,1,1,0,0,1,8,,,40,0,0,0,0,0,1,2,13
,2015_13976,39.774021,-104.847216,7/23/2015 7:44,7:44,12,0,0,I-70 & PEORIA ST N,1,1,0,0,1,4,,,35,0,0,0,0,0,1,2,7
,2015_13977,39.774005,-104.847034,5/9/2015 6:53,6:53,1,0,1,PEORIA ST N  WB RAMPS & I-70,2,1,0,1,1,1,,,40,0,0,0,0,2,1,2,7
,2015_13978,39.773973,-104.846662,5/30/2015 14:25,14:25,15,0,0,I-70 & PEORIA ST N,1,1,0,0,1,4,,,55,0,0,0,0,0,1,2,5
,2015_13979,39.773957,-104.846476,1/9/2015 5:55,5:55,15,0,0,I-70 & PEORIA ST N,5,4,0,2,1,4,,,65,0,0,0,0,0,1,2,14
,2015_13980,39.773134,-104.836899,6/20/2015 15:06,15:06,12,0,0,I-70 WB OFF RAMP & PEORIA ST N,1,1,1,0,1,8,,,55,0,0,0,0,0,1,2,13
,2015_13981,39.772877,-104.833905,4/17/2015 0:54,0:54,5,0,0,I-70 & EB OFF RAMP TO SB I-225,4,3,0,2,2,4,,,55,0,0,0,0,0,1,2,5
,2015_14021,39.698614,-104.903604,7/24/2015 21:15,21:15,14,0,0,LEETSDALE DR & QUEBEC ST S,1,3,0,0,1,1,,,40,0,0,0,0,0,2,2,14
,2015_14022,39.701074,-104.910408,2/9/2015 8:56,8:56,1,0,0,LEETSDALE DR 6700 BLK & NIAGRA ST S,1,1,0,0,1,2,,,35,0,0,0,1,1,2,2,13
,2015_14033,39.667266,-104.996045,3/4/2015 16:28,16:28,12,0,0,SANTA FE DR 2600 BLK S & EVANS AVE W,1,1,0,0,1,4,,,55,0,0,0,0,1,2,3,3
,2015_14034,39.678438,-104.993322,6/30/2015 3:05,3:05,6,0,0,EVANS AVE 500 BLK W & SANTA FE BLVD S,1,3,1,0,1,4,,,30,0,0,0,0,0,2,2,2
,2015_14035,39.696696,-104.991872,4/16/2015 22:15,22:15,12,0,0,SANTA FE DR S & MISSISSIPPI AVE W,2,3,0,1,1,1,,,40,0,0,0,0,0,2,2,13
,2015_14036,39.701507,-104.993544,3/5/2015 11:05,11:05,15,0,0,PLATTE RIVER DR 700 BLK S & TENNESSEE AVE W,1,1,0,0,1,4,,,40,0,0,0,0,0,2,2,13
,2015_14044,39.707532,-105.025074,11/23/2015 16:15,16:15,15,0,0,FEDERAL BLVD S & VIRGINIA AVE W,1,1,0,0,1,4,,,40,0,0,0,0,0,2,2,16
,2015_14045,39.725983,-105.025128,5/31/2015 2:46,2:46,3,0,0,FEDERAL BLVD N & 6TH AVE WB OFF RAMP,1,3,0,0,1,1,,,35,0,0,0,1,0,2,2,8
,2015_14047,39.725493,-105.025119,6/14/2015 16:50,16:50,12,0,0,FEDERAL BLVD N & 6TH AVE W,1,1,0,0,1,1,,,35,0,0,0,0,0,2,2,13
,2015_14048,39.724546,-105.025128,7/24/2015 22:06,22:06,12,0,0,FEDERAL BLVD N & 5TH AVE W,1,3,0,0,1,1,,,35,0,0,0,0,0,2,2,13
,2015_14049,39.718562,-105.025157,6/2/2015 17:40,17:40,12,0,0,FEDERAL BLVD N & 1ST AVE W,1,1,0,0,1,4,,,25,0,0,0,0,1,2,2,1
,2015_14050,39.71749,-105.025145,7/28/2015 20:10,20:10,15,0,0,FEDERAL BLVD N & IRVINGTON PL W,1,1,0,0,1,1,,,35,0,0,0,0,0,2,2,13
,2015_14051,39.682271,-105.025016,1/7/2015 10:20,10:20,3,0,1,FEDERAL BLVD S & JEWELL AVE W,5,1,1,2,1,1,,,30,0,0,0,0,2,2,2,13
,2015_14052,39.682271,-105.025016,6/5/2015 8:50,8:50,10,0,0,JEWELL AVE W & FEDERAL BLVD S,1,1,1,0,1,1,,,30,0,0,0,0,0,2,2,7
,2015_14061,39.718196,-105.053277,1/9/2015 15:50,15:50,1,0,0,SHERIDAN BLVD N & 1ST AVE W,1,1,0,0,1,2,,,35,0,0,0,0,0,2,2,13
,2015_14062,39.725154,-105.05315,7/13/2015 18:28,18:28,12,0,0,SHERIDAN BLVD 500 BLK N & 6TH AVE W,2,1,1,1,1,8,,,35,0,0,0,0,0,2,3,1
,2015_14119,39.634378,-104.900768,11/18/2015 18:39,18:39,12,0,0,I-225 NB ON RAMP FROM I-25 & RAMP SPLIT,1,3,1,0,1,8,,,55,0,0,0,0,0,1,2,1
,2015_14140,39.776947,-104.881674,7/10/2015 8:13,8:13,12,0,0,I-270 EB DIRECT CONNECT TO EB & I-70 EB RAMP MERGE PT,1,1,0,0,1,4,,,45,0,0,0,0,0,1,3,1
,2015_14148,39.754855,-105.025129,3/2/2015 12:47,12:47,12,0,0,26TH AVE 3000 BLK W & FEDERAL BLVD N,1,1,0,0,1,3,,,35,0,0,0,0,0,2,2,14
,2015_14151,39.65299,-104.929338,5/4/2015 16:18,16:18,12,0,0,HAMPDEN AVE E & ELM ST S,2,1,0,0,1,3,,,30,0,0,0,0,0,2,2,13
,2015_14152,39.652991,-104.92789,8/5/2015 8:05,8:05,12,0,0,HAMPDEN AVE E & FAIFAX ST S,1,1,0,0,1,4,,,35,0,0,0,0,1,2,2,13
,2015_14153,39.652973,-104.938507,8/25/2015 10:40,10:40,12,0,0,HAMPDEN AVE E & ASH ST S,1,1,0,0,1,3,,,45,0,0,0,0,0,2,3,1
,2015_14154,39.652996,-104.923962,8/13/2015 14:00,14:00,12,0,0,HAMPDEN AVE E & HUDSON ST S,1,1,0,0,1,1,,,35,0,0,0,0,1,2,2,3
,2015_14155,39.784953,-105.025208,5/13/2015 18:46,18:46,15,0,0,FEDERAL BLVD & 4855 N,1,1,0,0,1,2,,,35,0,0,0,0,0,2,2,13
,2015_14157,39.785831,-105.025205,8/15/2015 16:05,16:05,3,0,2,FEDERAL BLVD N & 49TH AVE W,1,1,0,0,1,2,,,35,0,0,0,0,2,2,2,13
,2015_14158,39.787435,-105.025221,6/8/2015 14:15,14:15,12,0,0,50TH AVE W & FEDERAL BLVD N,1,1,0,0,1,3,,,30,0,0,0,0,0,2,2,7
,2015_14245,0,0,2/6/2015 20:48,20:48,5,0,0,16TH AVE 1200 BLK E & DOWNING ST N,1,3,1,0,3,4,,,30,0,0,0,0,0,4,1,1
,2015_14326,0,0,5/22/2015 11:00,11:00,12,0,0,6TH AVE 5800 BLK & IVY LN N,2,1,0,0,1,3,,,30,0,0,0,0,1,4,2,13
,2015_14328,0,0,2/12/2015 11:55,11:55,3,0,0,13TH AVE E & CLERMONT ST N,1,1,0,7,1,1,,,30,0,0,0,0,0,4,2,7
,2015_14329,0,0,1/19/2015 14:20,14:20,3,0,0,14TH AVE W & SPEER BLVD SB,1,1,0,0,1,1,,,30,0,0,0,0,0,4,2,13
,2015_14330,0,0,8/14/2015 16:51,16:51,12,0,0,17TH AVE 700 BLK E & CLARKSON ST N,1,1,0,7,1,4,,,30,0,0,0,0,0,4,2,1
,2015_14331,0,0,10/3/2015 14:00,14:00,2,0,1,17TH AVE E & BELLAIRE ST N,1,1,0,0,1,1,,,30,1,0,0,0,2,4,2,13
,2015_14332,0,0,9/1/2015 19:10,19:10,6,0,0,ASBURY AVE W & 1871 W,1,1,0,7,1,4,,,25,0,0,0,0,0,4,4,14
,2015_14333,0,0,2/18/2015 7:30,7:30,15,0,0,26TH AVE 9200 BLK E & BEELER ST N,1,1,0,0,1,1,,,30,0,0,0,0,0,4,2,13
,2015_14334,0,0,6/9/2015 17:14,17:14,3,0,0,26TH AVE E & EMERSON ST N,1,1,0,7,1,1,,,25,0,0,0,0,0,4,2,16
,2015_14335,0,0,8/2/2015 18:46,18:46,3,0,0,E 28TH AVE & ALBION ST N,1,1,0,7,1,1,,,30,0,0,0,0,0,4,2,14
,2015_14336,0,0,3/7/2015 0:01,0:01,6,0,0,28TH AVE W & WOLFF ST N,1,3,0,7,1,3,,,25,0,0,0,0,0,4,2,16
,2015_14337,0,0,5/11/2015 8:14,8:14,12,0,0,29TH AVE E & DOWNING ST N,1,1,0,7,1,1,,,30,0,0,0,0,1,4,3,7
,2015_14338,0,0,7/29/2015 13:10,13:10,6,0,0,29TH AVE W & GALAPAGO ST N,1,1,0,7,1,1,,,25,0,0,0,0,0,4,2,1
,2015_14339,0,0,5/12/2015 21:42,21:42,5,0,1,29TH AVE 2100 BLKW & UMATILLA ST,1,3,1,0,3,4,,,30,0,0,0,0,3,4,1,5
,2015_14340,0,0,6/2/2015 3:50,3:50,5,0,1,32ND AVE 4400 BLK W & TENNYSON ST N,1,3,0,7,3,4,,,25,0,0,0,0,2,4,1,5
,2015_14341,0,0,7/1/2015 15:15,15:15,3,0,0,33RD AVE W & ZUNI ST N,1,1,0,7,1,1,,,30,0,0,0,0,0,4,2,16
,2015_14342,0,0,7/31/2015 0:30,0:30,5,0,0,29TH AVE E & DAHLIA ST N,1,3,0,0,1,1,,,25,0,0,0,0,1,4,1,13
,2015_14343,0,0,2/2/2015 15:43,15:43,12,0,0,38TH AVE 3500 BLK W & LOWELL BLVD N,1,1,0,7,1,4,,,30,0,0,0,0,0,4,2,7
,2015_14344,0,0,4/11/2015 2:10,2:10,3,0,0,38TH AVE W & LOWELL BLVD N,1,3,0,7,1,1,,,30,0,0,0,0,0,4,2,16
,2015_14345,0,0,6/25/2015 9:20,9:20,12,0,0,38TH AVE W & ZUNI ST N,1,1,0,7,1,3,,,35,0,0,0,0,0,4,2,16
,2015_14346,0,0,10/28/2015 13:00,13:00,6,0,0,39TH AVE E & NEWPORT ST N,1,1,0,7,1,4,,,25,0,0,0,0,0,4,2,14
,2015_14347,0,0,1/21/2015 9:00,9:00,3,0,0,41ST AVE W & GROVE ST N,10,1,0,2,1,1,,,20,0,0,0,0,0,4,2,16
,2015_14348,0,0,6/18/2015 16:42,16:42,1,0,0,BRIGHTON BLVD & 38TH ST,1,1,0,0,1,1,,,30,0,0,0,0,0,4,2,13
,2015_14349,0,0,4/18/2015 2:33,2:33,12,0,1,BROADWAY ST 1400 BLK S & ARKANSAS AVE E,1,3,0,7,1,4,,,35,0,0,0,0,2,4,2,5
,2015_14350,0,0,2/23/2015 18:15,18:15,12,0,0,BROADWAY ST 200 BLK N & CLEVELAND PL,5,3,0,7,1,3,,,35,0,0,0,0,0,4,2,14
,2015_14351,0,0,5/5/2015 18:15,18:15,12,0,0,BROADWAY ST S & ELLSWORTH AVE W,2,1,0,1,1,1,,,30,0,0,0,0,0,4,2,3
,2015_14353,0,0,4/12/2015 0:08,0:08,1,0,0,BROADWAY N & PARK AVE W,1,3,0,7,1,1,,,35,0,0,0,0,1,4,2,14
,2015_14354,0,0,8/14/2015 17:10,17:10,12,0,0,BROADWAY ST N & SPEER BLVD N,1,1,0,7,1,1,,,30,0,0,0,0,0,4,2,16
,2015_14355,0,0,4/7/2015 7:25,7:25,12,0,0,BROADWAY ST & STOUT ST,1,1,0,7,1,1,,,30,0,0,0,0,0,4,2,16
,2015_14356,0,0,1/9/2015 16:55,16:55,12,0,0,BROADWAY 2400 BLK N & WALNUT ST,1,3,1,7,1,1,,,30,0,0,0,0,1,4,2,16
,2015_14357,0,0,1/17/2015 21:15,21:15,6,0,0,CARSON ST 5100 BLK N & 61ST AVE E,1,3,0,7,1,4,,,25,0,0,0,0,0,4,2,14
,2015_14358,0,0,4/27/2015 6:38,6:38,3,0,0,CLARKSON ST N & 11TH AVE E,2,1,0,7,1,1,,,35,0,0,0,0,0,4,2,16
,2015_14359,0,0,1/29/2015 14:26,14:26,15,0,0,CLARKSON ST 1400 BLK N & COLFAX AVE E,1,1,0,0,1,2,,,25,0,0,0,0,0,4,2,7
,2015_14360,0,0,6/12/2015 13:09,13:09,3,0,0,CLAY ST N & SPEER BLVD N,1,1,0,7,1,1,,,25,0,0,0,0,0,4,2,16
,2015_14361,0,0,4/23/2015 8:00,8:00,8,0,0,DARTMOUTH AVE 2900 BLK W & FEDERAL BLVD S,1,1,1,7,1,4,,,30,0,0,0,0,1,4,2,16
,2015_14362,0,0,5/1/2015 16:28,16:28,3,0,0,DARTMOUTH AVE & 10700 BLK E,2,1,0,0,1,2,,,30,0,0,0,0,0,4,2,13
,2015_14363,0,0,11/14/2015 12:35,12:35,3,0,0,DOWNING ST 1400 BLK S & ARKANSAS AVE E,1,1,0,0,1,3,,,25,0,0,0,0,0,4,2,13
,2015_14364,0,0,3/3/2015 17:45,17:45,10,0,0,DOWNING ST N & 16TH AVE E,1,3,0,0,1,1,,,25,0,0,0,0,0,4,2,8
,2015_14366,0,0,7/15/2015 1:40,1:40,15,0,0,EVANS AVE & 4500 BLK E,1,3,0,0,1,4,,,35,0,0,0,0,0,4,2,13
,2015_14367,0,0,6/12/2015 16:08,16:08,12,0,0,EVANS AVE 5000 BLK E & GRAPE ST S,1,1,0,7,1,4,,,35,0,0,0,0,1,4,2,3
,2015_14368,39.740002,-104.991611,3/4/2015 22:12,22:12,12,0,1,COLFAX AVE W & COURT PL,1,3,0,0,1,4,,,35,0,0,0,0,2,2,2,13
,2015_14369,0,0,3/6/2015 18:54,18:54,6,0,0,FILLMORE ST 200 BLK N & 2ND AVE E,1,3,0,7,1,4,,,25,0,0,0,0,0,4,2,16
,2015_14370,0,0,11/30/2015 12:56,12:56,5,0,0,EUGENE WAY N & 4390,5,1,0,2,3,4,,,25,0,0,0,0,0,4,1,14
,2015_14371,0,0,10/11/2015 10:30,10:30,3,0,0,EVANS AVE 4600 BLK E & DAHLIA ST,1,1,0,0,1,2,,,30,0,0,0,0,0,4,2,13
,2015_14372,0,0,2/19/2015 6:55,6:55,12,0,0,EVANS AVE 1800 BLK E & WILLIAMS ST S,1,1,0,7,1,4,,,30,0,0,0,0,1,4,2,1
,2015_14373,0,0,9/5/2015 2:31,2:31,10,0,0,EVANS AVE W & OSAGE ST S,1,3,0,0,1,4,,,35,0,0,0,0,1,4,2,5
,2015_14374,0,0,6/24/2015 14:20,14:20,6,0,0,FILLMORE ST 3600 N & 37TH AVE E,1,1,0,7,1,4,,,25,0,0,0,0,0,4,2,7
,2015_14375,0,0,2/5/2015 13:00,13:00,3,0,2,FONTANA CT N & BOLLING DR E,1,1,0,7,1,1,,,25,0,0,0,0,3,4,2,16
,2015_14376,0,0,5/11/2015 13:10,13:10,15,0,0,GRANT ST 400 BLK N & SPEER BLVD E,1,1,0,7,1,3,,,30,0,0,0,0,0,4,2,16
,2015_14377,0,0,1/9/2015 8:58,8:58,12,0,0,IVY ST N & 48TH AVE E,4,1,0,7,1,3,,,25,0,0,0,0,0,4,2,16
,2015_14378,0,0,5/27/2015 12:54,12:54,6,0,0,IVY ST N & 48TH AVE E,1,1,0,0,1,4,,,25,0,0,0,0,0,4,2,13
,2015_14379,0,0,11/4/2015 15:30,15:30,5,0,0,IRVING ST & 126 S,1,1,1,0,2,5,,,10,0,0,0,0,0,4,1,16
,2015_14380,0,0,3/2/2015 17:15,17:15,3,0,0,JEWELL AVE E & DOWNING ST S,1,3,0,0,1,1,,,25,0,0,0,0,0,4,2,13
,2015_14381,0,0,3/17/2015 8:15,8:15,6,0,0,LEWISTON CT & 5513 N,1,1,0,0,1,4,,,25,0,0,0,0,0,4,2,13
,2015_14382,0,0,7/29/2015 6:50,6:50,12,0,0,LINCOLN ST 000 BLK N & 1ST AVE E,1,1,0,7,1,3,,,30,0,0,0,0,0,4,2,16