id,drcog_id,latitude,longitude,crashtime,time,crashtype,numbkilled,numbinjurd,drcoglocat,rdconditin,lightngcon,roadcntgrd,weatherco,location,roaddescrp,schoolzone,constrzone,splimit,bikeinv,pedinv,sctrinv,motoinv,svrty,rdsystem,ttlvehcls,hcf
,2015_14383,0,0,2/2/2015 12:58,12:58,15,0,0,LINCOLN ST 1100 N & 11TH AVE E,1,1,0,7,1,4,,,30,0,0,0,0,0,4,2,16
,2015_14384,39.775623,-104.865778,2/1/2015 6:35,6:35,5,0,0,I-70 & HAVANA ST N,5,1,0,2,3,4,,,55,0,0,0,0,0,1,1,13
,2015_14385,0,0,11/13/2015 4:36,4:36,6,0,0,LINCOLN ST N & 45TH AVE E,1,4,0,7,1,4,,,25,0,0,0,0,0,4,2,5
,2015_14386,0,0,11/1/2015 2:08,2:08,12,0,0,LINCOLN ST N 1145 & 12TH AVE E,1,3,0,0,5,2,,,5,0,0,0,0,0,3,2,14
,2015_14387,0,0,1/15/2015 22:40,22:40,6,0,0,LOWELL BLVD N & 38TH AVE W,1,3,1,7,1,4,,,25,0,0,0,0,0,4,3,5
,2015_14388,0,0,10/11/2015 21:00,21:00,6,0,0,LIPAN ST 4000 BLK N & 40TH ST W,1,3,0,7,1,4,,,25,0,0,0,0,0,4,3,14
,2015_14389,0,0,1/15/2015 14:23,14:23,12,0,0,LOWRY BLVD E & FAIRMOUNT DR N,1,1,0,7,1,6,,,30,0,0,0,1,1,4,2,16
,2015_14390,0,0,4/27/2015 7:51,7:51,15,0,0,LOWRY BLVD E & FAIRMOUNT DR E,2,1,0,1,1,6,,,15,0,0,0,0,0,4,2,13
,2015_14391,0,0,4/12/2015 14:25,14:25,3,0,0,MEXICO AVE W & WOLCOTT CT S,1,1,0,7,1,1,,,25,0,0,0,0,0,4,2,3
,2015_14392,0,0,5/4/2015 16:00,16:00,15,0,0,MISSISSIPPI AVE W & JASON ST S,1,1,0,0,1,3,,,35,0,0,0,0,0,4,2,7
,2015_14393,0,0,2/27/2015 18:48,18:48,12,0,0,MISSISSIPPI AVE 300 BLK W & SANTA FE S,5,3,0,7,1,4,,,35,0,0,0,0,1,4,3,7
,2015_14394,0,0,1/15/2015 8:40,8:40,6,0,0,MISSISSIPPI AVE 2300 BLK E & UNIVERSITY BLVD S,1,1,0,7,1,4,,,25,0,0,0,0,0,4,2,1
,2015_14395,0,0,8/17/2015 15:42,15:42,12,0,0,MISSISSIPPI AVE W & HAZEL CT S,1,1,0,7,1,3,,,25,0,0,0,0,0,4,2,5
,2015_14396,0,0,10/21/2015 8:07,8:07,12,0,0,MLK BLVD & MONACO PKWY N,2,1,0,2,1,1,,,35,0,0,0,0,0,4,2,13
,2015_14397,0,0,1/3/2015 19:55,19:55,12,0,0,PARK AVE W & CHAMPA ST,5,3,1,2,1,1,,,,0,0,0,0,0,4,2,16
,2015_14398,0,0,11/7/2015 2:14,2:14,6,0,0,PARK AVE W & GLOBEVILLE RD N,1,3,1,7,1,4,,,35,0,0,0,0,0,4,2,14
,2015_14399,0,0,5/23/2015 10:42,10:42,10,0,0,PARK AVE W & LARIMER ST,1,1,0,0,1,1,,,30,0,0,0,0,0,4,2,8
,2015_14400,0,0,7/8/2015 9:57,9:57,6,0,0,PEARL ST 800 BLK N & 8TH AVE E,1,1,0,0,1,4,,,25,0,0,0,0,0,4,4,13
,2015_14401,0,0,5/29/2015 20:09,20:09,12,0,0,PEARL ST N & 20TH AVE,1,3,0,7,1,4,,,25,0,0,0,0,0,4,2,16
,2015_14402,0,0,7/31/2015 12:00,12:00,6,0,0,PEARL ST 300 BLK S & ALAMEDA AVE E,1,5,0,0,1,4,,,25,0,0,0,0,0,4,2,13
,2015_14403,0,0,3/29/2015 17:00,17:00,6,0,0,SHERMAN ST 118 N & 2ND AVE E,1,5,0,7,1,4,,,25,0,0,0,0,0,4,2,7
,2015_14404,0,0,7/29/2015 18:40,18:40,12,0,0,5200 BLK N QUEBEC ST & E 53RD PL,1,1,0,7,1,4,,,35,0,0,0,0,0,4,2,16
,2015_14405,0,0,1/20/2015 9:30,9:30,12,0,0,QUEBEC ST 4000 BLK N & SANDOWN RD E,1,1,2,7,1,4,,,45,0,0,0,0,0,4,2,16
,2015_14406,0,0,6/12/2015 18:15,18:15,12,0,0,14TH ST 900 BLK & CHAMPA ST,1,1,0,7,1,1,,,35,0,0,0,0,0,4,2,16
,2015_14407,0,0,1/1/2015 5:19,5:19,6,0,0,RANDOLPH PL & 13082 E,5,3,1,2,2,3,,,25,0,0,0,0,0,4,2,14
,2015_14408,0,0,8/16/2015 8:59,8:59,3,0,0,14TH ST & CHAMPA ST,1,1,0,0,1,1,,,25,0,0,0,0,0,4,2,14
,2015_14409,0,0,3/12/2015 8:10,8:10,3,0,0,15TH ST & CALIFORNIA ST,1,1,0,7,1,1,,,25,0,0,0,0,0,4,2,3
,2015_14410,0,0,5/16/2015 23:26,23:26,12,0,0,15TH ST 700 BLK & CALIFORNIA ST N,1,3,0,7,1,4,,,30,0,0,0,0,0,4,2,1
,2015_14411,0,0,7/11/2015 15:06,15:06,1,0,0,15TH ST & CENTRAL ST,1,1,1,0,1,1,,,30,0,0,0,0,1,4,2,3
,2015_14412,0,0,6/15/2015 10:00,10:00,10,0,0,15TH ST & LITTLE RAVEN ST,1,1,0,0,1,1,,,30,0,0,0,0,0,4,2,1
,2015_14413,0,0,4/3/2015 8:13,8:13,12,0,0,15TH ST & PLATTE ST,5,1,1,2,1,4,,,35,0,0,0,0,0,4,2,14
,2015_14414,0,0,5/8/2015 7:25,7:25,15,0,0,15TH ST & WYNKOOP ST,1,1,0,0,1,1,,,35,0,0,0,0,0,4,2,8
,2015_14415,0,0,4/21/2015 18:07,18:07,14,0,0,22ND ST & BLAKE ST,1,1,1,0,1,1,,,25,0,0,0,0,0,4,2,14
,2015_14416,0,0,5/27/2015 12:02,12:02,15,0,0,STOUT ST & 17TH ST,1,1,0,0,1,1,,,30,0,0,0,0,0,4,2,13
,2015_14417,0,0,5/23/2015 11:06,11:06,12,0,0,TEJON ST & 3800 BLK N,1,5,0,0,1,1,,,30,0,0,0,0,0,4,2,13
,2015_14418,0,0,1/27/2015 16:25,16:25,11,0,1,TEJON ST S & EVANS AVE W,1,1,0,0,1,1,,,40,0,1,0,0,2,4,3,14
,2015_14419,0,0,7/21/2015 12:20,12:20,12,0,0,UNIVERSITY BLVD 1900 BLK S & ASBURY AVE E,1,1,0,7,1,3,,,30,0,0,0,0,0,4,2,16
,2015_14420,0,0,5/22/2015 10:25,10:25,12,0,0,UNIVERSITY BLVD S & CHERRY CREEK DR S,2,1,0,7,1,3,,,30,0,0,0,0,1,4,2,16
,2015_14421,0,0,7/17/2015 14:52,14:52,12,0,1,UNIVERSITY BLVD & CHERRY CREEK DR,1,1,0,7,1,1,,,30,0,0,0,0,2,4,2,14
,2015_14422,0,0,7/6/2015 12:15,12:15,12,0,0,WASHINGTON ST & 4700 BLK N,1,1,1,0,1,4,,,35,0,0,0,0,0,4,2,13
,2015_14423,0,0,7/16/2015 16:50,16:50,10,0,0,WELTON ST & 1700 BLK,1,1,0,0,1,2,,,25,0,0,0,0,0,4,2,1
,2015_14424,0,0,1/29/2015 5:50,5:50,15,0,0,WELTON ST 1700 BLK & 18TH ST,1,3,0,7,1,4,,,25,0,0,0,0,0,4,2,8
,2015_14425,0,0,10/26/2015 0:11,0:11,5,0,0,ZUNI ST S & DAKOTA AVE W,1,3,0,0,2,1,,,25,0,0,0,0,0,4,1,5
,2015_14426,0,0,11/1/2015 3:00,3:00,6,0,0,ZENOBIA ST & 22 N,1,3,0,7,1,4,,,25,0,0,0,0,0,4,2,14
,2015_14427,0,0,3/22/2015 7:16,7:16,6,0,0,ZUNI ST N & 41ST AVE W,1,1,0,7,1,4,,,25,0,0,0,0,0,4,2,1
,2015_14528,39.71149,-104.940627,6/2/2015 16:07,16:07,12,0,0,ALAMEDA AVE E & COLORADO BLVD S,1,1,0,0,1,4,,,35,0,0,0,0,0,2,3,3
,2015_14529,39.71149,-104.940627,7/2/2015 16:02,16:02,1,0,0,ALAMEDA AVE 4200 BLK E & COLORADO BLVD S,1,1,0,0,1,1,,,35,0,0,0,0,1,2,2,3
,2015_14530,39.714912,-104.940628,3/23/2015 8:58,8:58,12,0,0,COLORADO BLVD 000 BLK S & BAYAUD AVE E,1,1,0,0,1,3,,,35,0,0,0,0,0,2,2,13
,2015_14531,39.723646,-104.94063,3/2/2015 14:24,14:24,15,0,1,COLORADO BLVD 400 BLK N & 4TH AVE E,1,1,0,0,1,4,,,35,0,0,0,0,2,2,3,3
,2015_14532,39.748521,-104.940602,5/23/2015 20:45,20:45,12,0,0,COLORADO BLVD & 2100 BLK S,2,3,0,1,1,2,,,30,0,0,0,0,0,2,2,6
,2015_14533,39.761457,-104.940513,4/7/2015 11:40,11:40,12,0,0,COLORADO BLVD & MARTIN LUTHER KING JR BLVD,1,1,0,0,1,4,,,45,0,0,0,0,0,2,2,7
,2015_14534,39.761878,-104.940511,6/30/2015 22:48,22:48,1,0,0,COLORADO BLVD N & MARTIN LUTHER KING JR BLVD E,1,3,0,0,1,1,,,35,0,0,0,0,0,2,2,3
,2015_14535,39.76452,-104.940501,3/10/2015 12:15,12:15,1,0,0,COLORADO BLVD N & BRUCE RANDOLPH AVE E,1,1,0,0,1,1,,,35,0,0,0,0,0,2,2,13
,2015_14536,39.76452,-104.940501,3/24/2015 16:31,16:31,3,0,0,BRUCE RANDOLPH AVE E & COLORADO BLVD N,1,1,1,0,1,5,,,15,0,0,0,0,0,2,2,13
,2015_14537,39.765159,-104.940498,8/3/2015 9:25,9:25,12,0,0,COLORADO BLVD N & BRUCE RANDOLPH AVE,1,1,0,0,1,4,,,35,0,0,0,0,0,2,2,13
,2015_14538,39.772893,-104.940506,7/3/2015 17:06,17:06,12,0,0,COLORADO BLVD N & 40TH AVE E,1,1,0,0,1,3,,,30,0,0,0,0,1,2,2,13
,2015_14547,39.780014,-104.959201,4/28/2015 9:21,9:21,5,0,0,I-70 & YORK ST N,1,1,0,0,2,4,,,55,0,0,0,0,0,1,1,1
,2015_14548,39.72542,-105.025548,1/6/2015 7:43,7:43,12,0,0,6TH AVE WB ON RAMP & FEDERAL BLVD N,5,1,1,0,1,8,,,35,0,0,0,0,0,2,2,13
,2015_14551,39.725385,-105.022188,2/11/2015 8:50,8:50,15,0,0,FEDERAL BLVD N & 6TH AVE W,1,1,0,0,1,4,,,45,0,0,0,0,0,2,2,13
,2015_14552,39.725357,-105.021792,4/7/2015 21:45,21:45,12,0,0,6TH AVE EB ON RAMP & FEDERAL BLVD N,1,4,0,0,1,8,,,35,0,0,0,0,0,2,2,13
,2015_14553,39.725205,-105.018063,6/19/2015 14:45,14:45,12,0,0,6TH AVE W & I-25,1,1,0,0,1,4,,,45,0,0,0,0,0,2,2,14
,2015_14554,39.725516,-105.013084,1/10/2015 15:36,15:36,12,0,0,6TH AVE W & I-25,1,1,0,0,1,4,,,55,0,0,0,0,0,2,2,3
,2015_14555,39.781326,-104.949713,5/30/2015 12:40,12:40,12,0,0,VASQUEZ BLVD 4700 BLK N & N STEELE ST,1,1,0,0,1,4,,,35,0,0,0,0,0,2,2,8
,2015_14566,39.743081,-105.015682,7/12/2015 2:15,2:15,5,0,0,I-25 & COLFAX AVE W,1,3,0,0,3,4,,,55,0,0,0,0,0,1,1,13
,2015_14584,39.650468,-104.916801,2/24/2015 8:18,8:18,12,0,0,I-25 & HAMPDEN AVE E,2,1,0,0,1,4,,,65,0,0,0,0,0,1,3,1
,2015_14585,39.66762,-104.92561,7/30/2015 6:56,6:56,12,0,0,I-25 & YALE AVE E,1,1,0,0,1,4,,,55,0,0,0,0,0,1,3,13
,2015_14586,39.684158,-104.944535,4/17/2015 4:02,4:02,15,0,0,I-25 & COLORADO BLVD S,6,3,0,2,1,4,,,65,0,0,0,0,0,1,2,1
,2015_14587,39.684224,-104.944877,12/25/2015 20:40,20:40,5,0,0,I-25 & UNIVERSITY BLVD S,4,4,0,2,2,4,,,60,0,0,0,0,1,1,1,13
,2015_14588,39.68492,-104.959513,4/4/2015 16:32,16:32,15,0,0,I-25 & UNIVERSITY BLVD S,1,1,0,0,1,4,,,60,0,0,0,0,0,1,2,3
,2015_14589,39.68492,-104.959513,4/29/2015 8:19,8:19,12,0,0,I-25 & UNIVERSITY BLVD S,1,1,1,0,1,4,,,60,0,0,0,0,0,1,2,1
,2015_14590,39.690017,-104.973363,6/11/2015 8:01,8:01,12,0,0,I-25 & DOWNING ST S,1,1,0,0,1,4,,,60,0,0,0,0,0,1,2,13
,2015_14591,39.701452,-104.987435,4/13/2015 17:54,17:54,12,0,0,BROADWAY S & I-25 SB RAMPS,1,1,0,0,1,3,,,30,0,0,0,0,1,1,2,13
,2015_14592,39.705762,-104.995864,1/4/2015 6:28,6:28,15,0,0,I-25 NB ON FLYOVER RAMP & SANTA FE DR,5,1,0,0,1,8,,,45,0,0,0,0,0,1,2,13
,2015_14593,39.707122,-104.996782,1/22/2015 9:44,9:44,12,0,0,SANTA FE DR S & I-25,1,1,1,0,1,4,,,55,0,0,0,0,0,1,2,13
,2015_14594,39.707122,-104.996782,2/11/2015 18:59,18:59,12,0,0,I-25 NB ON FLYOVER RAMP & SANTA FE DR,1,3,1,0,1,8,,,55,0,0,0,0,0,1,4,14
,2015_14595,39.707384,-104.996909,4/11/2015 20:11,20:11,15,0,0,I-25 ON RAMP & SANTA FE DR S,1,3,1,0,1,8,,,45,0,0,0,0,0,1,2,13
,2015_14596,39.71124,-104.998918,3/27/2015 16:10,16:10,15,0,0,I-25 & ALAMEDA AVE W,1,1,0,0,1,4,,,55,0,0,0,0,0,1,2,14
,2015_14597,39.716632,-105.002684,1/30/2015 18:30,18:30,12,0,0,I-25 & ELLSWORTH AVE OFFSET REF,1,3,0,0,1,4,,,55,0,0,0,0,0,1,2,13
,2015_14598,39.782819,-104.989152,1/2/2015 5:55,5:55,12,0,0,I-25 & I-70,5,3,0,0,1,4,,,55,0,0,0,0,0,1,2,13
,2015_14599,39.717716,-105.004259,5/24/2015 16:41,16:41,15,0,0,I-25 & ALAMEDA AVE W,1,1,0,0,1,4,,,55,0,0,0,0,0,1,3,13
,2015_14600,39.712393,-104.999602,12/6/2015 18:30,18:30,12,0,1,I-25 & ALAMEDA AVE W,1,3,0,0,1,4,,,55,0,0,0,0,2,1,2,5
,2015_14601,39.714922,-105.001188,11/17/2015 12:00,12:00,15,0,0,I-25 & ALAMEDA AVE W,1,1,0,0,1,4,,,55,0,0,0,0,0,1,2,16
,2015_14602,39.725135,-105.012815,1/6/2015 9:37,9:37,15,0,0,I-25 & 6TH AVE W,2,1,1,0,1,4,,,55,0,0,0,0,0,1,2,13
,2015_14603,39.725247,-105.012893,2/17/2015 11:06,11:06,12,0,0,I-25 & 6TH AVE W,1,1,0,0,1,4,,,55,0,0,0,0,1,1,2,13
,2015_14604,39.725247,-105.012893,2/18/2015 10:03,10:03,12,0,0,I-25 & 6TH AVE W,1,1,1,0,1,4,,,55,0,0,0,0,0,1,2,13
,2015_14605,39.725247,-105.012893,1/9/2015 23:41,23:41,5,0,0,I-25 & 6TH AVE W,1,4,1,0,3,8,,,40,0,0,0,0,1,1,1,14
,2015_14606,39.72543,-105.013021,1/22/2015 15:38,15:38,12,0,0,I-25 NB & 6TH AVE W,1,1,0,0,1,4,,,55,0,0,0,0,0,1,2,13
,2015_14607,39.72543,-105.013021,1/26/2015 9:15,9:15,12,0,0,I-25 & 6TH AVE W,1,1,0,0,1,4,,,55,0,0,0,0,1,1,2,13
,2015_14608,39.72543,-105.013021,6/2/2015 17:35,17:35,12,0,0,I-25 & 6TH AVE W,1,1,0,0,1,4,,,55,0,0,0,0,0,1,2,7
,2015_14609,39.726299,-105.013589,7/17/2015 12:38,12:38,15,0,0,6TH AVE W & I-25 NB ON RAMP,1,1,1,0,1,4,,,45,0,0,0,0,0,1,2,13
,2015_14612,39.74035,-105.013939,12/1/2015 15:39,15:39,12,0,0,I-25 & COLFAX AVE W,1,1,0,0,1,4,,,55,0,0,0,0,0,1,2,16
,2015_14626,39.739974,-104.961015,3/6/2015 17:10,17:10,12,0,0,COLFAX AVE E & GAYLORD ST N,6,1,0,2,1,1,,,35,0,0,0,0,0,2,2,14
,2015_14643,39.711094,-105.029897,3/9/2015 17:33,17:33,15,0,0,ALAMEDA AVE W & IRVING ST S,1,1,0,0,1,3,,,35,0,0,0,0,0,2,2,13
,2015_14644,39.711155,-105.022584,3/30/2015 0:30,0:30,15,0,0,ALAMEDA AVE W & DECATUR ST S,1,3,0,0,1,1,,,35,0,0,0,0,0,2,2,14
,2015_14645,39.711256,-105.050105,12/11/2015 2:25,2:25,5,0,0,XAVIER ST S & ALAMEDA AVE W,1,3,0,0,4,1,,,25,0,0,0,0,0,2,1,13
,2015_14646,39.711182,-105.003917,1/3/2015 18:00,18:00,10,0,0,ALAMEDA AVE W & 1300 BLK,10,3,1,2,1,4,,,35,0,0,0,0,0,2,2,13
,2015_14647,39.653094,-104.912878,1/20/2015 18:59,18:59,15,0,0,HAMPDEN AVE 6400 BLK E & MONACO ST S,1,3,0,0,1,3,,,40,0,0,0,0,0,2,2,7
,2015_14648,39.653094,-104.912878,6/24/2015 22:00,22:00,15,0,0,HAMPDEN AVE E & MONACO PKWY S,2,3,0,1,1,1,,,35,0,0,0,0,0,2,2,13
,2015_14649,39.653043,-104.883537,4/15/2015 20:54,20:54,3,0,0,HAMPDEN AVE 8900 BLK E & YOSEMITE ST S,1,3,0,0,1,2,,,40,0,0,0,0,0,2,2,13
,2015_14650,39.653021,-104.875937,2/2/2015 10:52,10:52,15,0,0,HAMPDEN AVE 9700 BLK E & DAYTON ST S,1,1,0,0,1,3,,,45,0,0,0,0,0,2,3,13
,2015_14651,39.65302,-104.875195,4/6/2015 17:30,17:30,12,0,0,HAMPDEN AVE 9700 BLK E & DAYTON ST S,1,1,0,0,1,4,,,45,0,0,0,0,0,2,3,13
,2015_14653,39.668351,-104.866111,6/9/2015 17:19,17:19,1,0,0,HAVANA ST 2600 BLK S & YALE AVE E,1,1,1,0,1,2,,,35,0,0,0,0,1,2,2,13
,2015_14654,39.670857,-104.866047,1/7/2015 19:15,19:15,11,0,1,HAVANA ST S & PARKER RD S,1,3,0,0,1,1,,,35,0,1,0,0,2,2,2,13
,2015_14660,39.710706,-104.865957,4/25/2015 22:05,22:05,15,0,0,HAVANA ST 300 BLK S & ALAMEDA AVE E,1,3,0,0,1,4,,,40,0,0,0,0,0,2,2,13
,2015_14672,39.78415,-104.899718,8/8/2015 22:20,22:20,12,0,0,NORTHFIELD BLVD & I-270 WB ON RAMP,1,3,1,0,1,4,,,45,0,0,0,0,0,2,2,1
,2015_14673,39.785534,-104.89964,4/3/2015 6:41,6:41,15,0,0,NORTHFIELD BLVD E & QUEBEC ST N,5,1,1,0,1,1,,,30,0,0,0,0,0,2,2,13
,2015_14698,39.740356,-105.052111,5/7/2015 9:57,9:57,3,0,0,COLFAX AVE W & ZENOBIA ST N,1,1,0,0,1,3,,,5,0,0,0,0,1,2,2,14
,2015_14699,39.740035,-105.001839,7/22/2015 12:24,12:24,12,0,0,COLFAX AVE W & LIPAN ST N,1,1,0,0,1,3,,,30,0,0,0,0,0,2,2,14
,2015_14700,39.740011,-104.995008,4/16/2015 1:36,1:36,5,0,0,COLFAX AVE W & FOX ST N,1,3,0,0,3,4,,,35,0,0,0,0,0,2,1,5
,2015_14701,39.739999,-104.990376,8/13/2015 11:46,11:46,12,0,0,COLFAX AVE W & BANNOCK ST,1,1,0,0,1,4,,,30,0,0,0,0,0,2,2,13
,2015_14702,39.7402,-104.988197,7/7/2015 22:41,22:41,15,0,0,15TH ST & COLFAX AVE W,1,3,0,0,1,1,,,30,0,0,0,0,0,2,2,13
,2015_14703,39.740002,-104.987332,1/19/2015 2:33,2:33,3,0,0,BROADWAY ST N & COLFAX AVE E,1,3,0,0,1,1,,,30,0,0,0,0,0,2,2,14
,2015_14704,39.740002,-104.987332,5/8/2015 10:40,10:40,11,0,0,COLFAX AVE E & BROADWAY N,2,1,0,1,1,1,,,35,0,1,0,0,1,2,2,7
,2015_14705,39.740009,-104.973218,3/13/2015 11:35,11:35,12,0,0,COLFAX AVE 1100 BLK E & DOWNING ST N (RD N),1,1,0,0,1,4,,,30,0,0,0,0,0,2,2,13
,2015_14706,39.740014,-104.969683,6/30/2015 20:44,20:44,3,0,0,COLFAX AVE E & HUMBOLDT ST N,1,2,0,0,1,1,,,35,0,0,0,0,0,2,2,3
,2015_14707,39.739999,-104.966257,5/11/2015 18:30,18:30,12,0,0,WILLIAMS ST N & COLFAX AVE E,1,1,0,0,1,4,,,30,0,0,0,0,0,2,2,12
,2015_14708,39.739992,-104.964751,2/4/2015 7:31,7:31,12,0,0,COLFAX AVE E & HIGH ST N,4,1,0,2,1,1,,,30,0,0,0,0,0,2,2,5
,2015_14712,39.740079,-104.912395,10/15/2015 11:55,11:55,15,0,0,COLFAX AVE E & MONACO ST N,1,1,0,0,1,4,,,30,0,0,0,0,0,2,2,1
,2015_14720,39.780014,-104.959201,9/13/2015 18:48,18:48,12,0,0,I-70 & YORK ST N,1,1,0,0,1,4,,,55,0,0,0,0,1,1,2,14
,2015_14721,39.779565,-104.974824,5/29/2015 10:10,10:10,12,0,0,I-70 WB OFF COLLECTOR RAMP TO NB & I-25,1,1,0,0,1,8,,,55,0,0,0,0,1,1,2,14
,2015_14722,39.779887,-104.967251,3/2/2015 9:07,9:07,12,0,0,I-70 EB OFF RAMP & BRIGHTON BLVD N,1,1,0,0,1,8,,,55,0,0,0,0,1,1,3,13
,2015_14723,39.780014,-104.959201,2/9/2015 16:06,16:06,12,0,0,I-70 & YORK ST N,1,1,0,0,1,4,,,55,0,0,0,0,0,1,2,13
,2015_14724,39.780014,-104.957483,2/2/2015 6:48,6:48,12,0,0,I-70 & VASQUEZ BLVD N,5,1,0,0,1,4,,,55,0,0,0,0,0,1,3,13
,2015_14725,39.780016,-104.954122,2/2/2015 6:03,6:03,15,0,0,I-70 & CLAYTON ST N,5,2,0,2,1,4,,,55,0,0,0,0,0,1,2,1
,2015_14726,39.779944,-104.940633,7/15/2015 16:03,16:03,12,0,0,I-70 & COLORADO BLVD N,1,1,0,0,1,4,,,55,0,0,0,0,0,1,2,13
,2015_14727,39.778287,-104.912805,4/27/2015 11:35,11:35,12,0,1,I-70 & MONACO PKWY N,1,1,1,0,1,4,,,55,0,0,0,0,3,1,2,12
,2015_14728,39.778294,-104.909589,5/12/2015 17:52,17:52,9,0,2,I-70 WB OFF RAMP & STAPLETON DR N EXIT RAMP (EXIT 277),2,1,1,0,3,8,,,55,0,0,0,0,2,1,1,5
,2015_14729,39.7783,-104.903459,4/10/2015 16:48,16:48,12,0,0,I-70 & NORTHFIELD BLVD/QUEBEC ST N,1,1,0,0,1,4,,,55,0,0,0,0,0,1,2,13
,2015_14730,0,0,3/18/2015 21:30,21:30,5,0,0,36TH AVE & 5505 BLK E,2,3,0,1,2,4,,,30,0,0,0,0,0,4,1,7
,2015_14731,39.7783,-104.903459,6/21/2015 18:13,18:13,5,0,1,I-70 & QUEBEC ST N,1,1,0,0,2,4,,,55,0,0,0,0,2,1,2,13
,2015_14732,39.775623,-104.865778,4/7/2015 7:54,7:54,12,0,0,I-70 & HAVANA ST N,1,1,0,0,1,4,,,55,0,0,0,0,0,1,2,13
,2015_14733,39.775623,-104.865778,7/18/2015 10:44,10:44,1,0,1,HAVANA ST N & I-70 EB ON RAMP,1,1,0,0,1,1,,,35,0,0,0,0,3,1,2,13
,2015_14753,39.696715,-104.898516,3/27/2015 8:50,8:50,12,0,0,PARKER RD S & MISSISSIPPI AVE E,1,1,1,0,1,4,,,45,0,0,0,0,1,2,2,13
,2015_14755,39.674737,-104.870699,11/28/2015 0:07,0:07,11,0,0,PARKER RD S & ILIFF AVE E,5,3,1,0,1,3,,,,0,1,0,0,1,2,2,16
,2015_14760,39.689542,-104.992096,3/9/2015 8:00,8:00,12,0,0,SANTA FE DR 1400 BLK S & FLORIDA AVE W,1,1,0,0,1,3,,,45,0,0,0,0,0,2,2,13
,2015_14761,39.696696,-104.991872,7/27/2015 13:15,13:15,1,0,0,PLATTE RIVER DR S & MISSISSIPPI AVE W,1,1,0,0,1,1,,,35,0,0,0,0,0,2,2,2
,2015_14762,39.696775,-104.991848,5/17/2015 18:49,18:49,15,0,0,SANTA FE DR S & MISSISSIPPI AVE W,1,1,0,0,1,4,,,25,0,0,0,0,0,2,2,13
,2015_14772,39.729117,-105.02514,7/21/2015 17:10,17:10,12,0,1,FEDERAL BLVD & 8TH AVE W,1,1,0,0,1,4,,,35,0,0,0,0,3,2,2,7
,2015_14773,39.718414,-105.025155,4/28/2015 18:19,18:19,15,0,0,FEDERAL BLVD & 1ST AVE W,1,1,0,0,1,3,,,35,0,0,0,0,0,2,2,13
,2015_14774,39.70041,-105.025085,7/15/2015 12:42,12:42,3,0,0,FEDERAL BLVD S & KENTUCKY AVE W,1,1,0,0,1,1,,,40,0,0,0,0,0,2,2,1
,2015_14775,39.700116,-105.025083,5/23/2015 14:30,14:30,12,0,0,FEDERAL BLVD 900 BLK S & KENTUCKY AVE W,1,1,0,0,1,4,,,40,0,0,0,0,0,2,2,13
,2015_14776,39.696907,-105.025062,10/7/2015 15:44,15:44,6,0,0,FEDERAL BLVD S & MISSISSIPPI AVE W,1,1,0,0,1,4,,,35,0,0,0,0,0,2,2,13
,2015_14777,39.682565,-105.025018,4/21/2015 12:37,12:37,12,0,0,FEDERAL BLVD S & JEWELL AVE W,1,1,1,0,1,4,,,35,0,0,0,0,1,2,2,13
,2015_14778,39.682418,-105.025017,2/5/2015 7:10,7:10,12,0,0,FEDERAL BLVD 1800 BLK S & JEWELL AVE W,1,1,0,0,1,4,,,40,0,0,0,0,0,2,3,13
,2015_14779,39.678616,-105.025049,3/3/2015 19:10,19:10,3,0,0,EVANS AVE & FEDERAL BLVD,2,3,0,0,1,1,,,35,0,0,0,0,0,2,2,13
,2015_14780,39.678187,-105.02505,1/16/2015 17:35,17:35,3,0,0,FEDERAL BLVD S & EVANS AVE W,1,1,0,0,1,2,,,40,0,0,0,0,0,2,2,8
,2015_14781,39.675237,-105.02504,8/10/2015 9:35,9:35,1,0,0,FEDERAL BLVD 2200 BLK S & ILIFF AVE W,1,1,1,0,1,1,,,35,0,0,0,0,0,2,2,7
,2015_14791,39.738453,-105.053214,1/22/2015 18:30,18:30,12,0,0,SHERIDAN BLVD N & 14TH AVE W,1,3,0,0,1,1,,,35,0,0,0,0,0,2,2,13
,2015_14793,39.751036,-105.053243,4/19/2015 16:19,16:19,11,0,1,SHERIDAN BLVD N & 24TH AVE W,1,1,0,0,1,4,,,,0,1,0,0,2,2,2,14
,2015_14798,39.790849,-105.053248,2/16/2015 8:40,8:40,12,0,0,SHERIDAN BLVD 5100 BLK N & 52ND AVE W,4,1,1,2,1,4,,,35,0,0,0,0,1,2,4,1
,2015_14802,39.783855,-105.053278,11/16/2015 2:40,2:40,15,0,0,SHERIDAN BLVD N & 48TH AVE W,1,3,0,0,1,1,,,35,0,0,0,0,0,2,2,13