id,drcog_id,latitude,longitude,crashtime,time,crashtype,numbkilled,numbinjurd,drcoglocat,rdconditin,lightngcon,roadcntgrd,weatherco,location,roaddescrp,schoolzone,constrzone,splimit,bikeinv,pedinv,sctrinv,motoinv,svrty,rdsystem,ttlvehcls,hcf
,2015_14823,39.635523,-104.89346,1/14/2015 9:42,9:42,12,0,0,I-225 & TAMARAC ST,2,1,0,0,1,4,,,55,0,0,0,0,0,1,3,7
,2015_14824,39.635523,-104.89346,2/5/2015 19:36,19:36,1,0,0,TAMARAC ST S & I-225 SB ON RAMP,1,3,0,0,1,1,,,35,0,0,0,0,0,4,2,13
,2015_14829,39.636882,-104.889993,8/18/2015 19:40,19:40,15,0,0,I-225 NB ON RAMP FROM & DTC BLVD S,2,2,1,1,1,8,,,40,0,0,0,0,0,1,2,13
,2015_14843,39.652992,-104.927187,11/4/2015 13:45,13:45,12,0,0,HAMPDEN AVE E & FOREST ST S,1,1,0,0,1,4,,,35,0,0,0,0,0,2,2,3
,2015_14845,39.776693,-105.025236,4/2/2015 18:02,18:02,15,0,0,FEDERAL BLVD & 4400 BLK N,1,1,1,2,1,4,,,35,0,0,0,0,0,2,2,13
,2015_14847,39.652992,-104.927187,6/23/2015 10:36,10:36,15,0,0,HAMPDEN AVE 5000 BLK E & FOREST ST S,1,1,0,0,1,1,,,35,0,0,0,0,0,2,2,13
,2015_14848,39.652995,-104.925107,6/9/2015 15:10,15:10,12,0,0,HAMPDEN AVE E & GRAPE ST S,1,1,0,0,1,4,,,40,0,0,0,0,0,2,2,13
,2015_14849,39.744091,-105.025211,2/4/2015 13:47,13:47,12,0,0,FEDERAL BLVD & 1700 BLK N,1,1,1,0,1,4,,,35,0,0,0,0,0,2,2,13
,2015_14890,39.834236,-104.746855,12/15/2015 3:16,3:16,5,0,0,PENA BLVD & E-470,4,3,0,2,2,4,,,65,0,0,0,0,0,2,1,7
,2015_15013,0,0,1/6/2015 5:00,5:00,6,0,0,CENTRAL PARK & 2500 N,5,3,0,0,1,4,,,30,0,0,0,0,0,4,2,13
,2015_15016,0,0,4/15/2015 12:30,12:30,10,0,0,1ST AVE E & FILLMORE ST N,1,1,0,0,1,2,,,35,0,0,0,0,0,4,2,13
,2015_15017,0,0,5/7/2015 12:45,12:45,6,0,0,6TH AVE 600 BLK E & WASHINGTON ST N,1,1,0,7,1,4,,,35,0,0,0,0,0,4,2,3
,2015_15018,0,0,2/16/2015 17:00,17:00,6,0,0,8TH AVE 000 BLK W & BROADWAY ST N,11,2,0,2,1,4,,,25,0,0,0,0,0,4,2,16
,2015_15019,0,0,4/1/2015 7:42,7:42,12,0,0,8TH AVE E & MARION ST N,1,1,0,7,1,4,,,30,0,0,0,0,0,4,2,16
,2015_15020,0,0,2/9/2015 16:25,16:25,3,0,0,14TH AVE E & YORK ST N,1,1,0,7,1,1,,,30,0,0,0,0,0,4,2,16
,2015_15021,0,0,6/21/2015 21:14,21:14,2,0,1,16TH AVE E & SHERMAN ST N,1,3,1,0,1,4,,,30,1,0,0,0,2,4,2,5
,2015_15022,0,0,2/13/2015 17:45,17:45,3,0,0,16TH AVE E & SYRACUSE ST N,1,2,0,7,1,1,,,30,0,0,0,0,0,4,2,5
,2015_15023,0,0,8/12/2015 16:58,16:58,12,0,0,17TH AVE 2100 BLK E & GAYLORD ST N,1,1,0,7,1,4,,,30,0,0,0,0,0,4,2,16
,2015_15024,0,0,5/28/2015 11:47,11:47,10,0,0,17TH AVE 200 BLK & GRANT ST,1,1,0,0,1,2,,,30,0,0,0,0,0,4,2,1
,2015_15025,0,0,2/25/2015 13:55,13:55,3,0,0,17TH AVE E & JOSEPHINE ST N,2,1,0,2,1,1,,,30,0,0,0,0,0,4,2,16
,2015_15026,0,0,1/13/2015 17:06,17:06,1,0,0,17TH AVE E & QUEBEC ST N,2,3,0,2,1,1,,,30,0,0,0,0,0,4,2,13
,2015_15027,0,0,4/17/2015 9:48,9:48,15,0,0,18TH AVE E & BROADWAY ST N,1,1,0,2,1,1,,,30,0,0,0,0,0,4,2,13
,2015_15028,0,0,8/8/2015 5:27,5:27,6,0,0,35TH AVE W & PECOS ST N,1,3,1,7,1,4,,,25,0,0,0,0,0,4,2,14
,2015_15029,0,0,5/23/2015 18:08,18:08,12,0,1,36TH AVE E & QUEBEC ST N,2,1,0,7,1,1,,,35,0,0,0,0,2,4,2,8
,2015_15030,0,0,3/18/2015 8:45,8:45,12,0,0,38TH AVE & 1700 BLK E,1,1,0,0,1,4,,,35,0,0,0,0,1,4,2,13
,2015_15031,0,0,2/25/2015 14:30,14:30,6,0,0,47TH AVE E & FLANDERS WAY N,6,1,0,2,1,4,,,20,0,0,0,0,0,4,2,7
,2015_15032,0,0,2/13/2015 9:33,9:33,3,0,0,47TH AVE E & IRONTON ST N,1,1,0,0,1,1,,,25,0,0,0,0,0,4,2,13
,2015_15033,0,0,6/25/2015 8:35,8:35,10,0,0,47TH AVE E & KINGSTON ST N,1,1,0,0,1,1,,,25,0,0,0,0,0,4,2,13
,2015_15034,0,0,5/31/2015 13:38,13:38,6,0,0,49TH AVE W & ALCOTT ST N,1,1,1,7,1,4,,,30,0,0,0,0,0,4,2,16
,2015_15035,0,0,6/6/2015 7:00,7:00,6,0,0,51ST AVE E & 385,1,1,0,0,1,4,,,35,0,0,0,0,0,4,2,13
,2015_15036,0,0,2/22/2015 4:45,4:45,15,0,0,51ST AVE E & HAVANA ST N,5,3,0,2,1,1,,,45,0,0,0,0,0,4,2,13
,2015_15037,0,0,1/20/2015 12:41,12:41,3,0,1,51ST AVE E & PEORIA ST N,1,1,1,0,1,1,,,25,0,0,0,0,2,4,2,13
,2015_15038,0,0,6/17/2015 15:03,15:03,1,0,0,56TH AVE E & PENA BLVD,1,1,0,0,1,1,,,40,0,0,0,0,0,4,2,8
,2015_15039,0,0,9/16/2015 10:29,10:29,3,0,0,47TH AVE 12000 BLK E & PEORIA ST N,1,1,0,0,1,2,,,25,0,0,0,0,1,4,2,13
,2015_15040,0,0,10/13/2015 13:43,13:43,9,0,1,ALAMEDA AVE 100 W & BROADWAY S,1,1,0,0,1,4,,,35,0,0,0,1,2,4,2,1
,2015_15041,0,0,6/22/2015 17:29,17:29,12,0,0,ALAMEDA AVE 200 BLK W & CHEROKEE ST S,1,1,0,7,1,4,,,30,0,0,0,0,0,4,2,12
,2015_15042,0,0,7/30/2015 17:25,17:25,3,0,0,ALAMEDA AVE E & S GRANT ST,1,1,0,7,1,1,,,25,0,0,0,0,0,4,3,3
,2015_15043,0,0,7/13/2015 18:15,18:15,1,0,0,ALAMEDA AVE 4200 BLK E & LEETSDALE DR,1,1,0,1,1,1,,,35,0,0,0,0,1,4,2,16
,2015_15044,0,0,5/11/2015 17:57,17:57,3,0,1,ALAMEDA AVE E & NEWPORT WAY S,1,1,0,7,1,1,,,35,0,0,0,0,2,4,2,14
,2015_15045,0,0,2/19/2015 19:01,19:01,15,0,0,ALAMEDA AVE 900 BLK E & OGDEN ST S,1,3,0,7,1,4,,,30,0,0,0,0,0,4,2,16
,2015_15046,0,0,5/9/2015 12:25,12:25,6,0,0,ARKANSAS AVE 2900 BLK W & FEDERAL BLVD S,2,1,0,7,1,2,,,25,0,0,0,0,0,4,2,16
,2015_15047,0,0,10/12/2015 16:50,16:50,12,0,0,ALBROOK DR 12200 BLK E & PEORIA ST N,1,1,1,0,1,4,,,25,0,0,0,0,0,4,2,14
,2015_15048,0,0,1/8/2015 14:20,14:20,8,0,1,ALBROOK DR 14000 BLK E & CARSON ST N,1,1,0,0,1,1,,,25,0,0,0,0,3,4,2,1
,2015_15049,0,0,5/26/2015 15:08,15:08,1,0,0,ALBROOK DR E & PEORIA ST N,1,1,0,0,1,1,,,40,0,0,0,0,0,4,3,13
,2015_15050,0,0,11/9/2015 19:55,19:55,6,0,0,AMHERST AVE W & KNOX CT S,1,3,0,7,1,4,,,25,0,0,0,0,0,4,2,16
,2015_15051,0,0,10/12/2015 20:30,20:30,6,0,0,AMMONS ST & 4900 BLK S,1,3,1,7,1,4,,,30,0,0,0,0,0,4,2,5
,2015_15052,0,0,8/9/2015 6:15,6:15,10,0,0,BRIGHTON BLVD N & 38TH ST,1,1,0,0,1,1,,,35,0,0,0,0,0,4,2,13
,2015_15053,0,0,5/28/2015 5:45,5:45,5,0,1,LOUISIANA AVE & 4100 BLK W,1,2,1,0,2,4,,,25,0,0,0,0,2,4,1,2
,2015_15054,0,0,7/18/2015 19:25,19:25,5,0,0,DARTMOUTH AVE 3700 BLK W & NEWTON ST S,1,1,0,7,3,4,,,30,0,0,0,0,0,4,1,2
,2015_15055,0,0,5/26/2015 15:40,15:40,3,0,0,BROADWAY ST N & 19TH AVE E,1,1,0,7,1,1,,,30,0,0,0,0,0,4,2,16
,2015_15056,0,0,8/14/2015 9:40,9:40,12,0,0,BROADWAY ST S & ILIFF AVE E,1,1,0,7,1,3,,,30,0,0,0,0,0,4,2,16
,2015_15057,0,0,4/23/2015 16:30,16:30,12,0,0,BROADWAY ST N & 18TH ST,1,1,0,7,1,1,,,25,0,0,0,0,0,4,2,16
,2015_15058,0,0,11/23/2015 3:46,3:46,5,0,1,BUCHTEL BLVD E & WASHINGTON ST S,1,3,0,0,2,4,,,30,0,0,0,0,2,4,1,14
,2015_15059,0,0,3/15/2015 16:44,16:44,6,0,0,CALIFORNIA ST 1700 BLK & 18TH ST,1,1,0,7,1,4,,,25,0,0,0,0,0,4,2,16
,2015_15060,0,0,2/14/2015 0:15,0:15,6,0,0,YATES N & 800 BLK,1,3,0,7,1,4,,,25,0,0,0,0,0,4,2,5
,2015_15061,0,0,8/10/2015 17:51,17:51,12,0,0,BROADWAY ST 1500 BLK S & E IOWA AVE,1,1,0,0,1,3,,,30,0,0,0,0,1,4,2,13
,2015_15062,0,0,3/30/2015 6:23,6:23,6,0,0,DAKOTA AVE 1100 BLK E & DOWNING ST S,1,1,0,7,1,5,,,25,0,0,0,0,0,4,2,16
,2015_15063,0,0,6/5/2015 11:29,11:29,3,0,0,DAKOTA AVE E & DOWNING ST S,1,1,0,7,1,1,,,25,0,0,0,0,0,4,2,8
,2015_15064,0,0,7/15/2015 18:12,18:12,3,0,0,DARTMOUTH AVE E & KENTON ST S,1,1,1,7,1,1,,,30,0,0,0,0,1,4,2,15
,2015_15065,0,0,6/25/2015 12:35,12:35,12,0,0,DAYTON ST S & ALAMEDA AVE E,1,1,0,7,1,3,,,40,0,0,0,0,1,4,2,16
,2015_15066,0,0,6/7/2015 19:25,19:25,5,0,0,DECATUR ST S & 590,1,1,0,0,3,4,,,25,0,0,0,0,0,4,1,1
,2015_15067,0,0,1/30/2015 17:55,17:55,6,0,0,DEXTER ST & 888 BLK S,1,2,0,0,1,2,,,30,0,0,0,0,0,4,2,13
,2015_15068,0,0,5/25/2015 15:05,15:05,6,0,0,DEXTER ST S & 1970,1,1,0,0,1,2,,,,0,0,0,0,0,4,2,13
,2015_15069,0,0,9/23/2015 6:30,6:30,6,0,0,DAKOTA AVE 500 BLK E & PEARL ST S,1,5,0,7,1,5,,,25,0,0,0,0,0,4,2,16
,2015_15070,0,0,5/29/2015 18:06,18:06,12,0,0,EVANS AVE & 3000 BLK E,1,1,0,0,1,4,,,35,0,0,0,0,0,4,2,13
,2015_15071,0,0,11/19/2015 13:32,13:32,5,0,0,ELM ST S & MISSOURI AVE E,1,5,0,0,2,4,,,25,0,0,0,0,0,4,1,16
,2015_15072,0,0,2/15/2015 23:25,23:25,15,0,0,EVANS AVE & BROADWAY ST S,4,3,0,2,1,3,,,35,0,0,0,0,0,4,2,13
,2015_15073,0,0,3/17/2015 6:40,6:40,12,0,0,EVANS AVE 1200 BLK E & DOWNING ST S,1,2,0,7,1,3,,,35,0,0,0,0,0,4,2,16
,2015_15074,0,0,1/5/2015 7:56,7:56,12,0,0,EXPOSITION AVE & 3900 BLK E,5,1,1,0,1,2,,,30,0,0,0,0,0,4,2,13
,2015_15075,0,0,1/1/2015 5:53,5:53,6,0,0,EXPOSITION AVE & 4000 BLK W,4,3,0,0,1,4,,,0,0,0,0,0,0,4,2,14
,2015_15076,0,0,6/5/2015 9:23,9:23,12,0,0,EXPOSITION AVE E & STEELE ST S,2,1,0,7,1,3,,,20,0,0,0,0,0,4,2,16
,2015_15077,0,0,12/12/2015 14:25,14:25,3,0,0,GATEWAY AVE E & FONTANA CT N,4,1,0,2,1,1,,,30,0,0,0,0,1,4,2,1
,2015_15078,0,0,7/18/2015 16:00,16:00,6,0,0,ILIFF AVE 5900 BLK E & JASMINE ST S,1,1,0,0,1,4,,,25,0,0,0,0,0,4,3,13
,2015_15079,0,0,7/12/2015 10:50,10:50,3,0,0,IOWA AVE E & UNIVERSITY BLVD S,1,1,0,0,1,1,,,30,0,0,0,0,0,4,2,1
,2015_15080,0,0,1/1/2015 16:00,16:00,12,0,0,IRVING ST S & HARVARD AVE W,5,1,1,2,1,1,,,25,0,0,0,0,0,4,2,7
,2015_15081,0,0,6/4/2015 18:44,18:44,3,0,0,IRVING ST S & NEVADA PL W,1,1,0,7,1,1,,,25,0,0,0,0,1,4,2,16
,2015_15082,0,0,8/11/2015 7:30,7:30,3,0,0,IRVING ST S & TENNESSEE AVE W,1,1,0,0,1,1,,,25,0,0,0,0,0,4,2,13
,2015_15083,0,0,2/5/2015 15:51,15:51,10,0,0,JACKSON ST 300 BLK S & ALAMEDA AVE E,1,1,0,0,1,1,,,25,0,0,0,0,0,4,2,13
,2015_15084,0,0,9/18/2015 19:02,19:02,6,0,0,JACKSON ST & 1000 BLK N,1,2,0,7,1,4,,,25,0,0,0,0,0,4,2,1
,2015_15085,0,0,2/20/2015 18:30,18:30,6,0,0,JOSEPHINE ST 2600 BLK N & 26TH AVE E,2,2,1,7,1,4,,,25,0,0,0,0,0,4,2,16
,2015_15086,0,0,7/10/2015 15:38,15:38,15,0,0,KALAMATH ST & 700 BLK N,1,1,1,0,1,4,,,30,0,0,0,0,0,4,2,13
,2015_15087,0,0,2/18/2015 16:46,16:46,15,0,0,KALAMATH ST 500 BLK N & 5TH AVE W,1,1,0,7,1,4,,,35,0,0,0,0,0,4,2,16
,2015_15089,0,0,1/14/2015 17:43,17:43,6,0,0,KNOX CT 452 N & 5TH AVE W,1,3,0,7,3,4,,,30,0,0,0,0,0,4,3,1
,2015_15090,0,0,1/7/2015 16:12,16:12,14,0,0,KRAMERIA ST N & 13TH AVE E,1,1,0,0,1,2,,,25,0,0,0,0,0,4,2,5
,2015_15091,0,0,8/23/2015 12:05,12:05,12,0,0,LOGAN ST & 1400 BLK N,1,1,0,0,1,4,,,30,0,0,0,0,0,4,2,13
,2015_15092,0,0,3/12/2015 11:25,11:25,1,0,1,LOGAN ST S & EVANS AVE E,1,1,0,0,1,1,,,30,0,0,0,0,2,4,2,13
,2015_15093,0,0,2/17/2015 22:10,22:10,6,0,0,LOGAN ST S & VASSAR AVE E,8,4,0,7,1,4,,,30,0,0,0,0,0,4,4,5
,2015_15094,0,0,2/10/2015 11:00,11:00,3,0,0,LOGAN ST S & YALE AVE E,1,1,0,7,1,1,,,30,0,0,0,0,0,4,2,16
,2015_15095,0,0,3/8/2015 14:34,14:34,6,0,0,LOUISIANA AVE & 7000 BLK E,1,5,0,0,1,4,,,30,0,0,0,0,0,4,2,13
,2015_15096,0,0,7/2/2015 10:30,10:30,6,0,0,LOWELL BLVD & 1300 BLK N,1,1,1,0,1,4,,,25,0,0,0,0,0,4,2,13
,2015_15097,0,0,11/12/2015 18:30,18:30,6,0,0,MILWAUKEE ST 500 BLK N & 6TH AVE E,1,4,1,7,1,4,,,25,0,0,0,0,0,4,2,14
,2015_15098,0,0,1/12/2015 17:45,17:45,3,0,0,PARK VIEW & GLENARM PL,2,3,0,1,1,1,,,25,0,0,0,0,0,4,3,7
,2015_15099,0,0,5/29/2015 18:05,18:05,6,0,0,PEARL ST N & 13TH AVE E,1,1,0,0,1,4,,,25,0,0,0,0,0,4,2,13
,2015_15100,0,0,12/26/2015 19:30,19:30,15,0,0,PENA BLVD & 8200 BLK,2,3,0,0,1,4,,,45,0,0,0,0,0,4,2,8
,2015_15101,0,0,2/21/2015 16:21,16:21,12,0,0,PENA BLVD 7400 BLK & 7400 BLK,5,1,0,2,1,4,,,65,0,0,0,0,0,4,2,8
,2015_15102,0,0,5/8/2015 14:11,14:11,15,0,0,PENA BLVD 7600 BLK & E-470,2,1,0,1,1,4,,,65,0,0,0,0,0,4,2,14
,2015_15103,0,0,4/8/2015 11:03,11:03,15,0,0,PENA BLVD 8400 BLK & 8400 BLK,1,1,0,0,1,4,,,10,0,0,0,0,0,4,2,8
,2015_15104,0,0,9/19/2015 3:00,3:00,6,0,0,PEARL ST 1300 BLK N & 14TH AVE E,1,3,0,7,1,4,,,25,0,0,0,0,0,4,3,16
,2015_15105,0,0,4/1/2015 12:32,12:32,1,0,0,PEORIA ST N & 44TH AVE E,1,1,0,0,1,1,,,40,0,0,0,0,1,4,2,13
,2015_15106,0,0,1/23/2015 8:00,8:00,12,0,0,PEORIA ST N & 51ST AVE E,1,1,0,0,1,1,,,40,0,0,0,0,0,4,2,13
,2015_15107,0,0,6/16/2015 17:44,17:44,12,0,0,PERRY ST N & 10TH AVE W,1,1,1,0,1,1,,,30,0,0,0,0,1,4,2,13
,2015_15108,0,0,4/13/2015 0:01,0:01,6,0,0,PIERCE ST & 2865 S,1,3,0,0,1,2,,,25,0,0,0,0,0,4,2,14
,2015_15109,0,0,10/11/2015 17:00,17:00,6,0,0,PENSYLVANIA ST N & 45TH AVE W,1,1,0,7,1,4,,,25,0,0,0,0,0,4,2,14
,2015_15110,0,0,2/10/2015 17:00,17:00,12,0,0,QUEBEC ST N & 17TH AVE E,1,1,0,7,1,4,,,35,0,0,0,0,0,4,3,16
,2015_15111,0,0,2/5/2015 17:58,17:58,3,0,0,QUEBEC ST 2000 BLK N & 21ST AVE E,1,3,0,0,1,1,,,30,0,0,0,0,1,4,2,7
,2015_15112,0,0,5/17/2015 19:25,19:25,15,0,0,QUEBEC ST N & 38TH AVE E,1,1,1,0,1,4,,,40,0,0,0,0,0,4,2,14
,2015_15113,0,0,8/1/2015 23:30,23:30,5,0,0,QUEBEC ST S & CEDAR PL E,1,3,0,7,2,1,,,45,0,0,0,0,0,4,1,5
,2015_15114,0,0,5/7/2015 15:39,15:39,3,0,0,RINGSBY CT & 3400 BLK,1,1,1,0,1,2,,,35,0,0,0,0,1,4,2,13
,2015_15115,0,0,8/12/2015 7:48,7:48,12,0,0,RIO GRANDE BLVD 285 N & 3RD AVE E,1,1,0,0,1,2,,,25,0,0,0,0,0,4,2,13
,2015_15116,0,0,3/15/2015 0:53,0:53,11,0,1,14TH ST & CHAMPA ST,1,3,0,0,1,1,,,35,0,1,0,0,3,4,2,13
,2015_15117,0,0,5/4/2015 20:25,20:25,11,0,1,14TH ST & CURTIS ST,2,3,0,1,1,1,,,,0,1,0,0,3,4,2,13
,2015_15118,0,0,6/19/2015 16:56,16:56,15,0,0,15TH ST 700 BLK & STOUT ST,1,1,0,7,1,4,,,30,0,0,0,0,0,4,2,16
,2015_15119,0,0,7/3/2015 0:14,0:14,12,0,0,15TH ST & STOUT ST,1,3,1,7,1,3,,,25,0,0,0,0,0,4,2,14
,2015_15120,0,0,3/7/2015 16:48,16:48,3,0,0,19TH ST & ARAPAHOE ST,1,1,0,7,1,1,,,30,0,0,0,0,0,4,2,7
,2015_15121,0,0,10/8/2015 17:13,17:13,11,0,0,15TH ST & CHAMPA ST,1,1,0,0,1,5,,,10,0,1,0,0,1,4,2,7
,2015_15122,0,0,10/9/2015 13:38,13:38,6,0,0,15TH ST & 1600 BLK,1,1,0,7,1,4,,,25,0,0,0,0,0,4,2,16
,2015_15123,39.715716,-105.025139,1/1/2015 20:05,20:05,5,0,0,FEDERAL BLVD S & ARCHER PL W,4,3,1,2,2,1,,,35,0,0,0,0,1,2,1,5
,2015_15124,0,0,3/31/2015 20:00,20:00,6,0,0,22ND ST 800 BLK & STOUT ST,1,2,0,7,1,4,,,30,0,0,0,0,0,4,2,14
,2015_15125,0,0,4/23/2015 14:13,14:13,3,0,0,26TH ST 1200 BLK & LARIMER ST,1,1,0,7,1,5,,,30,0,0,0,0,0,4,2,16
,2015_15126,0,0,6/8/2015 20:37,20:37,6,0,0,27TH ST & CURTIS ST,1,3,0,7,1,4,,,25,0,0,0,0,0,4,2,4
,2015_15127,0,0,5/5/2015 7:28,7:28,12,0,0,SPEER BLVD 3000 BLK N & FEDERAL BLVD N,1,1,1,7,1,4,,,35,0,0,0,0,0,4,4,16
,2015_15128,0,0,4/17/2015 20:48,20:48,10,0,0,SPEER BLVD E & GRANT ST N,1,3,1,0,1,1,,,30,0,0,0,0,0,4,2,7
,2015_15129,0,0,1/11/2015 21:46,21:46,12,0,0,SPEER BLVD N & STOUT ST,1,3,0,7,1,1,,,35,0,0,0,0,0,4,2,5
,2015_15130,0,0,5/7/2015 14:05,14:05,15,0,0,SPEER BLVD N & STOUT ST,1,1,0,0,1,1,,,25,0,0,0,0,0,4,2,13
,2015_15131,0,0,3/20/2015 12:32,12:32,1,0,1,SPEER BLVD N & WEWATTA ST,1,1,0,0,1,1,,,35,0,0,0,0,2,4,2,13
,2015_15132,0,0,1/13/2015 21:40,21:40,6,0,3,ULSTER ST S & UNION AVE E,2,3,0,7,1,4,,,30,0,0,0,0,3,4,2,2
,2015_15133,0,0,11/6/2015 8:10,8:10,12,0,0,TOWER RD & 56TH AVE E,1,1,0,0,1,4,,,40,0,0,0,0,0,4,2,14
,2015_15134,0,0,1/6/2015 7:18,7:18,5,0,0,UNIVERSITY BLVD S & ASBURY AVE E,5,2,0,7,3,1,,,30,0,0,0,0,0,4,1,16
,2015_15135,0,0,7/12/2015 19:22,19:22,5,0,0,6TH AVE WB ON RAMP & OSAGE ST N,1,1,0,0,2,8,,,15,0,0,0,0,1,2,1,4
,2015_15136,0,0,8/30/2015 17:15,17:15,12,0,0,UNIVERSITY BLVD 2000 BLK & EVANS AVE E,1,1,0,0,1,4,,,30,0,0,0,0,0,4,2,13
,2015_15137,0,0,2/4/2015 8:10,8:10,3,0,0,UNIVERSITY BLVD S & FLORIDA AVE E,5,1,0,2,1,1,,,35,0,0,0,0,0,4,2,13
,2015_15138,0,0,3/27/2015 13:30,13:30,12,0,0,UNIVERSITY BLVD 2600 BLK S & YALE AVE E,1,1,0,0,1,4,,,30,0,0,0,0,0,4,4,1
,2015_15139,0,0,5/10/2015 22:43,22:43,12,0,0,UNIVERSITY BLVD S & YALE AVE E,1,3,0,7,1,4,,,35,0,0,0,0,0,4,2,5
,2015_15140,0,0,5/6/2015 19:30,19:30,6,0,0,VRAIN ST & 850 BLK S,1,1,0,0,1,4,,,25,0,0,0,0,0,4,3,13
,2015_15141,0,0,7/13/2015 16:02,16:02,15,0,0,WALNUT ST & 27TH ST,1,1,0,7,1,4,,,30,0,0,0,0,0,4,2,16
,2015_15143,0,0,11/11/2015 2:38,2:38,11,0,0,WAZEE ST & 19TH ST,4,3,0,2,1,1,,,30,0,1,0,0,1,4,2,1
,2015_15144,0,0,1/22/2015 14:01,14:01,3,0,0,YALE AVE 5353 BLK E & VALLEY RD S,1,1,1,0,1,2,,,35,0,0,0,0,0,4,2,13
,2015_15260,39.75101,-104.940599,11/4/2015 11:12,11:12,5,0,0,23RD AVE E & COLORADO BLVD N,1,1,0,0,3,1,,,35,0,0,0,0,0,2,2,16
,2015_15268,39.725655,-105.053326,2/16/2015 17:38,17:38,15,0,0,6TH AVE W & SHERIDAN BLVD,6,3,1,2,1,4,,,65,0,0,0,0,1,2,2,14
,2015_15269,39.725548,-105.034905,9/10/2015 5:43,5:43,9,0,1,6TH AVE FRONTAGE RD W & LOWELL BLVD N,1,2,1,0,1,1,,,30,0,0,0,1,3,4,1,3
,2015_15270,39.725651,-105.049943,2/20/2015 12:25,12:25,15,0,0,6TH AVE W & SHERIDAN BLVD N,1,1,0,0,1,8,,,55,0,0,0,0,0,2,2,13
,2015_15271,39.725598,-105.044263,2/11/2015 17:45,17:45,12,0,0,6TH AVE W & TENNYSON ST,1,1,0,0,1,4,,,25,0,0,0,0,0,2,3,13
,2015_15272,39.725579,-105.039958,4/27/2015 14:10,14:10,15,0,0,6TH AVE W & PERRY ST N,1,1,1,0,1,4,,,45,0,0,0,0,0,2,2,1
,2015_15273,39.725553,-105.036205,5/11/2015 21:59,21:59,12,0,0,6TH AVE W & MEADE ST N,1,3,1,0,1,4,,,55,0,0,0,0,1,2,3,13
,2015_15274,39.790815,-104.941496,3/30/2015 14:19,14:19,15,0,0,52ND AVE E & VASQUEZ BLVD N,1,1,0,0,1,1,,,45,0,0,0,0,0,2,2,13
,2015_15306,39.628413,-104.904125,7/1/2015 7:52,7:52,12,0,0,I-25 & UNION AVE E,1,1,0,0,1,4,,,65,0,0,0,0,0,1,2,7
,2015_15307,39.634235,-104.90683,7/15/2015 7:45,7:45,12,0,0,I-25 & I-225 FLYOVER,1,1,0,0,1,4,,,65,0,0,0,0,0,1,2,13
,2015_15309,39.72543,-105.013021,6/27/2015 17:00,17:00,12,0,0,I-25 & 6TH AVE W,1,1,0,0,1,4,,,55,0,0,0,0,0,1,2,13
,2015_15310,39.731543,-105.015521,5/22/2015 14:49,14:49,12,0,0,I-25 & MULBERRY PL W,1,1,1,0,1,4,,,55,0,0,0,0,0,1,2,13
,2015_15311,39.74035,-105.013939,1/14/2015 18:11,18:11,12,0,0,I-25 & COLFAX AVE W,1,3,1,0,1,4,,,55,0,0,0,0,0,1,2,13
,2015_15312,39.74035,-105.013939,3/26/2015 16:50,16:50,12,0,0,I-25 & COLFAX AVE,1,1,0,0,1,4,,,55,0,0,0,0,0,1,2,13
,2015_15313,39.746806,-105.018163,2/12/2015 11:34,11:34,12,0,0,I-25 & 17TH AVE,1,1,0,0,1,4,,,55,0,0,0,0,1,1,2,14
,2015_15314,39.760997,-105.004275,7/20/2015 19:58,19:58,15,0,0,I-25 & 20TH ST,1,2,0,0,1,4,,,55,0,0,0,0,0,1,2,2
,2015_15315,39.755141,-105.012706,8/6/2015 13:56,13:56,5,0,0,I-25 & SPEER BLVD N,1,1,0,0,1,4,,,65,0,0,0,1,0,1,3,13
,2015_15316,39.756632,-105.010645,10/20/2015 22:50,22:50,12,0,0,I-25 & SPEER BLVD SB OFF RAM,2,3,0,1,1,4,,,55,0,0,0,0,1,1,3,16
,2015_15317,39.778106,-104.989193,2/3/2015 13:20,13:20,12,0,0,I-25 & I-70,1,1,0,0,1,8,,,55,0,0,0,0,0,1,2,13
,2015_15318,39.760997,-105.004275,12/11/2015 17:57,17:57,12,0,0,20TH ST & I-25,1,3,1,0,1,1,,,30,0,0,0,0,0,1,3,13
,2015_15338,39.711155,-105.022584,5/4/2015 16:15,16:15,1,0,0,ALAMEDA AVE W & DECATUR ST S,1,1,1,0,1,1,,,35,0,0,0,0,1,2,2,1
,2015_15339,39.65305,-104.884354,8/2/2015 10:15,10:15,15,0,0,HAMPDEN AVE 8900 BLK E & YOSEMITE ST S,1,1,0,0,1,3,,,45,0,0,0,0,0,2,2,14
,2015_15340,39.7112,-104.999749,6/27/2015 10:44,10:44,2,0,0,ALAMEDA AVE W & I-25,1,1,0,0,1,1,,,30,1,0,0,0,0,2,2,13
,2015_15341,39.653078,-104.898771,4/1/2015 7:25,7:25,12,0,0,HAMPDEN AVE E & TAMARAC DR S,1,1,1,0,1,3,,,40,0,0,0,0,0,2,2,13
,2015_15342,39.653111,-104.90368,6/2/2015 15:34,15:34,12,0,0,POPLAR ST S & HAMPDEN AVE E,1,1,0,0,1,4,,,40,0,0,0,0,0,2,2,3
,2015_15343,39.653025,-104.88149,6/18/2015 15:18,15:18,12,0,0,HAMPDEN AVE E & AKRON ST S,1,1,0,0,1,4,,,45,0,0,0,0,0,2,4,3
,2015_15344,39.653022,-104.877046,4/22/2015 22:01,22:01,15,0,0,HAMPDEN AVE E & DAYTON ST S,1,3,0,0,1,4,,,35,0,0,0,0,0,2,2,13
,2015_15345,39.670857,-104.866047,4/26/2015 7:57,7:57,12,0,0,HAVANA ST S & PARKER RD S,2,1,1,1,1,1,,,45,0,0,0,0,0,2,2,7