id,drcog_id,latitude,longitude,crashtime,time,crashtype,numbkilled,numbinjurd,drcoglocat,rdconditin,lightngcon,roadcntgrd,weatherco,location,roaddescrp,schoolzone,constrzone,splimit,bikeinv,pedinv,sctrinv,motoinv,svrty,rdsystem,ttlvehcls,hcf
,2015_15355,39.777393,-104.903402,1/9/2015 12:22,12:22,12,0,0,QUEBEC ST N & I-70,5,1,1,0,1,4,,,40,0,0,0,0,0,2,2,13
,2015_15372,39.740009,-104.97298,3/22/2015 14:10,14:10,15,0,0,DOWNING ST N (RD N) & COLFAX AVE E,1,1,0,0,1,3,,,30,0,0,0,0,0,2,2,13
,2015_15377,39.740338,-105.042864,1/6/2015 18:40,18:40,12,0,0,COLFAX AVE 4300 W & STUART ST N,1,3,0,0,1,4,,,30,0,0,0,0,1,2,2,13
,2015_15379,39.740035,-104.998869,1/16/2015 15:59,15:59,15,0,0,COLFAX AVE W & SPEER BLVD N,1,1,1,0,1,1,,,30,0,0,0,0,1,2,2,13
,2015_15380,39.740035,-104.998869,3/11/2015 9:20,9:20,15,0,0,SPEER BLVD & COLFAX AVE W,1,1,0,0,1,1,,,35,0,0,0,0,0,2,2,13
,2015_15381,39.740025,-104.998126,8/3/2015 17:29,17:29,15,0,0,SPEER BLVD N & COLFAX AVE E,1,1,0,0,1,1,,,35,0,0,0,0,0,2,2,13
,2015_15382,39.740001,-104.97703,2/27/2015 16:59,16:59,14,0,0,COLFAX AVE 800 BLK E & CLARKSON ST N,5,1,0,2,1,4,,,35,0,0,0,0,1,2,2,13
,2015_15383,39.740144,-104.948426,4/14/2015 7:50,7:50,3,0,0,COLFAX AVE E & ADAMS ST N (RD S),1,1,0,0,1,1,,,30,0,0,0,0,1,2,2,7
,2015_15384,39.740074,-104.917594,2/2/2015 17:00,17:00,12,0,0,COLFAX AVE E & KEARNEY ST N,1,1,0,0,1,1,,,35,0,0,0,0,0,2,2,13
,2015_15385,39.778167,-104.9055,4/12/2015 6:34,6:34,9,1,0,I-70 EB OFF RAMP & NORTHFIELD QUEBEC ST,1,3,1,0,2,8,,,55,0,0,0,1,4,1,1,2
,2015_15389,39.740082,-104.89527,8/28/2015 14:40,14:40,15,0,0,COLFAX AVE E & TAMARAC ST N,1,1,0,0,1,1,,,35,0,0,0,0,0,2,2,14
,2015_15416,39.78356,-105.053209,3/16/2015 8:34,8:34,15,0,0,I-70 & SHERIDAN BLVD N,1,1,0,0,1,4,,,55,0,0,0,0,0,1,2,13
,2015_15417,39.783357,-105.034565,6/16/2015 15:55,15:55,5,0,0,I-70 & LOWELL BLVD N,1,1,0,0,2,4,,,55,0,0,0,0,0,1,1,7
,2015_15418,39.783246,-105.008064,7/16/2015 18:12,18:12,12,0,0,I-70 & PECOS ST N,1,1,0,0,1,4,,,55,0,0,0,0,1,1,3,13
,2015_15419,39.783138,-105.006328,3/19/2015 18:49,18:49,12,0,0,PECOS ST N & 48TH AVE,1,1,0,0,1,6,,,15,0,0,0,0,0,1,2,1
,2015_15420,39.783138,-105.006328,3/27/2015 19:29,19:29,3,0,0,I-70 WB RAMPS & PECOS ST N,1,3,0,0,1,6,,,15,0,0,0,0,0,1,2,13
,2015_15421,39.779435,-104.979009,11/13/2015 16:16,16:16,15,0,0,I-70 & WASHINGTON ST,1,1,0,0,1,4,,,55,0,0,0,0,0,1,3,1
,2015_15422,39.783477,-105.002747,6/12/2015 21:43,21:43,5,0,0,I-70 & PECOS ST N,1,3,0,0,2,4,,,65,0,0,0,0,0,1,1,5
,2015_15423,39.779719,-104.983712,1/31/2015 20:38,20:38,5,0,0,I-70 & WASHINGTON ST N,1,4,1,0,2,8,,,50,0,0,0,0,0,1,1,5
,2015_15424,39.775669,-104.866308,7/17/2015 14:36,14:36,12,0,0,I-70 & HAVANA ST N,1,1,0,0,1,4,,,55,0,0,0,0,1,1,4,1
,2015_15425,39.774068,-104.847761,2/2/2015 11:17,11:17,12,0,0,I-70 EB OFF RAMP SPLIT & PEORIA ST N,2,1,0,0,1,8,,,35,0,0,0,0,0,1,2,13
,2015_15436,39.674737,-104.870699,2/14/2015 13:27,13:27,12,0,0,PARKER RD S & ILIFF AVE E,1,1,0,0,1,4,,,40,0,0,0,0,0,2,2,13
,2015_15443,39.674531,-104.870439,8/3/2015 0:25,0:25,15,0,0,PARKER RD 2300 BLK S & ILIFF AVE E,1,3,0,0,1,3,,,45,0,0,0,0,0,2,2,13
,2015_15444,39.674635,-104.870568,3/9/2015 12:15,12:15,12,0,0,PARKER RD 2300 BLK S & ILIFF AVE E,1,1,0,0,1,3,,,35,0,0,0,0,0,2,2,13
,2015_15453,0,0,5/27/2015 13:39,13:39,5,0,0,13TH AVE E & MONACO PKWY N,1,1,0,0,2,3,,,30,0,0,0,0,0,4,1,13
,2015_15458,39.687549,-104.99194,3/3/2015 13:52,13:52,12,0,0,SANTA FE DR 1600 BLK S & IOWA AVE W,1,1,0,2,1,3,,,45,0,0,0,0,0,2,2,3
,2015_15461,39.725983,-105.025128,1/12/2015 9:45,9:45,3,0,0,FEDERAL BLVD N & 6TH AVE WB OFF RAMP,2,1,0,0,1,1,,,30,0,0,0,0,0,2,2,14
,2015_15462,39.725493,-105.025119,2/4/2015 15:00,15:00,12,0,0,FEDERAL BLVD N & 6TH AVE W,1,1,0,0,1,4,,,35,0,0,0,0,0,2,2,13
,2015_15463,39.725039,-105.02512,5/15/2015 14:50,14:50,3,0,0,FEDERAL BLVD N & 6TH AVE W,1,1,0,0,1,1,,,25,0,0,0,0,0,2,2,1
,2015_15464,39.722401,-105.025201,6/18/2015 15:15,15:15,15,0,0,FEDERAL BLVD N & SHORT PL W,1,1,0,0,1,4,,,40,0,0,0,0,0,2,2,1
,2015_15465,39.739568,-105.025296,12/19/2015 11:00,11:00,5,0,1,FEDERAL BLVD N & COLFAX AVE W,1,1,1,0,2,4,,,35,0,0,0,0,2,2,1,13
,2015_15466,39.70678,-105.025084,6/1/2015 3:00,3:00,12,0,0,FEDERAL BLVD 500 BLK S & CUSTER PL W,1,3,0,0,1,4,,,40,0,0,0,0,0,2,2,1
,2015_15467,39.716613,-105.025129,5/3/2015 19:35,19:35,12,0,0,FEDERAL BLVD S & ELLSWORTH AVE W,1,1,1,0,1,3,,,35,0,0,0,0,0,2,2,14
,2015_15468,39.703863,-105.025084,7/6/2015 21:58,21:58,1,0,0,FEDERAL BLVD S & EXPOSITION AVE W,2,3,0,1,1,1,,,25,0,0,0,0,0,2,2,13
,2015_15469,39.696764,-105.025061,4/29/2015 15:25,15:25,1,0,0,FEDERAL BLVD S & MISSISSIPPI AVE W,1,1,0,0,1,1,,,40,0,0,0,0,0,2,2,7
,2015_15470,39.696764,-105.025061,5/9/2015 0:30,0:30,12,0,0,MISSISSIPPI AVE W & FEDERAL BLVD S,2,3,0,1,1,4,,,35,0,0,0,0,0,2,2,13
,2015_15471,39.696764,-105.025061,6/16/2015 13:10,13:10,15,0,0,FEDERAL BLVD S & MISSISSIPPI AVE W,1,1,0,0,1,3,,,40,0,0,0,0,0,2,2,3
,2015_15472,39.695579,-105.025066,3/15/2015 14:03,14:03,3,0,0,FEDERAL BLVD 1100 BLK S & MISSISSIPPI AVE W,1,1,0,0,1,2,,,40,0,0,0,0,0,2,3,14
,2015_15473,39.693099,-105.025036,11/7/2015 17:31,17:31,11,0,0,FEDERAL BLVD S & LOUISIANA AVE W,1,3,0,0,1,1,,,30,0,1,0,0,1,2,2,16
,2015_15474,39.689552,-105.02506,7/27/2015 3:43,3:43,11,0,1,FEDERAL BLVD S & FLORIDA AVE W,1,3,1,0,1,1,,,35,0,1,0,0,3,2,2,3
,2015_15475,39.684491,-105.025016,6/25/2015 18:00,18:00,12,0,1,FEDERAL BLVD S & COLORADO AVE W,1,1,1,0,1,4,,,40,0,0,0,0,2,2,2,2
,2015_15489,39.718463,-105.053276,8/14/2015 1:46,1:46,12,0,0,SHERIDAN BLVD N & 1ST AVE W,1,3,0,7,1,1,,,35,0,0,0,0,1,2,2,16
,2015_15491,39.743966,-105.053226,4/3/2015 14:45,14:45,3,0,0,SHERIDAN BLVD N & 17TH AVE W,1,1,0,0,1,3,,,30,0,0,0,0,0,2,2,5
,2015_15516,39.629865,-105.087057,1/23/2015 16:59,16:59,3,0,0,WADSWORTH BLVD S & LAYTON AVE W,1,2,0,0,1,1,,,40,0,0,0,0,0,2,3,10
,2015_15517,0,0,7/3/2015 2:02,2:02,5,0,1,1ST AVE 2500 BLK E & UNIVERSITY BLVD N,1,3,0,0,3,4,,,30,0,0,0,0,2,4,1,5
,2015_15518,39.629993,-105.086928,8/14/2015 7:00,7:00,12,0,1,4700 BLK S WADSWORTH BLVD & W LAYTON AVE,1,1,0,7,1,3,,,45,0,0,0,0,2,2,2,12
,2015_15519,39.635297,-105.082331,2/9/2015 15:25,15:25,3,0,0,WADSWORTH BLVD S & STANFORD AVE W,1,1,0,0,1,1,,,45,0,0,0,0,0,2,2,13
,2015_15520,39.63874,-105.081612,4/26/2015 22:19,22:19,3,0,0,QUINCY AVE W & WADSWORTH BLVD S,2,3,0,1,1,1,,,45,0,0,0,0,0,2,2,1
,2015_15564,39.789374,-105.025201,11/1/2015 1:20,1:20,15,0,0,FEDERAL BLVD & 51ST AVE W,1,3,0,0,1,4,,,35,0,0,0,0,0,2,2,5
,2015_15565,39.787435,-105.025221,2/18/2015 12:45,12:45,12,0,0,FEDERAL BLVD N & REGIS BLVD W,1,1,0,0,1,1,,,45,0,0,0,0,0,2,2,13
,2015_15566,39.791115,-105.025181,1/11/2015 17:47,17:47,12,0,0,FEDERAL BLVD N & 52ND AVE W,1,3,0,0,1,1,,,35,0,0,0,0,0,2,2,5
,2015_15567,39.787612,-105.025221,12/7/2015 17:31,17:31,12,0,0,FEDERAL BLVD N & 50TH AVE W,1,3,0,0,1,4,,,35,0,0,0,0,1,2,3,13
,2015_15713,0,0,2/3/2015 8:20,8:20,13,0,0,26TH AVE E & KEARNEY ST N,1,1,0,0,1,1,,,30,0,0,0,0,1,4,2,13
,2015_15717,0,0,2/26/2015 17:49,17:49,3,0,0,2ND AVE W & GALAPAGO N,4,1,0,2,1,1,,,30,0,0,0,0,1,4,3,13
,2015_15726,0,0,6/15/2015 9:40,9:40,6,0,0,OGDEN ST 00 BLK N & ELLSWORTH AVE E,1,1,0,7,1,4,,,25,0,0,0,0,0,4,2,14
,2015_15733,0,0,1/23/2015 14:30,14:30,6,0,0,4TH AVE W & FEDERAL BLVD N,1,1,0,0,1,3,,,25,0,0,0,0,0,4,2,1
,2015_15734,0,0,4/6/2015 9:43,9:43,3,0,0,13TH AVE W & LIPAN ST N,1,1,0,7,1,1,,,30,0,0,0,0,1,4,2,14
,2015_15735,0,0,7/22/2015 18:24,18:24,3,0,0,13TH AVE & MARION ST N,1,1,0,7,1,1,,,30,0,0,0,0,0,4,2,16
,2015_15736,0,0,12/20/2015 7:03,7:03,6,0,0,13TH AVE E & FILLMORE ST N,2,1,0,7,1,4,,,30,0,0,0,0,0,4,2,16
,2015_15737,0,0,9/28/2015 21:50,21:50,3,0,0,9TH AVE E & LINCOLN ST N,1,3,0,0,1,3,,,30,0,0,0,0,0,4,2,8
,2015_15738,0,0,2/3/2015 15:32,15:32,3,0,0,14TH AVE W & DOWNING ST N,1,1,0,0,1,1,,,0,0,0,0,0,0,4,2,13
,2015_15739,0,0,4/1/2015 15:18,15:18,15,0,0,14TH AVE W & N ELATI ST,1,1,0,7,1,1,,,30,0,0,0,0,0,4,2,16
,2015_15740,0,0,8/19/2015 16:20,16:20,12,0,0,14TH AVE E & HARRISON ST N,1,1,0,7,1,1,,,30,0,0,0,0,0,4,2,16
,2015_15741,0,0,6/30/2015 22:17,22:17,5,0,0,22ND AVE W & 2798,1,4,0,0,3,5,,,5,0,0,0,0,0,4,1,2
,2015_15742,0,0,4/9/2015 2:45,2:45,6,0,0,23RD AVE W & LOWELL BLVD N,1,3,0,7,1,4,,,25,0,0,0,0,0,4,3,5
,2015_15743,0,0,4/20/2015 12:45,12:45,2,0,0,25TH AVE E & DOWNING ST N,1,1,0,0,1,1,,,25,1,0,0,0,1,4,2,3
,2015_15744,0,0,5/17/2015 10:40,10:40,3,0,1,26TH AVE E & ALBION ST N,1,1,0,7,1,1,,,30,0,0,0,0,2,4,2,16
,2015_15745,0,0,8/14/2015 13:45,13:45,6,0,0,18TH AVE 1200 BLK E & LAFAYETTE ST N,1,1,0,0,1,4,,,30,0,0,0,0,0,4,2,13
,2015_15746,0,0,2/11/2015 16:03,16:03,11,0,0,35TH AVE E & JASMINE ST N,1,1,0,0,1,1,,,25,0,1,0,0,1,4,2,13
,2015_15747,0,0,11/23/2015 5:45,5:45,6,0,0,26TH AVE & WELTON ST,1,1,0,0,1,4,,,25,0,0,0,0,0,4,2,14
,2015_15748,0,0,4/7/2015 16:43,16:43,15,0,0,37TH AVE E & DOWNING ST N,1,1,1,7,1,4,,,30,0,0,0,0,0,4,2,16
,2015_15749,0,0,8/5/2015 14:50,14:50,3,0,0,38TH AVE W & ZUNI ST N,1,1,0,7,1,1,,,35,0,0,0,0,0,4,2,16
,2015_15750,0,0,5/12/2015 15:42,15:42,12,0,0,40TH AVE E & COOK ST N,1,1,1,7,1,4,,,35,0,0,0,0,0,4,3,16
,2015_15751,0,0,1/21/2015 17:30,17:30,12,0,0,44TH AVE W & RALEIGH ST N,5,3,0,2,1,3,,,35,0,0,0,0,0,4,2,16
,2015_15752,0,0,1/17/2015 14:30,14:30,12,0,0,47TH AVE 10400 BLK E & HAVANA ST N,1,1,0,7,1,4,,,25,0,0,0,0,0,4,2,16
,2015_15753,0,0,3/31/2015 13:00,13:00,12,0,0,47TH AVE E & PEORIA ST N,1,1,0,7,1,4,,,35,0,0,0,0,0,4,2,16
,2015_15754,0,0,9/23/2015 7:54,7:54,10,0,0,45TH AVE E & ARGONNE ST N,1,1,0,0,1,1,,,25,0,0,0,0,0,4,2,13
,2015_15755,0,0,6/28/2015 10:55,10:55,10,0,0,52ND AVE W & ELM CT N,1,1,0,0,1,1,,,30,0,0,0,0,0,4,2,1
,2015_15756,0,0,11/22/2015 10:16,10:16,9,0,1,PENA BLVD & 8200 BLK,1,1,0,0,1,4,,,45,0,0,0,0,2,4,2,1
,2015_15757,0,0,4/30/2015 13:05,13:05,3,0,2,56TH AVE E & DALLAS ST N,1,1,0,0,1,1,,,45,0,0,0,0,3,4,2,13
,2015_15758,0,0,6/21/2015 1:30,1:30,5,0,0,56TH AVE E & DALLAS ST N,1,3,0,0,2,4,,,55,0,0,0,0,0,4,1,13
,2015_15759,0,0,5/29/2015 16:50,16:50,1,0,0,71ST AVE E & TOWER RD N,2,1,0,1,1,1,,,40,0,0,0,0,0,4,2,13
,2015_15760,0,0,2/20/2015 21:05,21:05,12,0,0,78TH AVE 23700 BLK E & CALAWBA CT,2,3,0,2,1,2,,,45,0,0,0,0,0,4,2,8
,2015_15761,0,0,4/3/2015 14:50,14:50,5,0,0,AKRON WAY N & 10TH DR E,1,1,0,0,2,4,,,25,0,0,0,0,0,4,1,13
,2015_15762,0,0,7/11/2015 21:12,21:12,6,0,0,ACOMA ST N 267 & 3RD AVE W,1,3,0,0,1,4,,,25,0,0,0,0,0,4,2,13
,2015_15763,0,0,3/20/2015 9:43,9:43,15,0,0,ALAMEDA AVE E & CLINTON ST S,1,1,0,7,1,4,,,40,0,0,0,0,0,4,3,16
,2015_15764,0,0,7/10/2015 9:55,9:55,12,0,0,ALAMEDA AVE E & CLINTON ST S,1,1,0,7,1,4,,,40,0,0,0,0,0,4,2,16
,2015_15765,0,0,2/21/2015 4:00,4:00,6,0,0,ARIZONA AVE E & BROADWAY ST S,5,4,0,2,1,4,,,25,0,0,0,0,0,4,3,16
,2015_15766,0,0,7/31/2015 6:40,6:40,1,0,2,ALAMEDA AVE E & QUEBEC ST S,1,1,0,0,1,1,,,35,0,0,0,0,2,4,2,13
,2015_15767,0,0,5/28/2015 0:15,0:15,1,0,0,ALAMEDA AVE W & SANTA FE DR S,1,3,0,7,1,1,,,30,0,0,0,0,0,4,2,16
,2015_15768,0,0,7/26/2015 3:39,3:39,1,0,0,ALAMEDA AVE W & SANTA FE DR S,1,3,0,0,1,1,,,30,0,0,0,0,0,4,2,13
,2015_15769,0,0,6/18/2015 10:53,10:53,14,0,0,ALAMEDA AVE 200 BLK E & SHERMAN ST S,1,1,0,0,1,1,,,30,0,0,0,0,0,4,2,13
,2015_15770,0,0,2/6/2015 2:06,2:06,1,0,0,ALAMEDA AVE E & UNIVERSITY BLVD S,1,3,0,7,1,1,,,30,0,0,0,0,0,4,2,3
,2015_15771,0,0,1/3/2015 14:24,14:24,12,0,0,ALAMEDA AVE E & WASHINGTON ST S,4,1,1,2,1,3,,,30,0,0,0,0,0,4,2,8
,2015_15772,0,0,8/3/2015 13:22,13:22,3,0,0,AMMONS ST 4300 BLK S & QUINCY AVE W,1,1,0,7,1,2,,,35,0,0,0,0,1,4,2,14
,2015_15773,0,0,4/28/2015 14:25,14:25,3,0,0,ASBURY AVE E & ST PAUL ST S,1,1,0,0,1,1,,,25,0,0,0,0,0,4,2,13
,2015_15774,0,0,2/1/2015 12:30,12:30,6,0,0,BEACH CT & 1300 BLK S,2,1,0,0,3,4,,,30,0,0,0,0,0,4,2,5
,2015_15775,0,0,2/16/2015 13:15,13:15,1,0,0,BOLLING DR E & 51ST AVE E,9,1,0,2,1,1,,,25,0,0,0,0,0,4,2,13
,2015_15776,0,0,7/29/2015 6:59,6:59,15,0,0,BRIGHTON BLVD & 3800 BLK N,1,1,0,7,1,3,,,30,0,0,0,0,0,4,2,14
,2015_15777,0,0,4/20/2015 17:25,17:25,12,0,0,BROADWAY ST & 800 BLK N,1,1,0,0,1,3,,,35,0,0,0,0,0,4,3,1
,2015_15778,0,0,5/23/2015 14:35,14:35,10,0,0,BROADWAY ST S & CEDAR AVE E,1,1,0,0,1,1,,,30,0,0,0,0,0,4,2,13
,2015_15779,0,0,5/15/2015 17:00,17:00,15,0,0,BROADWAY ST 600 BLK S & EXPOSITION AVE E,1,1,0,7,1,4,,,30,0,0,0,0,0,4,2,16
,2015_15780,0,0,1/7/2015 8:29,8:29,12,0,0,BROADWAY ST 2200 BLK S & ILIFF AVE E,5,1,0,2,1,4,,,30,0,0,0,0,0,4,2,7
,2015_15781,0,0,1/25/2015 1:19,1:19,12,0,0,BROADWAY ST N & IRVINGTON PL W,1,3,0,0,1,4,,,35,0,0,0,0,0,4,3,5
,2015_15782,0,0,2/20/2015 12:30,12:30,3,0,0,BROADWAY ST 800 BLK S & OHIO AVE E,1,1,0,0,1,1,,,35,0,0,0,0,0,4,2,13
,2015_15783,0,0,1/23/2015 5:20,5:20,6,0,0,SHORT PL 2900 BLK W & FEDERAL BLVD N,5,2,0,7,1,4,,,25,0,0,0,0,0,4,2,5
,2015_15784,0,0,8/23/2015 14:22,14:22,14,0,0,BROADWAY S ACOMA ALLEY W & ASBURY AVE W,1,1,0,7,1,5,,,,0,0,0,0,0,4,2,16
,2015_15785,0,0,4/12/2015 1:21,1:21,3,0,0,BRUCE RANDOLPH AVE E & STEELE ST N,1,3,1,7,1,1,,,30,0,0,0,0,1,4,2,1
,2015_15786,0,0,5/7/2015 10:07,10:07,6,0,0,BYERS PL W & RARITAN ST S,1,1,0,7,1,4,,,25,0,0,0,0,0,4,2,16
,2015_15787,0,0,6/5/2015 15:17,15:17,3,0,0,CEDAR AVE W & ELIOT ST S,2,1,0,1,1,1,,,25,0,0,0,0,0,4,2,8
,2015_15788,0,0,4/8/2015 14:40,14:40,15,0,0,CHAMBERS RD N & GVR BLVD,1,1,0,0,1,1,,,40,0,0,0,0,0,4,2,13
,2015_15789,0,0,4/2/2015 7:50,7:50,12,0,1,CHAMPA ST & PARK AVE W,1,1,0,7,1,1,,,25,0,0,0,0,2,4,2,16
,2015_15790,0,0,2/24/2015 13:00,13:00,6,0,0,CHAMPA ST 1600 BLK & 16TH ST,1,1,0,7,1,4,,,25,0,0,0,0,0,4,2,16
,2015_15791,0,0,6/15/2015 21:12,21:12,6,0,0,CURTIS ST 2800 BLK & 29TH ST,1,3,0,7,1,4,,,30,0,0,0,0,0,4,2,7
,2015_15792,0,0,6/28/2015 19:49,19:49,6,0,0,29TH DR 10500 BLK E & HAVANA ST N,1,1,1,7,1,4,,,35,0,0,0,0,0,4,3,12
,2015_15793,0,0,3/13/2015 16:06,16:06,15,0,0,DAHLIA ST N & 50TH AVE E,1,1,0,0,1,4,,,25,0,0,0,0,0,4,2,1
,2015_15795,0,0,7/16/2015 11:53,11:53,3,0,0,DELGANY ST 1400 BLK & 15TH ST,1,1,0,0,1,2,,,25,0,0,0,0,0,4,2,13
,2015_15796,0,0,4/10/2015 21:10,21:10,6,0,0,DEXTER ST S & KENTUCKY AVE E,1,3,0,7,1,4,,,25,0,0,0,0,0,4,2,5
,2015_15797,0,0,3/25/2015 8:00,8:00,3,0,0,DOWNING ST & 1600 BLK N,2,1,0,2,1,5,,,30,0,0,0,0,0,4,2,13
,2015_15798,0,0,5/16/2015 23:17,23:17,3,0,0,DOWNING ST N & 18TH AVE E,1,3,0,7,1,1,,,30,0,0,0,0,0,4,2,16
,2015_15799,0,0,2/5/2015 17:54,17:54,12,0,0,DOWNING ST 100 BLK S & BAYAUD AVE E,1,3,0,7,1,4,,,30,0,0,0,0,0,4,2,16
,2015_15800,0,0,1/7/2015 9:00,9:00,3,0,0,ELLSWORTH AVE & 1000 E,5,1,0,0,1,5,,,15,0,0,0,0,0,4,4,13
,2015_15801,0,0,6/26/2015 23:05,23:05,6,0,0,ELLSWORTH AVE & OSCELO ST S,1,3,1,0,1,4,,,25,0,0,0,0,0,4,2,13
,2015_15802,0,0,12/5/2015 2:00,2:00,6,0,0,N ELIZABETH ST & 12TH AVE,1,1,0,7,1,4,,,25,0,0,0,0,0,4,2,16
,2015_15803,0,0,11/19/2015 17:44,17:44,12,0,1,DTC BLVD S & UNION AVE E,1,3,0,0,1,1,,,40,0,0,0,0,2,4,2,14
,2015_15804,0,0,2/7/2015 13:06,13:06,12,0,0,EVANS AVE E & HOLLY ST S,1,1,0,7,1,4,,,35,0,0,0,0,0,4,2,16
,2015_15805,0,0,5/12/2015 17:15,17:15,12,0,0,EVANS AVE E & QUEBEC ST S,1,1,0,7,1,4,,,35,0,0,0,0,1,4,3,16
,2015_15806,0,0,8/1/2015 13:14,13:14,15,0,0,EVANS AVE E & WILLIAMS ST S,1,1,0,0,1,1,,,35,0,0,0,0,0,4,2,3
,2015_15807,0,0,4/3/2015 9:35,9:35,12,0,0,FLORIDA AVE E & DAHLIA ST S,1,1,0,7,1,1,,,25,0,0,0,0,0,4,3,16
,2015_15808,0,0,6/4/2015 6:04,6:04,12,0,0,FLORIDA AVE E & FILBERT WAY S,1,1,0,7,1,1,,,30,0,0,0,0,1,4,2,3
,2015_15809,0,0,2/9/2015 1:00,1:00,3,0,0,FLORIDA AVE W & LOWELL BLVD S,1,3,0,7,1,1,,,30,0,0,0,0,0,4,2,16
,2015_15810,0,0,6/4/2015 14:55,14:55,15,0,0,GUN CLUB RD N & 78TH AVE E,1,1,0,0,1,1,,,45,0,0,0,0,0,4,2,8
,2015_15811,0,0,3/27/2015 16:08,16:08,12,0,0,HAVANA ST 4600 BLK N & 47TH AVE E,1,1,0,7,1,4,,,40,0,0,0,0,0,4,2,3
,2015_15812,0,0,3/30/2015 11:55,11:55,12,0,0,HIGH ST 2000 BLK S & EVANS AVE E,1,1,0,7,1,3,,,25,0,0,0,0,0,4,2,7
,2015_15813,0,0,6/3/2015 18:00,18:00,3,0,0,IRVING ST S & ARKANSAS AVE W,2,1,0,1,1,1,,,25,0,0,0,0,0,4,2,7
,2015_15814,0,0,6/11/2015 17:30,17:30,6,0,0,IRVING ST S & KENTUCKY AVE W,1,1,0,7,1,4,,,25,0,0,0,0,0,4,5,14
,2015_15815,0,0,2/15/2015 11:20,11:20,12,0,0,JACKSONS GAP N & 78TH AVE E,1,1,0,7,1,1,,,45,0,0,0,0,0,4,2,14
,2015_15816,0,0,5/30/2015 14:36,14:36,15,0,0,JOSEPHINE ST 600 BLK N & 6TH AVE E,1,1,1,7,1,4,,,30,0,0,0,0,0,4,2,16
,2015_15817,0,0,6/29/2015 17:03,17:03,3,0,0,KALAMATH ST & 12TH AVE W,1,1,0,0,1,1,,,30,0,0,0,0,1,4,2,14
,2015_15818,0,0,7/12/2015 16:59,16:59,6,0,0,KENTUCKY AVE 4200 BLK W & RALEIGH ST S,1,1,0,7,1,4,,,30,0,0,0,0,1,4,2,5
,2015_15819,0,0,1/11/2015 18:35,18:35,3,0,1,KENTUCKY AVE 4500 BLK W & UTICA ST S,2,3,0,1,1,3,,,25,0,0,0,0,2,4,2,13
,2015_15820,0,0,7/13/2015 16:21,16:21,12,0,0,LARIMER ST & PARK AVE W,1,1,0,7,1,1,,,35,0,0,0,0,0,4,3,14
,2015_15821,0,0,3/10/2015 12:00,12:00,6,0,0,LOGAN ST 1200 BLK N & 13TH AVE E,1,1,0,7,1,4,,,30,0,0,0,0,0,4,2,16
,2015_15822,0,0,5/17/2015 9:31,9:31,2,0,0,MARION ST S & VIRGINIA AVE E,1,1,1,0,1,1,,,25,1,0,0,0,0,4,2,1
,2015_15823,0,0,1/8/2015 22:00,22:00,6,0,0,MAXWELL PL 15200 BLK E & GRANBY WAY N,5,3,1,2,1,4,,,25,0,0,0,0,0,4,2,16
,2015_15824,0,0,7/7/2015 9:50,9:50,3,0,0,E MISSISSIPPI AVE & S ALTON ST,1,1,0,7,1,1,,,40,0,0,0,0,1,4,2,3
,2015_15825,0,0,10/2/2015 14:30,14:30,6,0,0,MARIPOSA ST & 4300 BLK N,1,1,0,0,1,4,,,25,0,0,0,0,0,4,4,5
,2015_15826,0,0,7/27/2015 17:02,17:02,15,0,0,MISSISSIPPI AVE 4000 BLK E & S COLO BLVD,1,1,0,7,1,3,,,35,0,0,0,0,0,4,3,16
,2015_15827,0,0,4/10/2015 19:00,19:00,3,0,0,MISSISSIPPI AVE W & HURON ST S,1,3,0,7,1,1,,,25,0,0,0,0,1,4,2,5
,2015_15828,0,0,1/27/2015 17:31,17:31,1,0,0,MONACO ST S & VIRGINIA AVE E,1,3,0,7,1,1,,,35,0,0,0,0,0,4,2,16
,2015_15829,0,0,6/28/2015 6:25,6:25,12,0,0,OAKLAND ST 5000 BLK N & 51ST AVE E,1,1,1,0,1,2,,,25,0,0,0,0,0,4,2,13
,2015_15830,0,0,9/28/2015 18:00,18:00,14,0,0,MISSISSIPPI AVE W & RALEIGH ST S,1,1,0,0,1,1,,,25,0,0,0,0,0,4,2,3
,2015_15831,0,0,11/2/2015 18:15,18:15,15,0,0,PENA BLVD & 8400 N,1,3,0,0,1,4,,,45,0,0,0,0,0,4,2,8
,2015_15832,0,0,4/24/2015 19:20,19:20,15,0,0,PEORIA ST 4600 BLK N & ALBROOK DR E,1,1,0,6,1,4,,,40,0,0,0,0,0,4,2,16
,2015_15833,0,0,8/9/2015 7:00,7:00,6,0,0,PERRY ST & 600 BLK S,1,1,0,7,1,4,,,25,0,0,0,0,0,4,2,16
,2015_15834,0,0,10/22/2015 10:15,10:15,12,0,0,PLATTE RIVER RD S & EVANS AVE W,2,1,1,1,1,1,,,30,0,0,0,0,0,4,2,16
,2015_15835,0,0,6/5/2015 3:33,3:33,6,0,0,PERRY ST N & 42ND AVE W,2,3,0,1,1,1,,,25,0,0,0,0,0,4,2,5
,2015_15836,0,0,1/19/2015 17:50,17:50,1,0,0,PLATTE RIVER DR S & FLORIDA AVE W,1,3,0,0,1,1,,,35,0,0,0,0,0,4,2,7
,2015_15837,0,0,3/7/2015 5:30,5:30,6,0,0,PRINCETON AVE 7600 BLK E & ROSEMARY WAY S,1,2,0,7,1,4,,,25,0,0,0,0,0,4,2,1
,2015_15838,0,0,2/27/2015 13:00,13:00,12,0,0,QUEBEC ST & 1700 BLK N,1,1,0,0,1,3,,,30,0,0,0,0,0,4,2,13