id,drcog_id,latitude,longitude,crashtime,time,crashtype,numbkilled,numbinjurd,drcoglocat,rdconditin,lightngcon,roadcntgrd,weatherco,location,roaddescrp,schoolzone,constrzone,splimit,bikeinv,pedinv,sctrinv,motoinv,svrty,rdsystem,ttlvehcls,hcf
,2015_15840,0,0,1/21/2015 8:27,8:27,12,0,0,QUEBEC ST 200 BLK N & 3RD AVE E,4,1,0,2,1,3,,,35,0,0,0,0,0,4,3,1
,2015_15841,0,0,3/6/2015 15:25,15:25,12,0,0,QUEBEC ST 500 BLK N & 6TH AVE E,1,1,0,0,1,3,,,35,0,0,0,0,0,4,2,14
,2015_15842,0,0,7/17/2015 18:44,18:44,3,0,2,ROSLYN ST N & 26TH AVE,1,2,0,7,1,1,,,35,0,0,0,0,2,4,2,5
,2015_15843,0,0,12/11/2015 21:27,21:27,12,0,0,18TH ST 800 BLK & CHAMPA ST,1,3,1,0,1,4,,,35,0,0,0,0,0,4,2,13
,2015_15844,0,0,2/12/2015 21:00,21:00,6,0,0,15TH ST 1200 BLK & LAWRENCE ST,1,3,0,7,1,4,,,30,0,0,0,0,0,4,2,16
,2015_15845,0,0,8/2/2015 20:09,20:09,10,0,0,15TH ST & TREMONT PL,1,1,0,0,1,1,,,30,0,0,0,0,0,4,2,8
,2015_15846,0,0,12/17/2015 19:32,19:32,6,0,0,18TH ST & ERIE ST,5,3,1,7,1,1,,,35,0,0,0,0,0,4,2,14
,2015_15847,0,0,4/17/2015 10:20,10:20,12,0,0,17TH ST & 900 BLK,2,1,0,1,1,4,,,30,0,0,0,0,0,4,2,13
,2015_15848,0,0,1/6/2015 6:29,6:29,15,0,0,17TH ST & BROADWAY ST N,2,3,0,7,1,3,,,30,0,0,0,0,0,4,2,12
,2015_15849,0,0,6/23/2015 15:55,15:55,2,0,1,19TH ST & CURTIS ST,1,1,0,0,1,1,,,30,1,0,0,0,2,4,2,14
,2015_15850,0,0,3/24/2015 13:18,13:18,3,0,0,28TH ST & CALIFORNIA ST,1,1,0,0,1,1,,,25,0,0,0,0,0,4,2,13
,2015_15851,0,0,7/9/2015 18:35,18:35,12,0,0,29TH ST & BRIGHTON BLVD,2,1,0,1,1,1,,,25,0,0,0,0,0,4,2,16
,2015_15852,0,0,6/12/2015 22:00,22:00,6,0,0,SHERMAN ST N & 44TH AVE E,1,3,0,7,1,4,,,25,0,0,0,0,0,4,2,16
,2015_15853,0,0,6/11/2015 11:43,11:43,6,0,0,SPEER BLVD 1400 BLK N & 14TH AVE W,1,1,0,7,1,4,,,30,0,0,0,0,0,4,2,16
,2015_15854,0,0,8/8/2015 0:15,0:15,3,0,0,SPEER BLVD N & ARAPAHOE ST,1,3,0,7,1,1,,,30,0,0,0,0,1,4,2,8
,2015_15855,0,0,4/6/2015 10:20,10:20,8,0,0,SPEER BLVD N & AURARIA PKWY,1,1,0,0,1,3,,,35,0,0,0,0,1,4,2,14
,2015_15856,0,0,9/8/2015 11:00,11:00,2,0,0,SPEER BLVD N & CHAMPA ST,1,1,0,0,1,1,,,30,1,0,0,0,0,4,2,13
,2015_15857,0,0,6/30/2015 11:55,11:55,15,0,0,STEELE ST N & 1ST AVE E,1,1,0,7,1,1,,,30,0,0,0,0,0,4,2,16
,2015_15858,0,0,5/23/2015 23:14,23:14,6,0,0,TENNYSON ST N & 45TH AVE W,1,3,0,7,1,4,,,25,0,0,0,0,0,4,3,14
,2015_15859,0,0,5/13/2015 8:15,8:15,12,0,0,TOWER RD N & 43RD AVE E,1,1,0,7,1,4,,,40,0,0,0,0,0,4,2,2
,2015_15860,0,0,6/7/2015 20:17,20:17,3,0,0,VIRGINIA AVE W & PERRY ST S,1,1,0,7,1,1,,,25,0,0,0,0,1,4,2,1
,2015_15861,0,0,1/7/2015 7:54,7:54,14,0,0,VIRGINIA AVE W & ZUNI ST S,5,1,0,2,1,3,,,25,0,0,0,0,0,4,2,13
,2015_15863,0,0,10/2/2015 10:34,10:34,3,1,1,YOSEMITE ST S & RADCLIFF AVE E,1,1,1,0,1,1,,,35,0,0,0,0,4,4,2,14
,2015_15864,0,0,8/19/2015 22:15,22:15,9,0,1,YALE AVE 7500 BLK E & ROSLYN ST S,1,4,1,0,1,4,,,35,0,0,0,1,2,4,1,5
,2015_15865,0,0,7/29/2015 14:10,14:10,15,0,0,S ZUNI ST & DARTMOUTH AVE W,1,1,1,0,1,1,,,30,0,0,0,0,0,4,2,7
,2015_15867,0,0,11/20/2015 11:20,11:20,5,0,0,YORK ST & 5160 N,1,1,0,0,2,4,,,30,0,0,0,0,0,4,1,16
,2015_15953,39.687563,-104.940549,6/3/2015 12:31,12:31,1,0,1,COLORADO BLVD S & IOWA AVE E,1,1,0,0,1,1,,,35,0,0,0,1,2,2,2,3
,2015_15954,39.67488,-104.940644,12/11/2015 3:30,3:30,5,0,0,COLORADO BLVD S & ILIFF AVE E,1,3,0,0,3,1,,,35,0,0,0,0,0,2,1,13
,2015_15955,39.701997,-104.940621,7/10/2015 16:16,16:16,15,0,0,COLORADO BLVD S & OHIO AVE E,1,1,0,0,1,1,,,35,0,0,0,0,0,2,2,3
,2015_15956,39.704746,-104.940623,5/29/2015 15:32,15:32,3,0,0,EXPOSITION AVE E & COLORADO BLVD S,1,1,0,0,1,2,,,25,0,0,0,0,0,2,3,13
,2015_15957,39.706129,-104.940624,6/28/2015 21:26,21:26,1,0,1,COLORADO BLVD S & CHERRY CREEK S DR,1,3,0,0,1,1,,,35,0,0,0,0,2,2,2,13
,2015_15958,39.683674,-104.940414,12/31/2015 0:01,0:01,12,0,0,COLORADO BLVD S & I-25,1,1,1,0,1,3,,,15,0,0,0,0,0,2,3,13
,2015_15959,39.757199,-104.94053,8/13/2015 10:55,10:55,15,0,0,COLORADO BLVD & 2800 BLK N,1,1,0,0,1,4,,,40,0,0,0,0,1,2,2,7
,2015_15960,39.761878,-104.940511,2/1/2015 10:12,10:12,3,0,0,COLORADO BLVD N & MARTIN LUTHER KING BLVD,5,1,0,0,1,1,,,35,0,0,0,0,0,2,2,14
,2015_15970,39.725553,-105.036205,8/17/2015 5:14,5:14,12,0,0,6TH AVE W & MEADE ST N,2,3,1,7,1,4,,,45,0,0,0,0,0,2,2,1
,2015_15971,39.725655,-105.051817,12/18/2015 11:03,11:03,12,0,0,6TH AVE W & SHERIDAN BLVD N,1,1,1,0,1,3,,,55,0,0,0,0,1,2,2,13
,2015_15979,39.697473,-104.982744,2/16/2015 17:07,17:07,5,0,0,I-25 & LOGAN ST S,5,1,0,2,2,4,,,55,0,0,0,0,1,1,1,13
,2015_15988,39.678363,-104.933558,7/6/2015 18:08,18:08,1,0,0,EVANS AVE E & I-25 SB RAMPS,1,1,0,0,1,1,,,35,0,0,0,0,1,1,2,3
,2015_15990,39.683106,-104.940515,7/28/2015 14:11,14:11,15,0,0,I-25 & COLORADO BLVD S,1,1,0,0,1,4,,,65,0,0,0,0,0,1,2,13
,2015_15991,39.684918,-104.950446,3/2/2015 17:05,17:05,12,0,0,I-25 & STEELE ST S,1,1,0,0,1,4,,,60,0,0,0,0,0,1,2,3
,2015_15992,39.729334,-105.014821,4/25/2015 13:26,13:26,12,0,0,I-25 & 8TH AVE W,1,1,1,0,1,4,,,55,0,0,0,0,0,1,2,13
,2015_15993,39.69304,-104.97773,6/5/2015 14:10,14:10,12,0,0,I-25 & LOUISIANA AVE E,1,1,1,0,1,4,,,60,0,0,0,0,0,1,2,12
,2015_15994,39.694462,-104.979284,7/21/2015 15:30,15:30,12,0,0,I-25 & WASHINGTON ST S,1,1,1,0,1,4,,,55,0,0,0,0,1,1,4,13
,2015_15995,39.701452,-104.987435,5/3/2015 2:57,2:57,1,0,0,BROADWAY S & I-25 SB RAMPS,1,3,0,0,1,1,,,35,0,0,0,0,1,1,2,7
,2015_15996,39.69304,-104.97773,11/9/2015 19:05,19:05,12,0,0,I-25 & LOUISIANNA AVE E,1,3,0,0,1,4,,,55,0,0,0,0,0,1,3,16
,2015_15997,39.710131,-104.998259,6/27/2015 14:11,14:11,15,0,0,I-25 NB ON LFLYOVER RAMP & SANTA FE DR S,1,1,0,0,1,8,,,55,0,0,0,0,0,1,2,1
,2015_15998,39.71124,-104.998918,1/14/2015 12:37,12:37,15,0,0,I-25 & ALAMEDA AVE W,1,1,1,0,1,4,,,55,0,0,0,0,0,1,2,13
,2015_15999,39.723032,-105.010692,1/27/2015 15:30,15:30,12,0,1,I-25 & 6TH AVE W OFF RAMP,1,1,0,0,1,4,,,55,0,0,0,0,2,1,2,13
,2015_16000,39.725247,-105.012893,3/26/2015 21:00,21:00,15,0,0,I-25 & 6TH AVE W,1,3,0,0,1,4,,,55,0,0,0,0,0,1,2,13
,2015_16001,39.729334,-105.014821,6/8/2015 20:18,20:18,15,0,0,I-25 & 8TH AVE W,1,3,0,1,1,4,,,55,0,0,0,0,0,1,2,1
,2015_16002,39.72543,-105.013021,1/11/2015 12:27,12:27,12,0,0,I-25 & 6TH AVE W,1,1,0,0,1,4,,,55,0,0,0,0,0,1,2,3
,2015_16003,39.72543,-105.013021,1/25/2015 11:45,11:45,12,0,0,I-25 & 6TH AVE W,1,1,1,0,1,4,,,55,0,0,0,0,0,1,2,13
,2015_16004,39.72543,-105.013021,1/26/2015 11:57,11:57,12,0,0,I-25 & 6TH AVE W,1,1,0,0,1,4,,,55,0,0,0,0,0,1,2,13
,2015_16005,39.72543,-105.013021,4/14/2015 15:23,15:23,12,0,0,I-25 & 6TH AVE W,1,1,0,0,1,4,,,55,0,0,0,0,0,1,2,13
,2015_16006,39.72543,-105.013021,5/18/2015 16:28,16:28,12,0,0,I-25 & 6TH AVE W,1,1,0,0,1,4,,,55,0,0,0,0,0,1,2,13
,2015_16007,39.72543,-105.013021,6/13/2015 13:06,13:06,12,0,0,I-25 & 6TH AVE W,1,1,0,0,1,4,,,55,0,0,0,0,0,1,2,13
,2015_16008,39.72543,-105.013021,7/6/2015 11:42,11:42,12,0,0,I-25 & 6TH AVE W,2,1,0,1,1,4,,,55,0,0,0,0,1,1,3,13
,2015_16009,39.726455,-105.013672,1/23/2015 11:23,11:23,12,0,0,I-25 & 6TH AVE W,1,1,0,0,1,8,,,45,0,0,0,0,0,1,2,14
,2015_16010,39.767362,-104.996533,10/31/2015 2:59,2:59,15,0,0,I-25 & PARK AVE WEST / 38TH AVE NB EXIT RAMP,1,3,0,0,1,4,,,55,0,0,0,0,0,1,2,16
,2015_16011,39.767924,-104.995083,5/29/2015 8:21,8:21,12,0,0,I-25 & PARK AVE WEST NB OFF RAMP ENT GORE PT,1,1,0,0,1,4,,,55,0,0,0,0,0,1,2,14
,2015_16012,39.776458,-104.989213,6/9/2015 16:05,16:05,9,0,0,I-25 SB ON RAMP FROM WB I-70 & RAMP CONNECTION PT,1,1,0,0,1,8,,,45,0,0,0,0,0,1,3,13
,2015_16013,39.779391,-104.989165,3/6/2015 7:52,7:52,12,0,0,I-25 UNDERPASS & I-70,1,1,0,0,1,4,,,55,0,0,0,0,0,1,2,14
,2015_16015,39.779391,-104.989165,2/2/2015 13:25,13:25,5,0,0,I-25 NB & I-70,1,1,0,0,1,8,,,45,0,0,0,0,0,1,2,13
,2015_16016,39.790526,-104.988559,2/24/2015 9:32,9:32,15,0,0,I-25 SB OFF RAMP ENT PT TO & I-70,2,1,0,0,1,4,,,55,0,0,0,0,0,1,2,13
,2015_16040,0,0,1/21/2015 2:35,2:35,5,0,0,1ST AVE E & DOWNING ST N,1,3,0,0,3,1,,,35,0,0,0,0,0,4,1,2
,2015_16042,39.653077,-104.898688,8/31/2015 11:45,11:45,1,0,0,HAMPDEN AVE & TAMARAC DR S,1,1,1,0,1,1,,,40,0,0,0,0,0,2,3,1
,2015_16043,39.65308,-104.891791,5/2/2015 21:00,21:00,3,0,0,HAMPDEN AVE E & VERBENA ST S,1,3,0,0,1,1,,,40,0,0,0,0,1,2,2,13
,2015_16044,39.65308,-104.891791,5/26/2015 13:37,13:37,3,0,0,HAMPDEN AVE E & VERBENA ST S,1,1,0,0,1,1,,,25,0,0,0,0,0,2,2,13
,2015_16051,39.777393,-104.903402,1/12/2015 16:52,16:52,15,0,0,QUEBEC ST N & I-70 EB ON RAMP,1,3,1,0,1,1,,,40,0,0,0,0,0,2,2,13
,2015_16054,39.740309,-105.025718,11/8/2015 2:10,2:10,5,0,0,COLFAX AVE WB OFF LOOP RA & FEDERAL BLVD N,1,3,1,0,3,8,,,25,0,0,0,0,0,2,1,13
,2015_16061,39.740322,-105.053272,1/28/2015 18:05,18:05,11,0,1,COLFAX AVE 5100 BLK W & SHERIDAN BLVD N,1,3,0,0,1,1,,,,0,1,0,0,3,2,2,13
,2015_16063,39.74034,-105.041923,4/15/2015 18:27,18:27,12,0,0,COLFAX AVE W & RALEIGH ST N,1,1,0,0,1,4,,,35,0,0,0,0,1,2,2,12
,2015_16064,39.740341,-105.039489,1/5/2015 12:32,12:32,15,0,0,COLFAX AVE 4000 BLK W & PERRY ST N,6,1,0,0,1,4,,,35,0,0,0,0,0,2,2,14
,2015_16065,39.740343,-105.031409,3/20/2015 9:57,9:57,15,0,0,COLFAX AVE & JULIAN ST N,1,1,0,0,1,3,,,35,0,0,0,0,0,2,2,14
,2015_16066,39.740035,-104.998869,8/30/2015 3:20,3:20,15,0,0,SPEER BLVD N SB & COLFAX AVE W,1,3,0,0,1,1,,,25,0,0,0,0,0,2,2,13
,2015_16067,39.740011,-104.995163,5/24/2015 22:10,22:10,15,0,0,COLFAX AVE 500 BLK W & FOX ST N,1,3,0,0,1,4,,,30,0,0,0,0,0,2,2,8
,2015_16068,39.739999,-104.990376,7/24/2015 10:52,10:52,12,0,0,COLFAX AVE 200 W & BANNOCK ST,1,1,0,0,1,4,,,25,0,0,0,0,0,2,2,13
,2015_16069,39.740102,-105.005599,10/17/2015 21:46,21:46,12,0,0,COLFAX AVE 1500 BLK W & OSAGE ST N,1,3,1,0,1,4,,,35,0,0,0,0,0,2,2,5
,2015_16070,39.740008,-104.973656,6/9/2015 19:09,19:09,12,0,0,COLFAX AVE 1000 BLK E & DOWNING ST N,2,1,0,1,1,3,,,30,0,0,0,0,0,2,2,13
,2015_16071,39.740009,-104.97298,4/6/2015 16:20,16:20,15,0,0,DOWNING ST N (RD N) & COLFAX AVE E,1,1,0,0,1,1,,,30,0,0,0,0,0,2,2,13
,2015_16072,39.740009,-104.972784,6/9/2015 15:20,15:20,15,0,0,COLFAX AVE & DOWNING ST N (RD S),1,1,1,0,1,4,,,30,0,0,0,0,0,2,2,3
,2015_16073,39.740009,-104.96852,2/23/2015 10:30,10:30,1,0,0,PARK AVE WEST & COLFAX AVE,5,1,0,2,1,1,,,30,0,0,0,0,0,2,2,13
,2015_16074,39.74011,-104.958745,2/6/2015 20:32,20:32,12,0,0,COLFAX AVE 2400 BLK E & JOSEPHINE ST N,1,3,0,0,1,4,,,35,0,0,0,0,1,2,2,5
,2015_16076,39.74001,-104.968713,11/2/2015 14:30,14:30,6,0,0,COLFAX AVE E & FRANKLIN ST N,1,1,0,0,1,4,,,30,0,0,0,0,0,2,2,16
,2015_16077,39.740082,-104.89527,8/13/2015 10:10,10:10,3,0,0,COLFAX AVE E & TAMARAC ST N,1,1,0,0,1,1,,,30,0,0,0,0,1,2,2,7
,2015_16078,39.740085,-104.885697,2/21/2015 19:05,19:05,6,0,0,COLFAX AVE 8800 BLK E & YOSEMITE ST N,4,3,0,2,1,4,,,30,0,0,0,0,0,2,2,3
,2015_16082,39.74007,-104.732008,6/8/2015 7:44,7:44,15,0,0,COLFAX AVE WB DIRECT CONNECT & I-70,1,1,1,0,1,4,,,55,0,0,0,0,0,2,2,1
,2015_16097,39.779887,-104.967251,7/13/2015 14:28,14:28,15,0,0,I-70 & BRIGHTON BLVD N,1,1,0,0,1,4,,,55,0,0,0,0,1,1,2,13
,2015_16098,39.779895,-104.967089,1/20/2015 14:11,14:11,12,0,0,I-70 & BRIGHTON BLVD M,1,1,0,0,1,4,,,55,0,0,0,0,0,1,3,7
,2015_16099,39.780021,-104.961825,4/10/2015 14:43,14:43,15,0,0,I-70 WB ON RAMP & YORK ST N WB RAMP GORE PT,1,1,0,0,1,4,,,55,0,0,0,0,0,1,2,13
,2015_16100,39.779997,-104.949807,5/13/2015 15:20,15:20,12,0,0,I-70 & STEELE ST,1,1,0,0,1,4,,,55,0,0,0,0,0,1,2,13
,2015_16102,39.775623,-104.865778,6/19/2015 16:40,16:40,12,0,0,I-70 & HAVANA ST,1,1,0,0,1,4,,,55,0,0,0,0,0,1,2,14
,2015_16103,39.779944,-104.940633,4/21/2015 9:05,9:05,15,0,0,I-70 & COLORADO BLVD N,1,1,0,0,1,4,,,55,0,0,0,0,0,1,3,3
,2015_16104,39.780013,-104.960371,8/26/2015 18:46,18:46,9,0,1,I-70 & MM 275.5,1,1,0,0,1,4,,,55,0,0,0,1,2,1,1,7
,2015_16105,39.779063,-104.926396,4/10/2015 3:28,3:28,5,0,0,I-70 & MM 277,1,3,0,0,2,4,,,55,0,0,0,0,0,1,1,1
,2015_16106,39.778281,-104.915578,1/9/2015 18:25,18:25,12,0,0,I-70 & MM 277.9,1,3,0,0,1,4,,,55,0,0,0,0,1,1,3,13
,2015_16107,39.778285,-104.913834,3/21/2015 16:42,16:42,12,0,0,I-70 & MM 278,1,1,0,1,1,4,,,55,0,0,0,0,0,1,2,1
,2015_16108,39.778287,-104.912805,8/19/2015 7:34,7:34,12,0,0,I-70 & MONACO ST N,1,1,0,0,1,4,,,55,0,0,0,0,0,1,2,16
,2015_16109,39.660489,-105.025191,4/24/2015 15:50,15:50,15,0,0,FEDERAL BLVD S & DARTMOUTH AVE W,1,1,0,0,1,1,,,35,0,0,0,0,0,2,2,1
,2015_16110,39.7783,-104.902887,7/10/2015 21:45,21:45,12,0,0,I-70 & NORTHFIELD QUEBEC ST N,2,4,0,1,1,4,,,55,0,0,0,0,1,1,2,1
,2015_16111,39.778271,-104.89681,8/11/2015 16:06,16:06,12,0,0,I-70 & I-270,1,1,1,0,1,4,,,55,0,0,0,0,0,1,2,13
,2015_16112,39.777095,-104.882471,8/1/2015 23:02,23:02,15,0,0,I 70 & N CENTRAL PARK BLVD,1,4,0,7,1,4,,,55,0,0,0,0,0,1,2,16
,2015_16113,39.7783,-104.902506,12/29/2015 7:40,7:40,12,0,0,I-70 EB ON RAMP SPLIT FROM & NORTHFIELD QUEBEC ST,1,1,1,0,1,8,,,45,0,0,0,0,0,1,2,13
,2015_16115,39.775623,-104.865778,4/6/2015 7:38,7:38,12,0,2,I-70 & HAVANA ST N,1,1,0,0,1,4,,,55,0,0,0,0,3,1,7,13
,2015_16116,39.775623,-104.865778,4/29/2015 10:52,10:52,15,0,0,I-70 & HAVANA ST N,1,1,0,0,1,4,,,55,0,0,0,0,1,1,2,14
,2015_16117,39.775623,-104.865778,4/30/2015 9:27,9:27,15,0,0,I-70 & HAVANA ST N,1,1,0,0,1,4,,,55,0,0,0,0,0,1,2,13
,2015_16118,39.775623,-104.865778,5/12/2015 17:08,17:08,12,0,1,I-70 & HAVANA ST N,2,1,1,1,1,4,,,55,0,0,0,0,2,1,2,13
,2015_16119,39.777095,-104.882471,11/6/2015 14:37,14:37,1,0,0,I-70 EB OFF RAMP & CENTRAL PARK BLVD N,1,1,0,0,1,1,,,30,0,0,0,0,0,1,2,8
,2015_16120,39.774413,-104.851756,8/6/2015 7:29,7:29,12,0,0,I-70 & NOME ST N (NOT IN CORIS),1,1,1,0,1,4,,,55,0,0,0,0,0,1,2,7
,2015_16121,39.774131,-104.848488,2/24/2015 9:29,9:29,15,0,0,I-70 WB ON RAMP MERGE PT & PEORIA ST N,1,1,1,0,1,4,,,55,0,0,0,0,0,1,2,7
,2015_16122,39.774131,-104.848488,2/7/2015 15:23,15:23,12,0,0,I-70 WB ON RAMP MERGE PT & PEORIA ST N,1,1,0,0,1,8,,,40,0,0,0,0,0,1,2,13
,2015_16123,39.774005,-104.847034,5/7/2015 6:12,6:12,15,0,0,I-70 & PEORIA ST N,1,1,0,0,1,4,,,55,0,0,0,0,0,1,2,1
,2015_16124,39.774005,-104.847034,1/5/2015 14:40,14:40,12,0,0,PEORIA ST N WB RAMPS & I-70,1,1,0,0,1,1,,,55,0,0,0,0,0,1,2,5
,2015_16125,39.774005,-104.847034,3/18/2015 10:14,10:14,1,0,1,PEORIA ST N & I-70 EB RAMPS,1,1,1,0,1,1,,,35,0,0,0,0,2,1,2,13
,2015_16126,39.774005,-104.847034,4/28/2015 5:30,5:30,12,0,0,PEORIA ST N & I-70 EB RAMPS,1,2,1,0,1,3,,,35,0,0,0,0,0,1,2,13
,2015_16127,39.774005,-104.847034,5/1/2015 20:40,20:40,15,0,0,I-70 EB RAMPS & PEORIA ST N,1,3,0,0,1,1,,,25,0,0,0,0,0,1,2,13
,2015_16131,39.773022,-104.83559,9/26/2015 5:20,5:20,15,0,0,PEORIA ST N & I-70 WB OFF RAMP,1,3,0,0,1,4,,,40,0,0,0,0,0,1,2,5
,2015_16144,39.671003,-104.995081,2/25/2015 18:55,18:55,5,0,0,SANTA FE DR 2400 BLK S & HARVARD AVE W,5,3,0,2,2,4,,,55,0,0,0,0,0,2,1,2
,2015_16160,39.69677,-104.898666,1/29/2015 7:55,7:55,15,0,0,PARKER RD 1000 BLK S & MISSISSIPPI AVE E,1,1,1,0,1,4,,,45,0,0,0,0,0,2,2,13
,2015_16162,39.698921,-104.904436,1/15/2015 13:39,13:39,12,0,0,PARKER RD 1000 BLK S & QUEBEC ST S,1,1,1,0,1,3,,,40,0,0,0,0,1,2,2,3
,2015_16165,39.639275,-104.885096,1/4/2015 1:20,1:20,12,0,0,I-225 & YOSEMITE ST,5,3,0,0,1,4,,,65,0,0,0,0,0,1,2,1
,2015_16174,39.689542,-104.992096,10/19/2015 6:31,6:31,12,0,0,SANTA FE DR S & FLORIDA AVE W,1,3,0,0,1,4,,,45,0,0,0,0,0,2,2,14
,2015_16175,39.687549,-104.99194,7/28/2015 14:19,14:19,1,0,0,SANTA FE DR S & IOWA AVE W,1,1,0,0,1,1,,,45,0,0,0,0,1,2,2,1
,2015_16176,39.689371,-104.992053,1/20/2015 15:23,15:23,12,0,0,SANTA FE DR 1400 BLK S & FLORIDA AVE E,1,1,0,0,1,3,,,45,0,0,0,0,0,2,2,13
,2015_16178,39.696696,-104.991872,1/30/2015 22:43,22:43,1,0,2,MISSISSIPPI AVE W & SANTA FE DR S,1,3,0,0,1,1,,,35,0,0,0,0,2,2,2,13
,2015_16179,39.696696,-104.991872,5/24/2015 18:36,18:36,1,0,0,MISSISSIPPI AVE W & SANTA FE DR S,1,1,0,0,1,1,,,30,0,0,0,0,0,2,2,13
,2015_16180,39.704497,-104.995631,4/20/2015 15:30,15:30,12,0,0,SANTA FE DR S & I-25,1,1,0,0,1,4,,,25,0,0,0,0,0,2,2,1
,2015_16181,39.707461,-104.996324,5/21/2015 16:48,16:48,12,0,0,SANTA FE DR S (MP APPROX) & DAKOTA AVE W (NOT IN CORIS),1,1,0,0,1,4,,,25,0,0,0,0,0,2,2,1
,2015_16188,39.725983,-105.025128,5/6/2015 17:50,17:50,12,0,0,FEDERAL BLVD N & 6TH AVE WB RAMP,1,1,0,0,1,1,,,25,0,0,0,0,0,2,2,13
,2015_16189,39.720117,-105.02519,1/16/2015 13:04,13:04,12,0,0,FEDERAL BLVD & 2ND AVE W,1,1,0,0,1,4,,,35,0,0,0,0,0,2,3,14
,2015_16190,39.719706,-105.025188,5/13/2015 19:11,19:11,3,0,0,2ND AVE W & FEDERAL BLVD N,1,1,0,0,1,1,,,35,0,0,0,0,0,2,2,13
,2015_16191,39.711304,-105.025093,4/21/2015 16:30,16:30,12,0,0,FEDERAL BLVD S & ALAMEDA AVE W,1,1,0,0,1,3,,,35,0,0,0,0,0,2,2,1
,2015_16192,39.693099,-105.025036,4/4/2015 20:02,20:02,1,0,0,FEDERAL BLVD S & LOUISIANA AVE W,1,3,0,0,1,1,,,40,0,0,0,0,0,2,2,13
,2015_16193,39.693099,-105.025036,8/10/2015 13:20,13:20,3,0,2,FEDERAL BLVD S & LOUISIANA AVE W,1,1,0,0,1,1,,,40,0,0,0,0,2,2,2,1
,2015_16194,39.690149,-105.025054,6/21/2015 18:28,18:28,15,0,0,FEDERAL BLVD S & W FLORIDA AVE,1,1,1,0,1,4,,,35,0,0,0,0,0,2,2,14
,2015_16195,39.679201,-105.025042,3/27/2015 18:15,18:15,15,0,0,FEDERAL BLVD S & EVANS AVE W,1,1,0,0,1,4,,,45,0,0,0,0,0,2,2,13
,2015_16196,39.661775,-105.025164,7/21/2015 20:46,20:46,3,0,1,FEDERAL BLVD S & DARTMOUTH AVE W,1,3,1,0,1,2,,,,0,0,0,0,2,2,2,5
,2015_16198,39.703863,-105.025084,11/23/2015 18:28,18:28,15,0,0,FEDERAL BLVD S & EXPOSITION AVE W,1,3,0,0,1,3,,,40,0,0,0,0,0,2,2,7
,2015_16218,39.682241,-105.053199,7/9/2015 15:42,15:42,1,0,0,SHERIDAN BLVD S & JEWELL AVE W,1,1,1,0,1,1,,,40,0,0,0,0,1,2,2,8
,2015_16219,39.689516,-105.053251,11/25/2015 18:04,18:04,12,0,0,SHERIDAN BLVD & FLORIDA AVE S,1,2,0,0,1,3,,,40,0,0,0,0,0,2,2,7
,2015_16225,39.743966,-105.053226,4/9/2015 12:57,12:57,1,0,0,SHERIDAN BLVD N & 17TH AVE W,1,1,0,0,1,1,,,35,0,0,0,0,0,2,2,13
,2015_16226,39.749333,-105.053233,3/1/2015 13:20,13:20,12,0,0,SHERIDAN BLVD 2400 BLK N & BYRON PL W,2,1,0,0,1,4,,,35,0,0,0,0,0,2,2,3
,2015_16250,39.779661,-104.967133,5/1/2015 12:45,12:45,3,0,0,BRIGHTON BLVD & 4500 BLK N,1,1,0,0,1,1,,,45,0,0,0,0,0,2,2,13
,2015_16261,39.629967,-104.904923,4/3/2015 6:00,6:00,5,0,0,I-225 NB ON RAMP FROM I-25 SB & FLYOVER PT,5,3,1,0,2,8,,,65,0,0,0,0,0,1,4,7
,2015_16279,39.787435,-105.025221,6/20/2015 19:02,19:02,2,0,0,FEDERAL BLVD N & 50TH AVE W,1,1,0,0,1,1,,,35,1,0,0,0,0,2,2,13
,2015_16296,39.741172,-105.025189,8/16/2015 17:22,17:22,5,0,1,FEDERAL BLVD SB OFF RAMP & COLFAX AVE W,1,1,0,0,3,8,,,35,0,0,0,1,2,2,1,5
,2015_16298,39.768094,-105.025186,1/30/2015 15:00,15:00,12,0,0,FEDERAL BLVD & 3700 BLKN,1,1,1,0,1,4,,,35,0,0,0,0,0,2,2,13
,2015_16299,39.769244,-105.025232,7/29/2015 12:38,12:38,12,0,0,38TH AVE W & FEDERAL BLVD N,1,1,0,0,1,1,,,35,0,0,0,0,0,2,2,15
,2015_16300,39.777866,-105.025232,7/3/2015 11:36,11:36,6,0,0,45TH AVE 3000 BLK W & FEDERAL BLVD N,1,1,0,0,1,4,,,25,0,0,0,0,0,2,2,13