id,drcog_id,latitude,longitude,crashtime,time,crashtype,numbkilled,numbinjurd,drcoglocat,rdconditin,lightngcon,roadcntgrd,weatherco,location,roaddescrp,schoolzone,constrzone,splimit,bikeinv,pedinv,sctrinv,motoinv,svrty,rdsystem,ttlvehcls,hcf
,2015_16301,39.780247,-105.025224,4/1/2015 17:17,17:17,5,0,0,FEDERAL BLVD & 4600 BLK N,1,1,1,0,3,4,,,35,0,0,0,0,0,2,1,10
,2015_16302,39.780247,-105.025224,7/15/2015 22:00,22:00,3,0,0,46TH AVE W & FEDERAL BLVD N,1,3,0,0,1,1,,,35,0,0,0,0,0,2,2,13
,2015_16303,39.78466,-105.025209,6/21/2015 9:50,9:50,12,0,0,FEDERAL BLVD N & I-70 WB RAMPS,1,1,0,0,1,1,,,35,0,0,0,0,1,2,2,13
,2015_16325,0,0,8/3/2015 2:00,2:00,6,0,0,30TH AVE & 4645 W,1,3,0,7,1,4,,,20,0,0,0,0,0,4,2,16
,2015_16431,0,0,1/11/2015 13:10,13:10,6,0,0,COURT PL & 1400,1,1,0,0,1,4,,,25,0,0,0,0,0,4,2,13
,2015_16432,0,0,2/2/2015 0:15,0:15,5,0,1,QUEBEC ST N & 36TH AVE E,2,3,0,7,1,4,,,45,0,0,0,0,2,4,1,5
,2015_16441,0,0,4/3/2015 14:29,14:29,1,0,0,1ST AVE E & CLAYTON LN N,1,1,0,7,1,1,,,30,0,0,0,0,0,4,2,3
,2015_16444,0,0,1/26/2015 15:08,15:08,15,0,0,3RD AVE 2600 BLK E & COLUMBINE ST N,1,1,0,0,1,4,,,25,0,0,0,0,0,4,2,13
,2015_16445,0,0,7/3/2015 0:38,0:38,6,0,1,4TH AVE W & LOWELL BLVD N,1,3,0,7,1,1,,,25,0,0,0,0,2,4,3,14
,2015_16446,0,0,6/20/2015 15:09,15:09,1,0,0,5TH AVE E & ADAMS ST N,1,1,0,7,1,1,,,25,0,0,0,0,1,4,2,3
,2015_16447,0,0,2/19/2015 16:24,16:24,3,0,0,8TH AVE W & MARIPOSA ST,1,1,0,7,1,1,,,30,0,0,0,0,0,4,2,16
,2015_16448,0,0,3/3/2015 8:50,8:50,3,0,0,8TH AVE E & MONACO ST N,1,1,0,0,1,1,,,30,0,0,0,0,0,4,2,13
,2015_16449,0,0,2/9/2015 9:30,9:30,3,0,0,8TH AVE 200 BLK E & SHERMAN ST N,1,1,1,0,1,2,,,5,0,0,0,0,0,4,3,14
,2015_16450,0,0,1/28/2015 7:43,7:43,12,0,0,8TH AVE W & ZUNI ST N,1,1,0,7,1,3,,,35,0,0,0,0,0,4,3,14
,2015_16451,0,0,7/8/2015 8:19,8:19,15,0,0,11TH AVE & 400 BLK W,1,1,0,0,1,1,,,30,0,0,0,0,0,4,3,13
,2015_16452,0,0,8/8/2015 11:22,11:22,3,0,0,14TH AVE E & EMERSON ST N,1,1,0,7,1,1,,,30,0,0,0,0,0,4,2,16
,2015_16453,0,0,7/11/2015 16:30,16:30,3,0,0,14TH AVE E & LINCOLN ST N,1,1,1,7,1,1,,,35,0,0,0,0,0,4,2,3
,2015_16454,0,0,7/23/2015 15:30,15:30,3,0,0,14TH AVE E & MARION ST N,1,1,0,7,1,5,,,5,0,0,0,0,1,4,2,16
,2015_16455,0,0,6/20/2015 21:17,21:17,3,0,1,14TH AVE 3600 BLK E & MONROE ST N,1,3,0,0,1,5,,,10,0,0,0,0,2,4,2,2
,2015_16456,0,0,6/24/2015 17:40,17:40,15,0,0,14TH AVE 500 BLK E & PEARL ST N,2,2,1,1,1,4,,,30,0,0,0,0,0,4,2,7
,2015_16457,0,0,6/8/2015 21:56,21:56,2,0,0,16TH AVE E & LINCOLN ST N,1,3,0,0,1,1,,,25,1,0,0,0,1,4,2,14
,2015_16458,0,0,3/31/2015 16:50,16:50,2,0,1,16TH AVE E & WASHINGTON ST N,1,1,0,0,1,1,,,30,1,0,0,0,3,4,2,13
,2015_16460,0,0,2/3/2015 12:59,12:59,3,0,0,17TH AVE W & NEWTON ST N,1,1,0,7,1,1,,,35,0,0,0,0,1,4,2,9
,2015_16461,0,0,3/25/2015 15:59,15:59,3,0,0,17TH AVE 6900 BLK E & ONEIDA ST N,1,1,0,7,1,1,,,30,0,0,0,0,0,4,2,16
,2015_16462,0,0,5/26/2015 19:19,19:19,12,0,0,17TH AVE E & QUEBEC ST N,1,1,0,7,1,4,,,30,0,0,0,0,0,4,2,16
,2015_16463,0,0,9/28/2015 9:40,9:40,1,0,0,16TH AVE E & GAYLORD ST N,1,1,0,0,1,1,,,25,0,0,0,0,0,4,2,13
,2015_16464,0,0,1/11/2015 19:00,19:00,6,0,0,29TH AVE E & QUEBEC ST N,2,3,0,7,1,4,,,25,0,0,0,0,0,4,2,16
,2015_16465,0,0,5/18/2015 14:01,14:01,6,0,0,31ST AVE E & DOWNING ST N,1,1,0,7,1,4,,,30,0,0,0,0,0,4,2,2
,2015_16466,0,0,8/18/2015 21:30,21:30,12,0,1,33RD AVE E & QUEBEC ST N,1,4,0,0,1,2,,,40,0,0,0,0,2,4,3,3
,2015_16467,0,0,10/25/2015 19:30,19:30,6,0,0,33RD AVE & 3300 BLK W,1,3,0,7,1,4,,,25,0,0,0,0,0,4,2,16
,2015_16468,0,0,9/29/2015 16:49,16:49,1,0,1,32ND AVE W & LOWELL BLVD N,2,1,0,1,1,1,,,25,0,0,0,1,3,4,2,1
,2015_16469,0,0,7/4/2015 9:58,9:58,5,0,0,38TH AVE W & LIPAN ST N,1,1,0,0,3,1,,,35,0,0,0,0,0,4,1,7
,2015_16470,0,0,1/31/2015 0:00,0:00,6,0,0,39TH AVE 13100 BLK E & UVALDA ST N,1,1,0,0,1,4,,,30,0,0,0,0,0,4,2,1
,2015_16471,0,0,2/4/2015 6:50,6:50,8,0,0,40TH AVE & 1600 BLK E,5,1,0,2,1,4,,,25,0,0,0,0,0,4,2,7
,2015_16472,0,0,4/3/2015 6:00,6:00,12,0,0,40TH AVE E & CENTRAL PARK BLVD N,4,2,0,2,1,4,,,30,0,0,0,0,1,4,3,1
,2015_16473,0,0,8/5/2015 16:24,16:24,2,0,0,36TH AVE & 3000 BLK W,1,1,0,0,1,5,,,25,1,0,0,0,1,4,2,7
,2015_16474,0,0,4/7/2015 7:46,7:46,3,0,0,40TH AVE W & NAVAJO ST N,2,1,0,1,1,1,,,30,0,0,0,0,0,4,2,16
,2015_16475,0,0,9/3/2015 17:52,17:52,12,0,0,39TH AVE E & PEORIA ST N,1,1,0,1,1,1,,,35,0,0,0,0,0,4,3,16
,2015_16476,0,0,2/28/2015 14:30,14:30,10,0,0,45TH AVE 12100 BLK E & PEORIA ST N,2,1,0,0,1,4,,,25,0,0,0,0,0,4,2,13
,2015_16477,0,0,3/5/2015 17:00,17:00,3,0,0,56TH AVE E & PENA BLVD,1,1,0,0,1,1,,,40,0,0,0,0,0,4,2,13
,2015_16478,0,0,4/28/2015 17:20,17:20,6,0,0,ADAMS ST N & 13TH AVE E,1,1,0,7,1,4,,,15,0,0,0,0,0,4,2,7
,2015_16480,0,0,2/17/2015 9:45,9:45,3,0,0,ALAMEDA AVE 4200 BLK E & COLORADO BLVD S,1,1,0,0,1,2,,,35,0,0,0,0,0,4,2,13
,2015_16481,0,0,4/14/2015 10:02,10:02,15,0,0,ALAMEDA AVE 900 BLK W & KALAMATH ST S,1,1,0,0,1,4,,,30,0,0,0,0,0,4,2,8
,2015_16482,0,0,2/18/2015 16:32,16:32,3,0,0,ARKANSAS AVE W & IRVING ST S,1,1,0,7,1,1,,,25,0,0,0,0,1,4,2,1
,2015_16483,0,0,1/23/2015 22:07,22:07,1,0,0,AURARIA PKWY & 9TH ST,1,3,0,0,1,1,,,35,0,0,0,0,0,4,2,13
,2015_16484,0,0,8/9/2015 23:15,23:15,1,0,0,ALAMEDA AVE W & SANTA FE DR S,1,3,0,0,1,1,,,30,0,0,0,0,0,4,2,1
,2015_16485,0,0,11/23/2015 14:10,14:10,14,0,0,ALASKA PL W & KNOX CT S,1,1,0,0,1,1,,,30,0,0,0,0,0,4,2,1
,2015_16486,0,0,4/3/2015 7:20,7:20,3,0,1,CENTRAL PARK BLVD N & NORTHFIELD BLVD E,1,1,0,7,1,1,,,35,0,0,0,0,2,4,2,16
,2015_16487,0,0,1/9/2015 14:40,14:40,1,0,0,CHAMBERS RD N & GVR BLVD E,1,1,0,0,1,1,,,40,0,0,0,0,0,4,2,13
,2015_16488,0,0,6/1/2015 12:39,12:39,5,0,0,QUEBEC ST & 40TH AVE E,1,1,1,0,3,1,,,25,0,0,0,0,0,4,1,7
,2015_16489,0,0,1/7/2015 10:02,10:02,12,0,0,CHERRY CREEK S DR 2400 BLK S & UNIVERSITY BLVD S,5,1,0,2,1,1,,,35,0,0,0,0,0,4,3,16
,2015_16490,0,0,6/24/2015 11:43,11:43,12,0,0,CLERMONT ST 1100 BLK N & HALE PKWY E,1,1,0,0,1,4,,,25,0,0,0,0,0,4,2,13
,2015_16491,0,0,7/26/2015 8:39,8:39,1,0,0,COLOMBIA PL W & 5904,1,1,0,0,1,2,,,25,0,0,0,0,0,4,2,3
,2015_16492,0,0,8/5/2015 13:24,13:24,12,0,6,W CONEJOS PL & STUART ST N,1,1,0,7,1,1,,,25,0,0,0,0,2,4,2,16
,2015_16493,0,0,7/24/2015 10:27,10:27,3,0,0,CORONA ST N & 6TH AVE E,1,1,1,7,1,1,,,30,0,0,0,0,0,4,3,14
,2015_16494,0,0,12/28/2015 0:40,0:40,5,0,1,CHEROKEE ST N & 1100 BLK,5,3,0,0,3,4,,,30,0,0,0,0,2,4,1,5
,2015_16495,0,0,8/4/2015 13:00,13:00,6,0,0,CLAY ST 2300 BLK N & 23RD AVE W,1,2,0,0,1,4,,,35,0,0,0,0,0,4,2,14
,2015_16496,0,0,7/21/2015 19:36,19:36,3,0,0,DAKOTA AVE W & BANNOCK ST S,1,2,0,7,1,1,,,25,0,0,0,0,0,4,3,16
,2015_16497,0,0,4/30/2015 15:24,15:24,15,0,0,DARTMOUTH AVE W & VRAIN ST S,1,1,0,0,1,4,,,20,0,0,0,0,0,4,2,1
,2015_16498,0,0,6/16/2015 17:55,17:55,3,0,0,DAYTON ST S & GIRARD AVE E,1,1,0,7,1,1,,,25,0,0,0,0,0,4,2,1
,2015_16499,0,0,12/18/2015 19:15,19:15,6,0,0,DAHLIA ST 2100 BLK S & EVANS AVE E,2,3,0,7,1,4,,,5,0,0,0,0,0,4,2,16
,2015_16500,0,0,10/17/2015 22:30,22:30,6,0,0,DECATUR ST S & BAYAUD AVE W,1,2,0,0,1,4,,,25,0,0,0,0,0,4,2,1
,2015_16501,0,0,7/29/2015 12:48,12:48,12,0,0,DOWNING ST S & EVANS AVE E,1,1,0,7,1,4,,,35,0,0,0,0,0,4,2,3
,2015_16502,0,0,4/18/2015 22:00,22:00,6,0,0,EMERSON ST 1400 BLK N & COLFAX AVE E,1,3,0,7,1,4,,,25,0,0,0,0,0,4,2,5
,2015_16503,0,0,5/3/2015 22:00,22:00,6,0,0,EUGENE WAY & 4300 BLK N,1,3,0,0,1,4,,,30,0,0,0,0,0,4,4,5
,2015_16504,0,0,9/8/2015 10:45,10:45,6,0,0,EMERSON ST N & 18TH AVE E,1,1,0,7,1,4,,,25,0,0,0,0,0,4,2,1
,2015_16505,0,0,6/19/2015 16:35,16:35,12,0,0,EVANS AVE & 4800 BLK E,1,1,0,0,1,4,,,35,0,0,0,0,0,4,2,13
,2015_16506,0,0,5/11/2015 18:00,18:00,1,0,0,EVANS AVE E & ASH ST S,1,1,0,7,1,2,,,30,0,0,0,0,0,4,2,3
,2015_16507,0,0,1/4/2015 2:55,2:55,5,0,1,UNIVERSITY BLVD 2400 BLK S & WESLEY AVE E,4,3,3,7,3,1,,,30,0,0,0,0,3,4,1,5
,2015_16508,0,0,7/11/2015 18:20,18:20,10,0,0,EVANS AVE E & UNIVERSITY BLVD S,1,1,0,0,1,1,,,30,0,0,0,0,0,4,2,8
,2015_16509,0,0,2/25/2015 21:00,21:00,6,0,0,GILPIN ST 1700 BLK N & 18TH AVE E,4,3,1,2,1,4,,,30,0,0,0,0,0,4,2,7
,2015_16511,0,0,1/19/2015 14:04,14:04,3,0,0,GLENCOE ST N & 23RD AVE E,1,1,0,7,1,1,,,25,0,0,0,0,0,4,2,16
,2015_16512,0,0,2/4/2015 16:30,16:30,12,0,0,GLOBEVILLE RD N & PARK AVE,6,1,0,7,1,4,,,35,0,0,0,0,0,4,2,1
,2015_16513,0,0,8/16/2015 22:30,22:30,6,0,0,FLORIDA AVE E & CLAYTON ST S,1,3,0,7,1,4,,,30,0,0,0,0,0,4,3,5
,2015_16514,0,0,12/17/2015 8:29,8:29,12,0,0,GRAPE ST S & EVANS AVE E,2,1,0,0,1,1,,,30,0,0,0,0,0,4,2,13
,2015_16515,0,0,1/7/2015 15:23,15:23,6,0,0,IOWA AVE E & BROADWAY ST S,1,1,0,7,1,3,,,25,0,0,0,0,0,4,2,16
,2015_16516,0,0,3/23/2015 14:50,14:50,6,0,0,JAY CIR S & PRENTICE PL W,1,1,0,7,1,2,,,25,0,0,0,0,0,4,2,2
,2015_16518,0,0,2/21/2015 19:15,19:15,12,0,0,JEWELL AVE W & NAVAJO ST S,5,3,1,2,1,4,,,25,0,0,0,0,0,4,2,14
,2015_16519,0,0,6/8/2015 18:00,18:00,6,0,0,JOSEPHINE ST N & 3245,1,1,0,0,1,4,,,20,0,0,0,0,0,4,2,14
,2015_16520,0,0,1/9/2015 1:00,1:00,12,0,0,LARIMER ST & 27TH ST,5,3,0,2,1,1,,,25,0,0,0,0,1,4,2,16
,2015_16521,0,0,6/11/2015 14:57,14:57,3,0,0,KENTUCKY AVE E & LOGAN ST S,1,1,0,0,1,1,,,25,0,0,0,0,0,4,2,3
,2015_16522,0,0,1/21/2015 18:20,18:20,3,0,0,KNOX CT N & 10TH AVE W,5,3,0,0,1,1,,,25,0,0,0,0,0,4,2,13
,2015_16523,0,0,3/27/2015 15:25,15:25,3,0,0,LAFAYETTE ST N & 8TH AVE E,1,1,0,7,1,1,,,30,0,0,0,0,0,4,2,8
,2015_16524,0,0,2/14/2015 2:06,2:06,15,0,0,LARIMER ST 2000 BLK & 20TH ST,1,3,0,0,1,4,,,35,0,0,0,0,0,4,2,14
,2015_16525,0,0,9/9/2015 7:55,7:55,6,0,0,KIRK ST N & 41ST AVE E,1,1,0,7,1,4,,,20,0,0,0,0,0,4,2,16
,2015_16526,0,0,3/5/2015 7:40,7:40,6,0,0,LINCOLN ST & 900 BLK,1,1,0,0,1,4,,,30,0,0,0,0,0,4,2,13
,2015_16527,0,0,3/5/2015 8:46,8:46,15,0,0,LINCOLN ST 100 BLK N & 1ST AVE E,1,1,0,0,1,4,,,30,0,0,0,0,0,4,2,14
,2015_16528,0,0,2/21/2015 2:30,2:30,6,0,0,LINCOLN ST 900 BLK N & 9TH AVE E,4,3,0,2,1,4,,,35,0,0,0,0,0,4,2,16
,2015_16529,0,0,9/23/2015 19:51,19:51,6,0,0,LAWRENCE ST 2900 BLK & LAWRENCE ST 2947,1,1,0,7,1,4,,,30,0,0,0,0,0,4,2,16
,2015_16530,0,0,8/31/2015 10:50,10:50,3,0,1,LINCOLN ST N & 46TH AVE E,1,1,0,0,1,1,,,25,0,0,0,0,2,4,2,13
,2015_16531,0,0,3/18/2015 19:55,19:55,15,0,0,LINCOLN AVE & ELLSWORTH AVE E,2,3,0,1,1,4,,,30,0,0,0,0,1,4,2,7
,2015_16532,0,0,2/18/2015 11:30,11:30,12,0,0,LINCOLN ST 700 BLK S & OHIO AVE E,1,1,0,0,1,3,,,30,0,0,0,0,0,4,2,13
,2015_16533,0,0,6/6/2015 21:01,21:01,3,0,0,LINCOLN ST S & VIRGINIA AVE E,1,3,0,7,1,1,,,30,0,0,0,0,1,4,2,16
,2015_16534,0,0,5/27/2015 22:20,22:20,6,0,0,LIPAN ST S & TENNESSEE AVE W,1,3,1,1,1,4,,,25,0,0,0,0,0,4,2,14
,2015_16535,0,0,10/30/2015 22:50,22:50,14,0,0,LOGAN ST 1100 BLK N & 11TH AVE E,1,3,0,0,1,4,,,20,0,0,0,0,0,4,2,5
,2015_16536,0,0,4/29/2015 18:02,18:02,12,0,0,LOGAN ST S & EXPOSITION AVE E,1,1,0,7,1,4,,,30,0,0,0,0,1,4,3,3
,2015_16537,0,0,2/4/2015 9:58,9:58,5,0,0,LOWELL BLVD 2900 BLK N & 29TH AVE W,5,1,0,2,3,3,,,35,0,0,0,0,0,4,1,14
,2015_16538,0,0,6/10/2015 17:50,17:50,15,0,0,LOWRY BLVD E & RAMPART WAY N,1,1,0,0,1,6,,,15,0,0,0,0,0,4,2,13
,2015_16539,0,0,4/20/2015 17:50,17:50,1,0,0,MAPLE AVE E & LINCOLN ST S,1,1,0,7,1,1,,,30,0,0,0,0,0,4,2,16
,2015_16540,0,0,8/12/2015 7:55,7:55,3,0,0,MEXICO AVE E & S HUMBOLDT ST,1,1,0,7,1,1,,,25,0,0,0,0,0,4,2,3
,2015_16541,0,0,2/4/2015 7:45,7:45,12,0,0,MEXICO AVE W & IRVING ST S,5,1,2,2,1,4,,,25,0,0,0,0,0,4,2,16
,2015_16542,0,0,10/30/2015 18:45,18:45,3,0,0,MISSISSIPPI AVE W & ELIOT ST S,1,3,0,0,1,1,,,25,0,0,0,0,0,4,2,7
,2015_16543,0,0,4/12/2015 19:15,19:15,3,0,0,MISSISSIPPI AVE 4000 BLK E & COLORADO BLVD S,1,3,1,0,1,2,,,30,0,0,0,0,0,4,2,14
,2015_16544,0,0,2/27/2015 22:17,22:17,6,0,0,VALE DR 5500 BLK E & HOLLY ST S,4,4,1,7,1,4,,,25,0,0,0,0,0,4,2,14
,2015_16545,0,0,2/7/2015 15:04,15:04,12,0,0,QUEBEC ST 1600 BLK N & 17TH AVE E,1,1,0,7,1,3,,,30,0,0,0,0,0,4,4,16
,2015_16546,0,0,1/22/2015 10:35,10:35,12,0,0,7TH ST & CURTIS ST,1,1,0,7,1,4,,,30,0,0,0,0,0,4,2,16
,2015_16547,0,0,3/1/2015 22:11,22:11,7,0,0,14TH ST 700 BLK & CALIFORNIA ST,5,5,0,0,1,5,,,25,0,0,0,0,0,4,1,8
,2015_16548,0,0,4/24/2015 9:21,9:21,12,0,0,15TH ST & MARKET ST,1,1,1,7,1,1,,,35,0,0,0,0,0,4,2,16
,2015_16549,0,0,5/22/2015 22:57,22:57,1,0,0,18TH ST & BASSETT ST,2,3,0,7,1,1,,,25,0,0,0,0,0,4,2,5
,2015_16550,0,0,11/23/2015 14:30,14:30,5,0,0,16TH ST & GLENARM PL,1,1,0,0,3,1,,,,0,0,0,0,0,4,1,16
,2015_16551,0,0,6/12/2015 15:20,15:20,15,0,0,18TH ST & BROADWAY ST N,1,1,0,7,1,1,,,30,0,0,0,0,0,4,2,16
,2015_16552,0,0,8/4/2015 13:10,13:10,12,0,0,18TH ST 600 BLK & CALIFORNIA ST,1,1,0,7,1,4,,,35,0,0,0,0,1,4,2,7
,2015_16553,0,0,12/31/2015 8:59,8:59,15,0,0,30TH ST & ZUNI ST N,1,1,0,0,1,1,,,25,0,0,0,0,0,4,2,13
,2015_16554,0,0,2/4/2015 12:15,12:15,10,0,0,20TH ST & STOUT ST,2,1,0,0,1,1,,,25,0,0,0,0,0,4,2,13
,2015_16555,0,0,3/25/2015 8:55,8:55,15,0,0,21ST ST & CHAMPA ST,2,1,0,2,1,1,,,25,0,0,0,0,0,4,2,13
,2015_16556,0,0,4/10/2015 9:20,9:20,3,0,0,21ST ST & WELTON ST,1,1,0,7,1,1,,,30,0,0,0,0,0,4,2,16
,2015_16557,0,0,6/3/2015 17:39,17:39,15,0,0,29TH ST & BRIGHTON BLVD N,1,1,0,0,1,4,,,30,0,0,0,0,0,4,2,14
,2015_16558,0,0,8/31/2015 17:47,17:47,3,0,0,35TH ST & BRIGHTON BLVD N,1,1,0,0,1,2,,,35,0,0,0,0,0,4,2,13
,2015_16559,0,0,1/15/2015 14:36,14:36,11,0,1,SPEER BLVD N & CHEROKEE ST N,1,1,0,0,1,4,,,,0,1,0,0,2,4,2,13
,2015_16560,0,0,6/24/2015 18:39,18:39,12,0,0,SPEER BLVD 1800 BLK N & CHOPPER CIR,2,1,1,1,1,4,,,35,0,0,0,0,0,4,2,3
,2015_16561,0,0,9/25/2015 19:00,19:00,6,0,0,SHOSHONE ST 1100 BLK S & MOSIER PL W,1,2,0,7,2,3,,,25,0,0,0,0,0,4,3,1
,2015_16562,0,0,5/17/2015 14:33,14:33,10,0,1,SPEER BLVD E & CORONA ST N,1,1,0,0,1,1,,,30,0,0,0,1,3,4,2,8
,2015_16563,0,0,6/16/2015 8:50,8:50,12,0,0,SPEER BLVD N & FIRTH CT,1,1,0,7,1,4,,,35,0,0,0,0,1,4,2,14
,2015_16564,0,0,8/5/2015 14:34,14:34,2,0,1,ST FRANCIS WY & SPEER BLVD,1,1,0,0,5,1,,,,1,0,0,0,2,3,2,16
,2015_16565,0,0,1/12/2015 10:15,10:15,12,0,0,TAMARAC DR S & QUINCY AVE E,1,1,0,7,1,1,,,30,0,0,0,0,0,4,2,12
,2015_16566,0,0,8/14/2015 14:10,14:10,15,0,0,TENNESSEE AVE 6800 BLK E & ONEIDA ST S,1,1,0,7,1,2,,,25,0,0,0,0,0,4,2,1
,2015_16567,0,0,5/7/2015 12:30,12:30,6,0,0,TENNYSON ST 3900 BLK N & 39TH AVE W,1,1,0,7,1,4,,,30,0,0,0,0,0,4,2,6
,2015_16568,0,0,1/5/2015 8:05,8:05,12,0,0,TOWER RD N & E PENA BL,5,1,1,7,1,3,,,45,0,0,0,0,0,4,2,16
,2015_16569,0,0,1/29/2015 6:30,6:30,15,0,0,TOWER RD N SB & PENA BLVD,1,2,0,0,1,3,,,35,0,0,0,0,0,4,2,13
,2015_16570,0,0,6/6/2015 7:50,7:50,1,0,0,TOWER RD N & PENA BLVD,2,1,0,1,1,1,,,40,0,0,0,0,0,4,2,14
,2015_16571,0,0,1/21/2015 9:43,9:43,12,0,0,UNIVERSITY BLVD 300 BLK S & ALAMEDA AVE E,5,1,1,2,1,4,,,30,0,0,0,0,0,4,4,16
,2015_16572,0,0,6/19/2015 17:41,17:41,12,0,0,UNIVERSITY BLVD S & ARKANSAS AVE E,1,1,0,7,1,4,,,35,0,0,0,0,0,4,2,3
,2015_16573,0,0,2/15/2015 12:44,12:44,12,0,0,UNIVERSITY BLVD S & ASBURY AVE E,1,1,0,7,1,4,,,30,0,0,0,0,0,4,2,16
,2015_16574,0,0,2/13/2015 17:37,17:37,3,0,0,UNIVERSITY BLVD S & HARVARD AVE E,1,1,0,0,1,1,,,35,0,0,0,0,0,4,2,13
,2015_16575,0,0,8/8/2015 8:05,8:05,12,0,0,UNIVERSITY BLVD S & ILIFF AVE E,1,1,0,7,1,3,,,35,0,0,0,0,0,4,2,16
,2015_16576,0,0,7/1/2015 8:00,8:00,12,0,0,UNIVERSITY BLVD S & MISSISSIPPI AVE E,1,1,1,7,1,3,,,30,0,0,0,0,0,4,2,3
,2015_16577,0,0,3/19/2015 8:05,8:05,12,0,0,UNIVERSITY BLVD 700 BLK S & OHIO ST S,2,1,0,1,1,2,,,30,0,0,0,0,0,4,2,13
,2015_16578,0,0,2/19/2015 8:50,8:50,1,0,0,YALE AVE E & MONACO ST S,1,1,0,0,1,1,,,30,0,0,0,0,0,4,2,13
,2015_16579,0,0,2/4/2015 8:37,8:37,5,0,0,YALE AVE 7200 BLK E & QUEBEC ST S,5,1,1,2,3,3,,,30,0,0,0,0,0,4,1,13
,2015_16580,0,0,10/16/2015 20:00,20:00,6,0,0,VALLEY HEAD ST & 7965 VALLEY HEAD ST,1,1,0,7,1,7,,,10,0,0,0,0,0,4,2,16
,2015_16581,0,0,8/21/2015 13:20,13:20,10,0,0,WASHINGTON ST & 1400 BLK N,1,1,0,0,1,2,,,30,0,0,0,0,0,4,2,13
,2015_16583,0,0,12/1/2015 17:38,17:38,3,0,0,YOSEMITE ST S & KENYON AVE E,6,3,0,0,1,1,,,40,0,0,0,0,0,4,2,13
,2015_16680,39.678409,-104.940629,6/3/2015 20:05,20:05,1,0,0,EVANS AVE E & COLORADO BLVD S,1,4,0,0,1,1,,,35,0,0,0,0,0,2,3,7
,2015_16681,39.691223,-104.94055,6/4/2015 7:30,7:30,12,0,0,COLORADO BLVD 1300 BLK S & ARKANSAS AVE E,1,1,1,0,1,3,,,35,0,0,0,0,0,2,2,1
,2015_16682,39.701997,-104.940621,10/3/2015 14:26,14:26,12,0,0,COLORADO BLVD S & OHIO AVE E,1,1,0,0,1,1,,,35,0,0,0,1,0,2,2,1
,2015_16683,39.703719,-104.940623,2/6/2015 14:53,14:53,12,0,0,COLORADO BLVD & EXPOSITION AVE E,1,1,0,0,1,4,,,30,0,0,0,0,0,2,2,3
,2015_16685,39.707354,-104.940625,7/8/2015 13:25,13:25,1,0,0,VIRGINIA AVE E & COLORADO BLVD S,2,1,0,1,1,1,,,30,0,0,0,0,0,2,3,7
,2015_16686,39.717824,-104.940628,1/4/2015 18:15,18:15,12,0,0,COLORADO BLVD (000 BLK N) & 1ST AVE E,5,3,1,0,1,3,,,40,0,0,0,0,0,2,2,5
,2015_16687,39.717824,-104.940628,6/3/2015 10:00,10:00,1,0,0,COLORADO BLVD N & 1ST AVE E,1,1,1,0,1,1,,,35,0,0,0,0,0,2,2,13
,2015_16694,39.725421,-105.026297,3/16/2015 18:20,18:20,12,0,0,6TH AVE W & FEDERAL BLVD N,1,1,0,0,1,8,,,35,0,0,0,0,0,2,2,13
,2015_16695,39.7254,-105.022387,5/29/2015 23:09,23:09,12,0,0,6TH AVE W & DECATUR ST N OFFSET REF,2,3,1,1,1,8,,,45,0,0,0,0,0,2,2,1
,2015_16696,39.725205,-105.018063,5/28/2015 23:22,23:22,15,0,0,6TH AVE & I-25,1,3,1,0,1,4,,,45,0,0,0,0,0,2,2,13
,2015_16697,39.78078,-104.94972,3/10/2015 17:50,17:50,3,0,0,STEELE ST & 4640 BLK N,1,1,1,0,5,2,,,15,0,0,0,0,0,2,2,13
,2015_16698,39.78374,-104.947842,7/1/2015 14:24,14:24,1,0,0,48TH AVE E & VASQUEZ BLVD N,1,1,0,0,1,1,,,45,0,0,0,0,1,2,3,13
,2015_16723,39.65418,-104.918762,3/13/2015 11:28,11:28,12,0,0,I-25 NB ON RAMP AT METER & HAMPDEN AVE E,1,1,1,0,1,8,,,45,0,0,0,0,0,1,2,3
,2015_16724,39.683168,-104.94079,10/22/2015 9:00,9:00,12,0,0,I-25 SB OFF RAMP & COLORADO BLVD,1,1,1,1,1,8,,,55,0,0,0,0,0,1,2,1
,2015_16725,39.66762,-104.92561,3/23/2015 12:40,12:40,12,0,0,I-25 SB RAMPS & YALE AVE E,1,1,0,0,1,1,,,35,0,0,0,0,0,1,2,13
,2015_16726,39.678363,-104.933558,7/23/2015 11:50,11:50,15,0,0,I-25 & EVANS AVE E,1,1,0,0,1,4,,,55,0,0,0,0,0,1,2,13
,2015_16727,39.72543,-105.013021,5/21/2015 17:05,17:05,12,0,0,I-25 & 6TH AVE W,1,1,1,0,1,4,,,55,0,0,0,0,0,1,2,7
,2015_16728,39.72543,-105.013021,7/27/2015 22:05,22:05,12,0,0,I25 SB & 6TH AVE W,1,3,1,0,1,4,,,55,0,0,0,0,1,1,2,13
,2015_16729,39.728854,-105.014648,5/17/2015 1:10,1:10,12,0,0,I-25 & MM 209.45 (APPROX),1,3,0,0,1,4,,,55,0,0,0,0,1,1,2,14
,2015_16730,39.729334,-105.014821,7/7/2015 20:47,20:47,15,0,0,I-25 & 8TH AVE W,1,3,0,0,1,4,,,55,0,0,0,0,0,1,3,2
,2015_16731,39.751422,-105.016503,6/18/2015 6:46,6:46,15,0,0,I-25 NB ON RAMP SPLIT PT & 23RD AVE W,1,1,0,0,1,8,,,45,0,0,0,0,0,1,2,8
,2015_16732,39.755141,-105.012706,1/30/2015 16:45,16:45,15,0,0,I-25 & SPEER BLVD N,1,1,0,0,1,4,,,55,0,0,0,0,0,1,2,13
,2015_16733,39.755141,-105.012706,4/14/2015 13:10,13:10,12,0,0,SPEER BLVD N & I-25,1,5,0,0,1,4,,,40,0,0,0,0,0,1,2,13