id,drcog_id,latitude,longitude,crashtime,time,crashtype,numbkilled,numbinjurd,drcoglocat,rdconditin,lightngcon,roadcntgrd,weatherco,location,roaddescrp,schoolzone,constrzone,splimit,bikeinv,pedinv,sctrinv,motoinv,svrty,rdsystem,ttlvehcls,hcf
,2015_16734,39.756909,-105.010265,2/16/2015 4:40,4:40,15,0,0,I-25 & SPEER BLVD N,4,3,0,2,1,4,,,55,0,0,0,0,0,1,2,14
,2015_16735,39.757148,-105.009912,7/13/2015 5:58,5:58,15,0,0,I-25 & 15TH ST,1,1,0,0,1,4,,,55,0,0,0,0,0,1,2,13
,2015_16736,39.760997,-105.004275,6/23/2015 9:25,9:25,12,0,0,I-25 & 20TH ST,1,1,1,0,1,4,,,55,0,0,0,0,0,1,2,3
,2015_16737,39.760997,-105.004275,6/4/2015 13:01,13:01,12,0,0,I-25 SB RAMPS & 20TH ST,1,1,0,0,1,3,,,55,0,0,0,0,0,1,2,14
,2015_16738,39.766869,-104.997803,5/19/2015 21:31,21:31,12,0,0,I-25 & 20TH ST,2,3,0,1,1,4,,,60,0,0,0,0,1,1,2,1
,2015_16739,39.768039,-104.994788,7/13/2015 6:26,6:26,12,0,0,I-25 & PARK AVE WEST,1,1,0,0,1,4,,,55,0,0,0,0,0,1,2,13
,2015_16740,39.759466,-105.006692,11/4/2015 15:57,15:57,15,0,0,I-25 SB ON RAMP & 20TH ST,1,1,0,0,1,8,,,55,0,0,0,0,0,1,2,1
,2015_16766,39.711177,-105.01144,2/19/2015 12:01,12:01,15,0,0,ALAMEDA AVE W & TEJON ST S,1,1,0,0,1,4,,,35,0,0,0,0,0,2,2,1
,2015_16767,39.711183,-105.01103,5/21/2015 17:21,17:21,1,0,0,ALAMEDA AVE W & TEJON ST S,1,1,1,0,1,1,,,35,0,0,0,0,0,2,2,7
,2015_16768,39.711181,-105.008597,5/26/2015 12:40,12:40,3,0,0,ALAMEDA AVE W & RARITAN ST S,1,1,0,0,1,1,,,25,0,0,0,0,1,2,2,1
,2015_16769,39.711183,-105.00205,3/16/2015 10:25,10:25,12,0,0,ALAMEDA AVE 1200 BLK W & LIPAN ST S,1,1,0,0,1,4,,,35,0,0,0,0,0,2,4,3
,2015_16770,39.711184,-105.00153,6/20/2015 15:35,15:35,15,0,0,LIPAN ST S & ALAMEDA AVE W,1,1,0,0,1,4,,,35,0,0,0,0,0,2,2,13
,2015_16771,39.65308,-104.899164,2/3/2015 12:19,12:19,12,0,0,HAMPDEN AVE 7700 BLK E & TAMARAC DR S,1,1,0,0,1,2,,,,0,0,0,0,1,2,2,13
,2015_16773,39.660251,-104.866296,5/21/2015 16:25,16:25,15,0,0,HAVANA ST S & DARTMOUTH AVE E,1,1,0,0,1,1,,,45,0,0,0,0,0,2,2,3
,2015_16788,39.777393,-104.903402,7/15/2015 16:50,16:50,12,0,0,QUEBEC ST N & I-70 EB ON RAMPS,1,1,0,0,1,1,,,40,0,0,0,0,0,2,2,12
,2015_16789,39.785534,-104.89964,4/3/2015 6:40,6:40,12,0,0,NORTHFIELD BLVD E & QUEBEC ST SB RAMPS,5,1,0,0,1,3,,,30,0,0,0,0,0,2,2,13
,2015_16790,39.779316,-104.903391,8/14/2015 12:03,12:03,11,0,1,NORTHFIELD QUEBEC ST N & I-70 WB RAMPS,1,1,1,0,1,1,,,,0,1,0,0,2,2,2,13
,2015_16802,39.740344,-105.029905,7/23/2015 6:42,6:42,3,0,0,COLFAX AVE W & IRVING ST N,1,1,0,0,1,3,,,30,0,0,0,0,0,2,2,14
,2015_16803,39.740254,-105.028387,1/16/2015 22:32,22:32,15,0,0,COLFAX 3200 BLK W & IRVING ST N,1,3,0,0,1,4,,,35,0,0,0,0,0,2,2,9
,2015_16804,39.740322,-105.053272,9/29/2015 19:50,19:50,3,0,0,COLFAX AVE W & SHERIDAN BLVD,1,3,1,0,1,1,,,40,0,0,0,0,0,2,2,13
,2015_16806,39.739987,-104.963826,5/12/2015 16:55,16:55,12,0,1,COLFAX AVE 1900 BLK E & RACE ST N,2,1,0,1,1,4,,,30,0,0,0,1,2,2,2,7
,2015_16808,39.739998,-104.966067,7/15/2015 10:55,10:55,12,0,0,COLFAX AVE E & WILLIAMS ST N,1,1,0,0,1,3,,,35,0,0,0,0,0,2,3,13
,2015_16809,39.739983,-104.959843,6/11/2015 7:47,7:47,3,0,0,COLFAX AVE & YORK ST N,1,1,0,0,1,2,,,30,0,0,0,0,0,2,2,13
,2015_16810,39.739983,-104.959843,6/27/2015 12:07,12:07,12,0,0,COLFAX AVE E & YORK ST N,1,1,0,0,1,3,,,35,0,0,0,0,0,2,2,14
,2015_16811,39.740174,-104.956897,2/6/2015 12:25,12:25,12,0,0,COLFAX AVE E & ESPLANADE ST,1,1,0,0,1,3,,,20,0,0,0,0,0,2,2,7
,2015_16812,39.740162,-104.95477,5/31/2015 12:17,12:17,12,0,0,COLFAX AVE E & DETROIT ST N (RD N),1,1,0,0,1,3,,,30,0,0,0,0,0,2,2,3
,2015_16813,39.740159,-104.95349,7/16/2015 6:35,6:35,3,0,0,COLFAX AVE E & FILLMORE ST N FILLMORE ST N (RD N),1,1,0,0,1,1,,,30,0,0,0,0,0,2,3,13
,2015_16814,39.740065,-104.925689,3/27/2015 0:04,0:04,5,0,0,COLFAX AVE E & GLENCOE ST N,1,3,0,0,2,3,,,30,0,0,0,0,0,2,1,13
,2015_16816,39.740084,-104.908216,3/9/2015 14:49,14:49,12,0,0,COLFAX AVE E & ONEIDA ST N,1,1,0,0,1,1,,,35,0,0,0,0,0,2,3,13
,2015_16817,39.740079,-104.903501,3/23/2015 15:08,15:08,15,0,0,COLFAX AVE E & QUEBEC ST N,1,1,0,0,1,4,,,35,0,0,0,0,0,2,2,14
,2015_16818,39.740078,-104.903314,3/27/2015 19:30,19:30,3,0,0,COLFAX AVE 7300 BLK E & QUEBEC ST N,1,3,0,0,1,2,,,35,0,0,0,0,0,2,2,13
,2015_16819,39.74008,-104.898636,3/1/2015 13:13,13:13,3,0,0,COLFAX AVE E & SYRACUSE ST N,1,1,0,0,1,1,,,35,0,0,0,0,0,2,2,13
,2015_16820,39.740086,-104.885881,10/1/2015 17:05,17:05,3,0,0,COLFAX AVE E & XENIA ST N,1,1,0,0,1,1,,,30,0,0,0,0,0,2,2,16
,2015_16839,39.780014,-104.959201,3/16/2015 16:44,16:44,15,0,0,I-70 & YORK ST N,1,1,0,0,1,4,,,55,0,0,0,0,0,1,3,14
,2015_16840,39.780016,-104.95337,2/25/2015 20:19,20:19,5,0,0,I-70 & VASQUEZ BLVD,5,3,0,2,2,4,,,55,0,0,0,0,1,1,2,1
,2015_16841,39.780016,-104.95337,4/24/2015 2:54,2:54,5,0,2,VASQUEZ BLVD & 46TH AVE,1,3,0,0,4,1,,,30,0,0,0,0,2,4,1,5
,2015_16842,39.780014,-104.959201,9/11/2015 14:05,14:05,5,0,0,46TH AVE E & YORK ST N,1,1,0,0,3,1,,,30,0,0,0,0,0,1,1,8
,2015_16843,39.779445,-104.979196,10/20/2015 22:50,22:50,15,0,0,I-70 & WASHINGTON ST N,2,3,0,1,1,4,,,55,0,0,0,0,0,1,2,16
,2015_16844,39.7783,-104.903788,3/5/2015 16:04,16:04,15,0,0,I-70 WB ON RAMP & QUEBEC ST N,1,1,1,0,1,8,,,30,0,0,0,0,0,1,2,13
,2015_16845,39.778271,-104.89681,2/2/2015 7:59,7:59,12,0,0,I-70 & I-270,10,1,0,0,1,4,,,55,0,0,0,0,0,1,2,14
,2015_16846,39.774397,-104.851573,6/15/2015 12:36,12:36,9,0,0,I-70 & PEORIA ST N,1,1,0,0,1,4,,,55,0,0,0,0,0,1,1,14
,2015_16847,39.774005,-104.847034,7/17/2015 7:06,7:06,12,0,0,I-70 & PEORIA ST N,1,1,0,0,1,4,,,55,0,0,0,0,0,1,2,7
,2015_16848,39.774005,-104.847034,5/29/2015 16:47,16:47,3,0,0,PEORIA ST N & I-70 WB RAMPS,1,1,0,0,1,1,,,40,0,0,0,0,0,1,2,3
,2015_16849,39.773989,-104.846848,3/10/2015 4:00,4:00,12,0,0,I-70 & PEORIA ST N,1,4,1,0,1,4,,,55,0,0,0,0,0,1,2,13
,2015_16850,39.773558,-104.841776,8/15/2015 11:52,11:52,12,0,0,I-225 HWY NB & I-70 HWY WB,1,1,0,7,1,8,,,55,0,0,0,0,1,1,3,10
,2015_16875,39.659933,-104.852826,1/8/2015 17:26,17:26,3,0,0,PARKER RD 3100 S & DARTMOUTH AVE E,1,3,1,0,1,2,,,40,0,0,0,0,0,2,2,3
,2015_16876,39.672645,-104.868137,4/16/2015 4:20,4:20,15,0,0,PARKER RD S & HARVARD AVE E,2,3,1,2,1,1,,,45,0,0,0,0,0,2,2,13
,2015_16877,39.674737,-104.870699,4/30/2015 15:10,15:10,12,0,0,PARKER RD 2300 BLK S & ILIFF AVE E,1,1,0,0,1,1,,,45,0,0,0,0,0,2,2,13
,2015_16878,39.674737,-104.870699,6/25/2015 16:31,16:31,12,0,0,ILIFF AVE E & PARKER RD S,1,1,0,0,1,1,,,35,0,0,0,0,0,2,2,3
,2015_16883,39.696696,-104.991872,1/15/2015 18:00,18:00,12,0,0,MISSISSIPPI AVE W & SANTA FE DR S,1,2,0,0,1,3,,,30,0,0,0,0,0,2,2,1
,2015_16893,39.737975,-105.025273,2/9/2015 9:00,9:00,1,0,0,FEDERAL BLVD N & 14TH AVE W,1,1,0,0,1,1,,,35,0,0,0,0,0,2,2,14
,2015_16894,39.735632,-105.025306,5/18/2015 8:36,8:36,15,0,0,FEDERAL BLVD N & HOLDEN PL W,2,1,0,0,1,4,,,35,0,0,0,0,0,2,2,14
,2015_16895,39.730193,-105.025164,1/25/2015 17:10,17:10,12,0,2,FEDERAL BLVD N & BARBERRY PL W,1,2,0,0,1,4,,,35,0,0,0,1,2,2,3,1
,2015_16896,39.729259,-105.02515,4/17/2015 12:13,12:13,3,0,0,FEDERAL BLVD N & 8TH AVE W,1,1,1,0,1,1,,,35,0,0,0,0,0,2,4,13
,2015_16898,39.725983,-105.025128,4/1/2015 15:50,15:50,3,0,0,FEDERAL BLVD N & 6TH AVE WB RAMP,1,1,0,0,1,1,,,25,0,0,0,0,0,2,2,13
,2015_16899,39.725493,-105.025119,3/13/2015 9:46,9:46,12,0,0,FEDERAL BLVD 600 BLK N & 6TH AVE W,1,1,0,0,1,3,,,35,0,0,0,0,0,2,2,14
,2015_16900,39.723926,-105.025146,2/23/2015 6:13,6:13,12,0,0,FEDERAL BLVD 500 BLK N & 5TH AVE W,5,1,0,2,1,4,,,35,0,0,0,0,0,2,2,13
,2015_16901,39.70041,-105.025085,7/5/2015 22:37,22:37,1,0,0,KENTUCKY AVE W & FEDERAL BLVD S,1,3,0,0,1,1,,,40,0,0,0,0,0,2,2,13
,2015_16902,39.696764,-105.025061,1/25/2015 23:10,23:10,12,0,1,FEDERAL BLVD S & MISSISSIPPI AVE W,1,3,0,0,1,1,,,40,0,0,0,0,2,2,2,10
,2015_16903,39.694884,-105.025057,5/27/2015 8:55,8:55,12,0,0,FEDERAL BLVD S & ARIZONA AVE W,1,1,0,0,1,4,,,40,0,0,0,0,0,2,2,13
,2015_16904,39.70041,-105.025085,7/10/2015 21:15,21:15,5,0,0,KENTUCKY AVE 3000 BLK W & FEDERAL BLVD S,2,3,0,1,3,5,,,25,0,0,0,0,0,2,1,13
,2015_16905,39.707648,-105.025079,9/19/2015 11:30,11:30,12,0,0,FEDERAL BLVD S & VIRGINIA AVE W,1,1,0,0,1,3,,,35,0,0,0,0,0,2,2,1
,2015_16917,39.679588,-105.053263,8/11/2015 15:15,15:15,1,0,0,SHERIDAN BLVD S & EVANS AVE W,1,1,0,0,1,2,,,35,0,0,0,0,0,2,2,1
,2015_16918,39.682241,-105.053199,7/4/2015 0:33,0:33,12,0,0,SHERIDAN BLVD S & JEWELL AVE W,1,3,0,0,1,1,,,40,0,0,0,0,0,2,2,13
,2015_16919,39.688066,-105.053268,2/22/2015 22:59,22:59,14,0,0,SHERIDAN BLVD & IOWA AVE,10,4,1,2,1,4,,,40,0,0,0,0,0,2,2,5
,2015_16921,39.693235,-105.053213,7/23/2015 15:08,15:08,3,0,0,SHERIDAN BLVD S & LOUISIANA AVE W,1,1,0,0,1,1,,,40,0,0,0,0,1,2,2,13
,2015_16924,39.718463,-105.053276,7/25/2015 15:39,15:39,3,0,2,SHERIDAN BLVD N & 1ST AVE W,1,1,0,0,1,1,,,40,0,0,0,0,2,2,2,1
,2015_16976,39.635523,-104.89346,2/4/2015 8:48,8:48,5,0,0,I-225 & TAMARAC ST S,4,1,1,2,2,4,,,55,0,0,0,0,1,1,1,13
,2015_16977,39.635523,-104.89346,5/7/2015 23:28,23:28,15,0,0,I-225 & TAMARAC ST S,2,3,1,1,1,1,,,35,0,0,0,0,1,1,2,5
,2015_16978,39.639275,-104.885096,1/23/2015 12:24,12:24,3,0,0,TAMARAC ST S & I-225,1,1,0,0,1,1,,,30,0,0,0,0,0,1,2,3
,2015_16992,39.652957,-104.945488,5/8/2015 13:20,13:20,5,0,0,HAMPDEN AVE E & COLORADO BLVD S,2,1,0,1,2,4,,,35,0,0,0,0,1,2,1,14
,2015_16993,39.652949,-104.940473,4/27/2015 10:00,10:00,12,0,0,HAMPDEN AVE 4000 BLK E & COLORADO BLVD S,2,1,0,1,1,4,,,35,0,0,0,0,0,2,2,1
,2015_17159,0,0,1/7/2015 16:52,16:52,6,0,0,CHANDLER CT 5500 BLK N & N CRYSTAL WAY,5,1,0,7,1,4,,,25,0,0,0,0,0,4,2,1
,2015_17193,0,0,11/19/2015 21:10,21:10,6,0,0,26TH AVE & 2517 E,1,3,0,7,1,4,,,35,0,0,0,0,0,4,2,4
,2015_17199,0,0,3/27/2015 16:43,16:43,3,0,0,1ST AVE E & BROADWAY ST N,1,1,0,7,1,1,,,25,0,0,0,0,0,4,2,16
,2015_17200,0,0,9/22/2015 3:25,3:25,6,0,0,2ND AVE W & KNOX CT N,1,3,1,7,1,4,,,30,0,0,0,0,0,4,4,16
,2015_17201,0,0,4/12/2015 16:33,16:33,6,0,0,2ND AVE E & 509,1,1,0,0,1,4,,,25,0,0,0,0,0,4,2,14
,2015_17202,0,0,1/22/2015 14:47,14:47,6,0,0,3RD AVE W & BROADWAY ST N,2,1,0,0,1,4,,,25,0,0,0,0,0,4,2,13
,2015_17203,0,0,5/12/2015 16:45,16:45,12,0,0,6TH AVE E & KRAMERIA ST N,1,1,0,7,1,4,,,30,0,0,0,0,0,4,2,16
,2015_17204,0,0,2/20/2015 7:40,7:40,15,0,0,6TH AVE E & MONACO PKWY N,1,1,0,1,1,1,,,30,0,0,0,0,0,4,2,7
,2015_17205,0,0,2/10/2015 9:13,9:13,10,0,0,6TH AVE W & SANTA FE DR S,1,1,0,0,1,1,,,45,0,0,0,0,0,4,3,7
,2015_17206,0,0,5/2/2015 8:48,8:48,10,0,0,7TH AVE E & GRANT ST N,1,1,0,0,1,1,,,30,0,0,0,0,0,4,2,13
,2015_17207,0,0,7/30/2015 23:43,23:43,5,0,0,7TH AVE E & WILLIAMS ST N,1,3,0,0,3,4,,,25,0,0,0,0,0,4,1,1
,2015_17208,0,0,4/9/2015 17:00,17:00,6,0,0,8TH AVE W & SANTA FE DR N,1,1,0,0,1,4,,,35,0,0,0,0,0,4,2,13
,2015_17209,0,0,6/20/2015 9:29,9:29,12,0,0,8TH AVE 2400 BLK W & ZUNI ST N,1,1,0,7,1,3,,,30,0,0,0,0,0,4,2,7
,2015_17210,0,0,7/11/2015 0:50,0:50,6,0,0,9TH AVE E & CLARKSON ST N,1,3,1,7,1,4,,,25,0,0,0,0,0,4,2,5
,2015_17211,0,0,6/1/2015 7:20,7:20,2,0,0,9TH AVE E & LOGAN ST N,1,1,0,0,1,1,,,25,1,0,0,0,0,4,2,13
,2015_17212,0,0,2/18/2015 1:50,1:50,3,0,0,10TH AVE W & KNOX CT N,1,3,0,7,1,1,,,30,0,0,0,0,0,4,2,5
,2015_17213,0,0,5/21/2015 12:05,12:05,10,0,0,13TH AVE E & TAMARAC ST N,1,1,0,0,1,1,,,30,0,0,0,0,0,4,2,7
,2015_17214,0,0,3/20/2015 16:00,16:00,6,0,0,37TH AVE W & ZUNI ST N,1,1,0,7,1,5,,,20,0,0,0,0,0,4,2,16
,2015_17215,0,0,12/13/2015 8:02,8:02,6,0,0,13TH AVE 1600 BLK E & GILPIN ST N,2,1,0,7,1,4,,,30,0,0,0,0,0,4,4,14
,2015_17216,0,0,4/10/2015 13:07,13:07,6,0,0,17TH AVE 5100 BLK E & FOREST PKWY N,1,1,0,0,1,4,,,30,0,0,0,0,0,4,2,12
,2015_17217,0,0,2/1/2015 0:20,0:20,12,0,0,17TH AVE E & GARFIELD ST N,5,3,1,2,1,4,,,35,0,0,0,0,0,4,2,14
,2015_17218,0,0,5/4/2015 17:42,17:42,6,0,0,ALBION ST & 700 BLK N,2,1,1,1,1,4,,,25,0,0,0,0,0,4,2,13
,2015_17219,0,0,4/21/2015 13:04,13:04,6,0,0,CHERRY CREEK N DR 6000 BLK E & KEARNEY ST S,1,1,0,7,1,4,,,30,0,0,0,0,0,4,2,16
,2015_17220,0,0,4/21/2015 11:45,11:45,15,0,0,18TH AVE & 300 BLK E,1,1,0,0,1,4,,,30,0,0,0,0,0,4,2,13
,2015_17221,0,0,4/7/2015 20:21,20:21,6,0,0,23RD AVE E & EMERSON ST N,1,3,0,7,1,1,,,25,0,0,0,0,0,4,2,14
,2015_17222,0,0,12/14/2015 9:10,9:10,3,0,0,25TH AVE E & HUDSON ST N,1,1,0,0,1,1,,,25,0,0,0,0,0,4,2,14
,2015_17223,0,0,1/23/2015 8:31,8:31,6,0,0,23RD AVE 2700 BLK W & CLAY ST N,1,1,0,7,1,4,,,30,0,0,0,0,0,4,2,3
,2015_17224,0,0,6/29/2015 8:18,8:18,12,0,0,25TH AVE E & OGDEN ST N,1,1,0,7,1,1,,,25,0,0,0,0,0,4,2,14
,2015_17225,0,0,12/17/2015 22:41,22:41,6,0,0,S ELLIOT ST & CENTER AVE W,4,4,0,7,1,1,,,25,0,0,0,0,0,4,2,16
,2015_17226,0,0,7/23/2015 18:07,18:07,12,0,0,ALAMEDA AVE 4000 BLK E & COLORADO BLVD S,1,1,0,7,1,4,,,35,0,0,0,0,0,4,2,16
,2015_17227,0,0,6/25/2015 9:46,9:46,12,0,0,ALAMEDA AVE 9700 BLK E & DAYTON ST S,1,1,0,7,1,2,,,35,0,0,0,0,0,4,2,16
,2015_17228,0,0,1/31/2015 17:48,17:48,1,0,0,ALAMEDA AVE W & SANTA FE DR S,1,3,0,7,1,1,,,35,0,0,0,0,0,4,2,16
,2015_17229,0,0,7/5/2015 19:03,19:03,14,0,0,ANDREWS DR E & TROY ST N,1,1,0,0,1,1,,,25,0,0,0,0,0,4,2,13
,2015_17230,0,0,5/15/2015 9:25,9:25,3,0,0,ARKINS CT & 29TH ST,1,1,0,7,1,1,,,25,0,0,0,0,0,4,2,16
,2015_17231,0,0,2/19/2015 17:33,17:33,12,0,0,ASBURY AVE E & UNIVERSITY BLVD S,1,1,0,7,1,1,,,30,0,0,0,0,0,4,2,16
,2015_17232,0,0,2/24/2015 17:08,17:08,3,0,0,ASBURY AVE E & UNIVERSITY BLVD S,1,1,0,7,1,1,,,25,0,0,0,0,0,4,2,16
,2015_17233,0,0,1/26/2015 12:30,12:30,15,0,0,BANNOCK ST 1400 BLK N & 14TH AVE W,1,1,0,0,1,1,,,30,0,0,0,0,0,4,2,13
,2015_17234,0,0,6/21/2015 9:21,9:21,15,0,0,BAYAUD AVE E & MONACO PKWY S,1,1,0,0,1,4,,,15,0,0,0,0,0,4,2,13
,2015_17235,0,0,12/8/2015 0:51,0:51,6,0,0,ASBURY AVE E & SHERMAN ST S,1,3,0,7,1,4,,,30,0,0,0,0,0,4,2,5
,2015_17236,0,0,2/17/2015 18:53,18:53,12,0,0,BLAKE ST 1300 BLK & SPEER BLVD N,1,3,0,7,1,3,,,25,0,0,0,0,0,4,2,1
,2015_17237,0,0,1/16/2015 16:20,16:20,12,0,0,BRIGHTON BLVD 3700 BLK N & 38TH ST,1,1,0,7,1,3,,,30,0,0,0,0,0,4,2,16
,2015_17238,0,0,1/28/2015 13:59,13:59,11,0,1,BROADWAY ST N & 6TH AVE E,1,1,0,0,1,1,,,30,0,1,0,0,2,4,2,13
,2015_17239,0,0,3/1/2015 21:26,21:26,15,0,0,BROADWAY ST 1200 BLK N & 12TH AVE W,1,3,0,7,1,4,,,30,0,0,0,0,0,4,2,16
,2015_17240,0,0,1/3/2015 15:34,15:34,10,0,0,BROADWAY ST 1200 N & 13TH AVE E,5,1,1,2,1,2,,,30,0,0,0,0,0,4,2,13
,2015_17241,0,0,6/12/2015 9:45,9:45,12,0,0,BROADWAY ST N & BLAKE ST,2,1,1,7,1,1,,,30,0,0,0,0,0,4,3,7
,2015_17242,0,0,4/30/2015 11:42,11:42,12,0,0,BROADWAY ST 1000 BLK S & MISSISSIPPI AVE,1,1,0,7,1,4,,,30,0,0,0,0,0,4,2,1
,2015_17243,0,0,6/16/2015 18:45,18:45,15,0,0,BROADWAY ST 1000 BLK S & MISSISSIPPI AVE W,1,1,0,7,1,4,,,30,0,0,0,0,0,4,2,16
,2015_17244,0,0,4/30/2015 13:02,13:02,1,0,0,BROADWAY ST N & PARK AVE W,1,1,0,7,1,1,,,30,0,0,0,0,0,4,2,16
,2015_17245,0,0,8/17/2015 22:13,22:13,1,0,0,CHAMBERS RD N & BOLLING DR E,1,5,0,7,1,1,,,40,0,0,0,0,1,4,2,7
,2015_17246,0,0,5/28/2015 16:22,16:22,12,0,0,CENTRAL PARK BLVD 2000 BLK N & MONTVIEW BLVD E,1,1,0,7,1,3,,,30,0,0,0,0,0,4,2,16
,2015_17247,0,0,3/13/2015 9:35,9:35,12,0,0,CHAMBERS RD N & ANDREWS DR,1,1,0,0,1,1,,,40,0,0,0,0,0,4,2,13
,2015_17248,0,0,1/17/2015 17:10,17:10,6,0,0,EDISON WAY 1311 S & LOUISIANA AVE E,1,2,1,7,1,4,,,25,0,0,0,0,0,4,2,16
,2015_17249,0,0,8/25/2015 7:49,7:49,6,0,0,ELIOT ST 3100 BLK N & 32ND AVE W,1,1,0,0,1,4,,,25,0,0,0,0,0,4,2,7
,2015_17250,0,0,3/30/2015 19:10,19:10,15,0,0,EVANS AVE 3000 BLK W & FEDERAL BLVD S,1,3,0,0,1,4,,,30,0,0,0,0,0,4,2,14
,2015_17251,0,0,1/1/2015 14:02,14:02,3,0,0,EVANS AVE E & HOLLY ST S,2,1,1,7,1,1,,,30,0,0,0,0,0,4,2,3
,2015_17252,0,0,6/27/2015 10:04,10:04,12,0,0,EVANS AVE 6100 BLK E & LEYDEN ST S,1,1,0,7,1,4,,,35,0,0,0,0,1,4,3,16
,2015_17253,0,0,2/16/2015 8:50,8:50,12,0,0,EVANS AVE W & LIPAN ST S,6,1,0,2,1,1,,,35,0,0,0,0,0,4,2,16
,2015_17254,0,0,8/27/2015 1:10,1:10,6,0,0,EMERSON ST 800 BLK N & 9TH AVE E,1,3,0,1,1,4,,,30,0,0,0,0,0,4,2,13
,2015_17255,0,0,6/10/2015 14:43,14:43,5,0,1,FLORIDA AVE 400 BLK W & SANTA FE DR S,1,1,1,0,1,4,,,30,0,0,0,0,2,4,1,13
,2015_17256,0,0,7/24/2015 8:00,8:00,1,0,0,FRANKLIN ST N & 40TH AVE E,1,1,0,0,1,1,,,25,0,0,0,0,0,4,2,13
,2015_17257,0,0,3/30/2015 14:30,14:30,3,0,0,GATEWAY AVE E & N FONTANA CT,1,1,0,7,1,1,,,30,0,0,0,0,0,4,2,12
,2015_17258,0,0,1/23/2015 10:19,10:19,6,0,0,GAYLORD ST 1500 BLK S & 1545 S GAYLORD ST,1,1,0,7,1,4,,,25,0,0,0,0,0,4,2,16
,2015_17259,0,0,7/8/2015 13:06,13:06,3,0,1,GENEVA CT N & MLK BLVD E,1,1,1,7,1,1,,,25,0,0,0,0,2,4,2,16
,2015_17260,0,0,10/13/2015 5:40,5:40,11,0,1,GRANT ST N & 11TH AVE E,1,4,0,0,1,1,,,30,0,1,0,0,3,4,2,1
,2015_17261,0,0,7/30/2015 23:36,23:36,6,0,0,GRANBY ST & 5338 N,1,3,0,7,1,4,,,25,0,0,0,0,0,4,2,16
,2015_17262,0,0,7/29/2015 23:05,23:05,6,0,0,GRANT ST 1500 BLK N & COLFAX AVE E,1,3,0,7,1,4,,,30,0,0,0,0,0,4,3,12
,2015_17263,0,0,1/28/2015 16:04,16:04,3,0,1,GRANT RANCH BLVD W & NEWLAND WAY S,1,1,0,7,1,1,,,25,0,0,0,0,2,4,2,1
,2015_17265,39.68492,-104.959513,7/18/2015 19:19,19:19,15,0,0,I-25 & UNIVERSITY BLVD S,1,1,0,0,1,4,,,60,0,0,0,0,1,1,1,13
,2015_17266,0,0,1/15/2015 16:52,16:52,12,0,0,ILIFF AVE & 9700 BLK E,1,1,0,0,1,4,,,35,0,0,0,0,0,4,3,13
,2015_17267,0,0,7/30/2015 18:57,18:57,9,0,0,IRVING ST S & COLORADO AVE W,1,1,0,0,2,1,,,25,0,0,0,0,0,4,2,13
,2015_17268,0,0,5/28/2015 11:15,11:15,3,0,0,JASON ST S & 2,1,1,0,0,1,2,,,25,0,0,0,0,0,4,2,3
,2015_17269,0,0,9/5/2015 13:19,13:19,6,0,0,JULIAN ST 3200 BLK N & 32ND AVE W,1,1,0,7,1,4,,,25,0,0,0,0,0,4,2,1
,2015_17270,0,0,2/12/2015 18:15,18:15,1,0,0,KITTREDGE ST & 5200 BLK N,1,1,0,0,1,2,,,20,0,0,0,0,0,4,2,13
,2015_17271,0,0,3/24/2015 1:53,1:53,6,0,0,KNOX CT N & 3RD AVE W,1,3,0,7,3,4,,,35,0,0,0,0,1,4,2,5
,2015_17272,0,0,3/21/2015 14:43,14:43,2,0,1,KNOX CT 1000 BLK & 10TH AVE W,1,1,0,0,1,2,,,30,1,0,0,0,2,4,2,13
,2015_17273,0,0,1/13/2015 12:05,12:05,6,0,0,LINCOLN ST 1600 BLK N & 17TH AVE E,1,1,0,7,1,4,,,5,0,0,0,0,0,4,2,16
,2015_17274,0,0,3/23/2015 2:15,2:15,5,0,0,MISSISSIPPI AVE W & LIPAN ST S,1,3,1,7,2,1,,,35,0,0,0,0,0,4,1,16
,2015_17275,0,0,11/21/2015 0:21,0:21,6,0,0,LAWRENCE ST 3100 BLK & 31ST ST,5,3,0,2,1,4,,,30,0,0,0,0,0,4,3,14
,2015_17276,0,0,12/3/2015 6:50,6:50,5,0,0,LINCOLN ST S & 285,4,2,0,0,2,4,,,30,0,0,0,0,0,4,1,1
,2015_17277,0,0,4/11/2015 11:27,11:27,12,0,0,LOUISIANA AVE E & DOWNING ST S,1,1,0,7,1,3,,,30,0,0,0,0,0,4,2,3
,2015_17278,0,0,6/26/2015 9:00,9:00,6,0,0,LOWELL BLVD 5100 BLK N & 51ST AVE W,1,1,1,7,1,4,,,30,0,0,0,0,0,4,2,16
,2015_17279,0,0,3/27/2015 20:06,20:06,6,0,0,MARIPOSA ST N & 8TH AVE W,1,3,0,7,1,4,,,25,0,0,0,0,0,4,3,1
,2015_17281,0,0,2/19/2015 14:55,14:55,15,0,0,MISSISSIPPI AVE W & INCA ST S,1,1,0,0,1,3,,,30,0,0,0,0,0,4,2,7
,2015_17282,0,0,9/1/2015 23:29,23:29,6,0,1,MAXWELL PL 15000 BLK E & FAIRPLAY ST N,1,3,0,0,1,4,,,25,0,0,0,0,2,4,2,5
,2015_17283,0,0,12/18/2015 19:13,19:13,14,0,0,MISSISSIPPI AVE W & CANOSA CT S,11,3,0,0,1,4,,,35,0,0,0,0,0,4,2,13