id,drcog_id,latitude,longitude,crashtime,time,crashtype,numbkilled,numbinjurd,drcoglocat,rdconditin,lightngcon,roadcntgrd,weatherco,location,roaddescrp,schoolzone,constrzone,splimit,bikeinv,pedinv,sctrinv,motoinv,svrty,rdsystem,ttlvehcls,hcf
,2015_17284,0,0,5/28/2015 11:28,11:28,15,0,0,MONACO ST 4100 BLK N & SMITH RD E,1,1,0,0,1,1,,,30,0,0,0,0,0,4,2,13
,2015_17285,0,0,7/21/2015 12:15,12:15,3,0,1,MONROE ST S & ALAMEDA AVE E,1,1,0,0,1,1,,,25,0,0,0,0,2,4,5,5
,2015_17286,0,0,11/26/2015 17:26,17:26,6,0,0,ONEIDA ST & 1200 S,5,3,0,2,1,4,,,,0,0,0,0,0,4,2,16
,2015_17287,0,0,7/31/2015 3:45,3:45,6,0,0,MOSIER PL W & QUIVAS ST S,1,3,0,0,1,4,,,25,0,0,0,0,0,4,2,14
,2015_17288,0,0,2/19/2015 18:40,18:40,15,0,0,OSAGE ST & 1300 BLK N,1,3,0,0,1,4,,,25,0,0,0,0,0,4,2,13
,2015_17289,0,0,3/15/2015 21:18,21:18,6,0,0,PATTON CT 1300 BLK S & LOUISIANA AVE W,1,1,0,7,1,4,,,25,0,0,0,0,0,4,2,5
,2015_17290,0,0,3/13/2015 17:35,17:35,3,0,0,PEARL ST 1000 N & 10TH AVE E,1,1,0,0,1,2,,,30,0,0,0,0,0,4,2,8
,2015_17291,0,0,2/9/2015 14:30,14:30,1,0,0,PECOS ST & 4800 BLK N,1,1,0,0,1,2,,,30,0,0,0,0,0,4,2,13
,2015_17292,0,0,2/16/2015 14:56,14:56,12,0,0,PENA BLVD & 4200 BLK N,2,1,1,2,1,4,,,65,0,0,0,0,0,4,2,13
,2015_17293,0,0,4/16/2015 23:19,23:19,5,0,0,PENA BLVD & 7550,4,3,0,2,2,4,,,65,0,0,0,0,1,4,1,7
,2015_17294,0,0,7/26/2015 14:20,14:20,12,0,0,PENA BLVD 5500 BLK N & 55TH AVE E,1,1,0,7,1,4,,,45,0,0,0,0,0,4,2,2
,2015_17295,0,0,11/15/2015 4:30,4:30,4,0,0,PENA BLVD IB & 56TH AVE E,1,3,0,0,1,4,,,45,0,0,0,0,0,4,1,16
,2015_17296,0,0,3/2/2015 17:15,17:15,12,0,0,PENA BLVD & GVR BLVD,1,2,0,7,1,1,,,35,0,0,0,0,0,4,2,16
,2015_17297,0,0,6/26/2015 9:00,9:00,12,0,0,PENA BLVD 8300 BLK & TOLL BOOTH,1,1,0,7,1,4,,,15,0,0,0,0,0,4,2,1
,2015_17298,0,0,6/10/2015 17:10,17:10,12,0,0,PENA BLVD 7200 BLK & TOWER RD,2,1,1,1,1,4,,,45,0,0,0,0,1,4,2,14
,2015_17299,0,0,1/3/2015 11:50,11:50,3,0,0,PEORIA ST N & 44TH AVE E,4,1,0,2,1,3,,,30,0,0,0,0,0,4,2,13
,2015_17300,0,0,7/13/2015 14:40,14:40,15,0,0,PEORIA ST N & ALBROOK DR E,1,1,0,7,1,4,,,45,0,0,0,0,0,4,2,16
,2015_17301,0,0,4/2/2015 18:05,18:05,12,0,0,PEORIA ST N & I-70 EB RAMPS,2,1,1,2,1,4,,,35,0,0,0,0,0,4,2,14
,2015_17302,0,0,5/24/2015 0:16,0:16,14,0,0,6TH PL W & WINONA CT N,1,3,1,0,1,4,,,30,0,0,0,0,0,4,2,5
,2015_17303,0,0,9/25/2015 21:15,21:15,6,0,0,POPLAR ST N & 29TH AVE E,1,3,0,7,1,4,,,30,0,0,0,0,0,4,2,12
,2015_17304,0,0,1/8/2015 13:50,13:50,12,0,0,QUEBEC ST & 19TH AVE E,1,1,0,7,1,4,,,30,0,0,0,0,0,4,2,16
,2015_17305,0,0,7/15/2015 17:49,17:49,12,0,2,QUEBEC ST N & 19TH AVE E,2,1,0,7,1,3,,,35,0,0,0,0,2,4,3,1
,2015_17306,0,0,6/7/2015 19:40,19:40,15,0,0,QUEBEC ST 3200 BLK N & 33RD AVE E,1,1,0,1,1,4,,,35,0,0,0,0,0,4,2,7
,2015_17307,0,0,6/1/2015 9:35,9:35,15,0,0,QUEBEC ST 300 BLK S & ALAMEDA AVE E,1,1,0,7,1,4,,,30,0,0,0,0,0,4,2,16
,2015_17308,0,0,8/12/2015 2:15,2:15,5,0,0,QUEBEC ST 3000 BLK S & DARTMOUTH AVE E,1,3,0,0,2,4,,,35,0,0,0,0,0,4,1,5
,2015_17309,0,0,6/16/2015 15:29,15:29,12,0,0,QUEBEC ST N & MLK BLVD E,1,1,0,7,1,1,,,35,0,0,0,0,0,4,3,16
,2015_17310,0,0,3/21/2015 11:30,11:30,12,0,0,QUEBEC ST 2000 BLK N & MONTVIEW BLVD E,1,1,0,7,1,3,,,30,0,0,0,0,0,4,2,16
,2015_17311,0,0,3/12/2015 18:15,18:15,3,0,0,QUITMAN ST S & OHIO AVE W,1,1,0,0,1,3,,,25,0,0,0,0,0,4,2,1
,2015_17312,0,0,7/1/2015 7:30,7:30,6,0,0,RACE CT N & 5120,1,1,0,0,1,2,,,25,0,0,0,0,0,4,2,13
,2015_17313,0,0,10/30/2015 19:45,19:45,15,0,0,RANDOLPH PL E & TROY ST N,1,4,0,0,1,4,,,25,0,0,0,0,0,4,2,1
,2015_17314,0,0,6/21/2015 9:59,9:59,3,0,0,14TH ST & COURT PL,1,1,0,0,1,1,,,35,0,0,0,0,0,4,2,13
,2015_17315,0,0,1/1/2015 1:58,1:58,5,0,0,W 20TH ST & I25,4,3,1,7,2,8,,,25,0,0,0,0,0,4,1,1
,2015_17316,0,0,3/1/2015 6:58,6:58,3,0,0,22ND ST & LARIMER ST,1,2,0,7,1,1,,,25,0,0,0,0,0,4,2,8
,2015_17317,0,0,4/24/2015 9:09,9:09,12,0,0,22ND ST 1300 & MARKET ST,1,1,1,7,1,4,,,25,0,0,0,0,0,4,2,16
,2015_17318,0,0,4/30/2015 17:24,17:24,12,0,0,24TH ST & BLAKE ST,1,1,0,7,1,1,,,30,0,0,0,0,0,4,3,4
,2015_17319,0,0,3/20/2015 8:30,8:30,3,0,0,25TH ST & CALIFORNIA ST,1,1,0,7,1,1,,,25,0,0,0,0,0,4,2,7
,2015_17320,0,0,6/18/2015 11:45,11:45,15,0,0,SPEER BLVD & 1500 BLK N,1,1,0,0,1,4,,,30,0,0,0,0,0,4,2,6
,2015_17321,0,0,3/13/2015 17:00,17:00,2,0,0,SPEER BLVD N & 32ND AVE W,1,1,0,0,1,1,,,35,1,0,0,0,1,4,2,13
,2015_17322,0,0,8/3/2015 11:33,11:33,12,0,0,TENNYSON ST 3800 BLK N & 39TH AVE W,1,1,0,0,1,4,,,,0,0,0,0,0,4,3,13
,2015_17323,0,0,1/8/2015 21:30,21:30,6,0,0,TITAN CT & 5000 BLK N,5,3,0,2,1,4,,,25,0,0,0,0,0,4,3,13
,2015_17324,0,0,2/11/2015 7:25,7:25,12,0,0,TOWER RD 4500 BLK N & 45TH AVE E,1,1,1,0,1,4,,,40,0,0,0,0,0,4,2,13
,2015_17325,0,0,7/22/2015 19:55,19:55,12,0,0,TOWER RD N & 47TH AVE E,1,2,0,7,1,1,,,35,0,0,0,0,0,4,2,1
,2015_17326,0,0,5/4/2015 15:10,15:10,12,0,0,TOWER RD N & 56TH AVE E,2,1,0,1,1,3,,,45,0,0,0,0,0,4,2,14
,2015_17327,0,0,4/2/2015 6:50,6:50,12,0,0,TOWER RD N & E 63RD AVE,1,1,0,7,1,4,,,40,0,0,0,0,0,4,2,16
,2015_17328,0,0,1/8/2015 22:26,22:26,1,0,0,TOWER RD N & 69TH AVE E,5,3,0,2,1,1,,,45,0,0,0,0,0,4,2,8
,2015_17329,0,0,3/2/2015 16:47,16:47,12,0,0,TOWER RD N & PENA BLVD OFF RAMP,1,1,2,7,1,3,,,40,0,0,0,0,0,4,2,2
,2015_17330,0,0,4/29/2015 10:20,10:20,8,0,3,TOWER RD N & PENA BLVD,1,1,1,0,1,4,,,35,0,0,0,0,2,4,2,4
,2015_17331,0,0,2/15/2015 19:17,19:17,1,0,0,UNIVERSITY BLVD S & WESLEY AVE E,1,3,0,7,1,1,,,30,0,0,0,0,0,4,2,3
,2015_17332,0,0,3/22/2015 17:38,17:38,12,0,0,UNIVERSITY BLVD 2700 BLK S & YALE AVE E,1,1,0,7,1,4,,,30,0,0,0,0,0,4,2,16
,2015_17333,0,0,3/17/2015 23:12,23:12,6,0,0,UTICA ST S & EXPOSTION AVE W,1,3,0,7,2,4,,,25,0,0,0,0,0,4,2,2
,2015_17334,0,0,8/26/2015 20:25,20:25,6,0,0,VALLEJO ST 2800 BLK N & 28TH AVE W,1,2,0,0,1,4,,,25,0,0,0,0,0,4,2,13
,2015_17335,0,0,1/15/2015 9:36,9:36,6,0,0,WASHINGTON ST 1537 N & COLFAX AVE E,1,1,1,7,1,2,,,30,0,0,0,0,0,4,2,16
,2015_17336,0,0,6/28/2015 8:30,8:30,6,0,0,WELTON ST 1200 BLK & 13TH ST,1,1,0,7,1,4,,,30,0,0,0,0,0,4,2,16
,2015_17337,0,0,4/13/2015 13:58,13:58,12,0,0,WELTON ST 1300 BLK & 15TH ST,1,1,0,7,1,3,,,25,0,0,0,0,0,4,2,16
,2015_17338,0,0,9/9/2015 4:30,4:30,6,0,0,VICTOR ST 5500 BLK N & RANDOLPH AVE E,1,1,0,7,1,4,,,25,0,0,0,0,0,4,3,16
,2015_17339,0,0,4/1/2015 12:00,12:00,10,0,0,YORK ST & 900 BLK N,1,1,0,0,1,2,,,30,0,0,0,0,0,4,2,13
,2015_17340,0,0,4/12/2015 15:23,15:23,10,0,0,YORK ST 1000 BLK N & 9TH AVE E,1,1,1,0,1,2,,,25,0,0,0,0,0,4,2,8
,2015_17341,0,0,6/19/2015 8:24,8:24,12,0,0,YORK ST N & 13TH AVE E,1,1,0,7,1,3,,,30,0,0,0,0,0,4,2,16
,2015_17342,0,0,5/5/2015 14:05,14:05,3,0,1,YORK ST N & 35TH AVE E,2,1,0,1,1,1,,,30,0,0,0,0,2,4,2,1
,2015_17343,39.70041,-105.025085,1/19/2015 12:45,12:45,3,0,0,FEDERAL BLVD S & KENTUCKY AVE W,1,1,0,0,1,2,,,25,0,0,0,0,0,2,2,14
,2015_17344,0,0,7/24/2015 17:59,17:59,3,0,0,YOSEMITE ST S & 4505,1,1,0,0,1,2,,,35,0,0,0,0,0,4,2,13
,2015_17345,0,0,12/5/2015 1:45,1:45,6,0,0,ZUNI ST 1700 BLK S & MEXICO AVE W,1,3,1,7,1,4,,,25,0,0,0,0,0,4,2,5
,2015_17472,39.680122,-104.94064,4/18/2015 19:49,19:49,15,0,0,COLORADO BLVD S & BUCHTEL BLVD E,2,3,0,0,1,1,,,35,0,0,0,0,0,2,3,8
,2015_17473,39.685667,-104.940548,6/15/2015 19:24,19:24,3,0,0,COLORADO BLVD S & MEXICO AVE E,1,3,1,0,1,3,,,30,0,0,0,0,0,2,2,13
,2015_17474,39.687563,-104.940549,3/14/2015 14:02,14:02,1,0,0,COLORADO BLVD S & IOWA AVE W,1,1,0,0,1,1,,,30,0,0,0,0,0,2,2,3
,2015_17475,39.696625,-104.940562,1/24/2015 17:30,17:30,15,0,0,MISSISSIPPI AVE E & COLORADO BLVD S,1,3,0,0,1,1,,,30,0,0,0,0,0,2,2,3
,2015_17476,39.696625,-104.940562,5/22/2015 9:21,9:21,15,0,1,COLORADO BLVD S & MISSISSIPPI AVE E,2,1,0,0,1,1,,,30,0,0,0,0,2,2,2,13
,2015_17477,39.696625,-104.940562,7/7/2015 14:47,14:47,1,0,0,COLORADO BLVD S & MISSISSIPPI AVE E,1,1,1,0,1,1,,,35,0,0,0,0,0,2,2,13
,2015_17479,39.714614,-104.940629,5/26/2015 12:32,12:32,1,0,0,COLORADO BLVD S & BAYAUD AVE E,1,1,1,0,1,1,,,35,0,0,0,0,0,2,2,13
,2015_17480,39.653399,-104.940587,5/20/2015 17:24,17:24,15,0,0,COLORADO BLVD 3400 BLK S & HAMPDEN AVE E,1,1,0,0,1,4,,,40,0,0,0,0,0,2,2,3
,2015_17482,39.668974,-104.940615,3/19/2015 11:07,11:07,3,0,1,COLORADO BLVD 2600 BLK S & YALE AVE E,2,1,0,0,1,2,,,35,0,0,0,0,2,2,4,13
,2015_17484,39.673145,-104.94063,6/24/2015 12:13,12:13,3,0,0,COLORADO BLVD 2400 BLK S & WESLEY AVE E,1,1,0,0,1,2,,,,0,0,0,0,0,2,2,7
,2015_17485,39.717824,-104.940628,2/11/2015 17:36,17:36,1,0,0,COLORADO BLVD N & 1ST AVE E,1,3,1,0,1,1,,,35,0,0,0,0,0,2,2,13
,2015_17486,39.71124,-104.940627,12/21/2015 12:28,12:28,12,0,0,COLORADO BLVD 300 BLK S & E ALAMEDA AVE,2,1,0,0,1,1,,,30,0,0,0,0,1,2,2,14
,2015_17487,39.734542,-104.940619,4/15/2015 14:12,14:12,12,0,0,COLORADO BLVD & 1100 BLK S,1,1,0,0,1,4,,,35,0,0,0,0,0,2,2,14
,2015_17488,39.73515,-104.940618,5/1/2015 12:25,12:25,3,0,0,COLORADO BLVD N & 12TH AVE E,1,1,0,0,1,1,,,30,0,0,0,0,1,2,3,13
,2015_17489,39.740086,-104.940612,4/8/2015 23:18,23:18,2,0,1,COLFAX AVE E & COLORADO BLVD N,3,5,0,0,1,1,,,35,1,0,0,0,2,2,2,13
,2015_17490,39.743867,-104.940608,6/1/2015 11:38,11:38,12,0,0,COLORADO BLVD N & 17TH AVE E,1,1,0,0,1,3,,,35,0,0,0,0,0,2,2,13
,2015_17491,39.765639,-104.940496,6/23/2015 14:00,14:00,1,0,0,COLORADO BLVD N & 35TH AVE E,1,1,0,0,1,1,,,35,0,0,0,0,0,2,2,13
,2015_17492,39.768125,-104.94049,1/2/2015 7:10,7:10,15,0,0,COLORADO BLVD 3600 N & 37TH,7,1,1,0,1,1,,,40,0,0,0,0,0,2,2,7
,2015_17503,39.725516,-105.013084,8/12/2015 11:05,11:05,15,0,0,6TH AVE W & I-25,1,1,0,0,1,1,,,45,0,0,0,0,0,2,2,13
,2015_17504,39.780043,-104.949712,7/23/2015 14:27,14:27,12,0,0,46TH AVE 1700 BLK E & BRIGHTON BLVD N,1,1,0,0,1,3,,,30,0,0,0,0,1,2,2,13
,2015_17511,39.626939,-104.90325,2/24/2015 18:15,18:15,15,0,0,I-25 NB ON RAMP SPLIT PT & BELLEVIEW AVE E,1,2,0,0,1,8,,,65,0,0,0,0,0,1,2,13
,2015_17523,39.68492,-104.959513,5/24/2015 2:42,2:42,12,0,0,I-25 & UNIVERSITY BLVD S,1,3,1,0,1,4,,,60,0,0,0,0,0,1,2,13
,2015_17524,39.63529,-104.907426,10/16/2015 18:01,18:01,12,0,1,I-25 SB OFF RAMP & BELLEVIEW AVE E,1,1,0,0,1,8,,,35,0,0,0,0,2,1,2,5
,2015_17525,39.623866,-104.901444,7/30/2015 10:00,10:00,12,0,0,I-25 & BELLEVIEW AVE E,1,1,0,0,1,4,,,65,0,0,0,0,0,1,2,7
,2015_17526,39.625071,-104.902144,4/6/2015 18:25,18:25,15,0,0,I-25 & BELLEVIEW AVE E,1,1,0,0,1,4,,,65,0,0,0,0,0,1,2,13
,2015_17528,39.634235,-104.90683,3/19/2015 17:40,17:40,12,0,0,I-25 & I-225 NB FLYOVER,1,1,0,0,1,4,,,55,0,0,0,0,0,1,2,13
,2015_17530,39.678363,-104.933558,2/16/2015 18:53,18:53,12,0,0,EVANS AVE E & I-25,5,3,0,2,1,4,,,30,0,0,0,0,0,1,2,13
,2015_17531,39.684903,-104.951231,5/6/2015 6:58,6:58,12,0,0,I-25 & STEELE ST S,1,1,0,0,1,4,,,60,0,0,0,0,0,1,2,1
,2015_17533,39.72543,-105.013021,5/29/2015 9:11,9:11,12,0,1,I-25 & 6TH AVE W,1,1,1,0,1,4,,,55,0,0,0,0,2,1,4,1
,2015_17534,39.728212,-105.014417,5/24/2015 13:12,13:12,9,0,1,I-25 SB ON LOOP RAMP FROM WB & COLFAX AVE W,1,1,1,0,1,8,,,20,0,0,0,1,3,1,1,13
,2015_17535,39.72543,-105.013021,11/14/2015 23:20,23:20,15,0,0,I-25 & 6TH AVE W,1,3,0,0,1,4,,,55,0,0,0,0,0,1,2,7
,2015_17536,39.72964,-105.014931,3/11/2015 18:06,18:06,15,0,0,I-25 & 8TH AVE W,1,1,1,0,1,4,,,55,0,0,0,0,0,1,3,13
,2015_17537,39.768039,-104.994788,1/19/2015 18:37,18:37,12,0,0,I-25 & PARK AVE WEST,1,3,0,0,1,4,,,55,0,0,0,0,0,1,2,7
,2015_17538,39.768039,-104.994788,7/29/2015 14:36,14:36,15,0,0,I25 BN & PARK AVE WEST,1,1,0,0,1,4,,,55,0,0,0,0,0,1,2,13
,2015_17539,39.760997,-105.004275,11/20/2015 4:40,4:40,5,0,1,20TH ST & I-25 NB RAMPS,1,3,1,0,2,1,,,30,0,0,0,0,2,1,1,14
,2015_17540,39.768039,-104.994788,8/6/2015 16:47,16:47,12,0,0,I-25 & 38TH AVE,1,1,0,0,1,4,,,55,0,0,0,0,0,1,2,13
,2015_17543,39.769583,-104.992091,9/19/2015 2:06,2:06,12,0,2,I-25 NB OFF RAMP & OVERPASS TO I-70 AT NB ON RAMP (APPROX),1,3,0,0,1,8,,,55,0,0,0,1,3,1,2,3
,2015_17560,39.7112,-105.042019,1/6/2015 6:50,6:50,3,0,0,ALAMEDA AVE W & RALEIGH ST,1,2,0,2,1,1,,,35,0,0,0,0,0,2,2,13
,2015_17561,39.711154,-105.034865,2/8/2015 17:17,17:17,10,0,1,LOWELL BLVD S & ALAMEDA AVE W,1,1,0,0,1,1,,,40,0,0,0,0,2,2,3,15
,2015_17562,39.711154,-105.034865,4/15/2015 17:25,17:25,12,0,0,ALAMEDA AVE 3600 W & LOWELL BLVD S,1,1,0,0,1,4,,,35,0,0,0,0,0,2,2,13
,2015_17563,39.711129,-105.032232,4/28/2015 11:10,11:10,15,0,0,ALAMEDA AVE W & KNOX CT S,1,1,0,0,1,3,,,35,0,0,0,0,0,2,3,7
,2015_17564,39.71108,-105.025411,1/8/2015 20:50,20:50,11,1,0,ALAMEDA AVE W & FEDERAL BLVD S,2,3,0,2,1,4,,,35,0,1,0,0,4,2,3,13
,2015_17565,39.711079,-105.025238,9/18/2015 23:58,23:58,5,0,0,ALAMEDA AVE W & FEDERAL BLVD S,1,3,0,0,2,4,,,35,0,0,0,0,0,2,1,5
,2015_17566,39.653077,-104.90904,5/28/2015 17:20,17:20,1,0,0,HAMPDEN AVE E & ONEIDA WAY S,1,1,0,0,1,1,,,35,0,0,0,0,0,2,2,13
,2015_17567,39.653092,-104.900827,6/12/2015 15:25,15:25,1,0,1,HAMPDEN AVE E & ROSLYN ST S,1,1,0,0,1,1,,,40,0,0,0,0,2,2,2,5
,2015_17569,39.711077,-105.025062,10/23/2015 22:57,22:57,8,0,1,FEDERAL BLVD 300 BLK S & ALAMEDA AVE W,1,3,0,0,1,3,,,40,0,0,0,0,2,2,2,5
,2015_17570,39.667529,-104.866133,7/17/2015 9:19,9:19,15,0,0,YALE AVE E & HAVANA ST S,1,1,1,0,1,1,,,25,0,0,0,0,0,2,2,13
,2015_17571,39.667665,-104.866129,1/9/2015 8:30,8:30,15,0,0,HAVANA ST 2600 S & YALE AVE E,5,1,0,0,1,4,,,45,0,0,0,0,0,2,2,13
,2015_17596,39.740229,-105.010093,6/17/2015 15:50,15:50,15,0,0,COLFAX AVE W & I-25 NB ON RAMP,1,1,1,0,1,4,,,35,0,0,0,0,0,2,2,13
,2015_17597,39.740048,-104.986169,2/10/2015 21:11,21:11,12,0,0,COLFAX AVE E & LINCOLN ST N,1,3,0,0,1,1,,,30,0,0,0,0,1,2,2,5
,2015_17598,39.740433,-105.021189,9/8/2015 16:15,16:15,2,0,0,COLFAX AVE W & MILE HIGH STADIUM CIR,1,1,0,0,1,4,,,25,1,0,0,0,0,2,2,13
,2015_17599,39.74001,-104.972588,3/22/2015 23:27,23:27,15,0,0,COLFAX AVE E & DOWNING ST N (RD S),1,3,0,0,1,4,,,30,0,0,0,0,0,2,2,6
,2015_17600,39.739974,-104.961015,12/8/2015 15:50,15:50,15,0,0,COLFAX AVE E & GAYLORD ST N,1,1,0,0,1,3,,,,0,0,0,0,0,2,2,13
,2015_17601,39.740162,-104.95477,6/26/2015 17:15,17:15,15,0,0,COLFAX AVE E & DETROIT ST N (RD N),1,1,0,0,1,4,,,30,0,0,0,0,0,2,2,13
,2015_17602,39.740077,-104.914988,7/15/2015 8:45,8:45,12,0,0,LEYDEN ST N & COLFAX AVE,1,1,0,0,1,4,,,25,0,0,0,0,0,2,2,13
,2015_17603,39.740079,-104.912395,1/12/2015 9:25,9:25,3,0,4,COLFAX AVE E & MONACO PKWY N,1,1,0,0,1,1,,,30,0,0,0,0,3,2,3,13
,2015_17604,39.740079,-104.903501,2/12/2015 16:57,16:57,1,0,0,COLFAX AVE E & QUEBEC ST,1,1,0,0,1,1,,,30,0,0,0,0,0,2,2,13
,2015_17605,39.740084,-104.89269,10/17/2015 16:09,16:09,12,0,0,COLFAX AVE E & UINTA ST N,1,1,0,0,1,4,,,35,0,0,0,0,1,2,2,16
,2015_17628,0,0,6/21/2015 6:21,6:21,5,0,1,19TH AVE E & DOWNING ST N,1,3,0,0,2,1,,,30,0,0,0,1,2,4,1,5
,2015_17640,39.77974,-104.985971,3/17/2015 9:18,9:18,12,0,0,I-70 WB OFF RAMP GORE PT TO NB & I-25,1,1,1,0,1,8,,,55,0,0,0,0,1,1,3,13
,2015_17641,39.779734,-104.985778,2/17/2015 18:45,18:45,5,0,0,I-70 WB OFF COLLECTOR RAMP TO & I-25 SB,2,3,0,0,3,8,,,55,0,0,0,0,1,1,1,13
,2015_17642,39.779456,-104.979384,3/21/2015 16:34,16:34,12,0,0,I-70 & WASHINGTON ST N,1,1,0,0,1,4,,,55,0,0,0,0,1,1,2,14
,2015_17643,39.779895,-104.967089,2/24/2015 7:36,7:36,15,0,0,I-70 & BRIGHTON BLVD N,6,1,0,0,1,4,,,55,0,0,0,0,0,1,3,13
,2015_17644,39.780014,-104.959201,4/19/2015 15:03,15:03,15,0,0,I-70 & YORK ST N,1,1,0,0,1,4,,,55,0,0,0,0,0,1,2,13
,2015_17645,39.779887,-104.967251,10/10/2015 9:50,9:50,5,0,0,I-70 & BRIGHTON BLVD N,1,1,0,0,1,4,,,55,0,0,0,0,0,1,2,14
,2015_17646,39.7783,-104.903459,9/18/2015 16:48,16:48,12,0,0,I-70 & NORTHFIELD QUEBEC ST,1,1,1,0,1,4,,,55,0,0,0,0,0,1,2,13
,2015_17647,39.779946,-104.940239,8/13/2015 17:58,17:58,12,0,0,I-70 & COLORADO BLVD N,1,2,0,0,1,4,,,55,0,0,0,0,0,1,2,3
,2015_17648,39.780085,-104.933811,2/27/2015 18:52,18:52,15,0,0,I-70 & DAHLIA ST N,1,3,0,0,1,4,,,55,0,0,0,0,1,1,3,13
,2015_17649,39.778341,-104.92238,3/31/2015 17:57,17:57,5,0,0,I-70 & HOLLY ST N,1,1,1,0,2,4,,,55,0,0,0,0,1,1,1,5
,2015_17650,0,0,9/10/2015 15:17,15:17,1,0,0,TENNESSEE AVE E & LOGAN ST S,1,1,0,0,1,1,,,30,0,0,0,0,0,4,2,13
,2015_17651,39.778287,-104.912805,5/6/2015 8:50,8:50,12,0,0,I-70 & MONACO ST N,2,1,0,0,1,4,,,55,0,0,0,0,0,1,4,13
,2015_17652,39.7783,-104.902316,5/23/2015 14:14,14:14,12,0,0,I-70 & QUEBEC ST N,1,1,0,0,1,4,,,55,0,0,0,0,0,1,2,13
,2015_17653,39.777095,-104.882471,3/26/2015 15:30,15:30,12,0,0,I-70 & CENTRAL PARK BLVD,1,1,0,0,1,4,,,55,0,0,0,0,0,1,2,13
,2015_17654,39.777095,-104.882471,8/10/2015 13:16,13:16,15,0,0,I-70 & CENTRAL PARK BLVD,1,1,0,0,1,4,,,55,0,0,0,0,0,1,2,13
,2015_17655,39.777095,-104.882471,6/15/2015 20:17,20:17,12,0,0,I-70 WB RAMPS & CENTRAL PARK BLVD N,1,2,0,0,1,1,,,45,0,0,0,0,1,1,2,5
,2015_17656,39.777095,-104.882471,4/2/2015 20:00,20:00,1,0,0,CENTRAL PARK BLVD N & I-70 OVERPASS,2,3,1,2,1,1,,,35,0,0,0,0,0,1,2,7
,2015_17657,39.775623,-104.865778,2/3/2015 17:29,17:29,15,0,0,I-70 & HAVANA ST N,1,1,0,0,1,4,,,55,0,0,0,0,0,1,2,13
,2015_17658,39.774397,-104.851573,1/25/2015 21:20,21:20,15,0,0,I-70 & PEORIA ST N,1,3,0,0,1,4,,,55,0,0,0,0,0,1,2,13
,2015_17659,39.774397,-104.851573,4/29/2015 15:35,15:35,15,0,0,I-70 & PEORIA ST N,1,1,0,0,1,4,,,55,0,0,0,0,0,1,2,13
,2015_17660,39.774005,-104.847034,1/30/2015 7:35,7:35,5,0,0,I-70 & PEORIA ST N,1,1,0,0,2,4,,,55,0,0,0,0,1,1,2,13
,2015_17661,39.774005,-104.847034,6/10/2015 8:35,8:35,12,0,0,I-70 & PEORIA ST N,1,1,0,0,1,4,,,55,0,0,0,0,0,1,2,13
,2015_17683,39.696295,-104.897378,12/18/2015 16:30,16:30,15,0,0,PARKER RD 1000 BLK S & E MISSISSIPPI AVE,1,1,1,0,1,3,,,35,0,0,0,0,0,2,2,13
,2015_17687,39.698738,-104.903937,1/12/2015 15:03,15:03,12,0,0,LEETSDALE DR & QUEBEC ST S,1,1,1,0,1,4,,,35,0,0,0,0,0,2,2,13
,2015_17688,39.700335,-104.908402,5/7/2015 7:50,7:50,12,0,0,LEETSDALE DR 6800 BLK & ONEIDA ST S,1,1,0,0,1,4,,,35,0,0,0,0,0,2,2,1
,2015_17689,39.701461,-104.910952,4/23/2015 16:12,16:12,12,0,0,LEETSDALE DR & NIAGARA ST S,1,1,0,0,1,4,,,35,0,0,0,0,0,2,2,3
,2015_17704,39.735776,-105.025324,8/16/2015 14:30,14:30,12,0,0,FEDERAL BLVD & 1200 BLK S,1,1,0,0,1,4,,,35,0,0,0,0,0,2,2,5
,2015_17705,39.718414,-105.025155,1/9/2015 8:00,8:00,3,0,0,FEDERAL BLVD N & 1ST AVE W,5,1,0,2,1,1,,,40,0,0,0,0,0,2,2,13
,2015_17706,39.701328,-105.025067,8/26/2015 17:00,17:00,15,0,0,FEDERAL BLVD S & KENTUCKY AVE W,1,1,0,0,1,4,,,40,0,0,0,0,0,2,2,5
,2015_17707,39.696449,-105.025063,2/17/2015 14:00,14:00,15,0,0,FEDERAL BLVD S & MISSISSIPPI AVE W,1,1,0,0,1,3,,,40,0,0,0,0,0,2,2,1
,2015_17708,39.694884,-105.025057,3/2/2015 12:55,12:55,3,0,1,FEDERAL BLVD S & ARIZONA AVE W,1,1,0,0,1,1,,,25,0,0,0,0,3,2,2,1
,2015_17709,39.693397,-105.025039,5/5/2015 17:18,17:18,15,0,0,FEDERAL BLVD S & LOUISIANA AVE W,2,1,0,1,1,4,,,40,0,0,0,0,0,2,2,7
,2015_17710,39.696764,-105.025061,11/21/2015 10:30,10:30,6,0,0,FEDERAL BLVD S & MISSISSIPPI AVE W,6,1,0,0,1,1,,,35,0,0,0,0,0,2,2,13