id,drcog_id,latitude,longitude,crashtime,time,crashtype,numbkilled,numbinjurd,drcoglocat,rdconditin,lightngcon,roadcntgrd,weatherco,location,roaddescrp,schoolzone,constrzone,splimit,bikeinv,pedinv,sctrinv,motoinv,svrty,rdsystem,ttlvehcls,hcf
,2015_17713,39.678616,-105.025049,12/21/2015 14:25,14:25,15,0,0,FEDERAL BLVD S & EVANS AVE W,1,5,0,0,1,1,,,35,0,0,0,0,0,2,2,13
,2015_17723,39.725154,-105.05315,3/25/2015 1:36,1:36,5,0,0,SHERIDAN BLVD S & 6TH AVE W,1,3,0,0,3,1,,,35,0,0,0,0,1,2,1,5
,2015_17724,39.7254,-105.053138,8/14/2015 7:04,7:04,12,0,0,6TH AVE EB RAMPS & N SHERIDAN BLVD,1,1,0,7,1,1,,,45,0,0,0,0,0,2,2,14
,2015_17725,39.725471,-105.053135,6/12/2015 16:33,16:33,12,0,0,SHERIDAN BLVD N & 6TH AVE W,1,1,0,0,1,4,,,35,0,0,0,0,0,2,2,12
,2015_17727,39.734146,-105.053224,6/7/2015 14:31,14:31,12,0,0,SHERIDAN BLVD & 1000 BLK N,1,1,0,0,1,4,,,35,0,0,0,0,0,2,3,13
,2015_17728,39.736695,-105.053218,7/5/2015 22:40,22:40,15,0,1,SHERIDAN BLVD 1300 BLK N & 13TH AVE W,1,4,0,0,1,4,,,35,0,0,0,1,2,2,2,13
,2015_17735,0,0,2/10/2015 12:50,12:50,12,0,0,ALAMEDA AVE E & HOLLY ST S,1,1,1,7,1,1,,,35,0,0,0,0,0,4,2,16
,2015_17736,0,0,2/24/2015 1:22,1:22,5,0,0,GVR BLVD & 18603 BLK E,5,3,0,0,6,4,,,,0,0,0,0,0,4,1,5
,2015_17749,0,0,2/23/2015 13:33,13:33,6,0,0,41ST AVE & 2700 BLK W,4,1,1,0,1,4,,,25,0,0,0,0,0,4,2,13
,2015_17756,0,0,2/23/2015 11:00,11:00,6,0,0,DECATUR ST 5176 N & 52ND AVE W,4,2,0,2,1,4,,,30,0,0,0,0,0,4,2,16
,2015_17779,0,0,1/22/2015 18:31,18:31,5,0,1,QUEBEC ST 4400 BLK S & QUINCY AVE E,1,3,1,0,2,4,,,30,0,0,0,0,3,4,1,5
,2015_17785,39.784444,-104.966694,11/11/2015 20:40,20:40,5,0,2,BRIGHTON BLVD & 4801 N,1,3,0,0,3,4,,,35,0,0,0,0,2,2,1,14
,2015_17796,39.769244,-105.025232,7/9/2015 19:50,19:50,12,0,0,38TH AVE W & FEDERAL BLVD N,2,2,0,1,1,1,,,35,0,0,0,0,1,2,2,13
,2015_17797,39.78466,-105.025209,7/2/2015 6:10,6:10,3,0,0,FEDERAL BLVD N & I-70 WB RAMPS,2,2,0,1,1,1,,,30,0,0,0,0,1,2,2,13
,2015_17810,39.779965,-104.943919,1/24/2015 21:05,21:05,5,0,0,I-70 & MM 276.4,1,3,0,0,3,4,,,55,0,0,0,0,0,1,1,1
,2015_17841,39.785905,-104.966628,6/23/2015 22:27,22:27,4,0,2,BRIGHTON BLVD & 4800 BLK N,1,3,0,0,3,4,,,30,0,0,0,0,2,2,1,3
,2015_17973,39.711126,-105.015723,3/3/2015 10:40,10:40,5,0,0,ALAMEDA AVE & 2400 BLK W,7,1,0,2,3,4,,,35,0,0,0,0,0,2,1,13
,2015_18017,0,0,7/10/2015 6:44,6:44,12,0,0,1ST AVE E & MILWAUKEE ST N,2,1,0,7,1,4,,,30,0,0,0,0,1,4,2,16
,2015_18020,0,0,6/17/2015 13:06,13:06,12,0,0,4TH AVE W & HOOKER ST N,1,1,0,0,1,3,,,25,0,0,0,0,0,4,2,1
,2015_18021,0,0,3/28/2015 15:20,15:20,12,0,1,6TH AVE W & I-25 NB ON RAMP,1,1,1,0,1,4,,,55,0,0,0,0,2,4,4,1
,2015_18022,0,0,10/26/2015 19:33,19:33,15,0,0,6TH AVE E & SHERMAN ST N,1,3,0,0,1,4,,,35,0,0,0,0,0,4,2,16
,2015_18023,0,0,1/27/2015 1:27,1:27,12,0,0,7TH AVE W & BRYANT ST N,1,1,1,0,1,1,,,25,0,0,0,0,0,4,2,13
,2015_18024,0,0,7/7/2015 15:27,15:27,15,0,0,8TH AVE & 700 BLK W,1,1,1,0,1,4,,,30,0,0,0,0,0,4,2,15
,2015_18025,0,0,3/12/2015 13:13,13:13,12,0,0,8TH AVE E & HIGH ST N,1,1,0,7,1,1,,,25,0,0,0,0,0,4,2,16
,2015_18026,0,0,4/11/2015 19:12,19:12,3,0,0,8TH AVE E & HOLLY ST N,1,2,0,0,1,1,,,25,0,0,0,0,0,4,2,13
,2015_18027,0,0,8/26/2015 11:45,11:45,6,0,0,8TH AVE 700 BLOCK W & INCA ST N,1,1,0,7,1,4,,,30,0,0,0,0,0,4,2,16
,2015_18028,0,0,1/6/2015 10:12,10:12,12,0,0,8TH AVE W & KALAMATH ST N,2,1,0,7,1,3,,,30,0,0,0,0,0,4,2,14
,2015_18029,0,0,3/17/2015 16:29,16:29,3,0,0,8TH AVE W & KALAMATH ST N,1,1,1,7,1,1,,,30,0,0,0,0,0,4,2,16
,2015_18030,0,0,2/11/2015 23:56,23:56,6,0,0,ADA PL & 1279 BLK W,1,3,1,0,3,4,,,25,0,0,0,0,0,4,2,14
,2015_18031,0,0,5/6/2015 21:53,21:53,6,0,0,8TH AVE 100 BLK E & SHERMAN ST N,1,3,0,0,1,4,,,30,0,0,0,0,0,4,2,13
,2015_18032,0,0,1/24/2015 6:58,6:58,8,0,0,8TH AVE W & SPEER BLVD N,1,1,0,0,1,1,,,30,0,0,0,0,0,4,3,3
,2015_18033,0,0,2/6/2015 11:55,11:55,3,0,0,11TH AVE W & DELAWARE ST N,1,1,0,7,1,1,,,25,0,0,0,0,1,4,2,3
,2015_18034,0,0,3/25/2015 23:00,23:00,1,0,0,11TH AVE W & GALAPAGO ST N,1,3,0,0,1,1,,,35,0,0,0,0,0,4,2,5
,2015_18035,0,0,5/5/2015 20:24,20:24,3,0,0,11TH AVE E & MARION ST N,2,4,0,1,1,1,,,25,0,0,0,1,0,4,2,13
,2015_18036,0,0,7/30/2015 8:50,8:50,11,0,0,11TH AVE W & NAVAJO ST N,1,1,0,0,1,1,,,25,0,1,0,0,1,4,2,13
,2015_18037,0,0,6/26/2015 17:24,17:24,1,0,0,11TH AVE E & QUEBEC ST N,1,1,0,7,1,1,,,30,0,0,0,0,0,4,2,16
,2015_18038,0,0,3/5/2015 18:48,18:48,3,0,0,13TH AVE E & LAFAYETTE ST N,2,4,0,7,1,1,,,25,0,0,0,0,0,4,2,7
,2015_18039,0,0,7/26/2015 20:40,20:40,6,0,0,13TH AVE 3700 BLK W & NEWTON ST N,1,3,0,7,1,4,,,25,0,0,0,0,0,4,3,14
,2015_18040,0,0,6/9/2015 3:54,3:54,6,0,0,13TH AVE 600 BLK E & WASHINGTON ST N,1,3,0,7,1,5,,,30,0,0,0,0,0,4,2,16
,2015_18041,0,0,1/19/2015 10:30,10:30,15,0,0,14TH AVE E & LOCUST ST N,1,1,0,7,1,1,,,30,0,0,0,0,0,4,2,16
,2015_18042,0,0,2/8/2015 15:52,15:52,3,0,0,13TH AVE E & YOSEMITE ST N,1,1,0,0,1,1,,,30,0,0,0,0,1,4,2,14
,2015_18043,0,0,8/26/2015 8:32,8:32,6,0,0,13TH AVE 1100 BLK W & MARIPOSA ST N,1,1,0,7,1,3,,,25,0,0,0,0,0,4,3,9
,2015_18044,0,0,2/11/2015 7:05,7:05,10,0,0,14TH AVE E & GAYLORD ST N,2,1,0,0,1,1,,,30,0,0,0,0,0,4,2,13
,2015_18045,0,0,5/6/2015 23:30,23:30,6,0,0,14TH AVE E & HOLLY ST N,1,3,0,7,1,4,,,30,0,0,0,0,0,4,2,16
,2015_18046,0,0,7/29/2015 13:30,13:30,1,0,0,14TH AVE 1000 BLK W & KALAMATH ST N,1,1,0,0,1,1,,,25,0,0,0,1,0,4,2,13
,2015_18047,0,0,1/25/2015 17:47,17:47,10,0,0,14TH AVE E & XENIA ST N,1,3,0,0,1,1,,,30,0,0,0,0,0,4,2,13
,2015_18048,0,0,1/31/2015 21:50,21:50,14,0,0,16TH AVE 900 BLK & OGDEN EMERSON ALLEY,1,4,0,0,1,4,,,30,0,0,0,0,0,4,2,13
,2015_18049,0,0,9/19/2015 1:15,1:15,6,0,0,14TH AVE E & HOLLY ST N,1,4,0,7,1,4,,,30,0,0,0,0,0,4,2,5
,2015_18050,0,0,7/6/2015 17:35,17:35,15,0,0,17TH AVE & 1900 BLK E,2,1,0,1,1,4,,,30,0,0,0,0,0,4,3,16
,2015_18051,0,0,4/30/2015 9:38,9:38,1,0,0,17TH AVE E & QUEBEC ST N,1,1,0,7,1,1,,,30,0,0,0,0,0,4,2,16
,2015_18052,0,0,4/19/2015 11:14,11:14,2,0,0,17TH AVE E & STEELE ST N,1,1,0,0,1,1,,,,1,0,0,0,1,4,2,13
,2015_18053,0,0,8/7/2015 8:40,8:40,15,0,0,18TH AVE 1600 BLK E & GILPIN ST N,1,1,0,7,1,4,,,30,0,0,0,0,0,4,2,16
,2015_18054,0,0,5/29/2015 15:50,15:50,3,0,0,23RD AVE 2100 BLK E & VINE ST N,1,1,0,7,1,1,,,30,0,0,0,0,0,4,2,16
,2015_18055,0,0,2/21/2015 15:15,15:15,6,0,0,24TH AVE 7700 BLK E & SYRACUSE ST N,2,1,0,2,1,4,,,25,0,0,0,0,0,4,2,3
,2015_18056,0,0,2/7/2015 13:40,13:40,1,0,1,25TH AVE E & YORK ST N,1,1,0,0,1,1,,,35,0,0,0,0,2,4,2,13
,2015_18057,0,0,5/23/2015 17:08,17:08,12,0,0,26TH AVE 3200 BLK E & STEELE ST N,1,1,0,7,1,1,,,30,0,0,0,0,0,4,2,16
,2015_18058,0,0,1/21/2015 23:06,23:06,15,0,0,28TH AVE E & QUEBEC ST N,5,3,0,2,1,1,,,35,0,0,0,0,0,4,2,14
,2015_18059,0,0,5/7/2015 11:43,11:43,1,0,0,32ND AVE W & TENNYSON ST N,1,1,0,7,1,1,,,35,0,0,0,0,0,4,2,14
,2015_18060,0,0,6/25/2015 13:04,13:04,6,0,0,33RD AVE & 3300 BLK W,1,1,1,0,1,4,,,25,0,0,0,0,0,4,2,13
,2015_18061,0,0,5/12/2015 18:22,18:22,1,0,0,33RD AVE E & HOLLY ST N,1,1,0,0,1,1,,,30,0,0,0,0,0,4,2,14
,2015_18062,0,0,3/2/2015 14:45,14:45,8,0,0,34TH AVE W & JULIAN ST N,1,1,0,0,1,1,,,25,0,0,0,0,0,4,3,1
,2015_18063,0,0,7/16/2015 18:20,18:20,3,0,0,35TH AVE 3700 BLK E & GARFIELD ST N,1,1,0,0,1,1,,,30,0,0,0,0,0,4,2,13
,2015_18064,0,0,6/16/2015 11:35,11:35,6,0,0,35TH AVE 6900 BLK E & OLIVE ST,1,1,0,7,1,4,,,25,0,0,0,0,0,4,2,16
,2015_18065,0,0,7/10/2015 13:19,13:19,5,0,1,38TH AVE & 1000 BLK W,1,1,1,0,3,4,,,30,0,0,0,0,2,4,1,13
,2015_18066,0,0,8/8/2015 19:29,19:29,12,0,0,38TH AVE W & IRVING ST N,1,2,0,7,1,1,,,35,0,0,0,0,0,4,3,16
,2015_18067,0,0,7/26/2015 19:50,19:50,3,0,0,38TH AVE W & ZUNI ST N,1,2,0,7,1,1,,,35,0,0,0,0,1,4,3,16
,2015_18068,0,0,4/16/2015 14:15,14:15,1,0,0,40TH AVE E & HAVANA ST N,6,1,0,1,1,2,,,35,0,0,0,0,1,4,2,13
,2015_18069,0,0,5/27/2015 19:48,19:48,3,0,0,44TH AVE W & PERRY ST N,1,2,0,7,1,1,,,30,0,0,0,0,0,4,2,8
,2015_18070,0,0,3/18/2015 10:58,10:58,3,0,0,45TH AVE E & WASHINGTON ST N,1,1,0,0,1,1,,,30,0,0,0,0,0,4,2,8
,2015_18071,0,0,1/3/2015 13:00,13:00,3,0,0,51ST AVE E & VICTOR WAY N,4,1,0,2,1,3,,,30,0,0,0,0,0,4,3,13
,2015_18072,0,0,1/16/2015 12:28,12:28,3,0,0,55TH AVE E & PEORIA ST N,1,1,1,0,1,1,,,25,0,0,0,0,0,4,2,7
,2015_18073,0,0,4/19/2015 15:50,15:50,3,0,1,56TH AVE E & DUNKIRK ST N,1,1,0,0,1,1,,,35,0,0,0,0,2,4,2,3
,2015_18074,0,0,9/15/2015 9:03,9:03,6,0,0,47TH AVE 1600 BLK E & BALDWIN CT N,1,1,0,7,1,4,,,25,0,0,0,0,0,4,2,14
,2015_18075,0,0,5/8/2015 16:21,16:21,12,0,0,56TH AVE E & TOWER RD N,2,1,0,1,1,3,,,45,0,0,0,0,0,4,2,16
,2015_18076,0,0,11/4/2015 2:00,2:00,5,0,0,46TH AVE E & FREEPORT WY N,1,3,0,1,4,1,,,25,0,0,0,0,0,4,1,14
,2015_18077,0,0,4/1/2015 16:40,16:40,15,0,0,ALAMEDA AVE E & DOWNING ST S,1,1,0,7,1,4,,,30,0,0,0,0,0,4,2,3
,2015_18078,0,0,10/13/2015 13:43,13:43,12,0,1,ALAMEDA AVE W & BROADWAY S,1,1,0,0,1,4,,,35,0,0,0,1,2,4,2,16
,2015_18079,0,0,9/30/2015 15:52,15:52,12,0,0,ALAMEDA AVE E & CLINTON ST S,1,1,0,0,1,3,,,40,0,0,0,0,1,4,2,14
,2015_18080,0,0,3/18/2015 20:30,20:30,11,0,0,ALBROOK DR E & TULSA CT N,2,3,0,1,1,3,,,25,0,1,0,0,1,4,2,13
,2015_18081,0,0,7/29/2015 13:54,13:54,6,0,0,AMHERST CIR 1300 BLK E & AMHERST AVE E,1,1,0,0,1,4,,,25,0,0,0,0,0,4,1,13
,2015_18082,0,0,5/14/2015 19:20,19:20,6,0,0,ANDREWS DR E & CORNISH CT N,1,1,0,7,1,4,,,40,0,0,0,0,1,4,2,7
,2015_18083,0,0,6/11/2015 21:14,21:14,3,0,0,ARAPAHOE ST & 20TH ST,2,3,0,1,1,1,,,25,0,0,0,0,0,4,2,1
,2015_18084,0,0,5/1/2015 17:25,17:25,15,0,0,BLAKE ST 2200 BLK & 22ND ST,1,1,0,0,1,4,,,30,0,0,0,0,0,4,2,13
,2015_18085,0,0,4/19/2015 2:21,2:21,3,0,0,BLAKE ST & 17TH ST,2,3,0,1,1,1,,,30,0,0,0,0,0,4,2,5
,2015_18086,0,0,4/12/2015 12:27,12:27,15,0,0,BRIGHTON BLVD & 4305 BLK N,1,1,0,0,1,3,,,35,0,0,0,1,0,4,2,13
,2015_18087,0,0,9/15/2015 12:30,12:30,6,0,0,BLAKE ST 1700 BLK & 18TH ST,1,1,1,7,1,1,,,30,0,0,0,0,0,4,2,16
,2015_18088,0,0,8/18/2015 15:15,15:15,12,0,0,BLAKE ST 1300 BLK & SPEER BLVD N,1,1,0,7,1,3,,,25,0,0,0,0,0,4,2,16
,2015_18089,0,0,5/9/2015 10:27,10:27,10,0,0,BROADWAY & LARIMER ST,1,1,0,0,1,1,,,30,0,0,0,0,0,4,2,13
,2015_18090,0,0,10/4/2015 4:30,4:30,3,0,0,BROADWAY ST N & 6TH AVE W,1,3,0,0,1,1,,,30,0,0,0,0,0,4,2,1
,2015_18091,0,0,5/31/2015 11:46,11:46,15,0,0,BROADWAY ST S & VIRGINIA AVE E,1,1,0,0,1,4,,,0,0,0,0,0,0,4,2,13
,2015_18092,0,0,1/9/2015 8:00,8:00,3,0,0,CHAMBERS & MAXWELL PL,5,1,0,7,1,3,,,25,0,0,0,0,0,4,2,14
,2015_18094,0,0,7/16/2015 15:00,15:00,6,0,0,CORONA ST N & 13TH AVE E,1,1,0,0,3,3,,,30,0,0,0,0,0,4,2,13
,2015_18095,0,0,2/18/2015 7:35,7:35,3,0,0,DAKOTA AVE E & LINCOLN ST S,1,1,0,7,1,1,,,25,0,0,0,0,0,4,2,16
,2015_18096,0,0,3/24/2015 15:55,15:55,12,0,0,EVANS AVE 000 BLK E & BROADWAY ST S,1,1,0,7,1,4,,,35,0,0,0,0,1,4,3,3
,2015_18097,0,0,3/19/2015 14:53,14:53,12,0,0,EVANS AVE 4100 BLK E & COLORADO BLVD,1,1,0,0,1,4,,,10,0,0,0,0,0,4,2,13
,2015_18098,0,0,2/3/2015 18:56,18:56,12,0,0,EVANS AVE W & HAZEL CT S,1,3,0,7,1,1,,,30,0,0,0,0,0,4,2,12
,2015_18099,0,0,1/10/2015 9:59,9:59,8,0,0,HOYT ST & 4879 S,5,1,1,0,1,4,,,25,0,0,0,0,0,4,2,7
,2015_18100,0,0,1/19/2015 10:06,10:06,6,0,0,HUMBOLDT ST 1200 BLK N & 13TH AVE E,1,1,0,7,1,4,,,30,0,0,0,0,0,4,2,16
,2015_18101,0,0,7/28/2015 20:58,20:58,12,0,0,LINCOLN ST & 200 BLK N,1,3,0,7,1,4,,,30,0,0,0,0,0,4,2,16
,2015_18102,0,0,3/8/2015 18:40,18:40,5,0,1,LINCOLN ST 800 BLK N & 8TH AVE E,1,2,0,0,2,4,,,30,0,0,0,0,2,4,1,5
,2015_18103,0,0,6/13/2015 3:14,3:14,3,0,0,LINCOLN ST S & EXPOSITION AVE E,1,3,0,7,1,1,,,30,0,0,0,0,0,4,2,5
,2015_18104,0,0,7/19/2015 12:40,12:40,15,0,0,LOGAN ST 700 BLK N & 7TH AVE E,1,1,1,7,1,4,,,30,0,0,0,0,0,4,2,16
,2015_18105,0,0,12/16/2015 16:17,16:17,15,0,0,LIPAN ST S & MISSISSIPPI AVE W,6,1,1,2,1,1,,,35,0,0,0,0,0,4,2,1
,2015_18106,0,0,1/30/2015 2:55,2:55,5,0,0,LONG DR & 8300 BLK W,1,4,0,0,3,4,,,35,0,0,0,0,1,4,1,13
,2015_18107,0,0,5/27/2015 17:15,17:15,3,0,0,LOUISIANA AVE W & OSCEOLA ST S,1,1,0,7,1,1,,,25,0,0,0,0,0,4,2,1
,2015_18108,0,0,2/22/2015 7:47,7:47,12,0,0,MONACO ST S & KENTUCKY AVE E,4,1,0,2,1,4,,,35,0,0,0,0,0,4,2,2
,2015_18110,0,0,6/29/2015 8:36,8:36,1,0,0,MONACO ST N & MONTVIEW BLVD E,1,1,0,7,1,1,,,30,0,0,0,0,0,4,2,16
,2015_18111,0,0,9/1/2015 23:08,23:08,6,0,0,NEWTON ST S & RADCLIFF AVE W,1,3,1,7,1,4,,,25,0,0,0,0,0,4,2,14
,2015_18112,0,0,1/6/2015 10:20,10:20,3,0,0,PEORIA ST 4700 N & 47TH AVE E,2,1,0,0,1,2,,,15,0,0,0,0,0,4,2,13
,2015_18113,0,0,1/12/2015 18:40,18:40,11,0,0,PERRY ST S & MORRISON RD,1,4,0,0,1,1,,,30,0,1,0,0,1,4,2,7
,2015_18114,0,0,10/31/2015 18:00,18:00,12,0,0,PEORIA ST N & 45TH AVE E,1,2,0,0,1,3,,,35,0,0,0,0,0,4,2,13
,2015_18115,0,0,3/27/2015 23:27,23:27,15,0,0,20TH ST & BROADWAY ST N,1,1,0,0,1,1,,,30,0,0,0,0,0,4,2,1
,2015_18116,0,0,5/5/2015 19:20,19:20,15,0,0,22ND ST & BROADWAY ST N,2,3,0,1,1,1,,,30,0,0,0,0,0,4,2,13
,2015_18117,0,0,3/2/2015 10:52,10:52,3,0,0,22ND ST & LAWRENCE ST,1,1,0,7,1,1,,,35,0,0,0,0,0,4,2,1
,2015_18118,0,0,6/12/2015 10:14,10:14,12,0,0,24TH ST 1300 BLK & WALNUT ST,2,1,0,1,1,1,,,35,0,0,0,0,0,4,2,16
,2015_18119,0,0,1/21/2015 11:41,11:41,1,0,0,26TH ST & WELTON ST,2,1,0,2,1,1,,,30,0,0,0,0,0,4,2,13
,2015_18120,0,0,4/2/2015 10:20,10:20,12,0,0,38TH ST & 1400 BLK,1,1,1,0,1,4,,,30,0,0,0,0,0,4,2,7
,2015_18121,0,0,4/10/2015 17:55,17:55,6,0,0,SABLE ST & 4300 BLK N,1,1,0,0,1,4,,,25,0,0,0,0,0,4,2,1
,2015_18122,0,0,8/9/2015 22:00,22:00,6,0,0,SHOSHONE ST & 33RD AVE W,1,3,0,0,1,4,,,25,0,0,0,0,0,4,2,1
,2015_18123,0,0,11/1/2015 18:18,18:18,11,0,0,20TH ST & MARKER ST,1,3,0,0,1,1,,,,0,1,0,0,1,4,3,16
,2015_18124,0,0,5/5/2015 17:35,17:35,15,0,0,SPEER BLVD N & AURARIA PKWY,2,1,0,1,1,3,,,35,0,0,0,0,0,4,2,1
,2015_18125,0,0,1/10/2015 17:27,17:27,12,0,0,SPEER BLVD N & ELITCH CIR,1,3,0,7,1,3,,,35,0,0,0,0,0,4,2,16
,2015_18126,0,0,7/5/2015 17:06,17:06,3,0,0,STAPLETON N DR E & HOLLY ST N,1,1,0,7,1,1,,,30,0,0,0,0,1,4,2,16
,2015_18127,0,0,2/10/2015 6:20,6:20,12,0,0,TENNESSEE AVE 6400 BLK E & MONACO ST S,1,2,3,7,1,14,,,25,0,0,0,0,1,4,2,16
,2015_18128,0,0,4/5/2015 22:20,22:20,11,0,1,TENNYSON ST & 900 BLK S,1,3,0,0,1,4,,,25,0,1,0,0,2,4,3,5
,2015_18129,0,0,7/12/2015 21:15,21:15,5,0,0,TENNYSON ST S & LOUISIANA AVE W,1,3,0,0,3,1,,,30,0,0,0,0,0,4,1,13
,2015_18130,0,0,6/7/2015 15:26,15:26,11,0,0,THRILL PL E & FOREST ST N,1,1,0,0,1,4,,,25,0,1,1,0,1,4,2,13
,2015_18131,0,0,11/15/2015 1:28,1:28,15,0,0,TENNYSON ST N & 38TH AVE W,1,3,0,0,1,4,,,30,0,0,0,0,0,4,2,5
,2015_18132,0,0,1/29/2015 12:51,12:51,1,0,3,UNIVERSITY BLVD S & KENTUCKY AVE E,1,1,0,7,1,1,,,30,0,0,0,0,2,4,2,3
,2015_18133,0,0,5/27/2015 8:52,8:52,3,0,0,WILLIAMS ST N & 22ND AVE E,1,1,0,0,1,1,,,25,0,0,0,0,1,4,2,13
,2015_18134,0,0,3/18/2015 16:48,16:48,3,0,0,WILLIAMS ST N & 39TH AVE E,1,1,0,7,1,1,,,20,0,0,0,0,1,4,2,16
,2015_18136,0,0,2/23/2015 17:00,17:00,5,0,0,WYANDOT ST & 4800 BLK N,5,1,0,0,2,3,,,25,0,0,0,0,1,4,1,5
,2015_18137,0,0,7/11/2015 16:44,16:44,15,0,0,WYNKOOP ST 1600 BLK & 16TH ST,1,1,0,0,1,4,,,25,0,0,0,0,0,4,2,1
,2015_18138,0,0,6/11/2015 22:15,22:15,6,0,0,XAVIER ST S & 35,2,3,0,1,1,4,,,25,0,0,0,0,0,4,2,13
,2015_18139,0,0,12/11/2015 18:45,18:45,12,0,0,YORK ST 1800 BLK N & 18TH AVE E,1,3,0,0,1,4,,,30,0,0,0,0,1,4,3,7
,2015_18141,0,0,5/12/2015 13:42,13:42,15,0,0,XENIA ST 4800 BLK N & NORTHFIELD BLVD E,1,1,0,0,1,1,,,25,0,0,0,0,0,4,2,13
,2015_18142,0,0,4/25/2015 14:53,14:53,12,0,1,YALE AVE 5500 BLK E & HOLLY ST S,1,1,0,7,1,3,,,35,0,0,0,0,2,4,3,16
,2015_18143,0,0,7/29/2015 18:00,18:00,12,0,0,YORK ST N & COLFAX AVE E,1,1,0,0,1,4,,,30,0,0,0,0,0,4,2,13
,2015_18149,0,0,11/2/2015 12:32,12:32,15,0,0,YOSEMITE ST N & 17TH AVE E,1,1,0,0,1,3,,,30,0,0,0,0,0,4,2,1
,2015_18151,0,0,6/3/2015 7:55,7:55,15,0,0,FEDERAL BLVD 513 S & BELLEVIEW DR W,1,1,0,7,1,3,,,35,0,0,0,0,0,4,2,16
,2015_18249,39.707354,-104.940625,1/28/2015 10:41,10:41,1,0,0,CHERRY CREEK N DR E & COLORADO BLVD S,1,1,0,0,1,1,,,30,0,0,0,0,0,2,2,13
,2015_18252,39.71149,-104.940627,7/17/2015 12:05,12:05,15,0,0,ALAMEDA AVE 4000 BLK E & COLORADO BLVD S,1,1,0,0,1,4,,,35,0,0,0,0,0,2,2,13
,2015_18253,39.714614,-104.940629,6/16/2015 10:07,10:07,12,0,0,COLORADO BLVD S & BAYAUD AVE E,1,1,0,0,1,3,,,35,0,0,0,0,0,2,2,13
,2015_18254,39.732829,-104.940621,1/5/2015 13:36,13:36,12,0,0,COLORADO BLVD N & 11TH AVE E (RD E),2,1,0,0,1,4,,,35,0,0,0,0,0,2,2,13
,2015_18255,39.734732,-104.940618,1/18/2015 11:14,11:14,8,0,0,COLORADO BLVD & 1160 BLK S,1,1,1,0,5,2,,,5,0,0,0,0,0,2,2,1
,2015_18256,39.740086,-104.940612,8/13/2015 21:35,21:35,14,0,0,COLORADO BLVD N & COLFAX AVE E,1,3,0,0,1,1,,,35,0,0,0,0,0,2,2,13
,2015_18257,39.741355,-104.940611,2/7/2015 19:01,19:01,10,0,0,COLORADO BLVD N & 16TH AVE E,1,1,0,0,1,4,,,35,0,0,0,0,0,2,2,13
,2015_18259,39.766606,-104.940492,4/10/2015 14:15,14:15,12,0,0,COLORADO BLVD & 3500 BLK N,1,1,0,0,1,4,,,35,0,0,0,0,0,2,3,3
,2015_18260,39.761878,-104.940511,12/8/2015 8:00,8:00,12,0,0,N COLORADO BLVD & E MARTIN LUTHER KING,1,1,0,0,1,3,,,35,0,0,0,0,0,2,2,13
,2015_18261,39.779255,-104.940515,5/27/2015 11:29,11:29,12,0,1,COLORADO BLVD N & I-70,1,1,1,0,1,4,,,40,0,0,0,0,3,2,3,13
,2015_18262,0,0,10/30/2015 15:25,15:25,6,0,0,TENNYSON ST & 4463 N,1,1,0,7,1,4,,,35,0,0,0,0,0,4,2,16
,2015_18267,39.72542,-105.025361,2/17/2015 16:30,16:30,12,0,0,6TH AVE W & FEDERAL BLVD N,1,1,1,0,1,4,,,35,0,0,0,0,0,2,3,2
,2015_18268,39.72542,-105.025361,8/14/2015 15:55,15:55,12,0,0,6TH AVE EB OFF RAMP & FEDERAL BLVD,1,1,1,0,1,8,,,25,0,0,0,0,0,2,2,8
,2015_18302,39.684903,-104.951427,3/2/2015 16:18,16:18,12,0,0,I-25 & STEELE ST S,1,1,0,0,1,4,,,60,0,0,0,0,0,1,3,3
,2015_18303,39.684901,-104.952998,6/13/2015 2:09,2:09,9,0,1,I-25 & UNIVERSITY BLVD S,1,3,1,0,3,4,,,60,0,0,0,0,2,1,1,5
,2015_18304,39.684916,-104.957804,4/4/2015 22:30,22:30,5,0,1,I-25 & UNIVERSITY BLVD S,1,3,0,0,2,4,,,60,0,0,0,0,2,1,1,5
,2015_18305,39.684915,-104.959705,2/22/2015 23:30,23:30,5,0,0,I-25 NB OFF RAMP & UNIVERSITY BLVD S,4,3,1,2,2,8,,,45,0,0,0,0,0,1,1,13
,2015_18306,39.690017,-104.973363,6/24/2015 7:59,7:59,12,0,0,I-25 & DOWNING ST S,1,1,0,0,1,4,,,60,0,0,0,0,0,1,2,13
,2015_18307,39.701452,-104.987435,6/27/2015 4:30,4:30,5,0,0,I-25 & BROADWAY ST S,1,3,1,0,2,4,,,55,0,0,0,0,0,1,1,1
,2015_18308,39.701452,-104.987435,7/31/2015 11:56,11:56,15,0,0,I-25 & BROADWAY ST S,1,1,0,0,1,4,,,55,0,0,0,0,0,1,3,13
,2015_18309,39.707122,-104.996782,4/11/2015 16:54,16:54,12,0,0,I-25 & SANTA FE DR S,1,1,1,0,1,4,,,55,0,0,0,1,0,1,2,3
,2015_18310,39.707122,-104.996782,5/19/2015 6:50,6:50,12,0,0,I-25 & SANTA FE ST,2,2,0,1,1,4,,,55,0,0,0,0,0,1,2,13
,2015_18311,39.707122,-104.996782,6/24/2015 16:09,16:09,12,0,0,I-25 & SANTA FE DR S,1,1,0,0,1,4,,,55,0,0,0,0,0,1,2,2
,2015_18312,39.71124,-104.998918,3/17/2015 13:20,13:20,12,0,0,I-25 & ALAMEDA AVE W,1,1,0,0,1,4,,,55,0,0,0,0,0,1,2,1
,2015_18314,39.71124,-104.998918,8/1/2015 13:31,13:31,15,0,0,I25 HWY SB & ALAMEDA AVE W,1,1,1,7,1,4,,,55,0,0,0,0,0,1,2,3