id,drcog_id,latitude,longitude,crashtime,time,crashtype,numbkilled,numbinjurd,drcoglocat,rdconditin,lightngcon,roadcntgrd,weatherco,location,roaddescrp,schoolzone,constrzone,splimit,bikeinv,pedinv,sctrinv,motoinv,svrty,rdsystem,ttlvehcls,hcf
,2015_18315,39.722136,-105.009439,10/17/2015 18:48,18:48,12,0,0,I-25 & 6TH AVE W,1,3,0,0,1,4,,,55,0,0,0,0,1,1,3,13
,2015_18316,39.716524,-105.002552,8/12/2015 8:35,8:35,12,0,0,I-25 & ALAMEDA AVE W,1,1,0,0,1,4,,,55,0,0,0,0,0,1,2,13
,2015_18317,39.725135,-105.012815,6/29/2015 13:32,13:32,15,0,0,I-25 SB ON RAMP & 6TH AVE W,1,1,1,0,1,8,,,45,0,0,0,0,0,1,2,3
,2015_18318,39.72543,-105.013021,3/2/2015 18:33,18:33,12,0,0,I-25 & 6TH AVE W,1,3,1,0,1,4,,,55,0,0,0,0,0,1,2,13
,2015_18319,39.72543,-105.013021,5/11/2015 16:46,16:46,12,0,0,I-25 & 6TH AVE W,1,1,0,0,1,4,,,55,0,0,0,0,0,1,2,13
,2015_18320,39.74035,-105.013939,10/21/2015 8:38,8:38,12,0,0,I-25 & COLFAX AVE W,2,3,0,1,1,4,,,55,0,0,0,0,1,1,2,16
,2015_18321,39.739838,-105.013897,3/12/2015 22:21,22:21,5,0,0,I-25 SB ON RAMP & COLFAX AVE W,1,4,1,0,2,8,,,35,0,0,0,0,0,1,1,2
,2015_18323,39.760997,-105.004275,6/21/2015 10:28,10:28,12,0,0,I-25 & 20TH ST,1,1,0,0,1,4,,,55,0,0,0,0,0,1,3,13
,2015_18324,39.778392,-104.989186,1/7/2015 21:15,21:15,12,0,0,I-25 NB OFF RAMP TO I-70 & RAMP SPLIT,1,3,0,0,1,8,,,55,0,0,0,0,1,1,2,13
,2015_18337,39.711141,-105.019209,9/7/2015 19:15,19:15,15,0,0,ALAMEDA AVE W & CANOSA CT S,1,1,0,0,1,1,,,35,0,0,0,0,0,2,2,13
,2015_18338,39.711154,-105.022401,7/18/2015 12:14,12:14,12,0,0,ALAMEDA AVE W & DECATUR ST,1,1,1,0,1,4,,,35,0,0,0,0,0,2,2,7
,2015_18339,39.711183,-105.01103,10/14/2015 8:09,8:09,13,0,0,ALAMEDA AVE 2030 W & TEJON ST S,1,1,0,0,1,2,,,,0,0,0,0,0,2,2,12
,2015_18340,39.711182,-105.008971,5/28/2015 8:30,8:30,15,0,0,ALAMEDA AVE W & RARITAN ST S,1,1,0,0,1,4,,,,0,0,0,0,0,2,2,13
,2015_18341,39.653093,-104.912695,5/13/2015 8:05,8:05,12,0,0,HAMPDEN AVE 6500 BLK E & MONACO ST S,1,1,0,0,1,3,,,40,0,0,0,0,1,2,2,13
,2015_18342,39.653114,-104.904156,4/15/2015 9:05,9:05,12,0,0,HAMPDEN AVE 7200 BLK E & POPLAR ST S,1,1,0,0,1,3,,,40,0,0,0,0,1,2,3,12
,2015_18343,39.65302,-104.875567,3/7/2015 22:26,22:26,1,0,1,HAMPDEN AVE E & DAYTON ST S,1,3,0,0,1,1,,,35,0,0,0,0,3,2,2,7
,2015_18344,39.653089,-104.914899,10/9/2015 13:19,13:19,3,0,0,HAMPDEN AVE 6400 BLK E & LOCUST ST S,1,1,0,0,1,2,,,40,0,0,0,0,0,2,2,13
,2015_18356,0,0,2/19/2015 5:19,5:19,5,0,0,HAVANA ST & 4600 BLK N,1,3,0,0,3,4,,,40,0,0,0,0,0,4,1,13
,2015_18368,39.740082,-105.005223,7/6/2015 0:50,0:50,3,0,0,COLFAX AVE W & OSAGE ST N,2,3,0,1,1,1,,,35,0,0,0,0,1,2,2,13
,2015_18369,39.740004,-104.99217,5/19/2015 15:50,15:50,12,0,0,COLFAX AVE 300 BLK W & CHEROKEE ST N,2,1,1,1,1,4,,,30,0,0,0,0,0,2,2,14
,2015_18370,39.739999,-104.990376,1/10/2015 13:24,13:24,15,0,0,COLFAX AVE W & BANNOCK ST N,1,1,0,0,1,1,,,30,0,0,0,0,0,2,2,13
,2015_18371,39.740048,-104.986169,1/22/2015 14:53,14:53,12,0,0,COLFAX AVE E & LINCOLN ST N,1,1,0,0,1,1,,,35,0,0,0,0,1,2,2,13
,2015_18372,39.74002,-104.981158,7/15/2015 18:41,18:41,12,0,0,COLFAX AVE 400 BLK E & PENNSYLVANIA ST N,1,1,0,0,1,1,,,30,0,0,0,0,1,2,3,14
,2015_18373,39.740008,-104.973656,7/31/2015 17:37,17:37,12,0,0,COLFAX AVE 1100 BLK E & DOWNING ST N,1,1,0,0,1,4,,,30,0,0,0,0,1,2,2,1
,2015_18374,39.740008,-104.973453,3/2/2015 17:40,17:40,12,0,0,DOWNING ST 1400 BLK N & COLFAX AVE E,1,3,0,0,1,3,,,25,0,0,0,0,0,2,2,5
,2015_18375,39.739981,-104.962488,8/30/2015 15:20,15:20,6,0,0,COLFAX AVE 2000 BLK E & VINE ST N,1,1,0,0,1,4,,,35,0,0,0,0,0,2,2,13
,2015_18376,39.740071,-104.920615,12/23/2015 17:51,17:51,5,0,0,COLFAX AVE E & IVY ST N,5,3,0,0,2,1,,,35,0,0,0,0,0,2,1,3
,2015_18377,39.740012,-104.969101,11/22/2015 21:49,21:49,6,0,0,COLFAX AVE E & PARK AVE WEST,1,3,0,0,1,4,,,30,0,0,0,0,0,2,2,7
,2015_18378,39.740143,-104.947873,12/24/2015 2:28,2:28,5,0,0,COLFAX AVE E & COOK ST N (RD N),1,3,0,0,3,4,,,30,0,0,0,0,0,2,1,14
,2015_18379,39.740084,-104.892298,2/25/2015 14:45,14:45,6,0,0,COLFAX AVE E & UINTA ST N,4,1,0,2,3,4,,,35,0,0,0,0,0,2,2,14
,2015_18401,39.78422,-105.024718,5/31/2015 10:10,10:10,15,0,0,I-70 & FEDERAL BLVD N,1,1,0,0,1,8,,,25,0,0,0,0,0,1,2,1
,2015_18402,39.783138,-105.006328,3/8/2015 18:40,18:40,15,0,0,PECOS ST N & I-70 EB RAMPS,1,3,0,0,1,6,,,20,0,0,0,0,0,1,2,13
,2015_18404,39.783257,-105.005196,4/5/2015 4:14,4:14,15,0,1,I-70 & PECOS ST N,1,3,1,0,1,4,,,55,0,0,0,0,3,1,2,13
,2015_18405,39.779992,-104.98906,3/7/2015 2:38,2:38,5,0,1,I-70 EB OFF LOOP RAMP & I-25 NB RAMP CONNECTION,2,3,1,0,2,8,,,45,0,0,0,0,2,1,1,7
,2015_18406,39.779719,-104.983712,1/10/2015 11:00,11:00,12,0,0,I-70 & WASHINGTON ST N,1,1,1,0,1,4,,,55,0,0,0,0,0,1,2,13
,2015_18407,39.779435,-104.979009,2/10/2015 18:14,18:14,12,0,0,I-70 & WASHINGTON ST,1,2,0,0,1,4,,,55,0,0,0,0,0,1,2,13
,2015_18408,39.780016,-104.95337,9/28/2015 14:35,14:35,12,0,0,I-70 & VASQUEZ BLVD N,1,1,0,0,1,4,,,55,0,0,0,0,0,1,3,16
,2015_18409,39.779435,-104.979009,7/1/2015 12:23,12:23,1,0,0,WASHINGTON ST N & I-70 EB RAMPS,1,1,0,0,1,1,,,35,0,0,0,0,1,1,3,3
,2015_18410,39.779895,-104.967089,7/16/2015 9:31,9:31,12,0,0,I-70 & BRIGHTON BLVD N,1,1,0,0,1,4,,,55,0,0,0,0,0,1,2,13
,2015_18411,39.780014,-104.959404,1/10/2015 2:30,2:30,5,0,0,46TH AVE E & YORK ST N,1,3,1,0,3,4,,,35,0,0,0,0,0,4,1,5
,2015_18412,39.780014,-104.959201,1/6/2015 6:55,6:55,10,0,0,46TH AVE E & YORK ST N,1,3,0,0,1,1,,,30,0,0,0,0,0,4,2,1
,2015_18413,39.780014,-104.958231,5/12/2015 17:55,17:55,3,0,0,46TH AVE E & JOSEPHINE ST N,1,1,0,0,1,1,,,30,0,0,0,0,0,4,2,13
,2015_18414,39.778211,-104.895525,8/14/2015 10:33,10:33,12,0,0,I-70 & MM 279,1,1,0,0,1,4,,,55,0,0,0,0,1,1,5,13
,2015_18415,39.777095,-104.882471,11/3/2015 17:59,17:59,12,0,0,I-70 & CENTRAL PARK BLVD N,1,3,0,0,1,4,,,55,0,0,0,0,0,1,2,13
,2015_18416,39.775623,-104.865778,1/28/2015 7:22,7:22,15,0,0,I-70 & HAVANA ST N,1,1,0,0,1,4,,,55,0,0,0,0,0,1,2,1
,2015_18417,39.774382,-104.851392,7/26/2015 20:55,20:55,12,0,0,I-70 & HAVANA ST N,1,3,0,0,1,4,,,55,0,0,0,0,0,1,4,1
,2015_18418,39.774005,-104.847034,8/12/2015 8:33,8:33,12,0,0,I-70 & PEORIA ST N,1,1,0,0,1,4,,,55,0,0,0,0,0,1,4,13
,2015_18419,39.774005,-104.847034,1/12/2015 12:22,12:22,15,0,0,I-70 WB OFF RAMP & PEORIA ST N,1,1,0,0,1,1,,,35,0,0,0,0,0,1,2,8
,2015_18420,39.775623,-104.865778,12/29/2015 17:28,17:28,15,0,0,I-70 & HAVANA ST N,1,4,0,0,1,4,,,55,0,0,0,0,0,1,2,3
,2015_18421,39.773989,-104.846848,5/1/2015 20:04,20:04,5,0,0,I-70 & PEORIA ST N,1,3,1,0,3,4,,,55,0,0,0,0,0,1,1,7
,2015_18422,39.772845,-104.83353,10/2/2015 17:09,17:09,15,0,0,I-70 EB & I-225 HWY SB,1,1,1,0,1,8,,,55,0,0,0,0,0,1,2,13
,2015_18423,39.773558,-104.841776,2/23/2015 23:00,23:00,9,0,0,I-70 WB ON RAMP MERGE PT & I-225,5,3,0,0,2,8,,,35,0,0,0,0,0,1,1,7
,2015_18449,39.672852,-104.868392,7/22/2015 17:38,17:38,12,0,0,PARKER RD 2300 BLK S & HARVARD AVE E,1,1,0,0,1,4,,,45,0,0,0,0,1,2,2,13
,2015_18450,39.674321,-104.870184,8/9/2015 16:04,16:04,12,0,0,PARKER RD 2300 BLK S & ILIFF AVE E,1,1,0,0,1,2,,,40,0,0,0,0,1,2,2,13
,2015_18456,39.707633,-104.92392,11/13/2015 14:44,14:44,2,0,0,LEETSDALE DR 5800 BLK & HOLLY ST S,1,1,0,0,1,2,,,35,1,0,0,0,0,2,2,14
,2015_18462,39.675017,-104.994137,2/16/2015 9:51,9:51,5,0,0,SANTA FE DR S & ILIFF AVE W OFFSET REF,6,1,0,2,3,4,,,55,0,0,0,0,0,2,1,7
,2015_18464,39.696775,-104.991848,7/17/2015 13:25,13:25,15,0,0,SANTA FE DR S & MISSISSIPPI AVE W,1,1,0,0,1,4,,,45,0,0,0,0,0,2,2,13
,2015_18467,39.696696,-104.991872,9/16/2015 17:40,17:40,3,0,0,MISSISSIPPI AVE W & PLATTE RIVER DR S,1,1,0,0,1,1,,,40,0,0,0,0,0,2,2,1
,2015_18469,39.735632,-105.025306,2/25/2015 16:41,16:41,3,0,0,FEDERAL BLVD N & HOLDEN PL W,4,1,0,2,1,1,,,35,0,0,0,0,0,2,2,13
,2015_18470,39.733699,-105.025178,6/20/2015 18:40,18:40,11,0,1,FEDERAL BLVD & 1000 BLK S,1,1,0,0,1,4,,,45,0,1,0,0,2,2,2,13
,2015_18471,39.725983,-105.025128,8/11/2015 16:35,16:35,3,0,0,FEDERAL BLVD N & 6TH AVE WB OFF RAMP,2,1,0,1,1,1,,,35,0,0,0,0,0,2,2,13
,2015_18472,39.710793,-105.025082,7/3/2015 19:50,19:50,12,0,0,FEDERAL BLVD 300 BLOCK S & ALAMEDA AVE W,1,1,0,0,1,4,,,45,0,0,0,0,1,2,3,3
,2015_18473,39.70041,-105.025085,6/26/2015 12:59,12:59,3,0,0,FEDERAL BLVD S & KENTUCKY AVE W,1,1,0,0,1,1,,,40,0,0,0,0,0,2,2,1
,2015_18474,39.696764,-105.025061,1/6/2015 15:27,15:27,15,0,0,FEDERAL BLVD S & MISSISSIPPI AVE W,1,1,0,0,1,3,,,25,0,0,0,0,0,2,2,1
,2015_18475,39.696764,-105.025061,5/21/2015 6:58,6:58,3,0,0,FEDERAL BLVD S & MISSISSIPPI AVE W,1,1,0,0,1,1,,,40,0,0,0,0,0,2,2,13
,2015_18476,39.690149,-105.025054,2/20/2015 20:21,20:21,1,0,0,FEDERAL BLVD S & FLORIDA AVE W,1,3,1,0,1,2,,,40,0,0,0,0,0,2,2,13
,2015_18477,39.684947,-105.025012,2/11/2015 14:09,14:09,12,0,0,FEDERAL BLVD S & COLORADO AVE W,1,1,1,0,1,3,,,40,0,0,0,0,0,2,2,12
,2015_18478,39.684491,-105.025016,2/9/2015 15:45,15:45,1,0,0,FEDERAL BLVD S & COLORADO AVE W,1,1,1,0,1,2,,,40,0,0,0,0,1,2,2,1
,2015_18479,39.676758,-105.025054,2/5/2015 17:59,17:59,1,0,1,FEDERAL BLVD S & WARREN AVE W,1,3,0,0,1,1,,,40,0,0,0,0,3,2,2,13
,2015_18481,39.676758,-105.025054,3/3/2015 16:35,16:35,1,0,0,FEDERAL BLVD S & WARREN AVE W,1,1,0,0,1,1,,,40,0,0,0,0,0,2,2,4
,2015_18482,39.675237,-105.02504,1/16/2015 14:45,14:45,15,0,0,FEDERAL BLVD S & ILIFF AVE W,1,1,0,0,1,3,,,35,0,0,0,0,0,2,2,7
,2015_18483,39.674978,-105.025042,3/20/2015 16:22,16:22,12,0,0,FEDERAL BLVD S & ILIFF AVE W,1,1,0,0,1,1,,,35,0,0,0,0,0,2,2,3
,2015_18484,39.667681,-105.025108,7/29/2015 13:03,13:03,1,0,0,FEDERAL BLVD S & YALE AVE W,1,1,0,0,1,1,,,40,0,0,0,0,0,2,2,7
,2015_18485,39.665547,-105.025137,1/13/2015 10:25,10:25,12,0,0,FEDERAL BLVD S & AMHERST AVE W,1,1,0,0,1,4,,,40,0,0,0,0,0,2,2,13
,2015_18486,39.682271,-105.025016,10/11/2015 0:23,0:23,5,0,0,FEDERAL BLVD S & JEWELL AVE W,1,3,0,1,3,1,,,40,0,0,0,0,0,2,1,5
,2015_18496,0,0,4/18/2015 18:51,18:51,5,0,0,HAVANA ST 3100 BLK N & 31ST AVE E,1,1,0,7,2,4,,,30,0,0,0,0,0,4,1,16
,2015_18506,39.700374,-105.053249,9/6/2015 23:24,23:24,1,1,3,SHERIDAN BLVD S & KENTUCKY AVE W,1,3,0,1,1,1,,,35,0,0,0,1,4,2,2,2
,2015_18517,39.616639,-105.091126,5/5/2015 13:05,13:05,12,0,0,WADSWORTH BLVD S & CRESTLINE AVE W,2,1,0,1,1,4,,,45,0,0,0,0,0,2,2,1
,2015_18519,39.625566,-105.090781,5/11/2015 11:25,11:25,15,0,0,WADSWORTH BLVD & BELLEVIEW AVE W,1,1,0,0,1,4,,,45,0,0,0,0,0,2,2,4
,2015_18554,39.780647,-104.899267,2/4/2015 22:20,22:20,5,0,0,I-270 WB OFF RAMP TO QUEBEC ST & ENT GORE,1,3,0,0,3,4,,,50,0,0,0,0,1,1,1,13
,2015_18561,39.652992,-104.927714,4/1/2015 15:47,15:47,12,0,0,HAMPDEN AVE 5100 BLK E & FAIRFAX ST S,1,1,0,0,1,4,,,35,0,0,0,0,0,2,2,13
,2015_18562,39.652985,-104.920374,3/9/2015 20:36,20:36,15,0,0,HAMPDEN AVE E & IVY WAY S,1,3,0,0,1,3,,,40,0,0,0,0,1,2,2,13
,2015_18563,39.746833,-105.025218,6/19/2015 14:34,14:34,12,0,0,FEDERAL BLVD & 1900 BLK S,1,1,0,0,1,3,,,35,0,0,0,0,0,2,2,4
,2015_18564,39.780247,-105.025224,3/3/2015 15:27,15:27,1,0,0,FEDERAL BLVD N & 46TH AVE W,1,1,1,0,1,1,,,35,0,0,0,0,1,2,2,13
,2015_18565,39.78466,-105.025209,5/4/2015 20:47,20:47,1,0,0,FEDERAL BLVD N & I-70 WB RAMPS,2,3,1,1,1,2,,,40,0,0,0,0,0,2,2,8
,2015_18566,39.764417,-105.02517,9/18/2015 8:45,8:45,12,0,0,FEDERAL BLVD N & 34TH AVE W,1,1,0,0,1,1,,,35,0,0,0,0,1,2,2,14
,2015_18567,39.787435,-105.025221,5/22/2015 16:03,16:03,1,0,0,REGIS BLVD W & FEDERAL BLVD N,1,1,1,0,1,1,,,35,0,0,0,0,0,2,2,13
,2015_18761,0,0,2/3/2015 7:55,7:55,1,0,0,1ST AVE E & CLAYTON LN N,1,1,0,0,1,1,,,30,0,0,0,0,0,4,2,13
,2015_18762,0,0,5/15/2015 12:00,12:00,15,0,0,1ST AVE 2600 BLK E & CLAYTON ST N,1,1,0,0,1,3,,,30,0,0,0,0,0,4,2,13
,2015_18763,0,0,6/5/2015 13:20,13:20,15,0,0,1ST AVE 2200 BLK E & MILWAUKEE ST N,1,1,0,0,1,4,,,25,0,0,0,0,0,4,2,13
,2015_18764,0,0,11/9/2015 9:30,9:30,3,0,1,6TH AVE W & FOX ST N,1,1,0,0,1,1,,,35,0,0,0,0,2,4,2,16
,2015_18765,0,0,6/10/2015 17:49,17:49,15,0,0,1ST AVE E & UNIVERSITY BLVD N,1,1,0,7,1,4,,,35,0,0,0,0,0,4,3,3
,2015_18766,0,0,2/25/2015 15:15,15:15,3,0,0,2ND AVE E & MADISON ST N,5,1,1,2,1,1,,,25,0,0,0,0,1,4,2,8
,2015_18767,0,0,2/24/2015 15:58,15:58,12,0,0,3RD AVE 1000 BLK E & KALAMATH AVE,5,1,0,7,1,1,,,25,0,0,0,0,0,4,2,14
,2015_18768,0,0,1/8/2015 15:34,15:34,15,0,0,4TH AVE W & KNOX CT N,1,1,0,0,1,1,,,25,0,0,0,0,0,4,2,13
,2015_18769,0,0,7/21/2015 12:05,12:05,3,0,0,6TH AVE E & BROADWAY ST N,1,1,0,0,1,1,,,30,0,0,0,0,0,4,2,14
,2015_18770,0,0,1/29/2015 19:02,19:02,5,0,0,6TH AVE 1100 BLK E & DOWNING ST S,1,3,0,0,2,4,,,30,0,0,0,0,0,4,1,5
,2015_18771,0,0,1/6/2015 8:05,8:05,12,0,0,6TH AVE E & HOLLY ST N,5,1,0,7,1,3,,,25,0,0,0,0,0,4,2,16
,2015_18772,0,0,7/18/2015 23:00,23:00,6,0,0,6TH AVE E & N HUMBOLDT ST,1,3,1,7,1,4,,,25,0,0,0,0,0,4,3,16
,2015_18774,0,0,4/10/2015 7:54,7:54,2,0,0,8TH AVE E & CLERMONT ST N,1,1,0,0,1,1,,,35,1,0,0,0,1,4,2,3
,2015_18775,0,0,5/14/2015 17:34,17:34,12,0,0,8TH AVE 2500 BLK E & COLUMBINE ST N,1,1,0,7,1,3,,,30,0,0,0,0,0,4,5,7
,2015_18776,0,0,5/23/2015 22:50,22:50,6,0,0,8TH AVE E & FOREST ST N,2,3,0,7,1,4,,,30,0,0,0,0,0,4,2,3
,2015_18777,0,0,4/22/2015 9:43,9:43,12,0,0,8TH AVE E & GRANT ST N,1,1,1,0,1,1,,,30,0,0,0,0,1,4,2,13
,2015_18778,0,0,5/11/2015 17:03,17:03,3,0,0,8TH AVE E & MONACO ST N,1,1,0,7,1,1,,,30,0,0,0,0,0,4,2,16
,2015_18779,0,0,1/3/2015 5:03,5:03,3,0,1,13TH AVE E & ULSTER ST N,5,3,0,7,1,1,,,30,0,0,0,0,2,4,2,1
,2015_18780,0,0,6/30/2015 12:39,12:39,15,0,0,13TH AVE 700 BLK E & WASHINGTON ST N,1,1,0,0,1,4,,,25,0,0,0,0,0,4,2,13
,2015_18781,0,0,7/12/2015 1:05,1:05,3,0,0,16TH AVE E & TRENTON ST N,1,3,0,7,1,1,,,25,0,0,0,0,0,4,2,16
,2015_18782,0,0,6/14/2015 22:00,22:00,6,0,0,29TH AVE E & HUDSON ST N,1,4,0,7,1,4,,,25,0,0,0,0,0,4,2,5
,2015_18783,0,0,10/14/2015 17:04,17:04,6,0,0,14TH AVE 1400 BLK E & HUMBOLDT ST N,1,1,1,7,1,4,,,30,0,0,0,0,0,4,2,1
,2015_18784,0,0,8/17/2015 15:00,15:00,12,0,0,38TH AVE W & PECOS ST N,2,1,0,1,1,4,,,35,0,0,0,0,1,4,2,16
,2015_18785,0,0,4/11/2015 22:13,22:13,5,0,0,38TH AVE & 3156 BLK W,1,3,0,0,3,4,,,30,0,0,0,0,0,4,1,14
,2015_18786,0,0,1/21/2015 17:29,17:29,6,0,0,38TH AVE & 4000 BLK W,1,2,1,0,3,4,,,30,0,0,0,0,0,4,2,13
,2015_18787,0,0,10/15/2015 21:09,21:09,1,0,0,35TH AVE E & QUEBEC ST N,1,3,0,0,1,1,,,30,0,0,0,0,0,4,2,14
,2015_18788,0,0,8/11/2015 8:45,8:45,6,0,0,W 41ST AVE & TENNYSON ST N,1,1,0,7,1,5,,,10,0,0,0,0,0,4,2,8
,2015_18789,0,0,7/15/2015 12:45,12:45,12,0,0,43RD AVE E & TOWER RD N,1,1,0,7,1,1,,,40,0,0,0,0,1,4,2,4
,2015_18790,0,0,2/25/2015 16:03,16:03,12,0,0,44TH AVE & 4400 BLK W,4,1,1,2,1,4,,,30,0,0,0,0,0,4,2,13
,2015_18791,0,0,6/27/2015 15:30,15:30,15,0,0,COLUMBINE ST 45TH AVE E N & 45TH AVE E,1,1,1,0,1,4,,,,0,0,0,0,0,4,2,13
,2015_18792,0,0,7/18/2015 8:00,8:00,5,0,1,45TH AVE 500 BLK W & FOX ST,1,1,0,0,3,4,,,25,0,0,0,0,2,4,1,8
,2015_18793,0,0,11/20/2015 23:30,23:30,5,0,0,38TH AVE W & JULIAN ST N,5,3,1,2,3,4,,,35,0,0,0,0,0,4,1,16
,2015_18794,0,0,11/16/2015 6:29,6:29,6,0,0,39TH AVE 1700 BLK W & PECOS ST N,1,2,0,7,1,4,,,25,0,0,0,0,0,4,3,14
,2015_18795,0,0,1/22/2015 16:00,16:00,3,0,0,47TH AVE E & BALDWIN CT N,2,1,0,0,1,1,,,25,0,0,0,0,0,4,2,7
,2015_18796,0,0,6/16/2015 13:00,13:00,5,0,0,48TH AVE & 3503 W,1,1,0,0,2,4,,,15,0,0,0,0,0,4,1,13
,2015_18797,0,0,6/28/2015 17:15,17:15,1,0,0,56TH AVE 18500 BLK E & TOWER RD N,1,1,0,0,1,1,,,45,0,0,0,0,0,4,2,7
,2015_18798,0,0,6/12/2015 17:21,17:21,12,0,0,56TH AVE 13000 BLK E & UVALDA ST N,1,1,0,7,1,4,,,40,0,0,0,0,0,4,2,16
,2015_18799,0,0,8/7/2015 7:00,7:00,12,0,0,71ST AVE 26800 BLK E & ROBERTSDALE ST,1,1,0,7,1,2,,,45,0,0,0,0,0,4,2,16
,2015_18800,0,0,3/22/2015 22:57,22:57,15,0,0,78TH AVE & 24500 BLK E,1,3,0,0,1,4,,,45,0,0,0,0,0,4,2,7
,2015_18801,0,0,1/8/2015 21:44,21:44,3,0,0,ALAMEDA AVE E & QUEBEC ST S,5,3,0,2,1,1,,,35,0,0,0,0,0,4,2,16
,2015_18802,0,0,7/29/2015 9:05,9:05,3,0,0,ALAMEDA AVE E & YORK ST S,1,1,1,7,1,1,,,25,0,0,0,0,0,4,2,16
,2015_18803,0,0,6/4/2015 18:04,18:04,3,0,0,ALBROOK DR E & PEORIA ST N,2,1,1,1,1,1,,,35,0,0,0,0,0,4,2,13
,2015_18804,0,0,10/26/2015 0:18,0:18,5,0,0,ANDREWS DR E & CHAMBERS RD N,1,3,0,0,3,1,,,40,0,0,0,0,0,4,1,1
,2015_18805,0,0,1/23/2015 17:18,17:18,15,0,0,ARAPAHOE ST 2000 BLK & 20TH ST,1,3,0,7,1,4,,,30,0,0,0,0,0,4,2,16
,2015_18806,0,0,3/11/2015 15:39,15:39,3,0,0,ARKANSAS AVE E & PEARL ST S,1,1,0,7,1,1,,,25,0,0,0,0,0,4,2,3
,2015_18807,0,0,3/7/2015 10:25,10:25,3,0,0,ASBURY AVE E & UNIVERSITY BLVD S,1,1,0,0,1,2,,,30,0,0,0,0,0,4,2,3
,2015_18808,0,0,5/31/2015 21:33,21:33,5,0,1,AURARIA PKWY & COLFAX AVE W,1,3,0,7,1,4,,,35,0,0,0,0,2,4,1,5
,2015_18809,0,0,7/3/2015 22:33,22:33,15,0,0,AURARIA PKWY & 12TH ST,1,3,0,7,1,4,,,35,0,0,0,0,0,4,2,5
,2015_18810,0,0,1/21/2015 23:11,23:11,5,0,0,BALSAM WAY 4500 BLK S & STANFORD WAY,5,3,0,2,3,4,,,15,0,0,0,0,0,4,1,13
,2015_18811,0,0,3/10/2015 7:45,7:45,3,0,0,BANNOCK ST 200 BLK S & CEDAR AVE W,1,1,0,7,1,5,,,25,0,0,0,0,0,4,2,16
,2015_18812,0,0,2/18/2015 12:22,12:22,3,0,0,BANNOCK ST S & DAKOTA AVE W,1,1,0,7,1,1,,,25,0,0,0,0,0,4,2,1
,2015_18813,0,0,6/10/2015 16:40,16:40,12,0,0,BLAKE ST & 20TH ST HOV NB,1,1,1,7,1,4,,,40,0,0,0,0,0,4,2,7
,2015_18814,0,0,7/1/2015 14:37,14:37,6,0,0,PEARL ST 1400 BLKL S & ARKANSAS AVE E,1,1,0,7,1,4,,,25,0,0,0,0,0,4,2,16
,2015_18815,0,0,1/9/2015 10:20,10:20,5,0,0,FAIRMOUNT DR E & LOWRY BLVD E,5,1,0,0,2,1,,,30,0,0,0,0,0,4,1,13
,2015_18816,0,0,2/5/2015 14:44,14:44,12,0,0,BRIGHTON BLVD 4100 BLK N & 38TH ST,1,1,0,7,1,4,,,35,0,0,0,0,0,4,2,16
,2015_18817,0,0,10/10/2015 5:32,5:32,6,0,3,BROADWAY ST S & DAKOTA AVE E,1,3,0,0,1,4,,,30,0,0,0,0,3,4,2,5
,2015_18818,0,0,2/3/2015 16:50,16:50,15,0,0,BROADWAY ST N & 17TH AVE E,1,3,0,0,1,1,,,25,0,0,0,0,0,4,2,1
,2015_18819,0,0,6/25/2015 6:25,6:25,12,0,0,BROADWAY ST 200 BLK S & ALAMEDA AVE E,1,5,0,7,1,3,,,30,0,0,0,0,0,4,2,1
,2015_18820,0,0,3/21/2015 20:51,20:51,6,0,0,BROADWAY ST 1200 BLK S & ARIZONA AVE E,1,3,0,7,1,4,,,30,0,0,0,0,0,4,4,16
,2015_18821,0,0,4/8/2015 17:52,17:52,15,0,0,BROADWAY ST N & CHEYENNE PL,1,1,0,0,1,1,,,35,0,0,0,0,0,4,2,14
,2015_18822,0,0,1/27/2015 6:58,6:58,6,0,1,BROADWAY ST 300 BLK S & DAKOTA AVE W,1,2,0,7,1,4,,,30,0,0,0,0,2,4,4,5
,2015_18823,0,0,2/16/2015 21:49,21:49,12,0,0,BROADWAY ST N & ELLSWORTH AVE E,4,3,0,2,1,1,,,30,0,0,0,0,0,4,3,1
,2015_18824,0,0,5/6/2015 1:20,1:20,3,0,0,BROADWAY ST S & MAPLE AVE W,2,3,0,0,1,1,,,30,0,0,0,0,0,4,2,13
,2015_18825,0,0,8/24/2015 16:43,16:43,12,0,0,DOWNING ST 2000 BLK S & ASBURY AVE E,1,1,0,0,1,3,,,30,0,0,0,0,1,4,2,13
,2015_18826,0,0,5/21/2015 17:18,17:18,12,0,0,EVANS AVE 2700 BLK E & CLAYTON ST S,1,1,0,7,1,4,,,35,0,0,0,0,0,4,2,16
,2015_18827,0,0,3/31/2015 12:45,12:45,4,0,0,FAIRMOUNT DR 200 BLK S & ALAMEDA AVE E,1,1,0,0,3,4,,,30,0,0,0,0,0,4,1,3
,2015_18828,0,0,3/11/2015 18:17,18:17,15,0,0,EVANS AVE 6300 BLK E & MONACO ST S,1,1,0,0,1,4,,,35,0,0,0,0,0,4,2,3