id,drcog_id,latitude,longitude,crashtime,time,crashtype,numbkilled,numbinjurd,drcoglocat,rdconditin,lightngcon,roadcntgrd,weatherco,location,roaddescrp,schoolzone,constrzone,splimit,bikeinv,pedinv,sctrinv,motoinv,svrty,rdsystem,ttlvehcls,hcf
,2015_18829,0,0,11/6/2015 15:51,15:51,12,0,0,EVANS AVE 6500 BLK E & MONACO ST S,1,1,0,0,1,3,,,40,0,0,0,0,0,4,3,3
,2015_18830,0,0,6/12/2015 8:30,8:30,3,0,0,EVANS AVE W & ZUNI ST S,2,1,1,1,1,1,,,30,0,0,0,0,1,4,2,1
,2015_18831,0,0,1/8/2015 15:23,15:23,5,0,0,EXPOSITION AVE 10050 BLK E & S FULTON ST,5,1,0,7,2,4,,,25,0,0,0,0,0,4,1,16
,2015_18832,0,0,4/27/2015 20:33,20:33,6,0,0,FRANKLIN ST 2500 BLK S & WESLEY AVE E,1,3,1,7,1,4,,,25,0,0,0,0,0,4,3,5
,2015_18833,0,0,1/24/2015 1:30,1:30,6,0,0,GALAPAGO ST & 2425 BLK S,1,3,0,0,1,4,,,25,0,0,0,0,0,4,3,1
,2015_18834,0,0,4/2/2015 8:50,8:50,5,0,0,GVR BL E & HIMALAYA RD N,1,1,0,7,3,4,,,45,0,0,0,0,0,4,1,2
,2015_18836,0,0,8/15/2015 23:15,23:15,2,0,0,GAYLORD ST & 1300 BLK N,1,4,0,0,1,4,,,25,1,0,0,0,1,4,2,13
,2015_18837,0,0,4/16/2015 14:40,14:40,6,0,0,LAFAYETTE ST N & COLFAX AVE E,2,1,0,2,1,2,,,25,0,0,0,0,0,4,5,16
,2015_18838,0,0,6/16/2015 9:24,9:24,12,0,0,ILIFF AVE 2100 BLK E & 2175 E,1,1,1,0,1,2,,,25,0,0,0,0,0,4,2,8
,2015_18839,0,0,2/7/2015 12:25,12:25,12,0,0,ILIFF AVE 9700 BLK E & DAYTON ST S,1,1,0,7,1,3,,,35,0,0,0,0,0,4,2,4
,2015_18840,0,0,8/3/2015 0:53,0:53,6,0,0,IOWA AVE 7300 BLK E & ROSLYN ST S,1,3,0,0,1,4,,,25,0,0,0,0,0,4,3,1
,2015_18841,0,0,3/5/2015 21:30,21:30,5,0,0,KALAMATH ST 1500 BLK N & COLFAX AVE W,1,3,0,0,3,4,,,30,0,0,0,0,0,4,1,7
,2015_18842,0,0,3/17/2015 23:52,23:52,6,0,1,JACKSON ST 1000 BLK N & 11TH AVE E,1,3,1,7,1,4,,,25,0,0,0,0,2,4,2,5
,2015_18843,0,0,8/9/2015 12:08,12:08,15,0,0,JACKSON GAP ST 7600 BLK N & PENA BLVD INB,1,1,0,7,1,4,,,35,0,0,0,0,0,4,2,1
,2015_18844,0,0,2/1/2015 11:26,11:26,3,0,0,JOSEPHINE ST N & 14TH AVE E,4,1,0,0,1,1,,,30,0,0,0,0,1,4,3,13
,2015_18845,0,0,5/27/2015 5:14,5:14,6,0,0,KEARNEY ST N & MLK BLVD E,1,2,0,7,1,4,,,25,0,0,0,0,0,4,4,5
,2015_18846,0,0,1/25/2015 12:37,12:37,12,0,0,KENTUCKY AVE W & RALEIGH ST S,1,1,0,7,1,4,,,25,0,0,0,0,1,4,2,14
,2015_18847,0,0,1/6/2015 16:48,16:48,5,0,0,KENTUCKY AVE 200 E & SHERMAN/S GRANT S (ALLEY),6,1,0,0,3,5,,,30,0,0,0,0,0,4,1,14
,2015_18849,0,0,4/17/2015 23:05,23:05,5,0,0,KNOX CT N & 8TH AVE W,2,3,0,7,1,1,,,30,0,0,0,0,0,4,1,5
,2015_18850,0,0,2/5/2015 10:01,10:01,12,0,0,LINCOLN ST N & 8TH AVE E,1,1,0,7,1,3,,,35,0,0,0,0,0,4,2,14
,2015_18851,0,0,7/8/2015 22:01,22:01,12,0,0,LINCOLN ST 700 BLK N & 8TH AVE E,1,3,0,7,1,3,,,30,0,0,0,0,1,4,2,5
,2015_18852,0,0,3/27/2015 20:20,20:20,10,0,0,LINCOLN ST N & 18TH AVE E,1,3,0,0,1,1,,,30,0,0,0,0,0,4,2,8
,2015_18853,0,0,7/12/2015 2:42,2:42,3,0,0,LINCOLN ST S & EXPOSITION AVE E,1,3,0,7,1,1,,,30,0,0,0,0,1,4,2,7
,2015_18854,0,0,11/30/2015 15:10,15:10,6,0,0,LARIMER ST 1600 BLK & 16TH ST,6,1,0,7,1,4,,,25,0,0,0,0,0,4,2,7
,2015_18855,0,0,1/25/2015 22:38,22:38,6,0,0,MARKET ST 2100 BLK & 21ST ST,1,3,0,7,1,4,,,30,0,0,0,0,0,4,2,14
,2015_18856,0,0,6/5/2015 21:50,21:50,12,0,0,MARKET ST & 22ND ST,1,3,0,1,1,4,,,25,0,0,0,0,0,4,2,16
,2015_18857,0,0,2/24/2015 14:40,14:40,12,0,0,MONACO ST 2900 BLK S & CORNELL AVE E,2,1,0,7,1,3,,,35,0,0,0,0,0,4,2,16
,2015_18858,0,0,3/8/2015 10:35,10:35,12,0,0,MONACO ST S & DICKENSON PL E,1,1,0,7,1,4,,,35,0,0,0,0,0,4,3,16
,2015_18859,0,0,1/2/2015 10:40,10:40,8,0,1,MONACO ST 2600 BLK S & E LA SALLE PL,6,1,0,7,1,4,,,30,0,0,0,0,2,4,2,1
,2015_18860,0,0,6/27/2015 13:21,13:21,1,0,0,MONACO ST S & YALE AVE E,1,1,0,7,1,1,,,35,0,0,0,0,0,4,2,3
,2015_18861,0,0,4/21/2015 7:35,7:35,2,0,1,MONTVIEW AVE E & DEXTER ST N,1,1,0,0,1,1,,,20,1,0,0,0,2,4,2,13
,2015_18862,0,0,3/22/2015 19:58,19:58,1,0,0,MONTVIEW BLVD E & QUEBEC ST N,1,3,0,7,1,1,,,30,0,0,0,0,0,4,2,16
,2015_18863,0,0,1/25/2015 16:30,16:30,3,0,0,MORRISON RD & WALSH PL W,1,1,1,7,1,2,,,35,0,0,0,0,0,4,2,3
,2015_18864,0,0,7/4/2015 18:00,18:00,14,0,0,MORRISON RD 4800 BLK & WOLFF ST,1,1,0,0,1,2,,,40,0,0,0,0,0,4,2,13
,2015_18865,0,0,8/6/2015 22:25,22:25,11,0,1,NEWTON ST 1400 BLK N & OSCEOLA ST ALLEY,1,4,0,0,1,5,,,5,0,1,0,0,3,4,2,13
,2015_18866,0,0,3/16/2015 20:05,20:05,6,0,0,OGDEN ST 1400 BLK N & 14TH AVE E,1,3,0,7,1,4,,,25,0,0,0,0,0,4,2,14
,2015_18867,0,0,7/21/2015 13:45,13:45,3,0,0,ONEIDA ST N & 17TH AVE E,1,1,0,7,1,1,,,25,0,0,0,0,1,4,3,16
,2015_18868,0,0,8/25/2015 23:30,23:30,6,0,0,ODESSA ST 4900 BLK N & 49TH PL E,1,3,0,0,1,1,,,25,0,0,0,0,0,4,2,13
,2015_18869,0,0,8/6/2015 19:09,19:09,3,0,0,48TH PL E & JEBEL ST N,1,1,0,7,1,1,,,25,0,0,0,0,0,4,2,16
,2015_18870,0,0,2/2/2015 7:15,7:15,12,0,0,PARK AVE W & 3100,5,1,0,0,1,4,,,35,0,0,0,0,0,4,2,13
,2015_18871,0,0,1/21/2015 17:30,17:30,11,0,1,PARK AVE W & ARAPAHOE ST,2,3,0,2,1,1,,,,0,1,0,0,2,4,2,13
,2015_18872,0,0,2/15/2015 21:55,21:55,15,0,0,PENA BLVD 7500 & E-470,4,3,0,2,1,4,,,65,0,0,0,0,0,4,2,16
,2015_18873,0,0,3/26/2015 5:45,5:45,12,0,1,PENA BLVD OUTBOULD & 40TH AVE E,1,2,0,7,1,1,,,35,0,0,0,0,2,4,2,7
,2015_18874,0,0,9/24/2015 8:50,8:50,6,0,0,PEARL ST & 1700 BLK N,1,1,0,7,1,4,,,25,0,0,0,0,0,4,2,1
,2015_18876,0,0,2/13/2015 13:45,13:45,15,0,0,PEORIA ST N & 39TH AVE E,1,1,1,0,1,1,,,25,0,0,0,0,0,4,2,13
,2015_18877,0,0,7/16/2015 13:40,13:40,6,0,0,PERRY ST N & 5TH AVE W,1,1,0,7,1,4,,,25,0,0,0,0,0,4,2,7
,2015_18878,0,0,4/5/2015 2:46,2:46,6,0,0,PERRY ST 4420 N & 44TH AVE W,1,4,0,7,1,4,,,25,0,0,0,0,0,4,3,5
,2015_18879,0,0,9/27/2015 1:58,1:58,6,0,0,PENNSYLVANIA ST 800 BLK N & 8TH AVE E,1,3,0,7,1,4,,,25,0,0,0,0,0,4,2,14
,2015_18880,0,0,3/19/2015 12:10,12:10,12,0,0,QUEBEC ST & 1900 BLK N,1,1,0,0,1,4,,,35,0,0,0,0,0,4,2,7
,2015_18881,0,0,6/22/2015 21:45,21:45,3,0,0,15TH ST & CHAMPA ST,1,3,0,7,1,1,,,30,0,0,0,0,0,4,2,1
,2015_18883,0,0,3/25/2015 8:01,8:01,3,0,0,15TH ST & LAWRENCE ST,2,1,0,1,1,1,,,25,0,0,0,0,0,4,2,16
,2015_18884,0,0,4/7/2015 16:09,16:09,1,0,0,15TH ST & TREMONT ST,1,1,0,0,1,1,,,30,0,0,0,0,0,4,2,8
,2015_18885,0,0,7/22/2015 20:50,20:50,2,0,0,15TH ST & WYNKOOP ST,1,3,0,0,1,3,,,25,1,0,0,0,1,4,2,13
,2015_18886,0,0,5/2/2015 17:06,17:06,10,0,0,17TH ST & CURTIS ST,1,1,0,0,1,1,,,25,0,0,0,0,0,4,2,13
,2015_18887,0,0,4/26/2015 2:06,2:06,12,0,0,20TH ST 1600 BLK & WAZEE ST,1,3,1,7,1,4,,,25,0,0,0,0,1,4,2,5
,2015_18888,0,0,2/22/2015 16:11,16:11,5,0,0,22ND ST 1500 BLK & BLAKE ST,5,1,0,2,2,4,,,25,0,0,0,0,0,4,1,14
,2015_18889,0,0,10/5/2015 6:15,6:15,15,0,0,SPEER BLVD E & BROADWAY ST N,1,1,0,0,1,1,,,35,0,0,0,0,0,4,2,14
,2015_18890,0,0,7/29/2015 9:43,9:43,12,0,0,STAPLETON N DR E & DAHLIA ST N,1,1,0,7,1,4,,,35,0,0,0,0,1,4,2,14
,2015_18891,0,0,12/18/2015 13:58,13:58,6,0,0,SPEER BLVD 1000 BLK N & DELAWARE ST N,2,1,0,7,1,4,,,35,0,0,0,0,0,4,2,16
,2015_18892,0,0,6/23/2015 21:14,21:14,2,0,1,UNIVERSITY BLVD S & E FLOYD AVE,1,4,0,0,1,1,,,35,1,0,0,0,2,4,2,13
,2015_18893,0,0,5/12/2015 18:00,18:00,6,0,0,UTICA ST 1200 BLK N & 13TH AVE W,1,1,0,7,1,4,,,25,0,0,0,0,0,4,2,15
,2015_18894,0,0,6/28/2015 13:00,13:00,3,0,0,VIRGINIA AVE W & ELIOT ST S,1,1,0,7,1,1,,,25,0,0,0,0,0,4,2,16
,2015_18895,0,0,1/12/2015 2:09,2:09,5,0,0,VIRGINIA AVE W & JASON ST S,2,3,0,7,2,4,,,30,0,0,0,0,0,4,1,1
,2015_18896,0,0,4/28/2015 6:45,6:45,6,0,0,WABASH ST 4600 BLK S & UNION AVE E,1,1,0,7,1,4,,,25,0,0,0,0,0,4,2,14
,2015_18897,0,0,2/2/2015 21:00,21:00,6,0,0,WARREN AVE E & COLUMBINE ST S,1,3,0,7,1,4,,,35,0,0,0,0,0,4,2,16
,2015_18898,0,0,3/16/2015 13:05,13:05,6,0,0,WASHINGTON ST 600 BLK N & 6TH AVE E,1,1,1,7,1,3,,,25,0,0,0,0,0,4,2,1
,2015_18899,0,0,4/26/2015 2:10,2:10,3,0,3,WELTON ST & 17TH ST,1,3,0,0,1,1,,,30,0,0,0,0,3,4,3,5
,2015_18900,0,0,2/14/2015 13:00,13:00,6,0,0,WOLFF ST & 1590 BLK N,1,1,0,0,1,4,,,15,0,0,0,0,0,4,2,13
,2015_18901,0,0,4/4/2015 17:16,17:16,3,0,0,YALE AVE & 4100 BLK E,1,1,0,0,1,2,,,30,0,0,0,0,0,4,2,13
,2015_18902,0,0,1/7/2015 7:17,7:17,6,0,0,YORK ST 1101 S & MISSISSIPPI AVE E,5,1,0,7,1,4,,,25,0,0,0,0,0,4,2,16
,2015_18903,0,0,12/30/2015 14:50,14:50,15,0,0,YALE AVE E & HOLLY ST S,1,1,1,0,1,3,,,30,0,0,0,0,0,4,2,1
,2015_18904,0,0,3/31/2015 15:19,15:19,3,0,0,ZENOBIA ST & 1500 BLK N,1,1,1,0,1,2,,,25,0,0,0,0,0,4,2,13
,2015_18905,0,0,7/1/2015 19:44,19:44,12,0,0,ZUNI ST N & 50TH AVE W,1,1,0,7,1,1,,,30,0,0,0,0,0,4,2,16
,2015_19001,39.706129,-104.940624,5/27/2015 17:19,17:19,15,0,0,COLORADO BLVD & 600 BLK S,1,1,0,0,1,4,,,35,0,0,0,0,0,2,2,1
,2015_19002,39.707354,-104.940625,3/3/2015 17:47,17:47,12,0,0,COLORADO BLVD 400 BLK S & CHERRY CREEK N DR,1,1,0,0,1,4,,,35,0,0,0,0,0,2,2,13
,2015_19004,39.78374,-104.947842,5/12/2015 18:03,18:03,3,0,0,VASQUEZ BLVD & 48TH AVE,2,1,0,1,1,1,,,35,0,0,0,0,1,2,2,13
,2015_19005,39.744162,-104.940607,1/8/2015 12:45,12:45,12,0,1,COLORADO BLVD & 1700 N,1,1,0,0,1,4,,,40,0,0,0,0,2,2,4,13
,2015_19012,39.725655,-105.053326,8/28/2015 15:27,15:27,12,0,0,6TH AVE W & SHERIDAN BLVD S,1,1,0,0,1,4,,,55,0,0,0,0,0,2,4,3
,2015_19015,39.725422,-105.027233,8/1/2015 16:27,16:27,12,0,0,6TH AVE W & 3100 BLK,1,1,0,7,1,4,,,45,0,0,0,0,0,2,2,16
,2015_19016,39.72542,-105.025174,8/10/2015 6:33,6:33,12,0,1,6TH AVE W & FEDERAL BLVD N,1,1,0,0,1,4,,,55,0,0,0,1,2,2,2,7
,2015_19017,39.7254,-105.022387,4/23/2015 9:36,9:36,12,0,0,6TH AVE 2700 BLK W & MM 284,1,1,0,0,1,4,,,45,0,0,0,0,0,2,2,13
,2015_19018,39.779012,-104.949801,4/3/2015 14:06,14:06,3,0,0,I-70 WB OFF RAMP & STEELE ST N,1,1,0,0,1,1,,,30,0,0,0,0,0,2,2,14
,2015_19019,39.72542,-105.025174,9/18/2015 8:12,8:12,15,0,0,6TH AVE W & FEDERAL BLVD N,1,1,0,0,1,4,,,45,0,0,0,0,0,2,2,13
,2015_19052,39.71124,-104.998918,6/10/2015 9:56,9:56,15,0,0,I-25 & ALAMEDA AVE W,1,1,0,0,1,4,,,55,0,0,0,0,0,1,2,14
,2015_19053,39.721376,-105.008546,7/15/2015 7:20,7:20,15,0,0,I-25 & 6TH AVE W,1,1,0,0,1,4,,,55,0,0,0,0,0,1,2,13
,2015_19054,39.721477,-105.008658,2/17/2015 12:02,12:02,15,0,0,I-25 & 3RD AVE W (OFFSET REF),1,1,0,0,1,4,,,55,0,0,0,0,0,1,2,1
,2015_19055,39.72543,-105.013021,1/16/2015 15:05,15:05,15,0,0,I-25 & 6TH AVE W,1,1,0,0,1,4,,,55,0,0,0,0,0,1,2,3
,2015_19057,39.723679,-105.011476,11/7/2015 19:15,19:15,12,0,0,I-25 & 6TH AVE W,1,3,0,0,1,4,,,60,0,0,0,0,0,1,2,16
,2015_19058,39.74035,-105.013939,5/11/2015 18:17,18:17,12,0,0,I-25 & COLFAX AVE W,1,1,0,0,1,4,,,55,0,0,0,0,0,1,2,13
,2015_19059,39.740506,-105.013959,4/25/2015 17:30,17:30,15,0,0,I-25 SB OFF RAMP & COLFAX AVE W,1,1,1,0,1,8,,,30,0,0,0,0,0,1,2,1
,2015_19060,39.738593,-105.01383,12/14/2015 9:18,9:18,12,0,0,I-25 NB OFF COLLECTOR RAMP & AURORIA PKWY NB EXIT,1,1,0,0,1,8,,,45,0,0,0,0,0,1,2,14
,2015_19061,39.742182,-105.014789,10/27/2015 16:31,16:31,12,0,0,I-25 & AURARIA PKWY,1,1,0,0,1,4,,,55,0,0,0,0,0,1,2,16
,2015_19062,39.768039,-104.994788,2/20/2015 13:24,13:24,12,0,0,I-25 & 38TH AVE W,1,1,0,0,1,4,,,55,0,0,0,0,1,1,3,13
,2015_19063,39.768039,-104.994788,6/1/2015 10:20,10:20,15,0,0,I-25 & 38TH AVE W,1,1,1,0,1,4,,,55,0,0,0,0,1,1,2,13
,2015_19064,39.760997,-105.004275,11/19/2015 17:40,17:40,12,0,0,I-25 & 20TH ST,1,3,0,0,1,4,,,55,0,0,0,0,0,1,2,16
,2015_19065,39.760997,-105.004275,9/30/2015 13:40,13:40,3,0,0,20TH ST & I-25 SB RAMPS,1,1,1,0,1,1,,,25,0,0,0,0,0,1,2,3
,2015_19078,39.71108,-105.025411,5/15/2015 9:36,9:36,12,0,0,ALAMEDA AVE W & FEDERAL BLVD S,1,1,0,0,1,4,,,35,0,0,0,0,0,2,2,1
,2015_19079,39.711077,-105.025062,5/22/2015 6:55,6:55,1,0,0,ALAMEDA AVE W & FEDERAL BLVD S,2,1,1,1,1,1,,,35,0,0,0,0,0,2,2,13
,2015_19080,39.711182,-105.003917,5/12/2015 15:57,15:57,15,0,0,ALAMEDA AVE W & NAVAJO ST S,1,1,0,0,1,4,,,35,0,0,0,0,0,2,2,13
,2015_19081,39.711182,-105.003261,2/18/2015 15:29,15:29,15,0,0,ALAMEDA AVE 1200 BLK W & NAVAJO ST S,1,1,0,0,1,4,,,30,0,0,0,0,0,2,2,1
,2015_19082,39.711182,-105.003917,8/29/2015 14:30,14:30,3,0,1,ALAMEDA AVE W & NAVAJO ST S,1,1,0,0,1,1,,,35,0,0,0,1,3,2,2,1
,2015_19118,0,0,1/10/2015 18:54,18:54,6,0,0,NEVADA PL 3200 BLK W & IRVING ST S,1,3,0,7,1,4,,,25,0,0,0,0,0,4,2,16
,2015_19121,39.740322,-105.053272,3/20/2015 8:05,8:05,12,0,0,COLFAX AVE W & SHERIDAN BLVD,1,1,0,0,1,1,,,35,0,0,0,0,1,2,3,7
,2015_19122,39.740341,-105.0393,5/17/2015 7:15,7:15,3,0,0,COLFAX AVE W & PERRY ST N,1,1,0,0,1,1,,,30,0,0,0,0,0,2,2,14
,2015_19123,39.740254,-105.028007,1/6/2015 7:47,7:47,12,0,0,COLFAX AVE EB OFF RAMP TO FEDERAL & RAMP BEGIN GORE POINT,5,1,0,0,1,8,,,25,0,0,0,0,0,2,2,14
,2015_19125,39.740013,-104.995597,1/4/2015 3:05,3:05,6,0,0,GLENARM PL 1200 & COLFAX AVE W,2,3,0,0,1,4,,,25,0,0,0,0,0,2,2,13
,2015_19126,39.740011,-104.971893,6/19/2015 19:31,19:31,2,0,1,COLFAX AVE E & MARION ST N (RD N),1,1,0,0,1,1,,,30,1,0,0,0,2,2,2,13
,2015_19127,39.74011,-104.958745,2/2/2015 15:57,15:57,12,0,0,COLFAX AVE E & JOSEPHINE ST N,1,1,0,0,1,4,,,30,0,0,0,0,0,2,2,13
,2015_19128,39.740161,-104.954429,3/6/2015 14:03,14:03,6,0,0,COLFAX AVE 2800 BLK E & DETROIT ST N (RD N),1,1,0,0,1,4,,,30,0,0,0,0,0,2,2,13
,2015_19129,39.740083,-104.909357,2/24/2015 16:58,16:58,12,1,0,COLFAX AVE E & NEWPORT ST N,1,1,0,0,1,1,,,35,0,0,0,0,4,2,3,13
,2015_19130,39.740077,-104.902191,2/7/2015 15:48,15:48,1,0,0,COLFAX AVE 7300 BLK E & QUINCE ST N,1,1,0,0,1,1,,,30,0,0,0,0,0,2,2,13
,2015_19131,39.74008,-104.897513,3/29/2015 16:34,16:34,3,0,1,COLFAX AVE E & SPRUCE ST N,1,1,0,0,1,1,,,30,0,0,0,0,3,2,3,14
,2015_19132,39.740082,-104.89508,2/19/2015 15:46,15:46,12,0,0,COLFAX AVE 8000 BLK E & TAMARAC ST N,1,1,0,0,1,3,,,30,0,0,0,0,0,2,2,1
,2015_19134,39.740084,-104.892883,2/26/2015 10:58,10:58,12,0,0,COLFAX AVE E & UINTA ST N,11,1,0,0,1,1,,,30,0,0,0,0,0,2,2,3
,2015_19157,39.779445,-104.979196,1/16/2015 7:55,7:55,12,0,0,I-70 & WASHINGTON ST,1,1,0,0,1,4,,,55,0,0,0,0,0,1,2,14
,2015_19158,39.779682,-104.971916,7/17/2015 17:06,17:06,12,0,0,I-70 & MM 275,2,1,1,1,1,4,,,55,0,0,0,0,0,1,2,13
,2015_19159,39.779895,-104.967089,6/23/2015 7:32,7:32,12,0,0,I-70 & BRIGHTON BLVD N,1,1,0,0,1,4,,,55,0,0,0,0,0,1,2,13
,2015_19160,39.779979,-104.945524,3/10/2015 17:15,17:15,15,0,0,I-70 & MM 276,1,1,0,0,1,4,,,55,0,0,0,0,0,1,2,13
,2015_19161,39.779878,-104.96743,11/29/2015 8:20,8:20,12,0,0,I-70 & BRIGHTON BLVD,1,1,1,0,1,4,,,55,0,0,0,0,0,1,2,14
,2015_19162,39.779944,-104.940633,9/13/2015 3:46,3:46,15,0,0,I-70 & COLORADO BLVD M,1,3,0,0,1,4,,,55,0,0,0,0,0,1,2,14
,2015_19163,39.776002,-104.870154,4/29/2015 6:35,6:35,12,0,0,I-70 & HAVANA ST N,1,1,0,0,1,4,,,55,0,0,0,0,0,1,4,7
,2015_19164,39.775623,-104.865778,12/4/2015 4:50,4:50,15,0,0,I-70 & N HAVANA ST,1,3,0,0,1,4,,,55,0,0,0,0,0,1,2,14
,2015_19165,39.774005,-104.847034,4/26/2015 14:36,14:36,12,0,0,PEORIA ST N & I-70 EB RAMPS,2,1,0,1,1,1,,,35,0,0,0,0,0,1,2,3
,2015_19166,39.773908,-104.845911,1/30/2015 23:30,23:30,5,0,1,I-70 EB ON RAMP & PEORIA ST N,1,4,1,0,3,8,,,55,0,0,0,0,3,1,1,5
,2015_19167,39.773294,-104.83877,8/10/2015 19:30,19:30,12,0,0,I-70 & MM 282,1,2,0,0,1,4,,,55,0,0,0,0,0,1,2,3
,2015_19187,0,0,4/10/2015 5:25,5:25,5,0,0,BROADWAY ST S & OHIO AVE E,1,1,0,0,3,1,,,30,0,0,0,0,0,4,1,8
,2015_19201,39.699104,-104.904937,1/24/2015 15:20,15:20,15,0,0,LEETSDALE DR & 7150 N,1,1,0,0,1,4,,,35,0,0,0,0,0,2,3,3
,2015_19202,39.711482,-104.936653,2/25/2015 14:58,14:58,8,0,0,LEETSDALE DR 200 BLK & ALAMEDA AVE E,2,1,0,2,1,3,,,30,0,0,0,0,0,2,2,3
,2015_19205,39.711328,-104.936473,9/20/2015 14:15,14:15,12,0,0,ALAMEDA AVE E & LEETSDALE DR E,1,1,1,0,1,1,,,35,0,0,0,0,0,2,2,13
,2015_19210,39.591132,-105.022119,7/27/2015 19:06,19:06,15,0,0,S SANTA FE DR & W IOWA AVE,1,1,0,0,1,1,,,55,0,0,0,0,1,2,3,7
,2015_19220,39.711152,-105.025082,12/25/2015 17:34,17:34,12,0,0,FEDERAL BLVD S & ALAMEDA AVE W,5,3,0,0,1,1,,,35,0,0,0,0,0,2,2,13
,2015_19221,39.725983,-105.025128,7/21/2015 21:45,21:45,3,0,0,FEDERAL BLVD N & 6TH AVE WB OFF RAMP,1,3,0,0,1,1,,,35,0,0,0,0,0,2,2,5
,2015_19222,39.719429,-105.025177,7/27/2015 12:20,12:20,12,0,0,FEDERAL BLVD 100 BLK N & PARK PL W,1,1,0,0,1,4,,,35,0,0,0,0,0,2,2,3
,2015_19223,39.696764,-105.025061,7/23/2015 17:10,17:10,15,0,0,FEDERAL BLVD S & MISSISSIPPI AVE W,1,1,0,0,1,4,,,40,0,0,0,0,0,2,2,13
,2015_19235,39.653374,-105.053079,2/27/2015 15:32,15:32,12,0,0,SHRIDAN BLVD S & HAMPDEN AVE WB RAMPS,5,1,0,0,1,3,,,40,0,0,0,0,0,2,2,13
,2015_19236,39.656175,-105.053223,5/22/2015 12:20,12:20,3,0,0,DARTMOUTH AVE W & SHERIDAN BLVD S,1,1,0,0,1,2,,,30,0,0,0,0,1,2,2,1
,2015_19237,39.68966,-105.053251,3/30/2015 14:01,14:01,15,0,0,SHERIDAN BLVD S & FLORIDA AVE W,1,1,0,0,1,4,,,35,0,0,0,0,0,2,2,13
,2015_19240,39.738453,-105.053214,3/2/2015 16:25,16:25,12,0,0,SHERIDAN BLVD 1300 BLK N & 14TH AVE W,1,1,0,0,1,4,,,35,0,0,0,0,0,2,2,13
,2015_19241,39.739625,-105.053212,1/30/2015 19:40,19:40,3,0,0,SHERIDAN BLVD N & COLFAX AVE W,1,3,0,0,1,2,,,35,0,0,0,0,0,2,2,13
,2015_19269,39.635523,-104.89346,2/17/2015 12:40,12:40,12,0,0,DTC PKWY & I-225 WB/SB RAMPS,1,1,1,0,1,3,,,35,0,0,0,0,0,1,2,13
,2015_19270,39.638213,-104.887299,11/13/2015 15:50,15:50,12,0,0,I-225 EB ON RAMP GORE PT & TAMARAC ST,1,1,1,0,1,8,,,40,0,0,0,0,1,1,2,5
,2015_19271,39.63788,-104.887973,2/25/2015 10:55,10:55,15,0,0,I-225 SB OFF RAMP GORE PT FROM & TAMARAC ST,1,1,0,0,1,4,,,55,0,0,0,0,0,1,2,7
,2015_19272,39.639275,-104.885096,6/22/2015 8:00,8:00,12,0,0,I-225 & YOSEMITE ST S,1,1,0,0,1,4,,,55,0,0,0,0,0,1,2,7
,2015_19273,39.639275,-104.885096,1/18/2015 20:25,20:25,1,0,0,TAMARAC ST S & I-225 NB,1,3,0,0,1,1,,,35,0,0,0,0,0,1,2,14
,2015_19290,39.785685,-105.025205,1/22/2015 8:40,8:40,12,0,0,FEDERAL BLVD N & 49TH AVE W,5,1,0,0,1,1,,,35,0,0,0,0,0,2,2,13
,2015_19291,39.787464,-105.025221,6/3/2015 20:34,20:34,1,0,0,FEDERAL BLVD N & 50TH AVE W,2,3,0,1,1,2,,,35,0,0,0,0,0,2,2,5
,2015_19334,0,0,1/31/2015 23:12,23:12,6,0,0,17TH AVE E & JACKSON ST N,4,3,0,2,1,4,,,30,0,0,0,0,0,4,2,16
,2015_19356,39.765509,-105.053247,7/15/2015 23:00,23:00,15,0,0,35TH AVE W & SHERIDAN BLVD N,1,3,0,0,1,4,,,35,0,0,0,0,0,2,2,13
,2015_19458,0,0,1/18/2015 2:11,2:11,5,0,0,ADA PL & 3248 BLK W,5,3,0,0,2,5,,,10,0,0,0,0,0,4,1,14
,2015_19464,0,0,3/11/2015 8:45,8:45,3,0,0,8TH AVE W & ELATI ST N,1,1,0,7,1,1,,,30,0,0,0,0,0,4,2,16
,2015_19465,0,0,3/17/2015 10:40,10:40,15,0,0,8TH AVE W & KALAMATH ST N,1,1,0,7,1,3,,,35,0,0,0,0,0,4,2,14
,2015_19466,0,0,5/12/2015 17:44,17:44,3,0,0,8TH AVE E & LOCUST ST N,1,1,0,7,1,1,,,25,0,0,0,0,1,4,2,16
,2015_19467,0,0,1/8/2015 13:51,13:51,11,0,1,9TH AVE 1200 E & DOWNING ST,1,1,0,0,1,5,,,25,0,1,0,0,2,4,2,3
,2015_19468,0,0,3/17/2015 11:20,11:20,3,0,0,9TH AVE E & KRAMERIA ST N,1,1,0,7,1,1,,,25,0,0,0,0,0,4,2,16
,2015_19469,0,0,4/3/2015 8:33,8:33,6,0,0,12TH AVE E & DOWNING ST N,1,1,0,7,1,4,,,30,0,0,0,0,0,4,2,7
,2015_19470,0,0,1/21/2015 9:45,9:45,3,0,0,12TH AVE E & ONEIDA ST N,4,1,1,2,1,1,,,20,0,0,0,0,1,4,2,16
,2015_19471,0,0,8/21/2015 18:30,18:30,10,0,0,13TH AVE W & GALAPAGO ST N,1,1,0,0,1,1,,,30,0,0,0,0,0,4,2,8