id,drcog_id,latitude,longitude,crashtime,time,crashtype,numbkilled,numbinjurd,drcoglocat,rdconditin,lightngcon,roadcntgrd,weatherco,location,roaddescrp,schoolzone,constrzone,splimit,bikeinv,pedinv,sctrinv,motoinv,svrty,rdsystem,ttlvehcls,hcf
,2015_19472,0,0,1/14/2015 9:20,9:20,15,0,0,13TH AVE E & MONACO ST N,5,1,0,7,1,3,,,30,0,0,0,0,0,4,2,1
,2015_19473,0,0,6/18/2015 7:12,7:12,15,0,0,13TH AVE E & YOSEMITE ST,1,1,0,0,1,4,,,30,0,0,0,0,0,4,2,13
,2015_19474,0,0,3/9/2015 7:20,7:20,3,0,0,14TH AVE & 2500 BLK E,1,1,0,0,1,5,,,30,0,0,0,0,0,4,3,7
,2015_19475,0,0,8/2/2015 15:01,15:01,15,0,0,14TH AVE 4000 BLK OF E & ALBION ST N,1,1,1,7,1,4,,,30,0,0,0,0,0,4,2,1
,2015_19476,0,0,4/1/2015 9:05,9:05,12,0,0,14TH AVE 3600 BLK E & MONROE ST N,1,1,0,7,1,4,,,30,0,0,0,0,1,4,2,16
,2015_19477,0,0,8/3/2015 21:22,21:22,12,0,0,14TH AVE E & UINTA ST N,1,3,0,7,1,1,,,25,0,0,0,0,1,4,2,5
,2015_19478,0,0,3/10/2015 15:02,15:02,3,0,0,17TH AVE 5500 BLK E & HUDSON ST N,1,1,0,7,1,1,,,30,0,0,0,0,0,4,2,16
,2015_19479,0,0,3/10/2015 9:25,9:25,3,0,0,17TH AVE E & SYRACUSE ST N,1,1,0,7,1,1,,,35,0,0,0,0,0,4,2,16
,2015_19480,0,0,6/5/2015 14:02,14:02,3,0,0,17TH AVE 2200 BLK E & YORK ST N,2,1,0,1,1,5,,,30,0,0,0,0,0,4,2,5
,2015_19481,0,0,6/30/2015 8:20,8:20,3,0,0,19TH AVE E & CLARKSON ST N,1,1,0,7,1,1,,,30,0,0,0,0,1,4,2,16
,2015_19482,0,0,6/29/2015 15:15,15:15,12,0,0,23RD AVE E & SYRACUSE ST N,1,1,1,7,1,1,,,30,0,0,0,0,0,4,2,16
,2015_19483,0,0,6/4/2015 7:55,7:55,2,0,1,23RD AVE E & YORK ST N,1,1,0,0,1,1,,,35,1,0,0,0,2,4,2,13
,2015_19484,0,0,4/1/2015 8:37,8:37,6,0,0,25TH AVE 2900 BLK W & ELIOT ST N,1,1,0,7,1,4,,,25,0,0,0,0,0,4,2,14
,2015_19485,0,0,7/21/2015 14:40,14:40,2,0,0,23RD AVE W & IRVING ST N,2,1,0,1,1,1,,,25,1,0,0,0,0,4,2,3
,2015_19486,0,0,2/25/2015 16:43,16:43,3,0,0,33RD AVE W & NAVAJO ST N,4,1,0,2,1,1,,,30,0,0,0,0,0,4,2,16
,2015_19487,0,0,4/3/2015 11:36,11:36,3,0,0,35TH AVE W & NAVAJO ST N,1,1,0,7,1,1,,,35,0,0,0,0,0,4,2,14
,2015_19488,0,0,2/4/2015 16:31,16:31,3,0,0,35TH AVE W & TEJON ST N,1,1,1,7,1,1,,,30,0,0,0,0,0,4,2,5
,2015_19489,0,0,7/23/2015 15:33,15:33,6,0,0,37TH AVE 1500 BLK E & HUMBOLDT ST N,1,1,0,7,1,4,,,30,0,0,0,0,0,4,2,16
,2015_19490,0,0,4/3/2015 14:15,14:15,3,0,0,37TH AVE W & ZUNI ST N,1,1,0,7,1,1,,,25,0,0,0,0,0,4,2,16
,2015_19491,0,0,7/8/2015 16:20,16:20,12,0,0,38TH AVE W & IRVING ST N,2,1,0,1,1,4,,,35,0,0,0,0,1,4,4,16
,2015_19492,0,0,5/27/2015 16:33,16:33,1,0,0,38TH AVE W & LOWELL BLVD N,1,1,0,0,1,1,,,35,0,0,0,0,0,4,2,8
,2015_19493,0,0,2/17/2015 21:59,21:59,6,0,0,38TH AVE E & PONTIAC ST N,1,3,0,7,1,4,,,30,0,0,0,0,0,4,2,14
,2015_19494,0,0,6/8/2015 13:55,13:55,1,0,0,38TH AVE W & TEJON ST N,1,1,0,7,1,1,,,30,0,0,0,0,0,4,2,16
,2015_19495,0,0,5/7/2015 7:35,7:35,3,0,0,40TH AVE E & MEMPHIS ST N,1,1,0,0,1,1,,,25,0,0,0,0,0,4,2,13
,2015_19496,0,0,6/27/2015 10:30,10:30,3,0,0,42ND AVE W & TEJON ST N,1,1,0,7,1,1,,,25,0,0,0,0,0,4,2,16
,2015_19497,0,0,5/1/2015 18:09,18:09,3,0,0,44TH AVE W & CLAY ST N,1,1,1,7,1,1,,,25,0,0,0,0,0,4,2,16
,2015_19498,0,0,5/31/2015 4:58,4:58,3,0,0,44TH AVE W & LOWELL BLVD N,1,2,0,7,1,1,,,35,0,0,0,0,0,4,2,16
,2015_19499,0,0,5/28/2015 9:18,9:18,3,0,0,44TH AVE W & VALLEJO ST N,1,1,0,7,1,1,,,35,0,0,0,0,0,4,2,14
,2015_19500,0,0,4/6/2015 17:14,17:14,12,0,0,48TH AVE E & DAHLIA ST N,1,1,0,7,1,4,,,30,0,0,0,0,0,4,2,16
,2015_19501,0,0,6/28/2015 22:57,22:57,12,0,0,56TH AVE E & PENA BLVD,1,3,0,7,1,3,,,40,0,0,0,0,0,4,2,3
,2015_19502,0,0,6/19/2015 11:01,11:01,12,0,0,71ST AVE E & ROBERTSDALE ST N,1,1,0,7,1,2,,,45,0,0,0,0,1,4,2,14
,2015_19503,0,0,8/20/2015 18:06,18:06,5,0,1,56TH AVE 12100 BLK E & PEORIA ST N,1,1,0,0,3,4,,,40,0,0,0,0,3,4,1,5
,2015_19504,0,0,7/2/2015 17:43,17:43,1,0,1,ALAMEDA AVE E & QUEBEC ST S,1,1,0,7,1,1,,,35,0,0,0,0,3,4,2,16
,2015_19505,0,0,2/7/2015 16:17,16:17,1,0,0,ALAMEDA AVE W & SANTA FE DR S,1,1,0,0,1,1,,,30,0,0,0,0,0,4,2,13
,2015_19506,0,0,7/28/2015 18:10,18:10,15,0,0,ALAMEDA AVE 900 BLK W & SANTA FE DR S,1,1,0,7,1,3,,,30,0,0,0,0,0,4,2,3
,2015_19507,0,0,2/8/2015 12:25,12:25,15,0,0,BAYAUD AVE E & CLARKSON ST S,1,1,0,0,1,4,,,25,0,0,0,0,0,4,2,13
,2015_19508,0,0,1/30/2015 9:20,9:20,5,0,0,BRIGHTON BLVD N & 40TH ST,1,1,0,0,1,4,,,30,0,0,0,0,0,4,2,13
,2015_19509,0,0,5/25/2015 2:05,2:05,6,0,0,BROADWAY ST 500 BLK N & 51ST AVE E,1,3,0,7,1,4,,,25,0,0,0,0,0,4,2,14
,2015_19510,0,0,3/27/2015 22:51,22:51,12,0,0,BROADWAY ST 200 BLK S & ALAMEDA AVE E,1,3,0,7,1,3,,,30,0,0,0,0,1,4,2,5
,2015_19511,0,0,8/13/2015 12:45,12:45,15,0,0,BROADWAY & CURTIS ST,1,1,0,7,1,1,,,30,0,0,0,0,0,4,2,16
,2015_19512,0,0,1/14/2015 13:15,13:15,15,0,2,BROADWAY ST 1900 BLK S & JEWELL AVE W,1,1,0,0,1,4,,,30,0,0,0,0,2,4,2,13
,2015_19513,0,0,1/8/2015 22:40,22:40,12,0,0,CEDAR AVE W & FEDERAL BLVD S,5,3,1,2,1,5,,,25,0,0,0,0,1,4,2,16
,2015_19514,0,0,10/27/2015 7:19,7:19,11,0,1,CALIFORNIA ST & 17TH ST,1,1,0,0,1,4,,,,0,1,0,1,2,4,2,14
,2015_19515,0,0,6/22/2015 2:37,2:37,6,0,0,COOK ST & 1600 BLK N,1,3,0,0,1,4,,,25,0,0,0,0,0,4,2,7
,2015_19516,0,0,4/6/2015 9:54,9:54,12,0,0,CENTRAL PARK BLV N & 40TH AVE E,1,1,0,7,1,1,,,35,0,0,0,0,0,4,2,4
,2015_19517,0,0,6/11/2015 13:26,13:26,12,0,0,CHERRY CREEK S DR 800 BLK E & KENTUCKY AVE E,1,1,0,7,1,3,,,30,0,0,0,0,0,4,2,16
,2015_19518,0,0,7/4/2015 23:39,23:39,5,0,0,CHAMBERS RD 5000 BLK N & GVR BLVD E,1,3,0,0,2,4,,,40,0,0,0,0,0,4,1,7
,2015_19519,0,0,3/29/2015 16:46,16:46,15,0,0,CHAMBERS RD 5400 BLK N & MAXWELL PL E,1,1,0,7,1,4,,,40,0,0,0,0,0,4,2,7
,2015_19520,0,0,8/4/2015 11:50,11:50,15,0,0,CHAMPA ST & 16TH ST,1,1,0,7,1,1,,,30,0,0,0,0,0,4,2,16
,2015_19521,0,0,10/24/2015 13:00,13:00,6,0,0,CEYLON CT & 4600 BLK N,1,1,0,7,1,4,,,25,0,0,0,0,0,4,2,16
,2015_19522,0,0,12/2/2015 21:01,21:01,6,0,1,CHEROKEE ST 2400 BLK S & HARVARD AVE W,1,3,0,7,1,4,,,30,0,0,0,0,2,4,2,1
,2015_19523,0,0,5/21/2015 8:25,8:25,3,0,0,CORONA ST S & ALAMEDA AVE E,1,1,0,7,1,1,,,25,0,0,0,0,0,4,3,16
,2015_19524,0,0,3/17/2015 12:55,12:55,2,0,1,COURT PL 1500 BLK & 15TH ST,1,1,0,0,1,4,,,25,1,0,0,0,2,4,2,3
,2015_19525,0,0,1/24/2015 14:54,14:54,3,0,0,CRESTLINE AVE W & WADSWORTH BLVD S,1,1,0,0,1,2,,,25,0,0,0,0,0,4,2,3
,2015_19526,0,0,3/3/2015 18:00,18:00,12,0,0,DOWNING ST 1500 N & 16TH AVE,5,3,0,7,1,3,,,30,0,0,0,0,1,4,2,16
,2015_19527,0,0,8/13/2015 17:19,17:19,15,0,0,DOWNING ST N & E SPEER BL,1,1,0,7,1,1,,,30,0,0,0,0,0,4,2,16
,2015_19528,0,0,11/17/2015 12:44,12:44,3,0,0,DAHLIA ST S & JEWELL AVE E,1,1,1,0,1,1,,,25,0,0,0,0,0,4,2,13
,2015_19529,0,0,10/31/2015 14:35,14:35,3,0,0,DAKOTA AVE W & ELIOT ST S,1,1,0,0,1,1,,,20,0,0,0,0,0,4,2,4
,2015_19530,0,0,6/3/2015 8:25,8:25,12,0,0,EVANS AVE & 4700 BLK E,1,1,0,0,1,3,,,35,0,0,0,0,0,4,2,7
,2015_19531,0,0,9/11/2015 16:00,16:00,6,0,0,EMERSON ST 400 BLK N & 3RD AVE E,1,1,1,7,1,4,,,25,0,0,0,0,0,4,2,3
,2015_19532,0,0,7/23/2015 16:52,16:52,12,0,0,EVANS AVE W & BROADWAY ST S,1,1,0,0,1,1,,,35,0,0,0,0,0,4,2,14
,2015_19533,0,0,4/25/2015 17:40,17:40,15,0,0,EVANS AVE 2800 BLK W & FEDERAL BLVD S,1,1,0,7,1,2,,,35,0,0,0,0,0,4,2,16
,2015_19534,0,0,2/2/2015 16:12,16:12,12,0,0,EVANS AVE 5200 BLK E & GRAPE ST S,1,1,0,7,1,4,,,35,0,0,0,0,0,4,2,3
,2015_19535,0,0,2/27/2015 16:49,16:49,12,0,0,EVANS AVE E & JOSEPHINE ST S,1,1,0,7,1,1,,,35,0,0,0,0,0,4,2,16
,2015_19536,0,0,8/14/2015 15:04,15:04,15,0,0,EVANS AVE E & MONACO ST S,1,1,0,7,1,4,,,35,0,0,0,0,0,4,2,3
,2015_19537,0,0,7/11/2015 13:04,13:04,5,0,0,EVANS AVE E & PEARL ST S,1,1,0,0,2,4,,,35,0,0,0,0,0,4,2,3
,2015_19538,0,0,1/18/2015 21:30,21:30,10,0,0,EVANS AVE E & UNIVERSITY BLVD S,1,3,0,0,1,1,,,35,0,0,0,0,0,4,2,7
,2015_19539,0,0,4/27/2015 9:35,9:35,15,0,0,EVANS AVE 2300 BLK E & UNIVERSITY BLVD S,2,1,0,1,1,3,,,30,0,0,0,0,0,4,2,1
,2015_19540,0,0,5/22/2015 14:50,14:50,3,0,0,EVANS AVE E & UNIVERSITY BLVD S,1,1,1,0,1,1,,,35,0,0,0,0,0,4,2,13
,2015_19541,0,0,9/10/2015 19:42,19:42,5,0,1,FLORIDA AVE W & TEJON ST S,1,1,0,0,4,1,,,35,0,0,0,1,2,4,1,7
,2015_19542,0,0,5/27/2015 17:32,17:32,15,0,0,FAIRMOUNT DR E & LOWRY BLVD E,1,1,0,7,1,6,,,35,0,0,0,0,0,4,2,8
,2015_19543,0,0,1/19/2015 12:00,12:00,12,0,1,FLORIDA AVE 1100 BLK W & PLATTE RIVER DR S,1,1,0,0,1,4,,,30,0,0,0,0,2,4,2,13
,2015_19544,0,0,9/17/2015 8:20,8:20,3,0,0,GARLAND ST S & BELLEWOOD PL W,1,1,0,0,1,1,,,35,0,0,0,0,0,4,2,13
,2015_19545,0,0,1/12/2015 8:11,8:11,6,0,0,GROVE HOOKER ST & 2100 BLK ALLEY,2,1,0,7,1,5,,,15,0,0,0,0,0,4,2,14
,2015_19546,0,0,2/8/2015 16:40,16:40,6,0,0,HILLCREST DR 3500 BLK S & ITHACA PL E,1,2,0,7,1,4,,,25,0,0,0,0,0,4,2,3
,2015_19547,0,0,3/3/2015 0:19,0:19,3,0,0,GVR BLVD E & PENA BLVD,1,3,0,0,1,1,,,40,0,0,0,0,0,4,2,5
,2015_19548,0,0,1/6/2015 2:05,2:05,5,0,0,JOSEPHINE ST N & 3RD AVE E,2,3,0,7,2,4,,,30,0,0,0,0,0,4,1,16
,2015_19549,0,0,6/3/2015 14:04,14:04,15,0,0,KALAMATH ST 500 BLK N & 6TH AVE W,1,1,0,7,1,4,,,35,0,0,0,0,0,4,2,16
,2015_19550,0,0,8/31/2015 17:37,17:37,5,0,1,KINGSTON ST N & 45TH AVE E,1,1,1,0,3,1,,,25,0,0,0,0,2,4,1,6
,2015_19552,0,0,1/22/2015 8:35,8:35,15,0,0,KIPLING ST S & STANFORD AVE W,5,1,0,0,1,1,,,45,0,0,0,0,0,4,3,13
,2015_19553,0,0,6/19/2015 22:56,22:56,6,0,0,KNOX CT N & 4TH AVE W,1,3,0,7,1,4,,,30,0,0,0,0,0,4,4,5
,2015_19554,0,0,9/12/2015 0:35,0:35,6,0,0,KNOX CT S & DAKOTA AVE W,1,4,1,7,1,4,,,30,0,0,0,0,0,4,2,5
,2015_19555,0,0,8/12/2015 18:19,18:19,2,0,0,LAFAYETTE ST 1200 BLK N & 13TH AVE E,1,1,1,0,1,4,,,30,1,0,0,0,1,4,2,3
,2015_19556,0,0,7/22/2015 16:20,16:20,12,0,0,LAMAR ST S & AMHERST AVE W,1,1,0,7,1,1,,,25,0,0,0,0,0,4,2,6
,2015_19557,0,0,1/1/2015 2:54,2:54,6,0,0,LAREDO ST 5372 N & E 53RD AVE,4,3,1,6,1,4,,,25,0,0,0,0,0,4,2,5
,2015_19558,0,0,5/22/2015 13:59,13:59,15,0,0,LINCOLN ST 500 BLK S & VIRGINIA AVE E,1,1,0,7,1,1,,,30,0,0,0,0,0,4,2,16
,2015_19559,0,0,6/11/2015 16:07,16:07,10,0,0,MISSISSIPPI AVE 300 BLK E & LOGAN ST S,2,1,0,1,1,1,,,30,0,0,0,0,0,4,2,3
,2015_19560,0,0,7/6/2015 21:45,21:45,12,0,0,MISSISSIPPI AVE & ONEIDA ST,4,3,0,1,1,1,,,30,0,0,0,0,0,4,2,16
,2015_19561,0,0,5/25/2015 10:30,10:30,15,0,0,MISSISSIPPI AVE E & VALENTIA ST S,1,1,0,7,1,4,,,35,0,0,0,0,0,4,2,16
,2015_19562,0,0,7/22/2015 9:48,9:48,6,0,0,MLK BLVD E & 10045,1,1,0,0,1,4,,,35,0,0,0,0,0,4,2,13
,2015_19563,0,0,6/22/2015 11:20,11:20,12,0,0,MLK BLVD 3900 BLK E & COLORADO BLVD N,1,1,0,0,1,3,,,30,0,0,0,0,0,4,2,13
,2015_19564,0,0,5/29/2015 23:52,23:52,5,0,1,MLK BLVD & COOK ST N,1,3,0,0,2,4,,,35,0,0,0,0,2,4,1,5
,2015_19565,0,0,7/24/2015 14:34,14:34,6,0,0,MONTVIEW BLVD 7500 BLK E & ROSEMARY ST N,1,1,0,7,1,4,,,30,0,0,0,0,0,4,2,16
,2015_19566,0,0,1/6/2015 7:56,7:56,12,0,0,E MLK BL & N WILLIAMS ST,5,1,0,7,1,1,,,25,0,0,0,0,1,4,2,16
,2015_19568,0,0,3/31/2015 16:44,16:44,1,0,0,MONACO ST N & 1ST AVE E,1,1,1,0,1,1,,,35,0,0,0,0,0,4,2,14
,2015_19569,0,0,7/3/2015 13:18,13:18,1,0,0,MONACO ST S & EVANS AVE E,1,1,0,7,1,1,,,35,0,0,0,0,0,4,2,3
,2015_19570,0,0,1/5/2015 7:25,7:25,1,0,0,MONACO ST S & JEWELL AVE E,5,1,0,7,1,1,,,30,0,0,0,0,0,4,2,1
,2015_19571,0,0,5/5/2015 20:10,20:10,12,0,0,MONTVIEW BLVD & 7100 BLK E,2,3,0,1,1,4,,,30,0,0,0,0,0,4,2,12
,2015_19572,0,0,7/24/2015 19:30,19:30,3,0,0,MOSIER PL W & TEJON ST S,1,1,0,7,1,1,,,25,0,0,0,0,1,4,2,3
,2015_19573,0,0,5/8/2015 11:05,11:05,15,0,0,NAVAJO ST 3400 BLK N & 34TH AVE W,2,1,0,1,1,4,,,30,0,0,0,0,0,4,5,14
,2015_19574,0,0,2/12/2015 18:29,18:29,14,0,0,OGDEN ST N & 8TH AVE E,1,3,0,7,1,1,,,25,0,0,0,0,0,4,2,16
,2015_19575,0,0,6/16/2015 3:50,3:50,5,0,0,ORLEANS ST 5000 BLK N & 51ST AVE E,1,3,0,7,2,4,,,,0,0,0,0,0,4,1,16
,2015_19576,0,0,1/9/2015 11:45,11:45,6,0,0,N ORLEANS ST & E STOLL PL,5,1,0,7,1,4,,,25,0,0,0,0,0,4,2,16
,2015_19577,0,0,10/21/2015 9:24,9:24,6,0,0,N OSAGE ST & 12TH AVE W,2,1,0,1,1,4,,,35,0,0,0,0,0,4,2,14
,2015_19578,0,0,2/16/2015 13:37,13:37,15,0,0,OSAGE ST 400 BLK N & 6TH AVE W,4,1,0,2,1,4,,,25,0,0,0,0,1,4,3,14
,2015_19579,0,0,1/26/2015 20:16,20:16,6,0,0,PENA BLVD 8400 BLK & 5 WEST,1,3,0,7,1,4,,,15,0,0,0,0,0,4,2,3
,2015_19580,0,0,7/11/2015 11:50,11:50,3,0,0,PENA BLVD & 40TH AVE E,1,1,0,0,1,1,,,40,0,0,0,0,0,4,2,14
,2015_19581,0,0,9/16/2015 20:21,20:21,9,0,0,PEORIA ST 3900 BLK N & 39TH AVE E,1,4,0,0,1,4,,,40,0,0,0,1,0,4,1,7
,2015_19583,0,0,3/11/2015 16:55,16:55,12,0,0,QUEBEC ST 100 BLK N & 2ND AVE E,1,1,0,7,1,2,,,35,0,0,0,0,1,4,2,16
,2015_19584,0,0,5/24/2015 11:28,11:28,10,0,0,QUEBEC ST N & 14TH AVE E,1,1,0,0,1,1,,,30,0,0,0,0,0,4,2,8
,2015_19585,0,0,8/15/2015 12:46,12:46,15,0,0,QUEBEC ST N & 36TH AVE E,1,1,0,7,1,4,,,45,0,0,0,0,0,4,2,16
,2015_19586,0,0,1/27/2015 8:30,8:30,3,0,0,QUEBEC ST 1500 BLK N & COLFAX AVE E,1,1,0,0,1,2,,,30,0,0,0,0,0,4,2,13
,2015_19587,0,0,3/10/2015 22:00,22:00,6,0,0,QUEBEC WAY 1800 BLK S & COLORADO AVE,1,3,0,7,1,4,,,30,0,0,0,0,0,4,2,14
,2015_19588,0,0,1/31/2015 15:07,15:07,12,0,0,QUEBEC ST 3200 BLK OF N & MLK BLVD E,1,1,0,7,1,1,,,30,0,0,0,0,1,4,2,7
,2015_19589,0,0,10/12/2015 20:27,20:27,5,0,0,RACE ST 3300 BLK N & VINE ST ALLEY,1,3,0,0,3,5,,,25,0,0,0,0,0,4,1,14
,2015_19590,0,0,2/27/2015 8:39,8:39,6,0,0,15TH ST & COURT PL,12,1,0,2,1,4,,,25,0,0,0,0,0,4,2,14
,2015_19591,0,0,2/22/2015 15:19,15:19,10,0,0,15TH ST & GLENARM PL,4,1,0,1,1,1,,,25,0,0,0,0,0,4,2,8
,2015_19592,0,0,5/31/2015 17:35,17:35,12,0,0,16TH ST & STOUT ST,1,1,0,0,1,4,,,30,0,0,0,0,0,4,2,13
,2015_19593,0,0,5/4/2015 8:40,8:40,12,0,0,17TH ST & GLENARM PL,1,1,0,0,1,1,,,30,0,0,0,0,0,4,2,13
,2015_19594,0,0,6/19/2015 15:13,15:13,15,0,0,17TH ST 600 BLK & WELTON ST,1,1,0,7,1,4,,,30,0,0,0,0,0,4,2,7
,2015_19595,0,0,6/9/2015 19:55,19:55,3,0,0,18TH ST & BOULDER ST,1,2,0,0,1,1,,,25,0,0,0,1,0,4,2,3
,2015_19596,0,0,2/24/2015 20:06,20:06,12,0,0,19TH ST 800 BLK & STOUT ST,2,3,0,7,1,4,,,25,0,0,0,0,0,4,2,5
,2015_19597,0,0,6/18/2015 11:30,11:30,12,0,0,20TH ST & WAZEE ST,1,5,1,7,1,1,,,25,0,0,0,0,0,4,2,16
,2015_19598,0,0,8/13/2015 16:42,16:42,15,0,0,22ND ST & BLAKE ST,2,1,0,1,1,1,,,25,0,0,0,0,0,4,2,1
,2015_19599,0,0,9/1/2015 17:00,17:00,12,0,0,22ND ST & BLAKE ST,1,1,0,0,1,1,,,25,0,0,0,1,0,4,2,13
,2015_19600,0,0,11/2/2015 9:06,9:06,1,0,0,21ST ST 700 BLK & WELTON ST,1,1,0,0,1,1,,,30,0,0,0,0,0,4,2,13
,2015_19601,0,0,9/26/2015 12:30,12:30,15,0,0,SANTA FE DR 300 BLK S & ALAMEDA AVE W,1,1,0,0,1,4,,,25,0,0,0,0,0,4,2,13
,2015_19602,0,0,5/13/2015 18:00,18:00,3,0,0,STANFORD AVE & 7700 BLK W,2,1,0,1,1,1,,,30,0,0,0,0,0,4,2,1
,2015_19603,0,0,4/3/2015 18:43,18:43,5,0,0,STAPLETON S DR 5600 BLK & HOLLY ST N,1,1,0,0,3,4,,,40,0,0,0,0,1,4,1,12
,2015_19604,0,0,3/11/2015 12:21,12:21,3,0,1,STEELE ST 4400 BLK N & 44TH AVE,1,1,1,0,1,2,,,25,0,0,0,1,3,4,2,1
,2015_19605,0,0,6/26/2015 12:04,12:04,12,0,0,SYRACUSE ST S & UNION AVE E,1,1,0,7,1,1,,,30,0,0,0,0,0,4,2,3
,2015_19606,0,0,3/24/2015 22:52,22:52,6,0,0,TAMARAC ST 1500 BLK N & COLFAX AVE E,1,3,0,0,1,4,,,30,0,0,0,0,0,4,3,13
,2015_19607,0,0,2/19/2015 11:06,11:06,6,0,0,TENNYSON ST 600 BLK N & 6TH AVE FRONTAGE RD W (NOT CDOT),1,1,0,7,1,1,,,25,0,0,0,0,0,4,2,14
,2015_19608,0,0,3/23/2015 3:23,3:23,11,0,1,TENNYSON ST N & 38TH AVE W,1,1,1,0,1,1,,,30,0,1,0,0,2,4,2,13
,2015_19609,0,0,1/23/2015 16:04,16:04,5,0,0,TOWER RD 5700 BLK N & 57TH AVE E,1,1,1,7,2,2,,,45,0,0,0,0,0,4,1,16
,2015_19610,0,0,6/18/2015 20:15,20:15,5,0,0,TOWER RD N & PENA BLVD,1,3,1,0,3,1,,,40,0,0,0,0,1,4,1,1
,2015_19611,0,0,3/25/2015 10:35,10:35,15,0,0,TOWER RD N & PENA BLVD,2,1,0,2,1,3,,,40,0,0,0,0,0,4,2,16
,2015_19612,0,0,5/4/2015 16:25,16:25,12,0,0,WELTON ST & DOWNING ST N,1,1,0,7,1,3,,,25,0,0,0,0,0,4,3,16
,2015_19613,39.780003,-104.951548,5/28/2015 21:15,21:15,12,0,0,I-70 & STEELE ST N,1,3,2,1,1,4,,,55,0,0,0,0,0,1,2,13
,2015_19614,0,0,6/17/2015 18:39,18:39,15,0,0,WELTON ST 1500 BLK & 16TH ST MALL,1,1,0,0,1,1,,,30,0,0,0,0,0,4,2,7
,2015_19716,39.703709,-104.991892,11/5/2015 22:35,22:35,12,0,0,I-25 & SANTA FE DR S,1,3,0,0,1,4,,,60,0,0,0,0,0,1,2,5
,2015_19738,39.778271,-104.89681,8/15/2015 14:19,14:19,5,0,0,I-70 & I-270 EB OVERPASS,1,1,0,0,3,4,,,55,0,0,0,0,0,1,1,7
,2015_19756,39.679658,-104.940637,1/7/2015 13:40,13:40,3,0,0,COLORADO BLVD & 2000 S,1,1,0,0,1,2,,,,0,0,0,0,0,2,2,13
,2015_19757,39.725651,-105.049943,4/3/2015 7:45,7:45,12,0,0,6TH AVE W EB ON RAMP & SHERIDAN BLVD,2,1,0,0,1,4,,,65,0,0,0,0,1,2,3,14
,2015_19758,39.725457,-105.032462,4/14/2015 10:40,10:40,15,0,0,6TH AVE W & KNOX CT N,1,1,0,0,1,4,,,45,0,0,0,0,0,2,2,13
,2015_19792,39.680085,-104.935079,1/12/2015 15:25,15:25,12,0,0,I-25 NB & EVANS AVE E,1,1,1,0,1,8,,,35,0,0,0,0,0,1,2,3
,2015_19793,39.683026,-104.940163,2/24/2015 12:42,12:42,12,0,0,I-25 NB OFF RAMP & COLORADO BLVD S,2,1,1,0,1,8,,,35,0,0,0,0,0,1,2,13
,2015_19794,39.684901,-104.952998,4/21/2015 15:17,15:17,5,0,1,I-25 & STEELE ST S,1,1,0,0,3,4,,,60,0,0,0,0,2,1,1,7
,2015_19795,39.68492,-104.959513,5/4/2015 8:45,8:45,12,0,0,I-25 & UNIVERSITY BLVD S,1,1,0,0,1,4,,,55,0,0,0,0,0,1,2,13
,2015_19796,39.68492,-104.959513,5/30/2015 14:12,14:12,12,0,0,I-25 NB RAMPS & UNIVERSITY BLVD S,1,1,1,0,1,1,,,30,0,0,0,0,0,1,2,7
,2015_19797,39.690017,-104.973363,8/1/2015 17:10,17:10,12,0,0,I 25 NB OFF RAMP & DOWNING ST S,1,1,2,7,1,3,,,30,0,0,0,0,0,1,2,16
,2015_19799,39.703195,-104.990177,11/21/2015 20:50,20:50,12,0,0,I-25 SB OFF RAMP & BROADWAY ST SB EXIT G,1,3,1,0,1,8,,,35,0,0,0,0,0,1,2,13
,2015_19800,39.709874,-104.998115,4/2/2015 9:20,9:20,12,0,0,I-25 NB ON FLYOVER RAMP & SANTA FE BLVD S,1,1,1,0,1,8,,,45,0,0,0,0,0,1,2,13
,2015_19801,39.71124,-104.998918,4/7/2015 22:00,22:00,15,0,0,I-25 & ALAMEDA AVE W,1,3,1,0,1,4,,,55,0,0,0,0,0,1,2,13
,2015_19802,39.724909,-105.012637,10/4/2015 8:00,8:00,9,0,1,I-25 & 6TH AVE W,1,1,1,0,1,4,,,55,0,0,0,1,2,1,1,13
,2015_19803,39.725613,-105.013148,2/7/2015 12:24,12:24,12,0,0,I-25 & 8TH AVE W,1,1,0,0,1,4,,,55,0,0,0,0,0,1,2,13
,2015_19804,39.727408,-105.014119,2/17/2015 11:03,11:03,15,0,0,I-25 & 5TH AVE,1,1,1,0,1,4,,,55,0,0,0,0,0,1,2,3
,2015_19805,39.743467,-105.016086,6/11/2015 10:52,10:52,12,0,0,I-25 & 17TH AVE W,1,1,1,0,1,4,,,55,0,0,0,0,0,1,2,13
,2015_19806,39.755141,-105.012706,2/1/2015 15:15,15:15,12,0,0,I-25 & SPEER BLVD N,2,1,0,0,1,4,,,55,0,0,0,0,0,1,2,7
,2015_19807,39.755141,-105.012706,2/10/2015 7:35,7:35,15,0,0,I-25 & SPEER BLVD N,1,1,0,0,1,4,,,55,0,0,0,0,0,1,2,13
,2015_19808,39.755141,-105.012706,5/27/2015 11:25,11:25,12,0,0,I-25 & SPEER BLVD N,1,1,0,0,1,4,,,55,0,0,0,0,0,1,2,7
,2015_19809,39.779391,-104.989165,12/16/2015 12:04,12:04,12,0,0,I-25 & I-70,2,1,0,0,1,4,,,55,0,0,0,0,1,1,2,1
,2015_19810,39.77782,-104.989201,8/2/2015 8:45,8:45,15,0,0,I-25 NB OFF RAMP & I-70 EB,1,1,0,0,1,8,,,55,0,0,0,0,0,1,2,8
,2015_19811,39.779105,-104.989167,8/18/2015 19:20,19:20,15,0,0,I-25 & I-70,1,1,0,0,1,4,,,45,0,0,0,0,0,1,2,13
,2015_19812,39.779391,-104.989165,6/21/2015 9:00,9:00,5,0,0,I-25 & I-70,1,1,0,0,2,4,,,55,0,0,0,0,0,1,1,12