id,drcog_id,latitude,longitude,crashtime,time,crashtype,numbkilled,numbinjurd,drcoglocat,rdconditin,lightngcon,roadcntgrd,weatherco,location,roaddescrp,schoolzone,constrzone,splimit,bikeinv,pedinv,sctrinv,motoinv,svrty,rdsystem,ttlvehcls,hcf
,2015_19813,39.779391,-104.989165,7/1/2015 14:37,14:37,12,0,0,I-25 & I-70,1,1,1,0,1,4,,,55,0,0,0,0,0,1,2,13
,2015_19814,39.779391,-104.989165,7/16/2015 16:33,16:33,12,0,0,I-25 & I-70,1,1,0,0,1,4,,,55,0,0,0,0,0,1,3,13
,2015_19824,39.7112,-105.042019,8/1/2015 16:30,16:30,1,0,0,ALAMEDA AVE W & RALEIGH ST S,1,1,0,0,1,1,,,40,0,0,0,0,0,2,2,13
,2015_19825,39.711187,-105.039623,2/16/2015 18:20,18:20,3,0,0,PERRY ST S & ALAMEDA AVE W,5,3,0,2,1,1,,,35,0,0,0,0,0,2,2,7
,2015_19826,39.653054,-104.884764,2/1/2015 21:00,21:00,12,0,0,YOSEMITE ST S & HAMPDEN AVE E,5,3,1,0,1,3,,,40,0,0,0,0,0,2,2,7
,2015_19827,39.653054,-104.884764,6/25/2015 12:28,12:28,12,0,0,HAMPDEN AVE E & YOSEMITE ST S,1,1,0,0,1,4,,,45,0,0,0,0,1,2,2,3
,2015_19828,39.653256,-104.869204,7/21/2015 7:38,7:38,15,0,0,HAVANA ST S & HAMPDEN AVE E,1,1,0,0,1,4,,,45,0,0,0,0,0,2,2,3
,2015_19829,39.711077,-105.025062,8/22/2015 15:34,15:34,12,0,0,ALAMEDA AVE 2900 BLK W & FEDERAL BLVD S,1,1,0,0,1,1,,,35,0,0,0,0,0,2,2,1
,2015_19859,39.740322,-105.053272,5/30/2015 7:10,7:10,3,0,0,SHERIDAN BLVD N & COLFAX AVE W,1,1,0,0,1,1,,,35,0,0,0,0,0,2,4,13
,2015_19860,39.740008,-104.973453,4/6/2015 7:20,7:20,10,0,0,COLFAX AVE E & DOWINING ST N,1,1,0,0,1,1,,,25,0,0,0,0,0,2,2,8
,2015_19861,39.74001,-104.972588,7/28/2015 13:15,13:15,15,0,0,COLFAX AVE E & 1200 BLK (MM APPROX),1,1,0,0,1,4,,,30,0,0,0,0,0,2,2,13
,2015_19862,39.740008,-104.96833,3/17/2015 17:30,17:30,12,0,0,COLFAX AVE & FRANKLIN ST N,1,1,0,0,1,4,,,30,0,0,0,0,0,2,2,1
,2015_19863,39.740035,-105.001839,8/17/2015 8:50,8:50,12,0,0,COLFAX AVE W & MARIPOSA ST N,1,1,0,0,1,4,,,35,0,0,0,0,0,2,2,1
,2015_19864,39.740025,-104.998126,10/14/2015 13:29,13:29,3,0,0,SPEER BLVD N & COLFAX AVE W,1,1,1,0,1,1,,,30,0,0,0,0,0,2,2,13
,2015_19865,39.740065,-104.925875,4/30/2015 14:13,14:13,12,0,0,COLFAX AVE 5200 BLK E & GLENCOE ST N,1,1,0,0,1,3,,,30,0,0,0,0,1,2,3,13
,2015_19868,0,0,6/22/2015 18:50,18:50,6,0,0,FILLMORE ST 3300 BLK N & BRUCE RANDOLPH AVE E,1,1,1,0,1,4,,,25,0,0,0,0,0,4,2,13
,2015_19895,39.779435,-104.979009,2/23/2015 17:30,17:30,12,0,0,I-70 EB RAMPS & WASHINGTON ST N,5,2,1,0,1,3,,,35,0,0,0,0,0,1,2,13
,2015_19896,39.779895,-104.967089,1/9/2015 17:25,17:25,12,0,0,I-70 & BRIGHTON BLVD,1,3,0,0,1,4,,,55,0,0,0,0,0,1,2,13
,2015_19897,39.780013,-104.960371,1/16/2015 16:42,16:42,15,0,0,46TH AVE 2000 BLK E & BRIGHTON BLVD,1,1,1,0,1,4,,,30,0,0,0,0,0,4,2,13
,2015_19898,39.780014,-104.959201,2/10/2015 7:50,7:50,1,0,0,46TH AVE E & YORK ST N,1,1,0,0,1,1,,,30,0,0,0,0,0,4,2,7
,2015_19900,39.779997,-104.949807,7/22/2015 13:08,13:08,12,0,0,I-70 & STEELE ST N,1,1,0,0,1,4,,,55,0,0,0,0,0,1,2,13
,2015_19901,39.779432,-104.9283,6/25/2015 16:35,16:35,12,0,0,I-70 & MM 277,1,1,0,0,1,4,,,55,0,0,0,0,0,1,2,2
,2015_19902,39.778299,-104.898841,4/18/2015 2:00,2:00,12,0,1,I-70 & NORTHFIELD N/QUEBEC ST N,1,3,0,0,1,4,,,55,0,0,0,0,2,1,2,13
,2015_19903,39.778271,-104.89681,2/25/2015 14:39,14:39,12,0,3,I-70 & I-270 OVERPASS,6,1,0,2,1,4,,,55,0,0,0,0,3,1,3,13
,2015_19928,39.698487,-104.903279,2/7/2015 16:09,16:09,15,0,0,LEETSDALE DR & QUEBEC ST S,1,1,0,0,1,4,,,30,0,0,0,0,0,2,2,13
,2015_19939,39.676561,-104.993779,11/20/2015 20:33,20:33,12,0,0,SANTA FE DR & 2200 BLK S,5,3,0,2,1,4,,,55,0,0,0,0,1,2,2,1
,2015_19940,39.68158,-104.992302,2/2/2015 7:41,7:41,12,0,0,SANTA FE DR 1900 BLK S & JEWELL AVE W,5,1,0,0,1,4,,,55,0,0,0,0,0,2,2,14
,2015_19941,39.687892,-104.991935,2/2/2015 13:07,13:07,15,0,0,SANTA FE DR 1500 BLK S & FLORIDA AVE W,1,1,0,0,1,4,,,45,0,0,0,0,0,2,2,7
,2015_19942,39.689371,-104.992053,4/30/2015 14:40,14:40,12,0,0,SANTA FE DR 1400 BLK S & FLORIDA AVE W,1,1,0,0,1,3,,,45,0,0,0,0,1,2,2,13
,2015_19943,39.692281,-104.992421,1/16/2015 10:25,10:25,12,0,0,SANTA FE DR & 1300 BLK S,1,1,0,0,1,2,,,45,0,0,0,0,0,2,2,13
,2015_19944,39.696696,-104.991872,4/10/2015 7:12,7:12,1,0,0,MISSISSIPPI AVE W & PLATTE RIVER DR S,1,1,0,0,1,1,,,30,0,0,0,0,0,2,2,13
,2015_19945,39.696696,-104.991872,7/9/2015 7:20,7:20,15,0,0,SANTA FE DR S & MISSISSIPPI AVE E,1,1,0,0,1,3,,,45,0,0,0,0,0,2,2,13
,2015_19947,39.673497,-105.053261,8/10/2015 18:30,18:30,15,0,0,SHERIDAN BLVD S & VASSAR AVE W,1,1,0,0,1,4,,,,0,0,0,0,0,2,2,13
,2015_19950,39.731186,-105.025182,2/27/2015 16:03,16:03,1,0,2,FEDERAL BLVD N & 9TH AVE W,5,1,1,0,1,1,,,35,0,0,0,0,2,2,2,13
,2015_19951,39.731186,-105.025182,3/18/2015 16:53,16:53,1,0,0,FEDERAL BLVD N & 9TH AVE W,1,1,1,0,1,1,,,35,0,0,0,0,0,2,2,13
,2015_19952,39.721198,-105.025193,2/17/2015 11:50,11:50,1,0,0,FEDERAL BLVD & 300 BLK S,2,1,0,0,1,2,,,40,0,0,0,0,0,2,2,13
,2015_19953,39.698194,-105.025066,1/18/2015 10:22,10:22,11,0,1,FEDERAL BLVD 1000 BLK S & TENNESSEE AVE W,1,1,0,0,1,4,,,45,0,1,0,0,2,2,2,5
,2015_19954,39.696764,-105.025061,2/28/2015 22:20,22:20,12,0,0,FEDERAL BLVD S & MISSISSIPPI AVE W,1,3,0,0,1,3,,,40,0,0,0,0,0,2,3,14
,2015_19955,39.695025,-105.025059,2/4/2015 14:43,14:43,1,0,0,FEDERAL BLVD S & ARIZONA AVE W,1,1,1,0,1,2,,,40,0,0,0,0,0,2,2,13
,2015_19956,39.691649,-105.025046,4/22/2015 7:00,7:00,10,0,0,FEDERAL BLVD 1300 BLK S & ARKANSAS AVE W,1,1,0,0,1,4,,,40,0,0,0,0,0,2,2,7
,2015_19957,39.685944,-105.025024,1/21/2015 9:55,9:55,6,0,0,FEDERAL BLVD S & MEXICO AVE W,4,1,0,2,1,1,,,40,0,0,0,0,0,2,1,13
,2015_19959,39.673348,-105.025054,1/21/2015 18:00,18:00,5,0,0,FEDERAL BLVD S & HARVARD AVE W,5,3,1,2,3,4,,,40,0,0,0,0,0,2,1,13
,2015_19974,39.655963,-105.053223,2/10/2015 13:35,13:35,15,0,0,SHERIDAN BLVD S & DARTMOUTH AVE W,1,1,0,0,1,3,,,40,0,0,0,0,0,2,2,1
,2015_19975,39.776472,-105.05325,3/22/2015 14:30,14:30,8,0,1,SHERIDAN BLVD N & 44TH AVE W,1,1,0,0,1,4,,,35,0,0,0,0,2,2,4,1
,2015_19976,39.785677,-105.053258,1/30/2015 16:07,16:07,15,0,0,SHERIDAN BLVD N & 49TH AVE W,1,1,1,0,1,1,,,35,0,0,0,0,0,2,2,13
,2015_19988,39.629865,-105.087057,3/13/2015 21:24,21:24,12,0,1,WADSWORTH BLVD & LAYTON AVE W,1,3,0,0,1,1,,,45,0,0,0,0,3,2,2,1
,2015_19989,39.635454,-105.082255,2/19/2015 12:56,12:56,12,0,0,WADSWORTH BLVD S & STANFORD AVE W,1,1,0,0,1,3,,,45,0,0,0,0,0,2,2,3
,2015_20017,39.634172,-104.901837,12/1/2015 11:24,11:24,15,0,0,I-225 DIRECT CONNECT TO SB & I-25 RAMP SPLIT,1,1,0,0,1,4,,,55,0,0,0,0,0,1,2,14
,2015_20018,39.629871,-104.904931,4/27/2015 18:24,18:24,12,0,0,I-225 NB ON RAMP & BELLEVIEW AVE E,1,1,0,0,1,8,,,40,0,0,0,0,0,1,2,13
,2015_20019,39.633747,-104.903155,3/7/2015 2:44,2:44,5,2,0,I-225 NB LOOP ON RAMP FROM I-25 SB & QUEBEC ST UNDERPASS,1,3,0,0,3,8,,,55,0,0,0,0,4,1,1,5
,2015_20020,39.635523,-104.89346,5/17/2015 20:55,20:55,15,0,0,TAMARAC ST S & I-225 NB RAMPS,1,3,0,0,1,3,,,30,0,0,0,0,0,1,2,13
,2015_20021,39.635523,-104.89346,6/23/2015 14:24,14:24,1,0,0,TAMARAC ST S & I-225 NB RAMPS,1,1,0,0,1,1,,,35,0,0,0,0,0,1,2,14
,2015_20022,39.638949,-104.885774,5/7/2015 16:17,16:17,12,0,0,I-225 & YOSEMITE ST S,1,1,0,0,1,4,,,55,0,0,0,0,1,1,2,13
,2015_20023,39.639275,-104.885096,7/24/2015 16:32,16:32,5,0,0,NB I225 & S YOSEMITE ST,1,1,0,7,3,3,,,65,0,0,0,0,0,1,1,16
,2015_20035,39.652996,-104.923962,1/21/2015 10:19,10:19,12,0,0,HAMPDEN AVE E & HUDSON ST S,6,1,1,4,1,1,,,35,0,0,0,0,0,2,2,13
,2015_20049,39.742742,-105.025209,5/28/2015 9:46,9:46,12,0,0,FEDERAL BLVD 1600 BLK N & 16TH AVE W,1,1,0,0,1,4,,,35,0,0,0,0,0,2,2,14
,2015_20050,39.743958,-105.025215,7/22/2015 17:15,17:15,15,0,0,FEDERAL BLVD N & 17TH AVE W,1,1,0,0,1,1,,,35,0,0,0,0,0,2,2,13
,2015_20051,39.776693,-105.025236,8/27/2015 22:04,22:04,3,0,2,FEDERAL BLVD N & 44TH AVE W,1,3,0,0,1,1,,,35,0,0,0,0,3,2,2,9
,2015_20052,39.751249,-105.025139,7/27/2015 1:28,1:28,3,1,1,FEDERAL BLVD N & 23RD AVE W,1,3,1,0,1,1,,,35,0,0,0,0,4,2,2,1
,2015_20053,39.75855,-105.025134,7/17/2015 23:26,23:26,1,0,0,29TH AVE W & FEDERAL BLVD N,1,3,0,0,1,1,,,35,0,0,0,0,1,2,2,7
,2015_20054,39.780247,-105.025224,1/15/2015 9:15,9:15,12,0,0,46TH AVE 3000 BLK W & FEDERAL BLVD N,1,1,0,0,1,3,,,35,0,0,0,0,0,2,2,14
,2015_20167,0,0,2/21/2015 13:04,13:04,11,0,1,KALAMATH ST N & 7TH AVE W,1,1,0,0,1,1,,,35,0,1,0,0,2,4,2,14
,2015_20229,0,0,5/29/2015 17:55,17:55,15,0,0,20TH ST 1900 BLK & CHESTNUT PL,1,1,1,0,1,4,,,30,0,0,0,0,0,4,2,13
,2015_20252,0,0,1/8/2015 14:51,14:51,15,0,0,8TH AVE W & KALAMATH ST N,1,1,1,0,1,1,,,30,0,0,0,0,0,4,2,13
,2015_20253,0,0,1/28/2015 9:50,9:50,12,0,0,8TH AVE E & MONACO ST N,1,1,0,7,1,1,,,30,0,0,0,0,1,4,2,8
,2015_20254,0,0,4/14/2015 20:35,20:35,6,0,0,9TH AVE 300 BLK E & GRANT ST N,1,3,0,7,1,4,,,30,0,0,0,0,0,4,2,14
,2015_20255,0,0,10/6/2015 17:00,17:00,3,0,0,8TH AVE W & LIPAN ST N,2,1,0,0,1,1,,,25,0,0,0,0,0,4,2,13
,2015_20256,0,0,6/5/2015 8:45,8:45,3,0,0,11TH AVE E & ONEIDA ST N,2,1,0,1,1,3,,,25,0,0,0,0,0,4,2,13
,2015_20257,0,0,2/19/2015 14:20,14:20,6,0,0,11TH AVE 7600 BLK E & ROSEMARY ST N,1,1,0,0,1,4,,,30,0,0,0,0,0,4,2,13
,2015_20258,0,0,4/8/2015 21:32,21:32,3,0,0,11TH AVE W & SHERMAN ST N,1,3,0,1,1,1,,,30,0,0,0,0,0,4,3,13
,2015_20259,0,0,2/25/2015 14:51,14:51,3,0,1,14TH AVE E & FRANKLIN ST N,4,1,0,2,1,1,,,30,0,0,0,0,2,4,2,16
,2015_20260,0,0,7/18/2015 2:25,2:25,12,0,0,14TH AVE E & YORK ST N,1,3,0,7,1,1,,,30,0,0,0,0,0,4,2,16
,2015_20261,0,0,7/13/2015 17:28,17:28,15,0,0,14TH AVE 1000 BLK E & OGDEN ST,1,1,0,0,1,4,,,,0,0,0,0,0,4,2,13
,2015_20262,0,0,1/3/2015 20:30,20:30,12,0,0,14TH AVE 700 BLK E & WASHINGTON ST N,5,3,0,2,1,4,,,30,0,0,0,0,0,4,2,16
,2015_20263,0,0,2/24/2015 9:11,9:11,12,0,0,16TH AVE E & HIGH ST N,4,1,0,7,1,1,,,25,0,0,0,0,0,4,2,1
,2015_20264,0,0,6/1/2015 20:04,20:04,5,0,0,16TH AVE E & QUEBEC ST N,1,1,0,7,3,1,,,30,0,0,0,0,0,4,1,14
,2015_20265,0,0,5/27/2015 22:32,22:32,6,0,0,17TH AVE E & GARFIELD ST N,1,3,0,7,1,4,,,30,0,0,0,0,0,4,2,16
,2015_20266,0,0,2/12/2015 19:51,19:51,11,0,1,17TH AVE 1900 BLK E & HIGH ST N,1,3,0,0,1,4,,,,0,1,0,0,2,4,2,13
,2015_20267,0,0,10/1/2015 13:30,13:30,3,0,0,20TH AVE W & IRVING ST N,1,1,0,0,1,1,,,25,0,0,0,0,0,4,2,13
,2015_20268,0,0,4/17/2015 20:30,20:30,3,0,0,19TH AVE E & CLARKSON ST N,1,3,0,7,1,1,,,25,0,0,0,0,0,4,2,8
,2015_20269,0,0,4/5/2015 0:12,0:12,6,0,0,19TH AVE E & SYRACUSE ST N,1,3,0,7,1,4,,,35,0,0,0,0,0,4,2,14
,2015_20270,0,0,7/21/2015 15:43,15:43,3,0,0,21ST AVE E & QUEBEC ST N,1,1,0,0,1,1,,,30,0,0,0,0,0,4,2,13
,2015_20271,0,0,6/6/2015 17:41,17:41,6,0,0,21ST AVE W & STUART ST N,1,1,1,7,1,7,,,15,0,0,0,0,0,4,2,14
,2015_20272,0,0,7/23/2015 18:41,18:41,1,0,0,22ND AVE E & CLARKSON ST N,1,2,0,7,1,1,,,25,0,0,0,0,0,4,2,16
,2015_20273,0,0,2/8/2015 2:40,2:40,6,0,0,30TH AVE W & NEWTON ST N,1,4,0,7,1,4,,,25,0,0,0,0,0,4,2,5
,2015_20274,0,0,4/2/2015 15:50,15:50,6,0,0,38TH AVE 4700 BLK W & WOLFF ST N,2,1,0,2,1,4,,,35,0,0,0,0,0,4,2,3
,2015_20275,0,0,3/26/2015 6:35,6:35,10,0,0,36TH AVE E & QUEBEC ST N,1,1,0,0,1,1,,,35,0,0,0,0,0,4,2,8
,2015_20276,0,0,4/8/2015 11:14,11:14,3,0,0,38TH AVE W & TEJON ST N,1,1,1,7,1,1,,,30,0,0,0,0,0,4,2,8
,2015_20277,0,0,1/16/2015 16:02,16:02,3,0,0,38TH AVE W & WYANDOT ST N,1,1,0,0,1,1,,,5,0,0,0,0,0,4,2,13
,2015_20278,0,0,7/12/2015 22:33,22:33,5,0,0,40TH AVE E & HARRISON ST N,1,3,0,0,2,4,,,35,0,0,0,0,1,4,1,3
,2015_20279,0,0,3/30/2015 18:55,18:55,11,0,0,41ST AVE 3300 BLK W & IRVING ST N,1,1,0,0,1,4,,,20,0,1,0,0,1,4,2,1
,2015_20281,0,0,6/14/2015 22:50,22:50,6,0,0,43RD AVE W & 1253,1,2,0,0,1,4,,,35,0,0,0,0,0,4,2,13
,2015_20282,0,0,7/4/2015 10:45,10:45,10,0,0,46TH AVE 2900 BLK W & FEDERAL BLVD N,1,1,0,0,1,4,,,30,0,0,0,0,0,4,2,13
,2015_20283,0,0,7/31/2015 13:02,13:02,10,0,0,48TH AVE E & DAHLIA ST N,1,1,0,0,1,1,,,25,0,0,0,0,0,4,2,1
,2015_20284,0,0,4/5/2015 20:33,20:33,12,0,0,56TH AVE E & REVERE ST N,1,3,0,0,1,4,,,40,0,0,0,0,0,4,4,5
,2015_20285,0,0,2/23/2015 2:11,2:11,5,0,0,78TH AVE & 25000 BLK E,4,3,0,2,2,4,,,45,0,0,0,0,0,4,1,14
,2015_20286,0,0,10/1/2015 17:00,17:00,1,0,0,ALAMEDA AVE W & BANNOCK ST S,1,1,0,0,1,1,,,30,0,0,0,0,0,4,2,13
,2015_20287,0,0,8/14/2015 13:31,13:31,1,0,0,ALAMEDA AVE W & BANNOCK ST S,1,1,0,7,1,1,,,30,0,0,0,0,0,4,2,3
,2015_20288,0,0,1/12/2015 14:01,14:01,15,0,0,ALAMEDA AVE E & BROADWAY ST S,1,1,0,7,1,1,,,30,0,0,0,0,0,4,2,16
,2015_20289,0,0,1/31/2015 8:34,8:34,15,0,0,ALAMEDA AVE 9400 BLK E & CLINTON ST S,1,3,1,7,1,1,,,35,0,0,0,0,0,4,2,1
,2015_20290,0,0,5/20/2015 16:45,16:45,3,0,0,ALBION ST S & MEXICO AVE E,1,1,0,7,1,3,,,25,0,0,0,0,0,4,2,14
,2015_20291,0,0,2/21/2015 23:38,23:38,3,0,1,ARAPAHOE ST & 20TH ST,5,3,0,2,1,1,,,30,0,0,0,0,2,4,2,4
,2015_20292,0,0,2/17/2015 23:11,23:11,12,0,0,ARAPAHOE ST 1300 BLK & SPEER BL N,1,3,0,7,1,4,,,30,0,0,0,0,0,4,2,2
,2015_20293,0,0,8/1/2015 14:56,14:56,1,0,0,BANNOCK ST S & BYERS PL W,1,1,0,7,1,1,,,25,0,0,0,0,0,4,2,3
,2015_20294,0,0,8/31/2015 9:00,9:00,6,0,0,ARIZONA AVE 2900 BLK E & FILLMORE ST S,1,1,0,7,1,4,,,25,0,0,0,0,0,4,2,16
,2015_20295,0,0,8/14/2015 12:27,12:27,15,0,0,BROADWAY ST N & 1ST AVE E,1,1,0,7,1,4,,,35,0,0,0,0,0,4,2,16
,2015_20296,0,0,6/18/2015 16:50,16:50,12,0,0,BROADWAY ST 700 BLK N & 7TH AVE E,1,1,0,7,1,4,,,30,0,0,0,0,1,4,3,3
,2015_20297,0,0,2/4/2015 15:43,15:43,3,0,0,MISSISSIPPI AVE W & HAZEL CT S,2,1,0,0,1,1,,,30,0,0,0,0,0,4,2,14
,2015_20298,0,0,1/13/2015 8:10,8:10,15,0,0,BROADWAY ST N & WELSTON ST,1,1,0,0,1,4,,,30,0,0,0,0,0,4,2,13
,2015_20299,0,0,7/20/2015 17:29,17:29,12,0,0,BRUCE RANDOLPH AVE E & DOWNING ST N,1,1,0,7,1,4,,,30,0,0,0,0,0,4,2,16
,2015_20300,0,0,2/1/2015 13:40,13:40,3,0,0,BRYANT ST S & EVANS AV W,2,1,0,7,1,1,,,25,0,0,0,0,0,4,2,16
,2015_20301,0,0,1/15/2015 16:10,16:10,1,0,0,BUCHTEL BLVD E & DOWNING ST S,1,1,0,7,1,1,,,30,0,0,0,0,0,4,2,3
,2015_20302,0,0,9/22/2015 11:00,11:00,12,0,0,BROADWAY ST N & SPEER BLVD N,1,1,0,0,1,4,,,35,0,0,0,0,0,4,2,16
,2015_20303,0,0,5/28/2015 13:09,13:09,3,0,0,CEDAR AVE E & MONACO ST S,1,1,0,7,1,1,,,30,0,0,0,0,0,4,2,16
,2015_20304,0,0,2/2/2015 14:30,14:30,15,0,0,COURT PL 1600 BLK & LINCOLN ST,1,1,1,0,1,4,,,25,0,0,0,0,0,4,2,13
,2015_20305,0,0,8/29/2015 4:00,4:00,6,0,0,CUSTER PL W & YATES ST S,1,4,0,0,1,4,,,25,0,0,0,0,0,4,2,14
,2015_20307,0,0,9/23/2015 7:42,7:42,6,0,0,ST PAUL ST N & COLFAX AVE E,1,1,0,7,1,4,,,,0,0,0,0,0,4,2,16
,2015_20308,0,0,3/9/2015 9:27,9:27,6,0,0,DEXTER ST & 600 BLK N,1,1,0,0,1,4,,,25,0,0,0,0,0,4,2,14
,2015_20309,0,0,5/23/2015 17:40,17:40,3,0,0,DOWNING ST N & 12TH AVE E,2,1,0,1,1,1,,,30,0,0,0,0,0,4,2,16
,2015_20310,0,0,12/12/2015 17:45,17:45,12,0,0,DOWNING ST 1700 BLK N & 18TH AVE E,4,3,0,2,1,4,,,30,0,0,0,0,0,4,2,5
,2015_20311,0,0,5/11/2015 16:46,16:46,12,0,0,DOWNING ST 2700 BLK S & YALE AVE E,1,1,0,7,1,3,,,30,0,0,0,0,0,4,2,16
,2015_20312,0,0,12/31/2015 22:30,22:30,1,0,0,DOWNING ST N & PARK AVE,1,3,0,0,1,1,,,20,0,0,0,0,1,4,2,13
,2015_20313,0,0,5/5/2015 21:30,21:30,12,0,0,EVANS AVE E & BIRCH ST S,2,3,0,1,1,1,,,35,0,0,0,0,0,4,2,16
,2015_20314,0,0,7/17/2015 14:56,14:56,12,0,0,EVANS AVE 2500 BLK E & COLUMBINE ST S,1,1,0,7,1,4,,,30,0,0,0,0,0,4,2,12
,2015_20315,0,0,2/2/2015 16:07,16:07,12,0,0,EVANS AVE 5200 BLK E & GRAPE ST S,1,1,0,7,1,4,,,35,0,0,0,0,0,4,2,16
,2015_20316,0,0,5/21/2015 8:25,8:25,12,0,0,EVANS AVE 5000 BLK E & GRAPE ST S,1,1,0,7,1,4,,,35,0,0,0,0,0,4,2,16
,2015_20317,0,0,5/10/2015 16:10,16:10,1,0,0,EVANS AVE E & HIGH ST S,1,1,0,7,1,1,,,30,0,0,0,0,0,4,2,16
,2015_20318,0,0,2/6/2015 6:34,6:34,1,0,0,EVANS AVE W & PLATTE RIVER DR S,1,2,0,7,1,1,,,35,0,0,0,0,0,4,2,1
,2015_20319,0,0,1/16/2015 17:12,17:12,1,0,0,EVANS AVE 7100 BLK E & PONTIAC WAY S,1,2,0,7,1,3,,,35,0,0,0,0,0,4,2,7
,2015_20320,0,0,6/8/2015 19:10,19:10,12,0,0,EVANS AVE W & ZUNI ST S,1,1,0,7,1,4,,,40,0,0,0,0,0,4,3,12
,2015_20321,0,0,1/6/2015 8:14,8:14,15,0,0,EXPOSITION AVE 1600 E & FRANKLIN ST S,5,1,0,0,1,1,,,25,0,0,0,0,0,4,2,7
,2015_20322,0,0,3/27/2015 19:52,19:52,6,0,0,FILLMORE ST 1100 BLK N & 1145 N FILLMORE ST,1,4,0,7,1,4,,,30,0,0,0,0,0,4,2,16
,2015_20323,0,0,1/21/2015 9:45,9:45,3,0,0,FLORIDA AVE W & TENNYSON ST S,10,1,1,2,1,1,,,25,0,0,0,0,0,4,2,1
,2015_20324,0,0,4/14/2015 11:22,11:22,3,0,1,GALAPAGO ST & 1000 BLK N,1,1,0,0,1,2,,,30,0,0,0,1,3,4,2,7
,2015_20325,0,0,11/26/2015 16:44,16:44,12,0,0,GILL PL W & IRVING ST S,5,4,0,2,1,1,,,25,0,0,0,0,0,4,2,13
,2015_20326,0,0,5/26/2015 7:18,7:18,6,0,0,GAYLORD ST N & 14TH AVE E,1,1,0,7,1,4,,,25,0,0,0,0,0,4,2,16
,2015_20327,0,0,6/22/2015 13:41,13:41,12,0,0,HAVANA ST N & 40TH AVE E,1,1,1,7,1,1,,,40,0,0,0,0,0,4,2,16
,2015_20328,0,0,10/23/2015 23:30,23:30,6,0,0,GROVE ST N & 10TH AVE W,1,3,0,0,1,4,,,25,0,0,0,0,0,4,2,16
,2015_20329,0,0,6/1/2015 7:00,7:00,3,0,0,HAZEL CT S & FLORIDA AVE W,1,1,0,0,1,3,,,30,0,0,0,0,0,4,2,13
,2015_20330,0,0,6/18/2015 14:15,14:15,3,0,0,IRELAND ST N & 56TH AVE E,1,1,1,0,1,1,,,45,0,0,0,0,1,4,2,7
,2015_20331,0,0,10/16/2015 13:45,13:45,6,0,0,JAVA WAY & 1700 S,1,1,0,7,1,4,,,25,0,0,0,0,0,4,2,1
,2015_20332,0,0,7/14/2015 19:05,19:05,3,0,0,IRVING ST S & CEDAR AVE W,1,1,0,7,1,1,,,25,0,0,0,0,0,4,2,2
,2015_20333,0,0,3/19/2015 16:20,16:20,12,0,0,IRVING ST S & KENTUCKY AVE W,1,1,0,7,1,4,,,30,0,0,0,0,0,4,2,14
,2015_20334,0,0,9/20/2015 22:10,22:10,3,0,0,JOSPEHINE ST N & 9TH AVE E,1,3,1,0,1,2,,,,0,0,0,0,1,4,2,13
,2015_20335,0,0,6/9/2015 16:40,16:40,10,0,0,JEWELL AVE W & XAVIER ST S,1,1,0,0,1,1,,,30,0,0,0,0,0,4,2,13
,2015_20336,0,0,4/15/2015 15:35,15:35,3,0,0,JOLIET ST & 4800 BLK N,1,1,0,0,1,2,,,25,0,0,0,0,0,4,2,1
,2015_20337,0,0,7/28/2015 8:11,8:11,10,0,0,JOSEPHINE ST N & 45TH AVE E,1,1,0,0,1,1,,,30,0,0,0,0,0,4,2,8
,2015_20338,0,0,5/25/2015 21:00,21:00,5,0,0,KALAMATH ST N & 5TH AVE W,2,3,0,7,3,4,,,30,0,0,0,0,0,4,1,16
,2015_20339,0,0,12/7/2015 13:15,13:15,6,0,0,KENTUCKY AVE 1900 BLK E & RACE ST S,6,1,0,7,1,4,,,25,0,0,0,0,0,4,2,16
,2015_20340,0,0,6/3/2015 1:30,1:30,5,0,0,KNOX CT N & 105,1,3,0,0,3,1,,,30,0,0,0,0,0,4,1,2
,2015_20341,0,0,4/20/2015 9:25,9:25,6,0,0,KNOX CT 600 BLK & 7TH AVE W,1,1,0,7,1,4,,,5,0,0,0,0,0,4,3,16
,2015_20342,0,0,11/12/2015 23:50,23:50,6,0,0,KING ST 1400 BLK N & COLFAX AVE W,1,3,0,7,1,4,,,25,0,0,0,0,0,4,2,5
,2015_20343,0,0,1/14/2015 12:50,12:50,3,0,2,LARIMER ST & 2800 BLK,1,1,0,0,1,2,,,30,0,0,0,0,3,4,2,13
,2015_20345,0,0,5/22/2015 21:00,21:00,6,0,0,LARIMER ST 1400 BLK & 14TH ST,2,3,0,1,1,4,,,20,0,0,0,0,0,4,2,16
,2015_20346,0,0,1/25/2015 2:00,2:00,12,0,0,LARIMER ST 2000 & 20TH ST,1,3,0,7,1,4,,,25,0,0,0,0,0,4,2,16
,2015_20347,0,0,3/14/2015 16:19,16:19,12,0,0,LARIMER ST 2200 BLK & 22ND ST,1,1,0,7,1,3,,,25,0,0,0,0,1,4,2,5
,2015_20348,0,0,10/10/2015 14:50,14:50,3,0,0,LOUISIANA AVE W & ZENOBIA ST,1,1,0,0,1,1,,,25,0,0,0,0,0,4,2,13
,2015_20349,0,0,1/27/2015 19:37,19:37,6,0,0,MEXICO AVE 4800 BLK E & DAHLIA ST S,1,3,0,7,1,3,,,25,0,0,0,0,0,4,2,3