id,drcog_id,latitude,longitude,crashtime,time,crashtype,numbkilled,numbinjurd,drcoglocat,rdconditin,lightngcon,roadcntgrd,weatherco,location,roaddescrp,schoolzone,constrzone,splimit,bikeinv,pedinv,sctrinv,motoinv,svrty,rdsystem,ttlvehcls,hcf
,2015_20350,0,0,1/28/2015 12:58,12:58,1,0,0,MEXICO AVE E & HARRISON ST S,1,1,0,7,1,1,,,30,0,0,0,0,1,4,2,3
,2015_20351,0,0,3/30/2015 13:00,13:00,2,0,0,MLK BLVD & DAHLIA ST N,1,1,0,0,1,1,,,15,1,0,0,0,0,4,2,13
,2015_20352,0,0,5/20/2015 11:31,11:31,5,0,0,MLK BLVD E & DAHLIA ST N,1,1,0,0,3,4,,,35,0,0,0,0,0,4,1,13
,2015_20353,0,0,4/21/2015 15:17,15:17,12,0,0,MLK BLVD E & ELIZABETH ST N,1,1,0,7,1,4,,,35,0,0,0,0,0,4,2,14
,2015_20354,0,0,2/4/2015 6:54,6:54,1,0,0,MLK BLVD E & MONACO ST N,5,1,0,2,1,1,,,35,0,0,0,0,0,4,2,16
,2015_20355,0,0,3/20/2015 8:17,8:17,3,0,1,MONACO ST S & TENNESSEE AVE E,1,1,0,7,1,1,,,35,0,0,0,0,2,4,2,16
,2015_20356,0,0,5/12/2015 20:49,20:49,15,0,0,MORRISON RD & STUART ST S,1,2,0,0,1,1,,,30,0,0,0,0,0,4,2,13
,2015_20357,0,0,6/3/2015 12:45,12:45,3,0,0,OGDEN ST S & ALAMEDA AVE E,1,1,0,7,1,1,,,25,0,0,0,0,1,4,2,1
,2015_20358,0,0,1/21/2015 13:58,13:58,5,0,0,8TH PL & 7402 BLK E,4,1,0,2,1,5,,,10,0,0,0,0,0,4,2,14
,2015_20359,0,0,1/1/2015 4:54,4:54,6,0,0,E 55TH PL & HIMALAYA RD N,4,3,0,2,1,4,,,20,0,0,0,0,0,4,2,14
,2015_20360,0,0,7/8/2015 14:20,14:20,6,0,0,29TH ST & LARIMER ST,1,1,0,7,1,4,,,25,0,0,0,0,0,4,2,16
,2015_20361,0,0,7/31/2015 1:25,1:25,6,0,0,PARIS ST & 3841 N,1,3,0,7,1,4,,,35,0,0,0,0,0,4,3,2
,2015_20362,0,0,12/18/2015 14:00,14:00,6,0,0,OSCEOLA ST & 1400 BLK N,5,1,0,0,1,4,,,,0,0,0,0,0,4,2,13
,2015_20363,0,0,5/4/2015 23:00,23:00,6,0,0,PERRY ST S & 260,1,1,0,0,1,4,,,,0,0,0,0,0,4,2,13
,2015_20364,0,0,5/5/2015 14:45,14:45,12,0,1,QUEBEC ST & 1800 BLK N,2,1,0,1,1,4,,,35,0,0,0,0,2,4,2,7
,2015_20365,0,0,10/17/2015 19:50,19:50,6,0,0,S RALEIGH ST & ARIZONA AVE W,1,4,0,7,1,4,,,25,0,0,0,0,0,4,2,1
,2015_20366,0,0,5/9/2015 2:03,2:03,3,0,0,QUEBEC ST N & MONTVIEW BLVD E,2,3,0,7,1,3,,,30,0,0,0,0,0,4,2,16
,2015_20367,0,0,8/6/2015 18:44,18:44,12,0,0,QUEBEC ST 2000 BLK N & MONTVIEW BLVD E,1,1,0,7,1,3,,,30,0,0,0,0,1,4,2,16
,2015_20368,0,0,1/14/2015 9:55,9:55,6,0,0,SHERMAN ST 2600 BLK S & GRANT ST S,6,1,1,7,1,5,,,15,0,0,0,0,0,4,2,16
,2015_20369,0,0,3/12/2015 6:30,6:30,6,0,0,18TH ST & WELTON ST,1,1,0,7,1,3,,,30,0,0,0,0,0,4,2,16
,2015_20370,0,0,1/6/2015 9:28,9:28,11,0,0,19TH ST & LARIMER ST,1,1,0,0,1,1,,,,0,1,0,0,0,4,2,3
,2015_20371,0,0,1/17/2015 1:55,1:55,15,0,0,20TH ST & 1300 BLK,1,3,0,0,1,4,,,25,0,0,0,0,0,4,2,7
,2015_20372,0,0,1/23/2015 14:49,14:49,3,0,0,20TH ST & BLAKE ST,1,1,0,0,1,1,,,30,0,0,0,0,0,4,2,13
,2015_20373,0,0,8/14/2015 15:20,15:20,12,0,0,20TH ST 1600 BLK & WAZEE ST,1,1,1,7,1,4,,,35,0,0,0,0,0,4,2,14
,2015_20374,0,0,3/25/2015 18:06,18:06,3,0,0,24TH ST & LARIMER ST,1,1,0,7,1,1,,,25,0,0,0,0,0,4,2,14
,2015_20375,0,0,3/1/2015 1:50,1:50,6,0,0,27TH ST 1200 BLK & LARIMER ST,5,3,0,7,1,4,,,30,0,0,0,0,0,4,2,14
,2015_20376,39.668622,-104.926266,2/22/2015 17:50,17:50,5,0,0,I-25 & YALE AVE E,4,2,0,2,3,4,,,65,0,0,0,0,0,1,1,5
,2015_20377,0,0,3/29/2015 18:55,18:55,6,0,0,31ST ST & CALIFORNIA ST,1,1,0,7,1,4,,,30,0,0,0,0,0,4,2,8
,2015_20378,0,0,6/30/2015 15:20,15:20,15,0,0,35TH ST & BLAKE ST,1,1,0,0,1,4,,,30,0,0,0,0,0,4,2,13
,2015_20379,0,0,2/4/2015 7:10,7:10,1,0,0,SHERIDAN BLVD S & KENYON AVE W,5,1,1,2,1,1,,,40,0,0,0,0,0,4,2,16
,2015_20380,0,0,10/15/2015 23:16,23:16,12,0,0,SHADY GROVE ST 7800 BLK & PENA CIR,1,3,0,0,1,1,,,25,0,0,0,0,0,4,2,7
,2015_20381,0,0,7/31/2015 16:00,16:00,12,0,0,SPEER BLVD E & WASHINGTON ST N,1,1,1,7,1,5,,,35,0,0,0,0,0,4,2,1
,2015_20382,0,0,1/9/2015 16:24,16:24,1,0,0,TAMARAC DR S & E GIRARD AVE,2,2,0,7,1,1,,,30,0,0,0,0,0,4,2,16
,2015_20383,0,0,7/1/2015 19:15,19:15,6,0,0,TENNYSON ST & 4300 BLK N,1,1,0,0,1,4,,,30,0,0,0,0,0,4,3,2
,2015_20384,0,0,2/3/2015 7:45,7:45,15,0,0,TENNYSON ST 1300 BLOCK S & WYOMING PL W,1,1,0,0,1,1,,,25,0,0,0,0,0,4,2,13
,2015_20385,0,0,2/6/2015 6:25,6:25,6,0,0,TUCSON WAY & 5015 BLK N,1,3,0,0,3,4,,,25,0,0,0,0,1,4,3,13
,2015_20386,0,0,3/20/2015 7:59,7:59,1,0,1,UNION AVE E & DTC BLVD S,1,1,1,7,1,1,,,35,0,0,0,0,2,4,2,16
,2015_20388,0,0,6/10/2015 7:02,7:02,12,0,0,UNIVERSITY BLVD & 100 BLK S,1,1,0,0,1,4,,,30,0,0,0,0,0,4,2,13
,2015_20389,0,0,8/15/2015 13:38,13:38,3,0,0,UNIVERSITY BLVD S & ASBURY AVE E,1,1,0,0,1,2,,,30,0,0,0,0,0,4,2,13
,2015_20390,0,0,4/10/2015 10:50,10:50,12,0,0,UNIVERSITY BLVD 1900 BLK & JEWELL AVE E,1,1,0,7,1,4,,,30,0,0,0,0,1,4,2,16
,2015_20391,0,0,5/23/2015 22:40,22:40,12,0,0,VIRGINIA AVE 1600 BLK E & FRANKLIN ST S,1,3,0,1,1,4,,,25,0,0,0,0,0,4,2,5
,2015_20392,0,0,4/4/2015 12:45,12:45,3,0,0,VIRGINIA AVE W & S HAZEL CT,1,1,1,7,1,1,,,25,0,0,0,0,0,4,2,15
,2015_20393,0,0,1/6/2015 7:20,7:20,9,0,0,YALE AVE W & MEADE ST,5,1,1,7,3,1,,,30,0,0,0,0,0,4,1,16
,2015_20394,0,0,2/18/2015 19:36,19:36,15,0,0,WELTON ST 1400 BLK & 15TH ST,2,3,0,7,1,4,,,25,0,0,0,0,0,4,2,1
,2015_20395,0,0,4/17/2015 13:54,13:54,6,0,0,WILLIAMS ST 2600 BLK S & VASSAR AVE E,1,1,0,7,1,4,,,25,0,0,0,0,0,4,2,5
,2015_20396,0,0,7/30/2015 1:52,1:52,4,0,0,WOLFF ST 600 BLK N & 7TH AVE W,1,3,0,0,1,1,,,25,0,0,0,0,0,4,1,1
,2015_20397,0,0,3/17/2015 14:00,14:00,12,0,0,YORK ST 1000 BLK N & 10TH AVE E,1,1,1,7,1,4,,,30,0,0,0,0,1,4,2,16
,2015_20398,0,0,3/12/2015 7:55,7:55,5,0,0,YOSEMITE WAY N & DAYTON ST N,1,1,0,0,2,1,,,30,0,0,0,0,0,4,1,10
,2015_20399,0,0,5/21/2015 10:40,10:40,3,0,1,ZUNI ST S & ILIFF AVE W,1,1,0,0,1,2,,,30,0,0,0,0,2,4,2,3
,2015_20400,0,0,12/17/2015 11:00,11:00,6,0,0,ZUNI ST & 3100 BLK N,2,1,1,7,1,4,,,30,0,0,0,0,0,4,2,16
,2015_20479,39.720916,-104.940629,1/16/2015 17:35,17:35,1,0,0,COLORADO BLVD N & 3RD AVE E,1,3,0,0,1,1,,,35,0,0,0,0,0,2,2,13
,2015_20523,39.67872,-104.940631,6/22/2015 13:53,13:53,12,0,0,COLORADO BLVD 200 BLK S & EVANS AVE E,1,1,0,0,1,4,,,35,0,0,0,0,0,2,3,1
,2015_20524,39.683674,-104.940414,6/22/2015 4:53,4:53,1,0,0,COLORADO BLVD 1800 BLK S & I-25 NB RAMP,1,1,0,0,1,1,,,35,0,0,0,0,0,2,2,12
,2015_20525,39.686302,-104.940548,1/29/2015 12:39,12:39,12,0,0,COLORADO BLVD 1600 BLK S & MEXICO AVE E,1,1,0,0,1,3,,,35,0,0,0,0,0,2,2,13
,2015_20526,39.696625,-104.940562,1/2/2015 9:30,9:30,12,0,0,MISSISSIPPI AVE E & COLORADO BLVD S,5,1,1,1,1,2,,,25,0,0,0,0,0,2,2,8
,2015_20527,39.67333,-104.940631,7/20/2015 15:27,15:27,3,0,0,WESLEY AVE E & COLORADO BLVD S,1,1,0,0,1,1,,,25,0,0,0,0,1,2,2,13
,2015_20529,39.779118,-104.940517,1/28/2015 13:42,13:42,3,0,0,COLORADO BLVD N & I-70,1,1,1,0,1,1,,,35,0,0,0,0,0,2,2,13
,2015_20543,39.725511,-105.033226,11/8/2015 23:00,23:00,12,0,0,6TH AVE W & KNOX CT N,1,3,0,0,1,4,,,55,0,0,0,0,0,2,2,14
,2015_20557,39.71124,-104.998918,5/2/2015 15:55,15:55,12,0,0,I-25 & ALAMEDA AVE W,1,1,0,0,1,4,,,55,0,0,0,0,1,1,2,1
,2015_20570,39.634235,-104.90683,4/21/2015 18:25,18:25,12,0,0,I-25 & I-225 FLYOVER,1,1,0,0,1,4,,,65,0,0,0,0,0,1,2,7
,2015_20571,39.653075,-104.918243,6/28/2015 0:25,0:25,15,0,0,I-25 & HAMPDEN AVE E,1,3,0,0,1,4,,,65,0,0,0,0,0,1,2,13
,2015_20572,39.653208,-104.918306,6/25/2015 9:31,9:31,12,0,0,I-25 SB EXIT RAMP & HAMPDEN AVE E,1,1,1,0,1,8,,,35,0,0,0,0,1,1,2,14
,2015_20573,39.678363,-104.933558,7/13/2015 8:55,8:55,15,0,0,I-25 & EVANS AVE E,1,1,0,0,1,4,,,65,0,0,0,0,1,1,3,1
,2015_20574,39.68492,-104.959513,4/7/2015 6:52,6:52,12,0,0,I-25 & UNIVERSITY BLVD S,1,1,1,0,1,4,,,60,0,0,0,0,0,1,2,3
,2015_20575,39.68492,-104.959513,1/9/2015 8:10,8:10,12,0,0,I-25 & UNIVERSITY BLVD S,5,1,0,2,1,8,,,55,0,0,0,0,0,1,2,13
,2015_20576,39.68818,-104.969662,6/10/2015 14:29,14:29,5,0,0,I-25 NB OFF RAMP & DOWNING ST S,1,1,0,0,3,8,,,60,0,0,0,0,0,1,1,13
,2015_20577,39.690712,-104.974715,5/28/2015 18:43,18:43,5,0,0,I-25 & EMERSON ST S,2,1,0,1,2,4,,,55,0,0,0,0,1,1,2,13
,2015_20578,39.69304,-104.97773,6/10/2015 22:00,22:00,12,0,0,I-25 & LOUISIANA AVE E,1,3,1,0,1,4,,,60,0,0,0,0,0,1,2,2
,2015_20579,39.694462,-104.979284,6/23/2015 15:42,15:42,15,0,0,I-25 & WASHINGTON ST S,1,1,0,0,1,4,,,60,0,0,0,0,0,1,2,13
,2015_20580,39.694571,-104.979406,3/26/2015 15:47,15:47,12,0,0,I-25 SB OFF RAMP & BUCHTEL BLVD,1,1,1,0,1,8,,,30,0,0,0,0,1,1,2,3
,2015_20581,39.701452,-104.987435,4/8/2015 13:26,13:26,2,0,0,I-25 & BROADWAY ST S OFFRAMP,1,1,0,0,1,1,,,35,1,0,0,0,0,1,2,13
,2015_20582,39.705994,-104.996067,5/4/2015 14:45,14:45,5,0,0,I-25 & CHEROKEE ST S (NOT IN CORIS),1,1,1,0,2,4,,,55,0,0,0,0,0,1,1,10
,2015_20583,39.707122,-104.996782,2/18/2015 23:05,23:05,12,0,0,SANTA FE DR S & I-25 SB ON RAMP (APPROX),1,3,0,0,1,4,,,35,0,0,0,0,0,1,2,13
,2015_20584,39.707122,-104.996782,5/17/2015 14:14,14:14,12,0,0,I-25 & SANTA FE DR S,1,1,1,0,1,4,,,55,0,0,0,0,1,1,3,3
,2015_20585,39.707122,-104.996782,6/15/2015 11:27,11:27,15,0,0,I-25 & SANTA FE DR S,1,1,0,0,1,4,,,55,0,0,0,0,0,1,2,13
,2015_20587,39.71124,-104.998918,2/18/2015 15:00,15:00,15,0,0,I-25 & ALAMEDA AVE W,1,1,0,0,1,4,,,55,0,0,0,0,0,1,2,13
,2015_20588,39.71124,-104.998918,8/10/2015 17:42,17:42,12,0,0,I-25 & ALAMEDA AVE W,1,1,1,0,1,4,,,55,0,0,0,0,0,1,2,13
,2015_20589,39.714394,-105.000843,2/17/2015 15:20,15:20,12,0,0,I-25 NB ON RAMP GORE PT & FROM CEDAR AVE W & KALAMATH ST,1,1,0,0,1,4,,,55,0,0,0,0,0,1,2,13
,2015_20590,39.718618,-105.005529,8/3/2015 9:36,9:36,12,0,0,I-25 & 1ST AVE,1,1,1,0,1,4,,,55,0,0,0,0,0,1,2,1
,2015_20591,39.72008,-105.007149,3/20/2015 12:46,12:46,15,0,0,I-25 & 6TH AVE W,1,1,0,0,1,4,,,55,0,0,0,0,0,1,2,3
,2015_20592,39.71124,-104.998918,7/14/2015 7:40,7:40,5,0,0,I-25 & ALAMEDA AVE W,1,1,0,0,1,4,,,55,0,0,0,0,0,1,2,14
,2015_20593,39.729334,-105.014821,2/1/2015 8:15,8:15,5,0,0,I-25 SB & 8TH AVE W,5,1,0,2,3,4,,,55,0,0,0,0,0,1,1,13
,2015_20594,39.735272,-105.014723,7/17/2015 17:15,17:15,12,0,1,I-25 & 12TH AVE,1,1,0,0,1,4,,,55,0,0,0,0,2,1,3,3
,2015_20595,39.74035,-105.013939,1/20/2015 17:32,17:32,12,0,0,I-25 & COLFAX AVE W,1,2,0,0,1,4,,,5,0,0,0,0,0,1,3,13
,2015_20597,39.725135,-105.012815,11/2/2015 1:36,1:36,5,0,0,I-25 NB OFF RAMP & 6TH AVE W,1,3,1,0,2,8,,,35,0,0,0,0,0,1,1,9
,2015_20598,39.751291,-105.016572,1/27/2015 23:01,23:01,5,0,0,I-25 NB & 23RD AVE W,1,3,0,0,3,4,,,55,0,0,0,0,0,1,1,5
,2015_20599,39.753783,-105.014572,4/18/2015 10:30,10:30,10,0,0,I-25 & SPEER BLVD NB RAMP ENT PT,1,1,0,0,1,4,,,55,0,0,0,0,0,1,2,13
,2015_20600,39.742182,-105.014789,10/16/2015 11:50,11:50,5,1,0,I-25 SB COLLECTOR ON RAMP & 4TH ST,1,1,1,0,3,8,,,40,0,0,0,1,4,1,1,13
,2015_20601,39.766241,-104.999208,4/29/2015 17:20,17:20,12,0,0,I-25 & PARK AVE WEST,1,1,0,0,1,4,,,55,0,0,0,0,0,1,3,13
,2015_20602,39.768039,-104.994788,3/30/2015 9:00,9:00,12,0,0,38TH AVE W & FOX ST N,1,1,0,0,1,3,,,30,0,0,0,0,0,1,2,13
,2015_20624,39.711096,-105.028811,5/12/2015 17:12,17:12,12,0,0,ALAMEDA AVE W & HOOKER ST S,1,1,0,0,1,3,,,35,0,0,0,0,0,2,3,14
,2015_20625,39.711091,-105.0275,2/21/2015 16:15,16:15,3,0,0,ALAMEDA AVE W & HAZEL CT S,5,1,0,2,1,1,,,35,0,0,0,0,0,2,2,1
,2015_20626,39.653088,-104.900352,4/8/2015 19:45,19:45,1,0,0,HAMPDEN AVE 7500 E & TAMARAC ST S,1,3,1,0,1,1,,,45,0,0,0,0,1,2,3,5
,2015_20627,39.65308,-104.891791,4/13/2015 18:30,18:30,12,0,0,HAMPDEN AVE E & VERBENA ST S,1,1,0,0,1,1,,,40,0,0,0,0,0,2,3,7
,2015_20628,39.653054,-104.884764,5/2/2015 13:13,13:13,12,0,0,HAMPDEN AVE E & YOSEMITE ST S,1,1,0,0,1,4,,,45,0,0,0,0,1,2,2,3
,2015_20629,39.711183,-105.01103,8/28/2015 15:22,15:22,12,0,0,ALAMEDA AVE 2000 BLK W & TEJON ST S,1,1,0,0,1,4,,,35,0,0,0,1,1,2,2,1
,2015_20655,39.740004,-104.975431,4/15/2015 23:15,23:15,6,0,0,COLFAX AVE 900 BLK E & EMERSON ST N,1,3,0,0,1,5,,,5,0,0,0,0,0,2,2,8
,2015_20662,39.740343,-105.032331,5/6/2015 14:09,14:09,12,0,0,COLFAX AVE W & KNOX CT N,1,1,1,0,1,1,,,30,0,0,0,0,1,2,3,3
,2015_20663,39.740344,-105.029905,4/23/2015 16:32,16:32,12,0,0,COLFAX AVE 3200 BLK W & IRVING ST N,1,1,0,0,1,4,,,40,0,0,0,0,0,2,2,13
,2015_20664,39.740322,-105.053272,9/14/2015 0:00,0:00,12,0,0,COLFAX AVE W & SHERIDAN BLVD,3,1,1,0,1,1,,,40,0,0,0,0,0,2,2,1
,2015_20665,39.740048,-104.999949,7/21/2015 22:53,22:53,1,0,0,KALAMATH ST N & COLFAX AVE W,1,3,0,0,1,1,,,35,0,0,0,0,0,2,3,13
,2015_20666,39.740053,-104.984901,7/17/2015 14:40,14:40,12,0,0,COLFAX AVE & SHERMAN ST,1,1,0,0,1,4,,,30,0,0,0,0,0,2,2,13
,2015_20667,39.740018,-104.980976,6/24/2015 12:35,12:35,12,0,0,COLFAX AVE & 500 BLK E,1,1,0,0,1,4,,,30,0,0,0,0,0,2,3,13
,2015_20668,39.740017,-104.980795,3/31/2015 13:25,13:25,15,0,0,COLFAX AVE 500 BLK E & PENNSYLVANIA ST N,1,1,0,0,1,4,,,25,0,0,0,0,0,2,2,13
,2015_20669,39.740148,-104.94958,6/12/2015 6:35,6:35,15,0,0,COLFAX AVE & STEELE ST N (RD N),2,1,0,1,1,4,,,30,0,0,0,0,0,2,2,7
,2015_20670,39.740056,-104.932161,4/23/2015 7:10,7:10,3,0,0,COLFAX AVE E & DAHLIA ST N,1,1,0,0,1,1,,,35,0,0,0,0,0,2,2,7
,2015_20671,39.740064,-104.926621,2/4/2015 8:08,8:08,5,0,0,COLFAX AVE 5200 BLK E & FOREST ST N,5,1,0,2,3,4,,,35,0,0,0,0,0,2,1,7
,2015_20672,39.740075,-104.916293,8/14/2015 12:20,12:20,15,0,0,COLFAX AVE E & KRAMERIA ST N,1,1,0,7,1,1,,,35,0,0,0,0,1,2,2,16
,2015_20673,39.74008,-104.898636,3/2/2015 0:27,0:27,3,0,0,COLFAX AVE E & SYRACUSE ST N,1,3,0,0,1,1,,,30,0,0,0,0,0,2,2,14
,2015_20674,39.740088,-104.886818,6/7/2015 9:40,9:40,15,0,0,COLFAX AVE 8700 BLK E & XANTHIA ST N,1,1,0,0,1,4,,,35,0,0,0,0,1,2,2,14
,2015_20678,39.740077,-104.902004,12/7/2015 13:15,13:15,6,0,0,COLFAX AVE E & QUINCE ST,1,1,0,0,1,4,,,35,0,0,0,0,0,2,3,13
,2015_20705,39.783179,-105.00734,4/3/2015 8:02,8:02,12,0,0,I-70 & PECOS ST N,2,1,1,0,1,4,,,55,0,0,0,0,0,1,3,13
,2015_20706,39.779435,-104.979009,3/19/2015 14:11,14:11,15,0,0,I-70 EB RAMPS & WASHINGTON ST N,1,1,1,0,1,1,,,35,0,0,0,0,0,1,2,13
,2015_20707,39.780014,-104.959201,2/2/2015 6:10,6:10,1,0,0,46TH AVE E & YORK ST N,2,3,0,0,1,1,,,30,0,0,0,0,0,4,2,7
,2015_20708,39.780014,-104.958958,3/27/2015 10:50,10:50,12,0,0,I-70 EB OFF RAMP & 45TH AVE E,1,1,1,0,1,8,,,20,0,0,0,0,1,1,2,7
,2015_20709,39.780016,-104.954122,4/27/2015 17:24,17:24,1,0,0,46TH AVE E & CLAYTON ST N,1,1,0,0,1,1,,,30,0,0,0,0,0,4,2,13
,2015_20710,39.780003,-104.951548,7/17/2015 21:35,21:35,5,0,0,I-70 & STEELE ST N,1,3,0,0,3,4,,,55,0,0,0,0,1,1,1,1
,2015_20711,39.779997,-104.949807,2/10/2015 13:55,13:55,15,0,0,I-70 & STEELE ST N,1,1,0,0,1,4,,,55,0,0,0,0,0,1,2,13
,2015_20712,39.7783,-104.902316,1/14/2015 10:50,10:50,15,0,0,I-70 EB ON RAMP SPLIT FROM & QUEBEC ST,1,1,0,0,1,8,,,40,0,0,0,0,1,1,2,1
,2015_20713,39.778299,-104.898841,4/14/2015 16:15,16:15,12,0,0,I-70 & NORTHFIELD N/QUEBEC ST N,1,1,0,0,1,4,,,55,0,0,0,0,0,1,2,5
,2015_20715,39.778341,-104.92238,12/16/2015 16:55,16:55,12,0,0,I-70 & HOLLY ST N,1,3,0,0,1,4,,,55,0,0,0,0,0,1,2,13
,2015_20716,39.773941,-104.846288,5/23/2015 16:52,16:52,12,0,0,I-70 & PEORIA ST N,1,1,0,0,1,4,,,55,0,0,0,0,0,1,3,13
,2015_20751,39.674737,-104.870699,2/17/2015 14:27,14:27,12,0,0,ILIFF AVE 9800 BLK E & PARKER RD S,1,1,0,0,1,3,,,35,0,0,0,0,0,2,2,13
,2015_20754,39.697882,-104.901682,4/26/2015 14:20,14:20,12,0,0,PARKER RD & 1000 BLK S,2,1,0,1,1,3,,,35,0,0,0,0,0,2,2,13
,2015_20755,39.69805,-104.902139,3/31/2015 17:25,17:25,1,0,0,PARKER RD E & QUEBEC ST S,1,1,1,0,1,2,,,40,0,0,0,0,0,2,2,7
,2015_20756,39.700274,-104.908215,4/17/2015 12:04,12:04,12,0,0,LEETSDALE DR & ONEIDA ST S,2,5,0,0,1,3,,,35,0,0,0,0,1,2,2,13
,2015_20757,39.702965,-104.912888,6/6/2015 17:45,17:45,12,0,1,LEETSDALE DR & MONACO PKWY S,1,1,1,0,1,1,,,45,0,0,0,1,2,2,3,13
,2015_20758,39.700274,-104.908215,12/16/2015 8:42,8:42,14,0,0,LEETSDALE DR & ONEIDA ST S,6,1,1,0,1,1,,,35,0,0,0,0,0,2,2,14
,2015_20759,39.703047,-104.913042,7/2/2015 8:25,8:25,12,0,0,MONACO ST S & LEETSDALE DR,1,1,1,0,1,3,,,35,0,0,0,0,0,2,2,13
,2015_20760,39.708271,-104.927604,6/8/2015 13:45,13:45,12,0,1,LEETSDALE DR 5100 BLK & FOREST ST S,1,1,0,0,1,4,,,35,0,0,0,0,2,2,2,13
,2015_20767,39.725414,-105.023982,3/2/2015 17:40,17:40,5,0,0,6TH AVE W & FEDERAL BLVD N,1,1,0,0,1,4,,,45,0,0,0,0,0,2,1,14
,2015_20768,39.685617,-104.991968,5/7/2015 13:12,13:12,12,0,0,SANTA FE DR 800 BLK S & CHEROKEE ST S,1,1,0,0,1,4,,,25,0,0,0,0,0,2,2,13
,2015_20769,39.692281,-104.992421,6/29/2015 7:57,7:57,12,0,0,SANTA FE DR 1300 BLK S & LOUISIANA AVE W,1,1,0,0,1,4,,,45,0,0,0,0,0,2,2,1
,2015_20770,39.694835,-104.992462,7/29/2015 19:06,19:06,15,0,1,SANTA FE DR S & PLATTE RIVER DR S,1,1,0,0,1,1,,,30,0,0,0,0,2,2,2,13
,2015_20771,39.696696,-104.991872,3/22/2015 23:10,23:10,3,0,1,MISSISSIPPI AVE W & PLATTE RIVER DR S,1,3,0,0,1,1,,,35,0,0,0,0,2,2,2,7
,2015_20772,39.707172,-104.996383,2/10/2015 16:20,16:20,12,0,0,SANTA FE DR & 500 BLK S,1,1,0,0,1,4,,,35,0,0,0,0,0,2,2,7
,2015_20783,39.736495,-105.025358,1/6/2015 16:02,16:02,15,0,0,FEDERAL BLVD & 1300 BLK N,2,1,1,0,1,4,,,35,0,0,0,0,0,2,2,13
,2015_20784,39.723926,-105.025146,5/21/2015 12:51,12:51,12,0,0,FEDERAL BLVD & 500 BLK N,1,1,1,0,1,4,,,30,0,0,0,0,0,2,2,5
,2015_20785,39.719287,-105.025173,3/4/2015 19:30,19:30,15,0,0,FEDERAL BLVD N & PARK PL W,1,3,0,0,1,3,,,35,0,0,0,0,0,2,2,2
,2015_20786,39.727285,-105.025127,9/9/2015 17:09,17:09,12,0,0,FEDERAL BLVD & 700 BLK N,1,1,1,0,1,4,,,35,0,0,0,0,1,2,2,13
,2015_20787,39.70041,-105.025085,4/16/2015 6:52,6:52,15,0,0,FEDERAL BLVD S & KENTUCKY AVE W,2,2,0,2,1,1,,,40,0,0,0,0,1,2,3,1
,2015_20788,39.696764,-105.025061,4/23/2015 17:50,17:50,12,0,0,MISSISSIPPI AVE W & FEDERAL BLVD S,1,1,0,0,1,3,,,35,0,0,0,0,0,2,2,7
,2015_20789,39.696764,-105.025061,5/22/2015 6:00,6:00,3,0,0,FEDERAL BLVD S & MISSISIPPI AVE W,2,1,0,1,1,1,,,35,0,0,0,0,0,2,2,13
,2015_20790,39.695579,-105.025066,8/2/2015 14:46,14:46,3,0,0,FEDERAL BLVD S & ARIZONA AVE,1,1,0,0,1,2,,,40,0,0,0,0,0,2,2,1
,2015_20791,39.696607,-105.025062,8/28/2015 18:30,18:30,3,0,0,FEDERAL BLVD & MISSISSIPPI AVE W,1,1,0,0,1,2,,,45,0,0,0,0,0,2,2,13
,2015_20792,39.685091,-105.025015,2/6/2015 15:49,15:49,11,0,1,FEDERAL BLVD S & COLORADO AVE W,1,1,0,0,1,2,,,25,0,1,0,0,2,2,2,7
,2015_20808,39.656175,-105.053223,3/16/2015 17:25,17:25,1,0,0,SHERIDAN BLVD S & DARTMOUTH AVE W,1,1,1,0,1,1,,,40,0,0,0,0,0,2,2,7
,2015_20809,39.66174,-105.053228,5/1/2015 16:33,16:33,12,0,0,SHERIDAN BLVD S & BATES AVE W,2,1,0,1,1,4,,,35,0,0,0,0,0,2,2,13
,2015_20811,39.696939,-105.053242,6/28/2015 20:25,20:25,15,0,0,SHERIDAN BLVD S & MORRISON RD,1,2,0,0,1,4,,,45,0,0,0,0,1,2,3,5
,2015_20812,39.703816,-105.053256,1/21/2015 17:00,17:00,8,0,0,SHERIDAN BLVD S & GILL PL W,5,3,1,2,1,4,,,35,0,0,0,0,0,2,4,13
,2015_20813,39.711401,-105.05326,2/5/2015 18:22,18:22,12,0,0,ALAMEDA AVE W & SHERIDAN BLVD S,1,3,0,0,1,1,,,40,0,0,0,0,0,2,2,2
,2015_20814,39.714981,-105.05329,4/3/2015 11:45,11:45,3,0,1,SHERIDAN BLVD S & BAYAUD AVE W,1,1,0,0,1,1,,,25,0,0,0,0,2,2,2,13
,2015_20815,39.718321,-105.053276,1/15/2015 15:35,15:35,15,0,0,SHERIDAN BLVD N & 1ST AVE W,1,1,1,0,1,4,,,40,0,0,0,0,0,2,2,1