id,drcog_id,latitude,longitude,crashtime,time,crashtype,numbkilled,numbinjurd,drcoglocat,rdconditin,lightngcon,roadcntgrd,weatherco,location,roaddescrp,schoolzone,constrzone,splimit,bikeinv,pedinv,sctrinv,motoinv,svrty,rdsystem,ttlvehcls,hcf
,2015_21895,0,0,4/11/2015 21:25,21:25,12,0,0,EVANS AVE W & CLAY ST S,1,3,0,7,1,4,,,25,0,0,0,0,0,4,2,16
,2015_21896,0,0,2/16/2015 7:57,7:57,15,0,0,EVANS AVE 3300 BLK E & COOK ST S,4,1,0,2,1,4,,,35,0,0,0,0,0,4,3,1
,2015_21897,0,0,7/8/2015 15:38,15:38,12,0,0,EVANS AVE E & DAHLIA ST S,1,1,0,7,1,4,,,35,0,0,0,0,0,4,2,3
,2015_21898,0,0,2/13/2015 11:40,11:40,14,0,0,GIRARD AVE 10000 BLK E & FLORENCE ST S,1,1,0,0,1,4,,,25,0,0,0,0,0,4,2,1
,2015_21899,0,0,4/24/2015 14:50,14:50,10,0,0,GILPIN ST 2200 BLK S & WARREN AVE E,1,1,1,0,1,3,,,25,0,0,0,0,0,4,2,13
,2015_21900,0,0,1/8/2015 20:00,20:00,6,0,0,GIRARD AVE & 10225 E,5,4,0,0,1,4,,,35,0,0,0,0,0,4,2,13
,2015_21901,0,0,6/9/2015 10:45,10:45,15,0,0,HAMPDEN AVE S FRONTAGE RD W (NOT CDOT) & SHERIDAN BLVD S,1,1,0,0,1,3,,,35,0,0,0,0,0,4,2,13
,2015_21902,0,0,2/4/2015 18:33,18:33,6,0,0,HARVARD AVE 900 BLK E & OGDEN ST S,1,3,0,7,1,4,,,30,0,0,0,0,1,4,3,3
,2015_21903,0,0,1/3/2015 22:30,22:30,5,0,0,HAVANA ST N & 47TH AVE E,4,3,1,2,2,4,,,35,0,0,0,0,0,4,1,5
,2015_21904,0,0,10/23/2015 20:00,20:00,12,0,0,GVR BLVD E & FLANDERS WAY N,1,3,0,0,1,1,,,25,0,0,0,0,0,4,2,5
,2015_21905,0,0,1/20/2015 7:50,7:50,15,0,0,IOWA AVE 3300 BLK W & IRVING ST S,1,1,0,0,1,3,,,35,0,0,0,0,0,4,2,7
,2015_21906,0,0,4/16/2015 13:40,13:40,3,0,1,JEWELL & DECATUR,2,1,0,1,1,1,,,25,0,0,0,0,2,4,2,16
,2015_21907,0,0,6/20/2015 8:31,8:31,12,0,0,JEWELL AVE E & HOLLY ST S,1,1,0,7,1,1,,,30,0,0,0,0,0,4,2,16
,2015_21908,0,0,6/7/2015 14:20,14:20,5,0,0,JULIAN ST S & 265,1,1,0,0,2,4,,,25,0,0,0,0,0,4,1,14
,2015_21909,0,0,11/20/2015 0:45,0:45,5,0,0,KNOX CT & 395 N,1,3,0,0,3,5,,,30,0,0,0,0,0,4,1,9
,2015_21910,0,0,2/2/2015 15:10,15:10,6,0,0,KENTUCKY AVE W & HAZEL CT S,1,1,0,7,1,4,,,25,0,0,0,0,0,4,3,5
,2015_21911,0,0,3/25/2015 18:33,18:33,6,0,0,KING ST & 1700 BLK N,1,1,1,0,1,2,,,25,0,0,0,0,0,4,2,13
,2015_21912,0,0,6/5/2015 2:25,2:25,5,0,0,KNOX CT N & 1023,2,3,0,1,2,4,,,30,0,0,0,0,0,4,1,5
,2015_21913,0,0,1/25/2015 7:00,7:00,6,0,0,KNOX CT N & 14TH AVE W,1,2,0,7,1,4,,,30,0,0,0,0,0,4,2,3
,2015_21914,0,0,5/27/2015 10:50,10:50,12,0,0,LINCOLN ST 900 BLK N & 9TH AVE,1,1,0,7,1,4,,,30,0,0,0,0,0,4,2,16
,2015_21915,0,0,1/21/2015 10:55,10:55,11,0,0,LINCOLN ST N & 18TH AVE E,2,2,1,2,1,1,,,30,0,1,0,0,1,4,2,3
,2015_21916,0,0,2/13/2015 18:16,18:16,12,0,0,LOGAN ST 700 BLK N & 8TH AVE E,1,3,0,0,1,4,,,30,0,0,0,0,0,4,2,13
,2015_21917,0,0,1/11/2015 2:53,2:53,6,0,0,LOGAN ST 100 BLK S & BAYAUD AVE E,1,3,0,7,1,4,,,30,0,0,0,0,0,4,2,14
,2015_21918,0,0,10/30/2015 19:40,19:40,6,0,0,LAFAYETTE ST & 3700 BLK N,1,3,0,7,1,4,,,25,0,0,0,0,0,4,2,5
,2015_21919,0,0,6/14/2015 19:15,19:15,9,0,1,LOWRY BLVD E & ROSEMARY ST N,1,2,0,0,1,1,,,35,0,0,0,1,3,4,1,14
,2015_21920,0,0,6/25/2015 22:14,22:14,1,0,1,MLK BLVD E & STEELE ST N,1,3,0,7,1,1,,,35,0,0,0,0,2,4,2,16
,2015_21921,0,0,7/29/2015 13:30,13:30,12,0,0,MONACO ST 100 BLK N & 1ST AVE E,1,1,0,7,1,3,,,35,0,0,0,0,0,4,2,16
,2015_21922,0,0,6/25/2015 13:58,13:58,12,0,0,MONACO ST S & ARIZONA AVE E,1,1,0,7,1,4,,,35,0,0,0,0,0,4,2,3
,2015_21923,0,0,1/2/2015 10:35,10:35,3,0,0,E OHIO AVE & LOGAN ST S,2,1,1,7,1,1,,,25,0,0,0,0,0,4,2,14
,2015_21924,0,0,5/5/2015 8:26,8:26,3,0,0,OHIO AVE E & LOGAN ST S,2,1,0,7,1,1,,,25,0,0,0,0,0,4,2,8
,2015_21925,0,0,8/8/2015 2:45,2:45,3,0,0,PARK AVE W & STOUT ST,1,3,0,7,1,1,,,30,0,0,0,0,1,4,2,5
,2015_21926,0,0,3/18/2015 1:30,1:30,3,0,0,PENNSYLVANIA ST S & EVANS AVE E,1,4,0,7,1,1,,,25,0,0,0,0,0,4,2,16
,2015_21927,0,0,6/30/2015 19:18,19:18,1,0,0,PEORIA ST & 4400 BLK N,1,1,0,0,1,2,,,35,0,0,0,0,0,4,2,13
,2015_21928,0,0,7/14/2015 16:57,16:57,1,0,0,PEORIA ST N & 39TH AVE E,1,1,0,7,1,1,,,35,0,0,0,0,0,4,2,16
,2015_21929,0,0,8/11/2015 16:20,16:20,12,0,0,PEORIA ST 3800 BLK N & 39TH AVE E,1,1,1,7,1,3,,,40,0,0,0,0,0,4,2,12
,2015_21930,0,0,5/20/2015 13:16,13:16,6,0,0,PERRY ST & 1400 BLK N,1,1,1,0,1,2,,,25,0,0,0,0,0,4,2,13
,2015_21931,0,0,2/8/2015 7:00,7:00,12,0,0,PERRY ST N & 9TH AVE W,1,1,0,7,1,4,,,35,0,0,0,0,0,4,2,16
,2015_21932,0,0,2/20/2015 18:23,18:23,3,0,1,PERRY ST N & 10TH AVE W,1,3,0,7,1,1,,,25,0,0,0,0,3,4,2,5
,2015_21933,0,0,7/30/2015 17:02,17:02,10,0,0,PLATTE ST N & 15TH ST,1,1,0,0,1,1,,,30,0,0,0,0,1,4,2,13
,2015_21934,0,0,3/12/2015 16:48,16:48,6,0,0,PONTIAC ST 2800 BLK N & 29TH AVE E,1,1,0,7,1,4,,,30,0,0,0,0,0,4,3,16
,2015_21935,0,0,5/7/2015 8:15,8:15,12,0,0,QUEBEC ST & 1300 BLK,1,1,0,0,1,4,,,30,0,0,0,0,0,4,2,13
,2015_21937,0,0,7/31/2015 17:21,17:21,3,0,0,QUEBEC ST N & 1ST AVE E,1,1,0,7,1,1,,,35,0,0,0,0,0,4,2,3
,2015_21938,0,0,7/7/2015 11:55,11:55,5,0,0,QUEBEC ST & 10TH AVE,1,1,0,0,3,4,,,30,0,0,0,0,0,4,1,13
,2015_21939,0,0,8/13/2015 18:20,18:20,12,0,0,QUEBEC ST 5500 BLK N & 56TH AVE,1,1,0,7,1,4,,,40,0,0,0,0,1,4,2,7
,2015_21941,0,0,7/28/2015 8:28,8:28,12,0,0,QUEBEC ST 100 BLK S & CEDAR PL E,1,1,0,7,1,3,,,35,0,0,0,0,0,4,4,16
,2015_21942,0,0,7/9/2015 13:49,13:49,1,0,0,QUEBEC ST S & MISSISSIPPI AVE E,1,1,0,0,1,1,,,35,0,0,0,0,1,4,2,13
,2015_21943,0,0,2/7/2015 11:08,11:08,12,0,0,QUEBEC ST N & MLK BLVD E,1,1,0,7,1,1,,,30,0,0,0,0,0,4,2,16
,2015_21944,0,0,8/1/2015 17:20,17:20,12,0,0,QUEBEC ST 3100 BLK N & MLK BLVD E,1,1,0,7,1,4,,,35,0,0,0,0,0,4,2,16
,2015_21945,0,0,3/22/2015 5:19,5:19,3,0,0,QUEBEC ST N & MONTVIEW BLVD E,1,3,0,7,1,1,,,30,0,0,0,0,0,4,2,16
,2015_21946,0,0,6/5/2015 18:50,18:50,12,0,0,QUEBEC ST 2000 BLK N & MONTVIEW BLVD E,2,1,0,1,1,4,,,30,0,0,0,0,0,4,2,3
,2015_21947,0,0,8/10/2015 20:00,20:00,5,0,0,QUITMAN ST S & 241,1,1,0,0,2,5,,,10,0,0,0,0,0,4,1,3
,2015_21948,0,0,1/9/2015 21:31,21:31,10,0,0,QUINCY AVE 6500 E & HAPPY CANYON RD E,2,3,1,0,1,4,,,35,0,0,0,0,0,4,2,4
,2015_21949,0,0,6/20/2015 17:30,17:30,10,0,0,QUINCY AVE W & ZEPHYR ST S,1,1,0,0,1,1,,,35,0,0,0,0,0,4,2,14
,2015_21950,0,0,9/18/2015 20:10,20:10,5,0,0,RALEIGH ST S & STUART WAY S,1,3,0,0,3,1,,,25,0,0,0,0,0,4,1,14
,2015_21951,0,0,7/18/2015 11:00,11:00,15,0,0,15TH ST & PLATTE ST,1,1,0,0,1,2,,,25,0,0,0,0,0,4,2,13
,2015_21952,0,0,11/10/2015 10:42,10:42,15,0,0,15TH ST & CHAMPA ST,1,1,0,0,1,1,,,35,0,0,0,0,0,4,2,13
,2015_21953,0,0,7/27/2015 8:38,8:38,2,0,1,15TH ST & WYNKOOP ST,1,1,0,0,1,1,,,30,1,0,0,0,2,4,2,3
,2015_21954,0,0,3/14/2015 16:50,16:50,2,0,0,17TH ST & LAWRENCE ST,1,1,0,0,1,1,,,30,1,0,0,0,0,4,3,13
,2015_21955,0,0,1/14/2015 8:56,8:56,11,0,0,17TH ST & MARKET ST,1,1,0,0,1,1,,,30,0,1,0,0,1,4,2,14
,2015_21956,0,0,5/31/2015 8:00,8:00,12,0,0,18TH ST 1000 BLK & ARAPAHOE ST,1,3,0,7,1,4,,,30,0,0,0,0,1,4,2,5
,2015_21957,0,0,5/27/2015 11:46,11:46,3,0,0,20TH ST & ARAPAHOE ST,1,1,0,7,1,1,,,35,0,0,0,0,0,4,2,8
,2015_21958,0,0,5/22/2015 13:30,13:30,3,0,0,22ND ST & LAWRENCE ST,1,1,0,7,1,1,,,30,0,0,0,0,1,4,2,3
,2015_21959,0,0,6/23/2015 19:20,19:20,3,0,1,22ND ST & LAWRENCE ST,1,1,0,1,1,1,,,25,0,0,0,0,3,4,2,16
,2015_21960,0,0,12/23/2015 8:27,8:27,12,0,0,20TH ST & CHESTNUT ST,1,1,1,0,1,1,,,30,0,0,0,0,0,4,2,3
,2015_21961,0,0,5/13/2015 7:55,7:55,15,0,0,38TH ST & 1800 BLK,1,1,0,0,1,4,,,30,0,0,0,0,0,4,2,7
,2015_21963,0,0,3/5/2015 9:15,9:15,15,0,0,SANTA FE DR 1000 BLK N & 10TH AVE W,2,1,0,0,1,4,,,35,0,0,0,0,0,4,2,14
,2015_21964,0,0,7/9/2015 13:45,13:45,15,0,0,SANTA FE DR 400 BLK S & ALAMEDA AVE W,1,1,0,0,1,4,,,30,0,0,0,0,0,4,2,13
,2015_21965,0,0,10/2/2015 8:15,8:15,2,0,0,30TH ST & CURTIS ST,1,1,0,0,1,4,,,25,1,0,0,0,0,4,2,13
,2015_21966,0,0,1/2/2015 14:50,14:50,15,0,0,SHERMAN ST 600 N & 7TH AVE E,2,1,1,0,1,4,,,25,0,0,0,0,0,4,2,3
,2015_21967,0,0,3/1/2015 1:41,1:41,5,0,0,SPEER BLVD N & BANNOCK ST N,5,3,0,7,1,4,,,35,0,0,0,0,0,4,1,5
,2015_21968,0,0,8/9/2015 16:34,16:34,12,0,0,SPEER BLVD 800 BLK N & BANNOCK ST N,1,1,0,7,1,3,,,35,0,0,0,0,1,4,2,16
,2015_21969,0,0,2/25/2015 9:51,9:51,11,0,1,SPEER BLVD N & CHOPPER CIR,1,1,1,0,1,1,,,,0,1,0,0,3,4,2,13
,2015_21970,0,0,5/5/2015 18:25,18:25,3,0,0,SPEER BLVD N & CHOPPER CIR,2,1,1,1,1,1,,,35,0,0,0,0,0,4,2,13
,2015_21971,0,0,6/20/2015 10:35,10:35,1,0,0,SPEER BLVD N & GROVE ST N,2,1,1,0,1,1,,,25,0,0,0,0,0,4,2,13
,2015_21972,0,0,7/16/2015 15:57,15:57,15,0,0,WALNUT ST 3000 BLK & 31ST ST,1,1,0,7,1,4,,,30,0,0,0,0,0,4,2,16
,2015_21973,0,0,1/12/2015 10:10,10:10,3,0,0,WASHINGTON ST N & 14TH AVE E,1,1,1,7,1,1,,,30,0,0,0,0,0,4,2,16
,2015_21974,0,0,10/31/2015 2:51,2:51,12,0,0,WAZEE ST 1300 BLK & SPEER BLVD N,1,3,0,0,1,1,,,25,0,0,0,0,0,4,2,14
,2015_21975,0,0,3/1/2015 11:28,11:28,10,0,0,WASHINGTON ST N & 16TH AVE E,2,1,0,0,1,1,,,25,0,0,0,0,1,4,2,13
,2015_21976,0,0,3/22/2015 12:04,12:04,3,0,0,WASHINGTON ST S & MISSISSIPPI AVE E,1,1,0,7,1,2,,,25,0,0,0,0,0,4,2,8
,2015_21977,0,0,12/30/2015 9:02,9:02,11,0,0,WELTON ST & 18TH ST,1,1,0,0,1,2,,,,0,1,0,0,1,4,2,13
,2015_21978,0,0,2/3/2015 10:45,10:45,3,0,0,WILLIAMS ST 1500 N BLK & COLFAX AVE E,1,1,0,0,1,5,,,25,0,0,0,0,0,4,2,13
,2015_21979,0,0,2/27/2015 10:10,10:10,12,0,0,YALE AVE & 5100 BLK W,5,1,1,1,1,3,,,30,0,0,0,0,0,4,2,3
,2015_21980,0,0,4/16/2015 19:21,19:21,6,0,0,YATES ST & 43 BLK N,1,3,1,2,1,4,,,25,0,0,0,0,0,4,2,13
,2015_21981,0,0,6/18/2015 14:25,14:25,12,0,0,YORK ST & 2000 BLK N,1,1,0,0,1,3,,,30,0,0,0,0,0,4,2,13
,2015_21982,0,0,4/23/2015 22:40,22:40,3,0,0,YORK ST N & 8TH AVE E,1,3,0,7,1,1,,,30,0,0,0,0,0,4,2,12
,2015_21983,0,0,5/5/2015 16:59,16:59,3,0,0,YORK ST S & ALAMEDA AVE E,2,1,1,1,1,1,,,30,0,0,0,0,0,4,2,13
,2015_21984,0,0,6/27/2015 16:37,16:37,15,0,0,YOSEMITE WAY N & LOWRY BLVD E,1,1,0,0,1,6,,,15,0,0,0,0,0,4,2,13
,2015_21985,0,0,2/27/2015 10:45,10:45,10,0,0,YOSEMITE ST S & UNION AVE E,2,1,0,0,1,1,,,35,0,0,0,0,0,4,2,2
,2015_22064,39.765639,-104.940496,7/10/2015 14:28,14:28,5,0,0,35TH AVE E & COLORADO BLVD N,1,1,0,0,2,3,,,35,0,0,0,0,1,2,1,10
,2015_22079,39.687563,-104.940549,6/30/2015 9:50,9:50,3,0,1,COLORADO BLVD S & IOWA AVE E,1,1,0,0,1,1,,,35,0,0,0,0,2,2,2,13
,2015_22080,39.73047,-104.940623,12/17/2015 8:02,8:02,5,0,0,9TH ST & COLORADO AVE,4,3,1,2,3,3,,,25,0,0,0,0,0,2,1,14
,2015_22081,39.725476,-104.940629,1/26/2015 8:56,8:56,12,0,0,COLORADO BLVD N & 6TH AVE E,1,1,0,0,1,4,,,35,0,0,0,0,0,2,2,13
,2015_22083,39.734629,-104.940618,7/1/2015 15:44,15:44,12,0,0,COLORADO BLVD 1100 BLK N & 12TH AVE E,1,1,0,0,1,3,,,30,0,0,0,0,0,2,2,13
,2015_22084,39.747509,-104.940603,1/8/2015 8:12,8:12,12,0,0,COLORADO BLVD & MONTVIEW BLVD,1,1,0,0,1,1,,,35,0,0,0,0,0,2,2,13
,2015_22085,39.761878,-104.940511,3/10/2015 12:15,12:15,15,0,0,COLORADO BLVD N & MARTIN LUTHER KING JR BLVD,1,1,0,0,1,1,,,35,0,0,0,0,0,2,2,13
,2015_22086,39.761878,-104.940511,6/9/2015 18:27,18:27,1,0,0,COLORADO BLVD N & MLK BLVD E,1,1,0,0,1,1,,,35,0,0,0,0,0,2,2,13
,2015_22087,39.774188,-104.94051,2/28/2015 14:44,14:44,12,0,0,COLORADO BLVD 4000 BLK N & 41ST AVE E,1,1,0,0,1,3,,,35,0,0,0,0,0,2,2,13
,2015_22095,39.725597,-105.043871,4/12/2015 15:12,15:12,15,0,0,6TH AVE W & TENNYSON ST N,1,1,0,0,1,4,,,55,0,0,0,1,1,2,1,13
,2015_22096,39.72542,-105.025174,4/4/2015 16:05,16:05,12,0,0,6TH AVE W & FEDERAL BLVD N,1,1,0,0,1,4,,,55,0,0,0,0,0,2,2,13
,2015_22097,39.72542,-105.025174,8/13/2015 13:03,13:03,12,0,0,6TH AVE W & FEDERAL BLVD N,1,1,1,0,1,4,,,30,0,0,0,0,1,2,2,13
,2015_22098,39.725412,-105.022985,3/31/2015 21:20,21:20,12,0,0,6TH AVE & FEDERAL BLVD N,1,3,0,0,1,4,,,55,0,0,0,0,0,2,2,13
,2015_22099,39.725188,-105.018614,5/27/2015 17:19,17:19,12,0,0,6TH AVE W & BRYANT ST N,1,1,1,0,1,4,,,45,0,0,0,0,1,2,3,13
,2015_22100,39.790815,-104.941496,1/29/2015 19:11,19:11,1,0,0,VASQUEZ BLVD 5200 BLK N & 52ND AVE E,1,3,0,0,1,1,,,40,0,0,0,0,0,2,2,13
,2015_22128,39.645274,-104.913771,6/8/2015 19:47,19:47,15,0,0,I-25 & MM 201,1,5,0,0,1,4,,,65,0,0,0,0,0,1,2,13
,2015_22129,39.65297,-104.918192,8/27/2015 19:40,19:40,15,0,0,I-25 SB ON SLIP RAMP & HAMPDEN AVE E,1,2,1,0,1,8,,,40,0,0,0,0,0,1,2,14
,2015_22130,39.678363,-104.933558,3/11/2015 7:23,7:23,15,0,0,I-25 & EVANS AVE E,1,1,0,0,1,4,,,65,0,0,0,0,0,1,2,3
,2015_22131,39.683106,-104.940515,4/4/2015 2:07,2:07,5,0,0,I-25 & COLORADO BLVD S,1,3,1,0,2,4,,,65,0,0,0,0,1,1,1,14
,2015_22132,39.684918,-104.950446,6/17/2015 16:25,16:25,15,0,0,I-25 & STEELE ST S,1,1,0,0,1,4,,,60,0,0,0,0,0,1,2,1
,2015_22133,39.703248,-104.990353,1/14/2015 16:30,16:30,15,0,0,I-25 & BROADWAY S,1,1,0,0,1,4,,,55,0,0,0,0,0,1,2,13
,2015_22134,39.696936,-104.982126,6/3/2015 13:49,13:49,12,0,0,I-25 & LOGAN ST S,1,1,1,0,1,4,,,60,0,0,0,0,0,1,3,3
,2015_22135,39.698464,-104.983868,6/1/2015 8:21,8:21,15,0,1,I-25 & GRANT ST S (NOT IN TCORIS),1,1,1,0,1,4,,,60,0,0,0,0,3,1,2,3
,2015_22136,39.701452,-104.987435,5/14/2015 7:05,7:05,15,0,0,I-25 & BROADWAY S,1,1,1,0,1,4,,,55,0,0,0,0,0,1,2,1
,2015_22137,39.701452,-104.987435,7/31/2015 11:36,11:36,12,0,0,I25 NB & BROADWAY ST S,1,1,1,0,1,4,,,55,0,0,0,0,0,1,4,3
,2015_22138,39.701452,-104.987435,3/17/2015 12:40,12:40,10,0,0,BROADWAY S & KENTUCKY AVE W,1,1,0,0,1,1,,,35,0,0,0,0,0,1,2,13
,2015_22139,39.711035,-104.998796,5/6/2015 11:50,11:50,5,0,0,I-25 & SANTA FE DR S SB RAMP ENT PT,1,1,0,0,3,4,,,60,0,0,0,0,0,1,1,13
,2015_22140,39.71124,-104.998918,7/18/2015 14:00,14:00,12,0,0,I-25 & ALAMEDA AVE W,1,1,0,0,1,4,,,55,0,0,0,0,0,1,2,1
,2015_22141,39.711721,-104.999203,1/9/2015 18:02,18:02,12,0,0,I-25 & MM 208,2,4,0,0,1,4,,,55,0,0,0,0,0,1,2,12
,2015_22142,39.709874,-104.998115,10/16/2015 18:55,18:55,12,0,0,I-25 NB ON FLYOVER RAMP & SANTA FE DR S,1,3,0,0,1,8,,,55,0,0,0,0,0,1,2,1
,2015_22143,39.712796,-104.999842,2/7/2015 18:40,18:40,12,0,0,I-25 & ALAMEDA AVE W,1,3,1,0,1,4,,,55,0,0,0,0,0,1,2,1
,2015_22144,39.72543,-105.013021,5/6/2015 11:00,11:00,12,0,0,I-25 & 6TH AVE W,1,1,0,0,1,4,,,55,0,0,0,0,0,1,2,13
,2015_22145,39.726925,-105.013916,11/26/2015 7:26,7:26,5,0,0,I-25 & 6TH AVE,5,1,0,2,2,4,,,55,0,0,0,0,0,1,1,3
,2015_22146,39.728854,-105.014648,2/8/2015 3:40,3:40,15,0,0,I-25 & 8TH AVE W,1,3,0,0,1,4,,,55,0,0,0,0,0,1,2,14
,2015_22147,39.760997,-105.004275,6/18/2015 17:22,17:22,12,0,0,I-25 & 20TH ST,1,1,1,0,1,4,,,55,0,0,0,0,1,1,2,13
,2015_22148,39.760997,-105.004275,7/14/2015 7:00,7:00,12,0,0,I-25 & 20TH ST,1,1,0,0,1,4,,,55,0,0,0,0,0,1,2,13
,2015_22149,39.783989,-104.989144,5/22/2015 17:41,17:41,6,0,3,I-25 & 48TH AVE W,1,1,0,0,1,4,,,55,0,0,0,0,3,1,2,12
,2015_22168,39.711077,-105.025062,3/24/2015 7:52,7:52,15,0,0,ALAMEDA AVE W & FEDERAL BLVD S,1,1,0,0,1,1,,,35,0,0,0,0,0,2,2,13
,2015_22169,39.711183,-105.01103,1/21/2015 7:44,7:44,1,0,0,ALAMEDA AVE W & TEJON ST S,2,1,0,2,1,1,,,30,0,0,0,0,0,2,2,7
,2015_22171,39.670857,-104.866047,6/13/2015 12:53,12:53,12,0,0,HAVANA ST S & PARKER RD S,1,1,0,0,1,3,,,45,0,0,0,0,1,2,2,13
,2015_22180,39.781956,-104.901624,5/5/2015 17:38,17:38,3,0,0,QUEBEC ST N & SAND CREEK RD N,1,1,0,1,1,1,,,35,0,0,0,0,0,2,2,13
,2015_22181,39.793501,-104.903378,3/17/2015 17:36,17:36,1,1,2,QUEBEC ST N & 53RD PL E,1,1,0,0,1,1,,,40,0,0,0,0,4,2,2,3
,2015_22199,39.740322,-105.053272,3/1/2015 20:38,20:38,12,0,0,COLFAX AVE W & SHERIDAN BLVD N,1,3,1,0,1,1,,,35,0,0,0,0,0,2,2,1
,2015_22201,39.740344,-105.047492,2/23/2015 9:40,9:40,11,0,1,COLFAX AVE 4700 BLK W & WINONA CT,6,1,0,0,3,4,,,30,0,1,0,0,2,2,3,14
,2015_22202,39.740335,-105.044015,5/4/2015 8:09,8:09,15,0,0,TENNYSON ST 1500 BLK N & COLFAX AVE W,1,1,0,0,1,4,,,30,0,0,0,0,0,2,2,14
,2015_22203,39.740341,-105.038536,3/23/2015 12:06,12:06,12,0,0,COLFAX AVE & 3900 BLK W  (MM APPROX),1,1,1,0,1,4,,,30,0,0,0,0,0,2,2,13
,2015_22204,39.740306,-105.014081,4/22/2015 6:31,6:31,12,0,0,COLFAX AVE W & I-25 UNDERPASS,1,1,0,0,1,4,,,35,0,0,0,0,0,2,2,14
,2015_22205,39.740013,-104.995597,5/15/2015 14:45,14:45,1,0,0,12TH ST & COLFAX AVE W,1,1,0,0,1,1,,,30,0,0,0,0,1,2,2,14
,2015_22206,39.739999,-104.990376,7/17/2015 18:07,18:07,15,0,0,COLFAX AVE W & 14TH ST,1,1,0,0,1,1,,,30,0,0,0,0,0,2,2,13
,2015_22207,39.740003,-104.967211,2/21/2015 12:45,12:45,3,0,0,GILPIN ST N & COLFAX AVE E,2,1,0,2,1,1,,,25,0,0,0,0,1,2,2,13
,2015_22208,39.739996,-104.96569,5/23/2015 2:40,2:40,6,0,0,COLFAX AVE 1800 E & WILLIAMS ST N,1,3,0,0,1,4,,,30,0,0,0,0,1,2,2,5
,2015_22209,39.739974,-104.961015,3/11/2015 18:45,18:45,14,0,0,GAYLORD ST 1500 BLK N & COLFAX AVE E,1,1,1,0,1,4,,,30,0,0,0,0,0,2,2,1
,2015_22210,39.739983,-104.959843,7/29/2015 14:00,14:00,12,0,0,COLFAX AVE E & YORK ST,1,1,0,0,1,1,,,30,0,0,0,0,0,2,2,13
,2015_22226,39.78422,-105.024718,4/8/2015 12:09,12:09,12,0,0,I-70 WB OFF RAMP & FEDERAL BLVD N,1,1,0,0,1,8,,,45,0,0,0,0,0,1,2,14
,2015_22227,39.783138,-105.006328,1/23/2015 10:32,10:32,15,0,0,I-70 & PECOS ST N,1,1,0,0,1,4,,,55,0,0,0,0,0,1,2,1
,2015_22230,39.782164,-104.997589,11/20/2015 20:06,20:06,5,0,0,I-70 & MM 273,9,3,1,2,3,4,,,55,0,0,0,0,1,1,2,16
,2015_22231,39.779895,-104.967089,3/8/2015 20:30,20:30,15,0,0,I-70 & BRIGHTON BLVD N,1,5,0,0,1,4,,,55,0,0,0,0,0,1,2,14
,2015_22232,39.780014,-104.959201,6/19/2015 15:25,15:25,12,0,0,I-70 & YORK ST N,1,1,0,0,1,4,,,55,0,0,0,0,0,1,2,13
,2015_22233,39.780012,-104.952577,4/30/2015 7:59,7:59,15,0,0,I-70 & STEELE ST OFF RAMP,1,1,0,0,1,4,,,55,0,0,0,0,0,1,2,13
,2015_22234,39.779944,-104.940633,3/26/2015 8:58,8:58,12,0,0,I-70 & COLORADO BLVD N,1,1,0,0,1,4,,,55,0,0,0,0,0,1,3,3
,2015_22235,39.778341,-104.92238,1/29/2015 9:23,9:23,15,0,0,I-70 WB & HOLLY ST N,1,1,0,0,1,4,,,55,0,0,0,0,0,1,3,13
,2015_22237,39.778299,-104.898841,3/7/2015 18:22,18:22,9,0,0,I-70 EB OFF RAMP & CENTRAL PARK BLVD N,1,3,0,0,3,8,,,55,0,0,0,1,0,1,1,14
,2015_22238,39.778271,-104.89681,5/18/2015 9:13,9:13,12,0,0,I-70 & I-270,1,1,0,1,1,4,,,55,0,0,0,0,0,1,2,13
,2015_22239,39.777095,-104.882471,2/9/2015 8:27,8:27,12,0,0,I-70 & CENTRAL PARK BLVD N,1,1,0,0,1,4,,,55,0,0,0,0,0,1,2,13
,2015_22240,39.777095,-104.882471,5/23/2015 19:42,19:42,1,0,0,CENTRAL PARK BLVD N & I-70 WB RAMPS,1,2,0,0,1,1,,,35,0,0,0,0,1,1,2,14
,2015_22241,39.775623,-104.865778,7/30/2015 21:30,21:30,12,0,0,I-70 & N HAVANA ST,1,3,0,7,1,4,,,45,0,0,0,0,0,1,2,16
,2015_22242,39.774789,-104.85611,1/14/2015 8:05,8:05,12,0,0,I-70 & PEORIA ST N,1,1,0,0,1,4,,,55,0,0,0,0,1,1,3,3
,2015_22244,39.774005,-104.847034,1/8/2015 9:25,9:25,12,0,0,I-70 EB OFF RAMP & PEORIA ST N,1,1,0,0,1,8,,,25,0,0,0,0,0,1,2,13
,2015_22245,39.774005,-104.847034,5/24/2015 8:27,8:27,3,0,1,I-70 EB RAMPS & PEORIA ST N,1,1,0,0,1,1,,,35,0,0,0,0,2,1,2,5
,2015_22246,39.77386,-104.845348,7/16/2015 15:16,15:16,12,0,1,I-70 & PEORIA ST N,1,1,0,0,1,4,,,55,0,0,0,0,2,1,3,13
,2015_22272,39.673585,-104.86929,6/11/2015 8:00,8:00,12,0,0,PARKER RD 2300 BLK S & ILIFF AVE E,1,1,1,0,1,4,,,45,0,0,0,0,0,2,2,13
,2015_22279,39.702965,-104.912888,4/8/2015 17:48,17:48,12,0,0,MONACO ST S & LEETSDALE DR,1,1,1,0,1,1,,,30,0,0,0,0,1,2,2,3