id,drcog_id,latitude,longitude,crashtime,time,crashtype,numbkilled,numbinjurd,drcoglocat,rdconditin,lightngcon,roadcntgrd,weatherco,location,roaddescrp,schoolzone,constrzone,splimit,bikeinv,pedinv,sctrinv,motoinv,svrty,rdsystem,ttlvehcls,hcf
,2015_22280,39.702965,-104.912888,4/22/2015 7:00,7:00,12,0,0,LEETSDALE DR 6500 BLK & MONACO PKWY,1,1,0,0,1,3,,,35,0,0,0,0,0,2,2,13
,2015_22281,39.707347,-104.922286,3/3/2015 9:05,9:05,3,0,0,LEETSDALE DR & HOLLY ST S,2,1,0,0,1,1,,,35,0,0,0,0,0,2,2,13
,2015_22290,39.698974,-104.991906,5/25/2015 12:57,12:57,15,0,0,PLATTE RIVER DR S & TENNESSEE AVE W,1,1,0,0,1,4,,,45,0,0,0,0,0,2,1,1
,2015_22298,39.738128,-105.025277,2/7/2015 15:45,15:45,12,0,0,FEDERAL BLVD N & 14TH AVE W,1,1,0,0,1,4,,,35,0,0,0,0,0,2,2,3
,2015_22299,39.732118,-105.025182,7/14/2015 14:08,14:08,15,0,0,FEDERAL BLVD & 900 BLK N,1,1,1,0,1,4,,,35,0,0,0,0,0,2,2,13
,2015_22300,39.727969,-105.025138,1/26/2015 21:05,21:05,15,0,0,FEDERAL BLVD & 7TH AVE W,1,3,0,0,1,4,,,35,0,0,0,0,0,2,2,8
,2015_22301,39.727529,-105.025127,4/27/2015 14:23,14:23,3,0,0,FEDERAL BLVD N & 7TH AVE W,1,1,0,0,1,1,,,35,0,0,0,0,1,2,2,13
,2015_22303,39.725983,-105.025128,6/8/2015 8:13,8:13,15,0,0,6TH AVE WB OFF RAMP & FEDERAL BLVD N,1,1,0,0,1,1,,,35,0,0,0,0,0,2,2,14
,2015_22304,39.718414,-105.025155,6/10/2015 14:24,14:24,3,0,0,FEDERAL BLVD N & 1ST AVE W,1,1,0,0,1,1,,,35,0,0,0,0,1,2,2,13
,2015_22305,39.705637,-105.025084,2/17/2015 11:05,11:05,12,0,0,FEDERAL BLVD S & CENTER AVE W,1,1,1,0,1,4,,,40,0,0,0,0,0,2,2,3
,2015_22307,39.703863,-105.025084,11/5/2015 6:05,6:05,11,0,1,FEDERAL BLVD S & EXPOSITION AVE W,2,2,0,1,1,1,,,35,0,1,0,0,3,2,2,14
,2015_22308,39.725742,-105.025124,9/8/2015 17:55,17:55,12,0,0,FEDERAL BLVD N & 6TH AVE W,1,1,0,0,1,3,,,40,0,0,0,0,0,2,2,1
,2015_22310,39.682271,-105.025016,6/12/2015 22:36,22:36,12,0,0,FEDERAL BLVD S & JEWELL AVE W,1,3,0,0,1,1,,,40,0,0,0,0,1,2,2,13
,2015_22311,39.678616,-105.025049,3/21/2015 10:02,10:02,12,0,0,FEDERAL BLVD 2100 BLK S & EVANS AVE W,1,1,0,0,1,4,,,40,0,0,0,0,0,2,2,13
,2015_22312,39.660489,-105.025191,4/19/2015 0:30,0:30,5,0,0,FEDERAL BLVD S & DARTMOUTH AVE W,1,3,0,0,2,1,,,40,0,0,0,0,1,2,1,10
,2015_22314,39.657431,-105.025268,8/1/2015 6:57,6:57,5,0,0,FEDERAL BLVD S & FLOYD AVE W,1,1,1,0,3,1,,,40,0,0,0,0,0,2,1,7
,2015_22315,39.698627,-105.025068,11/29/2015 17:25,17:25,15,0,0,FEDERAL BLVD S & TENNESSEE AVE W,4,3,0,2,1,1,,,35,0,0,0,0,0,2,3,13
,2015_22328,39.654198,-105.053122,7/5/2015 16:40,16:40,12,0,0,SHERIDAN BLVD S & HAMPDEN AVE W,1,1,0,0,1,4,,,40,0,0,0,0,0,2,2,7
,2015_22329,39.656458,-105.053223,5/27/2015 17:58,17:58,15,0,0,SHERIDAN BLVD S & DARTMOUTH AVE W,1,1,0,0,1,4,,,40,0,0,0,1,0,2,3,1
,2015_22330,39.676479,-105.053259,6/25/2015 14:51,14:51,3,0,0,SHERIDAN BLVD S & HARVEY PL W,1,1,0,0,1,1,,,25,0,0,0,0,0,2,2,13
,2015_22331,39.785617,-104.966696,8/8/2015 23:12,23:12,5,0,0,BRIGHTON BLVD N & RACE ST N,1,3,0,0,3,4,,,35,0,0,0,0,0,2,1,5
,2015_22335,39.725746,-105.053134,7/31/2015 17:30,17:30,12,0,0,SHERIDAN BLVD N & 6TH AVE W,1,1,1,0,1,4,,,30,0,0,0,0,1,2,2,7
,2015_22338,39.765789,-105.053248,3/20/2015 22:00,22:00,12,0,0,35TH AVE W & SHERIDAN BLVD N,1,3,1,0,1,1,,,25,0,0,0,0,0,2,2,14
,2015_22339,39.781809,-105.053254,6/27/2015 0:46,0:46,1,0,0,SHERIDAN BLVD N & 48TH AVE W,1,3,0,0,1,1,,,35,0,0,0,0,0,2,2,13
,2015_22340,39.783855,-105.053278,2/21/2015 18:50,18:50,1,0,0,SHERIDAN BLVD N & 48TH AVE W,5,3,0,2,1,1,,,35,0,0,0,0,0,2,2,13
,2015_22369,39.634616,-104.899542,7/30/2015 6:24,6:24,15,0,0,I-225 & ROSEMARY ST S OFFSET REF,1,1,0,0,1,4,,,55,0,0,0,0,0,1,2,13
,2015_22370,39.635523,-104.89346,4/30/2015 13:48,13:48,15,0,0,I-225 & TAMARAC ST S,1,1,0,0,1,4,,,55,0,0,0,0,0,1,2,5
,2015_22371,39.635523,-104.89346,6/1/2015 17:25,17:25,15,0,0,I-225 & DTC BLVD,1,1,0,0,1,4,,,55,0,0,0,0,0,1,2,14
,2015_22372,39.635523,-104.89346,3/11/2015 10:40,10:40,12,0,0,TAMARAC ST & I-225 SB RAMPS,1,1,0,0,1,1,,,35,0,0,0,0,1,1,2,13
,2015_22373,39.635523,-104.89346,3/25/2015 6:35,6:35,1,0,0,TAMARAC ST S & I-225 SB RAMPS,2,3,0,1,1,1,,,30,0,0,0,0,0,1,2,13
,2015_22386,39.777033,-104.892486,9/12/2015 17:16,17:16,5,0,0,I-270 & UINTA ST (NOT IN CORI,1,5,0,0,2,4,,,55,0,0,0,0,0,1,1,5
,2015_22390,39.653151,-105.054105,2/16/2015 17:15,17:15,5,0,0,HAMPDEN AVE W & SHERIDAN BLVD S,5,1,1,2,3,4,,,55,0,0,0,0,0,2,1,7
,2015_22392,39.652978,-104.919053,7/2/2015 16:45,16:45,15,0,0,HAMPDEN AVE E & I-25 SB RAMPS,1,1,0,0,1,3,,,35,0,0,0,0,0,2,2,13
,2015_22393,39.749952,-105.025145,6/25/2015 16:57,16:57,6,0,0,FEDERAL BLVD & 2200 BLK N,1,1,1,0,1,4,,,35,0,0,0,0,0,2,2,13
,2015_22394,39.761982,-105.025164,3/17/2015 8:36,8:36,12,0,0,FEDERAL BLVD & 32ND AVE W,1,1,0,0,1,4,,,35,0,0,0,0,0,2,2,14
,2015_22395,39.762119,-105.025168,6/30/2015 11:12,11:12,12,0,0,FEDERAL BLVD N 3200 BLK N & 32ND AVE W,1,1,0,0,1,4,,,35,0,0,0,0,0,2,2,13
,2015_22396,39.765544,-105.025174,4/24/2015 18:23,18:23,3,0,0,35TH AVE W & FEDERAL BLVD N,1,1,0,0,1,1,,,35,0,0,0,0,0,2,2,13
,2015_22397,39.787435,-105.025221,6/3/2015 18:00,18:00,3,0,0,FEDERAL BLVD N & REGIS BLVD W,2,1,0,1,1,1,,,35,0,0,0,0,1,2,3,9
,2015_22398,39.789228,-105.025203,1/10/2015 15:49,15:49,15,0,0,FEDERAL BLVD N & 51ST AVE W,1,1,0,0,1,1,,,35,0,0,0,0,0,2,2,13
,2015_22461,0,0,3/28/2015 7:11,7:11,5,0,0,BROADWAY ST 2500 BLK S & YALE AVE E,1,1,0,0,3,4,,,35,0,0,0,0,0,4,1,13
,2015_22512,0,0,3/29/2015 12:13,12:13,6,0,0,12TH AVE & 2600 BLK E ALLEY WAY,1,1,0,7,1,5,,,15,0,0,0,0,0,4,2,16
,2015_22548,0,0,1/16/2015 16:30,16:30,6,0,0,HURON ST 2900 BLK N & 29TH ST,1,3,0,7,1,4,,,25,0,0,0,0,0,4,2,5
,2015_22571,0,0,2/23/2015 12:54,12:54,12,0,1,LOWRY BLVD 9100 BLK E & GOLFERS WAY N,6,1,0,7,1,4,,,35,0,0,0,0,3,4,2,16
,2015_22588,0,0,8/8/2015 16:50,16:50,12,0,0,6TH AVE 1900 BLK E & RACE ST N,1,1,0,7,1,1,,,30,0,0,0,0,1,4,2,16
,2015_22589,0,0,4/18/2015 17:59,17:59,3,0,1,8TH AVE E & BROADWAY N,1,1,0,7,1,1,,,30,0,0,0,0,2,4,2,8
,2015_22590,0,0,9/5/2015 16:30,16:30,3,0,0,6TH AVE 3100 BLK E & ST PAUL ST N,1,1,0,0,1,1,,,25,0,0,0,0,0,4,2,13
,2015_22591,0,0,5/1/2015 7:34,7:34,12,0,0,8TH AVE 900 BLK W & SANTA FE DR N,1,1,0,7,1,4,,,35,0,0,0,0,0,4,3,14
,2015_22592,0,0,1/18/2015 2:45,2:45,3,0,4,8TH AVE W & SPEER BLVD N,1,3,1,0,1,1,,,35,0,0,0,0,3,4,2,5
,2015_22593,0,0,3/19/2015 7:55,7:55,1,0,0,12TH AVE W & INCA ST N,2,1,0,1,1,1,,,30,0,0,0,0,0,4,2,13
,2015_22594,0,0,9/16/2015 7:40,7:40,2,0,0,8TH AVE W & SPEER BLVD N,1,1,0,0,1,1,,,35,1,0,0,0,1,4,2,14
,2015_22595,0,0,8/19/2015 18:20,18:20,3,0,0,8TH AVE E & DOWNING ST N,1,1,0,0,1,2,,,15,0,0,0,0,0,4,2,3
,2015_22596,0,0,3/18/2015 12:58,12:58,3,0,0,11TH AVE & BANOCK ST N,1,1,0,7,1,5,,,10,0,0,0,0,0,4,2,7
,2015_22597,0,0,2/24/2015 19:30,19:30,12,0,0,11TH AVE E & LINCOLN ST N,1,4,0,7,1,3,,,30,0,0,0,0,0,4,2,16
,2015_22598,0,0,5/1/2015 23:00,23:00,6,0,0,11TH AVE W & SPEER BLVD N,1,3,0,7,1,4,,,35,0,0,0,0,0,4,2,16
,2015_22599,0,0,10/14/2015 18:55,18:55,5,0,2,9TH AVE W & LINLEY CT N,1,2,0,0,1,1,,,25,0,0,0,0,2,4,1,13
,2015_22600,0,0,3/25/2015 13:02,13:02,3,0,0,12TH AVE 3100 BLK E & ST PAUL ST N,1,1,0,7,1,1,,,30,0,0,0,0,0,4,2,16
,2015_22601,0,0,4/9/2015 12:13,12:13,6,0,0,12TH AVE 200 BLK E & SHERMAN ST N,1,1,0,7,1,4,,,30,0,0,0,0,0,4,2,16
,2015_22602,0,0,6/24/2015 17:50,17:50,10,0,0,13TH AVE E & CHERRY ST N,1,2,0,1,1,1,,,30,0,0,0,0,0,4,2,8
,2015_22603,0,0,4/25/2015 14:00,14:00,12,0,0,13TH AVE 1600 BLK E & FRANKLIN ST,1,5,0,7,1,3,,,30,0,0,0,0,0,4,2,16
,2015_22604,0,0,8/9/2015 19:15,19:15,3,0,0,13TH AVE W & KALAMATH ST N,1,1,0,7,1,1,,,30,0,0,0,0,0,4,2,12
,2015_22605,0,0,6/12/2015 11:58,11:58,12,0,0,13TH AVE 6100 E & KRAMERIA ST N,1,1,0,7,1,1,,,,0,0,0,0,0,4,2,7
,2015_22606,0,0,8/10/2015 9:18,9:18,6,0,0,13TH AVE W & MARIPOSA ST N,1,1,0,7,1,4,,,30,0,0,0,0,0,4,4,7
,2015_22607,0,0,8/10/2015 15:40,15:40,12,0,0,13TH AVE E & MONACO ST N,1,1,0,7,1,1,,,35,0,0,0,0,0,4,3,16
,2015_22608,0,0,2/24/2015 17:42,17:42,12,0,0,17TH AVE E & FILLMORE ST N,1,3,0,7,1,1,,,30,0,0,0,0,0,4,2,16
,2015_22609,0,0,7/10/2015 17:40,17:40,2,0,0,17TH AVE W & IRVING ST N,1,1,1,0,1,1,,,30,1,0,0,0,0,4,2,13
,2015_22610,0,0,7/10/2015 11:25,11:25,12,0,0,17TH AVE E & QUEBEC ST N,1,1,0,7,1,1,,,30,0,0,0,0,0,4,2,16
,2015_22611,0,0,1/22/2015 16:47,16:47,3,0,0,17TH AVE E & VINE ST N,1,3,0,7,1,1,,,25,0,0,0,0,0,4,2,16
,2015_22612,0,0,3/8/2015 20:55,20:55,15,0,0,17TH AVE 600 BLK E & WASHINGTON ST N,1,3,0,7,1,4,,,25,0,0,0,0,0,4,2,16
,2015_22613,0,0,2/5/2015 16:55,16:55,3,0,0,20TH AVE E & SHERMAN ST N,1,2,0,7,1,1,,,30,0,0,0,0,0,4,2,14
,2015_22614,0,0,7/20/2015 16:40,16:40,15,0,0,22ND AVE E & LAFAYETTE ST N,1,1,0,0,1,4,,,25,0,0,0,0,0,4,2,13
,2015_22615,0,0,3/25/2015 16:32,16:32,6,0,0,35TH AVE W & TEJON ST N,1,1,0,7,1,1,,,30,0,0,0,0,0,4,2,14
,2015_22616,0,0,1/26/2015 8:10,8:10,3,0,0,33RD AVE E & WILLIAMS ST N,1,1,0,0,1,1,,,30,0,0,0,0,0,4,2,1
,2015_22617,0,0,6/14/2015 1:49,1:49,6,0,0,35TH AVE E & ST PAUL ST N,1,4,0,7,1,4,,,25,0,0,0,0,0,4,2,5
,2015_22618,0,0,8/2/2015 12:32,12:32,3,0,1,35TH AVE E & PONTIAC ST N,1,1,0,7,1,1,,,25,0,0,0,0,2,4,2,1
,2015_22619,0,0,2/2/2015 17:17,17:17,5,0,1,PENA BLVD & 7550,1,1,0,0,3,4,,,65,0,0,0,0,2,4,1,10
,2015_22620,0,0,8/1/2015 0:55,0:55,6,0,0,WOLFF ST & 1800 BLK S,1,3,0,7,1,4,,,25,0,0,0,0,0,4,2,16
,2015_22621,0,0,3/5/2015 16:15,16:15,6,0,0,44TH AVE 2100 BLK W & UMATILLA ST N,2,1,0,7,1,4,,,25,0,0,0,0,0,4,2,5
,2015_22622,0,0,5/21/2015 15:41,15:41,3,0,0,45TH AVE E & JOSEPHINE ST N,1,1,0,0,1,1,,,25,0,0,0,0,0,4,2,8
,2015_22623,0,0,3/16/2015 10:45,10:45,12,0,0,45TH AVE E & PEORIA ST N,1,1,1,7,1,2,,,25,0,0,0,0,0,4,2,3
,2015_22624,0,0,7/21/2015 15:21,15:21,5,0,0,45TH AVE W & VALLEJO ST N,1,1,0,0,3,4,,,20,0,0,0,0,0,4,1,7
,2015_22625,0,0,3/1/2015 2:00,2:00,5,0,0,46TH AVE & 12925 BLK E,1,3,0,0,3,4,,,25,0,0,0,0,0,4,1,14
,2015_22626,0,0,1/3/2015 16:16,16:16,12,0,0,48TH AVE W & N OSAGE ST,4,2,1,2,1,2,,,30,0,0,0,0,0,4,2,16
,2015_22627,0,0,1/26/2015 7:20,7:20,12,0,0,51ST AVE E & CROWN BLVD N,1,1,0,7,1,1,,,35,0,0,0,0,0,4,2,16
,2015_22628,0,0,5/27/2015 9:30,9:30,3,0,0,51ST AVE E & PEORIA ST N,1,1,0,0,1,2,,,25,0,0,0,0,0,4,2,13
,2015_22629,0,0,2/17/2015 6:30,6:30,6,0,0,52ND AVE E & ELKHART ST N,5,3,0,2,1,4,,,35,0,0,0,0,0,4,3,16
,2015_22630,0,0,4/13/2015 8:10,8:10,12,0,0,56TH AVE E & PENA BLVD,1,1,0,7,1,4,,,40,0,0,0,0,0,4,3,16
,2015_22631,0,0,8/28/2015 9:15,9:15,12,0,0,47TH AVE 11500 BLK E & NOME ST N,1,1,0,0,1,2,,,35,0,0,0,0,0,4,2,13
,2015_22632,0,0,2/17/2015 22:05,22:05,12,0,1,78TH AVE E AT JACKSON GAP & JACKSON GAP,1,3,0,7,1,1,,,45,0,0,0,0,2,4,2,7
,2015_22633,0,0,5/27/2015 16:26,16:26,1,0,0,ALAMEDA AVE E & DAYTON ST S,1,1,0,7,1,1,,,40,0,0,0,0,1,4,2,16
,2015_22634,0,0,3/9/2015 11:43,11:43,15,0,0,ALAMEDA AVE E & GRANT ST S,1,1,0,7,1,1,,,35,0,0,0,0,0,4,2,16
,2015_22635,0,0,1/19/2015 14:49,14:49,3,0,0,ALAMEDA AVE E & HOLLY ST S,1,1,0,7,1,1,,,35,0,0,0,0,0,4,2,16
,2015_22636,0,0,6/25/2015 16:46,16:46,12,0,0,ALAMEDA AVE 900 BLK E & OGDEN ST S,1,1,0,7,1,4,,,30,0,0,0,0,0,4,3,16
,2015_22637,0,0,4/2/2015 19:53,19:53,1,0,0,ALAMEDA AVE E & QUEBEC ST S,2,3,0,2,1,1,,,45,0,0,0,0,0,4,2,3
,2015_22638,0,0,6/9/2015 13:00,13:00,12,0,0,BROADWAY ST 100 BLK N & 2ND AVE W,1,1,0,0,1,3,,,35,0,0,0,0,1,4,2,13
,2015_22639,0,0,1/11/2015 12:00,12:00,12,0,0,BROADWAY ST 1300 BLK N & 13TH AVE E,1,1,0,7,1,4,,,35,0,0,0,0,0,4,2,4
,2015_22640,0,0,7/23/2015 7:48,7:48,15,0,0,BROADWAY ST 1600 BLK N & 16TH AVE,1,1,0,7,1,4,,,30,0,0,0,0,0,4,2,16
,2015_22641,0,0,4/16/2015 17:04,17:04,12,0,0,BROADWAY ST 1600 BLK N & COLFAX AVE W,2,1,0,2,1,4,,,35,0,0,0,0,0,4,2,14
,2015_22642,0,0,4/24/2015 19:47,19:47,3,0,0,CEDAR AVE W & DECATUR ST S,1,2,0,0,1,1,,,25,0,0,0,0,0,4,4,1
,2015_22643,0,0,9/7/2015 15:20,15:20,3,0,2,CORONA ST N & 7TH AVE E,2,1,0,0,1,1,,,25,0,0,0,1,3,4,2,3
,2015_22644,0,0,11/15/2015 13:44,13:44,3,0,0,CROSS DR W & WADSWORTH BLVD S,1,1,1,0,1,2,,,30,0,0,0,0,1,4,2,1
,2015_22645,0,0,6/12/2015 14:00,14:00,1,0,0,EVANS AVE 0000 BLK E & BROADWAY ST S,1,1,0,0,1,2,,,35,0,0,0,0,0,4,2,13
,2015_22646,0,0,11/26/2015 4:00,4:00,5,0,0,GILL PL W & IRVING ST S,5,4,0,2,3,3,,,35,0,0,0,0,0,4,1,16
,2015_22647,0,0,1/27/2015 16:37,16:37,11,0,0,GLOBEVILLE RD N & PARK AVE W,1,1,0,0,1,4,,,30,0,1,0,0,0,4,2,13
,2015_22648,0,0,3/20/2015 1:15,1:15,6,0,0,GRANBY ST 5326 N & 53RD AVE E,1,3,0,7,1,4,,,25,0,0,0,0,0,4,2,16
,2015_22649,0,0,6/21/2015 16:00,16:00,2,0,1,GRAPE ST N & 3682,1,5,0,0,1,5,,,15,1,0,0,0,2,4,2,13
,2015_22650,0,0,3/29/2015 15:40,15:40,3,0,0,HAVANA ST N & MLK BLVD E,1,1,0,7,1,1,,,30,0,0,0,0,1,4,2,3
,2015_22651,0,0,6/11/2015 0:50,0:50,6,0,0,HOOKER ST 900 BLK N & 10TH AVE W,1,3,0,7,1,4,,,25,0,0,0,0,0,4,2,14
,2015_22652,0,0,5/26/2015 11:31,11:31,3,0,0,HUMBOLDT ST N & 16TH AVE E,1,1,0,0,1,1,,,25,0,0,0,1,0,4,3,13
,2015_22653,0,0,5/13/2015 10:13,10:13,3,0,0,HUMBOLDT ST S & ALAMEDA AVE E,1,1,0,0,1,1,,,25,0,0,0,0,0,4,2,13
,2015_22654,0,0,3/17/2015 19:55,19:55,12,0,0,JACKSON GAP ST 7700 BLK N & PENA BLVD,1,1,1,1,1,8,,,30,0,0,0,0,1,4,2,16
,2015_22655,0,0,4/30/2015 13:10,13:10,12,0,0,JASON ST S & TENNESSEE AVE W,1,1,0,7,1,2,,,25,0,0,0,0,0,4,2,6
,2015_22656,0,0,2/18/2015 11:35,11:35,3,0,0,JEWELL AVE E & EUDORA ST S,1,1,0,0,1,1,,,25,0,0,0,0,1,4,2,13
,2015_22657,0,0,7/14/2015 9:47,9:47,3,0,0,JULIAN ST N & 34TH AVE W,1,1,0,7,1,5,,,25,0,0,0,0,0,4,2,16
,2015_22658,0,0,7/26/2015 0:07,0:07,12,0,0,KENTUCKY AVE W & MORRISON RD,1,3,0,7,1,4,,,35,0,0,0,0,0,4,2,5
,2015_22659,0,0,12/5/2015 23:40,23:40,12,0,1,KALAMATH ST 1500 BLK N & SPEER BLVD N,1,3,0,0,1,1,,,30,0,0,0,0,2,4,2,13
,2015_22660,0,0,4/28/2015 12:43,12:43,3,0,2,KNOX CT N & 10TH AVE W,1,1,0,7,1,1,,,25,0,0,0,0,2,4,2,4
,2015_22661,0,0,1/8/2015 14:55,14:55,3,0,0,LARIMER ST 2900 BLK OF & 29TH ST,1,1,0,7,1,1,,,30,0,0,0,0,0,4,2,16
,2015_22662,0,0,10/29/2015 16:07,16:07,11,0,1,KNOX CT N & 6TH AVE W,1,1,1,0,1,4,,,30,0,1,0,0,3,4,3,13
,2015_22663,0,0,8/3/2015 9:51,9:51,15,0,0,LINCOLN ST N & SPEER BLVD E,1,1,0,0,1,1,,,35,0,0,0,0,0,4,2,13
,2015_22664,0,0,2/28/2015 15:15,15:15,6,0,0,LITTLE RAVEN ST 1500 BLK & 16TH ST,2,1,0,7,1,3,,,30,0,0,0,0,0,4,2,16
,2015_22665,0,0,3/18/2015 3:18,3:18,6,0,0,LOGAN ST 1900 BLK S & JEWELL AVE E,1,3,0,7,1,4,,,30,0,0,0,0,0,4,2,3
,2015_22666,0,0,11/20/2015 20:20,20:20,3,0,0,LINCOLN ST N & SPEER BLVD E,4,3,1,2,1,3,,,35,0,0,0,0,1,4,2,5
,2015_22667,0,0,1/26/2015 16:50,16:50,3,0,0,LOUISIANA AVE 2900 BLK W & FEDERAL BLVD S,1,1,0,0,1,2,,,25,0,0,0,0,0,4,2,13
,2015_22668,0,0,8/5/2015 13:00,13:00,12,0,0,MLK BLVD & DAHLIA ST N,1,1,0,0,1,1,,,25,0,0,0,0,0,4,2,13
,2015_22669,0,0,4/12/2015 18:40,18:40,2,0,0,MISSISSIPPI AVE E & WILLIAMS ST S,1,1,0,0,1,1,,,25,1,0,0,0,0,4,2,13
,2015_22670,0,0,1/25/2015 2:59,2:59,5,0,0,MLK BLVD 3600 BLK E & RICHARD ALLEN CT N,1,3,0,7,2,4,,,35,0,0,0,0,0,4,1,5
,2015_22671,0,0,6/29/2015 22:37,22:37,15,0,0,MONACO PKWY & 1500 BLK N,1,3,0,0,1,4,,,30,0,0,0,0,0,4,2,14
,2015_22672,0,0,2/1/2015 12:40,12:40,3,0,0,MONACO ST S & TENNESSEE AVE E,6,1,0,7,1,1,,,35,0,0,0,0,0,4,2,16
,2015_22673,0,0,6/29/2015 15:24,15:24,12,0,0,MONTVIEW BLVD E & QUEBEC ST N,1,1,0,7,1,4,,,30,0,0,0,0,0,4,2,16
,2015_22674,0,0,2/18/2015 18:08,18:08,12,0,0,MONTVIEW BL 7500 BLK E & ROSEMARY ST N,1,3,0,7,1,3,,,30,0,0,0,0,1,4,4,16
,2015_22675,0,0,12/4/2015 23:51,23:51,6,0,0,MONCRIEFF PL 3320 W & IRVING ST N,1,4,1,7,1,4,,,30,0,0,0,0,0,4,4,14
,2015_22676,0,0,11/4/2015 7:30,7:30,15,0,0,MONACO ST 200 BLK S & ALAMEDA AVE E,1,1,0,0,1,3,,,35,0,0,0,0,0,4,2,1
,2015_22677,0,0,2/17/2015 17:33,17:33,1,0,0,ONEIDA ST S & EVANS AVE E,1,2,1,0,1,1,,,,0,0,0,0,0,4,2,13
,2015_22678,0,0,12/13/2015 16:08,16:08,10,0,0,NEVADA PL W & MORRISON RD,1,1,0,0,1,1,,,30,0,0,0,0,0,4,2,13
,2015_22679,0,0,4/9/2015 12:15,12:15,3,0,0,PECOS ST & 52ND AVE W,1,1,0,7,1,1,,,30,0,0,0,0,0,4,2,16
,2015_22680,0,0,8/12/2015 14:25,14:25,15,0,0,QUEBEC ST N & 6TH AVE E,1,1,1,7,1,3,,,30,0,0,0,0,0,4,2,16
,2015_22681,0,0,5/12/2015 13:30,13:30,12,0,0,QUEBEC ST 1300 BLK N & 14TH AVE E,1,1,0,7,1,4,,,30,0,0,0,0,0,4,3,16
,2015_22682,0,0,3/16/2015 17:35,17:35,15,0,0,QUEBEC ST N & 29TH AVE E,1,1,0,7,1,3,,,35,0,0,0,0,0,4,2,8
,2015_22683,0,0,8/14/2015 15:50,15:50,5,0,1,QUEBEC ST S & BAYAUD AVE E,1,1,0,7,3,4,,,30,0,0,0,0,2,4,1,14
,2015_22684,0,0,6/2/2015 15:47,15:47,1,0,0,QUEBEC ST S & LOWRY BLVD E,1,1,0,7,1,1,,,35,0,0,0,0,1,4,2,3
,2015_22685,0,0,6/2/2015 10:12,10:12,15,0,0,QUEBEC ST N & MONTVIEW BLVD E,1,1,0,0,1,1,,,30,0,0,0,0,0,4,2,13
,2015_22686,0,0,1/24/2015 22:24,22:24,5,0,0,QUINCY AVE & 8330 BLK E,1,3,0,0,4,4,,,30,0,0,0,0,0,4,1,5
,2015_22687,0,0,2/16/2015 11:30,11:30,3,0,0,17TH ST & ODGEN ST,2,1,0,2,1,1,,,30,0,0,0,0,0,4,2,16
,2015_22688,0,0,6/6/2015 15:10,15:10,15,0,0,19TH ST & CURTIS ST,1,1,0,0,1,1,,,30,0,0,0,0,0,4,2,13
,2015_22689,0,0,6/10/2015 11:34,11:34,15,0,0,19TH ST & LARIMER ST,1,1,0,7,1,1,,,30,0,0,0,0,0,4,2,16
,2015_22690,0,0,8/31/2015 0:49,0:49,5,0,0,RACE AND VINE ST ALLEY & 46TH AVE E,1,4,0,0,2,4,,,25,0,0,0,0,0,4,1,9
,2015_22691,0,0,3/4/2015 16:35,16:35,12,0,0,21ST ST 800 BLK & BROADWAY ST N,1,1,0,0,1,4,,,25,0,0,0,0,0,4,2,13
,2015_22692,0,0,4/12/2015 12:00,12:00,5,0,0,24TH ST & 1016,1,1,0,0,5,5,,,10,0,0,0,0,0,3,1,13
,2015_22693,0,0,2/17/2015 14:55,14:55,12,0,0,25TH ST & 800 BLK W,8,1,0,0,1,4,,,25,0,0,0,0,1,4,2,13
,2015_22695,0,0,5/14/2015 13:00,13:00,6,0,0,TENNYSON ST 4300 N & 44TH AVE W,1,1,0,7,1,4,,,35,0,0,0,0,0,4,2,14
,2015_22696,0,0,10/4/2015 0:01,0:01,6,0,0,TENNYSON ST S & KENTUCKY AVE W,1,3,0,7,1,4,,,25,0,0,0,0,0,4,2,5
,2015_22697,0,0,8/15/2015 2:38,2:38,6,0,0,WASHINGTON ST N & 1ST AVE E,1,3,0,7,1,4,,,25,0,0,0,0,1,4,3,14
,2015_22698,0,0,8/16/2015 2:43,2:43,6,0,0,WATER AVE & 2600 BLK W,2,4,0,0,1,2,,,30,0,0,0,0,0,4,2,13
,2015_22699,0,0,2/23/2015 12:00,12:00,5,0,0,WINONA CT & 620 BLK N,5,1,2,2,3,1,,,25,0,0,0,0,0,4,1,14
,2015_22700,0,0,7/26/2015 5:30,5:30,5,0,0,WOLCOTT CT S & 1903,1,3,0,0,2,4,,,35,0,0,0,0,0,4,1,14
,2015_22701,0,0,10/2/2015 10:00,10:00,6,0,0,XAVIER ST N & 14TH AVE W,1,1,0,7,1,4,,,25,0,0,0,0,0,4,2,5
,2015_22789,39.683674,-104.940414,2/27/2015 17:37,17:37,12,0,0,COLORADO BLVD S & I-25 NB RAMPS,1,3,0,0,1,1,,,35,0,0,0,0,0,2,2,13
,2015_22792,39.721473,-104.940629,5/28/2015 13:49,13:49,15,0,0,COLORADO BLVD & 3RD AVE E,1,1,1,0,1,4,,,35,0,0,0,0,0,2,2,13
,2015_22793,39.738302,-104.940614,5/1/2015 23:43,23:43,3,0,0,14TH AVE E & COLORADO BLVD N,1,3,0,0,1,1,,,35,0,0,0,0,0,2,2,4
,2015_22794,39.740259,-104.940612,6/12/2015 7:02,7:02,3,0,0,COLORADO BLVD N & COLFAX AVE E,2,1,0,1,1,2,,,35,0,0,0,0,0,2,2,14
,2015_22795,39.741172,-104.940611,4/19/2015 15:05,15:05,12,0,0,COLORADO BLVD & 1500 BLK N,1,1,0,0,1,4,,,35,0,0,0,0,0,2,2,7