id,drcog_id,latitude,longitude,crashtime,time,crashtype,numbkilled,numbinjurd,drcoglocat,rdconditin,lightngcon,roadcntgrd,weatherco,location,roaddescrp,schoolzone,constrzone,splimit,bikeinv,pedinv,sctrinv,motoinv,svrty,rdsystem,ttlvehcls,hcf
,2015_22796,39.743867,-104.940608,1/1/2015 12:25,12:25,12,0,0,COLORADO BLVD N & 17TH AVE E,2,1,0,2,1,1,,,35,0,0,0,0,0,2,2,13
,2015_22797,39.74707,-104.940604,6/21/2015 16:50,16:50,12,0,0,COLORADO BLVD N & MONTVIEW BLVD E,1,1,0,0,1,3,,,35,0,0,0,0,1,2,2,3
,2015_22798,39.754512,-104.940549,2/7/2015 2:27,2:27,5,0,0,COLORADO BLVD & 2500 BLK N,1,3,0,0,4,1,,,35,0,0,0,0,0,2,1,13
,2015_22800,39.725457,-105.032462,7/8/2015 6:31,6:31,12,0,0,6TH AVE W & LOWELL BLVD N,1,1,0,0,1,4,,,45,0,0,0,0,0,2,2,3
,2015_22802,39.725655,-105.053129,1/8/2015 22:14,22:14,12,0,0,6TH AVE WB OFF SLIP RAMP & SHERIDAN BLVD N,5,3,0,2,1,8,,,15,0,0,0,0,0,2,3,14
,2015_22803,39.725643,-105.048625,4/17/2015 8:14,8:14,15,0,0,6TH AVE W & WOLFF ST N,2,1,0,1,1,1,,,55,0,0,0,0,0,2,2,1
,2015_22804,39.725552,-105.039373,2/26/2015 9:23,9:23,15,0,0,6TH AVE W & PERRY ST N,6,1,1,0,1,4,,,45,0,0,0,0,0,2,3,7
,2015_22811,39.677919,-104.933193,6/27/2015 2:17,2:17,12,0,0,I-25 NB OFF RAMP & EVANS AVE E,1,3,0,0,1,2,,,35,0,0,0,0,0,1,2,16
,2015_22812,39.667387,-104.925448,1/12/2015 17:33,17:33,15,0,0,I-25 & YALE AVE E,1,3,0,0,1,4,,,65,0,0,0,0,0,1,2,13
,2015_22813,39.678363,-104.933558,4/10/2015 19:20,19:20,3,0,0,EVANS AVE E & I-25,1,1,1,0,1,1,,,20,0,0,0,0,1,1,3,13
,2015_22814,39.684916,-104.957965,1/27/2015 12:45,12:45,15,0,0,I-25 NB & UNIVERSITY BLVD S,1,1,0,0,1,4,,,55,0,0,0,0,0,1,2,13
,2015_22815,39.68492,-104.959513,4/6/2015 9:02,9:02,12,0,0,I-25 & UNIVERSITY BLVD S,1,1,0,0,1,4,,,60,0,0,0,0,0,1,2,4
,2015_22817,39.68492,-104.959513,4/30/2015 16:42,16:42,12,0,0,I-25 & UNIVERSITY BLVD S,1,1,1,0,1,4,,,65,0,0,0,0,1,1,4,3
,2015_22818,39.701452,-104.987435,2/16/2015 5:30,5:30,5,0,0,I-25 & SANTA FE DR S,5,3,0,2,3,4,,,55,0,0,0,0,0,1,1,2
,2015_22819,39.701452,-104.987435,6/3/2015 12:25,12:25,12,0,0,I-25 & BROADWAY ST S,1,1,1,0,1,4,,,55,0,0,0,0,0,1,2,7
,2015_22820,39.711721,-104.999203,2/10/2015 13:18,13:18,15,0,0,I-25 SB OFF RAMP & ALAMEDA AVE W,1,1,0,0,1,8,,,45,0,0,0,0,0,1,3,1
,2015_22821,39.712796,-104.999842,3/6/2015 10:17,10:17,12,0,0,I-25 & ALAMEDA AVE W,1,1,1,0,1,4,,,55,0,0,0,0,0,1,2,3
,2015_22822,39.726612,-105.013753,4/9/2015 10:54,10:54,5,0,0,I-25 & 6TH AVE W,1,1,0,0,1,4,,,55,0,0,0,0,0,1,2,13
,2015_22823,39.729334,-105.014821,5/30/2015 11:42,11:42,15,0,0,I-25 & 8TH AVE W,1,1,0,0,1,4,,,55,0,0,0,0,0,1,2,13
,2015_22824,39.729918,-105.015032,4/14/2015 17:20,17:20,15,0,0,I-25 NB ON RAMP & 6TH AVE W NB RAMP ENT PT,1,1,1,0,1,8,,,55,0,0,0,0,0,1,2,13
,2015_22825,39.75823,-105.008449,2/21/2015 15:49,15:49,12,0,0,I-25 & 15TH ST,4,1,0,2,1,4,,,55,0,0,0,0,1,1,2,13
,2015_22826,39.758313,-105.008335,7/29/2015 1:54,1:54,15,0,0,I-25 SB ON RAMP GORE POINT & 20TH ST,1,3,0,0,1,8,,,55,0,0,0,0,0,1,2,1
,2015_22827,39.759876,-105.006066,3/7/2015 9:55,9:55,15,0,0,I-25 & 20TH ST,1,1,0,0,1,4,,,55,0,0,0,0,0,1,2,1
,2015_22841,39.711227,-105.046166,3/29/2015 10:47,10:47,3,0,0,ALAMEDA AVE W & UTICA ST S,1,1,1,0,1,1,,,25,0,0,0,0,0,2,2,1
,2015_22842,39.7112,-105.042019,7/15/2015 16:45,16:45,3,0,0,RALEIGH ST S & ALAMEDA AVE W,1,1,0,0,1,1,,,25,0,0,0,0,0,2,2,1
,2015_22843,39.711131,-105.032417,3/22/2015 0:03,0:03,12,0,0,MORRISON RD & ALAMEDA AVE W,1,3,0,1,1,1,,,30,0,0,0,0,0,2,2,5
,2015_22844,39.711096,-105.028811,3/9/2015 19:47,19:47,11,0,1,ALAMEDA AVE W & HOOKER ST S,1,3,0,0,1,4,,,35,0,1,0,0,3,2,2,14
,2015_22845,39.711077,-105.025062,2/6/2015 17:10,17:10,12,0,0,FEDERAL BLVD S & ALAMEDA AVE W,1,1,0,1,1,1,,,35,0,0,0,0,0,2,2,13
,2015_22847,39.653088,-104.915267,10/16/2015 22:15,22:15,1,0,0,HAMPDEN AVE E & LOCUST ST S,1,3,0,0,1,1,,,45,0,0,0,0,0,2,2,13
,2015_22848,39.653088,-104.915267,5/4/2015 17:54,17:54,1,0,0,HAMPDEN AVE E & LOCUST ST S,2,1,1,1,1,1,,,40,0,0,0,0,0,2,2,7
,2015_22875,39.740322,-105.053272,6/14/2015 19:58,19:58,15,0,0,COLFAX AVE W & SHERIDAN BLVD,1,2,0,0,1,3,,,30,0,0,0,0,0,2,2,8
,2015_22876,39.740322,-105.053078,3/17/2015 17:40,17:40,12,0,0,COLFAX AVE W & SHERIDAN BLVD,1,1,0,0,1,4,,,35,0,0,0,0,0,2,2,12
,2015_22877,39.739998,-104.978671,1/16/2015 23:13,23:13,6,0,0,COLFAX AVE E & WASHINGTON ST N,1,3,0,0,1,1,,,30,0,0,0,0,0,2,2,13
,2015_22878,39.740008,-104.973453,4/8/2015 19:00,19:00,15,0,0,COLFAX AVE E & DOWNING ST N,1,5,0,0,1,1,,,30,0,0,0,0,0,2,2,3
,2015_22880,39.740053,-104.984901,12/17/2015 9:50,9:50,15,0,0,COLFAX AVE E & SHERMAN ST N,5,1,1,0,1,1,,,35,0,0,0,0,0,2,2,13
,2015_22881,39.740035,-104.998869,12/10/2015 21:09,21:09,10,0,0,SPEER BLVD N & COLFAX AVE W,1,3,0,0,1,1,,,35,0,0,0,0,0,2,2,8
,2015_22882,39.739997,-104.965878,5/20/2015 1:56,1:56,6,0,0,COLFAX AVE 1800 BLK E & WILLIAMS ST N,2,3,0,1,1,4,,,30,0,0,0,0,0,2,2,12
,2015_22883,39.73998,-104.962295,1/3/2015 15:11,15:11,6,0,0,VINE ST 1400 BLK N & COLFAX AVE E,4,1,0,2,1,4,,,25,0,0,0,0,0,2,3,13
,2015_22884,39.739983,-104.959843,6/12/2015 20:10,20:10,12,0,0,COLFAX AVE 2200 BLK E & YORK ST N,1,2,1,0,1,3,,,30,0,0,0,0,1,2,2,3
,2015_22885,39.74011,-104.958745,6/30/2015 9:27,9:27,12,0,0,COLFAX AVE 2400 E BLK & JOSEPHINE ST N,1,1,0,0,1,3,,,,0,0,0,0,0,2,2,13
,2015_22886,39.740057,-104.933752,3/24/2015 7:35,7:35,3,0,0,COLFAX AVE E & CHERRY ST N,1,1,0,0,1,1,,,35,0,0,0,0,0,2,2,7
,2015_22887,39.740056,-104.932161,6/13/2015 6:51,6:51,12,0,0,COLFAX AVE E & DAHLIA ST N,1,1,0,0,1,3,,,35,0,0,0,0,0,2,2,13
,2015_22888,39.740079,-104.912395,1/8/2015 8:35,8:35,3,0,0,COLFAX AVE E & MONACO PKWY N,1,1,0,0,1,1,,,30,0,0,0,0,0,2,2,7
,2015_22916,39.783138,-105.006328,7/22/2015 13:19,13:19,6,0,0,I-70 & PECOS ST N,1,1,0,0,1,4,,,55,0,0,0,0,0,1,2,2
,2015_22917,39.779753,-104.98636,7/22/2015 8:45,8:45,12,0,0,I-70 EB ON RAMP FROM NB & I-25,1,1,0,0,1,8,,,55,0,0,0,0,0,1,2,3
,2015_22918,39.779435,-104.979009,2/1/2015 8:25,8:25,5,0,0,I-70 & WASHINGTON ST N,4,1,1,0,2,4,,,55,0,0,0,0,0,1,2,13
,2015_22919,39.779445,-104.979196,1/8/2015 10:35,10:35,12,0,0,I-70 EB OFF RAMP TO & WASHINGTON ST N,1,1,0,0,1,8,,,40,0,0,0,0,1,1,2,13
,2015_22920,39.780014,-104.958472,8/3/2015 12:19,12:19,3,0,0,46TH AVE 2300 BLK E & JOSEPHINE ST N,1,1,0,0,1,2,,,30,0,0,0,0,0,4,2,12
,2015_22921,39.779944,-104.940633,5/7/2015 17:04,17:04,12,0,0,I-70 & COLORADO BLVD N,1,1,0,0,1,4,,,55,0,0,0,0,1,1,2,13
,2015_22922,39.777095,-104.882471,4/1/2015 10:14,10:14,12,0,0,CENTRAL PARK BLVD & I-70,1,1,0,0,1,4,,,55,0,0,0,0,0,1,2,13
,2015_22923,39.777095,-104.882471,5/14/2015 17:20,17:20,12,0,0,I-70 & CENTRAL PARK BLVD N,1,1,0,0,1,4,,,55,0,0,0,0,0,1,2,14
,2015_22924,39.777095,-104.882471,5/26/2015 16:40,16:40,12,0,0,I-70 & CENTRAL PARK BLVD N,1,1,0,0,1,4,,,55,0,0,0,0,0,1,2,13
,2015_22925,39.7783,-104.903459,11/6/2015 17:52,17:52,12,0,0,I-70 & QUEBEC ST N,1,2,0,0,1,4,,,55,0,0,0,0,0,1,2,5
,2015_22926,39.778341,-104.92238,11/23/2015 15:24,15:24,12,0,0,I-70 & HOLLY ST N,1,1,0,0,1,4,,,55,0,0,0,0,0,1,2,16
,2015_22927,39.775623,-104.865778,4/4/2015 13:45,13:45,12,0,0,I-70 & HAVANA ST N,1,1,0,0,1,4,,,55,0,0,0,0,0,1,2,13
,2015_22928,39.775623,-104.865778,5/7/2015 16:23,16:23,15,0,0,I-70 & HAVANA ST N,1,1,0,0,1,4,,,60,0,0,0,0,0,1,2,13
,2015_22929,39.775623,-104.865778,7/10/2015 8:37,8:37,12,0,0,I-70 & HAVANA ST N,1,1,0,0,1,4,,,55,0,0,0,0,0,1,2,13
,2015_22930,39.774397,-104.851573,10/6/2015 19:19,19:19,12,0,0,I-70 & PEORIA ST N,2,4,0,1,1,4,,,55,0,0,0,0,0,1,2,6
,2015_22931,39.774021,-104.847216,7/16/2015 13:53,13:53,12,0,2,I-70 WB ON SLIP RAMP & PEORIA ST N,1,1,0,0,1,8,,,40,0,0,0,0,2,1,2,13
,2015_22963,39.707347,-104.922286,6/10/2015 18:35,18:35,1,0,0,LEETSDALE DR & HOLLY ST S,1,1,0,0,1,1,,,35,0,0,0,0,1,2,2,1
,2015_22978,39.729259,-105.02515,7/21/2015 17:54,17:54,3,0,1,8TH AVE 2900 BLK W & FEDERAL BLVD N,1,1,0,0,1,1,,,35,0,0,0,0,2,2,2,13
,2015_22979,39.720413,-105.025191,1/15/2015 7:50,7:50,12,0,0,FEDERAL BLVD & 2000 BLK S,1,1,1,1,1,4,,,35,0,0,0,0,0,2,2,14
,2015_22980,39.720254,-105.025191,6/1/2015 8:36,8:36,12,0,0,FEDERAL BLVD & 2ND AVE,1,1,0,0,1,4,,,35,0,0,0,0,0,2,2,13
,2015_22982,39.693546,-105.025041,1/19/2015 12:15,12:15,1,0,0,FEDERAL BLVD S & LOUISIANA AVE W,1,1,0,0,1,2,,,40,0,0,0,0,0,2,2,8
,2015_22983,39.690746,-105.025049,5/30/2015 10:01,10:01,12,0,0,FEDERAL BLVD S & ARKANSAS AVE W,1,1,0,0,1,1,,,40,0,0,0,0,0,2,2,12
,2015_22984,39.684034,-105.02502,4/17/2015 17:30,17:30,12,0,0,FEDERAL BLVD S & COLORADO AVE W,1,1,0,0,1,1,,,40,0,0,0,0,0,2,2,3
,2015_22985,39.682271,-105.025016,1/6/2015 11:55,11:55,12,0,0,JEWELL AVE W & FEDERAL BLVD S,2,1,0,0,1,1,,,40,0,0,0,0,0,2,2,8
,2015_22990,39.624078,-104.908786,7/14/2015 16:59,16:59,1,0,0,BELLEVIEW AVE E & NIAGARA ST S,1,1,1,0,1,1,,,40,0,0,0,0,1,2,2,13
,2015_23006,39.651763,-105.052959,3/25/2015 9:30,9:30,15,0,0,HAMPDEN S FRTG RD W & SHERIDAN BLVD S,1,1,1,0,1,1,,,30,0,0,0,0,0,2,2,14
,2015_23019,39.614558,-105.091147,4/17/2015 17:40,17:40,1,0,0,WADSWORTH BLVD S & CROSS DR W,1,1,0,0,1,2,,,45,0,0,0,0,0,2,2,3
,2015_23020,39.61833,-105.091109,4/26/2015 22:00,22:00,12,0,0,WADSWORTH BLVD S & CRESTLINE AVE W,2,3,0,1,1,1,,,45,0,0,0,0,0,2,2,14
,2015_23021,39.624104,-105.09105,6/10/2015 21:36,21:36,3,0,0,BELLEVIEW AVE W & WADSWORTH BLVD S,1,3,1,0,1,1,,,40,0,0,0,0,0,2,2,1
,2015_23022,0,0,2/11/2015 17:30,17:30,6,0,0,12TH AVE W & LIPAN ST N,1,2,0,7,1,1,,,25,0,0,0,0,0,4,2,16
,2015_23053,39.635097,-104.89615,1/23/2015 15:45,15:45,12,0,0,I-225 SB & TAMARAC ST S,1,1,0,0,1,4,,,65,0,0,0,0,1,1,2,3
,2015_23054,39.635523,-104.89346,4/1/2015 18:00,18:00,15,0,0,I-225 & TAMARAC ST S,1,1,0,0,1,4,,,55,0,0,0,0,0,1,2,3
,2015_23056,39.635523,-104.89346,2/19/2015 23:00,23:00,3,0,0,DTC PKWY & I-225 NB OFF RAMP,1,3,0,0,1,1,,,35,0,0,0,0,0,1,2,13
,2015_23057,39.635523,-104.89346,7/10/2015 15:45,15:45,1,0,0,TAMARAC ST S & I-225 NB RAMPS,1,1,0,0,1,1,,,35,0,0,0,0,0,1,2,13
,2015_23058,39.639275,-104.885096,1/10/2015 9:18,9:18,12,0,0,YOSEMITE ST S & I-225,1,1,0,0,1,1,,,35,0,0,0,0,0,1,2,6
,2015_23059,39.639275,-104.885096,3/5/2015 16:24,16:24,12,0,0,YOSEMITE ST 4300 S & I-225 NB ON RAMP,1,1,0,0,1,1,,,40,0,0,0,0,0,1,2,13
,2015_23070,39.776843,-104.890342,7/9/2015 21:25,21:25,12,0,0,I-270 & MM 5,2,3,0,1,1,4,,,55,0,0,0,0,0,1,2,13
,2015_23076,39.652948,-104.940295,4/23/2015 8:05,8:05,15,0,0,HAMPDEN AVE E & COLORADO BLVD S,1,1,0,0,1,4,,,45,0,0,0,0,0,2,2,13
,2015_23079,39.769244,-105.025232,4/10/2015 13:50,13:50,10,0,0,FEDERAL BLVD N & 38TH AVE W,1,1,1,0,1,1,,,35,0,0,0,0,0,2,2,13
,2015_23080,39.772939,-105.025237,6/27/2015 23:09,23:09,12,0,0,41ST ST W & FEDERAL BLVD N,1,3,0,0,1,1,,,35,0,0,0,0,0,2,2,13
,2015_23081,39.780247,-105.025224,1/13/2015 16:34,16:34,1,0,0,FEDERAL BLVD N & 46TH AVE W,4,2,1,2,1,1,,,30,0,0,0,0,1,2,2,13
,2015_23082,39.783839,-105.025212,7/29/2015 22:04,22:04,1,0,0,FEDERAL BLVD N & I-70 EB RAMPS,1,3,0,0,1,1,,,35,0,0,0,0,0,2,2,13
,2015_23126,0,0,6/10/2015 7:45,7:45,3,0,0,CENTER AVE E & GRANT ST S,2,1,0,7,1,1,,,25,0,0,0,0,0,4,2,16
,2015_23234,0,0,4/15/2015 7:20,7:20,1,0,0,GVR BLVD E & PENA BLVD,1,1,0,0,1,1,,,40,0,0,0,0,0,4,2,13
,2015_23251,0,0,3/2/2015 0:39,0:39,3,0,0,14TH AVE W & SPEER BLVD N,1,3,0,0,1,1,,,35,0,0,0,0,0,4,2,5
,2015_23266,0,0,6/13/2015 19:10,19:10,5,0,0,AMHERST AVE & 2700 W,1,1,0,0,3,4,,,25,0,0,0,0,0,4,1,14
,2015_23267,0,0,1/24/2015 9:05,9:05,12,0,0,11TH AVE E & SPEER BLVD N,1,1,0,7,1,1,,,30,0,0,0,0,0,4,2,16
,2015_23276,0,0,1/16/2015 15:28,15:28,3,0,0,6TH AVE S DR W & PERRY ST N,1,1,0,0,1,1,,,30,0,0,0,0,0,4,2,13
,2015_23277,0,0,5/20/2015 19:19,19:19,3,0,0,8TH AVE E & ALBION ST,2,1,0,0,1,1,,,30,0,0,0,0,0,4,2,13
,2015_23278,0,0,5/1/2015 7:52,7:52,15,0,0,8TH AVE 900 BLK W & KALAMATH ST N,1,1,0,0,1,3,,,35,0,0,0,0,0,4,2,3
,2015_23279,0,0,5/27/2015 16:50,16:50,3,0,0,8TH AVE E & MARION ST N,1,1,1,7,1,3,,,30,0,0,0,0,0,4,2,16
,2015_23280,0,0,6/9/2015 9:46,9:46,3,0,0,9TH AVE W & SANTA FE DR N,1,1,0,7,1,1,,,30,0,0,0,0,0,4,2,14
,2015_23281,0,0,6/27/2015 10:23,10:23,6,0,0,11TH AVE 600 BLK E & PEARL ST N,1,1,0,7,1,4,,,30,0,0,0,0,0,4,2,3
,2015_23282,0,0,4/30/2015 15:20,15:20,1,0,0,11TH AVE E & QUEBEC ST N,1,1,0,0,1,1,,,35,0,0,0,0,0,4,2,13
,2015_23283,0,0,8/10/2015 12:45,12:45,3,0,0,12TH AVE E & OGDEN ST N,1,1,0,7,1,1,,,25,0,0,0,0,0,4,2,16
,2015_23284,0,0,1/5/2015 19:07,19:07,3,0,0,12TH AVE E & VERBENA ST N,5,3,0,0,1,1,,,25,0,0,0,0,0,4,2,13
,2015_23285,0,0,10/13/2015 8:48,8:48,3,0,0,11TH AVE W & KALAMATH ST N,1,1,0,0,1,5,,,15,0,0,0,0,0,4,2,13
,2015_23286,0,0,6/24/2015 18:42,18:42,10,0,0,14TH AVE 4100 BLK E & ASH ST N,2,2,1,1,1,3,,,30,0,0,0,0,0,4,2,8
,2015_23287,0,0,3/6/2015 19:18,19:18,15,0,0,14TH AVE 3100 BLK E & KRAMERIA ST N,1,3,0,0,1,1,,,30,0,0,0,0,0,4,2,13
,2015_23288,0,0,6/9/2015 21:09,21:09,10,0,0,14TH AVE 1300 BLK E & LAFAYETTE ST N,1,3,0,0,1,3,,,30,0,0,0,0,0,4,2,8
,2015_23289,0,0,8/13/2015 16:49,16:49,12,0,0,17TH AVE E & MONROE ST N,1,1,0,7,1,3,,,30,0,0,0,0,0,4,4,16
,2015_23290,0,0,6/26/2015 16:53,16:53,12,0,0,17TH AVE 7500 BLK E & ROSLYN ST N,1,1,0,7,1,3,,,30,0,0,0,0,0,4,2,16
,2015_23291,0,0,7/23/2015 22:30,22:30,12,0,0,17TH AVE E & SHERMAN ST,1,3,1,7,1,1,,,30,0,0,0,0,0,4,2,16
,2015_23292,0,0,12/6/2015 23:00,23:00,6,0,1,16TH AVE & ELM ST N,1,3,0,7,1,3,,,25,0,0,0,0,2,4,3,5
,2015_23293,0,0,2/26/2015 10:45,10:45,5,0,0,40TH AVE 10000 BLK E & HAVANA ST N,4,1,1,2,3,2,,,25,0,0,0,0,0,4,1,13
,2015_23294,0,0,11/18/2015 19:02,19:02,3,0,0,24TH AVE E & WILLIAMS ST N,1,3,0,0,1,1,,,25,0,0,0,0,0,4,2,14
,2015_23295,0,0,1/29/2015 7:50,7:50,15,0,0,25TH AVE W & CLAY ST N,1,1,0,0,1,1,,,30,0,0,0,0,0,4,2,14
,2015_23296,0,0,9/11/2015 15:25,15:25,13,0,1,26TH AVE W & ELIOT ST N,1,1,1,0,1,1,,,,0,0,0,0,2,4,2,13
,2015_23297,0,0,4/1/2015 7:00,7:00,12,0,0,26TH AVE E & BIRCH ST,1,1,0,7,1,1,,,25,0,0,0,0,0,4,2,16
,2015_23298,0,0,11/15/2015 5:00,5:00,6,0,0,21ST AVE & 1600 BLK E,1,1,0,7,1,4,,,25,0,0,0,0,0,4,2,16
,2015_23299,0,0,4/10/2015 9:25,9:25,3,0,0,31ST AVE E & GENEVA ST N,1,1,0,7,1,1,,,25,0,0,0,0,0,4,2,16
,2015_23300,0,0,12/12/2015 14:10,14:10,3,0,0,32ND AVE W & VALLEJO ST N,1,1,0,0,1,1,,,30,0,0,0,0,0,4,2,7
,2015_23301,0,0,5/27/2015 7:35,7:35,12,0,0,32ND AVE & 4100 BLK E,1,1,0,0,1,4,,,35,0,0,0,0,0,4,2,7
,2015_23302,0,0,3/9/2015 6:33,6:33,6,0,0,32ND AVE 2400 BLK W & ZUNI ST N,1,2,0,7,1,4,,,35,0,0,0,0,0,4,3,14
,2015_23303,0,0,3/26/2015 12:05,12:05,15,0,0,34TH AVE & FRANKLIN ST,1,1,0,0,1,1,,,30,0,0,0,0,0,4,2,7
,2015_23304,0,0,7/28/2015 18:06,18:06,3,0,0,35TH AVE W & SHOSHONE ST N,1,1,0,7,1,1,,,25,0,0,0,0,1,4,2,16
,2015_23305,0,0,7/22/2015 18:13,18:13,1,0,0,38TH AVE W & LIPAN ST N,1,1,0,0,1,1,,,35,0,0,0,0,1,4,2,14
,2015_23306,0,0,5/23/2015 13:50,13:50,3,0,1,39TH AVE W & TEJON ST N,2,1,0,1,1,1,,,25,0,0,0,0,2,4,2,16
,2015_23307,0,0,4/5/2015 15:30,15:30,15,0,0,44TH AVE & 20937 BLK E,1,1,0,0,1,4,,,30,0,0,0,0,0,4,2,7
,2015_23308,0,0,1/21/2015 17:30,17:30,12,0,0,44TH AVE W & RALEIGH ST N,5,3,0,2,1,3,,,35,0,0,0,0,0,4,2,16
,2015_23309,0,0,8/6/2015 16:04,16:04,3,0,0,45TH AVE E & JOSEPHINE ST N,1,1,0,7,1,1,,,25,0,0,0,0,0,4,2,16
,2015_23310,0,0,5/21/2015 8:00,8:00,3,0,0,45TH AVE 12000 BLK E & PEORIA ST N,1,1,0,0,1,2,,,10,0,0,0,0,0,4,2,13
,2015_23311,0,0,5/25/2015 21:51,21:51,12,0,0,48TH AVE E & MONROE ST N,1,4,1,7,1,4,,,30,0,0,0,0,1,4,2,16
,2015_23312,0,0,2/26/2015 13:53,13:53,14,0,0,49TH AVE & 10445 BLK E,6,1,1,2,1,4,,,25,0,0,0,0,0,4,2,14
,2015_23313,0,0,9/13/2015 11:23,11:23,15,0,0,44TH AVE 3600 BLK W & MEADE ST N,1,1,0,0,1,4,,,30,0,0,0,0,0,4,2,14
,2015_23314,0,0,8/14/2015 19:20,19:20,12,0,0,ALAMEDA AVE 6400 BLK E & MONACO ST S,1,2,0,7,1,3,,,35,0,0,0,0,0,4,2,14
,2015_23315,0,0,2/12/2015 12:15,12:15,15,0,0,ALAMEDA AVE 3500 BLK E & MONROE ST S,1,1,0,7,1,4,,,30,0,0,0,0,0,4,2,16
,2015_23316,0,0,8/22/2015 15:30,15:30,5,0,0,ALBION ST 4100 BLK N & SMITH RD E,1,1,1,0,3,4,,,35,0,0,0,0,0,4,1,9
,2015_23317,0,0,1/13/2015 21:06,21:06,6,0,0,BELLEWOOD PL W & INDEPENDENCE CT S,4,3,0,7,1,4,,,25,0,0,0,0,0,4,2,5
,2015_23318,0,0,10/1/2015 2:18,2:18,5,0,0,BANNOCK ST N & 777,1,3,0,0,3,4,,,35,0,0,0,0,0,4,1,13
,2015_23319,0,0,9/1/2015 2:00,2:00,6,0,0,BIRCH ST 100 BLK S & CEDAR AVE E,1,3,0,7,1,4,,,25,0,0,0,0,0,4,2,16
,2015_23320,0,0,2/16/2015 7:13,7:13,3,0,0,BROADWAY ST S & CENTER AVE W,4,1,0,2,1,1,,,30,0,0,0,0,0,4,2,16
,2015_23321,0,0,6/21/2015 14:55,14:55,15,0,0,BROADWAY ST 2300 BLK S & ILIFF AVE E,1,1,0,0,1,3,,,30,0,0,0,0,0,4,3,13
,2015_23322,0,0,7/27/2015 9:26,9:26,12,0,0,BROADWAY N & 22ND ST,1,1,0,7,1,1,,,35,0,0,0,0,1,4,2,14
,2015_23323,0,0,2/10/2015 2:10,2:10,15,0,0,BROADWAY ST 2500 BLK S & VASSAR AVE W,1,3,0,7,1,1,,,35,0,0,0,0,0,4,2,16
,2015_23324,0,0,4/13/2015 16:18,16:18,12,0,0,BROADWAY ST 2600 BLK S & VASSAR AVE E,1,1,0,7,1,3,,,30,0,0,0,0,0,4,2,12
,2015_23325,0,0,1/28/2015 20:22,20:22,15,0,0,BROADWAY ST S & VIRGINIA AVE E,1,3,0,7,1,4,,,30,0,0,0,0,0,4,2,3
,2015_23326,0,0,2/26/2015 11:30,11:30,12,0,0,BROADWAY ST & WELTON ST,5,1,0,7,1,4,,,30,0,0,0,0,0,4,2,16
,2015_23327,0,0,6/30/2015 14:00,14:00,12,0,0,BUCHTEL BLVD 2100 BLK E & HIGH ST S,1,1,0,7,1,4,,,30,0,0,0,0,0,4,2,16
,2015_23328,0,0,5/17/2015 19:00,19:00,5,0,0,ELIZABETH ST N & 3222,1,4,0,0,2,4,,,,0,0,0,0,0,4,1,13
,2015_23329,0,0,12/4/2015 12:20,12:20,6,0,0,CHEROKEE ST S & YALE AVE W,1,1,0,7,1,4,,,25,0,0,0,0,0,4,2,5
,2015_23330,0,0,2/20/2015 9:10,9:10,6,0,0,CHERRY ST & 800 BLK N,1,1,0,0,1,3,,,25,0,0,0,0,0,4,2,13
,2015_23331,0,0,7/21/2015 15:00,15:00,1,0,0,CHERRY CREEK DR S E & MISSISSIPPI AVE E,2,1,0,1,1,1,,,35,0,0,0,0,0,4,2,16
,2015_23332,0,0,11/8/2015 1:00,1:00,6,0,0,CLAY ST 155 S & BAYAUD AVE W,1,3,0,7,1,4,,,,0,0,0,0,0,4,2,16
,2015_23333,0,0,6/30/2015 11:31,11:31,12,0,0,CLEREMONT ST N & 820,1,1,0,0,1,4,,,25,0,0,0,0,0,4,2,14
,2015_23334,0,0,8/13/2015 10:50,10:50,12,0,0,CLINTON ST 500 BLK S & CENTER AVE E,1,1,0,7,1,3,,,10,0,0,0,0,0,4,2,16
,2015_23335,0,0,4/16/2015 8:20,8:20,3,0,0,CORNELL AVE W & WINONA CT S,6,1,0,2,1,1,,,30,0,0,0,0,1,4,2,16
,2015_23336,0,0,6/4/2015 9:20,9:20,12,0,0,DARTMOUTH AVE W & SHOSHONE ST S,1,1,1,7,1,3,,,30,0,0,0,0,0,4,2,1
,2015_23337,0,0,6/15/2015 23:05,23:05,6,0,2,DEARBORN ST 4500 BLK N & SCOTT PL E,1,3,0,7,1,4,,,25,0,0,0,0,2,4,3,1
,2015_23338,0,0,1/4/2015 10:55,10:55,12,0,0,DEPEW ST 2150 BLK S & WARREN AVE W,4,1,0,7,1,2,,,25,0,0,0,0,0,4,2,5
,2015_23339,0,0,3/16/2015 1:10,1:10,6,0,0,DOWNIG ST 200 BLK S & ALAMEDA AVE E,1,3,0,7,1,4,,,35,0,0,0,0,0,4,2,5
,2015_23340,0,0,3/12/2015 22:31,22:31,6,0,0,DOWNING ST S & BAYAUD AVE E,1,3,0,7,1,4,,,30,0,0,0,0,0,4,2,5
,2015_23342,0,0,7/8/2015 15:50,15:50,3,0,0,DOWNING ST S & WARREN ST E,2,1,0,1,1,1,,,25,0,0,0,0,0,4,2,16