id,drcog_id,latitude,longitude,crashtime,time,crashtype,numbkilled,numbinjurd,drcoglocat,rdconditin,lightngcon,roadcntgrd,weatherco,location,roaddescrp,schoolzone,constrzone,splimit,bikeinv,pedinv,sctrinv,motoinv,svrty,rdsystem,ttlvehcls,hcf
,2015_23343,0,0,7/16/2015 21:08,21:08,9,0,1,N DUNKIRK ST & N DUNKIRK WAY,1,3,0,7,1,1,,,30,0,0,0,1,2,4,1,16
,2015_23344,0,0,1/23/2015 23:57,23:57,3,0,0,ELIOT ST & 4665 BLK N,1,3,1,0,1,5,,,30,0,0,0,0,0,4,2,3
,2015_23345,0,0,6/12/2015 14:06,14:06,3,0,0,EVANS AVE E & COLORADO BLVD S,1,1,0,0,1,2,,,35,0,0,0,0,0,4,2,1
,2015_23346,0,0,8/13/2015 16:35,16:35,1,0,0,EVANS AVE E & DAHLIA ST S,1,1,0,7,1,1,,,35,0,0,0,0,0,4,2,16
,2015_23347,0,0,7/23/2015 7:51,7:51,12,0,0,EVANS AVE 5900 BLK E & JASMINE ST S,1,1,1,7,1,1,,,30,0,0,0,0,0,4,2,3
,2015_23348,0,0,8/9/2015 9:12,9:12,5,0,0,EVANS AVE W & 3161,1,1,0,0,3,4,,,25,0,0,0,0,0,4,1,14
,2015_23349,0,0,1/22/2015 16:30,16:30,3,0,0,EVANS AVE W & VALLEJO ST S,1,1,1,0,1,2,,,35,0,0,0,0,0,4,2,1
,2015_23350,0,0,8/1/2015 9:12,9:12,15,0,0,EVANS AVE E & WILLIAMS ST S,1,1,0,0,1,3,,,35,0,0,0,0,0,4,2,13
,2015_23351,0,0,2/11/2015 7:55,7:55,12,0,0,FAIRMOUNT DR 8300 E & ALAMEDA AVE E,1,1,1,7,1,4,,,35,0,0,0,0,0,4,2,16
,2015_23352,0,0,9/18/2015 14:03,14:03,6,0,0,FAIRMONT DR & 8200 BLK E,1,3,0,7,1,4,,,25,0,0,0,0,0,4,2,14
,2015_23353,0,0,4/30/2015 13:25,13:25,15,0,0,FLORIDA AVE W & KNOX CT S,1,1,0,0,1,4,,,30,0,0,0,0,0,4,2,3
,2015_23354,0,0,4/28/2015 15:10,15:10,12,0,0,GRANT ST 1600 BLK N & 17TH AVE E,1,1,0,7,1,4,,,30,0,0,0,0,0,4,2,3
,2015_23355,0,0,3/22/2015 16:55,16:55,10,0,0,GROVE ST N & 1ST AVE W,1,1,0,0,1,4,,,25,0,0,0,0,1,4,2,8
,2015_23356,0,0,4/5/2015 11:14,11:14,14,0,0,GROVE ST S & ELLSWORTH AVE W,1,1,1,0,1,4,,,25,0,0,0,0,0,4,3,13
,2015_23357,0,0,3/1/2015 12:40,12:40,12,0,0,GVR BLVD E & PENA BLVD,1,1,0,7,1,1,,,40,0,0,0,0,0,4,2,7
,2015_23358,0,0,6/9/2015 18:00,18:00,6,0,0,HUMBOLDT ST 1000 BLK N & 10TH AVE E,1,1,0,7,1,4,,,25,0,0,0,0,0,4,2,2
,2015_23359,0,0,11/7/2015 21:45,21:45,5,0,0,HARRISON ST & 1580 N (ALLEY SIDE),1,3,1,0,3,5,,,15,0,0,0,0,0,4,1,5
,2015_23360,0,0,7/24/2015 16:59,16:59,3,0,0,JOSEPHINE ST S & YALE AVE E,1,1,0,0,1,1,,,30,0,0,0,0,0,4,2,1
,2015_23361,0,0,7/18/2015 2:55,2:55,6,0,1,KNOX CT N & ELLSWORTH AVE W,1,3,0,7,1,4,,,35,0,0,0,0,2,4,3,2
,2015_23362,0,0,5/7/2015 22:55,22:55,6,0,0,LINCOLN ST S & BAYAUD AVE E,2,3,0,1,1,4,,,30,0,0,0,0,1,4,2,6
,2015_23363,0,0,2/9/2015 14:40,14:40,12,0,0,LINCOLN ST 600 BLK S & CENTER AVE E,1,1,0,7,1,3,,,30,0,0,0,0,0,4,2,3
,2015_23364,0,0,6/3/2015 23:49,23:49,6,0,0,LIPAN ST & 1200 BLK S,1,3,0,0,1,4,,,30,0,0,0,0,0,4,2,12
,2015_23365,0,0,8/24/2015 10:06,10:06,14,0,0,LARIMER ST 1400 BLK & 14TH ST,1,1,0,0,1,4,,,25,0,0,0,0,0,4,2,14
,2015_23366,0,0,9/4/2015 18:35,18:35,12,0,0,LAWRENCE ST & 1700 BLK,1,1,1,0,1,3,,,25,0,0,0,0,0,4,2,14
,2015_23367,0,0,7/4/2015 21:00,21:00,12,0,0,LOWELL BLVD S & RADCLIFF AVE W,1,3,0,7,1,1,,,35,0,0,0,0,0,4,2,5
,2015_23368,0,0,10/31/2015 4:50,4:50,6,0,0,LOWELL BLVD 4400 BLK S & RADCLIFF AVE W,1,3,1,7,1,4,,,30,0,0,0,0,0,4,2,5
,2015_23369,0,0,6/14/2015 10:16,10:16,6,0,0,MARION ST N & 29TH AVE E,1,1,0,0,1,4,,,25,0,0,0,0,0,4,3,13
,2015_23370,0,0,3/17/2015 18:00,18:00,11,0,0,MEADE ST & 13TH AVE W,1,1,0,0,1,4,,,15,0,1,0,0,1,4,2,13
,2015_23371,0,0,6/19/2015 6:13,6:13,6,0,0,MEADE ST 4500 BLK N & 46TH AVE W,1,1,0,7,1,4,,,25,0,0,0,0,0,4,2,14
,2015_23372,0,0,7/6/2015 5:09,5:09,6,0,0,MOLINE ST 4700 BLK N & 47TH AVE E,1,2,0,0,1,4,,,25,0,0,0,0,0,4,1,14
,2015_23373,0,0,6/17/2015 9:48,9:48,6,0,0,NEWTON ST 1000 BLK & 10TH AVE W,1,1,0,7,1,3,,,25,0,0,0,0,0,4,2,14
,2015_23374,0,0,3/26/2015 14:41,14:41,3,0,0,PARK AVE W & GLOBEVILLE RD N,1,1,1,7,1,1,,,35,0,0,0,0,1,4,2,16
,2015_23375,0,0,5/20/2015 21:56,21:56,1,0,1,PARK AVE W & GLOBEVILLE RD,2,3,1,2,1,1,,,35,0,0,0,0,3,4,3,16
,2015_23376,0,0,7/3/2015 10:52,10:52,3,0,0,PARK AVE W & LAWRENCE ST,1,1,0,7,1,1,,,30,0,0,0,0,0,4,2,16
,2015_23377,0,0,8/3/2015 1:12,1:12,5,0,0,ONEIDA ST S & 1696,1,2,0,0,4,1,,,25,0,0,0,0,0,4,1,5
,2015_23378,0,0,12/18/2015 11:10,11:10,15,0,0,PARK AVE W & BROADWAY ST N,2,1,0,0,1,1,,,30,0,0,0,0,0,4,2,13
,2015_23379,0,0,1/4/2015 7:39,7:39,5,0,0,QUEBEC ST (200 BLK S) & ALAMEDA AVE E,5,1,2,0,2,4,,,30,0,0,0,0,1,4,1,14
,2015_23380,0,0,5/1/2015 11:00,11:00,6,0,0,RACE ST N & 35TH AVE E,1,1,1,0,2,2,,,25,0,0,0,0,0,4,2,13
,2015_23381,0,0,2/13/2015 23:53,23:53,6,0,0,RALEIGH ST & 1100 BLK S,1,4,1,0,1,4,,,25,0,0,0,0,0,4,2,5
,2015_23382,0,0,1/5/2015 20:24,20:24,10,0,0,14TH ST & BLAKE ST,2,3,0,0,1,1,,,30,0,0,0,0,0,4,2,8
,2015_23383,0,0,10/8/2015 14:30,14:30,15,0,0,17TH ST & LARIMER ST,1,1,0,0,1,1,,,30,0,0,0,0,0,4,2,16
,2015_23384,0,0,2/27/2015 16:18,16:18,11,0,0,16TH ST & CHAMPA ST,6,1,1,0,1,1,,,,0,1,0,0,0,4,2,13
,2015_23385,0,0,7/21/2015 14:04,14:04,15,0,0,17TH ST & 600 BLK,1,1,0,7,1,4,,,30,0,0,0,0,0,4,2,16
,2015_23386,0,0,3/21/2015 11:09,11:09,10,0,0,17TH ST & ARAPAHOE ST,1,1,0,0,1,1,,,30,0,0,0,0,0,4,2,13
,2015_23387,0,0,3/8/2015 0:05,0:05,3,0,0,19TH ST & CURTIS ST,1,4,1,7,1,1,,,25,0,0,0,0,0,4,2,14
,2015_23388,0,0,1/18/2015 18:35,18:35,1,0,0,20TH ST & CHESTNUT ST,1,3,0,7,1,1,,,30,0,0,0,0,0,4,2,1
,2015_23389,0,0,5/2/2015 23:27,23:27,12,0,0,20TH ST 2200 BLK & LITTLE RAVEN ST,1,3,0,7,1,3,,,35,0,0,0,0,1,4,3,5
,2015_23390,0,0,8/6/2015 17:20,17:20,3,0,0,24TH ST & LAWRENCE ST,1,1,0,7,1,1,,,25,0,0,0,0,0,4,2,8
,2015_23391,0,0,3/22/2015 14:45,14:45,6,0,0,27TH ST & BLAKE ST,1,1,1,7,1,4,,,25,0,0,0,0,0,4,2,14
,2015_23392,0,0,2/22/2015 18:20,18:20,12,0,0,28TH ST & BROADWAY ST N,4,3,1,2,1,4,,,30,0,0,0,0,0,4,2,14
,2015_23393,0,0,12/31/2015 12:00,12:00,6,0,0,25TH ST & 500 BLK,1,1,0,7,1,4,,,30,0,0,0,0,0,4,2,16
,2015_23394,0,0,3/21/2015 17:07,17:07,3,0,1,SPEER BLVD 1100 BLK N & 11TH AVE W,1,1,0,0,1,3,,,35,0,0,0,0,2,4,2,1
,2015_23395,0,0,1/7/2015 1:55,1:55,3,0,1,SPEER BLVD N & AURARIA PKWY,1,3,0,7,1,1,,,30,0,0,0,0,2,4,2,14
,2015_23396,0,0,11/26/2015 11:36,11:36,6,0,0,SHOSHONE ST 4400 BLK N & 45TH AVE W,5,1,0,2,1,4,,,30,0,0,0,0,0,4,2,14
,2015_23397,0,0,7/2/2015 14:24,14:24,3,0,0,SPEER BLVD N & WASHINGTON ST S,1,1,0,0,1,1,,,30,0,0,0,0,1,4,2,13
,2015_23398,0,0,8/10/2015 12:56,12:56,15,0,0,8TH AVE & 2900 BLK W,1,1,1,0,1,4,,,35,0,0,0,0,0,4,2,13
,2015_23399,0,0,5/27/2015 20:01,20:01,6,0,0,TEJON ST N & 34TH AVE W,1,3,0,7,1,4,,,30,0,0,0,0,0,4,3,5
,2015_23400,0,0,3/22/2015 3:35,3:35,6,0,0,TENNESSEE AVE W & S OSCEOLA ST,1,4,0,7,1,4,,,25,0,0,0,0,0,4,3,5
,2015_23402,0,0,4/24/2015 14:18,14:18,3,0,0,WALNUT ST & 2300 BLK,1,1,1,0,1,1,,,30,0,0,0,0,0,4,2,7
,2015_23403,0,0,8/8/2015 19:57,19:57,5,0,0,WALNUT ST & 9TH ST,1,2,0,0,3,1,,,10,0,0,0,0,0,4,1,13
,2015_23404,0,0,9/25/2015 17:40,17:40,2,0,1,WASHINGTON ST 500 BLK N & 6TH AVE E,1,1,0,0,1,2,,,25,1,0,0,0,3,4,2,1
,2015_23406,0,0,3/21/2015 2:00,2:00,12,0,0,WAZEE ST 1800 BLK & 18TH ST,1,3,0,7,1,4,,,35,0,0,0,0,0,4,2,14
,2015_23407,0,0,2/21/2015 13:46,13:46,12,0,0,WELTON ST 3000 BLK & DOWNING ST N,2,1,0,2,1,3,,,30,0,0,0,0,0,4,2,16
,2015_23408,0,0,4/6/2015 12:22,12:22,6,0,0,WOLFF ST & 800 BLK N,1,1,2,0,1,4,,,25,0,0,0,0,0,4,3,13
,2015_23409,0,0,8/14/2015 19:45,19:45,6,0,0,YATES ST 1310 N & 13TH AVE W,1,2,0,7,1,4,,,25,0,0,0,0,0,4,2,16
,2015_23410,0,0,6/15/2015 17:36,17:36,15,0,0,YALE AVE 2400 BLK E & UNIVERSITY BLVD S,2,1,0,1,1,4,,,25,0,0,0,0,0,4,2,13
,2015_23411,0,0,8/5/2015 3:05,3:05,6,0,0,YATES ST N & 9TH AVE W,1,3,1,0,1,4,,,25,0,0,0,0,0,4,2,13
,2015_23412,0,0,5/20/2015 10:45,10:45,15,0,0,YATES ST S & VIRGINIA AVE W,1,1,0,1,1,1,,,25,0,0,0,0,0,4,2,16
,2015_23413,0,0,7/11/2015 21:10,21:10,5,0,0,YOSEMITE ST S & MANSFIELD AVE E,1,3,0,0,3,1,,,35,0,0,0,0,0,4,1,5
,2015_23414,0,0,8/14/2015 16:54,16:54,12,0,0,ZUNI ST & 4400 BLK N,1,1,1,7,1,4,,,30,0,0,0,0,0,4,3,16
,2015_23415,0,0,5/5/2015 16:35,16:35,3,0,0,PARIS ST & 4700 BLK N,2,1,0,1,1,2,,,25,0,0,0,0,0,4,2,3
,2015_23521,39.668826,-104.940615,5/5/2015 20:50,20:50,3,0,0,COLORADO BLVD S & YALE AVE E,2,3,0,1,1,2,,,35,0,0,0,0,0,2,2,13
,2015_23522,39.729182,-104.940625,6/3/2015 16:37,16:37,1,0,0,COLORADO BLVD 800 BLK N & 8TH AVE E,1,1,0,0,1,1,,,30,0,0,0,0,0,2,2,13
,2015_23523,39.738302,-104.940614,7/14/2015 10:55,10:55,12,0,0,COLORADO BLVD 1300 BLK N & 14TH AVE E,1,1,0,0,1,3,,,35,0,0,0,0,1,2,2,4
,2015_23524,39.746044,-104.940605,5/29/2015 15:43,15:43,12,0,0,COLORADO BLVD 1800 BLK N & 19TH AVE E,1,1,1,0,1,3,,,30,0,0,0,0,0,2,2,13
,2015_23525,39.781472,-104.940493,5/14/2015 8:55,8:55,15,0,0,COLORADO BLVD N & I-70 WB OFF RAMP,1,1,1,0,1,1,,,35,0,0,0,0,0,2,2,13
,2015_23526,39.774188,-104.94051,2/16/2015 18:03,18:03,5,0,0,COLORADO BLVD & 41ST AVE,5,3,1,2,2,4,,,45,0,0,0,0,0,2,2,13
,2015_23527,39.776223,-104.940517,3/23/2015 20:44,20:44,5,0,0,COLORADO BLVD N & SMITH RD E,1,3,1,0,1,4,,,40,0,0,0,0,0,2,2,14
,2015_23534,39.725211,-105.017879,12/12/2015 7:54,7:54,15,0,0,6TH AVE W & I-25,1,1,0,0,1,4,,,55,0,0,0,0,0,2,2,13
,2015_23558,39.684918,-104.950446,6/26/2015 15:21,15:21,12,0,0,I-25 & STEELE ST S,1,1,0,0,1,4,,,55,0,0,0,0,0,1,2,13
,2015_23559,39.678363,-104.933558,12/22/2015 17:28,17:28,12,0,0,I-25 & EVANS AVE E,1,3,0,0,1,4,,,55,0,0,0,0,0,1,2,13
,2015_23560,39.68376,-104.943035,7/30/2015 12:15,12:15,12,0,0,I-25 NB RAMP & COLORADO BLVD,1,1,1,0,1,4,,,60,0,0,0,0,1,1,2,12
,2015_23561,39.68492,-104.959513,1/3/2015 10:02,10:02,15,0,0,UNIVERSITY BLVD S & I-25,2,1,0,0,1,4,,,30,0,0,0,0,0,1,1,13
,2015_23562,39.69304,-104.97773,5/29/2015 16:50,16:50,15,0,0,I-25 & LOUISIANA AVE,1,1,0,0,1,4,,,55,0,0,0,0,0,1,2,14
,2015_23563,39.701251,-104.987199,5/8/2015 15:23,15:23,10,0,0,LINCOLN ST S & OHIO AVE E,2,1,0,1,1,1,,,30,0,0,0,0,0,1,2,13
,2015_23564,39.701452,-104.987435,6/10/2015 14:29,14:29,12,0,0,I-25 & BROADWAY ST S,1,1,0,0,1,4,,,55,0,0,0,0,0,1,2,13
,2015_23565,39.701452,-104.987435,6/16/2015 16:39,16:39,12,0,0,I-25 & BROADWAY ST S,1,1,1,0,1,4,,,55,0,0,0,0,1,1,2,3
,2015_23566,39.710625,-104.998552,3/23/2015 22:05,22:05,12,0,3,I-25 SB OFF RAMP & SANTA FE DR,1,3,0,0,1,8,,,65,0,0,0,0,3,1,2,5
,2015_23567,39.760997,-105.004275,11/11/2015 3:00,3:00,5,0,0,20TH ST & I-25 NB RAMPS,2,3,0,2,2,1,,,25,0,0,0,0,0,1,1,16
,2015_23568,39.71124,-104.998918,5/4/2015 14:52,14:52,12,0,0,I-25 & ALAMEDA AVE W,1,1,0,0,1,4,,,55,0,0,0,0,0,1,3,1
,2015_23569,39.71124,-104.998918,11/12/2015 13:26,13:26,15,0,0,I-25 & ALAMEDA AVE W,1,1,0,0,1,4,,,55,0,0,0,0,0,1,2,16
,2015_23570,39.72543,-105.013021,7/6/2015 11:15,11:15,12,0,0,I-25 & 6TH AVE W,2,1,1,1,1,4,,,55,0,0,0,0,0,1,2,13
,2015_23571,39.726455,-105.013672,2/3/2015 5:45,5:45,12,0,0,I-25 & 8TH AVE W,1,1,0,0,1,8,,,25,0,0,0,0,0,1,2,13
,2015_23572,39.729334,-105.014821,4/9/2015 2:20,2:20,12,0,0,I-25 & 8TH AVE W,1,3,0,0,1,4,,,55,0,0,0,0,1,1,2,13
,2015_23573,39.712796,-104.999842,12/2/2015 4:18,4:18,9,1,0,I-25 & ALAMEDA AVE W,8,3,1,0,1,4,,,55,0,0,0,1,4,1,4,13
,2015_23574,39.72964,-105.014931,8/14/2015 17:40,17:40,12,0,0,I-25 & W 8TH AVE,1,1,0,7,1,4,,,55,0,0,0,0,0,1,2,16
,2015_23575,39.730058,-105.015082,11/12/2015 16:41,16:41,12,0,0,I-25 NB ON RAMP & 6TH AVE W,1,1,0,0,1,8,,,55,0,0,0,0,0,1,2,16
,2015_23576,39.739366,-105.01387,9/7/2015 21:20,21:20,12,0,0,I-25 & COLFAX AVE W,1,3,1,0,1,4,,,55,0,0,0,0,0,1,2,13
,2015_23577,39.737517,-105.013923,8/3/2015 10:46,10:46,12,0,0,I-25 & 13TH AVE,1,1,1,0,1,4,,,55,0,0,0,0,1,1,2,13
,2015_23578,39.738593,-105.01383,1/30/2015 10:59,10:59,5,0,0,I-25 NB OFF COLLECTOR RAMP & COLFAX AVE W,1,1,1,0,2,8,,,55,0,0,0,0,0,1,1,7
,2015_23579,39.739366,-105.01387,7/29/2015 14:01,14:01,12,0,0,I-25 & COLFAX AVE W,1,1,0,0,1,4,,,55,0,0,0,0,0,1,2,13
,2015_23580,39.74035,-105.013939,2/2/2015 8:00,8:00,15,0,0,I-25 NB & COLFAX AVE,5,1,0,0,1,4,,,55,0,0,0,0,0,1,2,13
,2015_23581,39.768673,-104.993436,1/7/2015 15:14,15:14,5,0,0,I-25 & PARK AVE WEST,1,1,1,0,1,8,,,55,0,0,0,0,0,1,1,8
,2015_23582,39.776308,-104.989212,2/12/2015 17:50,17:50,12,0,0,I-25 & I-70,1,3,0,0,1,8,,,45,0,0,0,0,1,1,4,3
,2015_23584,39.760997,-105.004275,8/7/2015 6:20,6:20,15,0,0,I-25 & 20TH ST,1,1,0,0,1,4,,,55,0,0,0,0,0,1,2,13
,2015_23594,39.670857,-104.866047,5/10/2015 11:37,11:37,12,0,0,HAVANA ST S & PARKER RD S,1,1,0,0,1,1,,,45,0,0,0,0,1,2,3,1
,2015_23615,39.785534,-104.89964,6/28/2015 22:10,22:10,12,0,0,NORTHFIELD BLVD E & QUEBEC ST N,1,3,0,0,1,1,,,35,0,0,0,0,0,2,2,3
,2015_23636,39.740343,-105.033006,5/23/2015 22:45,22:45,14,0,0,COLFAX AVE W & KING ST N,1,3,0,0,1,1,,,30,0,0,0,0,0,2,2,13
,2015_23638,39.740048,-104.999949,12/3/2015 18:50,18:50,15,0,0,SANTA FE DR 1500 BLK N & COLFAX AVE W,1,3,0,0,1,1,,,30,0,0,0,0,0,2,2,13
,2015_23639,39.740078,-104.91389,3/12/2015 0:33,0:33,12,0,0,COLFAX AVE E & LOCUST ST N,1,3,0,0,1,1,,,35,0,0,0,0,0,2,2,13
,2015_23640,39.740079,-104.912395,4/27/2015 9:10,9:10,3,0,0,COLFAX AVE E & MONACO ST N,2,1,0,1,1,1,,,35,0,0,0,0,0,2,2,8
,2015_23642,39.740012,-104.969101,10/22/2015 21:37,21:37,6,0,0,COLFAX AVE E & FRANKLIN ST N,2,3,1,0,1,4,,,30,0,0,0,0,0,2,3,7
,2015_23644,39.740136,-104.945369,10/22/2015 10:10,10:10,10,0,0,COLFAX AVE E & MONROE ST N,2,1,0,1,1,1,,,35,0,0,0,0,0,2,2,13
,2015_23678,39.784221,-105.025096,4/14/2015 8:31,8:31,12,0,0,I-70 & FEDERAL BLVD N,1,1,0,0,1,4,,,55,0,0,0,0,0,1,2,13
,2015_23679,39.783138,-105.006328,2/17/2015 9:20,9:20,15,0,0,I-70 & PECOS ST N,4,1,0,2,1,4,,,55,0,0,0,0,0,1,2,13
,2015_23680,39.783138,-105.006328,5/4/2015 8:21,8:21,12,0,0,I-70 & PECOS ST N,2,1,0,0,1,4,,,55,0,0,0,0,0,1,2,13
,2015_23681,39.783138,-105.006328,5/6/2015 18:02,18:02,5,0,0,PECOS ST & I-70 WB ON RAMP,1,1,0,0,2,6,,,45,0,0,0,0,0,1,1,13
,2015_23682,39.775055,-104.859197,1/3/2015 16:15,16:15,5,0,0,I-70 & MM 281,5,2,1,2,2,4,,,55,0,0,0,0,1,1,1,1
,2015_23683,39.779435,-104.979009,4/8/2015 6:56,6:56,15,0,0,I-70 & WASHINGTON ST N,1,1,0,0,1,4,,,55,0,0,0,0,0,1,2,13
,2015_23684,39.779435,-104.979009,1/29/2015 6:50,6:50,12,0,0,I-70 & I-25,1,1,1,0,1,4,,,55,0,0,0,0,0,1,2,13
,2015_23685,39.779998,-104.950002,12/16/2015 16:00,16:00,12,0,0,I-70 WB ON RAMP FROM & STEELE ST N,2,1,1,0,1,8,,,45,0,0,0,0,0,1,2,3
,2015_23686,39.779997,-104.949807,2/2/2015 6:08,6:08,12,0,0,I-70 & VASQUEZ BLVD N,5,1,0,0,1,4,,,55,0,0,0,0,0,1,2,13
,2015_23687,39.779997,-104.949807,7/24/2015 6:14,6:14,5,0,0,I-70 & STEELE ST,1,1,0,0,1,4,,,55,0,0,0,0,0,1,2,13
,2015_23688,39.778271,-104.89681,1/5/2015 16:18,16:18,12,0,0,I-70 & I-270,2,1,0,0,1,4,,,55,0,0,0,0,0,1,2,13
,2015_23689,39.778271,-104.89681,2/12/2015 22:42,22:42,5,0,0,I-70 & I-270 WB,1,4,0,0,2,4,,,55,0,0,0,0,0,1,1,13
,2015_23690,39.777386,-104.885635,7/28/2015 18:22,18:22,12,0,0,I-70 & CENTRAL PARK BLVD N,1,1,0,0,1,4,,,55,0,0,0,0,1,1,2,13
,2015_23691,39.77582,-104.868058,3/18/2015 14:23,14:23,12,0,0,I-70 & HAVANA ST N,1,1,1,0,1,4,,,55,0,0,0,0,0,1,2,13
,2015_23692,39.774789,-104.85611,2/4/2015 17:47,17:47,12,0,0,I-70 & PEORIA ST,1,3,0,0,1,4,,,55,0,0,0,0,0,1,2,13
,2015_23693,39.774068,-104.847761,7/23/2015 6:55,6:55,12,0,0,I-70 EB OFF SLIP RAMP & PEORIA ST N,1,1,1,0,1,8,,,25,0,0,0,0,0,1,2,13
,2015_23694,39.774005,-104.847034,1/12/2015 11:48,11:48,12,0,0,I-70 & PEORIA ST N,1,1,1,0,1,4,,,55,0,0,0,0,0,1,2,1
,2015_23695,39.774005,-104.847034,2/1/2015 23:30,23:30,5,0,0,I-70 EB RAMPS & PEORIA ST N,1,3,0,0,3,1,,,25,0,0,0,0,0,1,1,5
,2015_23696,39.774005,-104.847034,7/15/2015 7:25,7:25,12,0,0,I-70 EB RAMPS & PEORIA ST,1,1,0,0,1,1,,,35,0,0,0,0,0,1,2,13
,2015_23697,39.773624,-104.842528,1/30/2015 17:30,17:30,12,0,0,I-70 EB ON  RAMP GORE PT FROM & PEORIA ST N,1,2,1,0,1,8,,,55,0,0,0,0,0,1,2,4
,2015_23698,39.773022,-104.83559,6/29/2015 13:45,13:45,12,0,0,I-70 WB ON LOOP RAMP FROM NB & I-225,1,1,0,0,1,8,,,55,0,0,0,0,0,1,2,14
,2015_23699,39.773973,-104.846662,11/14/2015 20:00,20:00,15,0,0,I-70 & N PEORIA ST,1,3,0,0,1,4,,,60,0,0,0,0,0,1,2,1
,2015_23724,39.702965,-104.912888,4/15/2015 13:20,13:20,12,0,0,LEETDALE DR 6500 BLK & MONACO ST S,1,1,0,0,1,1,,,40,0,0,0,0,0,2,2,1
,2015_23726,39.698614,-104.903604,8/21/2015 16:10,16:10,15,0,0,QUEBEC ST S & LEETSDALE DR,1,1,0,0,1,3,,,40,0,0,0,0,0,2,2,13
,2015_23728,39.711407,-104.936566,9/9/2015 7:10,7:10,12,0,0,LEETSDALE DR 200 BLK & ALAMEDA AVE E,1,1,0,0,1,3,,,30,0,0,0,0,0,2,2,1
,2015_23729,39.711328,-104.936473,1/19/2015 9:50,9:50,15,0,0,LEETSDALE DR & ALAMEDA AVE E,1,1,0,0,1,1,,,30,0,0,0,0,0,2,2,1
,2015_23743,39.737975,-105.025273,8/3/2015 18:36,18:36,9,0,0,FEDERAL BLVD N & 14TH AVE W,1,1,1,0,1,1,,,35,0,0,0,0,0,2,2,7
,2015_23744,39.729259,-105.02515,7/17/2015 13:55,13:55,12,0,0,FEDERAL BLVD 700 BLK N & 8TH AVE W,1,1,0,0,1,4,,,35,0,0,0,0,0,2,2,12
,2015_23745,39.729259,-105.02515,9/2/2015 16:20,16:20,15,0,0,FEDERAL BLVD & 8TH AVE W,1,1,0,0,1,4,,,30,0,0,0,0,0,2,2,14
,2015_23746,39.725493,-105.025119,5/12/2015 11:33,11:33,12,0,0,FEDERAL BLVD 600 BLK N & 6TH AVE W,1,1,0,0,1,4,,,35,0,0,0,0,0,2,2,14
,2015_23747,39.720254,-105.025191,5/26/2015 2:26,2:26,5,0,0,2ND AVE W & FEDERAL BLVD N,1,3,1,0,2,1,,,25,0,0,0,0,0,2,1,5
,2015_23748,39.689251,-105.025057,3/27/2015 14:46,14:46,3,0,0,FEDERAL BLVD S & FLORIDA AVE W,1,1,1,0,1,2,,,40,0,0,0,0,0,2,2,7
,2015_23750,39.682271,-105.025016,1/21/2015 10:00,10:00,1,0,0,FEDERAL BLVD S & JEWELL AVE W,2,1,0,2,1,1,,,40,0,0,0,0,0,2,4,7
,2015_23751,39.700563,-105.025082,11/19/2015 18:43,18:43,11,0,1,FEDERAL BLVD S & KENTUCKY AVE W,1,3,0,0,1,4,,,,0,1,0,0,2,2,2,16
,2015_23754,39.665099,-105.02514,9/26/2015 20:27,20:27,3,0,0,FEDERAL BLVD & 2800 BLK S,1,3,0,0,1,2,,,35,0,0,0,0,0,2,2,9
,2015_23765,39.651763,-105.052959,1/6/2015 8:10,8:10,12,0,0,HAMPDEN AVE S SERVICE RD & SHERIDAN BLVD S,5,1,0,2,1,1,,,25,0,0,0,0,0,2,2,13
,2015_23766,39.656175,-105.053223,3/9/2015 8:10,8:10,11,0,0,SHERIDAN BLVD S & DARTMOUTH AVE W,1,1,0,0,1,1,,,35,0,1,0,0,1,2,2,13
,2015_23767,39.656175,-105.053223,4/18/2015 13:30,13:30,15,0,0,SHERIDAN BLVD S & DARTMOUTH AVE W,1,1,0,0,1,1,,,40,0,0,0,0,0,2,4,5
,2015_23769,39.665351,-105.05324,10/30/2015 17:25,17:25,12,0,1,SHERIDAN BLVD S & AMHERST AVE W,1,1,0,0,1,4,,,40,0,0,0,0,2,2,2,3
,2015_23770,39.663465,-105.053236,6/21/2015 13:50,13:50,10,0,0,SHERIDAN BLVD S & BATES AVE W,1,1,1,0,1,4,,,40,0,0,0,0,0,2,2,7
,2015_23771,39.665351,-105.05324,1/3/2015 23:00,23:00,5,0,0,SHERIDAN BLVD S & AMHERST AVE W,4,4,1,2,3,4,,,40,0,0,0,0,0,2,1,13
,2015_23772,39.729576,-105.053227,1/29/2015 22:43,22:43,10,0,0,SHERIDAN BLVD N & 8TH AVE W,1,3,0,0,1,1,,,35,0,0,0,0,0,2,2,13
,2015_23774,39.738453,-105.053214,6/2/2015 7:42,7:42,12,0,0,SHERIDAN BLVD N & 14TH AVE W,1,1,0,0,1,3,,,35,0,0,0,0,0,2,2,14
,2015_23777,39.754719,-105.053245,6/19/2015 21:38,21:38,12,0,0,SHERIDAN BLVD 2500 BLK N & 26TH AVE W,1,3,0,0,1,3,,,35,0,0,0,0,1,2,2,13
,2015_23790,39.61833,-105.091109,10/5/2015 16:10,16:10,15,0,0,WADSWORTH BLVD S & CRESTLINE AVE W,1,1,0,0,1,1,,,45,0,0,0,0,0,2,2,3