id,drcog_id,latitude,longitude,crashtime,time,crashtype,numbkilled,numbinjurd,drcoglocat,rdconditin,lightngcon,roadcntgrd,weatherco,location,roaddescrp,schoolzone,constrzone,splimit,bikeinv,pedinv,sctrinv,motoinv,svrty,rdsystem,ttlvehcls,hcf
,2015_23791,39.61833,-105.091109,11/4/2015 19:57,19:57,1,0,0,WADSWORTH BLVD S & CRESTLINE AVE W,1,1,0,0,1,1,,,45,0,0,0,0,0,2,2,7
,2015_23814,39.635523,-104.89346,7/13/2015 12:45,12:45,1,0,1,TAMARAC ST S & I-225 NB RAMPS,1,1,0,0,1,1,,,40,0,0,0,0,2,1,2,13
,2015_23815,39.635523,-104.89346,7/20/2015 23:24,23:24,1,0,0,TAMARAC ST S & I-225 RAMP,1,3,0,0,1,1,,,30,0,0,0,0,0,1,2,13
,2015_23829,39.779661,-104.967133,4/12/2015 13:15,13:15,1,0,0,BRIGHTON BLVD N & I-70 EB RAMPS,1,1,0,0,1,1,,,35,0,0,0,0,0,2,2,13
,2015_23830,39.780016,-104.966898,1/17/2015 10:00,10:00,15,0,0,BRIGHTON BLVD N & I-70 EB,1,1,0,0,1,4,,,35,0,0,0,0,0,2,2,13
,2015_23831,39.780804,-104.966749,8/1/2015 22:55,22:55,1,0,0,E 46TH AVE & N BRIGHTON BLVD,1,3,0,7,1,1,,,35,0,0,0,0,0,2,2,16
,2015_23837,39.653164,-105.052152,5/19/2015 21:31,21:31,8,0,2,HAMPDEN AVE W & SHERIDAN BLVD S,2,3,1,0,1,8,,,,0,0,0,0,2,2,2,8
,2015_23840,0,0,3/30/2015 21:30,21:30,5,0,1,46TH AVE 900 BLK E & PACKING HOUSE RD,1,3,0,7,2,4,,,30,0,0,0,0,2,4,1,3
,2015_23879,39.834236,-104.746855,6/6/2015 9:31,9:31,9,0,1,PENA BLVD & E-470 NB ON RAMP ENT,1,1,0,0,1,4,,,55,0,0,0,1,3,2,1,16
,2015_24013,0,0,5/6/2015 7:50,7:50,3,0,0,1ST AVE W & OSCEOLA ST N,1,1,0,0,1,1,,,30,0,0,0,0,0,4,2,3
,2015_24015,0,0,2/28/2015 16:02,16:02,12,0,0,2ND AVE E & MILWAUKEE ST N,5,1,0,7,1,1,,,25,0,0,0,0,0,4,2,16
,2015_24017,0,0,1/24/2015 12:00,12:00,3,0,0,4TH AVE E & FILLMORE ST N,2,1,0,7,1,1,,,25,0,0,0,0,0,4,2,16
,2015_24018,0,0,7/10/2015 10:51,10:51,15,0,0,6TH AVE & 400 BLK W,1,1,0,0,1,4,,,30,0,0,0,0,0,4,2,3
,2015_24019,0,0,1/14/2015 23:33,23:33,6,0,2,8TH AVE E & COOK ST N,1,3,0,7,1,4,,,30,0,0,0,0,2,4,3,5
,2015_24020,0,0,6/20/2015 15:19,15:19,15,0,0,8TH AVE 1100 BLK E & CORONA ST N,1,1,1,7,1,4,,,30,0,0,0,0,0,4,2,16
,2015_24021,0,0,2/24/2015 22:20,22:20,10,0,0,8TH AVE E & LINCOLN ST N,3,3,0,4,1,1,,,30,0,0,0,0,0,4,2,14
,2015_24022,0,0,4/24/2015 1:45,1:45,6,0,0,8TH AVE W & YATES ST N,1,3,0,7,1,1,,,25,0,0,0,0,0,4,2,16
,2015_24023,0,0,4/10/2015 22:00,22:00,12,0,0,20TH ST 1300 BLK & LAWRENCE ST,1,3,0,7,1,4,,,25,0,0,0,0,0,4,2,16
,2015_24024,0,0,2/7/2015 9:20,9:20,3,0,0,9TH AVE E & KRAMERIA ST N,1,1,0,1,1,1,,,30,0,0,0,0,0,4,2,16
,2015_24025,0,0,7/27/2015 19:29,19:29,3,0,0,14TH AVE E & CLARKSON ST N,1,1,0,7,1,1,,,25,0,0,0,0,1,4,2,16
,2015_24026,0,0,1/26/2015 16:58,16:58,2,0,1,14TH AVE W & SPEER BLVD N,1,2,0,0,1,1,,,30,1,0,0,0,2,4,2,13
,2015_24027,0,0,11/18/2015 16:40,16:40,3,0,0,14TH AVE E & VINE ST N,1,2,0,0,1,1,,,30,0,0,0,1,0,4,2,14
,2015_24028,0,0,12/2/2015 11:50,11:50,12,0,0,28TH AVE E & ROSLYN ST N,1,1,1,0,1,4,,,25,0,0,0,0,0,4,2,10
,2015_24029,0,0,3/12/2015 22:23,22:23,3,0,0,29TH AVE W & ZUNI ST N,1,3,1,1,1,1,,,30,0,0,0,0,1,4,2,16
,2015_24030,0,0,3/12/2015 7:45,7:45,12,0,0,32ND AVE & 4200 BLK E,1,1,0,0,1,4,,,35,0,0,0,0,1,4,3,7
,2015_24031,0,0,7/7/2015 9:01,9:01,6,0,0,34TH AVE W & TEJON ST N,1,1,0,7,1,5,,,25,0,0,0,0,0,4,2,7
,2015_24032,0,0,6/16/2015 15:45,15:45,15,0,0,38TH AVE W & 3042,1,1,0,0,1,4,,,35,0,0,0,0,0,4,2,13
,2015_24033,0,0,5/11/2015 8:00,8:00,3,0,0,39TH AVE W & PECOS ST N,1,1,0,7,1,1,,,35,0,0,0,0,0,4,3,14
,2015_24034,0,0,1/15/2015 18:20,18:20,6,0,0,40TH AVE 1100 BLK W & KALAMATH ST N,1,3,0,7,1,4,,,25,0,0,0,0,0,4,2,7
,2015_24035,0,0,6/29/2015 10:00,10:00,6,0,0,41ST AVE 3042 W & GREEN COURT N,1,1,0,7,1,4,,,25,0,0,0,0,0,4,2,16
,2015_24036,0,0,6/1/2015 14:56,14:56,6,0,0,43RD AVE E & STEELE ST N,1,1,0,7,1,4,,,25,0,0,0,0,0,4,2,2
,2015_24037,0,0,1/16/2015 12:57,12:57,6,0,0,45TH AVE & 3200 BLK W,1,1,1,0,1,5,,,25,0,0,0,0,0,4,2,13
,2015_24038,0,0,6/26/2015 7:00,7:00,6,0,0,ALBROOK DR E & CORNISH WAY N,1,1,0,7,1,3,,,25,0,0,0,0,0,4,2,14
,2015_24039,0,0,6/1/2015 16:39,16:39,1,0,0,46TH AVE E & PEORIA ST N,1,1,0,0,1,1,,,40,0,0,0,0,0,4,2,13
,2015_24040,0,0,4/22/2015 16:30,16:30,14,0,0,47TH AVE E & IRONTON ST N,1,1,0,0,1,1,,,35,0,0,0,0,0,4,2,14
,2015_24041,0,0,5/10/2015 22:42,22:42,12,0,0,47TH AVE 600 BLK E & WASHINGTON ST N,1,3,0,7,1,4,,,30,0,0,0,0,0,4,2,5
,2015_24042,0,0,12/10/2015 8:15,8:15,11,0,1,50TH AVE W & LOWELL BLVD N,1,1,1,0,1,1,,,30,0,1,0,0,2,4,2,3
,2015_24043,0,0,8/1/2015 21:15,21:15,12,0,0,56TH AVE E & TOWER RD N,1,3,0,7,1,4,,,45,0,0,0,0,0,4,2,1
,2015_24044,0,0,1/21/2015 11:55,11:55,15,0,0,78TH AVE E & JACKSON GAP ST N,2,1,0,2,1,1,,,35,0,0,0,0,0,4,2,16
,2015_24045,0,0,1/29/2015 12:28,12:28,5,0,0,AIRPORT WAY N & BOLLING DR E,1,1,1,7,3,1,,,30,0,0,0,0,0,4,1,7
,2015_24046,0,0,12/7/2015 8:29,8:29,2,0,1,51ST AVE E & 51ST DR E,1,1,1,0,1,1,,,25,1,0,0,0,2,4,2,14
,2015_24047,0,0,3/10/2015 15:49,15:49,11,0,0,ALAMEDA AVE E & DAYTON ST S,1,1,0,0,1,1,,,25,0,1,0,0,0,4,2,13
,2015_24048,0,0,1/16/2015 17:45,17:45,1,0,0,ALAMEDA AVE W & SANTA FE DR S,1,3,0,7,1,1,,,30,0,0,0,0,1,4,2,3
,2015_24049,0,0,4/23/2015 17:08,17:08,12,0,0,ALAMEDA AVE 8600 BLK E & XENIA ST S,1,1,0,7,1,4,,,35,0,0,0,0,1,4,2,3
,2015_24050,0,0,6/4/2015 7:20,7:20,6,0,0,ALBION ST 1500 BLK N & COLFAX AVE,1,1,0,7,1,4,,,30,0,0,0,0,0,4,2,16
,2015_24051,0,0,1/27/2015 21:54,21:54,15,0,0,BLAKE ST 1600 BLK & 16TH ST,1,3,0,7,1,4,,,30,0,0,0,0,0,4,2,3
,2015_24052,0,0,2/4/2015 14:48,14:48,12,0,0,BRIGHTON BLVD & 4300 BLK N,1,1,0,0,1,4,,,35,0,0,0,0,0,4,3,15
,2015_24053,0,0,8/12/2015 9:53,9:53,15,0,0,N BRIGHTON BLVD & 44TH ST,1,1,0,7,1,2,,,35,0,0,0,0,0,4,2,8
,2015_24054,0,0,3/18/2015 16:45,16:45,12,0,0,BROADWAY ST & 700 BLK N,1,1,0,0,1,4,,,30,0,0,0,0,0,4,2,13
,2015_24055,0,0,6/7/2015 2:15,2:15,6,0,0,BROADWAY 1000 BLK N & 10TH AVE E,1,3,0,7,1,4,,,35,0,0,0,0,0,4,2,14
,2015_24056,0,0,5/26/2015 11:55,11:55,15,0,0,BROADWAY 1200 BLK N & 12TH AVE,1,1,0,0,1,4,,,30,0,0,0,0,0,4,2,13
,2015_24057,0,0,1/23/2015 17:58,17:58,12,0,0,BROADWAY ST 200 BLK S & ALAMEDA AVE E,1,3,0,7,1,4,,,30,0,0,0,0,0,4,2,3
,2015_24058,0,0,1/16/2015 19:53,19:53,6,0,0,BROADWAY ST 1200 BLK S & LOUISIANA AVE E,1,3,0,7,1,3,,,35,0,0,0,0,0,4,2,1
,2015_24059,0,0,6/11/2015 7:03,7:03,12,0,0,BROADWAY ST & WALNUT ST,1,1,0,7,1,4,,,30,0,0,0,0,0,4,2,16
,2015_24060,0,0,3/25/2015 13:24,13:24,3,0,0,BROADWAY ST N & WELTON ST,1,1,0,2,1,1,,,30,0,0,0,0,0,4,2,13
,2015_24061,0,0,12/1/2015 16:28,16:28,15,0,0,BROADWAY ST 1000 BLK S & MISSISSIPPI AVE E,1,1,0,0,1,4,,,35,0,0,0,0,0,4,2,14
,2015_24062,0,0,8/18/2015 7:40,7:40,12,0,0,BROADWAY ST 1900 BLK N & GLENARM PL,1,1,0,0,1,3,,,30,0,0,0,0,0,4,2,13
,2015_24063,0,0,5/26/2015 21:30,21:30,6,0,0,CENTRAL PARK BLVD N & 29TH AVE E,1,3,0,7,1,4,,,35,0,0,0,0,0,4,2,16
,2015_24064,0,0,5/9/2015 9:58,9:58,12,0,0,CENTER AVE E & BROADWAY ST S,2,1,0,1,1,4,,,25,0,0,0,0,0,4,3,16
,2015_24065,0,0,1/26/2015 17:07,17:07,13,0,0,CROWN BLVD & 51ST AVE E,1,2,1,0,1,4,,,25,0,0,0,0,1,4,2,13
,2015_24066,0,0,2/26/2015 23:41,23:41,6,0,0,CORONA ST & 700 BLK N,5,4,0,2,1,4,,,30,0,0,0,0,0,4,2,5
,2015_24067,0,0,1/16/2015 19:19,19:19,3,0,0,CRESTLINE AVE 8000 BLK W & WADSWORTH BLVD S,1,3,0,7,1,1,,,35,0,0,0,0,0,4,2,1
,2015_24068,0,0,11/28/2015 15:45,15:45,3,0,0,CROWN BLVD N & MAXWELL PL E,1,2,0,0,1,1,,,30,0,0,0,0,1,4,2,1
,2015_24069,0,0,8/28/2015 15:25,15:25,12,0,2,DAKOTA AVE W & CLAY ST S,1,1,0,0,1,1,,,25,0,0,0,0,2,4,2,13
,2015_24070,0,0,1/20/2015 8:30,8:30,6,0,0,ESPOSITION AVE W & WOLFF ST S,1,1,0,7,1,1,,,25,0,0,0,0,0,4,2,16
,2015_24071,0,0,5/21/2015 14:58,14:58,12,0,0,EVANS AVE W & 500 BLK W,1,1,1,0,1,3,,,35,0,0,0,0,0,4,2,13
,2015_24072,0,0,10/11/2015 2:53,2:53,6,0,0,DOWNING ST 600 BLK S & CENTER AVE,1,3,0,7,1,4,,,30,0,0,0,0,0,4,3,5
,2015_24073,0,0,5/27/2015 17:39,17:39,1,0,0,EVANS AVE E & ASH ST S,1,1,0,0,1,1,,,30,0,0,0,0,1,4,2,13
,2015_24074,0,0,8/8/2015 11:37,11:37,15,0,0,EVANS AVE E & GILPIN ST S,1,1,0,0,1,1,,,35,0,0,0,0,0,4,2,13
,2015_24075,0,0,2/17/2015 17:10,17:10,3,0,0,EVANS AVE 5700 BLK E & HOLLY ST S,1,1,0,0,1,2,,,10,0,0,0,0,0,4,2,3
,2015_24076,0,0,7/2/2015 16:05,16:05,12,0,0,EVANS AVE E & IVANHOE ST S,1,1,0,7,1,1,,,30,0,0,0,0,0,4,3,3
,2015_24077,0,0,4/13/2015 7:10,7:10,3,0,0,EVANS AVE E & ONEIDA ST S,1,1,0,7,1,1,,,35,0,0,0,0,1,4,2,14
,2015_24078,0,0,2/21/2015 16:40,16:40,1,0,0,EVANS AVE E & ST PAUL ST S,4,3,0,2,1,1,,,35,0,0,0,0,0,4,2,13
,2015_24079,0,0,3/10/2015 11:15,11:15,12,0,0,EVANS AVE 2200 BLK E & UNIVERSITY BLVD S,1,1,0,7,1,4,,,35,0,0,0,0,0,4,2,3
,2015_24080,0,0,4/14/2015 7:40,7:40,12,0,0,EVANS AVE W & ZUNI ST S,1,1,1,0,1,2,,,35,0,0,0,0,0,4,4,8
,2015_24081,0,0,6/28/2015 15:46,15:46,1,0,0,EVERETT ST 4600 S & TUFTS AVE W,1,1,0,0,1,2,,,30,0,0,0,0,0,4,2,13
,2015_24082,0,0,2/16/2015 9:00,9:00,5,0,0,SHERMAN ST 1300 BLK S & LOUISIANA AVE E,6,1,0,2,3,1,,,25,0,0,0,0,0,4,1,13
,2015_24083,0,0,6/10/2015 11:55,11:55,15,0,0,FRANKLIN ST 5200 BLK N & 53RD AVE W,1,1,0,0,1,4,,,35,0,0,0,0,0,4,2,14
,2015_24084,0,0,6/12/2015 18:00,18:00,3,0,2,FRASER WAY N & 46TH AVE E,1,1,0,7,1,1,,,25,0,0,0,0,3,4,3,16
,2015_24085,0,0,7/15/2015 2:15,2:15,6,0,0,GIRARD AVE 9800 BLK E & DAYTON ST S,1,3,0,7,1,4,,,35,0,0,0,0,1,4,4,2
,2015_24086,0,0,3/6/2015 11:50,11:50,10,0,0,HIGH ST N & 14TH AVE E,1,1,0,0,1,1,,,30,0,0,0,0,0,4,2,13
,2015_24087,0,0,3/20/2015 19:45,19:45,6,0,0,HUMBOLDT ST 4600 BLK N & 4600 N HUMBOLDT ST,1,2,0,7,1,3,,,30,0,0,0,0,0,4,2,16
,2015_24088,0,0,7/25/2015 12:10,12:10,10,0,0,KALAMATH ST N & 6TH AVE W,1,1,0,0,1,3,,,35,0,0,0,0,0,4,2,13
,2015_24089,0,0,1/10/2015 4:00,4:00,6,0,0,KING CT & 1480 S,5,3,0,0,5,2,,,20,0,0,0,0,0,3,2,7
,2015_24090,0,0,3/29/2015 20:20,20:20,5,0,0,KING ST 700 BLK N & KNOX CT N,1,3,0,0,3,4,,,25,0,0,0,0,0,4,1,5
,2015_24091,0,0,6/14/2015 14:25,14:25,6,0,0,KNOX CT & 700 BLK,1,1,0,0,1,4,,,25,0,0,0,0,0,4,3,2
,2015_24092,0,0,4/20/2015 8:10,8:10,6,0,0,LIPAN ST 1100 BLK N & 12TH AVE W,1,1,0,7,1,4,,,25,0,0,0,0,0,4,2,14
,2015_24093,0,0,7/15/2015 14:50,14:50,12,0,0,LIPAN ST 4500 BLK N & 46TH AVE W,1,1,0,7,1,4,,,25,0,0,0,0,0,4,2,7
,2015_24094,0,0,4/14/2015 15:07,15:07,10,0,0,LOGAN ST N & 7TH AVE E,1,1,1,0,1,1,,,30,0,0,0,0,0,4,2,8
,2015_24095,0,0,5/3/2015 17:55,17:55,6,0,0,LOUISIANA AVE & 3200 BLK W,1,1,0,0,1,2,,,15,0,0,0,0,0,4,2,7
,2015_24096,0,0,3/11/2015 14:27,14:27,12,0,0,LOWELL BLVD N & 49TH AVE W,1,1,0,7,1,1,,,30,0,0,0,0,1,4,2,2
,2015_24097,0,0,1/16/2015 11:55,11:55,15,0,0,LOWRY BLVD E & FAIRMONT DR E,1,1,0,0,1,6,,,35,0,0,0,0,0,4,2,8
,2015_24098,0,0,5/22/2015 15:24,15:24,6,0,0,MARION ST 1900 BLK S & EVANS AVE E,1,1,0,7,1,4,,,25,0,0,0,0,0,4,2,16
,2015_24099,0,0,7/31/2015 18:41,18:41,15,0,0,MARKET ST 2000 BLK & 20TH ST,1,1,0,0,1,4,,,25,0,0,0,0,0,4,2,13
,2015_24100,0,0,6/25/2015 18:25,18:25,6,0,0,MAXWELL PL & 14800 E,1,1,1,7,1,4,,,25,0,0,0,0,0,4,2,1
,2015_24101,0,0,6/12/2015 14:56,14:56,6,0,0,MEADE ST & 1300 BLK N,1,1,1,0,1,4,,,25,0,0,0,0,0,4,2,13
,2015_24102,0,0,4/11/2015 21:47,21:47,11,0,0,WAZEE ST 1500 BLK & 16TH ST,1,3,0,0,1,4,,,30,0,1,0,0,1,4,2,14
,2015_24103,0,0,6/4/2015 14:08,14:08,12,0,0,MONACO PKWY N & 1200 BLK,1,1,0,0,1,3,,,30,0,0,0,0,0,4,2,13
,2015_24104,0,0,7/1/2015 9:09,9:09,14,0,0,MONACO PKWY S & BAYAUD AVE E,1,1,0,0,1,3,,,30,0,0,0,0,0,4,2,13
,2015_24105,0,0,2/6/2015 16:49,16:49,15,0,0,MONACO ST S & EVANS AVE E,1,1,0,7,1,4,,,35,0,0,0,0,0,4,3,3
,2015_24106,0,0,5/22/2015 20:15,20:15,15,0,0,QUEBEC ST 4000 BLK N & 40TH AVE E,1,2,1,7,1,4,,,35,0,0,0,0,0,4,2,4
,2015_24107,0,0,8/4/2015 20:00,20:00,15,0,2,MISSISSIPPI AVE W & RARITAN ST S,1,2,0,0,1,1,,,35,0,0,0,0,2,4,3,13
,2015_24108,0,0,8/9/2015 0:15,0:15,12,0,0,MILE HIGH STADIUM CIRCLE & 20TH ST W,1,3,0,0,1,4,,,30,0,0,0,0,0,4,2,14
,2015_24109,0,0,2/19/2015 8:50,8:50,3,0,0,MONTVIEW BLVD E & SYRACUSE ST N,1,1,0,7,1,1,,,30,0,0,0,0,0,4,2,16
,2015_24110,0,0,4/3/2015 7:25,7:25,12,0,0,MONTVIEW BLVD & SYRACUSE ST N,1,1,1,7,1,1,,,25,0,0,0,0,0,4,2,7
,2015_24111,0,0,5/1/2015 17:05,17:05,12,0,0,MONTVIEW BLVD E & XENIA ST N,1,1,0,7,1,3,,,35,0,0,0,0,0,4,2,16
,2015_24112,0,0,2/23/2015 9:00,9:00,3,0,0,MORRISON RD & PATTON CT S,4,1,0,2,1,1,,,30,0,0,0,0,0,4,4,8
,2015_24113,0,0,6/17/2015 6:25,6:25,6,0,0,NEWTON ST N & BYRON PL W,1,1,0,7,1,4,,,25,0,0,0,0,0,4,3,16
,2015_24114,0,0,6/20/2015 20:07,20:07,3,0,0,OGDEN ST S & FLORIDA AVE E,1,1,1,7,1,1,,,25,0,0,0,0,1,4,2,1
,2015_24115,0,0,6/15/2015 7:55,7:55,3,0,0,OHIO AVE E & LOGAN ST S,1,1,0,7,1,1,,,25,0,0,0,0,0,4,2,16
,2015_24116,0,0,9/18/2015 17:11,17:11,5,0,0,6TH AVE W & OSAGE ST N,1,1,0,0,3,4,,,15,0,0,0,0,0,4,1,13
,2015_24117,0,0,2/10/2015 16:05,16:05,12,0,0,PENA BLVD 4700 BLK & GVR BLVD,1,1,1,7,1,1,,,45,0,0,0,0,0,4,2,7
,2015_24118,0,0,3/25/2015 16:40,16:40,1,0,1,PEORIA ST N & 44TH AVE E,1,1,0,0,1,2,,,35,0,0,0,0,2,4,2,13
,2015_24119,0,0,1/22/2015 12:44,12:44,6,0,0,QUEBEC ST & 2400 BLK N,1,1,0,0,1,4,,,35,0,0,0,0,0,4,2,14
,2015_24120,0,0,1/20/2015 8:24,8:24,12,0,0,QUEBEC ST & 3900 BLK N,2,1,1,0,1,4,,,35,0,0,0,0,0,4,2,3
,2015_24121,0,0,6/11/2015 12:40,12:40,12,0,0,QUEBEC ST N & 33RD AVE E,1,1,0,7,1,1,,,35,0,0,0,0,0,4,2,16
,2015_24122,0,0,1/26/2015 16:17,16:17,3,0,0,QUEBEC ST S & JEWELL AVE E,1,1,0,0,1,1,,,35,0,0,0,0,1,4,2,13
,2015_24123,0,0,2/3/2015 11:40,11:40,15,0,0,QUINCY AVE 7200 BLK E & QUEBEC ST S,1,1,0,7,1,4,,,35,0,0,0,0,0,4,2,16
,2015_24124,0,0,1/5/2015 17:00,17:00,12,0,0,QUINCY AVE W & S REED ST,2,2,0,7,1,4,,,40,0,0,0,0,0,4,3,3
,2015_24125,0,0,12/31/2015 20:05,20:05,10,0,0,15TH ST & WELTON ST,1,3,0,0,1,1,,,,0,0,0,0,0,4,2,13
,2015_24126,0,0,2/1/2015 22:33,22:33,3,0,0,18TH ST & STOUT ST,5,3,0,7,1,1,,,30,0,0,0,0,0,4,2,2
,2015_24127,0,0,5/28/2015 23:20,23:20,15,0,0,20TH ST & BROADWAY,1,3,0,0,1,1,,,25,0,0,0,0,0,4,2,13
,2015_24128,0,0,6/18/2015 16:40,16:40,12,0,0,20TH ST & CHESTNUT ST,1,1,1,7,1,3,,,25,0,0,0,0,0,4,3,16
,2015_24129,0,0,1/18/2015 17:13,17:13,12,0,0,20TH ST 2200 BLK & LITTLE RAVEN ST,1,3,0,7,1,4,,,30,0,0,0,0,1,4,3,16
,2015_24130,0,0,5/5/2015 10:07,10:07,3,0,0,SHERMAN ST N & 11TH AVE E,2,1,1,1,1,1,,,25,0,0,0,0,0,4,2,16
,2015_24131,0,0,1/26/2015 17:31,17:31,15,0,0,SPEER BLVD N & 29TH AVE W,1,2,1,0,1,4,,,30,0,0,0,0,0,4,2,13
,2015_24132,0,0,10/15/2015 22:45,22:45,12,0,0,SPEER BLVD N & AURARIA PKWY,1,3,0,0,1,1,,,35,0,0,0,0,0,4,2,1
,2015_24133,0,0,2/22/2015 15:51,15:51,12,0,0,SPEER BLVD E & CLARKSON ST N,4,1,0,2,1,1,,,35,0,0,0,0,0,4,2,3
,2015_24134,0,0,11/7/2015 18:22,18:22,12,0,0,SPEER BLVD E & LINCOLN ST N,1,3,0,0,1,1,,,,0,0,0,0,0,4,3,16
,2015_24135,0,0,2/17/2015 16:47,16:47,12,0,0,STUART ST & 3800 BLK N,1,1,1,0,1,4,,,25,0,0,0,0,0,4,2,13
,2015_24136,0,0,4/14/2015 18:05,18:05,10,0,0,SYRACUSE ST 4300 BLK S & QUINCY AVE E,1,1,0,0,1,2,,,25,0,0,0,0,0,4,2,1
,2015_24137,0,0,3/7/2015 15:26,15:26,12,0,0,TAMARAC DR 3600 BLK S & JEFFERSON AVE E,1,1,0,7,1,4,,,30,0,0,0,0,0,4,2,16
,2015_24138,0,0,2/24/2015 16:42,16:42,15,0,0,UNIVERSITY BLVD S & ALAMEDA AVE E,1,1,0,0,1,3,,,30,0,0,0,0,0,4,3,1
,2015_24139,0,0,4/8/2015 15:15,15:15,12,0,0,UNIVERSITY BLVD 700 BLK S & S BONNIE BRAY BLVD,1,1,0,7,1,4,,,30,0,0,0,0,0,4,2,16
,2015_24140,0,0,8/14/2015 8:11,8:11,6,0,0,VRAIN ST N & 44TH AVE W,1,1,0,0,1,4,,,25,0,0,0,0,0,4,2,7
,2015_24141,0,0,4/13/2015 20:55,20:55,5,0,0,WABASH ST 4700 BLK S & UNION AVE E,1,3,1,7,3,4,,,25,0,0,0,0,0,4,1,1
,2015_24142,0,0,3/4/2015 21:23,21:23,5,0,0,WALNUT ST & 3611,4,3,0,0,3,5,,,10,0,0,0,0,0,4,1,5
,2015_24143,0,0,2/27/2015 15:40,15:40,8,0,0,WASHINGTON ST N & 45TH AVE E,5,1,0,0,6,4,,,35,0,0,0,0,0,4,2,13
,2015_24144,0,0,6/3/2015 16:51,16:51,12,0,0,WASHINTON ST N & 45TH AVE E,2,1,1,1,1,1,,,35,0,0,0,0,0,4,2,16
,2015_24145,0,0,12/21/2015 17:16,17:16,5,0,0,WABASH ST N & 1759,1,1,0,0,3,5,,,15,0,0,0,0,0,4,1,13
,2015_24146,0,0,1/12/2015 7:50,7:50,3,0,0,WILLIAMS ST N & 23RD AVE E,1,1,0,7,1,1,,,20,0,0,0,0,0,4,2,16
,2015_24147,0,0,8/9/2015 10:15,10:15,10,0,0,YORK ST 900 BLK N & 9TH AVE E,1,1,1,0,1,2,,,30,0,0,0,0,0,4,2,13
,2015_24148,0,0,5/23/2015 14:56,14:56,12,0,0,YORK ST N & 14TH AVE E,1,1,0,7,1,4,,,30,0,0,0,0,0,4,2,1
,2015_24149,0,0,4/14/2015 17:46,17:46,15,0,0,ZUNI ST & 2900 BLK N,1,1,1,0,1,4,,,35,0,0,0,0,0,4,2,13
,2015_24150,0,0,3/7/2015 12:10,12:10,3,0,0,ZUNI ST N & 35TH AVE W,1,1,0,7,1,1,,,30,0,0,0,0,1,4,2,16
,2015_24151,0,0,9/15/2015 18:20,18:20,3,0,0,YORK ST S & LOUISIANA AVE E,1,1,0,0,1,1,,,25,0,0,0,0,0,4,2,14
,2015_24270,39.71099,-104.940627,11/15/2015 10:20,10:20,12,0,0,COLORADO BLVD & 300 BLK S,1,1,0,0,1,2,,,35,0,0,0,0,0,2,2,14
,2015_24271,39.736767,-104.940616,9/16/2015 8:20,8:20,3,0,0,13TH AVE E & COLORADO BLVD N,1,1,0,0,1,1,,,30,0,0,0,0,0,2,2,7
,2015_24272,39.765639,-104.940496,11/27/2015 22:15,22:15,1,0,0,COLORADO BLVD N & 35TH AVE,4,3,0,2,1,1,,,35,0,0,0,0,0,2,2,16
,2015_24273,39.772893,-104.940506,8/26/2015 12:45,12:45,15,0,1,40TH AVE E & COLORADO BLVD N,1,1,0,0,1,1,,,45,0,0,0,0,2,2,2,13
,2015_24276,39.725457,-105.032462,10/31/2015 20:28,20:28,5,0,1,6TH AVE W & KNOX CT N,1,3,0,0,2,4,,,35,0,0,0,0,3,2,1,5
,2015_24291,39.674739,-104.930479,8/16/2015 1:48,1:48,5,0,1,I-25 & EVANS AV E NB EXIT GO,2,3,0,1,3,4,,,60,0,0,0,0,2,1,1,16
,2015_24292,39.725338,-105.012957,9/15/2015 20:42,20:42,12,0,0,I-25 & 6TH AVE W,1,3,0,0,1,4,,,55,0,0,0,0,1,1,2,5
,2015_24293,39.728694,-105.014591,10/28/2015 5:03,5:03,6,0,0,I-25 & 6TH AVE E,1,3,0,0,1,4,,,55,0,0,0,0,0,1,2,16
,2015_24294,39.768039,-104.994788,12/17/2015 17:20,17:20,5,0,0,PARK AVE WEST & I-25 NB RAMPS,5,4,0,0,4,4,,,35,0,0,0,0,0,1,1,7
,2015_24310,39.784206,-105.025519,12/1/2015 7:52,7:52,12,0,0,I-70 & FEDERAL BLVD N EB RAM,1,1,0,0,1,4,,,35,0,0,0,0,0,1,2,14
,2015_24311,39.783517,-105.013153,10/5/2015 6:40,6:40,12,0,0,I-70 & VALLEJO ST N (NOT IN,1,2,1,0,1,4,,,55,0,0,0,0,0,1,2,16
,2015_24313,39.784221,-105.025096,11/16/2015 21:43,21:43,5,0,1,I-70 & FEDERAL BLVD N,2,3,1,2,2,4,,,55,0,0,0,0,2,1,1,16
,2015_24314,39.779445,-104.979196,8/28/2015 14:07,14:07,12,0,0,I-70 WB ON RAMP & WASHINGTON ST N,1,1,1,0,1,8,,,35,0,0,0,0,0,1,2,13
,2015_24315,39.774131,-104.848488,11/12/2015 23:00,23:00,5,0,1,I-70 & PEORIA ST N,1,3,0,0,3,4,,,55,0,0,0,0,2,1,1,2
,2015_24327,39.668573,-105.02509,9/3/2015 15:01,15:01,3,0,0,COLLEGE AVE W & FEDERAL BLVD S,1,1,0,0,1,1,,,35,0,0,0,0,1,2,2,13
,2015_24338,39.629871,-104.904931,8/18/2015 22:47,22:47,5,0,1,I-225 WB OFF RAMP & I-25  TUNNEL,2,3,1,1,2,1,,,55,0,0,0,0,2,1,1,16
,2015_24346,39.652997,-104.92278,8/20/2015 9:20,9:20,2,0,0,HAMPDEN AVE E & HOLLY ST S,1,1,1,0,1,3,,,45,1,0,0,0,1,2,2,13
,2015_24399,0,0,11/30/2015 12:20,12:20,1,0,0,2ND AVE E & QUEBEC ST N,2,1,0,0,1,1,,,35,0,0,0,0,1,4,2,13
,2015_24403,0,0,10/3/2015 19:01,19:01,2,0,0,9TH AVE 1000 BLK E & CORONA ST N,1,3,0,0,1,3,,,30,1,0,0,0,1,4,2,13