id,drcog_id,latitude,longitude,crashtime,time,crashtype,numbkilled,numbinjurd,drcoglocat,rdconditin,lightngcon,roadcntgrd,weatherco,location,roaddescrp,schoolzone,constrzone,splimit,bikeinv,pedinv,sctrinv,motoinv,svrty,rdsystem,ttlvehcls,hcf
,2015_24404,0,0,10/4/2015 21:03,21:03,6,0,0,12TH AVE & 2300 BLK E,1,3,0,7,1,4,,,,0,0,0,0,0,4,5,12
,2015_24405,0,0,12/7/2015 8:02,8:02,5,0,0,29TH AVE W & FOX ST N,1,1,0,0,3,1,,,30,0,0,0,0,0,4,1,13
,2015_24406,0,0,11/16/2015 15:56,15:56,15,0,0,37TH AVE E & ST PAUL ST N,2,1,0,1,1,1,,,25,0,0,0,0,0,4,2,16
,2015_24407,0,0,8/27/2015 11:09,11:09,15,0,0,CHEROKEE ST 1100 BLK S & MISSISSIPPI AVE W,1,1,0,0,1,1,,,25,0,0,0,0,0,4,2,13
,2015_24408,0,0,9/14/2015 11:50,11:50,3,0,0,CLARKSON ST N & 19TH AVE E,1,1,0,0,1,1,,,30,0,0,0,0,0,4,2,13
,2015_24409,0,0,10/3/2015 9:30,9:30,3,0,0,CLERMONT ST N & 14TH AVE E,1,1,0,0,1,1,,,25,0,0,0,0,1,4,2,13
,2015_24410,0,0,11/16/2015 17:50,17:50,3,0,0,EVANS AVE E & LOGAN ST S,2,3,0,1,1,1,,,35,0,0,0,0,0,4,2,16
,2015_24411,0,0,11/11/2015 1:10,1:10,6,0,1,FRANKLIN ST S & WARREN AVE E,4,3,0,2,1,4,,,25,0,0,0,0,2,4,2,5
,2015_24412,0,0,8/26/2015 21:42,21:42,6,0,0,HARVARD AVE 9900 BLK E & VASSAR DR E,1,4,0,0,1,4,,,25,0,0,0,0,0,4,2,5
,2015_24413,0,0,9/14/2015 8:00,8:00,3,0,0,HOLLY ST 2100 BLK S & EVANS AVE E,1,1,0,0,1,2,,,30,0,0,0,0,0,4,2,1
,2015_24414,0,0,8/2/2015 14:06,14:06,6,0,0,IRVING ST 3200 BLK N & MONCRIEFF PL W,1,1,0,0,1,4,,,25,0,0,0,0,0,4,2,13
,2015_24415,0,0,9/22/2015 12:51,12:51,6,0,0,LARIMER 2800 BLK & 29TH ST,1,1,0,7,1,4,,,30,0,0,0,0,0,4,2,16
,2015_24416,0,0,9/24/2015 14:25,14:25,5,0,0,MARKET ST 1900 BLK & 19TH ST,1,1,0,0,2,5,,,,0,0,0,0,0,4,2,5
,2015_24417,0,0,9/9/2015 17:25,17:25,3,0,0,MISSISSIPPI AVE E & CHERRY CREEK DR S,1,1,0,0,1,1,,,30,0,0,0,0,0,4,2,16
,2015_24418,0,0,12/26/2015 15:26,15:26,15,0,0,S MONACO ST 2400 BLK & E BAKER PL,1,1,0,0,1,4,,,40,0,0,0,0,0,4,2,13
,2015_24419,0,0,8/13/2015 12:50,12:50,10,0,0,17TH ST & GLENARM PL,1,1,0,0,1,1,,,30,0,0,0,0,0,4,2,8
,2015_24420,0,0,9/2/2015 17:04,17:04,6,0,0,30TH ST & CURTIS ST,1,1,0,7,1,4,,,25,0,0,0,0,0,4,2,10
,2015_24421,0,0,8/15/2015 5:55,5:55,5,0,0,WASHINGTON ST N & RINGSBY CT,1,2,1,0,1,4,,,35,0,0,0,0,0,4,1,8
,2015_24422,0,0,9/9/2015 3:18,3:18,6,0,0,SPRUCE ST N & 16TH AVE E,1,3,0,7,1,4,,,25,0,0,0,0,0,4,3,3
,2015_24423,0,0,12/18/2015 21:29,21:29,6,0,0,TENNYSON ST 4300 BLK N & 44TH AVE W,5,3,0,7,1,4,,,30,0,0,0,0,0,4,2,14
,2015_24424,0,0,11/5/2015 21:00,21:00,1,0,0,WESLEY AVE E & UNIVERSITY BLVD S,1,3,0,0,1,1,,,30,0,0,0,0,0,4,2,13
,2015_24425,0,0,8/27/2015 14:14,14:14,3,0,1,YORK ST 2600 BLK N & 26TH AVE E,1,1,0,0,1,1,,,30,0,0,0,0,2,4,3,8
,2015_24432,0,0,11/30/2015 2:27,2:27,5,0,0,48TH AVE & SHERIDAN BLVD,4,4,0,2,2,4,,,35,0,0,0,0,0,4,1,13
,2015_24455,39.707354,-104.940625,9/25/2015 16:24,16:24,3,0,2,COLORADO BLVD S & VIRGINIA AVE E,1,1,0,0,1,1,,,35,0,0,0,0,2,2,2,14
,2015_24461,39.68492,-104.959513,9/23/2015 16:34,16:34,12,0,0,I-25 & UNIVERSITY BLVD S,1,1,0,0,1,4,,,60,0,0,0,0,0,1,2,16
,2015_24462,39.701452,-104.987435,12/1/2015 15:32,15:32,3,0,0,BROADWAY S & I-25 SB RAMPS,1,1,0,0,1,1,,,35,0,0,0,0,1,1,2,8
,2015_24463,39.708825,-104.997607,10/12/2015 16:45,16:45,12,0,0,I-25 & ALAMEDA AVE W,1,1,0,0,1,4,,,55,0,0,0,0,0,1,2,13
,2015_24464,39.729334,-105.014821,10/13/2015 15:00,15:00,12,0,0,I-25 & 8TH AVE W,1,1,0,0,1,4,,,55,0,0,0,0,0,1,2,16
,2015_24465,39.733709,-105.015399,10/24/2015 13:23,13:23,12,0,0,I-25 & 8TH AVE W,1,1,0,0,1,4,,,55,0,0,0,0,0,1,2,3
,2015_24466,39.753678,-105.014696,12/30/2015 15:19,15:19,12,0,1,I-25 SB ON RAMP @ METER & SPEER BLVD N,1,1,1,0,1,4,,,35,0,0,0,0,3,1,2,1
,2015_24467,39.76893,-104.993014,10/2/2015 7:54,7:54,15,0,0,I-25 SB OFF RAMP & FOX ST,1,1,0,0,1,8,,,35,0,0,0,0,0,1,2,14
,2015_24468,39.74035,-105.013939,11/1/2015 2:20,2:20,5,0,0,I-25 & COLFAX AVE W,1,3,1,0,2,4,,,55,0,0,0,0,0,1,1,16
,2015_24480,39.740082,-105.005223,8/24/2015 17:00,17:00,12,0,0,OSAGE ST N & COLFAX AVE W,1,1,1,0,1,1,,,35,0,0,0,0,0,2,2,13
,2015_24481,39.740038,-104.983208,10/16/2015 13:40,13:40,6,0,0,COLFAX AVE & 300 BLK E,1,1,0,0,1,4,,,30,0,0,0,0,0,2,2,13
,2015_24489,39.780021,-104.961986,10/16/2015 17:44,17:44,12,0,0,I-70 & MM 275,1,1,0,0,1,4,,,55,0,0,0,0,0,1,2,16
,2015_24490,39.783232,-105.005384,10/3/2015 22:45,22:45,9,0,1,I-70 & PECOS ST N,2,3,0,0,1,4,,,55,0,0,0,0,3,1,1,3
,2015_24491,39.777095,-104.882471,10/24/2015 3:04,3:04,12,0,0,I-70 & CENTRAL PARK BLVD N,1,3,0,0,1,4,,,55,0,0,0,0,0,1,2,13
,2015_24499,39.687549,-104.99194,11/25/2015 20:45,20:45,1,0,0,SANTA FE DR S & IOWA AVE W,2,4,0,2,1,1,,,45,0,0,0,0,0,2,2,14
,2015_24502,39.715567,-105.025141,10/16/2015 16:00,16:00,15,0,0,FEDERAL BLVD S & ARCHER PL W,1,1,1,0,1,4,,,35,0,0,0,0,0,2,2,1
,2015_24503,39.721318,-105.025197,12/11/2015 17:33,17:33,5,0,0,FEDERAL BLVD N & 3RD AVE W,1,3,0,0,3,4,,,35,0,0,0,0,0,2,5,14
,2015_24507,39.682241,-105.053199,9/3/2015 17:50,17:50,1,0,0,SHERIDAN BLVD S & JEWELL AVE W,1,1,1,0,1,1,,,35,0,0,0,0,0,2,2,7
,2015_24575,0,0,8/5/2015 8:13,8:13,2,0,1,7TH AVE E & MARION ST,1,1,0,0,1,1,,,30,1,0,0,0,2,4,2,1
,2015_24576,0,0,10/12/2015 13:34,13:34,2,0,1,11TH AVE E & LOGAN ST N,1,1,0,0,1,1,,,25,1,0,0,0,2,4,2,16
,2015_24577,0,0,12/19/2015 9:30,9:30,15,0,0,13TH AVE E & HUMBOLDT ST N,5,1,0,0,1,1,,,30,0,0,0,0,0,4,2,13
,2015_24579,0,0,12/23/2015 8:22,8:22,11,0,0,14TH AVE W & GROVE ST N,1,1,0,0,1,4,,,30,0,1,0,0,1,4,5,14
,2015_24580,0,0,11/4/2015 9:27,9:27,15,0,0,18TH AVE E & RACE ST N,1,1,0,0,1,1,,,30,0,0,0,0,0,4,2,14
,2015_24581,0,0,11/23/2015 17:04,17:04,1,0,0,23RD AVE W & CLAY ST N,1,1,1,0,1,1,,,30,0,0,0,1,1,4,2,16
,2015_24582,0,0,10/6/2015 15:56,15:56,6,0,0,ASBURY AVE 2300 BLK E & UNIVERSITY BLVD S,1,1,0,7,1,1,,,30,0,0,0,0,0,4,4,14
,2015_24583,0,0,11/29/2015 13:40,13:40,5,0,0,BROADWAY ST S & CENTER AVE E,1,1,0,0,2,4,,,30,0,0,0,0,1,4,1,13
,2015_24584,0,0,9/18/2015 17:40,17:40,6,0,0,BRUCE RANDOLPH 3100 BLK E & ST PAUL ST N,1,1,0,7,1,4,,,35,0,0,0,0,0,4,2,7
,2015_24585,0,0,9/14/2015 14:55,14:55,1,0,0,CENTRAL PARK BLVD N & MLK BLVD E,1,1,1,0,1,1,,,35,0,0,0,0,0,4,2,8
,2015_24586,0,0,8/14/2015 16:58,16:58,1,0,1,EVANS AVE W & VALLEJO ST S,1,1,1,0,1,1,,,35,0,0,0,1,3,4,2,14
,2015_24587,0,0,11/28/2015 12:43,12:43,12,0,0,LOGAN ST & ALAMEDA AVE E,1,1,0,0,1,4,,,25,0,0,0,0,0,4,2,16
,2015_24588,0,0,10/26/2015 22:55,22:55,5,0,0,MLK BLVD E & HAVANA ST N,1,3,0,0,2,3,,,35,0,0,0,0,0,4,1,5
,2015_24589,0,0,9/21/2015 16:28,16:28,15,0,0,QUEBEC ST & 5500 BLK N,1,1,1,0,1,4,,,35,0,0,0,0,0,4,2,7
,2015_24590,0,0,11/8/2015 8:39,8:39,11,0,1,17TH ST & LAWRENCE ST,1,1,0,0,1,1,,,30,0,1,0,0,3,4,2,16
,2015_24591,0,0,8/7/2015 7:39,7:39,2,0,0,20TH ST & LAWRENCE ST,1,1,0,0,1,1,,,30,1,0,0,0,1,4,2,13
,2015_24592,0,0,9/1/2015 17:00,17:00,2,0,0,20TH ST & CALIFORNIA ST,1,1,0,0,1,1,,,30,1,0,0,0,0,4,2,13
,2015_24594,0,0,10/1/2015 20:05,20:05,3,0,0,TOWER RD N & 69TH AVE E,1,3,0,0,1,1,,,45,0,0,0,0,1,4,2,13
,2015_24595,0,0,8/31/2015 16:39,16:39,5,0,0,UNIVERSITY BLVD N & 4TH AVE E,1,1,1,0,1,5,,,25,0,0,0,0,0,4,1,13
,2015_24597,0,0,12/12/2015 11:53,11:53,11,0,1,YALE AVE E & COLORADO BLVD S,2,1,0,2,1,1,,,25,0,1,0,0,3,4,2,7
,2015_24641,39.725552,-105.039373,12/11/2015 7:00,7:00,15,0,0,6TH AVE W & PERRY ST N,1,2,0,0,1,1,,,55,0,0,0,0,0,2,2,13
,2015_24648,39.623866,-104.901444,9/17/2015 8:40,8:40,12,0,0,I-25 & BELLEVIEW AVE E,1,1,0,0,1,4,,,65,0,0,0,0,0,1,2,7
,2015_24649,39.653075,-104.918243,10/31/2015 6:07,6:07,5,0,0,I-25 & HAMPDEN AVE E,1,3,0,0,3,4,,,55,0,0,0,0,0,1,1,16
,2015_24651,39.71293,-104.999922,12/14/2015 20:24,20:24,12,0,0,I-25 & ALAMEDA AVE W,1,3,1,0,1,4,,,55,0,0,0,0,0,1,2,3
,2015_24652,39.72543,-105.013021,12/29/2015 15:17,15:17,12,0,0,I-25 & 6TH AVE W,1,1,0,0,1,4,,,55,0,0,0,0,0,1,2,3
,2015_24653,39.743467,-105.016086,11/8/2015 21:42,21:42,12,0,0,I-25 & 17TH AVE W,1,3,1,0,1,4,,,55,0,0,0,0,0,1,2,3
,2015_24655,39.740095,-105.013916,12/19/2015 6:20,6:20,5,0,0,I-25 NB OFF RAMP & COLFAX AVE W,8,1,1,0,2,8,,,35,0,0,0,0,0,1,1,13
,2015_24656,39.761671,-105.003407,8/26/2015 17:24,17:24,12,0,0,I-25 & 20TH ST,1,1,0,0,1,4,,,55,0,0,0,0,1,1,2,13
,2015_24657,39.768039,-104.994788,10/11/2015 13:15,13:15,12,0,0,I-25 & PARK AVE WEST,1,1,0,0,1,4,,,55,0,0,0,0,0,1,2,16
,2015_24662,39.711184,-105.000622,10/23/2015 16:11,16:11,12,0,0,ALAMEDA AVE W & PLATTE RIVER DR S,1,1,0,0,1,1,,,35,0,0,0,0,0,2,2,13
,2015_24675,39.740082,-105.005223,10/22/2015 13:34,13:34,15,0,0,COLFAX AVE W & OSAGE ST N,2,1,1,1,1,1,,,30,0,0,0,0,0,2,2,13
,2015_24682,39.775623,-104.865778,12/9/2015 18:08,18:08,12,0,0,I-70 & HAVANA ST N,1,4,0,0,1,4,,,55,0,0,0,0,0,1,2,3
,2015_24686,39.697437,-104.900475,10/13/2015 8:40,8:40,12,0,0,LEETSDALE DR & QUEBEC ST S,1,1,0,0,1,3,,,35,0,0,0,0,0,2,2,13
,2015_24688,39.693174,-104.992487,8/4/2015 10:07,10:07,10,0,0,SANTA FE DR 1200 BLK S & LOUISIANA AVE W,1,1,0,0,1,2,,,45,0,0,0,0,0,2,2,1
,2015_24710,39.760318,-105.025143,12/15/2015 10:59,10:59,8,0,0,SPEER BLVD N & FEDERAL BLVD N,4,1,0,2,1,1,,,35,0,0,0,0,1,2,2,13
,2015_24761,0,0,9/17/2015 16:09,16:09,6,0,0,12TH AVE 700 BLK E & CLARKSON ST N,1,1,0,7,1,4,,,30,0,0,0,0,0,4,2,14
,2015_24762,0,0,11/14/2015 9:55,9:55,3,0,0,19TH AVE E & PENNSYLVANIA ST N,1,1,0,0,1,1,,,30,0,0,0,0,0,4,2,13
,2015_24763,0,0,12/18/2015 15:39,15:39,11,0,1,36TH AVE E & QUEBEC ST N,6,1,0,0,1,1,,,25,0,1,0,0,2,4,2,13
,2015_24764,0,0,8/27/2015 13:03,13:03,1,0,0,40TH AVE E & AIRPORT BLVD,1,1,1,0,1,1,,,35,0,0,0,0,0,4,2,8
,2015_24765,0,0,11/3/2015 18:32,18:32,5,0,0,ACOMA ST S & MEXICO AVE W,1,3,0,0,3,4,,,25,0,0,0,0,0,4,1,14
,2015_24766,0,0,9/25/2015 9:43,9:43,2,0,1,BANNOCK ST N & 6TH AVE W,1,1,0,0,1,2,,,25,1,0,0,0,2,4,2,13
,2015_24767,0,0,11/13/2015 11:40,11:40,6,0,0,BLACKHAWK WAY 4800 BLK N & 4810 N BLACKHAWK WAY,1,1,0,7,1,3,,,25,0,0,0,0,0,4,2,7
,2015_24768,0,0,11/20/2015 20:18,20:18,5,0,0,CHERRY CREEK DR N & ALAMEDA AVE E,5,3,0,2,2,4,,,30,0,0,0,0,0,4,1,16
,2015_24769,0,0,9/13/2015 20:00,20:00,6,0,0,CLARKSON ST 1500 BLK N & 16TH AVE E,1,3,0,7,1,4,,,25,0,0,0,0,0,4,2,16
,2015_24770,0,0,9/20/2015 23:58,23:58,6,0,0,DECATUR ST S & DAKOTA AVE W,1,4,0,0,1,4,,,25,0,0,0,0,0,4,2,5
,2015_24771,0,0,10/25/2015 1:55,1:55,6,0,0,DOWNING ST 1200 BLK N & 12TH AVE E,1,3,0,7,1,4,,,30,0,0,0,0,0,4,3,5
,2015_24772,0,0,8/27/2015 16:07,16:07,12,0,0,DOWNING ST N & 30TH AVE E,1,1,0,0,1,1,,,30,0,0,0,0,0,4,2,13
,2015_24773,0,0,12/1/2015 4:18,4:18,5,0,0,DUNKIRK ST N & DUNKIRK WAY N,1,3,0,0,3,1,,,35,0,0,0,0,0,4,1,2
,2015_24774,0,0,10/10/2015 22:37,22:37,6,0,0,ELM ST N & COLFAX AVE E,1,4,0,0,1,4,,,25,0,0,0,0,0,4,4,5
,2015_24775,0,0,10/13/2015 10:00,10:00,6,0,1,FAIRMONT DR 8100 BLK E & ALAMEDA AVE E,1,1,0,7,1,4,,,30,0,0,0,0,2,4,2,12
,2015_24776,0,0,12/24/2015 21:45,21:45,6,0,0,JAY ST & 2700 BLK,1,3,0,7,1,4,,,25,0,0,0,0,0,4,2,14
,2015_24777,0,0,12/15/2015 9:37,9:37,6,0,0,KALAMATH ST 000 BLK S & BAYAUD AVE W,4,1,0,4,1,4,,,30,0,0,0,0,0,4,2,14
,2015_24778,0,0,6/8/2015 2:15,2:15,6,0,0,MISSISSIPPI AVE E & ONEIDA ST S,1,3,0,7,1,4,,,30,0,0,0,0,0,4,4,15
,2015_24779,0,0,12/25/2015 13:35,13:35,5,0,0,MLK BLVD E & BEELER ST N,9,1,0,2,3,1,,,30,0,0,0,0,0,4,1,13
,2015_24780,0,0,8/20/2015 23:52,23:52,6,0,0,MONACO PKWY 3800 BLK S & MAGNOLIA ST S,1,3,0,0,1,4,,,35,0,0,0,0,0,4,5,5
,2015_24781,0,0,8/17/2015 11:17,11:17,5,0,0,PENA BLVD 6700 BLK & TOWER RD N,1,1,0,7,2,4,,,65,0,0,0,0,0,4,1,2
,2015_24782,0,0,11/1/2015 0:45,0:45,5,0,0,PENA BLVD & TOWER RD,1,3,0,0,3,4,,,65,0,0,0,0,1,4,1,16
,2015_24783,0,0,10/1/2015 7:45,7:45,11,0,1,14TH ST & 800 BLK,1,1,0,0,1,4,,,30,0,1,0,0,2,4,2,1
,2015_24784,0,0,8/18/2015 18:37,18:37,5,0,0,UNIVERSITY BLVD 1600 BLK & IOWA AVE E,1,1,0,0,3,4,,,30,0,0,0,0,0,4,1,7
,2015_24785,0,0,9/29/2015 8:10,8:10,12,0,0,VIRGINIA AVE & DOWNING ST S,1,1,0,0,1,4,,,25,0,0,0,0,0,4,2,13
,2015_24786,0,0,8/17/2015 8:20,8:20,6,0,0,UTICA ST & 3902,1,1,0,0,3,4,,,25,0,0,0,0,0,4,2,13
,2015_24787,0,0,11/22/2015 9:28,9:28,6,0,0,WARREN AVE 2900 BLK W & FEDERAL BLVD S,1,1,0,7,1,4,,,25,0,0,0,0,0,4,2,7
,2015_24789,0,0,9/11/2015 16:36,16:36,3,0,0,ZENOBIA ST N & 46TH AVE W,1,1,1,0,1,1,,,25,0,0,0,0,1,4,2,13
,2015_24827,39.692284,-104.976903,9/30/2015 8:43,8:43,12,0,0,I-25 & EMERSON ST S,1,1,0,0,1,4,,,60,0,0,0,0,0,1,2,14
,2015_24828,39.701452,-104.987435,10/16/2015 9:26,9:26,12,0,0,I-25 & BROADWAY S,1,1,0,0,1,4,,,55,0,0,0,0,1,1,2,14
,2015_24829,39.68492,-104.959513,11/10/2015 9:36,9:36,9,0,1,I-25 & UNIVERSITY BLVD S,1,1,1,0,1,4,,,60,0,0,0,0,2,1,2,16
,2015_24830,39.750103,-105.017087,10/7/2015 7:59,7:59,15,0,0,I-25 & 22ND AVE (NOT IN TCORIS),1,1,0,0,1,4,,,55,0,0,0,0,1,1,2,16
,2015_24845,39.740082,-105.005223,10/25/2015 13:00,13:00,12,0,0,COLFAX AVE W & 7TH ST,1,1,0,0,1,3,,,35,0,0,0,0,0,2,2,7
,2015_24846,39.74016,-104.954084,12/2/2015 12:02,12:02,3,0,0,COLFAX AVE E & DETROIT ST N (RD S),2,1,0,0,1,1,,,30,0,0,0,0,0,2,2,13
,2015_24847,39.740079,-104.91277,9/25/2015 14:21,14:21,12,0,0,COLFAX AVE E & MONACO PKWY,1,1,0,0,1,1,,,35,0,0,0,0,0,2,2,13
,2015_24849,39.780014,-104.959201,11/7/2015 11:52,11:52,12,0,0,I-70 & YORK ST N,1,1,0,0,1,4,,,55,0,0,0,0,1,1,3,16
,2015_24850,39.779174,-104.926966,9/10/2015 8:40,8:40,12,0,0,I-70 & FOREST ST N (NOT IN CORIS),1,1,0,0,1,4,,,55,0,0,0,0,0,1,2,8
,2015_24851,39.774005,-104.847034,11/26/2015 8:07,8:07,5,0,0,I-70 & PEORIA ST N,9,1,0,2,2,4,,,55,0,0,0,0,0,1,1,14
,2015_24862,39.737399,-105.025326,10/20/2015 15:23,15:23,15,0,0,FEDERAL BLVD & 1300 BLK N,1,1,1,0,1,4,,,35,0,0,0,0,0,2,2,13
,2015_24863,39.685091,-105.025015,12/29/2015 9:45,9:45,15,0,0,FEDERAL BLVD & 1700 BLK S,1,1,0,0,1,4,,,40,0,0,0,0,0,2,2,13
,2015_24936,0,0,12/21/2015 14:06,14:06,11,0,1,4TH AVE E & HUMBOLDT ST N,5,1,0,0,1,1,,,25,0,1,0,0,3,4,3,13
,2015_24937,0,0,11/17/2015 6:05,6:05,6,0,0,17TH AVE & 3100 BLK E,6,3,0,2,1,4,,,30,0,0,0,0,0,4,2,7
,2015_24938,0,0,9/18/2015 7:14,7:14,6,0,0,17TH AVE 3500 BLK W & KING ST N,1,1,0,7,1,4,,,30,0,0,0,0,0,4,2,14
,2015_24939,0,0,9/1/2015 18:14,18:14,3,0,1,21ST AVE E & CENTRAL PARK BLVD N,1,1,0,0,1,1,,,25,0,0,0,0,3,4,2,13
,2015_24940,0,0,9/18/2015 15:47,15:47,15,0,0,35TH AVE E & QUEBEC ST,1,1,0,0,1,1,,,35,0,0,0,0,0,4,2,8
,2015_24941,0,0,9/24/2015 7:20,7:20,6,0,0,47TH AVE E & WALDEN WY N,1,1,0,7,1,4,,,30,0,0,0,0,0,4,3,14
,2015_24942,0,0,8/12/2015 10:25,10:25,5,0,0,51ST AVE E & WASHINGTON ST N,1,1,0,0,3,1,,,25,0,0,0,0,0,4,1,2
,2015_24943,0,0,11/27/2015 6:20,6:20,9,0,0,78TH AVE E & GUN CLUB RD,5,3,0,0,2,4,,,45,0,0,0,0,0,4,1,8
,2015_24944,0,0,11/23/2015 14:10,14:10,11,0,0,ALASKA PL W & KNOX CT S,1,1,0,0,1,3,,,30,0,1,0,0,0,4,2,13
,2015_24945,0,0,8/26/2015 18:00,18:00,5,0,0,BROADWAY ST S & EVANS AVE W,1,1,0,0,3,1,,,30,0,0,0,0,0,4,1,4
,2015_24946,0,0,8/5/2015 13:33,13:33,6,0,0,CLARKSON ST N & 6TH AVE E,1,1,0,7,1,4,,,25,0,0,0,0,0,4,2,3
,2015_24947,0,0,10/5/2015 16:24,16:24,6,0,0,CLAY ST & 3800 BLK N,1,1,1,7,1,4,,,25,0,0,0,0,1,4,3,10
,2015_24948,0,0,10/14/2015 17:07,17:07,3,0,1,DAKOTA AVE W & BROADWAY ST S,1,1,0,0,1,2,,,,0,0,0,1,2,4,2,13
,2015_24949,0,0,9/1/2015 7:30,7:30,6,0,0,DARTMOUTH AVE 3100 BLK W & IRVING ST S,1,1,0,7,1,4,,,25,0,0,0,0,0,4,2,16
,2015_24950,0,0,11/23/2015 6:21,6:21,11,0,0,EVANS AVE E & DAHLIA ST S,1,2,0,0,1,3,,,30,0,1,0,0,1,4,2,1
,2015_24951,0,0,9/16/2015 19:03,19:03,12,0,0,EVANS AVE E & JASMINE ST S,1,2,0,0,1,1,,,35,0,0,0,0,0,4,2,3
,2015_24952,0,0,9/1/2015 22:00,22:00,5,0,0,GRANT ST N & 3RD AVE E,1,3,0,0,3,1,,,25,0,0,0,0,0,4,1,3
,2015_24954,0,0,8/20/2015 7:38,7:38,6,0,0,GRAPE ST 1300 BLK S & FLORIDA AVE E,1,1,0,0,1,4,,,25,0,0,0,0,0,4,3,14
,2015_24955,0,0,11/7/2015 1:14,1:14,6,0,0,HAZEL CT 2700 BLK N & 27TH AVE W,1,3,0,7,1,4,,,25,0,0,0,0,0,4,2,16
,2015_24956,0,0,9/16/2015 7:40,7:40,3,0,0,JERSEY ST S & ALAMEDA AVE E,1,1,0,0,1,1,,,25,0,0,0,0,0,4,2,1
,2015_24957,0,0,12/1/2015 17:10,17:10,3,0,0,LOWELL BLVD N & 4927,1,3,0,0,1,2,,,30,0,0,0,0,0,4,3,3
,2015_24958,0,0,10/25/2015 1:56,1:56,6,0,1,LAWRENCE ST 1900 & 19TH ST,1,3,0,7,1,4,,,30,0,0,0,0,3,4,2,5
,2015_24959,0,0,8/15/2015 11:20,11:20,5,0,1,PENA BLVD 7400 BLK & 75TH AVE E,1,1,0,7,2,4,,,65,0,0,0,0,2,4,1,10
,2015_24960,0,0,8/29/2015 21:54,21:54,5,0,0,RALEIGHT ST S & 2202,1,4,0,0,3,1,,,35,0,0,0,0,0,4,1,7
,2015_24961,0,0,9/13/2015 18:00,18:00,6,0,0,TENNYSON ST & 1400 BLK N,1,1,1,7,1,4,,,25,0,0,0,0,0,4,2,16
,2015_24962,0,0,11/17/2015 8:45,8:45,5,0,0,UNIVERSTIY BLVD N & 5TH AVE E,9,1,0,0,2,4,,,30,0,0,0,0,0,4,1,7
,2015_24987,39.706129,-104.940624,12/26/2015 8:23,8:23,3,0,0,CHERRY CREEK S DR & S COLORADO BLVD,5,1,0,0,1,1,,,35,0,0,0,0,0,2,2,14
,2015_24988,39.758322,-104.940525,12/10/2015 11:43,11:43,11,0,0,29TH AVE E & COLORADO BLVD N,1,1,1,0,1,1,,,25,0,1,0,0,1,2,2,13
,2015_24991,39.725655,-105.053326,11/30/2015 13:40,13:40,15,0,0,6TH AVE W & SHERIDAN BLVD N,2,1,0,0,1,4,,,55,0,0,0,0,0,2,2,13
,2015_24992,39.72542,-105.025174,8/5/2015 16:02,16:02,15,0,0,6TH AVE W & FEDERAL BLVD N,1,1,0,0,1,4,,,45,0,0,0,0,0,2,2,13
,2015_25001,39.630352,-104.905149,11/6/2015 8:50,8:50,15,0,0,I-25 & BELLEVIEW AVE E,1,1,0,0,1,4,,,65,0,0,0,0,0,1,2,16
,2015_25002,39.630525,-104.905226,9/13/2015 19:14,19:14,15,0,0,I-25 & BELLEVIEW AVE E,1,3,0,0,1,4,,,65,0,0,0,0,0,1,2,13
,2015_25003,39.668178,-104.925971,11/14/2015 8:10,8:10,15,0,0,I-25 & YALE AVE E,1,1,0,0,1,4,,,55,0,0,0,0,0,1,2,2
,2015_25004,39.678363,-104.933558,12/11/2015 18:37,18:37,12,0,0,EVANS AVE E & I-25,1,3,0,0,1,4,,,40,0,0,0,0,0,1,2,13
,2015_25005,39.68492,-104.959513,10/26/2015 8:55,8:55,12,0,0,I-25 & UNIVERSITY BLVD S,1,1,1,0,1,4,,,60,0,0,0,0,0,1,2,16
,2015_25006,39.685459,-104.963911,12/10/2015 1:53,1:53,5,0,2,I-25 & UNIVERSITY BLVD S,1,3,0,0,3,4,,,60,0,0,0,0,2,1,1,5
,2015_25007,39.733709,-105.015399,11/3/2015 20:25,20:25,15,0,0,I-25 & COLFAX AVE W,1,3,0,0,1,4,,,55,0,0,0,0,0,1,2,16
,2015_25008,39.78701,-104.989121,10/17/2015 23:06,23:06,5,0,1,I-25 & I-70,1,3,0,0,3,4,,,40,0,0,0,0,2,1,1,7
,2015_25018,39.777393,-104.903402,12/25/2015 19:57,19:57,5,0,0,N QUEBEC ST 4400 BLK & I-70 EB RAMPS,5,3,2,2,3,1,,,40,0,0,0,0,0,2,1,1
,2015_25024,39.740025,-104.998126,9/25/2015 17:30,17:30,12,0,0,SPEER BLVD N & COLFAX AVE,1,1,0,0,1,1,,,30,0,0,0,0,1,2,2,3
,2015_25034,39.783566,-105.031002,8/7/2015 11:33,11:33,12,0,0,I-70 WB OFF RAMP GORE PT & 4800 BLK N LOWELL BLV,1,1,0,0,1,8,,,35,0,0,0,0,0,1,2,14
,2015_25035,39.778287,-104.912805,10/5/2015 12:30,12:30,15,0,0,I-70 WB & MONACO PKWY N,1,1,0,0,1,4,,,55,0,0,0,0,0,1,2,13
,2015_25036,39.777095,-104.882471,12/28/2015 17:00,17:00,1,0,0,CENTRAL PARK BLVD N & I-70,1,3,0,0,1,1,,,35,0,0,0,0,0,1,2,13
,2015_25037,39.777095,-104.882471,10/10/2015 19:28,19:28,1,0,2,CENTRAL PARK BLVD N & I-70 WB RAMP,1,4,0,0,1,1,,,40,0,0,0,0,2,1,2,13