id,drcog_id,latitude,longitude,crashtime,time,crashtype,numbkilled,numbinjurd,drcoglocat,rdconditin,lightngcon,roadcntgrd,weatherco,location,roaddescrp,schoolzone,constrzone,splimit,bikeinv,pedinv,sctrinv,motoinv,svrty,rdsystem,ttlvehcls,hcf
,2015_26394,0,0,12/25/2015 12:30,12:30,5,0,0,5TH AVE E & 7055 E 5TH AVE,5,1,0,0,4,1,,,25,0,0,0,0,0,4,1,1
,2015_26395,0,0,9/10/2015 17:00,17:00,2,0,0,6TH AVE E & QUEBEC ST N,1,1,0,0,1,4,,,35,1,0,0,0,1,4,2,1
,2015_26396,0,0,12/15/2015 11:15,11:15,5,0,0,12TH AVE W & KNOX CT N,10,1,0,2,3,1,,,30,0,0,0,0,0,4,1,8
,2015_26398,0,0,8/16/2015 20:34,20:34,6,0,0,25TH AVE E & DOWNING ST N,1,3,0,0,1,4,,,30,0,0,0,0,1,4,2,5
,2015_26399,0,0,11/21/2015 8:15,8:15,6,0,0,38TH AVE W & JULIAN ST N,5,1,1,7,1,4,,,35,0,0,0,0,0,4,2,16
,2015_26400,0,0,9/27/2015 17:35,17:35,6,0,0,ARAPAHOE ST 3200 BLK & 32ND ST,1,1,0,7,1,4,,,30,0,0,0,0,0,4,2,5
,2015_26401,0,0,11/28/2015 15:38,15:38,12,0,0,CENTRAL PARK BLVD 2000 BL & MONTVIEW BLVD E,8,1,0,0,1,1,,,35,0,0,0,0,0,4,2,3
,2015_26402,0,0,11/16/2015 15:30,15:30,2,0,0,CLARKSON ST 900 N & 9TH AVE E,2,2,1,1,1,4,,,30,1,0,0,0,0,4,2,13
,2015_26403,0,0,10/20/2015 11:50,11:50,6,0,0,DOWNING ST 2300 BLK S & WESLEY AVE E,1,1,0,7,1,4,,,30,0,0,0,0,0,4,2,7
,2015_26404,0,0,12/8/2015 12:51,12:51,4,0,0,DOWNING ST 800 BLK S & OHIO AVE E,1,1,0,0,1,4,,,30,0,0,0,0,0,4,1,13
,2015_26405,0,0,12/7/2015 16:49,16:49,3,0,1,DOWNING ST S & WARREN AVE E,1,3,0,0,1,1,,,30,0,0,0,0,2,4,2,7
,2015_26406,0,0,12/9/2015 7:38,7:38,5,0,0,FRANKLIN ST S 1311 & LOUISIANA AVE E,1,1,0,0,2,3,,,25,0,0,0,0,0,4,1,7
,2015_26407,0,0,9/12/2015 1:30,1:30,6,0,0,GALAPAGO ST S & EVANS AVE W,1,3,1,7,1,1,,,40,0,0,0,0,0,4,4,7
,2015_26408,0,0,9/30/2015 10:35,10:35,3,0,0,LINCOLN ST S & BAYAUD AVE E,1,1,0,0,1,1,,,30,0,0,0,0,0,4,2,13
,2015_26409,0,0,9/29/2015 16:15,16:15,11,0,0,KENTUCKY AVE W & IRVING ST S,1,1,0,0,1,1,,,25,0,1,1,0,0,4,2,13
,2015_26410,0,0,10/16/2015 10:53,10:53,6,0,0,LOCUST ST & 1748 S,1,1,0,7,1,4,,,25,0,0,0,0,0,4,2,16
,2015_26411,0,0,10/17/2015 21:57,21:57,6,0,0,MARION ST 1300 BLK N & 13TH AVE E,1,3,0,7,1,4,,,25,0,0,0,0,0,4,2,14
,2015_26412,0,0,10/30/2015 17:22,17:22,5,0,0,MONTVIEW BLVD & CENTRAL PARK BLVD,1,1,0,0,1,1,,,25,0,0,0,0,0,4,1,16
,2015_26413,0,0,11/30/2015 11:43,11:43,5,0,0,PENA BLVD & 25600 BLK E,6,1,0,2,2,4,,,65,0,0,0,0,0,4,1,12
,2015_26414,0,0,8/17/2015 11:48,11:48,3,0,0,20TH ST & CURTIS ST,1,1,0,7,1,1,,,30,0,0,0,0,1,4,2,8
,2015_26415,0,0,11/23/2015 11:30,11:30,6,0,0,29TH ST & LAWRENCE ST,1,1,0,7,1,3,,,25,0,0,0,0,0,4,2,14
,2015_26416,0,0,8/23/2015 14:59,14:59,11,0,1,SPEER BLVD N & CHAMPA ST,1,1,0,0,1,1,,,30,0,1,0,0,3,4,2,14
,2015_26417,0,0,8/5/2015 14:05,14:05,6,0,1,TEJON ST 4600 BLK N & 47TH AVE W,1,1,0,0,1,4,,,25,0,0,0,0,2,4,2,8
,2015_26418,0,0,12/16/2015 11:40,11:40,12,0,0,SPEER BLVD N & WEWATTA ST,5,1,1,0,1,1,,,35,0,0,0,0,0,4,2,13
,2015_26419,0,0,9/9/2015 0:55,0:55,6,0,0,TENNYSON ST 600 BLK N & 6TH AVE FRONTAGE RD W (NOT CDOT),1,3,0,7,1,3,,,25,0,0,0,0,0,4,3,1
,2015_26420,0,0,11/18/2015 8:00,8:00,6,0,0,VASSAR DR 9800 BLK E & S DAYTON WAY,1,1,1,7,1,4,,,25,0,0,0,0,0,4,2,16
,2015_26421,0,0,9/18/2015 22:08,22:08,6,0,0,XENIA ST S & ALAMEDA AVE E,1,3,0,7,1,4,,,30,0,0,0,0,1,4,3,5
,2015_26448,39.755541,-104.940536,12/17/2015 18:10,18:10,15,0,0,COLORADO BLVD N & 26TH AVE E,2,4,0,0,1,4,,,35,0,0,0,0,0,2,2,14
,2015_26457,39.683168,-104.94079,11/13/2015 11:50,11:50,12,0,0,I-25 NB ON RAMP & COLORADO BLVD S,1,1,1,0,1,8,,,35,0,0,0,0,0,1,2,1
,2015_26458,39.700841,-104.986681,8/20/2015 11:24,11:24,6,0,0,BROADWAY ST S & KENTUCKY AVE W,1,1,0,0,1,4,,,35,0,0,0,0,0,1,2,3
,2015_26459,39.71124,-104.998918,11/19/2015 9:08,9:08,15,0,0,I-25 & ALAMEDA AVE W,1,1,1,0,1,4,,,55,0,0,0,0,0,1,2,16
,2015_26469,39.740008,-104.97989,12/18/2015 0:56,0:56,12,0,0,COLFAX AVE E & PEARL ST N,6,3,0,0,1,1,,,30,0,0,0,0,0,2,2,3
,2015_26472,39.68444,-104.940497,12/4/2015 13:54,13:54,12,0,0,COLORADO BLVD S & I-25 NB RAMP,1,1,0,0,1,4,,,40,0,0,0,0,1,2,2,13
,2015_26476,39.783138,-105.006328,10/27/2015 8:41,8:41,15,0,0,PECOS ST & 48TH AVE W (I-70 WB R,1,1,0,0,1,6,,,35,0,0,0,0,0,1,2,14
,2015_26477,39.778299,-104.898841,12/22/2015 11:05,11:05,5,0,0,I-70 & QUEBEC ST N,1,1,1,0,2,4,,,55,0,0,0,0,0,1,1,14
,2015_26478,39.776794,-104.879196,11/22/2015 3:02,3:02,5,0,0,I-70 & CENTRAL PARK BLVD N,1,3,0,0,2,4,,,55,0,0,0,0,1,1,1,5
,2015_26479,39.775623,-104.865778,9/18/2015 11:10,11:10,12,0,0,I-70 & HAVANA ST N,1,1,0,0,1,4,,,45,0,0,0,0,0,1,2,13
,2015_26480,39.775623,-104.865778,10/27/2015 0:15,0:15,15,0,0,I-70 & HAVANA ST N,1,3,0,0,1,4,,,55,0,0,0,0,0,1,2,7
,2015_26488,39.703914,-104.914688,10/5/2015 2:57,2:57,5,0,0,EXPOSITION AVE E & LEETSDALE DR,1,3,1,0,2,1,,,25,0,0,0,0,0,2,1,10
,2015_26490,39.696696,-104.991872,10/8/2015 17:26,17:26,12,0,0,MISSISSIPPI AVE 500 BLK W & PLATTE RIVER DR S,1,1,0,0,1,1,,,35,0,0,0,0,0,2,3,13
,2015_26491,39.719287,-105.025173,11/2/2015 10:39,10:39,12,0,0,FEDERAL BLVD N & PARK PL W,1,1,0,0,1,1,,,35,0,0,0,0,0,2,2,3
,2015_26492,39.704019,-105.02509,8/25/2015 12:28,12:28,12,0,0,FEDERAL BLVD S & EXPOSITION AVE W,1,1,1,0,1,3,,,40,0,0,0,0,0,2,2,7
,2015_26493,39.696907,-105.025062,9/8/2015 10:10,10:10,15,0,0,FEDERAL BLVD S & MISSISSIPPI AVE W,1,1,1,0,1,3,,,40,0,0,0,0,0,2,2,7
,2015_26497,39.682241,-105.053199,9/13/2015 3:00,3:00,5,0,1,JEWELL AVE W & SHERIDAN BLVD S,1,3,1,0,3,3,,,35,0,0,0,0,3,2,1,5
,2015_26517,39.652991,-104.921319,10/1/2015 11:05,11:05,15,0,0,HAMPDEN AVE E & IVANHOE WAY S,1,1,1,0,1,3,,,45,0,0,0,0,0,2,2,13
,2015_26518,39.754855,-105.025129,10/21/2015 8:45,8:45,14,0,0,FEDERAL BLVD N & 26TH AVE W,2,1,0,1,1,1,,,35,0,0,0,0,0,2,2,13
,2015_26560,0,0,12/12/2015 10:48,10:48,6,0,0,15TH ST & ARAPAHOE ST,2,1,0,2,1,3,,,30,0,0,0,0,0,4,2,16
,2015_26570,0,0,9/15/2015 10:00,10:00,6,0,0,6TH AVE E & CLERMONT ST N,1,1,0,7,1,4,,,35,0,0,0,0,0,4,2,14
,2015_26571,0,0,12/16/2015 9:03,9:03,5,0,0,7TH AVE & 2800 BLK W,5,1,0,2,3,4,,,30,0,0,0,0,0,4,1,14
,2015_26572,0,0,8/20/2015 7:29,7:29,3,0,1,17TH AVE E & XENIA ST N,1,1,0,7,1,1,,,25,0,0,0,0,2,4,2,3
,2015_26573,0,0,10/13/2015 15:51,15:51,11,0,1,12TH AVE E & OGDEN ST N,1,1,0,0,1,1,,,25,0,1,0,0,2,4,2,13
,2015_26574,0,0,12/30/2015 14:24,14:24,6,0,0,26TH AVE & 2500 BLK W,1,1,1,7,1,4,,,30,0,0,0,0,0,4,2,16
,2015_26575,0,0,9/5/2015 2:50,2:50,5,0,0,33RD AVE W & TEJON ST N,1,3,0,0,3,1,,,35,0,0,0,0,0,4,1,7
,2015_26576,0,0,9/30/2015 8:03,8:03,1,0,0,38TH AVE 3600 BLK W & LOWELL BLVD N,1,1,0,0,1,1,,,35,0,0,0,0,0,4,2,14
,2015_26577,0,0,10/20/2015 13:28,13:28,1,0,0,46TH AVE W & PECOS ST N,1,1,0,0,1,1,,,35,0,0,0,0,1,4,2,14
,2015_26578,0,0,12/14/2015 8:30,8:30,6,0,0,47TH AVE E & N COLUMBINE ST,1,1,0,7,1,4,,,25,0,0,0,0,0,4,2,14
,2015_26579,0,0,12/3/2015 13:50,13:50,6,0,0,ACOMA ST 400 BLK N & 5TH AVE W,1,1,0,7,1,4,,,25,0,0,0,0,0,4,2,14
,2015_26580,0,0,12/15/2015 13:29,13:29,15,0,0,ALAMEDA AVE 8600 BLK E & XENIA ST S,4,1,0,2,1,4,,,40,0,0,0,0,0,4,2,13
,2015_26581,0,0,10/21/2015 15:49,15:49,12,0,0,AMMONS ST & 4300 BLK S,2,1,0,1,1,4,,,30,0,0,0,0,0,4,2,13
,2015_26582,0,0,11/20/2015 20:39,20:39,5,0,0,ALAMEDA AVE E & KEARNEY ST S,4,3,0,2,3,1,,,35,0,0,0,0,0,4,1,16
,2015_26583,0,0,12/23/2015 19:35,19:35,3,0,0,BRYANT ST N & 32ND AVE W,1,3,0,0,1,1,,,25,0,0,0,0,0,4,2,7
,2015_26584,0,0,12/8/2015 11:21,11:21,6,0,0,W CLYDE PL & N FEDERAL BVLD,1,1,0,7,1,2,,,25,0,0,0,0,0,4,2,7
,2015_26585,0,0,10/29/2015 12:46,12:46,6,0,0,DEATUR ST & 2800 BLK N,1,1,1,7,1,4,,,25,0,0,0,0,0,4,2,16
,2015_26586,0,0,9/10/2015 18:24,18:24,6,0,0,ELATI ST 0 BLK S & ELLSWORTH AVE W,1,1,1,7,1,4,,,30,0,0,0,0,0,4,2,16
,2015_26588,0,0,12/4/2015 8:32,8:32,12,0,0,EVANS AVE E & BROADWAY ST S,1,1,0,0,1,1,,,35,0,0,0,0,0,4,2,1
,2015_26589,0,0,12/28/2015 3:00,3:00,6,0,0,FILLMORE ST & 4522 N,5,2,0,7,1,4,,,20,0,0,0,0,0,4,2,16
,2015_26590,0,0,9/4/2015 12:48,12:48,3,0,0,GARFIELD ST S & ALAMEDA AVE E,1,1,0,0,1,2,,,15,0,0,0,0,0,4,2,3
,2015_26591,0,0,12/19/2015 8:00,8:00,5,0,0,LOWRY BLVD E & UINTA ST S,5,1,0,0,3,4,,,30,0,0,0,0,0,4,1,16
,2015_26592,0,0,12/23/2015 5:52,5:52,6,0,0,TENNYSON ST 924 N & 10TH AVE W,1,1,0,7,1,4,,,35,0,0,0,0,0,4,2,14
,2015_26593,0,0,11/21/2015 9:11,9:11,8,0,2,TOWER RD N & 59TH AVE E,5,1,0,0,1,4,,,35,0,0,0,0,2,4,2,1
,2015_26594,0,0,9/18/2015 9:10,9:10,12,0,0,UNIVERSITY BLVD 1300 BLK & ARKANSAS AVE E,1,1,0,0,1,1,,,30,0,0,0,0,0,4,2,3
,2015_26595,0,0,9/25/2015 15:00,15:00,1,0,0,UNIVERSITY BLVD S & EVANS AVE E,1,1,0,0,1,1,,,35,0,0,0,0,0,4,2,13
,2015_26596,0,0,11/17/2015 16:29,16:29,1,0,0,WOLFF ST N & 13TH AVE W,1,1,1,0,1,1,,,25,0,0,0,0,0,4,2,16
,2015_26626,39.692853,-104.94055,12/4/2015 7:25,7:25,12,0,0,COLORADO BLVD S & LOUISIANA AVE E,1,1,0,1,1,3,,,35,0,0,0,0,1,2,2,13
,2015_26638,39.634235,-104.90683,8/31/2015 18:29,18:29,12,0,0,I-25 & I-225 FLYOVER,1,2,1,0,1,4,,,65,0,0,0,0,0,1,2,13
,2015_26639,39.634235,-104.90683,11/30/2015 6:48,6:48,5,0,0,I-25 & I-225 FLYOVER,5,3,0,0,3,4,,,65,0,0,0,0,1,1,2,1
,2015_26640,39.653075,-104.918243,11/17/2015 5:50,5:50,15,0,0,I-25 & HAMPDEN AVE E,6,3,0,2,1,4,,,65,0,0,0,0,0,1,2,16
,2015_26641,39.666808,-104.925028,11/4/2015 8:45,8:45,12,0,0,I-25 & YALE AVE E,1,1,1,0,1,4,,,65,0,0,0,0,0,1,2,16
,2015_26642,39.698353,-104.983745,9/8/2015 18:01,18:01,5,0,0,I-25 & LOGAN ST S,1,1,1,0,2,4,,,55,0,0,0,0,0,1,1,1
,2015_26643,39.729334,-105.014821,12/14/2015 17:30,17:30,12,0,0,I-25 & 8TH AVE W,1,3,1,0,1,4,,,55,0,0,0,0,0,1,2,16
,2015_26644,39.717813,-105.004403,11/16/2015 20:00,20:00,5,0,0,I-25 & MM 208,9,3,0,2,2,4,,,55,0,0,0,0,1,1,1,1
,2015_26645,39.753887,-105.014448,9/25/2015 12:03,12:03,5,0,0,I-25 NB OFF RAMP & SPEER BLVD N,1,1,0,0,2,8,,,45,0,0,0,0,0,1,1,14
,2015_26646,39.778106,-104.989193,10/28/2015 12:27,12:27,5,0,0,I-25 NB OFF RAMP TO I-70 & RAMP SPLIT PT,1,1,0,0,3,8,,,55,0,0,0,0,1,1,2,5
,2015_26648,39.779391,-104.989165,10/12/2015 16:52,16:52,12,0,0,I-25 & I-70,1,1,1,0,1,4,,,55,0,0,0,0,0,1,2,12
,2015_26652,39.711183,-105.001877,8/17/2015 13:00,13:00,12,0,0,ALAMEDA AVE W & LIPAN ST S,1,1,0,0,1,4,,,35,0,0,0,0,0,2,2,13
,2015_26665,39.739999,-104.990376,9/9/2015 16:49,16:49,15,0,0,COLFAX AVE E & BANNOCK ST N,1,1,0,0,1,1,,,30,0,0,0,0,0,2,2,13
,2015_26666,39.740048,-104.986169,11/18/2015 8:25,8:25,12,0,0,COLFAX AVE E & LINCOLN BLVD,1,1,0,0,1,1,,,30,0,0,0,0,0,2,2,16
,2015_26667,39.740079,-104.912395,12/25/2015 18:05,18:05,11,0,1,MONACO PKWY N (NB INTERSE & COLFAX AVE E,5,3,0,2,1,1,,,30,0,1,0,0,2,2,2,13
,2015_26686,39.693843,-105.025045,9/14/2015 15:50,15:50,15,0,0,FEDERAL BLVD S & LOUISIANA AVE W,1,1,0,0,1,4,,,40,0,0,0,0,0,2,2,7
,2015_26687,39.703863,-105.025084,8/29/2015 19:34,19:34,1,0,1,FEDERAL BLVD S & EXPOSITION AVE W,1,3,0,0,1,1,,,35,0,0,0,1,3,2,2,13
,2015_26692,39.651763,-105.052959,10/21/2015 6:10,6:10,11,0,0,SHERIDAN BLVD S & HAMPDEN AVE EB ON RAMP,2,3,0,1,1,1,,,35,0,1,0,0,0,2,2,14
,2015_26698,39.61833,-105.091109,12/16/2015 16:15,16:15,11,0,1,WADSWORTH BLVD S & CRESTLINE AVE W,2,1,0,0,1,1,,,45,0,1,0,0,3,2,2,14
,2015_26703,39.635523,-104.89346,8/15/2015 15:49,15:49,3,0,1,TAMARAC ST S & I-225 NB RAMPS,1,1,1,0,1,1,,,35,0,0,0,0,2,1,2,3
,2015_26704,39.634241,-104.901476,10/23/2015 8:00,8:00,5,0,0,I-225 & QUEBEC ST S,1,1,0,0,2,4,,,55,0,0,0,0,0,1,1,16
,2015_26710,39.652978,-104.919053,9/28/2015 19:14,19:14,2,0,1,HAMPDEN AVE E & I-25 SB RAMPS,1,2,1,0,1,1,,,40,1,0,0,0,2,2,2,13
,2015_26765,0,0,12/13/2015 11:08,11:08,3,0,1,1ST AVE E & ADAMS ST N,1,1,0,0,1,1,,,30,0,0,0,0,2,4,2,13
,2015_26766,0,0,9/19/2015 19:13,19:13,9,0,0,1ST AVE E (SERIAL NUMBER WRONG) & STEELE ST S,1,3,0,0,1,1,,,35,0,0,0,0,1,4,1,5
,2015_26767,0,0,10/23/2015 7:45,7:45,6,0,0,12TH AVE & 700 BLK E,1,1,0,7,1,4,,,30,0,0,0,0,0,4,2,16
,2015_26768,0,0,9/4/2015 4:54,4:54,6,0,0,13TH AVE W & MEADE ST N,1,3,0,7,1,4,,,30,0,0,0,0,0,4,3,5
,2015_26769,0,0,9/4/2015 9:04,9:04,2,0,0,16TH AVE E & PENNSYLVANIA ST N,1,1,1,0,1,1,,,30,1,0,0,0,1,4,2,13
,2015_26770,0,0,8/26/2015 12:43,12:43,1,0,0,40TH AVE 11400 BLK E & LIMA ST N,1,1,1,0,1,2,,,25,0,0,0,1,0,4,2,13
,2015_26771,0,0,10/28/2015 8:57,8:57,11,0,1,47TH AVE E & JOSEPHINE ST N,1,1,0,0,1,1,,,25,0,1,0,0,3,4,2,16
,2015_26772,0,0,12/8/2015 17:39,17:39,1,0,0,ALAMEDA AVE E & GRANT ST S,1,3,0,0,1,1,,,25,0,0,0,0,0,4,2,14
,2015_26773,0,0,12/4/2015 8:40,8:40,3,0,0,ALAMEDA AVE E & MAGNOLIA ST S,1,1,0,0,1,1,,,25,0,0,0,0,0,4,2,13
,2015_26774,0,0,11/30/2015 1:01,1:01,5,0,0,BIRCH ST S & ARKANSAS AVE,5,3,0,2,3,1,,,25,0,0,0,0,0,4,1,14
,2015_26775,0,0,9/18/2015 16:30,16:30,5,0,0,BROADWAY ST S & 1290,1,1,0,0,3,4,,,30,0,0,0,0,0,4,1,1
,2015_26776,0,0,12/3/2015 8:00,8:00,6,0,0,DETROIT ST & 1300 BLK,5,1,0,7,1,1,,,25,0,0,0,0,0,4,2,16
,2015_26777,0,0,10/26/2015 8:11,8:11,1,0,0,EVANS AVE E & ALBION ST S,1,1,0,0,1,1,,,35,0,0,0,0,0,4,2,14
,2015_26778,0,0,10/5/2015 3:40,3:40,5,0,1,EVANS AVE 2201 E & GAYLORD ST S,1,3,0,0,3,4,,,30,0,0,0,0,2,4,1,1
,2015_26779,0,0,9/3/2015 9:54,9:54,12,0,0,JASPER ST N & 4881,1,1,0,0,1,2,,,25,0,0,0,0,0,4,2,13
,2015_26780,0,0,8/26/2015 10:49,10:49,5,0,0,LINCOLN ST N & 450,1,1,0,0,3,4,,,30,0,0,0,0,0,4,1,13
,2015_26781,0,0,8/23/2015 18:00,18:00,6,0,0,LOGAN ST 1400 BLK N & 14TH AVE E,1,1,0,0,1,4,,,30,0,0,0,0,0,4,2,14
,2015_26783,0,0,10/28/2015 12:00,12:00,3,0,0,MARION ST & 1700 BLK,1,1,0,0,1,2,,,25,0,0,0,0,0,4,2,13
,2015_26785,0,0,8/4/2015 11:58,11:58,15,0,0,PENA BLVD & 8100 BLK,1,1,0,0,1,4,,,45,0,0,0,0,0,4,2,7
,2015_26786,0,0,12/13/2015 19:20,19:20,12,0,0,PENA BLVD & JACKSON GAP RD N,1,3,1,0,1,4,,,35,0,0,0,0,0,4,2,13
,2015_26787,0,0,12/21/2015 5:25,5:25,5,0,0,PENA BLVD 5500 BLK & 56TH AVE,1,3,0,0,3,4,,,65,0,0,0,0,0,4,1,2
,2015_26788,0,0,10/5/2015 16:23,16:23,6,0,0,PERRY ST 100 BLK S & BAYAUD AVE W,1,1,0,7,1,4,,,25,0,0,0,0,0,4,2,14
,2015_26789,0,0,11/26/2015 17:36,17:36,6,0,0,POPLAR ST 3400 BLK S & HAMPDEN AVE E,5,3,1,2,1,4,,,30,0,0,0,0,0,4,3,16
,2015_26790,0,0,12/30/2015 13:54,13:54,6,0,0,S QUAY WAY & CORNELL AVE W,5,1,0,7,1,1,,,30,0,0,0,0,0,4,2,7
,2015_26791,0,0,12/18/2015 23:35,23:35,8,0,1,QUINCY AVE & 3900 BLK W,5,3,0,0,6,4,,,35,0,0,0,0,3,4,2,14
,2015_26792,0,0,10/17/2015 2:02,2:02,12,0,0,SPEER BLVD 1500 BLK N & WAZEE ST,1,3,0,0,1,1,,,30,0,0,0,0,0,4,2,4
,2015_26793,0,0,11/25/2015 20:01,20:01,1,0,1,TOWER RD N & 71ST AVE E,2,3,0,2,1,1,,,45,0,0,0,0,3,4,2,16
,2015_26794,0,0,11/30/2015 20:18,20:18,15,0,0,WASHINGTON ST 1400 BLK N & 14TH AVE E,5,3,0,0,1,4,,,30,0,0,0,0,0,4,2,13
,2015_26832,39.714465,-104.940629,8/31/2015 13:35,13:35,15,0,0,COLORADO BLVD 100 BLK S & BAYAUD AVE E,1,1,0,0,1,3,,,35,0,0,0,0,0,2,2,1
,2015_26843,39.628413,-104.904125,12/30/2015 7:40,7:40,12,0,0,I-25 & UNION AVE E,1,1,0,0,1,4,,,65,0,0,0,0,0,1,2,13
,2015_26844,39.678363,-104.933558,10/12/2015 9:00,9:00,12,0,0,EVANS AVE E & I-25 SB RAMPS,1,3,0,0,1,1,,,35,0,0,0,0,0,1,2,5
,2015_26845,39.682349,-104.938235,11/23/2015 16:09,16:09,15,0,0,I-25 NB OFF COLL RAMP FRO & RAMP SPLIT PT,1,1,0,0,1,4,,,45,0,0,0,0,0,1,2,16
,2015_26846,39.689327,-104.971973,10/24/2015 18:28,18:28,12,0,0,I-25 & DOWNING ST S,1,3,0,0,1,4,,,65,0,0,0,0,0,1,2,13
,2015_26847,39.697473,-104.982744,12/7/2015 17:05,17:05,12,0,0,I-25 & LOGAN ST S,1,3,0,0,1,4,,,55,0,0,0,0,0,1,2,3
,2015_26848,39.700527,-104.986282,11/14/2015 19:39,19:39,15,0,0,I-25 SB ON RAMP MERGE PT & BROADWAY S,1,3,1,0,1,4,,,60,0,0,0,0,0,1,2,1
,2015_26849,39.742025,-105.014654,8/25/2015 12:15,12:15,5,0,0,I-25 SB ON RAMP & COLFAX AVE W,1,1,1,0,3,8,,,35,0,0,0,0,1,1,1,14
,2015_26850,39.751291,-105.016572,10/13/2015 11:46,11:46,1,0,0,23RD AVE W & I-25 SB RAMPS,1,1,1,0,1,1,,,45,0,0,0,0,0,1,2,7
,2015_26851,39.741741,-105.014441,8/29/2015 2:05,2:05,5,0,0,I-25 SB ON COLLECTOR RAMP & AURARIA PKWY,1,3,0,0,4,8,,,35,0,0,0,0,0,1,1,5
,2015_26852,39.768039,-104.994788,10/21/2015 22:00,22:00,15,0,1,PARK AVE WEST & I-25,2,3,0,1,1,1,,,35,0,0,0,0,2,1,2,5
,2015_26864,39.740431,-105.021471,11/3/2015 11:06,11:06,2,0,0,MILE HIGH STADIUM CIR & COLFAX AVE OVERPASS SEP,1,1,0,0,1,4,,,20,1,0,0,0,1,2,2,14
,2015_26865,39.740028,-105.004089,10/15/2015 7:43,7:43,15,0,0,COLFAX AVE W & OSAGE ST N,1,1,0,0,1,2,,,35,0,0,0,0,0,2,2,7
,2015_26866,39.740005,-104.975083,9/8/2015 9:52,9:52,12,0,0,COLFAX AVE 1000 BLK E & OGDEN ST,1,1,0,0,1,4,,,35,0,0,0,0,0,2,2,14
,2015_26867,39.739986,-104.963455,11/21/2015 19:35,19:35,3,0,1,COLFAX AVE E & RACE ST N,1,3,0,0,1,1,,,30,0,0,0,0,3,2,2,8
,2015_26873,39.782648,-104.999319,12/5/2015 17:10,17:10,12,0,0,I-70 & MM 273,1,2,1,0,1,4,,,55,0,0,0,0,0,1,2,7
,2015_26874,39.781171,-104.99404,10/3/2015 17:27,17:27,12,0,0,I-70 EB OFF RAMP & I-25,1,1,0,0,1,8,,,55,0,0,0,0,0,1,2,16
,2015_26875,39.779963,-104.965706,9/13/2015 3:05,3:05,12,0,1,46TH AVE 1800 BLK E & BRIGHTON BLVD N,1,3,0,0,1,1,,,35,0,0,0,0,2,4,2,2
,2015_26876,39.779944,-104.940633,12/18/2015 11:51,11:51,12,0,0,I-70 & COLORADO BLVD N,2,1,1,0,1,4,,,55,0,0,0,0,0,1,2,13
,2015_26877,39.778341,-104.92238,7/13/2015 12:23,12:23,12,0,0,I-70 & HOLLY ST N,1,1,0,0,1,4,,,55,0,0,0,0,0,1,2,3
,2015_26881,39.696295,-104.897378,12/9/2015 19:02,19:02,3,0,0,MISSISSIPPI AVE E & PARKER RD S,1,3,1,0,1,1,,,30,0,0,0,0,0,2,2,8
,2015_26882,39.700989,-104.910238,12/25/2015 19:07,19:07,5,0,0,LEETSDALE DR 6800 BLK & NIAGARA ST S,4,3,0,2,3,4,,,35,0,0,0,0,0,2,1,7
,2015_26893,39.629865,-105.087057,10/19/2015 16:51,16:51,10,0,0,WADSWORTH BLVD & LAYTON AVE W,1,1,0,0,1,1,,,35,0,0,0,0,0,2,2,14
,2015_26894,39.635297,-105.082331,10/18/2015 17:00,17:00,12,0,0,WADSWORTH BLVD S & STANFORD AVE W,2,1,0,0,1,1,,,30,0,0,0,0,0,2,2,13
,2015_26904,39.780804,-104.966749,10/22/2015 9:30,9:30,1,0,0,46TH AVE E & BRIGHTON RD N,2,1,0,1,1,1,,,35,0,0,0,0,1,2,2,7
,2015_26961,0,0,9/16/2015 17:05,17:05,12,0,0,1ST AVE 1700 BLK E & GILPIN ST S,1,1,0,0,1,4,,,30,0,0,0,0,0,4,2,13
,2015_26963,0,0,10/28/2015 18:23,18:23,14,0,0,6TH AVE E & LAFAYETTE ST N,1,2,1,0,1,4,,,25,0,0,0,0,0,4,2,13
,2015_26965,0,0,8/31/2015 20:42,20:42,6,0,0,11TH AVE W & KALAMATH ST N,1,3,0,7,1,4,,,25,0,0,0,0,1,4,2,3
,2015_26966,0,0,10/28/2015 22:10,22:10,6,0,0,16TH AVE & 3500 BLK E,1,3,0,7,1,4,,,25,0,0,0,0,0,4,2,5
,2015_26967,0,0,9/24/2015 17:45,17:45,2,0,1,32ND AVE W & RALEIGH ST N,1,1,2,0,1,1,,,30,1,0,0,0,2,4,2,14
,2015_26968,0,0,9/2/2015 7:30,7:30,6,0,0,44TH AVE W & CLAY ST N,1,1,0,7,1,1,,,35,0,0,0,0,0,4,2,14
,2015_26969,0,0,12/17/2015 7:06,7:06,5,0,1,46TH AVE & 1900 BLK E 46TH AVE,5,1,1,0,2,4,,,30,0,0,0,0,2,4,1,14
,2015_26970,0,0,9/2/2015 16:50,16:50,1,0,0,47TH AVE E & PEORIA ST N,1,1,0,0,1,1,,,35,0,0,0,0,0,4,2,13
,2015_26971,0,0,9/3/2015 22:45,22:45,6,0,0,AMHERST AVE W & KING ST S,1,4,0,7,1,4,,,25,0,0,0,0,0,4,2,2
,2015_26972,0,0,9/5/2015 2:06,2:06,6,0,0,ANDREWS DR & 14500 BLK E,1,3,0,7,1,4,,,10,0,0,0,0,0,4,2,2