id,drcog_id,latitude,longitude,crashtime,time,crashtype,numbkilled,numbinjurd,drcoglocat,rdconditin,lightngcon,roadcntgrd,weatherco,location,roaddescrp,schoolzone,constrzone,splimit,bikeinv,pedinv,sctrinv,motoinv,svrty,rdsystem,ttlvehcls,hcf
,2015_26973,0,0,8/28/2015 17:18,17:18,12,0,0,BRIGHTON BLVD 4300 BLK N & 44TH ST,1,1,0,0,1,1,,,30,0,0,0,0,0,4,2,13
,2015_26974,0,0,11/17/2015 14:54,14:54,6,0,0,BAYAUD AVE W & FEDERAL BLVD S,1,1,0,7,1,4,,,30,0,0,0,0,0,4,2,16
,2015_26975,0,0,12/27/2015 7:35,7:35,3,0,0,DAYTON ST N & 6TH AVE E,1,1,0,0,1,1,,,30,0,0,0,0,1,4,2,14
,2015_26976,0,0,12/20/2015 10:53,10:53,6,0,0,DEXTER ST 800 BLOCK S & KENTUCKY AVE E,6,3,1,7,1,4,,,25,0,0,0,0,0,4,2,16
,2015_26977,0,0,12/17/2015 16:00,16:00,6,0,0,DOWNING ST 800 S & OHIO AVE E,6,1,0,7,2,4,,,35,0,0,0,0,0,4,3,16
,2015_26978,0,0,9/20/2015 5:23,5:23,5,0,1,ELLSWORTH AVE E & LINCOLN ST N,1,3,0,0,2,4,,,30,0,0,0,0,2,4,1,5
,2015_26979,0,0,11/13/2015 9:05,9:05,5,0,0,FLORIDA AVE 600 BLK E & PEARL ST S,1,1,0,0,3,3,,,25,0,0,0,0,0,4,1,1
,2015_26980,0,0,11/14/2015 13:40,13:40,12,0,0,GVR BLVD E & PENA BLVD,1,1,0,0,1,8,,,40,0,0,0,0,1,4,2,7
,2015_26981,0,0,12/18/2015 22:14,22:14,5,0,0,LOUISIANA AVE W & XAVIER ST S,5,3,0,0,3,1,,,30,0,0,0,0,0,4,1,5
,2015_26982,0,0,9/15/2015 7:51,7:51,12,0,0,MLK BLVD & 7300 BLK E,1,1,0,0,1,1,,,35,0,0,0,0,1,4,2,13
,2015_26983,0,0,11/20/2015 11:43,11:43,12,0,0,MEADE ST N & 32ND AVE W,1,1,0,0,1,4,,,30,0,0,0,0,1,4,2,14
,2015_26984,0,0,12/24/2015 2:40,2:40,6,0,0,OHIO AVE 700 BLK E & S CLARKSON ST,1,3,0,7,1,4,,,25,0,0,0,0,0,4,2,16
,2015_26985,0,0,12/25/2015 12:00,12:00,6,0,0,W OHIO AVE & VALLEJO ST S,5,1,0,7,3,4,,,25,0,0,0,0,0,4,2,1
,2015_26986,0,0,12/15/2015 9:27,9:27,15,0,0,PENA BLVD & 8000 BLK,4,1,0,2,1,4,,,45,0,0,0,0,0,4,2,7
,2015_26987,0,0,9/13/2015 3:04,3:04,12,0,0,20TH ST & LITTLE RAVEN ST,1,3,0,0,1,1,,,30,0,0,0,0,1,4,2,8
,2015_26988,0,0,10/26/2015 18:36,18:36,3,0,0,32ND ST & CHAMPA ST,1,3,0,0,1,1,,,30,0,0,0,0,0,4,2,16
,2015_26990,0,0,8/18/2015 6:55,6:55,2,0,1,WILLIAMS ST N & 8TH AVE E,1,2,0,0,1,1,,,25,1,0,0,0,2,4,2,13
,2015_26991,0,0,11/12/2015 22:39,22:39,6,0,0,XAVIER ST 1400 BLK N & COLFAX AVE W,1,3,1,7,1,4,,,25,0,0,0,0,0,4,2,16
,2015_27029,39.720916,-104.940629,10/24/2015 21:23,21:23,10,0,0,3RD AVE E & COLORADO BLVD N,1,3,0,0,1,1,,,35,0,0,0,0,0,2,2,7
,2015_27030,39.722589,-104.940629,10/31/2015 16:47,16:47,12,0,0,4TH AVE E & COLORADO BLVD N,1,1,0,0,1,1,,,35,0,0,0,0,0,2,2,13
,2015_27031,39.75101,-104.940599,10/15/2015 17:33,17:33,1,0,0,23RD AVE E & COLORADO BLVD N,1,1,0,0,1,1,,,35,0,0,0,0,1,2,2,13
,2015_27037,39.690017,-104.973363,11/26/2015 18:17,18:17,15,0,0,I-25 & DOWNING ST S,5,3,0,2,1,4,,,60,0,0,0,0,0,1,2,13
,2015_27038,39.696511,-104.981623,10/13/2015 17:20,17:20,12,0,0,I-25 SB OFF RAMP & WASHINGTON ST S,1,1,0,0,1,8,,,35,0,0,0,0,0,1,2,3
,2015_27040,39.755141,-105.012706,9/9/2015 17:35,17:35,12,0,0,I-25 & SPEER BLVD N,1,1,1,0,1,4,,,55,0,0,0,0,0,1,2,13
,2015_27041,39.763205,-105.002007,10/15/2015 5:49,5:49,15,0,0,I-25 SB OFF RAMP & 20TH ST,1,1,0,0,1,8,,,55,0,0,0,0,0,1,2,14
,2015_27062,39.78356,-105.053209,12/9/2015 16:59,16:59,5,0,0,I-70 & SHERIDAN BLVD N,1,3,0,0,3,4,,,55,0,0,0,0,0,1,1,2
,2015_27063,39.779936,-104.98866,11/16/2015 2:19,2:19,5,0,0,I-70 WB OFF LOOP RAMP TO & RAMP SPLIT PT,1,3,0,0,2,8,,,55,0,0,0,0,1,1,1,5
,2015_27064,39.777095,-104.882471,10/21/2015 6:18,6:18,12,0,0,I-70 & CENTRAL PARK BLVD N,2,3,0,1,1,4,,,55,0,0,0,0,0,1,2,1
,2015_27065,39.776545,-104.876427,12/1/2015 18:40,18:40,15,0,0,I-70 EB MERGE LANE FROM & CENTRAL PARK BLVD,1,3,1,0,1,4,,,55,0,0,0,0,0,1,2,13
,2015_27066,39.775623,-104.865778,8/26/2015 14:13,14:13,15,0,0,I-70 & HAVANA ST N,1,1,0,0,1,4,,,55,0,0,0,0,0,1,2,13
,2015_27067,39.775623,-104.865778,10/22/2015 12:30,12:30,15,0,0,I-70 & HAVANA ST N,2,1,0,1,1,4,,,55,0,0,0,0,0,1,2,16
,2015_27080,39.737975,-105.025273,12/14/2015 6:46,6:46,11,0,0,14TH AVE W & FEDERAL BLVD N,1,1,0,0,1,1,,,30,0,1,0,0,1,2,2,14
,2015_27138,0,0,9/15/2015 8:40,8:40,6,0,0,6TH AVE E & CLERMONT ST N,1,1,0,7,1,4,,,35,0,0,0,0,0,4,2,16
,2015_27139,0,0,8/21/2015 11:50,11:50,6,0,0,6TH AVE 1000 BLK E & CORONA ST N,1,1,0,7,1,3,,,30,0,0,0,0,0,4,2,16
,2015_27140,0,0,10/27/2015 17:37,17:37,11,0,0,8TH AVE E & MONROE ST N,1,2,0,0,1,1,,,25,0,1,0,0,1,4,2,13
,2015_27141,0,0,11/20/2015 22:00,22:00,6,0,0,32ND AVE 1800 BLK W & SHOSHONE ST N,5,3,1,2,1,4,,,25,0,0,0,0,0,4,2,16
,2015_27142,0,0,9/13/2015 5:17,5:17,6,0,0,35TH AVE 4600 BLK W & VRAIN ST N,1,1,0,7,1,4,,,25,0,0,0,0,0,4,3,2
,2015_27143,0,0,8/14/2015 20:38,20:38,5,0,1,36TH AVE W & 2424,1,4,0,0,2,5,,,5,0,0,0,0,2,4,1,13
,2015_27144,0,0,11/21/2015 3:47,3:47,8,0,0,56TH AVE E & CHAMBERS RD N,5,3,0,0,1,4,,,45,0,0,0,0,0,4,2,14
,2015_27145,0,0,11/24/2015 11:36,11:36,6,0,0,BANNOCK ST S & ARCHER PL W,1,1,0,7,1,1,,,25,0,0,0,0,0,4,2,4
,2015_27146,0,0,12/21/2015 1:14,1:14,5,0,0,BROADWAY ST & 28TH ST,5,3,1,0,3,4,,,30,0,0,0,0,0,4,1,13
,2015_27147,0,0,9/2/2015 5:51,5:51,3,0,0,BRUCE RANDOLPH AVE E & STEELE ST N,1,1,1,0,1,1,,,30,0,0,0,0,0,4,2,13
,2015_27148,0,0,12/23/2015 17:40,17:40,5,0,0,COURT PL & BROADWAY ST N,2,3,0,2,2,1,,,30,0,0,0,0,0,4,1,7
,2015_27149,0,0,10/20/2015 12:31,12:31,2,0,0,DOWNING ST N & 1ST AVE W,1,1,0,0,1,1,,,30,1,0,0,0,1,4,2,3
,2015_27150,0,0,11/2/2015 17:27,17:27,1,0,0,EVANS AVE E & ALBION ST S,1,2,0,0,1,2,,,35,0,0,0,0,0,4,2,14
,2015_27151,0,0,9/16/2015 19:00,19:00,6,0,0,FOX ST 300 BLK N & 4TH AVE W,1,1,0,7,1,4,,,25,0,0,0,0,0,4,2,14
,2015_27152,0,0,8/26/2015 19:59,19:59,2,0,1,FRANKLIN ST N & 17TH AVE E,1,3,0,0,1,1,,,30,1,0,0,0,2,4,2,13
,2015_27154,0,0,10/28/2015 12:45,12:45,10,0,0,KENTUCKY AVE W & HAZEL CT S,1,1,0,0,1,4,,,25,0,0,0,0,1,4,2,14
,2015_27155,0,0,11/16/2015 2:21,2:21,6,0,0,KENTUCKY AVE W & S UTICA ST,1,3,0,7,3,4,,,25,0,0,0,0,1,4,2,5
,2015_27156,0,0,9/2/2015 6:45,6:45,1,0,1,MISSISSIPPI AVE 700 BLK W & HURON ST S,1,1,0,0,1,2,,,30,0,0,0,1,3,4,2,13
,2015_27157,0,0,9/26/2015 14:30,14:30,6,0,0,PECOS ST N & 37TH AVE W,1,1,0,7,1,4,,,25,0,0,0,0,0,4,2,14
,2015_27158,0,0,8/17/2015 15:19,15:19,5,0,0,PENA BLVD 7500 BLK & GUN CLUB RD,2,1,0,1,2,4,,,65,0,0,0,0,0,4,1,7
,2015_27159,0,0,10/22/2015 9:45,9:45,5,0,0,PENA BLVD & TOWER RD N,2,1,1,1,2,4,,,65,0,0,0,0,0,4,1,13
,2015_27160,0,0,11/11/2015 9:55,9:55,1,0,0,PEORIA ST N & 39TH AVE E,2,1,0,0,1,1,,,35,0,0,0,0,1,4,2,13
,2015_27161,0,0,10/1/2015 2:50,2:50,6,0,1,PEORIA ST & 39TH AVE,1,3,1,0,3,4,,,45,0,0,0,0,3,4,2,5
,2015_27162,0,0,11/16/2015 16:10,16:10,13,0,1,QUEBEC ST N & 1ST AVE E,2,2,0,1,1,3,,,30,0,0,0,0,2,4,2,1
,2015_27163,0,0,12/10/2015 13:44,13:44,15,0,0,15TH ST 300 BLK & TREMONT PL,1,1,0,0,1,1,,,30,0,0,0,0,0,4,2,13
,2015_27164,0,0,11/6/2015 21:12,21:12,1,0,0,20TH ST & WAZEE ST,1,3,1,0,1,1,,,25,0,0,0,1,0,4,2,16
,2015_27165,0,0,11/9/2015 1:45,1:45,5,0,1,44TH ST & BRIGHTON BLVD N,1,3,1,0,3,1,,,35,0,0,0,0,2,4,1,2
,2015_27166,0,0,11/20/2015 8:31,8:31,5,0,0,SANTA FE DR N & 13TH AVE W,1,1,0,0,2,4,,,35,0,0,0,0,0,4,1,14
,2015_27167,0,0,12/5/2015 1:05,1:05,5,0,0,TULSA CT N & 46TH AVE E,1,3,0,0,2,1,,,25,0,0,0,0,0,4,1,13
,2015_27168,0,0,12/27/2015 4:09,4:09,6,0,0,VIRGINIA AVE 2300 BLK W & VALLEJO ST S,4,3,0,7,1,4,,,25,0,0,0,0,0,4,3,16
,2015_27169,0,0,12/28/2015 23:49,23:49,5,0,0,YALE AVE W & LOWELL BLVD S,10,3,0,0,3,1,,,30,0,0,0,0,0,4,1,5
,2015_27170,0,0,10/31/2015 17:07,17:07,3,0,0,ZUNI ST S & LOUISIANA AVE W,1,5,0,1,1,1,,,25,0,0,0,0,0,4,2,16
,2015_27212,39.701452,-104.987435,11/10/2015 7:24,7:24,12,0,0,I-25 & BROADWAY S,1,1,1,0,1,4,,,55,0,0,0,0,1,1,3,3
,2015_27213,39.72543,-105.013021,10/9/2015 23:26,23:26,6,0,1,I-25 & 6TH AVE W,1,3,1,0,2,4,,,45,0,0,0,0,2,1,2,2
,2015_27214,39.76215,-105.002885,11/21/2015 3:42,3:42,5,0,0,I-25 NB ON RAMP & 20TH ST,5,3,1,0,2,8,,,30,0,0,0,0,0,1,1,16
,2015_27216,39.779248,-104.989165,9/25/2015 16:15,16:15,12,0,0,I-25 & I-70,1,1,0,0,1,4,,,55,0,0,0,0,0,1,2,14
,2015_27217,39.77556,-104.989221,12/17/2015 7:49,7:49,5,0,0,I-25 NB OFF RAMP TO I-70 & PARK AVE,5,1,1,0,2,8,,,45,0,0,0,0,0,1,1,13
,2015_27222,39.711155,-105.022584,8/29/2015 13:10,13:10,3,0,0,DECATUR ST S & ALAMEDA AVE W,1,1,0,0,1,1,,,25,0,0,0,0,1,2,2,1
,2015_27231,39.739983,-104.959843,9/10/2015 9:52,9:52,6,0,0,COLFAX AVE E & YORK ST N,1,1,0,0,1,4,,,30,0,0,0,0,0,2,2,13
,2015_27232,39.74011,-104.958745,12/19/2015 10:45,10:45,6,0,0,COLFAX AVE 2400 BLK E & JOSEPHINE ST,1,1,0,0,1,4,,,30,0,0,0,0,0,2,2,3
,2015_27233,39.740072,-104.919493,12/11/2015 16:44,16:44,3,0,0,COLFAX AVE E & JERSEY ST N,1,3,0,0,1,1,,,25,0,0,0,0,0,2,2,13
,2015_27234,39.740063,-104.929838,12/19/2015 4:10,4:10,6,0,0,COLFAX AVE E & ELM ST N,1,3,0,2,1,4,,,30,0,0,0,0,0,2,2,2
,2015_27235,39.740084,-104.892101,8/5/2015 22:53,22:53,11,0,0,COLFAX AVE 8200 BLK E & VALENTIA ST N,1,3,0,0,1,4,,,35,0,1,0,0,1,2,2,5
,2015_27246,39.780014,-104.959404,10/20/2015 7:20,7:20,15,0,0,I-70 EB & YORK ST EXIT,1,1,0,0,1,4,,,55,0,0,0,0,0,1,2,13
,2015_27256,39.698303,-104.991769,12/8/2015 21:53,21:53,5,0,1,PLATTE RIVER DR S & TENNESSEE AVE W,1,3,0,0,3,4,,,45,0,0,0,0,2,2,1,12
,2015_27260,39.702059,-105.02506,10/11/2015 16:06,16:06,5,0,0,FEDERAL BLVD S & OHIO AVE W,1,1,0,0,3,1,,,35,0,0,0,0,0,2,2,13
,2015_27274,39.652933,-105.033186,9/30/2015 6:35,6:35,12,0,0,HWY 285 & LOWELL BLVD S,1,1,0,0,1,4,,,45,0,0,0,0,0,2,2,13
,2015_27324,0,0,11/13/2015 19:52,19:52,11,0,1,14TH AVE E & VINE ST N,1,4,0,0,1,1,,,30,0,1,0,0,2,4,2,13
,2015_27325,0,0,12/6/2015 19:32,19:32,6,0,0,17TH AVE E & GLENCOE ST N,1,3,0,7,1,4,,,30,0,0,0,0,0,4,3,14
,2015_27326,0,0,11/3/2015 7:48,7:48,3,0,0,17TH AVE W & IRVING ST N,1,1,0,0,1,1,,,30,0,0,0,0,0,4,2,14
,2015_27327,0,0,10/28/2015 12:30,12:30,6,0,0,19TH AVE & 200 BLK,1,1,0,7,1,4,,,30,0,0,0,0,0,4,2,16
,2015_27328,0,0,11/10/2015 7:55,7:55,6,0,0,W 34TH AVE & SHOSHONE ST N,1,1,0,7,1,5,,,25,0,0,0,0,0,4,2,7
,2015_27329,0,0,11/25/2015 13:00,13:00,5,0,0,38TH AVE W & SHOSHONE ST N,1,1,1,0,2,1,,,30,0,0,0,0,0,4,1,16
,2015_27330,0,0,10/16/2015 15:30,15:30,5,0,0,45TH AVE & 11600 BLK E,1,1,0,0,1,4,,,30,0,0,0,0,0,4,1,13
,2015_27331,0,0,9/16/2015 11:38,11:38,5,0,0,47TH AVE & 1200 BLK W,1,1,1,0,2,4,,,25,0,0,0,0,0,4,1,13
,2015_27332,0,0,12/21/2015 8:30,8:30,12,0,0,ALAMEDA AVE W & CHEROKEE ST S,1,1,0,0,1,4,,,35,0,0,0,0,0,4,2,13
,2015_27333,0,0,11/20/2015 22:50,22:50,6,0,0,BOULDER ST 1700 BLK & 18TH ST,5,3,0,2,1,4,,,25,0,0,0,0,0,4,2,16
,2015_27334,0,0,12/5/2015 19:15,19:15,6,0,0,CRESTLINE AVE W & S DOVER ST,1,3,0,7,1,4,,,25,0,0,0,0,0,4,2,1
,2015_27335,0,0,10/29/2015 12:46,12:46,6,0,0,EVANS AVE 2300 BLK E & UNIVERSITY BLVD S,1,1,0,0,1,4,,,30,0,0,0,0,0,4,2,13
,2015_27336,0,0,8/18/2015 12:43,12:43,5,0,0,MADISON ST N & 12TH AVE E,1,1,0,0,1,4,,,25,0,0,0,0,0,4,1,13
,2015_27337,0,0,11/19/2015 6:43,6:43,3,0,2,MLK BLVD E & QUEBEC ST N,1,1,0,0,1,1,,,35,0,0,0,0,3,4,2,16
,2015_27338,0,0,9/25/2015 13:30,13:30,12,0,0,PARK AVE W & GLOBEVILLE RD N,1,1,0,0,1,1,,,35,0,0,0,0,0,4,2,13
,2015_27339,0,0,10/17/2015 19:31,19:31,6,0,0,NEWTON ST & 1400 BLK N,1,2,0,7,1,4,,,25,0,0,0,0,0,4,2,5
,2015_27340,0,0,9/13/2015 11:12,11:12,6,0,0,ST PAUL ST 1400 BLK N & 14TH AVE E,1,1,0,7,1,4,,,25,0,0,0,0,0,4,2,16
,2015_27341,0,0,12/16/2015 11:43,11:43,1,0,1,PECOS ST N & BEEKMAN PL W,4,1,1,0,1,1,,,30,0,0,0,0,3,4,2,13
,2015_27342,0,0,11/17/2015 3:00,3:00,5,0,0,PENA BLVD & 75TH AVE,12,3,0,2,2,4,,,65,0,0,0,0,1,4,1,16
,2015_27343,0,0,8/18/2015 17:20,17:20,12,0,0,STOUT SST 1400 BLK & 15TH ST,1,5,0,0,1,1,,,25,0,0,0,0,0,4,2,13
,2015_27344,0,0,12/24/2015 8:34,8:34,6,0,0,N SPRUCE ST & COLFAX AVE E,1,1,0,7,1,4,,,25,0,0,0,0,0,4,2,16
,2015_27345,0,0,12/1/2015 14:05,14:05,3,0,0,WARREN AVE W & CLAY ST S,1,1,0,0,1,1,,,25,0,0,0,0,0,4,2,7
,2015_27385,39.683307,-104.941372,11/10/2015 9:40,9:40,12,0,0,I-25 & COLORADO BLVD S,1,1,0,0,1,4,,,55,0,0,0,0,1,1,2,16
,2015_27386,39.68492,-104.959513,9/12/2015 3:03,3:03,5,0,0,I-25 & UNIVERSITY BLVD S,1,3,0,0,3,4,,,65,0,0,0,0,0,1,1,5
,2015_27388,39.71124,-104.998918,11/27/2015 8:50,8:50,15,0,0,I-25 & ALAMEDA AVE W,10,1,0,2,1,4,,,55,0,0,0,0,0,1,2,16
,2015_27392,39.65352,-104.868405,12/12/2015 1:40,1:40,5,0,0,E HAMPDEN AVE & GALENA ST S,1,3,0,0,2,1,,,45,0,0,0,0,0,2,1,5
,2015_27402,39.740002,-104.987332,12/11/2015 19:49,19:49,3,0,0,COLFAX AVE E & BROADWAY ST N,1,3,1,0,1,1,,,30,0,0,0,0,0,2,2,8
,2015_27403,39.740006,-104.974736,12/9/2015 16:00,16:00,3,0,0,COLFAX AVE E & OGDEN ST N,1,2,0,0,1,1,,,35,0,0,0,0,0,2,2,13
,2015_27404,39.740006,-104.974736,8/28/2015 23:53,23:53,15,0,0,COLFAX AVE E & OGDEN ST N,1,3,1,0,1,1,,,35,0,0,0,0,0,2,2,13
,2015_27405,39.740181,-104.957465,10/2/2015 15:50,15:50,15,0,0,COLFAX AVE E & COLUMBINE ST N,1,1,0,0,1,1,,,30,0,0,0,0,0,2,2,7
,2015_27411,39.7783,-104.903459,9/8/2015 16:43,16:43,15,0,0,I-70 & NORTHFIELD QUEBEC ST,1,1,0,0,1,4,,,55,0,0,0,0,0,1,2,7
,2015_27412,39.777095,-104.882471,8/18/2015 15:08,15:08,12,0,0,I-70 & CENTRAL PARK BLVD N,1,1,0,0,1,4,,,55,0,0,0,0,0,1,3,16
,2015_27413,39.775623,-104.865778,10/19/2015 12:15,12:15,15,0,0,I-70 & HAVANA ST,1,1,0,0,1,4,,,55,0,0,0,0,0,1,2,14
,2015_27423,39.708516,-105.025084,11/21/2015 15:00,15:00,1,0,0,FEDERAL BLVD S & ALASKA PL W,1,1,0,0,1,1,,,40,0,0,0,0,0,2,2,16
,2015_27502,0,0,12/5/2015 14:55,14:55,3,0,0,7TH AVE E & SHERMAN ST S,1,1,0,0,1,1,,,25,0,0,0,0,0,4,2,13
,2015_27503,0,0,11/21/2015 12:17,12:17,6,0,0,11TH AVE 100 BLK W & BANNOCK ST N,5,1,0,7,1,3,,,30,0,0,0,0,0,4,2,16
,2015_27505,0,0,11/14/2015 20:13,20:13,3,0,0,14TH AVE W & SPEER BLVD N,1,3,0,0,1,1,,,20,0,0,0,0,0,4,2,8
,2015_27506,0,0,10/26/2015 8:23,8:23,2,0,1,16TH AVE E & CLARKSON ST N,1,1,0,0,1,1,,,30,1,0,0,0,2,4,2,16
,2015_27507,0,0,10/27/2015 7:35,7:35,11,0,1,17TH AVE E & PARK AVE W,1,2,0,0,1,1,,,35,0,1,0,0,3,4,2,16
,2015_27508,0,0,10/5/2015 14:45,14:45,15,0,0,40TH AVE E & HAVANA ST N,1,1,0,0,1,1,,,25,0,0,0,0,0,4,2,13
,2015_27509,0,0,8/19/2015 7:20,7:20,12,0,0,56TH AVE E & FAIRPLAY ST N,1,1,0,7,1,4,,,40,0,0,0,0,1,4,2,7
,2015_27510,0,0,8/21/2015 15:46,15:46,3,0,0,56TH AVE 11800 BLK E & OSWEGO ST N,1,1,1,0,1,2,,,35,0,0,0,0,0,4,2,13
,2015_27511,0,0,12/12/2015 19:15,19:15,6,0,0,AMHERST AVE W & LOWELL BLVD S,6,3,1,2,1,1,,,25,0,0,0,0,0,4,2,5
,2015_27512,0,0,10/22/2015 17:22,17:22,6,0,0,CENTER DR 5000 BLK W & S YATES ST,2,2,0,1,1,4,,,25,0,0,0,0,1,4,2,12
,2015_27513,0,0,11/4/2015 8:20,8:20,1,0,0,CHAMBERS RD N & 40TH AVE E,1,1,0,0,1,1,,,40,0,0,0,0,0,4,2,7
,2015_27514,0,0,12/29/2015 4:00,4:00,5,0,0,COLORADO CENTER DR E & 4298,4,3,0,2,2,4,,,25,0,0,0,0,0,4,1,6
,2015_27515,0,0,4/9/2015 17:04,17:04,1,1,0,CRESTLINE AVE (7500 BLK W) & WADSWORTH BLVD S,1,1,1,0,1,1,,,30,0,0,0,1,4,4,2,1
,2015_27516,0,0,9/4/2015 5:00,5:00,6,0,0,EASTMAN AVE E & 3355,1,2,1,7,1,4,,,25,0,0,0,0,0,4,2,3
,2015_27517,0,0,8/23/2015 19:55,19:55,5,0,0,FRANKLIN ST 1300 BLK N & GILPIN ST N,1,2,0,0,3,1,,,,0,0,0,0,0,4,1,8
,2015_27518,0,0,11/2/2015 10:41,10:41,15,0,0,JOSEPHINE ST S & HARVARD AVE E,1,1,0,0,1,3,,,25,0,0,0,0,0,4,2,16
,2015_27519,0,0,12/16/2015 11:00,11:00,10,0,0,LOGAN ST N & 8TH AVE E,5,1,0,0,1,1,,,30,0,0,0,0,0,4,2,8
,2015_27520,0,0,8/15/2015 23:15,23:15,5,0,0,MAXWELL PL E & 14905,1,3,0,0,2,4,,,40,0,0,0,0,0,4,1,5
,2015_27521,0,0,11/18/2015 16:24,16:24,15,0,0,MONACO ST S & HAPPY CANYON RD E,1,4,1,0,1,3,,,30,0,0,0,0,0,4,2,16
,2015_27522,0,0,9/12/2015 2:00,2:00,6,0,0,ST PAUL ST & 1300 BLK N,1,3,0,7,1,4,,,25,0,0,0,0,0,4,2,1
,2015_27523,0,0,10/21/2015 6:15,6:15,5,0,0,PENA BLVD & GUN CLUB RD N,2,3,0,1,2,4,,,75,0,0,0,0,1,4,1,16
,2015_27524,0,0,11/16/2015 20:33,20:33,5,0,0,PENA BLVD & JACKSON GAP RD N,12,3,0,2,3,4,,,65,0,0,0,0,0,4,1,14
,2015_27525,0,0,12/28/2015 11:37,11:37,15,0,0,PEORIA ST 3700 BLK N & 38TH AVE E,1,1,1,0,1,4,,,35,0,0,0,0,0,4,2,13
,2015_27526,0,0,11/12/2015 12:10,12:10,3,0,1,QUEBEC ST N & 11TH AVE E,1,1,1,0,1,1,,,35,0,0,0,0,2,4,2,13
,2015_27527,0,0,12/25/2015 20:40,20:40,5,0,0,PERRY ST N & 1ST AVE W,5,3,1,2,3,1,,,25,0,0,0,0,0,4,1,13
,2015_27528,0,0,10/26/2015 12:08,12:08,6,0,0,15TH ST & CENTRAL,1,1,0,7,1,4,,,35,0,0,0,0,0,4,2,14
,2015_27529,0,0,12/23/2015 12:00,12:00,6,0,0,15TH ST & PLATTE ST,1,1,0,7,1,1,,,30,0,0,0,0,0,4,2,16
,2015_27530,0,0,12/4/2015 17:35,17:35,15,0,0,SANTA FE DR S & ALAMEDA AVE W,1,3,0,0,1,1,,,30,0,0,0,0,0,4,2,13
,2015_27531,0,0,9/23/2015 14:55,14:55,3,0,0,ST PAUL ST S & BUCHTEL BLVD E,1,1,0,0,1,1,,,25,0,0,0,0,0,4,2,8
,2015_27532,0,0,10/18/2015 20:45,20:45,6,0,0,WASHINGTON ST 1200 BLK N & 13TH AVE E,1,2,0,7,1,4,,,25,0,0,0,0,0,4,2,16
,2015_27533,0,0,8/26/2015 15:25,15:25,1,0,0,YORK ST N & 24TH AVE E,1,1,0,0,1,1,,,30,0,0,0,0,0,4,2,3
,2015_27563,39.685667,-104.940548,10/24/2015 16:11,16:11,10,0,0,COLORADO BLVD S & MEXICO AVE E,1,1,0,0,1,1,,,35,0,0,0,0,0,2,2,8
,2015_27564,39.685827,-104.940548,12/2/2015 17:45,17:45,12,0,0,COLORADO BLVD 1600 BLK S & MEXICO AVE E,1,3,0,0,1,3,,,40,0,0,0,0,0,2,2,3
,2015_27565,39.723085,-104.94063,10/22/2015 8:35,8:35,12,0,0,COLORADO BLVD 400 BLK N & 5TH AVE E,2,1,0,1,1,4,,,35,0,0,0,0,0,2,2,13
,2015_27566,39.736767,-104.940616,12/26/2015 16:53,16:53,3,0,0,N COLORADO BLVD & E 13TH AVE,1,3,0,0,1,1,,,30,0,0,0,0,0,2,2,13
,2015_27570,39.725457,-105.032462,9/9/2015 8:25,8:25,12,0,0,6TH AVE & KNOX CT N,1,1,1,0,1,4,,,45,0,0,0,0,0,2,2,13
,2015_27571,39.725457,-105.032462,9/10/2015 16:34,16:34,12,0,0,6TH AVE W & KNOX CT N,1,1,1,0,1,4,,,45,0,0,0,0,0,2,2,13
,2015_27577,39.680179,-104.935165,11/18/2015 18:24,18:24,15,0,0,I-25 & ASBURY AVE E (NOT IN,1,3,0,0,1,4,,,55,0,0,0,0,0,1,2,16
,2015_27578,39.701452,-104.987435,10/16/2015 22:05,22:05,1,0,1,BROADWAY S & I-25 SB RAMPS,1,3,0,0,1,1,,,30,0,0,0,0,3,1,2,8
,2015_27580,39.72543,-105.013021,10/18/2015 14:37,14:37,12,0,0,I-25 & 6TH AVE W,1,1,0,0,1,4,,,55,0,0,0,0,0,1,2,3
,2015_27581,39.726455,-105.013672,10/31/2015 6:59,6:59,15,0,1,I-25 & 6TH AVE W,1,2,0,0,1,4,,,55,0,0,0,0,3,1,2,16
,2015_27587,39.653077,-104.898688,11/10/2015 7:20,7:20,1,0,0,HAMPDEN AVE E & TAMARAC DR S,1,1,1,0,1,1,,,40,0,0,0,0,0,2,2,13
,2015_27588,39.653021,-104.876676,8/28/2015 7:30,7:30,12,0,0,HAMPDEN AVE 9600 BLK E & DAYTON ST S,1,1,0,0,1,4,,,45,0,0,0,0,0,2,2,13
,2015_27589,39.653038,-104.872038,12/5/2015 13:54,13:54,12,0,0,HAMPDEN AVE E & FLORENCE ST S,1,1,0,0,1,1,,,40,0,0,0,0,1,2,2,1
,2015_27590,39.65302,-104.875567,8/13/2015 7:13,7:13,1,0,1,HAMPDEN AVE E & DAYTON ST S,1,1,0,0,1,1,,,45,0,0,0,1,3,2,2,8
,2015_27596,39.740322,-105.053272,12/4/2015 16:50,16:50,15,0,0,COLFAX AVE W & SHERIDAN BLVD,1,1,0,0,1,3,,,35,0,0,0,0,0,2,2,13
,2015_27597,39.740013,-104.995597,8/20/2015 9:00,9:00,1,0,0,COLFAX AVE W & FOX ST N,1,1,1,0,1,1,,,30,0,0,0,0,0,2,2,13
,2015_27598,39.740013,-104.995597,9/25/2015 8:30,8:30,1,0,0,COLFAX AVE W & FOX ST N,1,1,0,0,1,1,,,30,0,0,0,0,0,2,2,13