id,drcog_id,latitude,longitude,crashtime,time,crashtype,numbkilled,numbinjurd,drcoglocat,rdconditin,lightngcon,roadcntgrd,weatherco,location,roaddescrp,schoolzone,constrzone,splimit,bikeinv,pedinv,sctrinv,motoinv,svrty,rdsystem,ttlvehcls,hcf
,2015_27599,39.739998,-104.966067,12/7/2015 9:50,9:50,11,0,0,COLFAX AVE 1800 BLK E & WILLIAMS ST N,1,1,0,0,1,1,,,30,0,1,0,0,1,2,2,13
,2015_27605,39.780052,-104.989434,12/5/2015 16:55,16:55,12,0,0,I-70 & I-25,1,1,0,0,1,4,,,55,0,0,0,0,0,1,2,16
,2015_27606,39.779435,-104.979009,11/13/2015 19:15,19:15,12,0,0,WASHINGTON ST N & I-70 EB RAMPS,1,3,0,0,1,4,,,35,0,0,0,0,0,1,2,13
,2015_27607,39.772533,-104.829791,11/17/2015 15:50,15:50,5,0,0,I-70 & I-225 NB FLYOVER,2,1,0,0,2,4,,,55,0,0,0,0,1,1,1,16
,2015_27640,39.652991,-104.92789,8/5/2015 0:08,0:08,12,0,0,HAMPDEN AVE E & FAIRFAX ST S,1,1,0,0,1,4,,,35,0,0,0,0,1,2,2,13
,2015_27647,39.833489,-104.746853,12/5/2015 7:50,7:50,15,0,0,E-470 & MM 27.8,1,1,0,0,1,4,,,75,0,0,0,0,0,2,2,7
,2015_27697,0,0,11/15/2015 9:25,9:25,3,0,0,3RD AVE W & KNOX CT N,1,1,1,0,1,1,,,30,0,0,0,0,0,4,2,16
,2015_27699,0,0,8/24/2015 17:22,17:22,3,0,0,12TH AVE E & BROADWAY N,1,5,0,0,1,1,,,30,0,0,0,0,0,4,2,16
,2015_27700,0,0,10/13/2015 9:39,9:39,6,0,0,11TH AVE 900 BLK W & KALAMATH ST,1,1,0,7,1,4,,,30,0,0,0,0,0,4,2,14
,2015_27701,0,0,11/30/2015 4:29,4:29,5,0,0,13TH AVE 4000 BLK E & ALBION ST,4,3,0,2,2,4,,,35,0,0,0,0,0,4,1,14
,2015_27702,0,0,8/9/2015 8:30,8:30,3,0,0,18TH AVE & 1200 BLK E,1,1,0,0,1,2,,,30,0,0,0,0,0,4,2,13
,2015_27703,0,0,8/20/2015 16:22,16:22,12,0,0,23RD AVE E & QUEBEC ST N,1,1,0,7,1,4,,,30,0,0,0,0,0,4,2,16
,2015_27704,0,0,7/23/2015 17:45,17:45,5,0,0,39TH AVE W & 2515,1,1,0,0,3,4,,,25,0,0,0,0,0,4,1,8
,2015_27705,0,0,11/9/2015 16:45,16:45,3,0,0,BANNOCK ST S & DAKOTA AVE W,1,1,0,0,1,1,,,20,0,0,0,0,1,4,2,16
,2015_27706,0,0,9/29/2015 8:30,8:30,15,0,0,BLAKE ST & 32ND ST,1,1,0,0,1,1,,,30,0,0,0,0,0,4,2,7
,2015_27707,0,0,10/12/2015 9:41,9:41,6,0,0,BANNOCK ST 1400 BLK & 14TH AVE,1,1,0,7,1,4,,,25,0,0,0,0,0,4,2,16
,2015_27708,0,0,12/19/2015 11:45,11:45,6,0,0,CLARKSON ST N & 20TH AVE E,6,1,0,7,1,4,,,25,0,0,0,0,0,4,2,16
,2015_27709,0,0,9/4/2015 14:33,14:33,6,0,0,GRANT ST S & 3,1,1,0,7,1,1,,,25,0,0,0,0,0,4,2,14
,2015_27710,0,0,10/18/2015 14:14,14:14,6,0,0,S GRANT ST & VIRGINIA AVE E,1,1,0,7,1,4,,,25,0,0,0,0,0,4,2,7
,2015_27711,0,0,11/16/2015 20:55,20:55,14,0,0,HOLLY PL S & LOCUST ST S,4,3,1,2,6,4,,,25,0,0,0,0,0,4,3,7
,2015_27712,0,0,9/12/2015 1:18,1:18,6,0,0,HAMPDEN AVE N SERVICE RD (NOT CDOT) & FENTON ST S,1,3,0,0,1,4,,,35,0,0,0,0,0,4,4,2
,2015_27713,0,0,10/8/2015 17:30,17:30,6,0,0,HUMBOLDT ST 1200 BLK N & 12TH AVE E,1,1,0,7,1,4,,,,0,0,0,0,0,4,2,16
,2015_27714,0,0,12/15/2015 9:50,9:50,5,0,0,MONACO ST 2500 BLK S & LASALLE PL E,4,1,0,2,3,1,,,35,0,0,0,0,0,4,1,1
,2015_27715,0,0,10/24/2015 15:22,15:22,5,0,0,MONACO PKWY N & MLK BLVD E,1,1,0,0,2,3,,,30,0,0,0,0,0,4,1,15
,2015_27716,0,0,11/21/2015 5:43,5:43,6,0,0,E MONTVIEW BLVD & SYRACUSE ST N,5,3,0,7,1,4,,,35,0,0,0,0,0,4,2,7
,2015_27717,0,0,8/20/2015 9:25,9:25,2,0,0,13TH ST & MARKET ST,1,1,0,0,1,1,,,25,1,0,0,0,1,4,2,13
,2015_27718,0,0,12/26/2015 23:53,23:53,6,0,0,14TH ST 1000 BLK & ARAPAHOE,1,3,1,0,1,4,,,30,0,0,0,0,0,4,2,13
,2015_27719,0,0,9/18/2015 22:04,22:04,12,0,0,15TH ST 1700 BLK & WYNKOOP ST,1,3,0,0,1,4,,,25,0,0,0,0,0,4,2,5
,2015_27720,0,0,12/15/2015 7:30,7:30,5,0,0,SPEER BLVD 600 BLK N & 8TH AVE W,4,1,0,2,3,4,,,30,0,0,0,0,0,4,2,7
,2015_27721,0,0,10/4/2015 10:45,10:45,6,0,0,ZENOBIA ST 1600 BLK N & 17TH AVE W,1,1,1,7,1,4,,,25,0,0,0,0,0,4,3,3
,2015_27722,0,0,12/17/2015 17:26,17:26,6,0,0,ZUNI ST & 3200 BLK N,2,2,1,7,1,4,,,30,0,0,0,0,0,4,2,16
,2015_27738,39.779435,-104.979009,12/23/2015 10:23,10:23,15,0,0,WASHINGTON ST & I-70 WB ON RAMP,1,1,0,0,1,3,,,35,0,0,0,0,0,1,2,14
,2015_27747,39.683674,-104.940414,10/16/2015 6:25,6:25,1,0,0,COLORADO BLVD S & I-25 NB ON RAMP,1,3,1,0,1,1,,,35,0,0,0,0,0,2,2,13
,2015_27748,39.74372,-104.940608,11/12/2015 18:22,18:22,1,0,0,17TH AVE E & COLORADO BLVD N,1,3,0,0,1,1,,,30,0,0,0,0,0,2,2,7
,2015_27755,39.683168,-104.94079,8/18/2015 10:00,10:00,12,0,0,I-25 SB ON LOOP RAMP & COLORADO BLVD S,1,1,0,0,1,8,,,20,0,0,0,0,0,1,2,3
,2015_27757,39.684455,-104.946076,11/16/2015 14:34,14:34,12,0,0,I-25 & COLORADO BLVD S SB EX,2,1,0,0,1,4,,,55,0,0,0,0,0,1,2,3
,2015_27759,39.729334,-105.014821,8/21/2015 12:54,12:54,12,0,0,I-25 & 8TH AVE,1,1,1,0,1,4,,,55,0,0,0,0,0,1,2,16
,2015_27760,39.750368,-105.016976,11/15/2015 17:35,17:35,12,0,0,I-25 & 23RD AVE W,1,4,0,0,1,4,,,55,0,0,0,0,0,1,2,16
,2015_27768,39.653077,-104.898688,11/25/2015 20:00,20:00,1,0,0,HAMPDEN AVE E & TAMARAC DR S,5,3,1,2,1,1,,,,0,0,0,0,0,2,2,16
,2015_27785,39.740083,-104.893946,10/22/2015 12:00,12:00,2,0,1,COLFAX AVE E & ULSTER ST N,2,1,0,1,1,1,,,25,1,0,0,0,2,2,2,7
,2015_27799,39.780567,-104.991833,11/26/2015 11:02,11:02,5,0,0,I-70 WB ON LOOP RAMP FROM & I-25 RAMP SPLIT,5,1,1,2,3,8,,,55,0,0,0,0,0,1,1,13
,2015_27800,39.779729,-104.985594,12/1/2015 12:50,12:50,5,0,0,I-70 WB OFF LOOP RAMP TO & RAMP SPLIT PT,1,1,0,0,2,8,,,55,0,0,0,0,0,1,1,1
,2015_27801,39.774005,-104.847034,11/13/2015 19:10,19:10,12,0,0,I-70 EB OFF RAMP & PEORIA ST N,1,3,0,0,1,4,,,35,0,0,0,0,0,1,2,3
,2015_27803,39.773707,-104.843468,10/26/2015 6:03,6:03,5,0,0,I-70 & PEORIA ST N,1,3,0,0,3,4,,,55,0,0,0,0,0,1,1,16
,2015_27804,39.772621,-104.830915,11/19/2015 22:23,22:23,5,0,1,I-70 WB COLLECTOR RAMP & RAMP ENT GORE PT,1,3,1,0,1,8,,,55,0,0,0,0,3,1,1,5
,2015_27806,39.779999,-104.95039,8/9/2015 5:55,5:55,5,0,1,I-70 & STEELE ST,1,2,0,0,3,4,,,55,0,0,0,0,2,1,1,1
,2015_27813,39.69855,-104.903441,10/22/2015 12:23,12:23,12,0,0,LEETSDALE DR 7200 BLK & QUEBEC ST S,2,1,0,1,1,4,,,40,0,0,0,0,0,2,4,1
,2015_27830,39.63322,-104.903992,11/20/2015 1:20,1:20,12,0,0,I-225 SB OFF RAMP TO & I-25,1,3,1,0,1,8,,,65,0,0,0,0,0,1,2,3
,2015_27884,0,0,10/14/2015 8:25,8:25,2,0,1,1ST AVE 1200 BLK E & DOWNING ST S,1,1,0,0,1,1,,,25,1,0,0,0,2,4,2,13
,2015_27885,0,0,11/1/2015 11:05,11:05,3,0,0,10TH AVE E & SHERMAN ST N,1,1,0,0,1,1,,,30,0,0,0,0,0,4,2,3
,2015_27886,0,0,10/25/2015 13:13,13:13,3,0,0,33RD AVE E & GLENCOE ST N,1,1,0,0,1,1,,,30,0,0,0,0,0,4,2,13
,2015_27887,0,0,11/23/2015 5:24,5:24,6,0,0,27TH AVE W & FEDERAL BLVD N,1,2,0,7,1,4,,,25,0,0,0,0,0,4,2,16
,2015_27888,0,0,10/5/2015 19:49,19:49,6,0,0,28TH AVE E & CHERRY ST N,1,4,0,7,1,4,,,25,0,0,0,0,0,4,2,14
,2015_27889,0,0,8/31/2015 11:28,11:28,6,0,0,30TH AVE & 1500 BLK E,1,1,0,7,1,4,,,25,0,0,0,0,0,4,2,16
,2015_27890,0,0,10/25/2015 14:52,14:52,6,0,0,31TH AVE & 1400 BLK W,1,1,0,7,1,4,,,25,0,0,0,0,0,4,2,8
,2015_27891,0,0,12/25/2015 13:50,13:50,6,0,0,ALBION ST & 1200 BLK N,4,1,0,2,1,4,,,20,0,0,0,0,0,4,2,16
,2015_27892,0,0,11/16/2015 10:10,10:10,6,0,0,ALTON WAY 700 BLK S & CLINTON ST S,1,1,0,7,1,4,,,25,0,0,0,0,0,4,2,3
,2015_27893,0,0,11/19/2015 13:02,13:02,6,0,0,BLAKE ST 2228 & PARK AVE W,1,1,0,7,1,4,,,25,0,0,0,0,0,4,2,16
,2015_27895,0,0,10/30/2015 13:44,13:44,1,0,0,BRIGHTON BLVD N & 35TH ST,1,1,1,0,1,1,,,30,0,0,0,0,1,4,2,13
,2015_27896,0,0,9/17/2015 7:30,7:30,6,0,0,BROWN PL W & LAMAR ST S,1,1,0,7,1,4,,,20,0,0,0,0,0,4,2,14
,2015_27897,0,0,10/17/2015 17:35,17:35,2,0,0,CHERRY CREEK DR N E & MONACO PKWY S,1,1,0,0,1,1,,,30,1,0,0,0,0,4,2,13
,2015_27898,0,0,12/17/2015 19:10,19:10,1,0,0,DOWNING ST S & EVANS AVE E,11,3,0,0,1,1,,,30,0,0,0,0,0,4,2,13
,2015_27899,0,0,12/14/2015 7:55,7:55,12,0,0,GVR BLVD E & MEMPHIS ST N,1,5,3,0,1,1,,,35,0,0,0,0,0,4,2,13
,2015_27900,0,0,11/5/2015 6:45,6:45,6,0,0,JAY ST 2700 BLK & YALE AVE W,2,2,1,1,1,4,,,25,0,0,0,0,0,4,2,3
,2015_27901,0,0,10/29/2015 21:25,21:25,6,0,0,N LOWELL BLVD & SCOTT PL W,1,3,0,7,1,1,,,30,0,0,0,0,1,4,3,5
,2015_27902,0,0,9/6/2015 10:38,10:38,6,0,0,MADISON ST S & CEDAR AVE E,1,1,0,7,1,4,,,25,0,0,0,0,0,4,2,14
,2015_27903,0,0,10/22/2015 23:00,23:00,6,0,0,OGDEN ST 1400 BLK N & 14TH AVE E,1,3,0,7,1,4,,,20,0,0,0,0,0,4,2,16
,2015_27904,0,0,8/4/2015 9:01,9:01,6,0,0,PONTIAC ST N & 39TH AVE E,1,1,0,0,1,4,,,25,0,0,0,0,0,4,2,14
,2015_27905,0,0,10/14/2015 18:27,18:27,12,0,0,RACE ST 2600 BLK S & YALE AVE E,1,2,1,0,1,3,,,25,0,0,0,0,0,4,2,1
,2015_27906,0,0,11/13/2015 7:59,7:59,6,0,0,PONTIAC ST N & 17TH AVE E,1,1,0,7,1,4,,,25,0,0,0,0,0,4,2,14
,2015_27907,0,0,9/22/2015 11:05,11:05,1,0,1,20TH ST & CHESTNUT PL,1,1,0,0,1,1,,,25,0,0,0,1,3,4,2,13
,2015_27908,0,0,12/17/2015 17:12,17:12,6,0,0,SHERMAN ST 150 BLK S & E MAPLE AVE,6,2,0,7,1,4,,,25,0,0,0,0,0,4,2,14
,2015_27910,0,0,8/19/2015 16:53,16:53,12,0,0,YALE AVE 4000 BLK E & COLORADO BLVD S,1,1,0,7,1,3,,,30,0,0,0,0,0,4,2,16
,2015_27952,39.692284,-104.976903,9/16/2015 9:25,9:25,12,0,0,I-25 & EMERSON ST S,1,1,0,0,1,4,,,60,0,0,0,0,0,1,2,3
,2015_27953,39.692928,-104.977618,9/9/2015 17:21,17:21,12,0,0,I-25 & MM 206,1,1,0,0,1,4,,,60,0,0,0,0,0,1,2,1
,2015_27954,39.714922,-105.001188,12/30/2015 2:56,2:56,5,0,0,I-25 & ALAMEDA AVE W,1,3,0,0,3,4,,,60,0,0,0,0,0,1,1,3
,2015_27955,39.729334,-105.014821,8/27/2015 8:55,8:55,12,0,0,I-25 & 8TH AVE W,1,1,0,0,1,4,,,55,0,0,0,0,0,1,2,13
,2015_27956,39.729334,-105.014821,9/25/2015 6:50,6:50,12,0,0,I-25 & 8TH AVE W,1,1,2,0,1,4,,,55,0,0,0,0,0,1,2,1
,2015_27957,39.763342,-105.001908,9/16/2015 5:09,5:09,5,0,0,I-25 & 20TH ST,1,3,0,0,2,4,,,60,0,0,0,0,0,1,1,2
,2015_27958,39.770342,-104.991278,11/4/2015 22:50,22:50,5,0,0,I-25 & PARK AVE WEST,2,3,0,1,2,4,,,55,0,0,0,0,0,1,1,16
,2015_27966,39.711145,-105.020337,11/2/2015 7:55,7:55,3,0,0,CLAY ST S & ALAMEDA AVE W,1,1,0,0,1,1,,,25,0,0,0,0,0,2,2,1
,2015_27973,39.782472,-104.901212,9/28/2015 15:30,15:30,15,0,0,QUEBEC ST 4700 BLK N & I-270 WB ON SLIP RAMP,1,5,0,0,1,4,,,45,0,0,0,0,0,2,2,13
,2015_27974,39.78415,-104.899718,10/19/2015 18:05,18:05,15,0,0,NORTHFIELD SB OFF RAMP & I-270 WB ON RAMP,1,1,0,0,1,3,,,35,0,0,0,0,0,2,2,8
,2015_27981,39.740349,-105.048711,9/29/2015 14:05,14:05,12,0,0,COLFAX AVE W & WOLFF ST N,1,1,0,0,1,1,,,35,0,0,0,0,0,2,2,13
,2015_27982,39.740343,-105.032331,8/26/2015 8:26,8:26,12,0,0,COLFAX AVE 3400 BLK W & KNOX CT N,1,1,0,0,1,1,,,35,0,0,0,0,0,2,2,13
,2015_27989,39.783138,-105.006328,10/12/2015 17:11,17:11,15,0,0,I-70 & PECOS ST,1,1,0,0,1,6,,,25,0,0,0,0,0,1,2,14
,2015_27990,39.7783,-104.903459,10/3/2015 23:40,23:40,5,0,0,I-70 & NORTHFIELD QUEBEC ST,1,3,0,0,2,4,,,55,0,0,0,0,0,1,1,5
,2015_27991,39.777095,-104.882471,8/7/2015 8:00,8:00,12,0,1,I-70 & CENTRAL PARK BLVD N,1,1,0,0,1,4,,,55,0,0,0,0,2,1,2,3
,2015_27992,39.777095,-104.882471,9/3/2015 14:06,14:06,15,0,0,QUEBEC ST 4400 BLK N & I-70 EB RAMPS,1,1,1,0,1,1,,,30,0,0,0,0,0,1,2,13
,2015_28003,39.702691,-104.912468,11/5/2015 14:46,14:46,12,0,0,LEETSDALE DR E & MONACO ST S,1,1,0,0,1,4,,,35,0,0,0,0,0,2,2,16
,2015_28006,39.721318,-105.025197,10/2/2015 16:50,16:50,12,0,0,FEDERAL BLVD 200 BLK N & 3RD AVE,1,1,0,0,1,4,,,45,0,0,0,0,0,2,2,13
,2015_28020,39.640573,-104.882469,12/24/2015 10:35,10:35,5,0,1,I-225 & MM 2,1,1,1,0,3,4,,,65,0,0,0,0,2,1,1,10
,2015_28028,39.769244,-105.025232,10/27/2015 17:17,17:17,12,0,0,FEDERAL BLVD N & 38TH AVE W,1,1,0,0,1,3,,,35,0,0,0,0,0,2,2,13
,2015_28029,39.787143,-105.025222,10/30/2015 18:35,18:35,12,0,0,FEDERAL BLVD N & 50TH AVE W,1,3,0,0,1,4,,,35,0,0,0,0,0,2,2,16
,2015_28065,0,0,11/26/2015 11:24,11:24,5,0,0,WHEELING ST S & VICTOR ST S,4,1,0,2,3,3,,,30,0,0,0,0,1,4,1,1
,2015_28077,0,0,10/28/2015 7:55,7:55,5,0,0,6TH AVE 1300 BLK E & LAFAYETTE ST N,1,1,0,0,3,3,,,30,0,0,0,0,0,4,1,13
,2015_28078,0,0,8/28/2015 23:56,23:56,10,0,1,14TH AVE E & HUMBOLDT ST N,1,3,0,0,1,1,,,30,0,0,0,0,2,4,2,13
,2015_28079,0,0,10/25/2015 11:30,11:30,11,0,0,9TH AVE E & WASHINGTON ST N,1,1,0,0,1,1,,,30,0,1,0,0,0,4,2,13
,2015_28080,0,0,9/1/2015 0:10,0:10,6,0,0,17TH AVE 1900 BLK E & HIGH ST N,1,3,0,7,1,4,,,30,0,0,0,0,1,4,2,16
,2015_28081,0,0,8/7/2015 0:09,0:09,6,0,0,33RD AVE E & FOREST ST N,1,3,0,0,1,4,,,25,0,0,0,0,0,4,2,1
,2015_28082,0,0,10/27/2015 20:59,20:59,1,0,0,38TH AVE W & TEJON ST N,1,3,0,0,1,1,,,35,0,0,0,0,0,4,2,14
,2015_28083,0,0,11/9/2015 7:45,7:45,3,0,0,42ND AVE W & QUIVAS ST N,1,1,0,0,1,1,,,30,0,0,0,0,0,4,2,13
,2015_28084,0,0,11/21/2015 0:24,0:24,9,0,0,56TH AVE E & DUNKIRK ST N,5,3,0,2,2,4,,,40,0,0,0,0,0,4,1,16
,2015_28085,0,0,10/1/2015 10:15,10:15,15,0,0,BROADWAY ST 700 BLK S & OHIO AVE W,1,1,0,0,1,3,,,35,0,0,0,0,0,4,2,13
,2015_28086,0,0,9/29/2015 11:30,11:30,3,0,0,BROADWAY ST N & TREMONT PL,1,1,0,0,1,1,,,30,0,0,0,0,0,4,2,13
,2015_28087,0,0,9/16/2015 10:25,10:25,5,0,0,BIRCH ST 2200 BLK S & ILIFF AVE E,1,1,0,0,3,1,,,25,0,0,0,0,0,4,1,7
,2015_28088,0,0,10/2/2015 23:45,23:45,5,0,1,DOWNING ST S & JEWELL AVE E,1,3,0,0,3,3,,,30,0,0,0,0,2,4,1,3
,2015_28089,0,0,10/25/2015 1:30,1:30,5,0,0,ELGIN DR 13000 BLK E & TITAN CT N,1,3,0,0,3,4,,,25,0,0,0,0,1,4,2,5
,2015_28091,0,0,10/18/2015 7:21,7:21,5,0,0,FLORIDA AVE W & WOLCOTT WAY S,1,2,0,0,2,4,,,35,0,0,0,0,1,4,1,2
,2015_28092,0,0,11/18/2015 7:00,7:00,6,0,0,N GROVE ST & 17TH AVE W,1,1,0,7,1,3,,,25,0,0,0,0,0,4,2,16
,2015_28093,0,0,11/2/2015 12:46,12:46,12,0,0,HAVANA ST N & 56TH AVE E,1,1,1,0,1,1,,,35,0,0,0,0,0,4,2,10
,2015_28094,0,0,10/5/2015 20:16,20:16,3,0,0,LINCOLN ST 500 BLK N & 6TH AVE E,1,3,0,1,1,2,,,30,0,0,0,0,0,4,2,14
,2015_28095,0,0,10/30/2015 8:45,8:45,6,0,0,ILIFF AVE 2800 BLK E & FILLMORE ST S,1,1,0,7,1,3,,,25,0,0,0,0,0,4,3,4
,2015_28096,0,0,12/17/2015 18:06,18:06,12,0,0,LOWELL BLVD N & 44TH AVE W,4,3,1,0,1,4,,,30,0,0,0,0,0,4,2,13
,2015_28097,0,0,8/18/2015 1:25,1:25,6,0,0,OSAGE ST 1300 BLK N & 13TH AVE W,1,3,0,0,1,4,,,25,0,0,0,0,0,4,2,12
,2015_28098,0,0,10/4/2015 16:34,16:34,6,0,0,PEARL ST 100 BLK N & 1ST AVE E,1,1,0,7,1,4,,,25,0,0,0,0,0,4,2,14
,2015_28099,0,0,10/16/2015 12:50,12:50,6,0,0,PECOS ST 1100 BLK S & MISSISSIPPI AVE W,1,1,1,7,1,4,,,25,0,0,0,0,0,4,2,16
,2015_28100,0,0,10/13/2015 16:18,16:18,1,0,0,PEORIA ST N & 44TH AVE E,1,1,1,0,1,1,,,35,0,0,0,0,0,4,2,13
,2015_28101,0,0,11/9/2015 11:29,11:29,6,0,0,S QUIVAS ST & EXPOSITION AVE W,1,1,0,7,1,2,,,25,0,0,0,0,0,4,2,12
,2015_28102,0,0,9/4/2015 21:45,21:45,3,0,0,UNIVERSITY BLVD S & FLORIDA AVE E,1,3,0,0,1,1,,,30,0,0,0,0,0,4,2,3
,2015_28103,0,0,10/16/2015 19:29,19:29,12,0,0,UNIVERSITY BLVD S & MISSISSIPPI AVE E,1,3,0,0,1,4,,,30,0,0,0,0,0,4,2,13
,2015_28104,0,0,10/16/2015 8:50,8:50,15,0,0,WALNUT ST & 2600 BLK,1,1,0,0,1,4,,,30,0,0,0,0,0,4,2,7
,2015_28105,0,0,12/25/2015 15:12,15:12,5,0,0,YALE AVE E & S LANGLEY CT,4,1,0,2,3,4,,,25,0,0,0,0,0,4,1,13
,2015_28130,39.679972,-104.940639,11/16/2015 10:48,10:48,12,0,0,COLORADO BLVD S & COLORADO CENTER DR E,1,1,0,0,1,3,,,35,0,0,0,0,1,2,2,1
,2015_28131,39.692705,-104.94055,10/28/2015 8:10,8:10,15,0,0,COLORADO BLVD 1300 BLK S & LOUISIANA AVE E,1,1,1,0,1,3,,,35,0,0,0,0,0,2,2,13
,2015_28134,0,0,10/14/2015 11:40,11:40,5,0,0,LINCOLN ST 1000 BLK & 10TH AVE E,1,1,1,0,2,4,,,30,0,0,0,0,0,4,1,13
,2015_28145,39.677375,-104.932713,11/4/2015 9:00,9:00,12,0,0,I-25 & EVANS AVE E,1,1,0,0,1,4,,,55,0,0,0,0,0,1,2,2
,2015_28146,39.697473,-104.982744,11/27/2015 0:48,0:48,5,0,0,I-25 & LOGAN ST S,5,3,0,2,3,4,,,55,0,0,0,0,0,1,1,7
,2015_28147,39.739838,-105.013897,11/9/2015 2:30,2:30,5,0,0,I-25 NB ON LOOP RAMP & COLFAX AVE W,1,3,0,0,2,8,,,35,0,0,0,0,0,1,1,5
,2015_28148,39.742182,-105.014789,11/28/2015 18:29,18:29,5,0,0,AURARIA PKWY & I-25 SB ON COLLECTOR,1,4,1,0,4,3,,,40,0,0,0,0,0,1,1,8
,2015_28150,39.763753,-105.00161,12/18/2015 23:21,23:21,5,0,0,I-25 & 20TH ST NB ON RAMP GO,5,3,0,0,3,4,,,55,0,0,0,0,1,1,1,5
,2015_28151,39.779391,-104.989165,9/28/2015 8:09,8:09,15,0,0,I-25 & I-70,1,1,0,0,1,4,,,55,0,0,0,0,0,1,2,16
,2015_28158,39.667529,-104.866133,10/2/2015 12:45,12:45,1,0,0,HAVANA ST S & YALE AVE E,1,1,0,0,1,1,,,45,0,0,0,0,1,2,2,13
,2015_28164,39.697415,-104.991753,12/1/2015 5:13,5:13,5,0,1,SANTA FE DR S & MISSISSIPPI AVE W,1,3,0,0,3,4,,,35,0,0,0,0,2,2,1,14
,2015_28176,39.740182,-104.958016,9/8/2015 15:06,15:06,6,0,0,COLFAX AVE 2400 BLK E & COLUMBINE ST N,1,1,0,0,1,4,,,35,0,0,0,0,0,2,2,13
,2015_28177,39.740079,-104.912395,9/21/2015 10:00,10:00,3,0,0,COLFAX AVE E & MONACO PKWY N,1,1,0,0,1,1,,,30,0,0,0,0,0,2,2,7
,2015_28182,39.779944,-104.940633,9/21/2015 11:51,11:51,12,0,0,I-70 & COLORADO BLVD N,1,1,1,0,1,4,,,55,0,0,0,0,1,1,5,3
,2015_28183,39.780031,-104.93177,9/25/2015 16:01,16:01,12,0,0,I-70 WB & DAHLIA ST,1,1,0,0,1,4,,,55,0,0,0,0,0,1,2,13
,2015_28215,39.787759,-105.02522,12/7/2015 17:44,17:44,6,0,0,FEDERAL BLVD N & 50TH AVE W,1,3,0,0,1,4,,,35,0,0,0,0,0,2,3,2
,2015_28235,39.696449,-105.025063,11/13/2015 12:25,12:25,12,0,0,FEDERAL BLVD S & MISSISSIPPI AVE W,1,1,0,0,1,3,,,35,0,0,0,0,0,2,2,13
,2015_28267,0,0,9/15/2015 18:26,18:26,2,0,1,1ST AVE W & UTICA ST N,1,2,0,0,1,1,,,35,1,0,0,0,3,4,2,14
,2015_28268,0,0,8/27/2015 15:55,15:55,11,0,0,1ST AVE W & XAVIER ST N,1,1,0,0,1,1,,,25,0,1,0,0,1,4,2,13
,2015_28269,0,0,12/23/2015 14:29,14:29,10,0,0,6TH AVE E & ST PAUL ST N,1,1,0,0,1,1,,,35,0,0,0,0,0,4,2,8
,2015_28270,0,0,10/25/2015 12:00,12:00,6,0,0,8TH AVE 300 BLK E & LOGAN ST N,1,1,0,7,1,4,,,25,0,0,0,0,0,4,2,3
,2015_28271,0,0,11/25/2015 12:00,12:00,3,0,1,45TH AVE E & ST PAUL ST N,1,1,0,0,1,2,,,35,0,0,0,0,3,4,2,16
,2015_28272,0,0,10/7/2015 17:02,17:02,14,0,0,52ND AVE E & VASQUEZ BLVD SERVICE RD (NOT CDOT),1,1,0,0,1,1,,,30,0,0,0,0,0,4,2,13
,2015_28273,0,0,11/18/2015 7:10,7:10,3,0,0,59TH AVE E & TOWER RD N,5,1,0,0,1,1,,,45,0,0,0,0,0,4,2,16
,2015_28274,0,0,10/13/2015 14:23,14:23,12,0,0,ALAMEDA AVE E & KEARNEY ST S,1,1,0,0,1,1,,,35,0,0,0,0,1,4,2,14
,2015_28275,0,0,11/11/2015 17:47,17:47,10,0,0,BROADWAY BLVD N & 14TH AVE W,1,1,0,0,1,1,,,30,0,0,0,0,0,4,2,13
,2015_28276,0,0,11/26/2015 8:23,8:23,5,0,0,BRIGHTON BLVD N & 40TH ST,5,1,0,2,2,4,,,35,0,0,0,0,0,4,1,16
,2015_28277,0,0,10/19/2015 18:20,18:20,6,0,0,CENTER AVE & 1300 BLK W,1,2,0,7,1,4,,,10,0,0,0,0,0,4,2,16
,2015_28278,0,0,11/16/2015 17:21,17:21,11,0,0,DELAWARE ST N & 11TH AVE W,2,3,0,1,1,1,,,25,0,1,0,0,1,4,2,1
,2015_28279,0,0,9/1/2015 18:15,18:15,6,0,0,ELIOT ST 4800 BLK N & 49TH AVE,1,1,0,7,1,4,,,25,0,0,0,0,0,4,2,3
,2015_28280,0,0,9/14/2015 19:00,19:00,2,0,0,GRANT ST 4600 BLK N & 47TH AVE E,1,3,0,0,1,4,,,25,1,0,0,0,1,4,2,7
,2015_28281,0,0,12/10/2015 12:53,12:53,6,0,0,INCA ST & 500 BLK N,1,1,1,7,1,4,,,25,0,0,0,0,0,4,2,16
,2015_28283,0,0,11/21/2015 2:20,2:20,6,0,0,LOUISIANA AVE 300 BLK W & LOGAN ST S,5,3,0,2,1,4,,,25,0,0,0,0,0,4,2,1
,2015_28284,0,0,9/10/2015 12:05,12:05,5,0,1,LOWELL BLVD & 3400 BLK S,1,5,0,0,3,4,,,25,0,0,0,0,2,4,1,1
,2015_28285,0,0,9/15/2015 10:10,10:10,6,0,0,LOWELL BLVD N 2770 & 29TH AVE W,1,1,0,7,1,4,,,30,0,0,0,0,0,4,2,14