id,drcog_id,latitude,longitude,crashtime,time,crashtype,numbkilled,numbinjurd,drcoglocat,rdconditin,lightngcon,roadcntgrd,weatherco,location,roaddescrp,schoolzone,constrzone,splimit,bikeinv,pedinv,sctrinv,motoinv,svrty,rdsystem,ttlvehcls,hcf
,2015_28286,0,0,9/2/2015 7:45,7:45,12,0,0,NORTHFIELD BLVD E & VERBENA ST N,1,1,0,0,1,1,,,35,0,0,0,0,0,4,2,13
,2015_28287,0,0,11/15/2015 0:16,0:16,1,0,1,PARK AVE W & BROADWAY N,1,3,0,0,1,1,,,35,0,0,0,0,2,4,2,7
,2015_28288,0,0,11/14/2015 10:30,10:30,11,0,0,PENA BLVD & 8400 DOOR 412,1,1,0,0,1,4,,,10,0,1,0,0,1,4,2,13
,2015_28289,0,0,9/23/2015 13:04,13:04,6,0,0,ROSLYN ST S & 153,1,1,0,7,1,4,,,25,0,0,0,0,0,4,2,16
,2015_28290,0,0,12/15/2015 8:11,8:11,6,0,0,18TH ST & BOULDER ST,4,1,0,2,1,3,,,30,0,0,0,0,0,4,2,14
,2015_28291,0,0,11/26/2015 12:18,12:18,6,0,0,SHOSHONE ST 4460 N & 45TH AVE W,5,1,0,2,1,4,,,30,0,0,0,0,0,4,2,14
,2015_28292,0,0,9/6/2015 7:45,7:45,5,0,1,SPEER BLVD 1500 BLK N & COLFAX AVE E,1,1,0,0,3,4,,,30,0,0,0,0,2,4,1,2
,2015_28293,0,0,8/27/2015 8:25,8:25,2,0,1,SPEER BLVD E & GRANT ST N,1,1,0,0,1,1,,,35,1,0,0,0,2,4,2,13
,2015_28294,0,0,8/21/2015 14:55,14:55,6,0,0,ST PAUL ST & 2200 BLK S,1,1,0,0,1,4,,,30,0,0,0,0,0,4,2,7
,2015_28295,0,0,12/16/2015 11:48,11:48,6,0,0,TREMONT PL 1700 & 17TH ST,4,1,0,2,1,4,,,25,0,0,0,0,0,4,2,7
,2015_28296,0,0,9/12/2015 13:55,13:55,6,0,0,WINONA CT 4300 BLK N & 43RD AVE W,1,1,0,7,1,4,,,25,0,0,0,0,0,4,2,8
,2015_28332,39.767986,-104.94049,11/21/2015 2:13,2:13,5,0,0,COLORADO BLVD N & 37TH AVE E,5,3,0,2,3,4,,,40,0,0,0,0,0,2,2,14
,2015_28346,39.66762,-104.92561,10/13/2015 7:30,7:30,12,0,0,I-25 & YALE AVE E,1,1,0,0,1,4,,,65,0,0,0,0,0,1,2,1
,2015_28347,39.68492,-104.959513,11/7/2015 12:36,12:36,12,0,0,I-25 & UNIVERSITY BLVD S,1,1,0,0,1,4,,,60,0,0,0,0,0,1,2,16
,2015_28348,39.689939,-104.973205,10/18/2015 1:47,1:47,6,0,1,I-25 & DOWNING ST S,1,3,0,0,1,4,,,65,0,0,0,0,2,1,2,5
,2015_28349,39.722045,-105.009327,10/16/2015 13:20,13:20,12,0,0,I-25 & MM 208,1,1,0,0,1,4,,,55,0,0,0,0,1,1,2,1
,2015_28350,39.74035,-105.013939,12/14/2015 8:24,8:24,12,0,0,I-25 & COLFAX AVE W,1,1,0,0,1,4,,,55,0,0,0,0,0,1,2,1
,2015_28351,39.768144,-104.994545,12/27/2015 1:00,1:00,5,0,0,I-25 NB ON SLIP RAMP & PARK AVE WEST,5,3,0,0,3,8,,,35,0,0,0,0,0,1,1,13
,2015_28356,39.7112,-104.999749,10/21/2015 5:55,5:55,2,0,0,I-25 SB RAMP & ALAMEDA AVE W,2,3,0,1,1,1,,,30,1,0,0,0,1,2,2,14
,2015_28357,39.653049,-104.88415,9/17/2015 11:41,11:41,1,0,0,HAMPDEN AVE 8900 BLK E & YOSEMITE ST S,1,1,0,0,1,2,,,45,0,0,0,0,1,2,2,13
,2015_28369,39.740329,-105.015107,12/12/2015 21:42,21:42,5,0,0,COLFAX AVE W & I-25,11,3,0,0,2,4,,,35,0,0,0,0,1,2,1,14
,2015_28370,39.74016,-104.953884,10/1/2015 10:15,10:15,6,0,0,COLFAX AVE E & DETROIT ST N (RD S),1,1,0,0,1,4,,,30,0,0,0,0,0,2,3,2
,2015_28380,39.783653,-105.044628,10/11/2015 0:43,0:43,5,0,0,I-70 & MM 271,1,3,1,0,3,4,,,60,0,0,0,0,0,1,1,7
,2015_28381,39.784221,-105.024907,12/24/2015 12:29,12:29,5,0,1,I-70 & FEDERAL BLVD WB EXIT,1,1,1,7,3,4,,,55,0,0,0,0,3,1,1,12
,2015_28382,39.780052,-104.989434,11/27/2015 8:00,8:00,5,0,0,I-70 & I-25,10,1,0,2,2,4,,,55,0,0,0,0,0,1,1,16
,2015_28383,39.773054,-104.835964,9/3/2015 12:36,12:36,15,0,0,I-225 & I-70,1,1,2,0,1,8,,,55,0,0,0,0,0,1,2,8
,2015_28393,39.707633,-104.92392,10/29/2015 6:51,6:51,5,0,0,LEETSDALE DR 5400 BLK & HUDSON ST S,1,3,0,0,3,4,,,35,0,0,0,0,0,2,1,13
,2015_28394,39.679276,-104.993072,8/11/2015 15:11,15:11,12,0,0,SANTA FE DR 2000 BLK S & EVANS AVE W,1,1,0,0,1,4,,,55,0,0,0,0,0,2,2,13
,2015_28395,39.722102,-105.025208,10/5/2015 17:07,17:07,1,0,0,FEDERAL BLVD N & 4TH AVE W,1,1,0,0,1,1,,,35,0,0,0,0,0,2,2,13
,2015_28396,39.678473,-105.025049,11/8/2015 19:47,19:47,12,0,0,FEDERAL BLVD S & EVANS AVE W,1,3,0,0,1,4,,,40,0,0,0,0,0,2,2,5
,2015_28411,39.634625,-104.899495,7/24/2015 19:39,19:39,15,0,0,I-225 & S TAMARAC PKWY,1,1,0,0,1,4,,,55,0,0,0,0,0,1,2,13
,2015_28419,39.745264,-105.025232,8/27/2015 17:15,17:15,1,0,0,FEDERAL BLVD N & 18TH AVE W,1,1,0,0,1,2,,,35,0,0,0,0,0,2,2,7
,2015_28420,39.755968,-105.02513,7/31/2015 1:55,1:55,5,0,0,27TH AVE W & FEDERAL BLVD N,1,3,0,0,4,1,,,30,0,0,0,0,0,2,1,13
,2015_28421,39.755968,-105.02513,8/21/2015 15:21,15:21,12,0,1,FEDERAL BLVD N & 27TH AVE W,1,1,0,0,1,1,,,35,0,0,0,0,2,2,2,13
,2015_28422,39.783839,-105.025212,10/24/2015 16:23,16:23,1,0,0,FEDERAL BLVD N & I-70 EB RAMPS,1,1,0,0,1,1,,,35,0,0,0,0,0,2,2,7
,2015_28429,0,0,12/18/2015 19:17,19:17,12,0,0,GAYLORD ST S & MISSISSIPPI AVE E,1,1,1,0,1,2,,,25,0,0,0,0,0,4,2,13
,2015_28466,0,0,11/6/2015 6:25,6:25,2,0,0,3RD AVE W & BROADWAY ST N,1,2,0,0,1,2,,,25,1,0,0,0,1,4,2,13
,2015_28467,0,0,12/5/2015 20:00,20:00,5,0,0,29TH AVE W & WYANDOT ST N,1,3,0,0,2,1,,,25,0,0,0,0,0,4,1,6
,2015_28468,0,0,11/13/2015 15:00,15:00,12,0,0,33RD AVE E & WILLIAMS ST N,1,1,1,0,1,1,,,25,0,0,0,0,0,4,2,13
,2015_28469,0,0,11/15/2015 20:28,20:28,6,0,0,38TH AVE 3100 BLK W & IRVING ST N,1,3,0,7,1,4,,,35,0,0,0,0,1,4,2,1
,2015_28470,0,0,12/8/2015 15:55,15:55,3,0,0,38TH AVE W & WINONA CT N,1,1,0,0,1,1,,,15,0,0,0,0,0,4,2,13
,2015_28471,0,0,9/2/2015 9:30,9:30,12,0,0,CENTRAL PARK BLVD & 4100 BLK N,1,1,1,0,1,1,,,35,0,0,0,0,0,4,2,13
,2015_28472,0,0,9/8/2015 13:35,13:35,12,0,1,CHAMBERS RD N & 40TH AVE E,1,1,1,0,1,1,,,35,0,0,0,0,2,4,2,13
,2015_28473,0,0,8/27/2015 7:35,7:35,15,0,0,CURTIS ST 1500 BLK & 15TH ST,1,1,0,0,1,4,,,25,0,0,0,0,0,4,2,13
,2015_28474,0,0,12/7/2015 16:09,16:09,6,0,0,JEWELL AVE 5300 BLK E & S GLENCOE ST,1,1,1,7,1,4,,,25,0,0,0,0,0,4,2,5
,2015_28475,0,0,11/16/2015 15:14,15:14,2,0,0,LAFAYETTE ST N & 8TH AVE E,2,1,1,1,1,1,,,25,1,0,0,0,1,4,2,3
,2015_28476,0,0,12/11/2015 11:57,11:57,10,0,0,LOWELL BLVD 3700 BLK N & 38TH AVE W,1,1,0,0,1,1,,,30,0,0,0,0,0,4,2,14
,2015_28477,0,0,12/28/2015 14:20,14:20,3,0,0,MISSISSIPPI AVE W & HURON ST S,1,1,0,0,1,1,,,40,0,0,0,0,0,4,2,7
,2015_28478,0,0,11/28/2015 18:40,18:40,3,0,0,18TH ST & BOULDER ST,5,3,2,0,1,1,,,25,0,0,0,0,0,4,2,7
,2015_28479,0,0,10/31/2015 19:15,19:15,3,0,0,19TH ST & ARAPAHOE ST,1,3,0,0,1,1,,,25,0,0,0,0,0,4,2,8
,2015_28480,0,0,8/19/2015 17:54,17:54,3,0,0,SEVERN PL E & MONACO ST N,1,1,0,7,1,1,,,30,0,0,0,0,0,4,2,16
,2015_28481,0,0,12/12/2015 15:40,15:40,5,0,0,PENA BLVD 5700 BLK & 56TH AVE E,4,1,0,2,2,4,,,65,0,0,0,0,0,4,1,14
,2015_28482,0,0,8/7/2015 15:26,15:26,2,0,0,TAMARAC DR S & PRINCETON AVE E,1,1,0,0,1,1,,,25,1,0,0,0,1,4,2,3
,2015_28484,0,0,10/31/2015 2:37,2:37,6,0,0,N YOSEMITE ST & 19TH AVE E,1,3,0,7,1,4,,,35,0,0,0,0,0,4,3,2
,2015_28514,39.707354,-104.940625,12/2/2015 5:45,5:45,15,0,0,COLORADO BLVD S & CHERRY CREEK N DR,1,3,0,0,1,1,,,35,0,0,0,0,0,2,2,13
,2015_28516,39.72542,-105.025174,9/24/2015 10:50,10:50,12,0,0,6TH AVE W & FEDERAL BLVD N,1,1,0,0,1,4,,,55,0,0,0,0,0,2,2,8
,2015_28526,39.68492,-104.959513,11/25/2015 16:13,16:13,15,0,0,I-25 & UNIVERSITY BLVD S,1,2,0,0,1,4,,,60,0,0,0,0,0,1,2,16
,2015_28527,39.695323,-104.980271,11/30/2015 10:55,10:55,12,0,0,I-25 NB OFF RAMP GORE PT & BROADWAY S,4,1,0,0,1,8,,,55,0,0,0,0,0,1,2,1
,2015_28528,39.681941,-104.937425,11/16/2015 15:00,15:00,5,0,0,I-25 & EVANS AVE E SB EXIT G,2,1,1,1,1,4,,,60,0,0,0,0,0,1,1,14
,2015_28529,39.685217,-104.963096,11/3/2015 1:30,1:30,5,0,0,I-25 SB OFF RAMP & UNIVERSITY BLVD S,1,3,1,0,3,8,,,55,0,0,0,0,0,1,1,5
,2015_28531,39.722563,-105.010032,11/14/2015 9:54,9:54,12,0,0,I-25 & 6TH AVE W,1,1,0,0,1,4,,,55,0,0,0,0,0,1,3,16
,2015_28532,39.717813,-105.004403,11/8/2015 3:15,3:15,5,0,0,I-25 & MM 208,1,3,0,0,3,4,,,55,0,0,0,0,0,1,1,5
,2015_28533,39.75466,-105.01338,2/8/2015 2:08,2:08,5,0,1,I-25 & 23RD AVE SB EXIT RAMP,1,3,0,0,3,4,,,55,0,0,0,0,2,1,1,5
,2015_28534,39.760615,-105.004878,8/31/2015 22:20,22:20,12,0,0,I-25 SB ON RAMP & 20TH ST,1,3,0,0,1,8,,,55,0,0,0,0,1,1,2,1
,2015_28535,39.776458,-104.989213,11/18/2015 17:34,17:34,12,0,0,I-25 & 44TH AVE W,1,3,1,0,1,4,,,55,0,0,0,0,0,1,2,16
,2015_28545,39.783531,-105.043983,10/13/2015 7:56,7:56,5,0,1,I-70 & TENNYSON ST N,1,1,1,0,2,4,,,55,0,0,0,0,3,1,1,1
,2015_28546,39.777095,-104.882471,12/21/2015 9:08,9:08,12,0,0,I-70 & CENTRAL PARK BLVD N,1,1,1,0,1,1,,,45,0,0,0,0,0,1,2,3
,2015_28555,39.702965,-104.912888,11/23/2015 8:52,8:52,15,0,0,MONACO ST S & LEETSDALE DR E,1,1,1,0,1,4,,,30,0,0,0,0,0,2,2,1
,2015_28556,39.700274,-104.908215,10/12/2015 16:17,16:17,11,0,1,LEETSDALE DR & ONEIDA ST S,1,1,0,0,1,1,,,35,0,1,0,0,3,2,2,1
,2015_28560,39.687549,-104.99194,9/25/2015 11:35,11:35,1,0,1,SANTA FE DR S & IOWA AVE W,1,1,0,0,1,1,,,45,0,0,0,0,2,2,2,13
,2015_28564,39.687436,-105.025033,11/29/2015 20:41,20:41,5,0,1,FEDERAL BLVD S & IOWA AVE W,4,3,0,2,3,4,,,35,0,0,0,0,2,2,1,5
,2015_28589,39.653109,-104.963486,10/20/2015 8:00,8:00,12,0,0,HAMPDEN AVE E & MM 262,1,1,0,0,1,4,,,45,0,0,0,0,0,2,2,3
,2015_28591,39.652993,-104.926299,10/5/2015 14:48,14:48,12,0,0,HAMPDEN AVE E & GLENCOE ST S,1,1,0,0,1,4,,,40,0,0,0,0,0,2,2,1
,2015_28639,0,0,11/21/2015 12:25,12:25,11,0,0,9TH AVE E & CLARKSON ST N,2,1,0,0,1,1,,,30,0,1,0,0,1,4,2,16
,2015_28640,0,0,8/31/2015 11:40,11:40,2,0,0,16TH AVE E & PENNSYLVANIA ST N,1,1,0,0,1,1,,,30,1,0,0,0,1,4,2,3
,2015_28641,0,0,11/2/2015 4:45,4:45,5,0,1,17TH AVE E & DETROIT ST N,1,3,0,0,3,4,,,30,0,0,0,0,2,4,1,2
,2015_28642,0,0,12/5/2015 14:20,14:20,6,0,0,17TH AVE 1400 BLK E & HUMBOLDT ST,1,1,0,7,1,4,,,30,0,0,0,0,0,4,2,16
,2015_28643,0,0,11/21/2015 7:55,7:55,6,0,0,38TH AVE W & JULIAN ST N,5,1,0,7,1,4,,,25,0,0,0,0,1,4,2,7
,2015_28644,0,0,9/16/2015 7:05,7:05,12,0,1,56TH AVE E & UINTA ST N,1,1,0,0,1,1,,,45,0,0,0,0,2,4,2,7
,2015_28645,0,0,9/1/2015 8:23,8:23,2,0,0,ACADEMY BLVD 7600 BLK E & RAMPART WAY N,1,1,0,0,1,3,,,25,1,0,0,0,0,4,3,12
,2015_28646,0,0,9/9/2015 10:10,10:10,15,0,0,BROADWAY ST N & 22ND ST,1,1,0,0,1,3,,,30,0,0,0,0,0,4,2,13
,2015_28647,0,0,11/21/2015 3:38,3:38,5,0,0,BROADWAY N & 9TH AVE E,4,3,0,2,2,4,,,35,0,0,0,0,0,4,1,5
,2015_28648,0,0,7/27/2015 16:35,16:35,11,0,1,BROADWAY ST S & IOWA AVE W,1,1,0,0,1,1,,,30,0,1,0,0,3,4,2,3
,2015_28649,0,0,9/15/2015 16:47,16:47,6,0,0,CEDAR AVE E & EUDORA ST S,1,1,0,7,1,5,,,25,0,0,0,0,1,4,2,3
,2015_28650,0,0,12/16/2015 7:47,7:47,12,0,0,CURTIS ST & 20TH ST,4,1,0,0,1,1,,,30,0,0,0,0,0,4,2,13
,2015_28651,0,0,8/25/2015 12:50,12:50,8,0,0,ELLSWORTH AVE W & FOX ST N,1,1,0,0,1,1,,,25,0,0,0,0,0,4,2,1
,2015_28652,0,0,8/30/2015 18:07,18:07,3,0,1,DOWNING ST S & CEDAR AVE E,1,1,0,0,1,1,,,30,0,0,0,0,2,4,2,8
,2015_28653,0,0,9/2/2015 11:28,11:28,6,0,0,ELLSWORTH AVE E 655 & WASHINGTON ST N,1,1,0,7,1,1,,,25,0,0,0,0,0,4,2,3
,2015_28654,0,0,12/31/2015 20:35,20:35,6,0,0,E EXPOSITION AVE & JASMINE ST S,5,3,0,7,1,4,,,25,0,0,0,0,0,4,4,5
,2015_28655,0,0,11/26/2015 19:47,19:47,6,0,0,FOX ST 400 BLK N & 5TH AVE W,5,3,0,2,1,4,,,30,0,0,0,0,0,4,2,7
,2015_28656,0,0,9/9/2015 10:30,10:30,3,0,0,IOWA AVE E & QUEBEC WAY S,1,1,0,0,1,2,,,25,0,0,0,0,0,4,2,13
,2015_28657,0,0,12/7/2015 10:45,10:45,11,0,0,IRVING ST S & FLORIDA AVE W,1,1,0,0,1,1,,,35,0,1,0,0,0,4,3,7
,2015_28658,0,0,12/7/2015 20:08,20:08,6,0,0,LOGAN ST 100 BLK S & BAYAUD AVE E,1,4,1,0,1,4,,,25,0,0,0,0,0,4,3,13
,2015_28659,0,0,9/24/2015 14:14,14:14,6,0,0,OGDEN ST S & VIRGINIA AVE E,1,1,0,7,1,4,,,25,0,0,0,0,0,4,2,8
,2015_28660,0,0,11/14/2015 2:25,2:25,3,0,0,17TH ST & TREMONT PL,1,3,0,0,1,1,,,25,0,0,0,0,1,4,2,4
,2015_28661,0,0,9/21/2015 22:45,22:45,6,0,0,REVERE ST & 5500 BLK N,1,3,0,7,1,4,,,25,0,0,0,0,0,4,2,14
,2015_28662,0,0,12/2/2015 8:00,8:00,12,0,0,SPEER BLVD 2900 BLK N & 29TH AVE W,1,1,1,0,1,3,,,30,0,0,0,0,0,4,2,13
,2015_28663,0,0,11/3/2015 13:34,13:34,3,0,0,UNIVERSITY BLVD S & TENNEESSEE AVE E,1,1,0,0,1,1,,,30,0,0,0,0,0,4,2,16
,2015_28664,0,0,11/6/2015 14:46,14:46,1,0,0,UNIVERSITY BLVD S & TENNESSEE AVE E,1,1,0,0,1,1,,,35,0,0,0,0,0,4,2,13
,2015_28665,0,0,10/26/2015 14:06,14:06,5,0,0,XENIA ST 3000 BLK S & DARTMOUTH AVE E,1,1,0,0,3,3,,,25,0,0,0,0,0,4,1,8
,2015_28666,0,0,10/5/2015 2:40,2:40,5,0,0,PENA BLVD 7700 BLK & 75TH AVE,1,3,0,0,3,4,,,65,0,0,0,0,1,4,1,13
,2015_28686,39.714912,-104.940628,9/25/2015 11:38,11:38,10,0,0,LEETSDALE DR E & COLORADO BLVD S,1,1,1,0,1,1,,,40,0,0,0,0,0,2,2,13
,2015_28687,39.75101,-104.940599,9/4/2015 19:49,19:49,1,0,0,COLORADO BLVD 2300 BLK N & 23RD AVE E,1,3,0,0,1,1,,,30,0,0,0,0,0,2,2,13
,2015_28688,39.77344,-104.940508,11/30/2015 21:00,21:00,10,0,0,COLORADO BLVD N & 40TH AVE E,1,3,0,0,1,2,,,40,0,0,0,0,0,2,2,13
,2015_28700,39.677592,-104.932906,12/26/2015 5:48,5:48,5,0,1,I-25 & EVANS AVE E,4,3,1,0,2,4,,,60,0,0,0,0,3,1,2,1
,2015_28701,39.684921,-104.959331,11/13/2015 10:40,10:40,12,0,0,I-25 NB OFF SLIP RAMP & UNIVERSITY BLVD S,1,1,0,0,1,8,,,35,0,0,0,0,0,1,2,1
,2015_28702,39.68492,-104.959513,12/1/2015 14:44,14:44,12,0,0,I-25 NB OFF RAMP & UNIVERSITY BLVD S,1,1,1,0,1,3,,,45,0,0,0,0,0,1,2,13
,2015_28703,39.65753,-104.920239,11/11/2015 9:24,9:24,5,0,1,I-25 SB OFF RAMP & HAMPDEN AVE E,6,1,0,0,3,8,,,65,0,0,0,0,3,1,1,1
,2015_28704,39.72543,-105.013021,6/26/2015 13:05,13:05,12,0,0,I-25 & 6TH AVE,1,1,0,0,1,4,,,55,0,0,0,0,0,1,2,14
,2015_28705,39.731543,-105.015521,11/7/2015 10:34,10:34,12,0,0,I-25 & MULBERRY PL W,1,1,1,0,1,4,,,55,0,0,0,0,0,1,2,16
,2015_28706,39.782819,-104.989152,11/4/2015 22:43,22:43,5,0,1,I-25 SB OFF LOOP RAMP TO & RAMP SPLIT,2,3,0,1,1,8,,,55,0,0,0,0,2,1,1,7
,2015_28723,39.779435,-104.979009,12/12/2015 13:30,13:30,15,0,0,I-70 & WASHINGTON ST N,2,1,1,2,1,4,,,40,0,0,0,0,0,1,2,13
,2015_28724,39.775639,-104.865958,9/21/2015 7:35,7:35,12,0,0,I-70 & HAVANA ST N,1,1,0,0,1,4,,,55,0,0,0,0,0,1,2,13
,2015_28725,39.775623,-104.865778,10/14/2015 9:05,9:05,12,0,0,I-70 & HAVANA ST N,1,1,0,0,1,4,,,55,0,0,0,0,0,1,2,16
,2015_28733,39.696295,-104.897378,9/13/2015 16:25,16:25,12,0,0,MISSISSIPPI AVE 7800 BLK & PARKER RD S,1,1,0,0,1,3,,,35,0,0,0,0,0,2,2,14
,2015_28807,0,0,10/29/2015 14:25,14:25,15,0,0,6TH AVE 7200 BLK E & QUEBEC ST N,1,1,0,0,1,3,,,30,0,0,0,0,0,4,2,1
,2015_28808,0,0,10/18/2015 11:35,11:35,1,0,1,11TH AVE & BROADWAY ST N,1,1,0,0,1,1,,,30,0,0,0,1,2,4,2,13
,2015_28809,0,0,10/19/2015 14:05,14:05,6,0,0,12TH AVE & 1500 BLK E,1,1,1,7,1,4,,,25,0,0,0,0,0,4,2,16
,2015_28810,0,0,12/14/2015 18:45,18:45,1,0,0,22ND AVE E & DOWNING ST N,1,3,0,0,1,1,,,25,0,0,0,0,1,4,2,7
,2015_28811,0,0,10/18/2015 10:27,10:27,6,0,0,22ND AVE E & N FOREST ST,1,1,0,7,1,4,,,25,0,0,0,0,1,4,3,10
,2015_28812,0,0,10/1/2015 15:38,15:38,6,0,0,32ND AVE W & UMATILLA ST N,1,1,0,0,1,1,,,25,0,0,0,1,0,4,2,7
,2015_28813,0,0,10/27/2015 11:05,11:05,15,0,0,ALAMEDA AVE E & MONACO ST S,1,1,0,0,1,1,,,35,0,0,0,0,0,4,2,16
,2015_28814,0,0,10/23/2015 9:44,9:44,6,0,0,CANOSA CT 700 BLK & 8TH AVE W,1,1,0,7,1,4,,,35,0,0,0,0,0,4,2,14
,2015_28815,0,0,12/15/2015 21:40,21:40,5,0,0,DAHLIA ST S & FLORIDA AVE E,4,3,0,0,3,1,,,30,0,0,0,0,0,4,1,13
,2015_28816,0,0,12/14/2015 17:55,17:55,12,0,0,EVANS AVE 4000 BLK E & COLORADO BLVD S,1,3,0,0,1,4,,,35,0,0,0,0,1,4,2,1
,2015_28817,0,0,10/24/2015 16:28,16:28,6,0,0,EMERSON ST 1600 BLK S & IOWA AVE E,1,1,0,7,1,3,,,25,0,0,0,0,0,4,2,3
,2015_28818,0,0,8/31/2015 9:33,9:33,2,0,1,GRANT ST S & BAYAUD AVE E,1,1,0,0,1,1,,,25,1,0,0,0,2,4,2,12
,2015_28819,0,0,12/3/2015 18:10,18:10,12,0,0,HOLLY ST 1400 BLK S & IVANHOE WAY S,1,3,0,0,1,4,,,30,0,0,0,0,1,4,2,3
,2015_28820,0,0,10/19/2015 10:00,10:00,6,0,0,LIMA ST & 4985 N,1,1,1,7,1,4,,,,0,0,0,0,0,4,2,3
,2015_28821,0,0,10/19/2015 7:45,7:45,6,0,0,N LOCUST ST & 3 36TH AVE,1,1,0,7,1,3,,,25,0,0,0,0,0,4,2,1
,2015_28822,0,0,9/2/2015 12:00,12:00,6,0,0,MARKET ST & 1600 BLK,1,1,0,0,1,4,,,25,0,0,0,0,0,4,2,13
,2015_28823,0,0,10/6/2015 16:15,16:15,6,0,0,OSCEOLA ST & 2800 BLK,1,1,1,7,1,4,,,25,0,0,0,0,0,4,2,16
,2015_28824,0,0,10/29/2015 10:00,10:00,5,0,0,PENA BLVD 6400 BLK & TOWER RD N,1,1,0,0,3,4,,,55,0,0,0,0,0,4,1,10
,2015_28826,0,0,10/22/2015 11:01,11:01,5,0,0,PENA BLVD 7600 BLK & WENATCHEE ST,2,1,0,1,3,4,,,5,0,0,0,0,0,4,1,8
,2015_28827,0,0,9/16/2015 16:52,16:52,6,0,0,15TH ST & 2500 BLK,1,1,1,7,1,4,,,30,0,0,0,0,0,4,2,16
,2015_28828,0,0,11/9/2015 18:38,18:38,2,0,0,19TH ST & CURTIS ST,1,3,0,0,1,1,,,30,1,0,0,0,1,4,2,13
,2015_28829,0,0,10/27/2015 16:59,16:59,15,0,0,SPEER BLVD 200 BLK & GRANT ST N,1,1,0,0,1,4,,,35,0,0,0,0,0,4,2,13
,2015_28830,0,0,10/19/2015 4:00,4:00,5,0,0,UINTA ST N & 45TH AVE E,1,3,0,0,2,4,,,25,0,0,0,0,1,4,1,2
,2015_28831,0,0,12/29/2015 13:50,13:50,6,0,0,VINE ST 200 BLK N & 3RD AVE E,5,1,0,7,1,3,,,25,0,0,0,0,0,4,2,1
,2015_28833,0,0,10/27/2015 7:25,7:25,6,0,0,ZUNI ST 2600 BLK S & VASSAR AVE W,1,1,1,7,1,4,,,30,0,0,0,0,0,4,2,1
,2015_28859,39.67194,-104.940626,9/11/2015 13:57,13:57,12,0,0,COLORADO BLVD S & DICKENSON PL E,1,1,1,0,1,1,,,35,0,0,0,0,0,2,2,3
,2015_28860,39.736767,-104.940616,9/11/2015 18:48,18:48,11,0,1,COLORADO BLVD N & 13TH AVE E,1,1,1,0,1,1,,,30,0,1,0,0,2,2,2,2
,2015_28874,39.623999,-104.901521,8/24/2015 17:43,17:43,12,0,0,I-25 SB OFF RAMP & BELLEVIEW AVE,1,1,0,0,1,8,,,45,0,0,0,0,0,1,3,14
,2015_28876,39.651513,-104.917406,10/25/2015 2:00,2:00,5,0,0,I-25 & HAMPDEN AVE E,1,3,0,0,3,4,,,65,0,0,0,0,0,1,1,7
,2015_28878,39.68491,-104.956224,8/23/2015 4:40,4:40,5,0,0,I-25 & UNIVERSITY BLVD S,1,3,1,0,3,4,,,60,0,0,0,0,0,1,1,13
,2015_28879,39.72543,-105.013021,12/3/2015 17:30,17:30,12,0,0,I-25 & 6TH AVE W,4,3,1,0,1,4,,,55,0,0,0,0,0,1,2,16
,2015_28880,39.724909,-105.012637,12/25/2015 19:01,19:01,5,0,2,I-25 NB/SB ON RAMP SPLIT GORE & 6TH AVE (EB EXIT RAMP),1,3,1,2,3,8,,,55,0,0,0,0,3,1,1,5
,2015_28881,39.767924,-104.995083,11/1/2015 22:20,22:20,12,0,0,I-25 & 38TH AVE W INTERCHANGE,1,1,1,0,1,4,,,55,0,0,0,0,0,1,2,16
,2015_28882,39.768445,-104.993883,10/29/2015 13:00,13:00,5,0,0,I-25 NB OFF LOOP RAMP & PARK AVE WEST,1,1,1,0,2,8,,,45,0,0,0,0,0,1,1,5
,2015_28892,39.638104,-104.909523,10/22/2015 6:15,6:15,5,0,0,I-25 & MM 200,2,3,0,1,2,4,,,65,0,0,0,0,0,1,1,1
,2015_28894,39.739999,-104.990376,12/29/2015 12:25,12:25,15,0,0,BANNOCK ST N & COLFAX AVE W,1,1,0,0,1,1,,,30,0,0,0,0,0,2,2,13
,2015_28895,39.740006,-104.974736,11/19/2015 15:15,15:15,11,0,0,COLFAX AVE E & OGDEN ST N,1,1,0,0,1,1,,,30,0,1,0,0,1,2,2,3
,2015_28896,39.740084,-104.892298,12/18/2015 23:26,23:26,5,0,0,COLFAX AVE E & UINTA ST N,5,3,0,0,3,4,,,35,0,0,0,0,0,2,1,7
,2015_28898,39.78356,-105.053209,9/26/2015 0:25,0:25,5,0,0,I-70 & SHERIDAN BLVD N,1,4,0,0,3,4,,,55,0,0,0,0,0,1,1,5
,2015_28899,39.777095,-104.882471,8/20/2015 23:40,23:40,12,0,0,I-70 & CENTRAL PARK BLVD N,1,3,0,0,1,4,,,55,0,0,0,0,0,1,2,14
,2015_28900,39.777095,-104.882471,9/15/2015 10:02,10:02,15,0,0,CENTRAL PARK BLVD N & I-70,1,1,0,0,1,4,,,35,0,0,0,0,0,1,2,1
,2015_28901,39.775623,-104.865778,12/3/2015 7:05,7:05,12,0,0,I-70 & HAVANA ST N,1,1,0,0,1,4,,,55,0,0,0,0,0,1,2,1
,2015_28902,39.77369,-104.84328,12/2/2015 17:10,17:10,12,0,0,I-70 & PEORIA ST N,1,2,1,0,1,4,,,55,0,0,0,0,1,1,2,13