id,drcog_id,latitude,longitude,crashtime,time,crashtype,numbkilled,numbinjurd,drcoglocat,rdconditin,lightngcon,roadcntgrd,weatherco,location,roaddescrp,schoolzone,constrzone,splimit,bikeinv,pedinv,sctrinv,motoinv,svrty,rdsystem,ttlvehcls,hcf
,2015_28915,39.729259,-105.02515,11/11/2015 22:42,22:42,15,0,0,8TH AVE W & FEDERAL BLVD N,1,3,0,0,1,1,,,35,0,0,0,0,0,2,2,13
,2015_28916,39.720254,-105.025191,9/18/2015 8:03,8:03,3,0,0,FEDERAL BLVD & 200 BLK N,1,1,0,0,1,2,,,25,0,0,0,0,0,2,2,13
,2015_28917,39.689701,-105.025059,10/17/2015 14:10,14:10,15,0,0,FEDERAL BLVD 1400 BLK S & FLORIDA AVE W,1,1,0,0,1,4,,,35,0,0,0,0,0,2,2,14
,2015_28918,39.673497,-105.025053,9/12/2015 11:55,11:55,5,0,0,FEDERAL BLVD 2400 BLK S & HARVARD AVE W,1,1,1,0,3,4,,,35,0,0,0,0,1,2,1,1
,2015_28922,39.675721,-105.053261,11/30/2015 8:30,8:30,12,0,0,SHERIDAN BLVD S & WARREN AVE W,2,1,0,0,1,1,,,40,0,0,0,0,0,2,2,13
,2015_28930,39.635523,-104.89346,11/24/2015 18:23,18:23,1,0,0,DTC BLVD S & I-225 EB RAMPS,1,3,0,0,1,1,,,35,0,0,0,0,0,1,2,7
,2015_28933,39.653152,-105.052937,9/25/2015 18:24,18:24,12,0,0,HWY 285 WB OFF SLIP RAMP & SHERIDAN BLVD S,1,1,0,0,1,8,,,15,0,0,0,0,0,2,2,13
,2015_28937,39.780247,-105.025224,8/25/2015 7:48,7:48,12,0,0,FEDERAL BLVD N & 46TH AVE W,1,1,0,0,1,1,,,35,0,0,0,0,0,2,3,14
,2015_28985,0,0,12/25/2015 20:19,20:19,8,0,0,56TH AVE E & 15300 BLK,4,4,0,2,6,4,,,45,0,0,0,0,0,4,2,13
,2015_28986,0,0,11/9/2015 15:50,15:50,15,0,0,BROADWAY ST 2200 BLK N & CURTIS ST,1,1,0,0,1,4,,,30,0,0,0,0,0,4,2,13
,2015_28987,0,0,12/26/2015 1:20,1:20,5,0,0,AURARIA PKWY & 12TH ST,4,3,0,2,2,4,,,30,0,0,0,0,0,4,1,13
,2015_28988,0,0,11/30/2015 17:30,17:30,6,0,0,BROADWAY ST 1900 BLK N & CALIFORNIA ST,6,2,0,7,1,4,,,30,0,0,0,0,0,4,2,14
,2015_28989,0,0,12/18/2015 17:10,17:10,6,0,0,CLAY ST N & 44TH AVE W,5,3,0,7,1,4,,,20,0,0,0,0,0,4,2,7
,2015_28990,0,0,11/18/2015 15:18,15:18,11,0,1,EVANS AVE E & BELAIRE ST S,1,1,0,0,1,1,,,30,0,1,0,0,2,4,2,3
,2015_28991,0,0,8/1/2015 11:40,11:40,5,0,0,IRVING ST S & WARREN AVE W,1,1,0,0,3,4,,,25,0,0,0,0,0,4,2,2
,2015_28992,0,0,8/21/2015 8:40,8:40,15,0,0,LIPAN ST S & EVANS AVE W,1,1,0,0,1,1,,,30,0,0,0,0,0,4,2,14
,2015_28993,0,0,12/29/2015 20:28,20:28,6,0,0,MARKET ST 2000 BLK & 20TH ST,1,3,0,7,1,4,,,25,0,0,0,0,0,4,2,1
,2015_28994,0,0,10/19/2015 11:33,11:33,2,0,0,MEXICO AVE 5100 BLK E & FOREST ST S,1,1,0,0,1,1,,,25,1,0,0,0,0,4,2,14
,2015_28995,0,0,10/31/2015 21:18,21:18,6,0,0,PEARL ST 500 BLK N & 6TH AVE E,1,3,0,7,1,4,,,25,0,0,0,0,0,4,2,5
,2015_28996,0,0,12/15/2015 11:09,11:09,5,0,0,PENA BLVD & TOWER RD N,4,1,1,2,3,4,,,65,0,0,0,0,0,4,1,14
,2015_28997,0,0,8/22/2015 7:55,7:55,6,0,0,PERRY ST N & 51ST AVE W,1,1,0,0,3,4,,,25,0,0,0,0,0,4,3,14
,2015_28998,0,0,9/18/2015 15:57,15:57,6,0,0,15TH ST & BOULDER ST,1,1,1,7,1,1,,,35,0,0,0,0,0,4,2,16
,2015_28999,0,0,9/16/2015 15:30,15:30,6,0,0,SHERMAN ST 1300 BLK N & 14TH AVE E,1,1,0,7,1,4,,,30,0,0,0,0,0,4,2,16
,2015_29000,0,0,12/2/2015 15:40,15:40,5,0,0,SPEER BLVD 1300 BLK N & 14TH AVE W,1,1,0,0,2,4,,,35,0,0,0,0,0,4,1,13
,2015_29001,0,0,8/8/2015 15:53,15:53,12,0,0,SPEER BLVD E & WASHINGTON ST N,1,1,0,0,1,4,,,30,0,0,0,0,0,4,2,3
,2015_29002,0,0,11/14/2015 1:40,1:40,6,0,0,WINONA CT & 2000 BLK S,1,3,0,7,1,4,,,25,0,0,0,0,0,4,5,5
,2015_29030,39.707354,-104.940625,10/29/2015 9:17,9:17,1,0,0,COLO0RADO BLVD S & CHERRY CREEK N DR E,1,1,0,0,1,1,,,35,0,0,0,0,0,2,2,1
,2015_29031,39.725297,-104.940629,9/20/2015 9:51,9:51,3,0,0,COLORADO BLVD N & 6TH AVE E,1,1,1,0,1,1,,,30,0,0,0,0,0,2,2,1
,2015_29032,39.734732,-104.940618,12/23/2015 17:14,17:14,1,0,0,N COLORADO BLVD & E 12TH AVE,1,2,0,0,1,1,,,30,0,0,0,0,0,2,2,13
,2015_29040,39.651098,-104.917161,9/22/2015 6:58,6:58,12,0,0,I-25 & HAMPDEN AVE E,1,1,0,0,1,4,,,60,0,0,0,0,0,1,2,1
,2015_29041,39.71124,-104.998918,10/21/2015 18:48,18:48,12,0,0,I-25 & ALAMEDA AVE W,2,4,1,1,1,1,,,55,0,0,0,0,0,1,2,13
,2015_29042,39.71124,-104.998918,12/2/2015 12:16,12:16,15,0,0,I-25 & ALAMEDA AVE W,1,1,0,0,1,4,,,55,0,0,0,0,0,1,2,7
,2015_29043,39.72008,-105.007149,11/4/2015 19:00,19:00,12,0,0,I-25 & 6TH AVE W,2,3,0,1,1,4,,,55,0,0,0,0,0,1,2,16
,2015_29046,39.760997,-105.004275,9/29/2015 11:31,11:31,12,0,0,I-25 & 20TH ST,1,1,0,0,1,4,,,55,0,0,0,0,0,1,2,14
,2015_29047,39.738488,-105.013835,9/10/2015 8:30,8:30,9,0,1,I-25 NB OFF COLLECTOR RAMP & AURARIA PKWY,1,1,2,0,1,8,,,55,0,0,0,1,2,1,2,8
,2015_29048,39.770223,-104.991394,10/31/2015 12:40,12:40,5,0,0,I-25 & 39TH AVE W,1,1,0,0,2,4,,,55,0,0,0,0,0,1,1,1
,2015_29051,39.711187,-105.039623,9/22/2015 6:34,6:34,3,0,1,ALAMEDA AVE W & PERRY ST,1,1,0,0,1,1,,,35,0,0,0,0,2,2,2,13
,2015_29059,39.740151,-104.950674,12/2/2015 18:33,18:33,15,0,0,COLFAX AVE E & ST PAUL ST N,1,3,0,0,1,1,,,30,0,0,0,0,0,2,2,13
,2015_29060,39.740145,-104.948789,12/12/2015 1:55,1:55,6,0,0,COLFAX AVE E & ADAMS ST N (RD N),1,3,0,0,1,1,,,30,0,0,0,0,0,2,2,13
,2015_29068,39.775623,-104.865778,10/9/2015 12:23,12:23,12,0,0,I-70 & HAVANA ST N,1,1,0,0,1,4,,,55,0,0,0,0,0,1,2,16
,2015_29076,39.671361,-104.866556,9/4/2015 10:05,10:05,15,0,0,PARKER RD 2500 BLK S & HAVANA ST S,1,1,1,0,1,4,,,35,0,0,0,0,0,2,2,13
,2015_29077,39.732921,-105.02517,9/8/2015 20:18,20:18,15,0,0,10TH AVE W & FEDERAL BLVD N,1,3,0,0,1,1,,,35,0,0,0,0,0,2,2,13
,2015_29078,39.695164,-105.025062,12/1/2015 12:04,12:04,3,0,0,FEDERAL BLVD S & ARIZONA AVE W,1,5,0,0,1,2,,,40,0,0,0,0,0,2,2,7
,2015_29079,39.693248,-105.025038,11/23/2015 13:40,13:40,3,0,0,FEDERAL BLVD S & LOUISIANA AVE W,1,1,0,0,1,2,,,35,0,0,0,0,0,2,2,7
,2015_29080,39.731186,-105.025182,10/3/2015 20:12,20:12,12,0,0,FEDERAL BLVD N & 9TH AVE W,2,3,0,1,1,1,,,35,0,0,0,0,0,2,2,13
,2015_29095,39.744739,-105.025222,12/13/2015 13:58,13:58,12,0,0,FEDERAL BLVD & 1700 BLK N,1,1,0,0,1,4,,,35,0,0,0,0,0,2,2,14
,2015_29150,0,0,12/7/2015 16:31,16:31,15,0,0,6TH AVE 100 BLK W & ACOMA ST N,1,4,1,0,1,4,,,35,0,0,0,0,0,4,2,13
,2015_29151,0,0,11/24/2015 8:32,8:32,2,0,1,12TH AVE E & CLAYTON ST N,1,1,0,0,1,1,,,25,1,0,0,0,2,4,2,16
,2015_29152,0,0,12/6/2015 1:49,1:49,12,0,0,12TH AVE 300 BLK E & GRANT ST N,1,3,0,0,1,4,,,30,0,0,0,0,0,4,2,12
,2015_29153,0,0,9/10/2015 7:15,7:15,10,0,0,13TH AVE E & XANTHIA ST N,1,1,0,0,1,1,,,30,0,0,0,0,0,4,2,8
,2015_29154,0,0,8/20/2015 14:54,14:54,3,0,0,14TH AVE E & HARRISON ST N,1,1,0,7,1,1,,,30,0,0,0,0,0,4,2,16
,2015_29155,0,0,9/26/2015 10:45,10:45,2,0,1,23RD AVE E & HOLLY ST N,1,1,0,0,1,4,,,30,1,0,0,0,3,4,2,14
,2015_29156,0,0,10/26/2015 20:49,20:49,6,0,0,46TH AVE & 3300 BLK W,1,3,0,7,1,4,,,30,0,0,0,0,1,4,2,2
,2015_29158,0,0,12/8/2015 17:03,17:03,15,0,0,46TH AVE E & CENTRAL PARK BLVD N,1,1,0,0,1,4,,,35,0,0,0,0,0,4,2,13
,2015_29159,0,0,10/23/2015 8:19,8:19,5,0,0,50TH AVE E & TOWER RD N,1,1,0,0,3,1,,,35,0,0,0,0,0,4,1,3
,2015_29160,0,0,12/1/2015 8:45,8:45,15,0,0,AURARIA PKWY & 1200 BLK,1,1,0,0,1,4,,,35,0,0,0,0,0,4,2,13
,2015_29161,0,0,11/20/2015 22:50,22:50,5,0,0,BLAKE ST & 2120,2,3,0,2,3,1,,,30,0,0,0,0,0,4,1,5
,2015_29162,0,0,11/10/2015 13:15,13:15,12,0,0,CURTIS ST & 1800 BLK,1,1,0,0,1,4,,,30,0,0,0,0,0,4,2,13
,2015_29163,0,0,10/14/2015 13:15,13:15,1,0,0,DAHLIA ST S & BAILS PL E,1,1,0,0,1,1,,,25,0,0,0,0,0,4,2,7
,2015_29164,0,0,8/16/2015 21:00,21:00,6,0,0,GARRISON ST S & SARATOGA PL W,1,3,0,0,1,3,,,25,0,0,0,0,0,4,2,3
,2015_29165,0,0,11/22/2015 21:15,21:15,6,0,0,GIRARD AVE E & S FLORENCE ST,1,3,0,7,1,4,,,35,0,0,0,0,0,4,2,5
,2015_29166,0,0,11/21/2015 9:45,9:45,5,0,0,HAMDEN AVE W SERVICE RD S & HARLAN ST S,5,1,1,0,2,4,,,35,0,0,0,0,0,4,1,16
,2015_29167,0,0,12/15/2015 11:29,11:29,6,0,0,KING ST & 800 BLK N,4,1,2,2,1,4,,,25,0,0,0,0,0,4,2,16
,2015_29168,0,0,9/13/2015 10:25,10:25,6,0,0,MARION ST N & COLFAX AVE E,1,1,0,7,1,5,,,35,0,0,0,0,0,4,2,16
,2015_29169,0,0,10/14/2015 21:26,21:26,5,0,0,PEARL ST S & ALAMEDA AVE E,1,3,0,0,3,1,,,30,0,0,0,0,0,4,1,7
,2015_29170,0,0,10/11/2015 8:08,8:08,5,0,0,PENA BLVD & 7900 BLK,1,1,1,0,3,4,,,35,0,0,0,0,0,4,1,13
,2015_29171,0,0,11/29/2015 0:14,0:14,6,0,0,PENNSYLVANIA ST 1800 BLK & 18TH AVE E,5,3,0,7,1,4,,,25,0,0,0,0,0,4,5,6
,2015_29172,0,0,10/29/2015 16:01,16:01,6,0,0,VRAIN ST 2853 S & AMHERST AVE W,1,1,0,7,1,4,,,25,0,0,0,0,0,4,2,3
,2015_29173,0,0,12/27/2015 18:25,18:25,5,0,0,TAMARAC DR S & CORNELL AVE E,1,3,0,0,3,1,,,30,0,0,0,0,0,4,1,5
,2015_29174,0,0,10/1/2015 20:04,20:04,4,0,0,VIRGINIA AVE E & LOGAN ST S,1,3,0,0,3,1,,,30,0,0,0,0,0,4,1,13
,2015_29175,0,0,11/30/2015 9:35,9:35,5,0,0,YALE AVE 10000 BLK E & ELMIRA ST S,4,1,1,0,1,4,,,35,0,0,0,0,1,4,1,1
,2015_29176,0,0,8/22/2015 23:49,23:49,5,0,0,ZUNI ST N & 2777,1,3,1,0,3,4,,,30,0,0,0,0,0,4,3,5
,2015_29208,39.725476,-104.940629,9/11/2015 15:21,15:21,12,0,0,COLORADO BLVD N & 6TH AVE E,1,1,1,0,1,1,,,35,0,0,0,0,0,2,2,1
,2015_29218,39.705215,-104.995304,12/21/2015 17:28,17:28,15,0,0,I-25 & MM 207,1,3,0,0,1,4,,,55,0,0,0,0,0,1,2,1
,2015_29219,39.72543,-105.013021,11/30/2015 18:00,18:00,12,0,0,I-25 & 6TH AVE W,8,3,0,0,1,4,,,55,0,0,0,0,0,1,2,13
,2015_29220,39.755141,-105.012706,10/29/2015 15:26,15:26,12,0,0,I-25 & SPEER BLVD N,1,1,1,0,1,4,,,55,0,0,0,0,0,1,2,16
,2015_29221,39.755141,-105.012706,11/2/2015 14:47,14:47,12,0,0,I-25 & SPEER BLVD N,1,1,0,0,1,4,,,55,0,0,0,0,0,1,2,8
,2015_29228,39.711167,-105.035991,9/2/2015 7:24,7:24,12,0,0,ALAMEDA AVE W & MEADE ST S,1,1,0,0,1,1,,,35,0,0,0,0,0,2,2,13
,2015_29241,39.740007,-104.973859,12/6/2015 19:30,19:30,6,0,0,COLFAX AVE 1200 BLK E & DOWNING ST,1,3,0,0,1,4,,,30,0,0,0,0,0,2,2,13
,2015_29242,39.739981,-104.962488,11/20/2015 22:53,22:53,6,0,0,COLFAX AVE E & VINE ST N,5,3,0,2,1,4,,,35,0,0,0,0,0,2,2,16
,2015_29249,39.783475,-105.011149,9/21/2015 7:10,7:10,12,0,0,I-70 & TEJON ST N (NOT IN CO,1,1,1,0,1,4,,,55,0,0,0,0,0,1,2,3
,2015_29250,39.783138,-105.006328,10/28/2015 9:37,9:37,12,0,0,I-70 & PECOS ST N,1,1,0,0,1,4,,,55,0,0,0,0,0,1,2,14
,2015_29251,39.779174,-104.926966,11/4/2015 7:50,7:50,12,0,1,I-70 & FOREST ST N (NOT IN CORIS),1,1,0,0,1,4,,,55,0,0,0,0,2,1,2,1
,2015_29252,39.7783,-104.903459,8/24/2015 4:57,4:57,5,0,0,I-70 & QUEBEC ST N,1,3,0,0,2,4,,,55,0,0,0,0,0,1,1,13
,2015_29265,39.714479,-105.025155,11/26/2015 22:27,22:27,5,0,0,FEDERAL BLVD & 100 BLK S,4,3,1,2,3,4,,,35,0,0,0,0,0,2,1,16
,2015_29279,39.635523,-104.89346,12/4/2015 10:35,10:35,12,0,0,TAMARAC ST S & I-225 SB RAMPS,1,1,1,0,1,3,,,35,0,0,0,0,0,1,2,8
,2015_29322,0,0,11/20/2015 16:30,16:30,12,0,0,6TH AVE W & BANNOCK ST N,2,3,0,2,1,4,,,30,0,0,0,1,0,4,2,16
,2015_29323,0,0,9/8/2015 7:45,7:45,2,0,1,26TH AVE W & LOWELL BLVD N,1,1,0,0,1,1,,,25,1,0,0,0,2,4,2,13
,2015_29324,0,0,8/13/2015 21:36,21:36,2,0,1,32ND AVE W & 18TH ST,1,3,1,0,1,1,,,30,1,0,0,0,2,4,2,7
,2015_29325,0,0,10/4/2015 7:11,7:11,5,0,0,48TH AVE W & ELIOT ST N,1,3,0,0,2,1,,,30,0,0,0,0,0,4,1,3
,2015_29326,0,0,11/24/2015 12:40,12:40,11,0,0,BROADWAY N & 13TH AVE E,1,1,0,0,1,1,,,30,0,1,0,0,1,4,2,3
,2015_29327,0,0,8/6/2015 18:55,18:55,3,0,0,CHAMBERS RD N & ANDREWS DR E,1,1,0,0,1,1,,,25,0,0,0,0,0,4,2,16
,2015_29328,0,0,12/16/2015 15:48,15:48,15,0,0,BROADWAY S & YALE AVE,2,1,0,0,1,2,,,35,0,0,0,0,0,4,2,13
,2015_29329,0,0,11/2/2015 10:10,10:10,5,0,0,BROADWAY ST N & SPEER BLVD,1,1,0,0,4,1,,,30,0,0,0,0,0,4,1,16
,2015_29330,0,0,9/24/2015 11:15,11:15,6,0,0,IRVINGTON PL 000 BLK W & BROADWAY ST N,1,1,0,7,1,4,,,25,0,0,0,0,0,4,2,1
,2015_29331,0,0,9/21/2015 2:10,2:10,6,0,0,KING ST 700 BLK N & 8TH AVE W,1,3,0,7,1,4,,,25,0,0,0,0,0,4,2,16
,2015_29332,0,0,9/14/2015 8:27,8:27,6,0,0,KING ST N 2334 & 23RD AVE W,1,1,0,7,1,4,,,25,0,0,0,0,0,4,3,14
,2015_29333,0,0,12/21/2015 9:55,9:55,5,0,0,LOCUST ST S & 1496,2,1,0,0,2,3,,,30,0,0,0,0,0,4,1,1
,2015_29334,0,0,10/5/2015 16:05,16:05,1,0,0,MONTVIEW BLVD E & YOSEMITE ST N,1,1,0,0,1,1,,,30,0,0,0,0,1,4,2,7
,2015_29335,0,0,11/6/2015 17:48,17:48,11,0,1,OLMSTED PL & 13200 BLK E,1,4,1,0,1,2,,,10,0,1,0,0,3,4,3,13
,2015_29336,0,0,8/18/2015 11:03,11:03,6,0,0,ONEIDA ST N & 14TH AVE E,1,1,0,0,1,4,,,25,0,0,0,0,0,4,2,13
,2015_29338,0,0,10/23/2015 16:15,16:15,2,0,1,PARK AVE W 500 BLK & WELTON ST,1,1,0,0,1,4,,,30,1,0,0,0,2,4,2,13
,2015_29339,0,0,9/4/2015 13:20,13:20,3,0,0,31ST ST & CALIFORNIA ST,1,1,0,0,1,1,,,25,0,0,0,0,0,4,2,7
,2015_29340,0,0,10/27/2015 12:20,12:20,6,0,0,22ND ST 1300 BLK & MARKET ST,1,1,0,7,1,4,,,25,0,0,0,0,0,4,2,16
,2015_29341,0,0,11/21/2015 8:03,8:03,5,0,0,SYRACUSE WY & 3100 BLK S,5,1,0,0,2,1,,,35,0,0,0,0,1,4,1,16
,2015_29342,0,0,8/26/2015 23:20,23:20,6,0,0,WALNUT ST & 2500 N,1,3,0,0,2,4,,,30,0,0,0,0,0,4,4,12
,2015_29343,0,0,9/23/2015 19:32,19:32,12,0,0,TOWER RD N & 43RD AVE E,1,4,1,0,1,4,,,40,0,0,0,0,0,4,2,7
,2015_29344,0,0,9/15/2015 15:00,15:00,6,0,0,TENNYSON ST & 930 S,1,1,0,7,1,4,,,30,0,0,0,0,0,4,2,14
,2015_29345,0,0,10/4/2015 13:03,13:03,6,0,0,W VASSAR AVE & S VRAIN ST,1,1,0,7,1,4,,,25,0,0,0,0,0,4,2,7
,2015_29346,0,0,12/2/2015 16:33,16:33,6,0,0,YORK ST 1000 BLK S & TENNESSEE AVE E,2,2,0,7,1,4,,,25,0,0,0,0,0,4,2,10
,2015_29372,39.754512,-104.940549,12/20/2015 16:07,16:07,3,0,0,COLORADO BLVD N & 26TH AVE E,1,2,0,0,1,1,,,35,0,0,0,0,0,2,2,14
,2015_29385,39.68492,-104.959513,9/6/2015 12:06,12:06,12,0,0,I-25 NB OFF RAMP & UNIVERSITY BLVD S,1,1,1,0,1,3,,,30,0,0,0,0,0,1,2,7
,2015_29386,39.718407,-105.005258,11/16/2015 9:00,9:00,12,0,0,I-25 & 1ST AVE (NOT IN CORIS,1,1,0,0,1,4,,,55,0,0,0,0,1,1,2,16
,2015_29387,39.718946,-105.005917,9/30/2015 15:36,15:36,12,0,0,I-25 & 6TH AVE W,1,1,0,0,1,4,,,55,0,0,0,0,1,1,2,14
,2015_29401,39.740018,-104.99668,12/13/2015 14:42,14:42,12,0,0,COLFAX AVE W & GALAPAGO ST N,1,1,0,0,1,1,,,35,0,0,0,0,0,2,2,7
,2015_29402,39.740011,-104.968907,12/4/2015 3:19,3:19,5,0,0,COLFAX AVE E & FRANKLIN ST N,1,5,0,0,3,4,,,35,0,0,0,0,0,2,1,5
,2015_29403,39.740162,-104.95477,6/4/2015 20:53,20:53,6,0,0,COLFAX AVE E & DETROIT ST N (RD N),2,3,0,1,1,4,,,30,0,0,0,0,0,2,2,13
,2015_29416,39.779734,-104.985778,8/14/2015 20:05,20:05,15,0,0,I-70 WB OFF RAMP TO & I-25 NB,1,1,0,0,1,8,,,35,0,0,0,0,0,1,2,13
,2015_29417,39.778299,-104.898164,9/25/2015 20:04,20:04,12,0,0,I-70 & PARFET ST,1,3,0,0,1,4,,,65,0,0,0,0,0,1,2,14
,2015_29418,39.777095,-104.882471,11/6/2015 15:42,15:42,12,0,0,I-70 & CENTRAL PARK BLVD N,1,1,0,0,1,4,,,55,0,0,0,0,1,1,2,16
,2015_29419,39.777095,-104.882471,12/11/2015 9:50,9:50,15,0,0,CENTRAL PARK BLVD N & I-70,1,1,0,0,1,4,,,35,0,0,0,0,0,1,2,13
,2015_29420,39.777095,-104.882471,12/13/2015 7:20,7:20,5,0,0,I-70 WB RAMP & CENTRAL PARK BLVD N,5,1,0,0,3,1,,,40,0,0,0,0,0,1,1,13
,2015_29430,39.687663,-104.991938,11/15/2015 21:32,21:32,5,0,0,SANTA FE DR S & IOWA AVE W,1,3,0,0,2,4,,,45,0,0,0,0,0,2,1,14
,2015_29431,39.696696,-104.991872,8/28/2015 12:00,12:00,1,0,0,MISSISSIPPI AVE W & PLATTE RIVER DR S,1,1,1,0,1,1,,,35,0,0,0,0,0,2,2,1
,2015_29439,39.747566,-105.053233,9/10/2015 16:00,16:00,15,0,0,SHERIDAN BLVD & 20TH AVE,1,1,0,0,1,3,,,35,0,0,0,0,0,2,2,13
,2015_29498,0,0,12/20/2015 15:10,15:10,3,0,0,11TH AVE W & GALAPAGO ST N,2,1,0,1,1,2,,,5,0,0,0,0,0,4,2,13
,2015_29499,0,0,12/24/2015 18:12,18:12,3,0,0,13TH AVE E & SYRACUSE ST N,1,3,0,0,1,1,,,30,0,0,0,0,1,4,2,1
,2015_29500,0,0,12/11/2015 11:15,11:15,3,0,2,40TH AVE E & AIRPORT WAY N,1,1,1,0,1,1,,,40,0,0,0,0,2,4,2,7
,2015_29501,0,0,10/4/2015 18:18,18:18,5,0,0,46TH AVE 3300 BLK W & IRVING ST N,1,2,0,0,3,4,,,30,0,0,0,0,0,4,1,5
,2015_29503,0,0,8/28/2015 8:20,8:20,13,0,0,48TH AVE E & DILLON ST N,1,1,0,0,1,1,,,25,0,0,0,0,1,4,2,13
,2015_29504,0,0,9/19/2015 16:15,16:15,12,0,0,ALAMEDA AVE E & LINCOLN ST S,1,1,0,0,1,4,,,30,0,0,0,0,0,4,2,13
,2015_29505,0,0,12/17/2015 15:28,15:28,6,0,0,N BLACKHAWK WAY & N ANAHEIM CT,4,1,0,7,1,3,,,30,0,0,0,0,0,4,2,1
,2015_29506,0,0,11/20/2015 8:22,8:22,11,0,0,BROADWAY N & WELTON ST,1,1,0,0,1,1,,,30,0,1,0,0,1,4,2,16
,2015_29507,0,0,8/20/2015 12:45,12:45,6,0,0,COURT PL 1400 BLK & 15TH ST,1,1,0,0,1,1,,,25,0,0,0,0,0,4,2,13
,2015_29508,0,0,11/28/2015 2:50,2:50,6,0,0,W DAKOTA AVE & WOLFF ST S,5,3,1,7,1,3,,,25,0,0,0,0,0,4,2,5
,2015_29509,0,0,9/23/2015 18:43,18:43,1,0,0,DTC BLVD S & BELLEVIEW AVE E,1,1,0,0,1,1,,,35,0,0,0,0,0,4,2,12
,2015_29510,0,0,12/1/2015 7:25,7:25,6,0,0,EUDORA ST 300 BLK N & 4TH AVE E,4,1,0,7,1,4,,,25,0,0,0,0,0,4,2,1
,2015_29511,0,0,11/16/2015 1:27,1:27,6,0,0,EXPOSTION AVE W & IRVING ST S,1,4,0,0,1,4,,,25,0,0,0,0,0,4,4,5
,2015_29512,0,0,12/13/2015 0:59,0:59,5,0,1,HAVANA WAY N & IOLA ST N,9,3,0,0,3,1,,,35,0,0,0,0,3,4,1,5
,2015_29513,0,0,12/24/2015 8:06,8:06,5,0,0,IRVING ST N & 33RD AVE W,1,2,0,0,2,1,,,30,0,0,0,0,0,4,1,14
,2015_29514,0,0,8/23/2015 2:06,2:06,6,0,0,LARIMER ST & 20TH ST,1,3,0,0,1,4,,,25,0,0,0,0,0,4,2,5
,2015_29515,0,0,12/22/2015 20:55,20:55,6,0,0,LOUISIANA AVE 500 BLK E & PENNSYLVANIA ST S,1,3,0,7,3,4,,,30,0,0,0,0,0,4,3,3
,2015_29516,0,0,8/16/2015 1:06,1:06,6,0,0,OGDEN ST 1300 BLK N & 14TH AVE E,2,3,0,1,1,4,,,35,0,0,0,0,1,4,5,14
,2015_29518,0,0,9/17/2015 4:40,4:40,5,0,1,PENA BLVD 5600 & 56TH AVE,1,3,0,0,3,1,,,65,0,0,0,0,3,4,1,13
,2015_29519,0,0,11/4/2015 22:23,22:23,5,0,0,PONTIAC ST N & POPLAR ST ALLEY N,2,4,0,1,3,5,,,10,0,0,0,0,0,4,1,16
,2015_29520,0,0,12/18/2015 11:58,11:58,15,0,0,QUEBEC ST N & SMITH RD E,2,1,0,0,1,1,,,45,0,0,0,0,1,4,2,13
,2015_29521,0,0,10/12/2015 16:50,16:50,15,0,0,15TH ST 700 BLK & STOUT ST,1,1,0,0,1,3,,,25,0,0,0,0,0,4,2,1
,2015_29522,0,0,10/22/2015 12:13,12:13,5,0,0,SHADY GROVE ST 8100 BLK & 80TH AVE E,2,1,0,1,3,4,,,45,0,0,0,0,0,4,1,1
,2015_29523,0,0,11/5/2015 17:59,17:59,11,0,1,SPEER BLVD E & CORONA ST N,1,3,0,0,1,1,,,35,0,1,0,0,2,4,2,16
,2015_29524,0,0,10/20/2015 14:43,14:43,10,0,0,TAMARAC ST S & QUINCY AVE E,1,1,1,0,1,1,,,35,0,0,0,0,0,4,2,3
,2015_29525,0,0,12/18/2015 18:00,18:00,6,0,0,TREMONT PL & 16TH ST,4,3,0,7,1,4,,,25,0,0,0,0,0,4,2,16
,2015_29526,0,0,10/20/2015 18:25,18:25,12,0,0,UNIVERSITY BLVD S & ARKANSAS AVE E,1,3,0,0,1,3,,,30,0,0,0,0,1,4,2,12
,2015_29527,0,0,9/7/2015 16:56,16:56,1,0,0,VIRGINIA AVE E & DOWNING ST S,1,1,0,0,1,1,,,30,0,0,0,0,0,4,2,8
,2015_29528,0,0,8/20/2015 23:20,23:20,6,0,0,WASHINGTON ST 1400 BLK N & 14TH AVE E,1,3,0,0,1,4,,,30,0,0,0,0,0,4,2,5
,2015_29561,39.703863,-104.940623,11/23/2015 16:48,16:48,1,0,0,COLORADO BLVD S & EXPOSITION AVE E,1,3,0,0,1,1,,,35,0,0,0,0,0,2,2,16
,2015_29575,39.649709,-104.916354,9/18/2015 6:05,6:05,12,0,0,I-25 & HAMPDEN AVE E,1,2,0,0,1,4,,,65,0,0,0,0,0,1,2,13
,2015_29576,39.668512,-104.926191,10/14/2015 15:00,15:00,15,0,0,I-25 & YALE AVE E,1,1,0,0,1,4,,,65,0,0,0,0,0,1,2,16
,2015_29577,39.66188,-104.922161,12/15/2015 19:00,19:00,15,0,0,I-25 & MM 202,4,3,0,0,1,4,,,65,0,0,0,0,1,1,2,1
,2015_29578,39.72543,-105.013021,12/21/2015 10:00,10:00,12,0,0,I-25 & 6TH AVE,1,1,0,0,1,4,,,55,0,0,0,0,0,1,2,1
,2015_29579,39.743467,-105.016086,8/29/2015 21:50,21:50,12,0,0,I-25 & 17TH AVE W,1,3,0,0,1,4,,,55,0,0,0,0,0,1,2,13