id,drcog_id,latitude,longitude,crashtime,time,crashtype,numbkilled,numbinjurd,drcoglocat,rdconditin,lightngcon,roadcntgrd,weatherco,location,roaddescrp,schoolzone,constrzone,splimit,bikeinv,pedinv,sctrinv,motoinv,svrty,rdsystem,ttlvehcls,hcf
,2015_29580,39.751291,-105.016572,11/19/2015 10:39,10:39,12,0,0,I-25 & 23RD AVE,1,1,0,0,1,4,,,55,0,0,0,0,0,1,2,14
,2015_29581,39.74035,-105.013939,10/20/2015 23:55,23:55,5,0,1,I-25 & COLFAX AVE W,2,3,1,1,3,4,,,55,0,0,0,0,2,1,1,1
,2015_29582,39.756909,-105.010265,10/1/2015 15:28,15:28,12,0,0,I-25 & SPEER BLVD N,1,1,0,0,1,4,,,55,0,0,0,0,0,1,2,14
,2015_29583,39.760997,-105.004275,10/13/2015 7:40,7:40,12,0,0,I-25 & 20TH ST,1,1,0,0,1,4,,,55,0,0,0,0,0,1,2,16
,2015_29588,39.711131,-105.032417,9/8/2015 16:20,16:20,12,0,0,KNOX CT S & ALAMEDA AVE W,1,1,1,0,1,3,,,30,0,0,0,0,0,2,2,3
,2015_29589,39.653093,-104.912695,10/28/2015 10:06,10:06,12,0,0,HAMPDEN AVE E & MONACO PKWY S,1,1,0,0,1,4,,,35,0,0,0,0,0,2,2,3
,2015_29590,39.667529,-104.866133,8/6/2015 17:22,17:22,1,0,0,HAVANA ST S & YALE AVE E,1,1,0,0,1,1,,,35,0,0,0,0,1,2,2,3
,2015_29602,39.783138,-105.006328,11/2/2015 15:07,15:07,3,0,0,I-70 & PECOS ST N,1,1,0,0,1,6,,,25,0,0,0,0,0,1,2,8
,2015_29603,39.778341,-104.92238,11/12/2015 8:57,8:57,12,0,0,I-70 & HOLLY ST N,1,1,0,0,1,4,,,55,0,0,0,0,1,1,2,8
,2015_29604,39.777095,-104.882471,10/27/2015 6:47,6:47,12,0,0,I-70 & CENTRAL PARK BLVD,1,1,0,0,1,4,,,55,0,0,0,0,0,1,2,16
,2015_29605,39.777095,-104.882471,8/6/2015 12:34,12:34,1,0,0,CENTRAL PARK BLVD N & I-70,1,1,1,0,1,1,,,35,0,0,0,0,1,1,2,13
,2015_29606,39.773707,-104.843468,9/25/2015 17:24,17:24,12,0,2,I-70 & I-225 SB RAMP,1,1,1,0,1,4,,,55,0,0,0,0,2,1,2,13
,2015_29611,39.698614,-104.903604,11/26/2015 15:30,15:30,1,0,0,QUEBEC ST S & LEETSDALE DR,4,1,1,2,1,1,,,35,0,0,0,0,0,2,2,16
,2015_29617,39.734783,-105.025189,8/13/2015 14:59,14:59,3,0,0,FEDERAL BLVD N & 12TH AVE W,1,1,1,0,1,1,,,35,0,0,0,0,0,2,2,13
,2015_29628,39.631605,-104.904999,11/25/2015 12:54,12:54,5,0,0,I-225 NB ON RAMP FROM SB & I-25,1,1,1,0,2,8,,,45,0,0,0,0,1,1,1,12
,2015_29629,39.634296,-104.901193,12/20/2015 6:30,6:30,5,0,0,I-225 & ULSTER ST,1,2,0,0,3,8,,,50,0,0,0,0,0,1,1,7
,2015_29682,0,0,9/5/2015 14:05,14:05,11,1,0,TOWER RD N & 47TH AVE E,1,1,0,0,1,1,,,45,0,1,0,0,4,4,2,3
,2015_29687,0,0,10/31/2015 21:20,21:20,6,0,0,5TH AVE 600 BLK E & PEARL ST N,1,3,0,7,1,4,,,25,0,0,0,0,0,4,2,5
,2015_29688,0,0,9/3/2015 18:00,18:00,1,0,0,9TH AVE E & BROADWAY ST N,2,1,0,1,1,1,,,25,0,0,0,0,0,4,2,1
,2015_29689,0,0,8/5/2015 10:35,10:35,3,0,0,35TH AVE W & TENNYSON ST N,1,1,0,7,1,1,,,25,0,0,0,0,0,4,2,16
,2015_29690,0,0,9/30/2015 17:10,17:10,3,0,0,17TH AVE E & GAYLORD ST N,1,1,0,0,1,1,,,25,0,0,0,0,0,4,2,8
,2015_29691,0,0,9/23/2015 18:08,18:08,3,0,0,ALAMEDA AVE E & PEARL ST S,1,1,0,0,1,1,,,30,0,0,0,0,0,4,2,16
,2015_29692,0,0,11/2/2015 15:06,15:06,15,0,0,BROADWAY N & 6TH AVE E,1,1,0,0,1,1,,,30,0,0,0,1,0,4,2,8
,2015_29693,0,0,10/16/2015 15:56,15:56,10,0,0,CHAMPA ST 2100 BLK & BROADWAY,1,1,0,0,1,1,,,30,0,0,0,0,0,4,2,8
,2015_29694,0,0,9/19/2015 17:46,17:46,6,0,0,DOWNING ST 2300 BLK S & ILIFF AVE E,1,1,0,7,1,4,,,30,0,0,0,0,0,4,2,12
,2015_29695,0,0,12/7/2015 19:51,19:51,6,0,0,EMERSON ST 1900 BLK S & JEWELL AVE E,1,3,1,7,1,4,,,25,0,0,0,0,0,4,3,16
,2015_29696,0,0,12/11/2015 9:15,9:15,15,0,0,EVANS AVE 2400 BLK E & JOSEPHINE ST S,1,1,0,0,1,4,,,35,0,0,0,0,0,4,2,13
,2015_29697,0,0,8/19/2015 10:34,10:34,3,0,0,GLENCOE ST N & 13TH AVE E,1,1,0,7,1,1,,,25,0,0,0,0,0,4,2,16
,2015_29698,0,0,12/20/2015 12:13,12:13,12,0,0,EVANS AVE 4800 BLK E & GRAPE ST S,2,1,0,0,1,4,,,35,0,0,0,0,0,4,2,1
,2015_29699,0,0,9/30/2015 11:35,11:35,15,0,0,KALAMATH ST S & BYERS PL W,1,1,0,0,1,1,,,30,0,0,0,0,0,4,2,13
,2015_29700,0,0,11/13/2015 16:18,16:18,6,0,0,LOWELL BLVD & 2600 BLK N,1,1,0,7,1,4,,,30,0,0,0,0,0,4,2,7
,2015_29701,0,0,10/25/2015 6:45,6:45,6,0,0,MEXICO AVE E & S MADISON ST,1,1,0,7,1,4,,,25,0,0,0,0,0,4,2,3
,2015_29702,0,0,12/21/2015 16:52,16:52,10,0,0,OGDEN ST S & EVANS AVE E,1,2,0,0,1,1,,,25,0,0,0,0,0,4,2,13
,2015_29703,0,0,11/12/2015 11:12,11:12,5,0,1,NORTHFIELD BLVD E & VERBENA ST N,1,1,1,0,3,1,,,35,0,0,0,0,2,4,1,10
,2015_29704,0,0,11/24/2015 18:55,18:55,11,0,1,PARK AVE W & DELGANY ST,1,3,0,0,1,1,,,30,0,1,0,0,2,4,2,7
,2015_29705,0,0,11/11/2015 18:30,18:30,2,0,0,RALEIGH ST 2800 BLK S & BATES AVE W,1,3,1,0,1,4,,,25,1,0,0,0,1,4,2,13
,2015_29706,0,0,9/17/2015 19:09,19:09,6,0,0,RANDOLPH PL 14300 BLK E & BALTIMORE CT N,1,3,0,7,1,4,,,25,0,0,0,0,0,4,2,16
,2015_29707,0,0,10/29/2015 14:09,14:09,12,0,0,32ND ST & STOUT ST,1,1,0,0,1,1,,,25,0,0,0,1,0,4,2,16
,2015_29708,0,0,8/27/2015 15:55,15:55,6,0,0,36TH ST 1900 BLK & BRIGHTON BLVD N,1,1,0,0,1,5,,,15,0,0,0,0,0,4,2,13
,2015_29709,0,0,11/8/2015 19:14,19:14,6,0,0,SYRACUSE CT 000 BLK N & ACADEMY PL E,1,3,1,7,1,4,,,25,0,0,0,0,0,4,2,14
,2015_29710,0,0,8/23/2015 23:57,23:57,5,0,0,TENNYSON ST S & IOWA AVE W,1,3,0,0,3,4,,,25,0,0,0,0,0,4,1,5
,2015_29711,0,0,10/2/2015 20:15,20:15,15,0,0,TENNYSON ST 900 BLK S & KENTUCKY AVE W,1,4,0,0,1,4,,,25,0,0,0,0,0,4,1,13
,2015_29745,39.665533,-104.940602,9/10/2015 7:45,7:45,2,0,1,COLORADO BLVD 2700 BLK S & AMHERST AVE E,1,1,0,0,1,1,,,30,1,0,0,0,2,2,2,14
,2015_29760,39.705215,-104.995304,10/13/2015 16:31,16:31,12,0,0,I-25 & MM 207,11,1,1,0,1,4,,,55,0,0,0,0,0,1,2,14
,2015_29762,39.715575,-105.001637,12/14/2015 18:55,18:55,12,0,0,I-25 & ALAMEDA AVE W,1,3,0,0,1,4,,,55,0,0,0,0,0,1,2,3
,2015_29763,39.723679,-105.011476,9/24/2015 23:45,23:45,15,0,0,I-25 & 6TH AVE W,1,3,1,0,1,4,,,55,0,0,0,0,0,1,2,13
,2015_29764,39.707122,-104.996782,12/21/2015 1:15,1:15,5,0,1,I-25 & SANTA FE DR S,8,3,1,0,2,1,,,55,0,0,0,0,2,1,1,5
,2015_29765,39.707515,-104.996972,10/13/2015 7:15,7:15,5,0,0,I-25 SB OFF RAMP & MM 207,1,1,1,0,3,8,,,55,0,0,0,0,0,1,1,13
,2015_29766,39.717716,-105.004259,10/14/2015 0:20,0:20,5,0,0,I-25 & ALAMEDA AVE W,1,3,0,0,2,4,,,55,0,0,0,0,0,1,1,5
,2015_29767,39.760997,-105.004275,12/28/2015 17:32,17:32,12,0,0,I-25 & 20TH ST,1,3,1,0,1,4,,,55,0,0,0,0,0,1,2,3
,2015_29768,39.761114,-105.004133,8/30/2015 17:50,17:50,5,0,1,I-25 NB ON RAMP & 20TH ST,1,1,1,0,2,8,,,30,0,0,0,0,3,1,1,5
,2015_29769,39.773626,-104.989479,10/17/2015 15:45,15:45,5,0,0,I-25 NB ON RAMP & PARK AVE WEST,1,1,0,0,3,8,,,45,0,0,0,0,0,1,1,7
,2015_29777,39.711184,-105.001703,11/23/2015 17:25,17:25,3,0,0,ALAMEDA AVE W & 1215 W,1,3,0,0,1,2,,,35,0,0,0,0,0,2,2,14
,2015_29780,39.777393,-104.903402,12/7/2015 11:05,11:05,8,0,0,NORTHFIELD QUEBEC ST N & I-70 EB RAMPS,1,1,1,0,1,3,,,40,0,0,0,0,0,2,2,8
,2015_29782,39.740061,-104.928877,10/23/2015 19:18,19:18,6,0,0,COLFAX AVE E & FAIRFAX ST N,1,1,0,0,1,4,,,35,0,0,0,0,0,2,2,5
,2015_29783,39.740062,-104.928695,11/3/2015 12:13,12:13,5,0,0,COLFAX AVE E & FAIRFAX ST N,1,1,0,0,3,4,,,30,0,0,0,0,0,2,1,5
,2015_29789,39.779992,-104.98906,9/12/2015 13:13,13:13,12,0,0,I-70 WB OFF LOOP RAMP & I-25,1,1,0,0,1,8,,,55,0,0,0,0,0,1,2,13
,2015_29790,39.780052,-104.989434,10/21/2015 11:20,11:20,5,0,0,I-70 & I-25,2,1,1,1,3,4,,,55,0,0,0,0,0,1,1,16
,2015_29791,39.777063,-104.882126,10/2/2015 19:20,19:20,5,0,1,I-70 & CENTRAL PARK BLVD N,1,3,1,0,3,4,,,55,0,0,0,0,2,1,1,10
,2015_29792,39.774005,-104.847034,10/24/2015 3:30,3:30,5,0,0,I-70 & PEORIA ST N,1,3,0,0,3,4,,,55,0,0,0,0,0,1,1,5
,2015_29797,39.674737,-104.870699,12/29/2015 7:50,7:50,12,0,0,ILIFF AVE 10000 BLK E & PARKER RD S,1,1,0,0,1,1,,,40,0,0,0,0,0,2,2,13
,2015_29798,39.698234,-104.902629,8/25/2015 8:45,8:45,12,0,0,PARKER RD 1000 BLK S & QUEBEC ST S,1,1,0,0,1,4,,,45,0,0,0,0,0,2,2,13
,2015_29803,39.694884,-105.025057,9/25/2015 14:30,14:30,14,0,1,FEDERAL BLVD S & ARIZONA AVE W,1,1,0,0,1,1,,,35,0,0,0,0,2,2,2,1
,2015_29816,39.653168,-105.051954,11/1/2015 2:14,2:14,5,0,0,HWY 285 EB OFF LOOP RAMP & SHERIDAN BLVD S,1,3,1,0,2,8,,,35,0,0,0,0,0,2,1,8
,2015_29861,0,0,12/3/2015 18:29,18:29,12,0,0,6TH AVE E & HARRISON ST N,1,3,0,0,1,3,,,35,0,0,0,0,0,4,2,13
,2015_29862,0,0,10/23/2015 4:50,4:50,5,0,0,7TH AVE W & CANOSA CT N,2,3,0,0,1,1,,,25,0,0,0,0,0,4,1,13
,2015_29863,0,0,10/14/2015 14:00,14:00,12,0,0,14TH AVE W & ELATI ST N,1,1,0,0,1,1,,,30,0,0,0,0,0,4,2,14
,2015_29864,0,0,11/9/2015 16:50,16:50,15,0,0,38TH AVE W & PECOS ST N,1,1,0,0,1,4,,,35,0,0,0,0,0,4,2,8
,2015_29865,0,0,11/14/2015 13:20,13:20,3,0,0,CEDAR AVE E & LOGAN ST S,1,1,0,0,1,1,,,25,0,0,0,0,0,4,2,13
,2015_29866,0,0,10/11/2015 11:38,11:38,2,0,1,BAYAUD AVE & 1441,1,1,0,0,1,2,,,25,1,0,0,0,2,4,2,13
,2015_29867,0,0,12/2/2015 8:45,8:45,15,0,0,EVANS AVE 5300 BLK E & GRAPE ST S,1,1,0,0,1,1,,,30,0,0,0,0,0,4,2,14
,2015_29868,0,0,11/26/2015 12:39,12:39,5,0,0,JEFFERSON AVE & 5600 E,5,1,1,2,3,1,,,25,0,0,0,0,0,4,1,16
,2015_29869,0,0,9/13/2015 19:10,19:10,3,0,1,KNOX CT & 4TH AVE,1,2,1,0,1,1,,,30,0,0,0,0,2,4,2,13
,2015_29870,0,0,12/16/2015 14:45,14:45,5,0,0,MAXWELL PL 14000 BLK E & BILLINGS ST N,6,1,0,0,3,2,,,30,0,0,0,0,0,4,1,7
,2015_29871,0,0,11/24/2015 12:10,12:10,1,0,0,MONACO ST & 920 S,1,1,0,0,1,1,,,35,0,0,0,0,1,4,2,16
,2015_29872,0,0,12/1/2015 12:08,12:08,6,0,0,NOME ST & 4700 BLK N,1,1,0,0,1,2,,,25,0,0,0,0,0,4,2,3
,2015_29873,0,0,9/15/2015 17:20,17:20,6,0,0,PERRY ST & 600 BLK N,1,1,1,7,1,4,,,30,0,0,0,0,0,4,2,16
,2015_29874,0,0,12/16/2015 12:35,12:35,5,0,0,PENA BLVD & 56TH AVE E,4,1,0,2,3,4,,,55,0,0,0,0,0,4,1,14
,2015_29875,0,0,11/4/2015 22:01,22:01,6,0,0,PLATTE ST 1400 BLK & 15TH ST,2,3,0,1,1,4,,,25,0,0,0,0,0,4,2,1
,2015_29876,0,0,9/3/2015 17:20,17:20,5,0,0,RINGSBY CT & WASHINGTON ST N,2,1,0,1,2,1,,,30,0,0,0,0,0,4,1,13
,2015_29877,0,0,12/5/2015 18:45,18:45,10,0,0,14TH ST 1100 BLK & LAWRENCE ST,1,3,0,0,1,2,,,30,0,0,0,0,0,4,2,2
,2015_29878,0,0,9/1/2015 17:58,17:58,6,0,0,SPRUCE ST & 3100 BLK N,1,1,0,7,1,4,,,25,0,0,0,0,0,4,2,16
,2015_29879,0,0,11/12/2015 19:54,19:54,6,0,0,TREMONT PL 2100 BLK & 22ND ST,1,3,0,7,1,4,,,25,0,0,0,0,0,4,3,14
,2015_29880,0,0,9/12/2015 18:16,18:16,10,0,0,UNIVERSITY BLVD S & MISSISSIPPI AVE E,1,1,1,0,1,1,,,35,0,0,0,0,0,4,2,3
,2015_29881,0,0,9/20/2015 20:00,20:00,6,0,0,WASHINGTON ST 500 BLK N & 5TH AVE E,1,3,0,7,1,4,,,25,0,0,0,0,0,4,2,14
,2015_29882,0,0,10/15/2015 8:10,8:10,12,0,0,YALE AVE E & NORMAN CT S,1,1,0,0,1,1,,,30,0,0,0,0,1,4,2,3
,2015_29915,39.741505,-104.94061,8/31/2015 17:55,17:55,15,0,0,COLORADO BLVD & 16TH AVE E,1,1,0,0,1,4,,,35,0,0,0,0,0,2,2,1
,2015_29916,39.67488,-104.940644,11/10/2015 8:07,8:07,2,0,0,ILIFF AVE E & COLORADO BLVD S,1,1,0,0,1,1,,,30,1,0,0,0,0,2,2,13
,2015_29917,39.725655,-105.052942,12/20/2015 23:21,23:21,5,0,0,6TH AVE & SHERIDAN BLVD N,5,3,1,0,4,8,,,55,0,0,0,0,1,2,1,7
,2015_29918,39.72542,-105.025174,8/6/2015 12:36,12:36,15,0,0,6TH AVE W & FEDERAL BLVD N,1,1,1,0,1,4,,,45,0,0,0,0,0,2,2,13
,2015_29919,39.78374,-104.947842,10/16/2015 8:19,8:19,1,0,1,48TH AVE E & VASQUEZ BLVD N,1,1,0,0,1,1,,,40,0,0,0,0,2,2,2,13
,2015_29925,39.625205,-104.90222,11/15/2015 21:17,21:17,6,0,0,I-25 & MM 199,1,3,0,0,1,4,,,60,0,0,0,0,0,1,2,3
,2015_29926,39.731543,-105.015521,10/15/2015 6:44,6:44,5,0,0,I-25 & MULBERRY PL W,1,1,0,0,3,4,,,55,0,0,0,0,0,1,1,14
,2015_29927,39.751291,-105.016572,12/10/2015 18:11,18:11,12,0,0,I-25 & 23RD AVE W,1,3,0,0,1,4,,,55,0,0,0,0,1,1,3,12
,2015_29928,39.751291,-105.016572,11/10/2015 15:45,15:45,12,0,0,I-25 & 23RD AVE W,1,2,1,0,1,4,,,55,0,0,0,0,1,1,2,16
,2015_29929,39.755141,-105.012706,9/15/2015 10:59,10:59,15,0,0,I-25 & SPEER BLVD N,1,1,0,0,1,1,,,35,0,0,0,0,0,1,2,13
,2015_29957,39.779945,-104.940799,11/14/2015 12:33,12:33,5,0,4,I-70 EB OFF RAMP & COLORADO BLVD N,1,1,1,0,2,8,,,55,0,0,0,0,3,1,1,7
,2015_29958,39.778287,-104.912805,10/29/2015 6:46,6:46,12,0,0,I-70 & MONACO ST N,1,1,0,0,1,4,,,55,0,0,0,0,1,1,2,16
,2015_29959,39.777,-104.881437,12/10/2015 6:56,6:56,12,0,2,I-70 & CENTRAL PARK BLVD N,1,1,0,0,1,4,,,55,0,0,0,0,2,1,2,1
,2015_29963,39.707633,-104.92392,11/22/2015 18:20,18:20,12,0,0,LEETSDALE DR & HOLLY ST S,1,4,0,0,1,4,,,35,0,0,0,0,1,2,2,5
,2015_29969,39.725983,-105.025128,12/14/2015 9:34,9:34,3,0,0,FEDERAL BLVD & 6TH AVE WB RAMP,1,1,0,0,1,1,,,35,0,0,0,0,0,2,2,14
,2015_29972,39.69338,-105.053214,9/23/2015 19:32,19:32,12,0,1,SHERIDAN BLVD 1200 BLK S & LOUISIANA AVE W,1,2,0,0,1,4,,,35,0,0,0,0,2,2,2,14
,2015_29993,39.652978,-104.919053,11/6/2015 23:09,23:09,3,0,0,HAMPDEN AVE E & I-25 SB OFF RAMP,1,3,1,0,1,1,,,30,0,0,0,0,0,2,2,8
,2015_29994,39.768094,-105.025186,12/16/2015 16:01,16:01,12,0,0,FEDERAL BLVD & 3700 BLK N,12,1,0,0,1,4,,,30,0,0,0,0,0,2,2,12
,2015_30051,0,0,10/26/2015 14:36,14:36,6,0,0,4TH AVE 00 BLK W & ACOMA ST N,1,1,0,7,1,4,,,25,0,0,0,0,0,4,2,3
,2015_30052,0,0,9/25/2015 6:30,6:30,6,0,0,11TH AVE 1000 BLK E & EMERSON ST N,1,1,0,7,1,4,,,30,0,0,0,0,0,4,2,16
,2015_30053,0,0,11/22/2015 14:49,14:49,3,0,1,12TH AVE E & PENNSYLVANIA ST N,1,1,0,0,1,1,,,30,0,0,0,1,2,4,2,13
,2015_30054,0,0,9/24/2015 10:51,10:51,2,0,0,14TH AVE W & LIPAN ST N,1,1,0,0,1,1,,,25,1,0,0,0,1,4,2,14
,2015_30055,0,0,11/21/2015 6:57,6:57,5,0,1,17TH AVE E & MONROE ST,5,1,0,2,3,4,,,30,0,0,0,0,2,4,1,14
,2015_30056,0,0,10/28/2015 18:23,18:23,1,0,0,28TH AVE W & ZUNI ST N,1,3,0,0,1,1,,,30,0,0,0,0,0,4,2,8
,2015_30057,0,0,8/27/2015 18:00,18:00,2,0,1,46TH AVE E & ANDREWS DR E,1,1,0,0,1,1,,,25,1,0,0,0,2,4,2,13
,2015_30058,0,0,7/3/2015 18:34,18:34,3,0,1,32ND AVE 3800 BLK W & OSCEOLA ST N,1,1,0,0,1,1,,,25,0,0,0,1,2,4,2,13
,2015_30060,0,0,12/15/2015 1:50,1:50,6,0,0,ASBURY AVE E & S CORONA ST,4,3,1,2,1,4,,,25,0,0,0,0,0,4,2,7
,2015_30061,0,0,12/31/2015 10:45,10:45,6,0,0,BASSETT ST 1800 BLK & 18TH ST,1,1,0,7,1,4,,,25,0,0,0,0,0,4,2,16
,2015_30062,0,0,9/30/2015 6:42,6:42,12,0,0,BROADWAY ST 1800 BLK N & 18TH AVE E,1,1,0,0,1,3,,,30,0,0,0,0,0,4,2,13
,2015_30063,0,0,11/30/2015 16:59,16:59,1,0,0,CHERRY CREEK E DR S & MISSISSIPPI AVE E,4,3,0,0,1,1,,,30,0,0,0,0,1,4,2,1
,2015_30064,0,0,8/20/2015 18:27,18:27,15,0,0,DARTMOUTH AVE 2900 BLK W & FEDERAL BLVD S,1,1,1,7,1,3,,,30,0,0,0,0,0,4,2,16
,2015_30065,0,0,11/1/2015 4:14,4:14,5,0,0,FLORIDA AVE W & PATTON ST S,1,3,0,0,2,4,,,30,0,0,0,0,0,4,1,12
,2015_30066,0,0,11/18/2015 12:56,12:56,10,0,0,GRANT ST N & 6TH AVE E,1,1,0,0,1,2,,,30,0,0,0,0,0,4,2,16
,2015_30067,0,0,10/20/2015 14:01,14:01,3,0,0,GROVE ST N & 10TH AVE W,1,1,1,0,1,1,,,25,0,0,0,0,1,4,2,13
,2015_30068,0,0,12/4/2015 15:23,15:23,6,0,0,GILPIN ST 1100 BLK S & ARIZONA AVE E,1,2,0,7,1,4,,,25,0,0,0,0,0,4,2,16
,2015_30069,0,0,10/23/2015 7:43,7:43,1,0,0,GVR BLVD E & TELLURIDE ST N,1,1,0,0,1,1,,,30,0,0,0,0,1,4,2,7
,2015_30070,0,0,9/14/2015 9:02,9:02,6,0,0,HIBISCUS WAY S & MANSFIELD AVE E,1,1,0,7,1,1,,,25,0,0,0,0,0,4,2,16
,2015_30071,0,0,10/16/2015 15:49,15:49,15,0,0,LINCOLN ST 1700 F N & 18TH AVE E,1,1,0,0,1,4,,,30,0,0,0,1,1,4,2,14
,2015_30072,0,0,12/7/2015 7:36,7:36,1,0,0,PARK AVE W & GLOBEVILLE RD N,1,1,0,0,1,1,,,35,0,0,0,0,1,4,2,13
,2015_30073,0,0,8/17/2015 3:00,3:00,5,0,1,PENA BLVD 6800 BLK E & TOWER RD,1,3,1,0,3,4,,,65,0,0,0,0,2,4,1,2
,2015_30075,0,0,10/21/2015 19:10,19:10,3,0,0,RALEIGH ST S & DARTMOUTH AVE W,2,4,0,1,1,1,,,25,0,0,0,0,0,4,2,3
,2015_30076,0,0,11/3/2015 20:42,20:42,6,0,0,S SENECA WAY & LOUISIANA AVE W,1,4,1,7,1,4,,,25,0,0,0,0,0,4,2,15
,2015_30077,0,0,12/12/2015 12:08,12:08,5,0,0,SHERMAN ST 700 BLK N & GRANT ST N,1,1,0,2,2,1,,,5,0,0,0,0,0,4,1,13
,2015_30078,0,0,9/22/2015 9:06,9:06,3,0,0,SPEER BLVD 1400 BLK N & 14TH AVE W,1,1,0,0,1,2,,,30,0,0,0,0,0,4,2,13
,2015_30079,0,0,8/17/2015 19:52,19:52,6,0,0,WALSH PL 3600 BLK W & LOWELL BLVD S,1,1,0,0,1,4,,,30,0,0,0,0,0,4,2,13
,2015_30080,0,0,12/5/2015 19:38,19:38,6,0,1,WELTON ST 2800 BLK N & 29TH ST,1,2,0,7,1,4,,,30,0,0,0,0,2,4,2,3
,2015_30117,39.72543,-105.013021,9/15/2015 9:33,9:33,12,0,1,I-25 & 6TH AVE W,1,1,0,0,1,4,,,5,0,0,0,0,2,1,3,13
,2015_30130,39.780014,-104.959201,11/12/2015 15:13,15:13,12,0,0,I-70 & YORK ST N,1,1,0,0,1,4,,,55,0,0,0,0,0,1,3,3
,2015_30133,39.739999,-104.977961,11/14/2015 2:15,2:15,3,0,1,COLFAX AVE 760 E & CLARKSON ST N,1,3,0,0,1,2,,,35,0,0,0,1,3,2,3,16
,2015_30139,39.714922,-105.001188,11/21/2015 12:11,12:11,12,0,0,I-25 & ALAMEDA AVE W,1,1,0,0,1,4,,,55,0,0,0,0,0,1,3,7
,2015_30143,0,0,11/18/2015 7:53,7:53,12,0,0,MARTIN LUTHER KING JR & ASH ST N,1,1,0,0,1,1,,,30,0,0,0,0,1,4,3,3
,2015_30149,0,0,11/30/2015 22:29,22:29,12,0,0,LINCOLN ST 700 BLK N & 8TH AVE E,2,3,0,0,1,4,,,30,0,0,0,0,1,4,3,3
,2015_30152,39.760997,-105.004275,8/27/2015 9:22,9:22,12,0,0,I-25 & 20TH ST,1,1,0,0,1,4,,,55,0,0,0,0,0,1,4,1
,2015_30155,0,0,10/13/2015 15:46,15:46,12,0,0,CENTRAL PARK BLVD N & I-70 WB RAMPS,1,1,1,0,1,4,,,35,0,0,0,1,0,4,3,13
,2015_30158,0,0,6/25/2015 13:04,13:04,12,0,0,ALAMEDA AVE 800 BLK W & SANTA FE DR S,1,1,0,0,1,4,,,35,0,0,0,0,0,4,4,13
,2015_30159,39.755141,-105.012706,11/16/2015 15:49,15:49,15,0,0,I-25 & SPEER BLVD N,2,5,0,0,1,4,,,,0,0,0,0,0,1,3,16
,2015_30161,0,0,9/16/2015 14:32,14:32,12,0,0,QUEBEC ST N & 10TH AVE E,1,1,1,0,1,1,,,35,0,0,0,0,0,4,3,3
,2015_30164,0,0,11/21/2015 9:20,9:20,12,0,0,32ND AVE W & IRVING ST N,5,1,1,0,1,4,,,30,0,0,0,0,0,4,3,16
,2015_30182,39.74008,-104.912002,10/16/2015 18:52,18:52,12,0,0,COLFAX AVE E & MONACO PKWY N,1,3,0,0,1,3,,,35,0,0,0,1,1,2,3,13
,2015_30185,0,0,6/22/2015 22:50,22:50,12,0,0,ALAMEDA AVE E & HOLLY ST S,1,3,0,0,1,1,,,30,0,0,0,0,1,4,3,8
,2015_30187,0,0,11/23/2015 22:00,22:00,15,0,0,EVANS AVE & 4800 BLK E,1,3,0,0,1,4,,,35,0,0,0,0,1,4,3,10
,2015_30188,0,0,11/27/2015 9:50,9:50,3,0,0,36TH AVE E & SYRACUSE ST N,12,1,1,2,1,2,,,25,0,0,0,0,0,4,3,16
,2015_30194,39.725553,-105.036391,12/21/2015 16:41,16:41,12,0,0,W 6TH AVE & PERRY ST N,1,3,0,0,1,4,,,55,0,0,0,0,0,2,3,13
,2015_30195,39.687549,-104.99194,6/6/2015 11:51,11:51,2,0,1,SANTA FE DR S & IOWA AVE W,1,1,0,0,1,1,,,45,1,0,0,0,3,2,3,13
,2015_30197,0,0,12/28/2015 15:00,15:00,12,0,0,QUEBEC ST N & SMITH RD E,1,1,0,0,1,1,,,45,0,0,0,0,0,4,3,13
,2015_30201,39.690092,-105.053248,12/23/2015 11:30,11:30,3,0,0,SHERIDAN BLVD S & FLORIDA AVE W,1,1,0,0,1,2,,,35,0,0,0,0,0,2,2,13
,2015_30206,39.711131,-105.014469,9/15/2015 16:39,16:39,1,0,4,ALAMEDA AVE W & YUMA ST S,1,1,0,0,1,1,,,35,0,0,0,0,2,2,3,1
,2015_30211,0,0,10/22/2015 9:35,9:35,6,0,0,RACE ST 1100 BLK S & ARIZONA AVE E,2,1,0,1,1,4,,,25,0,0,0,0,0,4,2,16
,2015_30212,0,0,8/4/2015 22:10,22:10,3,0,0,LOWRY BLVD E & YOSEMITE ST N,1,3,0,0,1,1,,,30,0,0,0,0,0,4,2,13
,2015_30213,0,0,8/9/2015 20:46,20:46,12,0,0,20TH ST & STOUT ST,1,2,0,0,1,1,,,30,0,0,0,0,0,4,2,14
,2015_30214,39.779425,-104.978831,10/21/2015 7:00,7:00,12,0,0,I-70 EB ON SLIP RAMP & WASHINGTON ST N,1,1,1,1,1,8,,,35,0,0,0,0,0,1,2,16
,2015_30217,0,0,8/30/2015 20:30,20:30,15,0,0,IRVING ST S & LOUISIANA AVE W,1,3,0,0,1,4,,,30,0,0,0,0,0,4,3,1