id,drcog_id,latitude,longitude,crashtime,time,crashtype,numbkilled,numbinjurd,drcoglocat,rdconditin,lightngcon,roadcntgrd,weatherco,location,roaddescrp,schoolzone,constrzone,splimit,bikeinv,pedinv,sctrinv,motoinv,svrty,rdsystem,ttlvehcls,hcf
,2015_30219,0,0,12/27/2015 2:05,2:05,3,0,0,BROADWAY ST 1000 BLK N & 11TH AVE E,1,3,0,0,1,2,,,,0,0,0,0,1,4,2,13
,2015_30222,39.731044,-104.940623,8/23/2015 11:47,11:47,12,0,0,COLORADO BLVD N & 9TH AVE E,1,1,0,1,1,1,,,35,0,0,0,1,0,2,2,13
,2015_30224,0,0,10/15/2015 7:45,7:45,12,0,0,LINCOLN ST N & 11TH AVE E,1,1,0,0,1,4,,,30,0,0,0,0,0,4,4,14
,2015_30226,0,0,8/9/2015 5:50,5:50,3,0,0,BROADWAY ST N & CURTIS ST,1,3,0,1,1,1,,,30,0,0,0,0,0,4,2,1
,2015_30227,39.710131,-104.998259,11/7/2015 12:53,12:53,15,0,0,I-25 NB ON LFLYOVER RAMP & SANTA FE DR S,1,1,0,0,1,8,,,55,0,0,0,0,0,1,2,1
,2015_30228,0,0,11/17/2015 5:19,5:19,5,0,0,SANTE FE DR S & EVANS AVE W,2,3,0,2,3,4,,,55,0,0,0,0,0,4,2,16
,2015_30232,0,0,8/26/2015 12:40,12:40,3,0,0,13TH AVE E & SYRACUSE ST N,1,1,0,0,1,1,,,30,0,0,0,0,0,4,2,14
,2015_30234,39.685141,-104.940545,9/30/2015 17:58,17:58,14,0,0,COLORADO BLVD S & MEXICO AVE E,1,1,1,0,1,4,,,35,0,0,0,0,0,2,2,5
,2015_30236,0,0,12/16/2015 7:52,7:52,11,0,0,11TH AVE 000 BLK E & LINCOLN ST N,4,1,0,0,1,4,,,,0,1,0,0,1,4,2,13
,2015_30237,0,0,10/14/2015 4:05,4:05,3,0,0,33RD AVE E & QUEBEC ST N,1,4,0,0,1,1,,,40,0,0,0,0,0,4,2,13
,2015_30238,0,0,11/13/2015 20:03,20:03,1,0,0,DOWNING ST S & EVANS AVE E,1,3,0,0,1,1,,,35,0,0,0,0,0,4,2,1
,2015_30240,0,0,10/30/2015 11:45,11:45,12,0,0,45TH AVE E & PEORIA ST N,1,1,0,0,1,1,,,25,0,0,0,0,0,4,2,16
,2015_30241,0,0,9/10/2015 14:57,14:57,11,0,1,FRANKLIN ST N & 3314,1,1,0,0,1,2,,,15,0,1,0,0,2,4,2,13
,2015_30242,39.717824,-104.940628,10/1/2015 10:28,10:28,3,0,0,1ST AVE E & COLORADO BLVD N,1,1,1,0,1,1,,,30,0,0,0,0,0,2,2,13
,2015_30243,39.720916,-104.940629,12/11/2015 18:35,18:35,12,0,0,COLORADO BLVD 200 BLK N & 3RD AVE E,1,3,1,0,1,1,,,35,0,0,0,0,1,2,2,13
,2015_30244,39.740086,-104.940612,8/24/2015 15:01,15:01,12,0,0,COLFAX AVE E & COLORADO BLVD N,1,1,0,0,1,1,,,35,0,0,0,0,0,2,2,13
,2015_30247,0,0,11/24/2015 17:22,17:22,12,0,0,ALAMEDA AVE W & SANTA FE DR S,1,3,1,0,1,1,,,30,0,0,0,0,1,4,2,3
,2015_30248,0,0,8/5/2015 10:30,10:30,10,0,0,14TH ST 800 BLK & SANTA FE DR,1,1,0,0,1,2,,,30,0,0,0,0,0,4,2,8
,2015_30252,39.635523,-104.89346,11/25/2015 17:21,17:21,1,0,0,DTC BLVD S & I-225 EB RAMPS,1,3,0,0,1,1,,,35,0,0,0,0,1,1,2,16
,2015_30253,0,0,8/15/2015 11:44,11:44,15,0,0,20TH AVE E & LINCOLN ST N,1,1,1,7,1,1,,,35,0,0,0,0,0,4,2,16
,2015_30262,0,0,8/4/2015 19:25,19:25,10,0,0,MISSISSIPPI AVE 2700 W & CLAY ST S,1,1,0,0,1,1,,,35,0,0,0,0,0,4,2,13
,2015_30263,0,0,8/7/2015 16:56,16:56,10,0,0,NORTHFIELD BLVD E & TRENTON ST N,1,1,0,0,1,1,,,35,0,0,0,0,0,4,2,13
,2015_30267,0,0,8/7/2015 11:55,11:55,10,0,0,LOGAN ST 1500 BLK N & COLFAX AVE E,1,1,0,0,1,4,,,30,0,0,0,0,0,4,2,13
,2015_30269,39.668164,-105.081412,9/3/2015 13:42,13:42,12,0,0,WADSWORTH BLVD S & YALE AVE W,1,1,1,0,1,4,,,45,0,0,0,0,0,2,2,3
,2015_30270,0,0,8/6/2015 17:37,17:37,1,0,0,26TH ST 1200 BLK & LAWRENCE ST,1,1,0,0,1,1,,,30,0,0,0,0,0,4,2,13
,2015_30273,0,0,8/4/2015 16:47,16:47,6,0,0,SANTA FE DR N & 5TH AVE W,1,1,0,0,1,1,,,30,0,0,0,0,0,4,2,13
,2015_30275,0,0,8/13/2015 12:55,12:55,10,0,0,KALAMATH ST N & 6TH AVE W,1,1,0,0,1,1,,,35,0,0,0,0,0,4,2,8
,2015_30276,0,0,8/7/2015 16:25,16:25,14,0,0,MISSISSIPPI AVE W & BROADWAY ST S,1,1,0,0,1,1,,,30,0,0,0,0,0,4,2,13
,2015_30277,0,0,8/7/2015 8:05,8:05,3,0,0,WASHINGTON ST 900 BLK S & KENTUCKY AVE E,1,1,0,0,1,2,,,30,0,0,0,0,0,4,2,13
,2015_30279,39.774319,-104.850667,11/3/2015 16:30,16:30,12,0,1,I-70 WB ON RAMP & PEORIA ST N,1,1,0,0,1,4,,,55,0,0,0,0,2,1,2,7
,2015_30280,0,0,8/4/2015 8:47,8:47,10,0,0,HOLLY ST 4300 BLK N & STAPLETON DR SO,1,1,0,0,1,3,,,35,0,0,0,0,0,4,2,8
,2015_30281,0,0,8/4/2015 17:13,17:13,1,0,0,PEORIA ST N & 44TH AVE E,1,1,0,0,1,1,,,35,0,0,0,0,0,4,2,13
,2015_30283,0,0,8/7/2015 23:36,23:36,15,0,0,6TH AVE E & LINCOLN ST N,1,3,0,7,1,1,,,35,0,0,0,0,1,4,2,16
,2015_30284,0,0,8/6/2015 16:50,16:50,12,0,0,JOSEPHINE ST & 1100 BLK N,1,1,0,0,1,4,,,25,0,0,0,0,1,4,2,7
,2015_30291,39.652026,-104.917709,10/15/2015 8:35,8:35,12,0,0,I-25 & HAMPDEN AVE E,1,1,0,0,1,4,,,65,0,0,0,0,0,1,6,3
,2015_30292,39.735848,-105.014435,8/31/2015 19:54,19:54,15,0,0,I-25 & MM 210,1,3,1,0,1,4,,,55,0,0,0,0,1,1,4,7
,2015_30302,39.783138,-105.006328,10/20/2015 6:52,6:52,12,0,0,I-70 & PECOS ST N,1,1,1,0,1,4,,,55,0,0,0,0,0,1,3,16
,2015_30303,39.77656,-104.876601,9/23/2015 7:19,7:19,15,0,0,I-70 & DALLAS ST N OFFSET RE,1,1,0,0,1,4,,,45,0,0,0,0,0,1,3,13
,2015_30308,39.705779,-105.025084,10/25/2015 21:23,21:23,12,0,0,FEDERAL BLVD S & CENTER AVE W,1,3,0,0,1,1,,,35,0,0,0,0,0,2,3,7
,2015_30309,39.68212,-105.025017,8/3/2015 17:46,17:46,15,0,0,FEDERAL BLVD S & JEWELL AVE W,1,1,0,0,1,3,,,35,0,0,0,0,0,2,3,7
,2015_30338,0,0,11/1/2015 9:31,9:31,15,0,0,39TH AVE E & PEORIA ST N,1,1,0,0,1,1,,,35,0,0,0,0,0,4,3,13
,2015_30339,0,0,12/18/2015 7:58,7:58,1,0,1,DELGANY ST & PARK AVE W,2,1,0,0,1,1,,,35,0,0,0,0,2,4,3,7
,2015_30341,0,0,9/16/2015 18:46,18:46,1,0,0,DOWNING ST S & JEWELL AVE E,1,3,0,0,1,1,,,30,0,0,0,0,0,4,3,1
,2015_30342,0,0,12/19/2015 16:26,16:26,12,0,0,EVANS AVE 4100 BLK E & ALBION ST S,1,1,0,0,1,1,,,35,0,0,0,0,1,4,3,13
,2015_30343,0,0,12/16/2015 16:20,16:20,3,0,0,HOLLY ST 1500 BLK S & FLORIDA AVE E,6,2,1,0,1,2,,,30,0,0,0,0,0,4,3,14
,2015_30344,0,0,11/4/2015 9:10,9:10,12,0,0,PARK AVE & 17TH AVE E,1,1,0,0,1,4,,,30,0,0,0,0,1,4,3,16
,2015_30357,39.725451,-105.031902,9/13/2015 11:40,11:40,12,0,0,6TH AVE & 3400 BLK W,1,1,0,0,1,4,,,35,0,0,0,0,0,2,3,13
,2015_30361,39.690017,-104.973363,8/20/2015 9:25,9:25,12,0,0,I-25 & DOWNING ST S,1,1,0,0,1,1,,,55,0,0,0,0,0,1,3,13
,2015_30362,39.722563,-105.010032,10/30/2015 19:58,19:58,12,0,0,I-25 & 6TH AVE W,1,3,0,0,1,4,,,55,0,0,0,0,0,1,4,16
,2015_30363,39.751291,-105.016572,11/3/2015 19:26,19:26,12,0,1,I-25 & 23RD AVE W,1,3,0,7,1,4,,,55,0,0,0,0,2,1,3,16
,2015_30365,39.755141,-105.012706,11/7/2015 10:06,10:06,12,0,0,I-25 & SPEER BLVD N,1,1,0,0,1,4,,,55,0,0,0,0,0,1,3,12
,2015_30366,39.755141,-105.012706,12/18/2015 15:54,15:54,12,0,0,I-25 & SPEER BLVD N,1,1,0,0,1,4,,,55,0,0,0,0,0,1,4,13
,2015_30367,39.760997,-105.004275,10/21/2015 8:09,8:09,12,0,0,I-25 & 20TH ST,2,1,0,1,1,4,,,55,0,0,0,0,0,1,3,1
,2015_30371,39.7112,-105.042019,11/21/2015 21:05,21:05,3,0,1,ALAMEDA AVE W & RALEIGH ST S,1,3,0,0,1,1,,,30,0,0,0,0,3,2,4,13
,2015_30378,39.740027,-105.002953,8/18/2015 16:19,16:19,12,0,0,COLFAX AVE & MARIPOSA ST N,1,1,1,0,1,4,,,30,0,0,0,0,0,2,3,13
,2015_30380,39.783196,-105.007521,10/5/2015 18:01,18:01,12,0,0,I-70 & PECOS ST N,1,2,1,1,1,4,,,55,0,0,0,0,1,1,3,16
,2015_30381,39.7783,-104.903459,8/24/2015 5:30,5:30,12,0,0,I-70 & NORTHFIELD QUEBEC ST,1,2,0,0,1,4,,,55,0,0,0,0,0,1,3,13
,2015_30382,39.775623,-104.865778,12/19/2015 13:17,13:17,15,0,0,I-70 & HAVANA ST N,1,1,0,0,1,4,,,55,0,0,0,0,1,1,3,13
,2015_30387,39.678762,-105.025047,10/24/2015 20:45,20:45,15,0,0,EVANS AVE W & FEDERAL BLVD S,1,3,0,0,1,3,,,35,0,0,0,0,0,2,3,7
,2015_30388,39.678616,-105.025049,10/19/2015 12:20,12:20,12,0,0,FEDERAL BLVD S & EVANS AVE W,1,1,0,0,1,1,,,45,0,0,0,0,0,2,3,13
,2015_30419,39.783356,-105.004445,9/12/2015 2:25,2:25,12,1,0,I-70 & PECOS ST N,1,3,1,0,1,4,,,55,0,0,0,0,4,1,4,14
,2015_30420,0,0,12/17/2015 11:16,11:16,3,0,0,13TH AVE E & ELIZABETH ST N,5,1,0,0,1,1,,,25,0,0,0,0,0,4,3,7
,2015_30421,0,0,11/6/2015 12:21,12:21,12,0,0,23RD AVE W & 2500 BLK,1,1,2,0,1,4,,,30,0,0,0,0,0,4,4,13
,2015_30422,0,0,10/21/2015 16:34,16:34,12,0,0,DOWNING ST & 2000 BLK S,2,2,0,1,1,4,,,30,0,0,0,0,0,4,3,13
,2015_30423,0,0,10/9/2015 10:40,10:40,12,0,0,DOWNING ST 300 BLOCK S & DAKOTA AVE E,1,1,0,0,1,3,,,30,0,0,0,0,0,4,3,13
,2015_30424,0,0,11/6/2015 16:41,16:41,12,0,0,LOWELL BLVD & 4500 BLK N,1,1,1,0,1,4,,,30,0,0,0,0,1,4,3,3
,2015_30425,0,0,12/16/2015 18:11,18:11,3,0,0,19TH ST & ARAPAHOE ST,6,3,0,0,1,1,,,25,0,0,0,0,0,4,3,13
,2015_30427,0,0,9/19/2015 10:39,10:39,12,0,0,UNIVERSITY BLVD S & OHIO AVE E,1,1,0,0,1,4,,,30,0,0,0,0,0,4,3,13
,2015_30437,39.725526,-105.033594,10/30/2015 10:45,10:45,12,0,0,6TH AVE W & KNOX CT N,1,1,0,0,1,4,,,55,0,0,0,0,0,2,4,7
,2015_30438,39.725516,-105.013084,8/5/2015 13:15,13:15,12,0,0,6TH AVE W & FEDERAL BLVD N,1,1,0,0,1,4,,,45,0,0,0,0,0,2,3,13
,2015_30445,39.623866,-104.901444,8/26/2015 16:52,16:52,12,0,0,I-25 & BELLEVIEW AVE E,1,1,0,0,1,4,,,65,0,0,0,0,0,1,3,13
,2015_30446,39.694462,-104.979284,8/24/2015 7:00,7:00,12,0,0,I-25 & WASHINGTON ST S,1,1,0,0,1,4,,,55,0,0,0,0,0,1,3,13
,2015_30447,39.72543,-105.013021,8/12/2015 9:05,9:05,12,0,0,I-25 & 6TH AVE W,1,1,0,0,1,4,,,55,0,0,0,0,1,1,3,13
,2015_30448,39.72543,-105.013021,10/25/2015 11:12,11:12,12,0,0,I-25 & 6TH AVE,1,1,0,0,1,4,,,60,0,0,0,0,0,1,3,3
,2015_30449,39.742182,-105.014789,10/29/2015 7:15,7:15,15,0,0,I-25 & AURARIA PKWY,1,1,0,0,1,4,,,55,0,0,0,0,0,1,3,14
,2015_30450,39.751291,-105.016572,11/13/2015 11:45,11:45,12,0,0,I-25 & 23RD AVE W,1,1,0,0,1,4,,,55,0,0,0,0,0,1,3,3
,2015_30451,39.756166,-105.011285,8/20/2015 16:30,16:30,12,0,0,I-25 & 15TH ST,1,1,0,0,1,4,,,55,0,0,0,0,0,1,3,3
,2015_30452,39.768039,-104.994788,10/25/2015 19:49,19:49,15,0,0,I-25 & PARK AVE WEST,1,3,1,0,1,4,,,55,0,0,0,0,0,1,4,7
,2015_30453,39.653038,-104.872038,12/13/2015 17:29,17:29,1,0,0,HAMPDEN AVE E & FLORENCE AVE E,2,3,0,0,1,1,,,45,0,0,0,0,0,2,3,15
,2015_30461,39.740007,-104.974241,12/1/2015 10:50,10:50,12,0,0,COLFAX AVE 1000 BLK E & OGDEN ST N,1,1,0,0,1,2,,,30,0,0,0,0,1,2,3,3
,2015_30495,0,0,8/17/2015 18:41,18:41,12,0,0,ALAMEDA AVE 800 BLK W & SANTA FE DR S,1,1,1,7,1,3,,,30,0,0,0,0,0,4,3,3
,2015_30496,0,0,9/9/2015 8:40,8:40,12,0,0,EVANS AVE 5000 BLK E & GRAPE ST S,1,1,0,0,1,4,,,35,0,0,0,0,1,4,3,13
,2015_30497,0,0,8/16/2015 17:10,17:10,12,0,0,WASHINGTON ST N & 45TH AVE E,1,1,0,7,1,3,,,35,0,0,0,0,0,4,3,3
,2015_30505,39.652949,-104.940686,10/7/2015 20:04,20:04,12,0,1,HAMPDEN AVE E & COLORADO BLVD S,1,3,0,0,1,1,,,40,0,0,0,0,2,2,3,3
,2015_30506,39.719729,-104.940628,12/3/2015 17:20,17:20,12,0,0,COLORADO BLVD 200 BLK N & 2ND AVE E,1,3,1,0,1,4,,,35,0,0,0,0,0,2,3,12
,2015_30509,39.703195,-104.990177,8/13/2015 17:42,17:42,12,0,0,I-25 SB OFF RAMP GORE PT & BROADWAY ST S,1,1,0,0,1,4,,,55,0,0,0,0,0,1,3,13
,2015_30510,39.71124,-104.998918,12/16/2015 10:50,10:50,15,0,0,I-25 & ALAMEDA AVE W,10,1,0,0,1,4,,,55,0,0,0,0,0,1,3,13
,2015_30511,39.74094,-105.014063,9/30/2015 19:42,19:42,12,0,0,I-25 & COLFAX AVE W,1,3,0,0,1,4,,,55,0,0,0,0,1,1,3,16
,2015_30515,39.739986,-104.96364,10/21/2015 6:20,6:20,14,0,0,COLFAX AVE & RACE ST,2,3,0,1,1,4,,,30,0,0,0,0,0,2,3,13
,2015_30516,39.740073,-104.940412,9/18/2015 15:13,15:13,12,0,0,COLFAX AVE 4000 BLK E & COLORADO BLVD N,1,1,0,0,1,3,,,30,0,0,0,0,0,2,3,13
,2015_30518,39.778341,-104.92238,11/25/2015 14:05,14:05,12,0,0,I-70 & HOLLY ST N,1,1,0,0,1,4,,,55,0,0,0,0,0,1,4,3
,2015_30523,39.834236,-104.746855,11/15/2015 17:18,17:18,4,0,0,PENA BLVD & E-470,1,3,0,0,1,4,,,65,0,0,0,0,0,2,1,16
,2015_30527,39.737975,-105.025273,9/24/2015 11:28,11:28,12,0,0,FEDERAL BLVD 1400 BLK N & 14TH AVE W,1,1,0,0,1,4,,,35,0,0,0,0,0,2,3,14
,2015_30528,39.727529,-105.025127,8/19/2015 10:49,10:49,15,0,0,FEDERAL BLVD N & 7TH AVE W,1,1,0,0,1,1,,,35,0,0,0,0,0,2,3,14
,2015_30533,39.634032,-105.08299,9/24/2015 14:33,14:33,12,0,1,WADSWORTH BLVD & 4700 BLK,1,1,0,0,1,4,,,40,0,0,0,0,2,2,3,3
,2015_30542,39.743958,-105.025215,10/12/2015 15:29,15:29,1,0,1,FEDERAL BLVD N & 17TH AVE W,1,1,1,0,1,1,,,35,0,0,0,0,2,2,3,13
,2015_30543,39.776693,-105.025236,12/16/2015 12:03,12:03,15,0,0,44TH AVE W & FEDERAL BLVD N,2,1,0,0,1,1,,,35,0,0,0,0,0,2,3,1
,2015_30562,0,0,9/17/2015 7:34,7:34,12,0,0,33RD AVE W & IRVING ST N,1,1,0,0,1,1,,,30,0,0,0,0,0,4,3,14
,2015_30563,0,0,11/17/2015 10:00,10:00,3,0,0,40TH AVE N & HAVANA ST E,6,1,0,0,1,1,,,40,0,0,0,0,1,4,3,13
,2015_30564,0,0,8/19/2015 8:45,8:45,14,0,0,HOLLY ST 2100 BLK S & EVANS AVE E,1,1,0,0,1,3,,,30,0,0,0,0,0,4,3,10
,2015_30565,0,0,10/11/2015 18:15,18:15,12,0,0,LINCOLN ST 200 BLK N & 2ND AVE E,1,1,0,0,1,4,,,30,0,0,0,0,0,4,3,3
,2015_30576,39.692997,-104.94055,11/3/2015 13:32,13:32,12,0,0,LOUISIANA AVE E & COLORADO BLVD S,1,1,0,0,1,3,,,30,0,0,0,0,0,2,3,3
,2015_30577,39.733753,-104.940619,8/25/2015 12:15,12:15,12,0,0,COLORADO BLVD N & 11TH AVE E,1,1,0,0,1,4,,,40,0,0,0,0,0,2,3,13
,2015_30582,39.639014,-104.910126,10/15/2015 15:48,15:48,12,0,0,I-25 & MM 200,1,1,0,0,1,4,,,65,0,0,0,0,0,1,3,16
,2015_30583,39.65819,-104.920531,11/23/2015 18:17,18:17,12,0,0,I-25 & HAMPDEN AVE E,1,3,0,0,1,4,,,60,0,0,0,0,1,1,3,3
,2015_30584,39.717423,-105.003826,11/5/2015 22:00,22:00,15,0,0,I-25 & 6TH AVE W,1,3,0,0,1,4,,,55,0,0,0,0,0,1,3,16
,2015_30585,39.760997,-105.004275,12/27/2015 15:37,15:37,12,0,0,I-25 & 20TH ST,1,1,0,0,1,4,,,55,0,0,0,0,0,1,4,13
,2015_30587,39.653086,-104.911234,9/15/2015 14:41,14:41,12,0,0,HAMPDEN AVE 6500 BLK E & MONACO PKWY S,1,1,0,0,1,4,,,40,0,0,0,0,0,2,5,3
,2015_30597,39.740144,-104.948426,11/10/2015 8:36,8:36,12,0,0,COLFAX AVE E & ADAMS ST N (RD S),1,1,0,0,1,1,,,35,0,0,0,0,0,2,3,3
,2015_30601,39.774005,-104.847034,9/3/2015 11:45,11:45,15,0,0,I-70 & PEORIA ST N,1,1,0,0,1,4,,,55,0,0,0,0,0,1,3,7
,2015_30602,39.773392,-104.839897,9/24/2015 6:00,6:00,12,0,0,I-70 & CROWN BLVD N (NOT IN,1,2,0,0,1,4,,,55,0,0,0,0,0,1,3,7
,2015_30605,39.707299,-104.922044,9/5/2015 11:31,11:31,12,0,0,LEETSDALE DR 5600 BLK E & HOLLY ST S,1,1,0,0,1,3,,,30,0,0,0,0,0,2,3,13
,2015_30606,39.708032,-104.926289,9/2/2015 8:59,8:59,12,0,0,LEETSDALE DR & 5200 BLK,1,1,0,0,1,1,,,35,0,0,0,0,1,2,3,3
,2015_30607,39.708468,-104.928684,8/17/2015 15:30,15:30,12,0,0,LEETSDALE DR & FOREST ST S,1,1,0,0,1,4,,,30,0,0,0,0,0,2,3,13
,2015_30608,39.709425,-105.025076,11/3/2015 14:40,14:40,15,0,1,FEDERAL BLVD S & DAKOTA AVE W,1,1,1,0,1,4,,,30,0,0,0,0,2,2,3,5
,2015_30609,39.69848,-105.025066,12/30/2015 12:19,12:19,12,0,0,FEDERAL BLVD S & TENNESSEE AVE W,1,1,0,0,1,4,,,40,0,0,0,0,0,2,3,3
,2015_30610,39.69705,-105.025062,11/24/2015 13:00,13:00,12,0,0,FEDERAL BLVD S & MISSISSIPPI AVE W,1,1,0,0,1,2,,,40,0,0,0,0,0,2,3,7
,2015_30642,0,0,11/30/2015 8:00,8:00,3,0,0,17TH AVE E & NEWPORT ST N,4,1,0,0,1,1,,,30,0,0,0,0,1,4,3,7
,2015_30643,0,0,12/15/2015 15:39,15:39,3,0,0,38TH AVE E & MONACO PKWY N,4,1,0,0,1,1,,,25,0,0,0,0,0,4,3,13
,2015_30644,0,0,8/25/2015 8:04,8:04,12,0,0,44TH AVE W & GROVE ST N,1,1,0,0,1,1,,,35,0,0,0,0,0,4,3,14
,2015_30645,0,0,10/29/2015 17:45,17:45,12,0,0,BROADWAY 1100 BLK S & MISSISSIPPI AVE E,1,2,0,0,1,4,,,35,0,0,0,0,0,4,3,3
,2015_30646,0,0,8/25/2015 16:23,16:23,12,0,0,MLK BLVD & HUDSON ST N,1,1,0,0,1,1,,,35,0,0,0,0,0,4,3,13
,2015_30647,0,0,12/18/2015 14:56,14:56,1,0,0,MISSISSIPPI AVE W & TEJON ST S,12,1,0,0,1,1,,,20,0,0,0,0,1,4,3,13
,2015_30648,0,0,12/3/2015 10:26,10:26,15,0,0,SPEER BLVD 700 BLK N & 7TH AVE W,1,1,0,0,1,4,,,35,0,0,0,0,0,4,3,13
,2015_30663,39.626549,-104.902989,10/19/2015 9:02,9:02,12,0,0,I-25 & MM199,1,1,0,0,1,4,,,55,0,0,0,0,0,1,3,16
,2015_30664,39.678363,-104.933558,9/21/2015 15:41,15:41,12,0,0,I-25 & EVANS AVE E,1,1,0,0,1,4,,,60,0,0,0,0,0,1,3,16
,2015_30666,39.755141,-105.012706,10/3/2015 15:13,15:13,12,0,0,I-25 & SPEER BLVD N,1,1,0,0,1,4,,,55,0,0,0,0,1,1,3,16
,2015_30672,39.740079,-104.903501,11/26/2015 18:50,18:50,3,0,0,COLFAX AVE E & QUEBEC ST N,5,3,0,2,1,1,,,35,0,0,0,0,1,2,3,16
,2015_30673,39.783246,-105.008064,6/27/2015 21:49,21:49,12,0,0,I-70 & PECOS ST N,1,3,1,0,1,4,,,55,0,0,0,0,0,1,4,13
,2015_30674,39.779895,-104.967089,8/19/2015 18:27,18:27,12,0,0,I-70 & BRIGHTON BLVD N,1,1,0,0,1,4,,,55,0,0,0,0,0,1,3,13
,2015_30675,39.780014,-104.959201,11/17/2015 17:30,17:30,12,0,0,I-70 & YORK ST N,1,2,0,0,1,4,,,55,0,0,0,0,0,1,3,16
,2015_30684,39.740394,-105.025313,9/3/2015 22:43,22:43,15,0,0,FEDERAL BLVD N & COLFAX AVE W,1,3,0,0,1,4,,,35,0,0,0,0,0,2,3,14
,2015_30685,39.696449,-105.025063,10/22/2015 17:25,17:25,3,0,0,FEDERAL BLVD 1100 BLK S & MISSISSIPPI AVE W,2,1,0,1,1,2,,,40,0,0,0,0,0,2,3,13
,2015_30694,39.776947,-104.881674,11/16/2015 6:42,6:42,12,0,0,I-270 EB DIRECT CONNECT & I-70,1,1,1,0,1,4,,,55,0,0,0,0,0,1,3,1
,2015_30711,0,0,8/18/2015 18:43,18:43,12,0,0,17TH AVE E & DETROIT ST N,1,1,0,7,1,4,,,30,0,0,0,0,0,4,4,16
,2015_30712,0,0,9/19/2015 17:45,17:45,12,0,0,ALAMEDA AVE W & BANNOCK ST S,1,2,1,0,1,3,,,30,0,0,0,0,0,4,5,12
,2015_30713,0,0,11/24/2015 14:50,14:50,6,0,0,BROADWAY S & ALAMEDA AVE E,1,1,0,0,1,4,,,30,0,0,0,0,0,4,3,14
,2015_30714,0,0,12/4/2015 7:12,7:12,12,0,0,BROADWAY ST S & MEXICO AVE E,1,1,0,0,1,1,,,35,0,0,0,0,0,4,3,13
,2015_30715,0,0,9/8/2015 12:45,12:45,12,0,0,EVANS AVE 6600 BLK E & MONACO PKWY S,1,1,0,0,1,4,,,35,0,0,0,0,0,4,3,1
,2015_30716,0,0,9/24/2015 17:44,17:44,12,0,0,20TH ST 1900 BLK & CHESTNUT PL,1,1,1,0,1,3,,,30,0,0,0,0,1,4,3,1
,2015_30717,0,0,10/16/2015 18:35,18:35,12,0,0,20TH ST & CHESTNUT ST,1,2,1,0,1,1,,,30,0,0,0,0,0,4,3,13
,2015_30718,0,0,12/27/2015 2:09,2:09,12,0,0,20TH ST & CHESTNUT PL,1,3,0,0,1,1,,,35,0,0,0,0,0,4,3,14
,2015_30719,0,0,9/2/2015 16:03,16:03,12,0,0,YALE AVE 5300 BLK E & I-25 SB ON RAMP,1,1,0,0,1,3,,,30,0,0,0,0,1,4,3,3
,2015_30728,39.725655,-105.053326,9/22/2015 6:26,6:26,12,0,0,6TH AVE W & SHERIDAN BLVD N,1,1,0,0,1,4,,,55,0,0,0,0,0,2,3,1
,2015_30729,39.72542,-105.025174,10/29/2015 7:59,7:59,12,0,0,6TH AVE W & FEDERAL BLVD N,1,1,0,0,1,4,,,45,0,0,0,0,1,2,3,12
,2015_30733,39.66762,-104.92561,12/10/2015 6:45,6:45,12,0,0,I-25 & YALE AVE W,1,2,0,0,1,4,,,65,0,0,0,0,0,1,3,1
,2015_30734,39.675743,-104.931279,10/16/2015 6:50,6:50,12,0,0,I-25 & EVANS AVE E,1,2,0,0,1,4,,,65,0,0,0,0,0,1,4,16
,2015_30735,39.783989,-104.989144,9/16/2015 6:25,6:25,12,0,0,I-25 & 48TH AVE W,1,1,0,0,1,4,,,55,0,0,0,0,0,1,3,7
,2015_30739,39.711187,-105.039623,12/7/2015 17:04,17:04,1,0,0,ALAMEDA AVE W & PERRY ST S,1,1,0,0,1,1,,,40,0,0,0,0,0,2,3,8
,2015_30740,39.711133,-105.014295,12/14/2015 8:09,8:09,12,0,0,ALAMEDA AVE 2200 BLK W & YUMA ST S,5,1,0,0,1,4,,,35,0,0,0,0,0,2,4,7
,2015_30749,39.780003,-104.95136,12/7/2015 11:45,11:45,12,0,0,I-70 & MM 276,1,1,0,0,1,1,,,55,0,0,0,0,0,1,3,13
,2015_30750,39.779993,-104.948665,11/3/2015 8:50,8:50,12,0,0,I-70 & ADAMS ST N,1,1,0,0,1,4,,,55,0,0,0,0,0,1,3,16
,2015_30751,39.775714,-104.866834,8/19/2015 9:44,9:44,12,0,0,I-70 & HAVANA ST N,1,1,0,1,1,4,,,55,0,0,0,0,0,1,3,13
,2015_30758,0,0,12/18/2015 15:50,15:50,12,0,0,9TH AVE E & CORONA ST N,5,1,0,0,1,4,,,30,0,0,0,0,0,4,2,13
,2015_30759,39.670869,-104.865949,9/9/2015 16:05,16:05,1,0,0,PARKER RD S & HAVANA ST S,1,1,0,0,1,1,,,45,0,0,0,0,0,2,3,13