id,drcog_id,latitude,longitude,crashtime,time,crashtype,numbkilled,numbinjurd,drcoglocat,rdconditin,lightngcon,roadcntgrd,weatherco,location,roaddescrp,schoolzone,constrzone,splimit,bikeinv,pedinv,sctrinv,motoinv,svrty,rdsystem,ttlvehcls,hcf
,2015_30761,39.691794,-105.025045,9/9/2015 12:00,12:00,12,0,1,FEDERAL BLVD S & ARKANSAS AVE W,1,1,0,0,1,2,,,40,0,0,0,0,2,2,3,6
,2015_30770,39.776939,-104.881561,9/30/2015 15:28,15:28,12,0,0,I-270 EB DIRECT CONNECT & I-70,1,1,0,0,1,4,,,45,0,0,0,0,1,1,3,16
,2015_30788,0,0,9/7/2015 17:20,17:20,3,0,0,8TH AVE W & SANTA FE DR N,1,1,0,0,1,1,,,30,0,0,0,0,0,4,3,3
,2015_30789,0,0,10/25/2015 15:39,15:39,12,0,0,BUCHTEL BLVD 3100 BLK E & ST PAUL ST S,1,1,0,0,1,3,,,30,0,0,0,0,0,4,3,3
,2015_30790,0,0,8/17/2015 7:50,7:50,3,0,0,HIGH ST N & 17TH AVE E,1,1,0,7,1,1,,,30,0,0,0,0,0,4,3,16
,2015_30798,39.717824,-104.940628,11/20/2015 12:01,12:01,12,0,0,COLORADO BLVD N & 1ST AVE E,1,1,1,0,1,4,,,30,0,0,0,0,0,2,3,16
,2015_30799,39.740086,-104.940612,10/26/2015 13:52,13:52,12,0,0,COLFAX AVE E & COLORADO BLVD N,1,1,0,0,1,4,,,30,0,0,0,0,0,2,3,16
,2015_30800,39.72542,-105.025174,12/10/2015 15:27,15:27,12,0,0,6TH AVE W & SHERIDAN BLVD N,1,1,0,0,1,4,,,55,0,0,0,0,0,2,3,13
,2015_30802,39.71124,-104.998918,12/3/2015 17:23,17:23,12,0,0,I-25 & ALAMEDA AVE W,1,4,0,0,1,4,,,55,0,0,0,0,0,1,3,3
,2015_30803,39.755141,-105.012706,9/16/2015 8:37,8:37,12,0,0,I-25 & SPEER BLVD N,1,1,0,0,1,4,,,55,0,0,0,0,0,1,3,1
,2015_30809,39.777546,-104.903402,11/10/2015 7:48,7:48,12,0,0,QUEBEC ST & I-70 EB ON RAMPS,1,1,0,0,1,1,,,45,0,0,0,0,0,2,3,13
,2015_30814,39.740028,-105.002765,8/25/2015 12:15,12:15,12,0,0,COLFAX AVE W & MARIPOSA ST,1,1,0,0,1,1,,,35,0,0,0,0,1,2,3,14
,2015_30818,39.779936,-104.98866,9/9/2015 16:59,16:59,12,0,0,I-70 WB ON LOOP RAMP FROM & I-25 NB,1,5,0,0,1,8,,,55,0,0,0,0,0,1,3,13
,2015_30822,39.720117,-105.02519,10/29/2015 17:40,17:40,12,0,0,FEDERAL BLVD N & 2ND AVE W,1,1,0,0,1,4,,,,0,0,0,0,1,2,3,13
,2015_30823,39.682271,-105.025016,8/24/2015 18:10,18:10,12,0,0,FEDERAL BLVD S & JEWELL AVE W,1,1,1,0,1,1,,,40,0,0,0,0,0,2,3,12
,2015_30851,0,0,10/11/2015 16:25,16:25,3,1,1,7TH AVE E & JOSEPHINE ST N,1,1,0,0,1,1,,,30,0,0,0,0,4,4,3,1
,2015_30852,0,0,9/16/2015 18:15,18:15,3,0,0,8TH AVE W & SANTA FE DR N,1,1,0,0,1,1,,,35,0,0,0,0,0,4,3,13
,2015_30853,0,0,10/23/2015 16:11,16:11,8,0,0,45TH AVE 11700 BLK E & KINGSTON ST N,1,1,1,0,1,4,,,25,0,0,0,0,0,4,3,1
,2015_30854,0,0,12/8/2015 17:33,17:33,12,0,1,ALAMEDA AVE 100 BLK W & CHEROKEE ST S,1,3,0,0,1,4,,,30,0,0,0,0,2,4,4,1
,2015_30855,0,0,8/19/2015 17:00,17:00,12,0,0,PARK AVE W & LARIMER ST,1,1,0,7,1,1,,,35,0,0,0,0,0,4,3,16
,2015_30856,0,0,10/6/2015 16:42,16:42,12,0,0,14TH ST & MARKET ST,2,1,0,1,1,1,,,25,0,0,0,0,0,4,3,14
,2015_30857,0,0,12/22/2015 16:17,16:17,12,0,0,SANTA FE DR & 1200 BLK N,1,2,1,0,1,4,,,30,0,0,0,0,1,4,3,13
,2015_30858,0,0,11/2/2015 17:36,17:36,12,0,0,YOSEMITE ST N & 19TH AVE E,1,3,0,0,1,4,,,30,0,0,0,0,0,4,3,16
,2015_30867,39.685316,-104.940546,11/5/2015 14:31,14:31,12,0,0,COLORADO BLVD S & MEXICO AVE E,1,1,0,0,1,1,,,40,0,0,0,0,1,2,3,13
,2015_30868,39.733928,-104.940619,9/21/2015 11:16,11:16,12,0,0,COLORADO BLVD 1100 BLK N & 11TH AVE E,1,1,0,0,1,4,,,35,0,0,0,0,1,2,3,13
,2015_30879,39.634235,-104.90683,8/28/2015 17:40,17:40,12,0,0,I-25 & I-225 FLYOVER,1,1,0,0,1,4,,,65,0,0,0,0,0,1,3,3
,2015_30880,39.751291,-105.016572,12/11/2015 10:04,10:04,12,0,0,I-25 & 23RD AVE W,1,1,0,0,1,4,,,55,0,0,0,0,0,1,3,8
,2015_30882,39.711133,-105.014295,9/11/2015 16:20,16:20,12,0,0,ALAMEDA AVE W & YUMA ST S,1,2,1,0,1,4,,,35,0,0,0,0,0,2,4,1
,2015_30889,39.780083,-104.989627,10/30/2015 10:55,10:55,12,0,0,I-70 WB OFF LOOP RAMP TO & SB I-25 INTERCHANGE,1,1,0,0,1,8,,,55,0,0,0,0,1,1,3,7
,2015_30891,39.696295,-104.897378,10/3/2015 18:12,18:12,1,0,2,PARKER RD 1000 BLK S & MISSISSIPPI AVE E,1,3,1,0,1,3,,,35,0,0,0,0,3,2,4,5
,2015_30896,39.719981,-105.02519,11/5/2015 17:36,17:36,12,0,0,FEDERAL BLVD N & 2ND AVE W,1,2,0,0,1,3,,,35,0,0,0,0,0,2,4,7
,2015_30906,39.635523,-104.89346,7/12/2015 14:59,14:59,12,0,0,I-225 & S TAMARAC ST,1,1,0,0,1,4,,,55,0,0,0,0,1,1,3,7
,2015_30908,39.652991,-104.928241,9/8/2015 16:33,16:33,12,0,0,HAMPDEN AVE E & FAIRFAX ST S,1,1,0,0,1,1,,,40,0,0,0,0,1,2,3,13
,2015_30926,0,0,9/22/2015 19:48,19:48,12,0,0,17TH AVE E & KEARNEY ST N,1,3,0,0,1,1,,,30,0,0,0,0,0,4,3,13
,2015_30927,0,0,9/17/2015 11:20,11:20,3,0,0,LAWRENCE ST & 22ND ST,1,1,0,0,1,1,,,30,0,0,0,0,0,4,3,13
,2015_30928,0,0,9/13/2015 13:25,13:25,12,0,0,LINCOLN ST N & 2ND AVE E,1,1,0,0,1,1,,,30,0,0,0,0,0,4,3,13
,2015_30929,0,0,9/8/2015 14:19,14:19,12,0,1,QUEBEC ST & 500 BLK S,1,1,0,0,1,4,,,35,0,0,0,0,2,4,4,3
,2015_30937,39.691372,-104.94055,11/10/2015 12:55,12:55,12,0,0,COLORADO BLVD S & ARKANSAS AVE E,1,1,1,0,1,4,,,35,0,0,0,0,0,2,3,13
,2015_30938,39.733666,-104.94062,9/12/2015 13:08,13:08,12,0,0,11TH AVE E & COLORADO BLVD N,1,5,0,0,1,1,,,40,0,0,0,0,0,2,4,13
,2015_30940,39.725414,-105.023982,9/24/2015 18:50,18:50,12,0,0,6TH AVE W & FEDERAL BLVD N,1,3,1,0,1,4,,,45,0,0,0,0,0,2,3,13
,2015_30941,39.721072,-105.008211,12/2/2015 9:15,9:15,12,0,0,I-25 & 3RD AVE W,1,1,0,0,1,4,,,55,0,0,0,0,0,1,4,1
,2015_30942,39.72543,-105.013021,11/7/2015 18:13,18:13,15,0,0,I-25 & 6TH AVE W,1,3,0,0,1,4,,,55,0,0,0,0,1,1,3,16
,2015_30943,39.72543,-105.013021,12/9/2015 9:44,9:44,12,0,1,I-25 & 6TH AVE W,1,1,1,0,1,4,,,55,0,0,0,0,2,1,5,16
,2015_30944,39.76081,-105.004565,11/8/2015 18:08,18:08,12,0,0,I-25 & 20TH ST,1,3,0,0,1,4,,,55,0,0,0,0,0,1,3,3
,2015_30946,0,0,8/4/2015 11:54,11:54,15,0,0,SANTA FE DR 600 BLK N & 6TH AVE W,1,1,0,0,1,1,,,35,0,0,0,0,0,4,2,14
,2015_30947,39.653024,-104.879264,12/9/2015 10:40,10:40,12,0,0,HAMPDEN AVE 9400 BLK E & AKRON ST S,1,1,1,0,1,4,,,45,0,0,0,0,1,2,3,3
,2015_30948,39.661708,-104.866264,9/8/2015 21:27,21:27,12,0,0,HAVANA ST S & CORNELL AVE E,1,1,0,0,1,4,,,35,0,0,0,0,0,2,3,8
,2015_30949,39.740072,-105.005035,11/15/2015 2:00,2:00,12,0,0,COLFAX AVE 1300 BLK W & OSAGE ST N,1,3,0,0,1,4,,,30,0,0,0,0,1,2,3,5
,2015_30950,39.740028,-105.002765,9/25/2015 12:46,12:46,12,0,1,COLFAX AVE W & MARIPOSA ST N,1,1,0,0,1,1,,,35,0,0,0,0,2,2,3,14
,2015_30951,39.740053,-104.984901,9/11/2015 12:20,12:20,12,0,0,COLFAX AVE E & SHERMAN ST N,1,1,0,0,1,1,,,30,0,0,0,0,0,2,3,13
,2015_30954,39.7783,-104.903459,10/5/2015 17:35,17:35,12,0,0,I-70 & QUEBEC ST,1,2,3,0,1,4,,,55,0,0,0,0,0,1,3,14
,2015_30957,39.673795,-104.869545,11/5/2015 15:28,15:28,12,0,0,PARKER RD S & ILIFF AVE E,1,1,1,0,1,4,,,45,0,0,0,0,1,2,3,16
,2015_30958,39.698982,-104.904603,11/20/2015 22:35,22:35,12,0,0,PARKER RD S & QUEBEC ST,5,3,1,2,1,4,,,35,0,0,0,0,0,2,3,14
,2015_30960,39.678438,-104.993322,12/14/2015 17:44,17:44,15,0,0,SANTA FE DR S & EVANS AVE W,1,3,0,0,1,1,,,55,0,0,0,0,1,2,3,13
,2015_30961,39.689251,-105.025057,12/7/2015 15:36,15:36,12,0,0,FEDERAL BLVD S & FLORIDA AVE W,1,1,0,0,1,3,,,40,0,0,0,0,0,2,3,8
,2015_30971,39.636965,-104.889824,11/7/2015 16:44,16:44,15,0,0,I-225 & MM 1,1,1,0,0,1,4,,,65,0,0,0,0,0,1,3,1
,2015_30994,0,0,8/31/2015 19:09,19:09,12,0,0,6TH AVE 600 BLK E & WASHINGTON ST N,1,1,0,0,1,4,,,30,0,0,0,0,0,4,5,13
,2015_30995,0,0,8/22/2015 13:35,13:35,12,0,0,9TH AVE W & SANTA FE DR N,1,1,0,7,1,4,,,25,0,0,0,0,0,4,3,16
,2015_30996,0,0,10/11/2015 13:00,13:00,12,0,0,19TH AVE E & QUEBEC ST N,1,1,0,0,1,1,,,30,0,0,0,0,0,4,3,13
,2015_30997,0,0,9/24/2015 0:00,0:00,3,0,0,36TH AVE E & QUEBEC ST N,1,1,0,0,1,1,,,35,0,0,0,0,0,4,3,13
,2015_30998,0,0,12/12/2015 20:10,20:10,10,0,0,38TH AVE W & KALAMATH ST N,2,3,0,0,1,1,,,35,0,0,0,0,1,4,3,8
,2015_30999,0,0,10/2/2015 12:59,12:59,12,0,1,ALAMEDA AVE E & JACKSON ST S,1,1,0,0,1,4,,,35,0,0,0,0,2,4,4,14
,2015_31000,0,0,10/14/2015 6:31,6:31,12,0,0,EVANS AVE 5100 BLK E & GRAPE ST S,1,3,0,0,1,4,,,30,0,0,0,0,0,4,3,1
,2015_31001,0,0,8/11/2015 17:25,17:25,12,0,0,EVANS AVE 6400 BLK E & MONACO PKWY S,2,1,0,1,1,4,,,30,0,0,0,0,0,4,4,13
,2015_31002,0,0,8/23/2015 11:20,11:20,12,0,1,KALAMATH ST 1300 BLK N & 14TH AVE W,1,1,0,7,1,4,,,30,0,0,0,0,3,4,3,7
,2015_31003,0,0,12/17/2015 21:30,21:30,12,0,0,PEORIA ST 4600 BLK N & ALBROOK DR N,2,3,0,0,1,4,,,35,0,0,0,0,1,4,3,5
,2015_31004,0,0,10/14/2015 7:38,7:38,12,0,0,QUEBEC ST N & 1330 BLK N,1,1,0,0,1,4,,,30,0,0,0,0,0,4,3,13
,2015_31005,0,0,11/17/2015 7:20,7:20,15,0,0,QUEBEC ST N & 2000 BLK,6,1,0,0,1,4,,,30,0,0,0,0,0,4,3,13
,2015_31006,0,0,12/19/2015 2:24,2:24,3,0,0,15TH ST & MARKET ST,1,3,1,0,1,1,,,35,0,0,0,0,0,4,3,5
,2015_31017,39.720471,-104.940629,10/30/2015 12:30,12:30,12,0,0,COLORADO BLVD 200 BLK N & 3RD AVE E,1,1,0,0,1,4,,,35,0,0,0,0,0,2,3,1
,2015_31018,39.758322,-104.940525,10/28/2015 18:28,18:28,1,0,1,COLORADO BLVD N & 29TH AVE E,1,3,0,0,1,1,,,35,0,0,0,0,3,2,3,14
,2015_31019,39.725548,-105.034905,9/5/2015 11:41,11:41,12,0,0,6TH AVE & 3500 BLK W,1,1,0,0,1,4,,,45,0,0,0,0,1,2,4,13
,2015_31025,39.690017,-104.973363,5/13/2015 17:44,17:44,12,0,0,DOWNING ST S & I-25,1,1,1,0,1,4,,,30,0,0,0,0,0,1,4,3
,2015_31026,39.72301,-105.010662,12/18/2015 7:45,7:45,12,0,0,I-25 & 6TH AVE NB RAMP ENT P,1,1,1,7,1,4,,,55,0,0,0,0,0,1,4,1
,2015_31027,39.751291,-105.016572,10/21/2015 17:55,17:55,12,0,0,I-25 & 23RD AVE W,2,3,0,1,1,4,,,55,0,0,0,0,0,1,3,16
,2015_31028,39.751291,-105.016572,10/28/2015 19:40,19:40,12,0,0,I-25 & 23RD AVE W,1,3,0,0,1,4,,,55,0,0,0,0,0,1,3,3
,2015_31038,39.740356,-105.052111,11/21/2015 12:25,12:25,12,0,0,COLFAX AVE W & ZENOBIA ST N,5,1,0,0,1,3,,,35,0,0,0,0,0,2,3,16
,2015_31039,39.740141,-104.947098,10/27/2015 13:23,13:23,12,0,0,COLFAX AVE E & COOK ST N (RD S),1,1,0,0,1,4,,,30,0,0,0,0,0,2,3,3
,2015_31043,39.784221,-105.025096,9/9/2015 7:39,7:39,12,0,0,I-70 & FEDERAL BLVD N,1,1,0,0,1,4,,,55,0,0,0,0,0,1,3,1
,2015_31044,39.775623,-104.865778,11/1/2015 1:19,1:19,12,0,0,I-70 & HAVANA ST N,1,3,0,0,1,4,,,55,0,0,0,0,0,1,4,7
,2015_31048,39.674737,-104.870699,12/13/2015 0:30,0:30,3,0,0,ILIFF AVE E & PARKER RD S,2,3,0,0,1,1,,,35,0,0,0,0,0,2,3,7
,2015_31054,0,0,10/23/2015 20:10,20:10,6,0,0,18TH AVE & 800 BLK E,1,3,0,7,1,4,,,35,0,0,0,0,0,4,2,16
,2015_31060,39.652987,-104.931719,9/12/2015 12:15,12:15,1,0,0,HAMPDEN AVE E & DAHLIA ST S,1,1,1,0,1,1,,,40,0,0,0,0,1,2,4,3
,2015_31079,0,0,11/2/2015 8:50,8:50,15,0,0,14TH AVE W & CHEROKEE ST N,1,1,0,1,1,4,,,30,0,0,0,0,0,4,3,1
,2015_31080,0,0,8/16/2015 14:11,14:11,12,0,0,DOWNING ST S & JEWELL AVE E,1,1,0,7,1,4,,,35,0,0,0,0,0,4,3,3
,2015_31081,0,0,11/3/2015 7:42,7:42,12,0,0,EVANS AVE E & GRAPE ST S,1,1,0,0,1,4,,,30,0,0,0,0,0,4,3,1
,2015_31082,0,0,9/4/2015 19:33,19:33,12,0,1,GVR BLVD E & MEMPHIS ST N,1,3,0,0,1,1,,,40,0,0,0,0,2,4,3,7
,2015_31083,0,0,12/1/2015 17:45,17:45,12,0,0,HOLLY ST 400 BLK S & DAKOTA AVE W,1,3,1,0,1,4,,,30,0,0,0,0,0,4,3,13
,2015_31084,0,0,11/29/2015 7:33,7:33,3,0,0,LOGAN ST N & 18TH AVE E,1,1,0,0,1,1,,,30,0,0,0,0,1,4,3,13
,2015_31085,0,0,10/28/2015 17:47,17:47,12,0,0,LOGAN ST S & MEXICO AVE E,1,2,0,0,1,1,,,30,0,0,0,0,0,4,3,3
,2015_31093,39.682488,-104.940401,11/19/2015 16:12,16:12,12,0,0,COLORADO BLVD S & I-25 SB ON RAMP ENT P,1,1,1,0,1,4,,,30,0,0,0,0,1,2,3,3
,2015_31094,39.761878,-104.940511,12/21/2015 12:16,12:16,12,0,0,MARTIN LUTHER KING JR BLV & COLORADO BLVD N,1,1,0,0,1,1,,,35,0,0,0,0,1,2,3,13
,2015_31095,39.76452,-104.940501,11/23/2015 7:59,7:59,1,0,0,COLORADO BLVD N & BRUCE RANDOLPH AVE E,1,1,0,0,1,1,,,35,0,0,0,0,1,2,3,13
,2015_31099,39.729334,-105.014821,11/5/2015 7:55,7:55,12,0,0,I-25 & 8TH AVE W,2,1,1,1,1,4,,,55,0,0,0,0,0,1,3,1
,2015_31100,39.732439,-105.015585,11/10/2015 8:10,8:10,12,0,0,I-25 & 10TH AVE (NOT IN TCORIS),1,1,0,0,1,4,,,55,0,0,0,0,0,1,3,16
,2015_31101,39.755141,-105.012706,10/29/2015 0:31,0:31,15,0,0,I-25 & SPEER BLVD N,1,3,0,0,1,4,,,55,0,0,0,0,0,1,3,16
,2015_31102,39.760997,-105.004275,8/19/2015 15:24,15:24,12,0,0,I-25 & 20TH ST,1,1,1,0,1,4,,,55,0,0,0,0,1,1,3,16
,2015_31103,39.760997,-105.004275,11/12/2015 14:22,14:22,12,0,0,I-25 & 20TH ST,1,1,0,0,1,4,,,55,0,0,0,0,0,1,3,3
,2015_31104,39.653052,-104.871771,8/18/2015 7:50,7:50,12,0,0,HAMPDEN AVE 10000 BLK E & FLORENCE ST S,1,1,0,0,1,3,,,45,0,0,0,0,1,2,3,13
,2015_31105,39.653056,-104.871483,9/22/2015 8:00,8:00,12,0,0,HAMPDEN AVE 10000 BLK E & FLORENCE ST S,1,1,0,0,1,3,,,45,0,0,0,0,0,2,3,1
,2015_31108,39.740132,-104.944125,12/3/2015 8:24,8:24,12,0,0,COLFAX AVE E & GARFIELD ST N,1,1,0,0,1,1,,,30,0,0,0,0,1,2,3,3
,2015_31109,39.74008,-104.911805,8/10/2015 18:39,18:39,12,0,2,COLFAX AVE E & MONACO PKWY N,1,1,0,0,1,4,,,35,0,0,0,0,3,2,5,14
,2015_31114,39.780052,-104.989434,9/29/2015 8:07,8:07,12,0,0,I-70 & I-25,1,1,0,0,1,4,,,55,0,0,0,0,0,1,3,13
,2015_31115,39.778287,-104.912805,11/18/2015 9:15,9:15,5,0,0,I-70 & MONACO ST N,1,1,0,0,2,4,,,55,0,0,0,0,1,1,4,1
,2015_31116,39.773607,-104.84234,12/18/2015 7:29,7:29,12,0,0,I-70 WB ON RAMP FROM & I-225,1,1,0,0,1,8,,,55,0,0,0,0,1,1,3,13
,2015_31148,0,0,11/4/2015 17:24,17:24,3,0,0,COOK ST N & 1ST AVE E,1,2,0,0,1,1,,,25,0,0,0,0,1,4,3,3
,2015_31149,0,0,9/10/2015 9:38,9:38,12,0,0,DOWNING ST 2700 BLK S & YALE AVE E,1,1,0,0,1,3,,,30,0,0,0,0,0,4,3,3
,2015_31150,0,0,12/11/2015 8:38,8:38,15,0,0,SPEER BLVD N & CHAMPA ST,1,1,0,0,1,1,,,35,0,0,0,0,0,4,3,14
,2015_31151,0,0,8/25/2015 14:22,14:22,12,0,0,UNIVERSITY BLVD 2000 BLK & EVANS AVE E,1,1,0,0,1,1,,,35,0,0,0,0,1,4,3,7
,2015_31155,39.708635,-104.940626,11/10/2015 17:58,17:58,12,0,0,COLORADO BLVD S & VIRGINIA AVE E,1,3,0,0,1,4,,,40,0,0,0,0,1,2,3,3
,2015_31161,39.683307,-104.941372,10/1/2015 18:04,18:04,12,0,0,I-25 & COLORADO BLVD S,1,1,0,0,1,4,,,60,0,0,0,0,0,1,3,16
,2015_31162,39.760997,-105.004275,10/14/2015 17:49,17:49,12,0,0,I-25 & 20TH ST,1,2,0,0,1,4,,,55,0,0,0,0,0,1,3,14
,2015_31165,39.740002,-104.987332,11/8/2015 12:20,12:20,12,0,0,COLFAX AVE E & BROADWAY ST N,1,1,0,0,1,4,,,25,0,0,0,0,1,2,3,3
,2015_31177,39.698627,-105.025068,12/17/2015 12:13,12:13,12,0,0,FEDERAL BLVD S & TENNESSEE AVE W,2,1,0,0,1,1,,,40,0,0,0,0,0,2,3,1
,2015_31194,39.652973,-104.938507,10/29/2015 14:48,14:48,12,0,0,HAMPDEN AVE E & ASH ST S,1,1,1,0,1,1,,,35,0,0,0,0,0,2,3,3
,2015_31212,0,0,12/5/2015 18:36,18:36,12,0,0,ALAMEDA AVE 5000 BLK E & ELM ST S,1,4,1,0,1,4,,,35,0,0,0,0,1,4,3,13
,2015_31213,0,0,8/22/2015 12:49,12:49,12,0,0,ALAMEDA AVE E & QUEBEC ST S,1,1,0,7,1,4,,,35,0,0,0,0,0,4,3,3
,2015_31214,0,0,11/23/2015 15:18,15:18,3,0,0,BANNOCK ST N & SPEER BLVD N,1,1,1,0,1,1,,,30,0,0,0,0,1,4,3,16
,2015_31215,0,0,8/20/2015 16:30,16:30,12,0,0,CENTRAL ST & 19TH ST,1,1,0,7,1,4,,,30,0,0,0,0,0,4,3,16
,2015_31216,0,0,8/28/2015 7:59,7:59,12,0,0,EVANS AVE 6300 BLK E & LEYDEN ST S,1,1,0,0,1,4,,,35,0,0,0,0,0,4,4,3
,2015_31217,0,0,11/11/2015 13:55,13:55,12,0,0,TOWER RD 4100 BLK N & 43RD AVE E,1,1,0,0,1,4,,,40,0,0,0,0,0,4,3,13
,2015_31218,0,0,11/4/2015 18:34,18:34,12,0,0,UNIVERSITY BLVD N & 1ST AVE E,2,3,0,1,1,4,,,30,0,0,0,0,0,4,3,16
,2015_31219,0,0,8/17/2015 9:00,9:00,12,0,0,UNIVERSITY BLVD S & WARREN AVE E,1,1,0,7,1,3,,,30,0,0,0,0,0,4,3,16
,2015_31220,0,0,12/9/2015 17:52,17:52,12,0,1,YALE AVE 3700 BLK E & GARFIELD ST S,1,3,0,0,1,4,,,30,0,0,0,0,2,4,4,3
,2015_31227,39.706129,-104.940624,12/6/2015 19:25,19:25,3,0,0,CHERRY CREEK DR S & COLORADO BLVD S,1,4,0,0,1,1,,,35,0,0,0,0,1,2,3,13
,2015_31235,39.690821,-104.974899,12/18/2015 18:00,18:00,12,0,0,I-25 & MM 206,2,3,0,0,1,4,,,60,0,0,0,0,1,1,3,1
,2015_31236,39.703302,-104.990528,11/26/2015 21:08,21:08,5,0,0,I-25 & BROADWAY S SB RAMP GO,5,3,0,2,2,4,,,60,0,0,0,0,0,1,3,16
,2015_31237,39.74035,-105.013939,9/23/2015 14:15,14:15,12,0,0,I-25 & COLFAX AVE W,1,1,0,0,1,4,,,55,0,0,0,0,1,1,3,16
,2015_31238,39.768039,-104.994788,9/16/2015 9:10,9:10,12,0,0,PARK AVE WEST & I-25,1,1,0,0,1,1,,,35,0,0,0,0,0,1,3,14
,2015_31241,39.711184,-105.000622,11/13/2015 17:33,17:33,12,0,0,PLATTE RIVER DR 400 BLK S & ALAMEDA AVE W,1,2,0,0,1,4,,,35,0,0,0,0,0,2,3,6
,2015_31242,39.653025,-104.880559,8/28/2015 7:43,7:43,12,0,1,HAMPDEN AVE 9100 BLK E & AKRON ST S,1,1,0,0,1,4,,,45,0,0,0,0,2,2,3,3
,2015_31243,39.657508,-104.86638,9/26/2015 9:15,9:15,12,0,0,HAVANA ST  S & GIRARD AVE E,1,1,0,0,1,4,,,40,0,0,0,0,0,2,3,12
,2015_31251,39.740306,-105.014081,11/10/2015 13:05,13:05,12,0,0,COLFAX AVE W & I-25,1,1,1,0,1,1,,,40,0,0,0,0,1,2,3,13
,2015_31255,39.783138,-105.006328,8/19/2015 16:35,16:35,12,0,0,I-70 & PECOS ST N,1,1,0,0,1,4,,,55,0,0,0,0,0,1,3,13
,2015_31263,39.708516,-105.025084,8/16/2015 11:22,11:22,12,0,0,FEDERAL BLVD S & ALASKA PL,1,1,0,0,1,4,,,40,0,0,0,0,0,2,3,7
,2015_31265,39.685941,-105.053185,10/25/2015 18:00,18:00,12,0,0,SHERIDAN BLVD S & OREGON PL W,1,2,1,0,1,1,,,40,0,0,0,0,0,2,3,13
,2015_31266,39.783855,-105.053278,10/30/2015 12:47,12:47,12,0,0,SHERIDAN BLVD & 4800 BLK N,1,1,1,0,1,4,,,35,0,0,0,0,0,2,5,13
,2015_31287,0,0,11/18/2015 15:55,15:55,12,0,0,8TH AVE & 2500 BLK W,1,1,1,0,1,4,,,35,0,0,0,0,1,4,3,16
,2015_31288,0,0,12/18/2015 9:45,9:45,3,0,0,ALAMEDA AVE E & LINCOLN ST S,2,1,0,0,1,1,,,30,0,0,0,0,0,4,3,13
,2015_31289,0,0,11/3/2015 17:23,17:23,12,0,0,BROADWAY ST S & MAPLE AVE,1,3,0,0,1,4,,,30,0,0,0,0,0,4,3,16
,2015_31290,0,0,12/11/2015 13:17,13:17,12,0,0,DOWNING ST N & MLK BLVD E,1,1,0,0,1,1,,,30,0,0,0,0,0,4,3,1
,2015_31291,0,0,9/16/2015 17:23,17:23,12,0,0,MISSISSIPPI AVE E & COOK ST S,1,1,0,0,1,1,,,25,0,0,0,0,0,4,3,3
,2015_31292,0,0,11/27/2015 7:53,7:53,3,0,0,QUEBEC ST N & MLK BLVD E,6,1,0,0,1,1,,,45,0,0,0,0,0,4,3,16
,2015_31293,0,0,11/6/2015 6:50,6:50,12,0,0,TOWER RD N & PENA BLVD,1,1,0,0,1,3,,,45,0,0,0,0,1,4,3,13
,2015_31308,39.714465,-104.940629,8/7/2015 13:25,13:25,12,0,0,COLORADO BLVD 100 BLK S & BAYAUD AVE E,1,1,1,0,1,3,,,35,0,0,0,0,1,2,4,13
,2015_31317,39.723872,-105.011688,9/11/2015 21:19,21:19,12,0,0,I-25 & 6TH AVE W,1,4,0,0,1,4,,,55,0,0,0,0,0,1,5,4
,2015_31318,39.72407,-105.011895,12/21/2015 8:07,8:07,12,0,0,I-25 & 5TH AVE W (NOT IN TCORIS),1,1,0,0,1,4,,,55,0,0,0,0,1,1,3,14
,2015_31319,39.72599,-105.013409,12/28/2015 9:55,9:55,12,0,0,I-25 NB OFF LOOP RAMP & 6TH AVE W,1,1,0,0,1,8,,,45,0,0,0,0,1,1,3,8
,2015_31326,39.740079,-104.912395,11/12/2015 7:25,7:25,12,0,0,MONACO PKWY 1500 BLK NB & COLFAX AVE,1,1,0,0,1,4,,,30,0,0,0,0,0,2,4,7
,2015_31332,39.779878,-104.96743,11/5/2015 23:43,23:43,12,0,0,I-70 & BRIGHTON BLVD N,1,3,0,0,1,4,,,55,0,0,0,0,0,1,3,8
,2015_31333,39.779895,-104.967089,8/26/2015 19:46,19:46,12,0,0,I-70 & BRIGHTON BLVD,1,1,0,0,1,4,,,55,0,0,0,0,1,1,3,13
,2015_31334,39.775623,-104.865778,10/20/2015 6:11,6:11,15,0,0,I-70 & HAVANA ST N,1,1,0,0,1,4,,,55,0,0,0,0,0,1,4,16
,2015_31335,39.774005,-104.847034,10/5/2015 0:49,0:49,6,0,1,I-70 & PEORIA ST N,1,3,0,0,1,4,,,55,0,0,0,0,3,1,3,14
,2015_31338,0,0,8/7/2015 15:47,15:47,10,0,0,HOLLY ST S & PACIFIC PL E,1,1,1,0,1,1,,,30,0,0,0,0,0,4,2,14