id,drcog_id,latitude,longitude,crashtime,time,crashtype,numbkilled,numbinjurd,drcoglocat,rdconditin,lightngcon,roadcntgrd,weatherco,location,roaddescrp,schoolzone,constrzone,splimit,bikeinv,pedinv,sctrinv,motoinv,svrty,rdsystem,ttlvehcls,hcf
,2015_31375,0,0,10/30/2015 8:28,8:28,3,0,0,1ST AVE E & COOK ST N,1,1,0,0,1,1,,,35,0,0,0,0,1,4,3,13
,2015_31376,0,0,11/24/2015 15:49,15:49,3,0,0,13TH AVE E & CLERMONT ST N,1,1,0,0,1,1,,,30,0,0,0,0,0,4,3,16
,2015_31377,0,0,11/20/2015 17:31,17:31,3,0,0,BAYAUD AVE E & DOWNING ST S,2,3,0,2,1,1,,,30,0,0,0,0,0,4,3,16
,2015_31378,0,0,8/25/2015 17:56,17:56,12,0,0,DTC BLVD 4700 BLK S & UNION AVE E,1,1,0,0,1,4,,,40,0,0,0,0,1,4,3,3
,2015_31379,0,0,10/15/2015 8:21,8:21,12,0,0,LOGAN ST 200 BLK S & ALAMEDA AVE E,1,1,0,0,1,4,,,30,0,0,0,0,0,4,3,14
,2015_31380,0,0,12/3/2015 7:30,7:30,12,0,0,PARK AVE & 1900 BLK,1,1,0,0,1,4,,,30,0,0,0,0,0,4,3,13
,2015_31381,0,0,11/21/2015 11:57,11:57,15,0,1,PARK AVE W & LAWRENCE ST,1,1,0,0,1,1,,,30,0,0,0,0,2,4,6,10
,2015_31382,0,0,9/17/2015 6:00,6:00,12,0,1,PENA BLVD & GVR BLVD,1,3,1,0,1,4,,,45,0,0,0,0,3,4,3,13
,2015_31383,0,0,9/11/2015 7:57,7:57,3,0,0,SPEER BLVD N & 14TH AVE W,1,1,0,0,1,1,,,35,0,0,0,0,1,4,3,14
,2015_31384,0,0,9/26/2015 16:53,16:53,15,0,0,SPEER BLVD N & CHAMPA ST,1,1,0,0,1,4,,,30,0,0,0,0,0,4,3,13
,2015_31397,39.689321,-104.940549,12/24/2015 10:38,10:38,12,0,0,S COLORADO BLVD & E FLORIDA AVE,1,1,0,0,1,1,,,35,0,0,0,0,0,2,3,13
,2015_31398,39.714764,-104.940629,11/6/2015 7:05,7:05,9,0,0,COLORADO BLVD S & BAYAUD AVE E,1,1,1,0,1,3,,,35,0,0,0,0,0,2,2,16
,2015_31399,39.738031,-104.940614,10/28/2015 10:15,10:15,12,0,0,COLORADO BLVD & 1300 BLK N,1,1,0,0,1,4,,,35,0,0,0,0,1,2,3,7
,2015_31400,39.772461,-104.940504,8/5/2015 9:22,9:22,12,0,0,COLORADO BLVD 3900 BLK N & 40TH AVE E,1,1,0,0,1,4,,,35,0,0,0,0,0,2,5,13
,2015_31404,39.66762,-104.92561,8/20/2015 8:49,8:49,12,0,0,I-25 & YALE AVE E,1,1,1,0,1,4,,,65,0,0,0,0,0,1,3,16
,2015_31405,39.707122,-104.996782,12/10/2015 7:59,7:59,12,0,0,I-25 & SANTA FE DR,1,1,0,0,1,4,,,60,0,0,0,0,0,1,3,16
,2015_31407,39.710258,-104.998334,12/16/2015 10:53,10:53,12,0,0,I-25 & ALAMEDA AVE W,5,1,1,0,1,4,,,55,0,0,0,0,0,1,3,13
,2015_31410,39.771495,-104.990376,12/11/2015 14:39,14:39,12,0,0,I-25 & 40TH AVE W (NOT IN TCORIS),1,1,0,0,1,4,,,55,0,0,0,0,0,1,4,14
,2015_31421,39.7783,-104.905238,8/17/2015 7:45,7:45,12,0,0,I-70 & QUEBEC ST N,1,1,0,0,1,4,,,55,0,0,0,0,0,1,3,16
,2015_31422,39.777,-104.881437,12/18/2015 6:25,6:25,12,0,0,I-70 & CENTRAL PARK BLVD N,2,1,0,0,1,4,,,55,0,0,0,0,0,1,2,14
,2015_31423,39.775775,-104.867533,8/19/2015 11:25,11:25,12,0,1,I-70 & HAVANA ST N,1,1,0,0,1,4,,,55,0,0,0,0,3,1,3,12
,2015_31424,39.775279,-104.861794,9/17/2015 15:57,15:57,12,0,0,I-70 & HAVANA ST N,1,1,0,0,1,4,,,55,0,0,0,0,0,1,3,3
,2015_31430,39.693991,-105.025046,12/26/2015 14:30,14:30,15,0,0,FEDERAL BLVD 1200 BLK S & LOUISIANA AVE W,1,1,0,0,1,4,,,35,0,0,0,0,0,2,3,13
,2015_31432,39.779391,-104.989165,12/11/2015 16:51,16:51,15,0,0,I-25 & I-70,1,3,0,0,1,4,,,55,0,0,0,0,0,1,2,14
,2015_31456,0,0,11/10/2015 11:45,11:45,12,0,0,HOLLY ST S 1100 BLK & CHERRY CREEK DR S,1,1,0,0,1,3,,,30,0,0,0,0,0,4,3,1
,2015_31457,0,0,7/31/2015 13:55,13:55,3,0,0,PEORIA ST N & 49TH AVE E,1,1,0,7,1,1,,,35,0,0,0,0,1,4,3,16
,2015_31458,0,0,11/12/2015 11:20,11:20,3,0,0,QUINCY AVE W & ZEPHYR ST S,1,1,0,0,1,1,,,25,0,0,0,0,0,4,3,13
,2015_31473,39.666923,-104.925114,9/30/2015 6:51,6:51,12,0,0,I-25 & YALE AVE E,1,1,0,0,1,4,,,65,0,0,0,0,1,1,3,7
,2015_31474,39.700841,-104.986681,10/28/2015 15:53,15:53,12,0,0,BROADWAY ST S & KENTUCKY AVE W,1,1,0,0,1,3,,,30,0,0,0,0,1,1,4,13
,2015_31478,39.711077,-105.025062,11/15/2015 20:05,20:05,1,0,0,FEDERAL BLVD S & ALAMEDA AVE W,1,3,0,0,1,1,,,35,0,0,0,0,1,2,4,14
,2015_31479,39.653094,-104.913062,8/24/2015 14:45,14:45,12,0,0,HAMPDEN AVE 6400 BLK E & MONACO PKWY S,1,1,0,0,1,4,,,40,0,0,0,0,0,2,3,13
,2015_31482,39.740041,-104.983517,11/16/2015 9:47,9:47,3,0,0,COLFAX AVE E & GRANT ST N,1,1,0,0,1,1,,,35,0,0,0,0,1,2,5,5
,2015_31489,39.778287,-104.912805,10/15/2015 9:25,9:25,12,0,0,I-70 & MONACO ST N,1,1,1,0,1,4,,,55,0,0,0,0,0,1,3,7
,2015_31496,39.685091,-105.025015,10/1/2015 16:05,16:05,12,0,1,FEDERAL BLVD 1700 BLK S & COLORADO AVE W,1,1,0,0,1,4,,,40,0,0,0,0,2,2,4,13
,2015_31504,39.65299,-104.929338,12/11/2015 12:40,12:40,12,0,0,HAMPDEN AVE E & ELM ST S,1,1,0,0,1,1,,,45,0,0,0,0,0,2,3,13
,2015_31519,0,0,12/24/2015 18:14,18:14,3,0,0,18TH AVE E & LINCOLN ST N,1,3,0,0,1,1,,,30,0,0,0,0,1,4,3,13
,2015_31520,0,0,9/10/2015 18:39,18:39,12,0,0,56TH AVE 12000 BLK E & PEORIA ST N,1,1,1,0,1,4,,,40,0,0,0,0,0,4,3,13
,2015_31521,0,0,12/22/2015 8:49,8:49,3,0,0,MLK BLVD E & QUEBEC ST N,1,1,0,0,1,1,,,35,0,0,0,0,1,4,3,13
,2015_31522,0,0,11/2/2015 14:16,14:16,12,0,1,UNIVERSITY BLVD N & 1ST AVE E,1,1,0,0,1,4,,,30,0,0,0,0,2,4,5,3
,2015_31530,39.725457,-105.032462,10/3/2015 11:25,11:25,12,0,0,6TH AVE & KNOX CT,1,1,0,0,1,4,,,35,0,0,0,0,1,2,3,13
,2015_31533,39.697365,-104.98262,12/2/2015 16:55,16:55,12,0,0,I-25 & LOGAN ST S,1,3,0,0,1,4,,,55,0,0,0,0,1,1,3,3
,2015_31540,39.740139,-104.946576,11/25/2015 15:18,15:18,12,0,0,COLFAX AVE E & MADISON ST N,1,1,0,0,1,4,,,30,0,0,0,0,0,2,3,16
,2015_31541,39.740084,-104.908216,9/16/2015 7:37,7:37,12,0,0,COLFAX AVE E & ONEIDA ST N,1,1,0,0,1,1,,,30,0,0,0,0,0,2,3,14
,2015_31546,39.7783,-104.904447,10/15/2015 6:42,6:42,12,0,0,I-70 & NORTHFIELD BLVD,1,1,0,0,1,4,,,55,0,0,0,0,0,1,3,16
,2015_31548,39.774021,-104.847216,12/17/2015 11:40,11:40,9,0,0,I-70 EB OFF RAMP & PEORIA ST N,2,1,0,0,1,8,,,55,0,0,0,0,0,1,3,14
,2015_31549,39.772877,-104.833905,11/18/2015 18:06,18:06,12,0,0,I-70 & I-225 SB ON RAMP ENT,1,3,0,0,1,4,,,55,0,0,0,0,0,1,3,1
,2015_31578,0,0,11/12/2015 8:14,8:14,12,0,0,13TH AVE E & DETROIT ST N,1,1,0,0,1,4,,,30,0,0,0,0,0,4,3,3
,2015_31579,0,0,10/12/2015 14:55,14:55,3,0,0,22ND AVE E & HUMBOLDT ST N,1,1,0,0,1,1,,,30,0,0,0,0,0,4,3,14
,2015_31580,0,0,9/29/2015 9:55,9:55,3,0,0,37TH AVE W & OSAGE ST N,1,1,0,0,1,1,,,25,0,0,0,0,1,4,3,13
,2015_31581,0,0,9/11/2015 10:30,10:30,3,0,0,45TH AVE E & STEELE ST N,1,1,0,0,1,1,,,35,0,0,0,0,0,4,3,7
,2015_31582,0,0,8/21/2015 10:42,10:42,3,0,0,DOWNING ST N & MLK BLVD E,1,1,0,7,1,1,,,30,0,0,0,0,1,4,3,16
,2015_31583,0,0,10/1/2015 13:50,13:50,3,0,0,MAPLE AVE E & BANNOCK ST S,1,1,0,0,1,1,,,25,0,0,0,0,0,4,3,1
,2015_31584,0,0,8/19/2015 12:15,12:15,1,0,0,MISSISSIPPI AVE W & RARITAN ST S,1,1,1,0,1,2,,,35,0,0,0,0,0,4,3,1
,2015_31585,0,0,10/25/2015 23:45,23:45,12,0,1,PENA BLVD 5600 BLK & 56TH AVE,1,3,0,0,1,4,,,45,0,0,0,0,2,4,3,14
,2015_31586,0,0,11/12/2015 11:06,11:06,12,0,0,PEORIA ST 3900 BLK N & I-70 EB ON RAMP,1,1,1,0,1,3,,,35,0,0,0,0,0,4,3,13
,2015_31587,0,0,9/18/2015 12:05,12:05,12,0,0,QUEBEC ST & 3800 BLK N,1,1,1,0,1,4,,,45,0,0,0,0,1,4,3,13
,2015_31588,0,0,10/20/2015 16:44,16:44,12,0,1,SPEER BLVD N & WEWATTA ST,1,1,1,0,1,1,,,30,0,0,0,0,2,4,3,13
,2015_31589,0,0,10/6/2015 17:14,17:14,12,0,0,STOUT ST 2400 BLK & 25TH ST,2,2,0,1,1,4,,,30,0,0,0,0,0,4,3,4
,2015_31590,0,0,12/11/2015 9:20,9:20,12,0,0,YOSEMITE ST 4600 BLK & UNION AVE E,1,1,0,0,1,4,,,35,0,0,0,0,0,4,3,1
,2015_31601,39.689175,-104.940549,9/25/2015 8:10,8:10,12,0,0,COLORADO BLVD 1500 BLK S & FLORIDA AVE E,1,1,0,0,1,3,,,35,0,0,0,0,0,2,3,13
,2015_31605,39.755141,-105.012706,8/27/2015 13:27,13:27,5,0,0,I-25 & SPEER BLVD N,1,1,0,0,1,4,,,55,0,0,0,0,0,1,1,8
,2015_31611,39.628413,-104.904125,11/6/2015 8:05,8:05,12,0,0,I-25 & UNION AVE E,1,1,0,0,1,4,,,65,0,0,0,0,0,1,3,7
,2015_31612,39.660374,-104.921521,11/12/2015 17:26,17:26,12,0,0,I-25 & HAMPDEN AVE E (APPROX),1,3,0,0,1,4,,,65,0,0,0,0,0,1,3,3
,2015_31614,39.74035,-105.013939,9/24/2015 21:10,21:10,12,0,0,I-25 & COLFAX AVE W,1,3,0,0,1,4,,,55,0,0,0,0,0,1,3,16
,2015_31615,39.708516,-105.025084,12/2/2015 8:40,8:40,3,0,0,FEDERAL BLVD S & ALASKA PL W,1,1,0,0,1,1,,,25,0,0,0,0,0,2,2,13
,2015_31616,39.747497,-105.018116,12/4/2015 18:08,18:08,12,0,0,I-25 & 23RD AVE W,1,3,0,0,1,4,,,55,0,0,0,0,1,1,3,3
,2015_31620,39.656992,-104.866396,10/3/2015 11:00,11:00,1,0,0,HAVANA ST S & GIRARD AVE E,1,1,0,0,1,1,,,40,0,0,0,0,0,2,3,2
,2015_31626,39.740003,-104.967211,9/22/2015 18:50,18:50,3,0,0,COLFAX AVE E & GILPIN ST N,1,1,0,0,1,1,,,30,0,0,0,0,0,2,3,13
,2015_31627,39.740178,-104.957275,8/28/2015 18:47,18:47,8,0,0,COLFAX AVE 2500 BLK E & COLUMBINE ST N,1,1,0,0,1,4,,,30,0,0,0,0,0,2,4,10
,2015_31628,39.740079,-104.912395,11/20/2015 9:40,9:40,9,0,0,COLFAX AVE E & MONACO PKWY N,1,1,0,0,1,1,,,30,0,0,0,0,0,2,3,1
,2015_31635,39.780052,-104.989434,8/18/2015 7:47,7:47,12,0,0,I-70 & I-25,1,1,0,0,1,4,,,55,0,0,0,0,0,1,3,14
,2015_31636,39.779911,-104.96676,11/29/2015 22:03,22:03,12,0,0,I-70 WB OFF RAMP & BRIGHTON BLVD N,5,3,1,2,1,8,,,40,0,0,0,0,0,1,3,13
,2015_31640,39.66435,-104.99683,11/12/2015 8:05,8:05,12,0,0,SANTA FE DR 700 BLK S & I-25 NB ON RAMP FLYOVER GORE PT,1,1,0,0,1,4,,,25,0,0,0,0,0,2,3,13
,2015_31641,39.678908,-105.025045,10/21/2015 8:38,8:38,12,0,0,FEDERAL BLVD S & EVANS AVE W,2,1,0,1,1,3,,,40,0,0,0,0,1,2,3,13
,2015_31674,0,0,9/25/2015 14:08,14:08,12,0,1,ALAMEDA AVE W & BANNOCK ST S,1,1,0,0,1,4,,,30,0,0,0,0,2,4,3,13
,2015_31675,0,0,12/13/2015 15:05,15:05,3,0,0,ALAMEDA AVE E & HOLLY ST S,1,1,0,0,1,1,,,35,0,0,0,0,0,4,3,13
,2015_31676,0,0,9/12/2015 15:56,15:56,3,0,0,BROADWAY ST S & ALAMEDA AVE E,1,1,0,0,1,1,,,30,0,0,0,0,0,4,3,3
,2015_31677,0,0,8/21/2015 7:50,7:50,12,0,0,GVR BLVD E & PENA BLVD N,1,1,0,7,1,3,,,45,0,0,0,0,1,4,3,7
,2015_31678,0,0,11/8/2015 10:15,10:15,12,0,0,SPEER BLVD & 12TH AVE W,1,1,0,0,1,4,,,35,0,0,0,0,0,4,3,7
,2015_31687,39.738302,-104.940614,10/21/2015 16:10,16:10,15,0,0,14TH AVE E & COLORADO BLVD N,2,1,0,1,1,1,,,35,0,0,0,0,0,2,3,13
,2015_31691,39.650468,-104.916801,11/19/2015 7:34,7:34,12,0,0,I-25 & HAMPDEN AVE E,1,1,0,0,1,4,,,65,0,0,0,0,0,1,3,3
,2015_31692,39.701452,-104.987435,10/19/2015 22:08,22:08,1,0,0,BROADWAY S & I-25 SB RAMP,1,3,0,0,1,1,,,35,0,0,0,0,0,1,3,3
,2015_31693,39.71124,-104.998918,11/11/2015 17:33,17:33,12,0,0,I-25 & ALAMEDA AVE W,1,4,0,0,1,4,,,55,0,0,0,0,0,1,3,3
,2015_31694,39.722479,-105.009913,12/16/2015 11:20,11:20,5,0,0,I-25 & 400 BLK (MM APPROX),5,1,0,0,2,4,,,55,0,0,0,0,0,1,3,13
,2015_31695,39.750368,-105.016976,12/19/2015 15:24,15:24,12,0,0,I-25 & 23RD AVE W,1,1,0,0,1,4,,,55,0,0,0,0,0,1,4,3
,2015_31697,39.760997,-105.004275,12/14/2015 17:35,17:35,12,0,0,I-25 & 20TH ST,1,3,0,0,1,4,,,55,0,0,0,0,0,1,3,8
,2015_31699,39.653078,-104.908858,11/4/2015 7:23,7:23,12,0,0,HAMPDEN AVE E & ONEIDA WY S,1,1,0,0,1,3,,,40,0,0,0,0,0,2,3,12
,2015_31709,39.783831,-105.045192,12/5/2015 17:35,17:35,12,0,1,I-70 & SHERIDAN BLVD N,1,3,0,0,1,4,,,55,0,0,0,0,2,1,3,16
,2015_31710,39.774005,-104.847034,11/13/2015 15:35,15:35,12,0,1,I-70 & PEORIA ST N,1,1,1,0,1,4,,,55,0,0,0,0,2,1,3,3
,2015_31745,0,0,9/1/2015 17:54,17:54,12,0,0,14TH AVE & 7100 BLK E,1,1,1,0,1,3,,,30,0,0,0,0,0,4,3,1
,2015_31746,0,0,11/21/2015 2:28,2:28,15,0,0,CHERRY CREEK DR N E & ALAMEDA AVE E,5,3,0,2,1,4,,,30,0,0,0,0,0,4,3,14
,2015_31747,0,0,10/5/2015 16:13,16:13,12,0,0,EVANS AVE 500 BLK W & SANTA FE DR S,1,1,1,0,1,4,,,30,0,0,0,0,0,4,3,13
,2015_31748,0,0,9/11/2015 16:54,16:54,12,0,1,GVR BLVD 1 & KITTREDGE ST N,1,1,1,0,1,1,,,35,0,0,0,0,3,4,4,13
,2015_31749,0,0,11/14/2015 21:50,21:50,12,0,0,PEORIA ST N & ANDREWS DR E,1,3,0,0,1,3,,,40,0,0,0,0,0,4,3,4
,2015_31763,39.744898,-104.940606,8/23/2015 15:51,15:51,12,0,0,18TH AVE E & COLORADO BLVD N,1,1,1,0,1,1,,,35,0,0,0,0,0,2,4,13
,2015_31764,39.725457,-105.032462,8/28/2015 10:08,10:08,12,0,0,6TH AVE W & KNOX CT N,1,1,0,0,1,4,,,55,0,0,0,0,0,2,3,7
,2015_31765,39.72542,-105.025174,10/3/2015 16:50,16:50,12,0,0,6TH AVE W & FEDERAL BLVD N,1,1,0,0,1,1,,,35,0,0,0,0,1,2,4,7
,2015_31768,39.706359,-104.996335,9/24/2015 15:02,15:02,15,0,0,I-25 & SANTA FE DR S,1,1,1,0,1,4,,,55,0,0,0,0,0,1,3,13
,2015_31769,39.724273,-105.012095,10/2/2015 16:31,16:31,12,0,0,I-25 & 6TH AVE W,1,1,0,0,1,4,,,55,0,0,0,0,0,1,3,14
,2015_31770,39.74035,-105.013939,9/30/2015 12:15,12:15,15,0,0,I-25 & COLFAX AVE W,1,1,0,0,1,4,,,55,0,0,0,0,0,1,3,1
,2015_31771,39.760997,-105.004275,12/11/2015 19:19,19:19,12,0,0,20TH ST W & I-25,1,3,1,0,1,4,,,25,0,0,0,0,0,1,3,13
,2015_31777,39.711188,-105.000409,10/26/2015 13:47,13:47,12,0,0,ALAMEDA AVE W & I-25 SB OFF RAMP,1,1,0,0,1,3,,,35,0,0,0,0,1,2,3,14
,2015_31788,0,0,7/1/2015 21:48,21:48,5,0,0,LOWRY BLVD E & YOSEMITE ST N,1,3,0,7,2,6,,,35,0,0,0,0,1,4,1,10
,2015_31792,39.779963,-104.965706,10/16/2015 22:25,22:25,15,0,0,I-70 & BRIGHTON BLVD N,1,3,1,0,1,4,,,55,0,0,0,0,0,1,3,13
,2015_31793,39.774021,-104.847216,10/30/2015 10:56,10:56,12,0,1,I-70 EB OFF RAMP & PEORIA ST N,1,1,0,0,1,8,,,45,0,0,0,0,2,1,3,16
,2015_31796,39.698738,-104.903937,11/5/2015 8:30,8:30,12,0,0,PARKER RD S & QUEBEC ST S,2,1,1,1,1,3,,,40,0,0,0,0,0,2,3,16
,2015_31797,39.700396,-104.908589,8/20/2015 11:38,11:38,12,0,0,LEETSDALE DR E & ONEIDA ST S,1,1,0,0,1,4,,,35,0,0,0,0,0,2,3,14
,2015_31798,39.704623,-104.91606,8/17/2015 13:45,13:45,12,0,0,LEETSDALE DR 6100 BLK & EXPOSITION AVE E,1,1,0,0,1,4,,,35,0,0,0,0,0,2,3,14
,2015_31828,0,0,11/5/2015 22:47,22:47,12,0,1,1ST AVE E & MILWAUKEE ST N,1,3,0,0,1,1,,,35,0,0,0,0,2,4,3,16
,2015_31829,0,0,8/18/2015 16:00,16:00,1,0,0,ALAMEDA AVE W & BANNOCK ST S,1,1,0,7,1,1,,,35,0,0,0,0,0,4,3,16
,2015_31830,0,0,9/16/2015 16:06,16:06,15,0,0,BROADWAY ST 600 BLK S & EXPOSITION AVE E,1,1,0,0,1,4,,,30,0,0,0,0,0,4,3,13
,2015_31831,0,0,9/2/2015 7:25,7:25,12,0,0,CHAMBERS RD N & ANDREWS DR E,1,1,0,0,1,1,,,40,0,0,0,0,0,4,3,13
,2015_31832,0,0,9/22/2015 7:45,7:45,12,0,0,IRVING ST & 3200 BLK N,1,1,0,0,1,3,,,30,0,0,0,0,0,4,3,13
,2015_31833,0,0,12/31/2015 20:10,20:10,12,0,0,PENA BLVD 7200 BLK & TOWER RD,1,3,0,0,1,4,,,65,0,0,0,0,0,4,3,14
,2015_31834,0,0,9/11/2015 17:05,17:05,1,0,0,PEORIA ST N & 45TH AVE E,1,1,1,0,1,1,,,35,0,0,0,0,0,4,3,13
,2015_31835,0,0,11/10/2015 17:31,17:31,12,0,0,UNIVERSITY BLVD N & CHERRY CREEK DR N,1,3,0,0,1,4,,,30,0,0,0,0,0,4,3,3
,2015_31836,0,0,8/31/2015 9:30,9:30,12,0,0,UNIVERSITY BLVD 2700 BLK & YALE AVE E,1,1,0,0,1,3,,,30,0,0,0,0,0,4,3,13
,2015_31837,0,0,9/28/2015 16:55,16:55,12,0,0,YALE AVE 5400 BLK E & HUDSON ST S,1,1,1,0,1,3,,,30,0,0,0,0,0,4,3,7
,2015_31845,39.745615,-104.940606,9/29/2015 10:43,10:43,12,0,0,COLORADO BLVD & 1800 BLK N,1,1,1,0,1,4,,,35,0,0,0,0,0,2,3,13
,2015_31848,39.687563,-104.940549,9/17/2015 17:34,17:34,12,0,0,COLORADO BLVD S & IOWA AVE E,1,1,0,0,1,1,,,35,0,0,0,0,0,2,3,3
,2015_31852,0,0,11/19/2015 11:05,11:05,3,0,0,18TH AVE E & DOWNING ST N,1,1,0,0,1,1,,,30,0,0,0,0,1,4,3,16
,2015_31855,39.645733,-104.914039,11/10/2015 9:17,9:17,12,0,0,I-25 & MANSFIELD AVE E (NOT IN TCORIS),1,1,0,0,1,4,,,65,0,0,0,0,0,1,4,1
,2015_31859,39.653093,-104.912695,8/26/2015 7:15,7:15,12,0,1,HAMPDEN AVE 6500 BLK E & MONACO PKWY S,1,1,0,0,1,3,,,40,0,0,0,0,2,2,3,3
,2015_31874,39.783262,-105.008245,8/7/2015 8:11,8:11,12,0,0,I-70 & PECOS ST N,1,1,1,0,1,4,,,55,0,0,0,0,1,1,4,8
,2015_31875,39.779435,-104.979009,9/23/2015 12:15,12:15,12,0,0,I-70 & WASHINGTON ST N,1,1,1,0,1,4,,,55,0,0,0,0,0,1,3,13
,2015_31876,39.774005,-104.847034,11/3/2015 7:52,7:52,12,0,0,I-70 & PEORIA ST N,1,1,0,0,1,4,,,55,0,0,0,0,1,1,3,16
,2015_31880,39.725867,-105.025126,11/28/2015 18:14,18:14,12,0,0,FEDERAL BLVD & 6TH AVE WB RAMPS,1,3,0,0,1,4,,,35,0,0,0,0,1,2,3,14
,2015_31884,39.61833,-105.091109,11/20/2015 13:00,13:00,12,0,0,WADSWORTH BLVD 5395 S & CRESTLINE AVE,1,1,0,0,1,4,,,45,0,0,0,0,1,2,3,14
,2015_31889,39.777015,-104.882642,9/9/2015 15:33,15:33,12,0,0,I-270 & CENTRAL PARK BLVD,1,1,1,0,1,4,,,55,0,0,0,0,1,1,3,13
,2015_31893,39.782152,-105.025217,8/19/2015 7:56,7:56,12,0,0,FEDERAL BLVD N & 47TH AVE W,1,1,0,0,1,1,,,35,0,0,0,0,1,2,5,14
,2015_31894,39.782152,-105.025217,8/20/2015 6:57,6:57,12,0,0,FEDERAL BLVD 4700 BLK N & 47TH AVE W,1,1,0,0,1,1,,,35,0,0,0,0,0,2,3,14
,2015_31913,0,0,11/12/2015 11:27,11:27,12,0,0,ALAMEDA AVE W & BROADWAY ST S,1,1,0,0,1,3,,,30,0,0,0,0,0,4,3,4
,2015_31914,0,0,11/23/2015 11:29,11:29,12,0,0,ALAMEDA AVE E & WASHINGTON ST S,1,1,1,0,1,1,,,30,0,0,0,0,0,4,3,16
,2015_31915,0,0,11/16/2015 20:36,20:36,3,0,0,BROADWAY N & WALNUT ST,2,3,0,2,1,1,,,30,0,0,0,0,1,4,3,14
,2015_31916,0,0,10/20/2015 18:45,18:45,12,0,0,MONACO PKWY S & ALAMEDA AVE E,1,2,0,0,1,4,,,35,0,0,0,0,1,4,3,13
,2015_31917,0,0,9/12/2015 12:21,12:21,3,0,0,NORTHFIELD BLVD E & CENTRAL PARK BLVD N,1,1,1,0,1,1,,,35,0,0,0,0,0,4,3,8
,2015_31930,39.74372,-104.940608,9/9/2015 9:45,9:45,12,0,0,17TH AVE E & COLORADO BLVD N,1,1,0,0,1,1,,,35,0,0,0,0,0,2,3,7
,2015_31931,39.75101,-104.940599,5/5/2015 8:10,8:10,1,0,1,23RD AVE E & COLORADO BLVD N,1,1,0,0,1,1,,,35,0,0,0,0,2,2,3,13
,2015_31938,39.639097,-104.910179,12/8/2015 8:35,8:35,12,0,0,I-25 & QUINCY AVE E,1,1,0,0,1,4,,,65,0,0,0,0,0,1,3,1
,2015_31939,39.684902,-104.952016,9/2/2015 18:16,18:16,12,0,0,I-25 & STEELE ST S,1,1,0,0,1,4,,,60,0,0,0,0,0,1,3,13
,2015_31940,39.694462,-104.979284,9/23/2015 17:20,17:20,12,0,0,I-25 & WASHINGTON ST S,1,1,0,0,1,4,,,60,0,0,0,0,0,1,3,13
,2015_31941,39.77541,-104.989225,11/18/2015 11:19,11:19,12,0,0,I-25 NB OFF RAMP & I-70 (APPROX),1,1,1,0,1,8,,,55,0,0,0,0,0,1,3,3
,2015_31943,39.653022,-104.873151,9/3/2015 18:11,18:11,12,0,0,HAMPDEN AVE 9800 BLK E & FLORENCE ST S,2,1,0,1,1,3,,,40,0,0,0,0,0,2,3,13
,2015_31944,39.653025,-104.87278,8/19/2015 7:45,7:45,12,0,0,HAMPDEN AVE 9800 BLK E & FLORENCE ST S,1,1,0,0,1,4,,,45,0,0,0,0,0,2,3,1
,2015_31956,39.696376,-104.991996,12/26/2015 16:10,16:10,12,0,0,SANTA FE DR S & MISSISSIPPI AVE W,1,1,0,0,1,4,,,35,0,0,0,0,0,2,3,13
,2015_31957,39.696696,-104.991872,9/4/2015 17:43,17:43,3,0,0,SANTA FE DR S & MISSISSIPPI AVE W,1,1,0,0,1,2,,,45,0,0,0,0,1,2,3,3
,2015_31959,39.696449,-105.025063,12/27/2015 19:20,19:20,12,0,0,FEDERAL BLVD & MISSISSIPPI AVE,1,3,0,0,1,4,,,35,0,0,0,0,0,2,3,8
,2015_31988,0,0,10/17/2015 12:10,12:10,12,0,0,12TH AVE E & QUEBEC ST N,1,1,1,0,1,1,,,30,0,0,0,0,0,4,3,7
,2015_31989,0,0,8/27/2015 5:53,5:53,12,0,0,38TH AVE 3000 BLK W & FEDERAL BLVD N,1,1,0,0,1,1,,,30,0,0,0,0,1,4,3,2
,2015_31990,0,0,11/25/2015 15:00,15:00,12,0,0,CENTRAL PARK BLVD N & 35TH AVE E,1,1,0,0,1,1,,,30,0,0,0,0,0,4,3,14
,2015_31991,0,0,8/25/2015 7:40,7:40,3,0,1,CLARKSON ST N & 20TH AVE E,1,1,0,0,1,1,,,30,0,0,0,0,2,4,3,13
,2015_31992,0,0,8/24/2015 14:07,14:07,12,0,0,EVANS AVE & 3900 BLK E,1,1,0,0,1,4,,,30,0,0,0,0,0,4,3,13
,2015_31993,0,0,8/27/2015 17:12,17:12,1,0,0,MONACO PKWY S & JEWELL AVE E,1,1,0,0,1,1,,,35,0,0,0,0,0,4,3,3
,2015_31994,0,0,11/12/2015 7:53,7:53,1,0,0,PECOS ST N & 46TH AVE W,1,1,0,0,1,1,,,35,0,0,0,0,0,4,3,14