id,drcog_id,latitude,longitude,crashtime,time,crashtype,numbkilled,numbinjurd,drcoglocat,rdconditin,lightngcon,roadcntgrd,weatherco,location,roaddescrp,schoolzone,constrzone,splimit,bikeinv,pedinv,sctrinv,motoinv,svrty,rdsystem,ttlvehcls,hcf
,2015_31995,0,0,11/20/2015 17:05,17:05,12,0,0,QUEBEC ST N & 8TH AVE E,2,3,1,1,1,4,,,30,0,0,0,0,0,4,3,16
,2015_31996,0,0,10/4/2015 2:28,2:28,15,0,0,14TH ST 1200 BLK & LAWRENCE ST,1,3,0,0,1,4,,,35,0,0,0,0,1,4,4,5
,2015_31997,0,0,12/20/2015 18:45,18:45,3,0,0,SANTA FE DR S & ALAMEDA AVE W,1,3,0,0,1,1,,,35,0,0,0,0,1,4,3,13
,2015_32007,39.772749,-104.940505,12/8/2015 13:21,13:21,12,0,0,COLORADO BLVD N & 40TH AVE E,1,1,0,0,1,3,,,35,0,0,0,0,0,2,3,3
,2015_32008,39.725457,-105.032462,10/1/2015 10:44,10:44,12,0,0,6TH AVE W & KNOX CT N,1,1,0,0,1,4,,,55,0,0,0,0,1,2,3,13
,2015_32015,39.639014,-104.910126,12/4/2015 14:26,14:26,12,0,1,I-25 & MM 200,1,1,0,0,1,4,,,65,0,0,0,0,2,1,3,16
,2015_32016,39.653075,-104.918243,10/22/2015 18:00,18:00,12,0,0,I-25 & HAMPDEN AVE E,1,3,0,0,1,4,,,65,0,0,0,0,0,1,3,13
,2015_32017,39.653066,-104.886001,1/21/2015 20:00,20:00,5,0,0,HAMPDEN AVE E & YOSEMITE ST S,12,3,0,2,3,1,,,45,0,0,0,0,0,2,1,7
,2015_32018,39.701452,-104.987435,9/30/2015 8:50,8:50,12,0,0,I-25 & BROADWAY S,1,1,1,0,1,4,,,55,0,0,0,0,0,1,3,2
,2015_32019,39.71124,-104.998918,10/4/2015 13:24,13:24,12,0,0,I-25 & ALAMEDA AVE W,1,1,0,0,1,4,,,55,0,0,0,0,0,1,5,7
,2015_32020,39.755516,-105.012189,11/7/2015 14:27,14:27,12,0,0,I-25 & MM 211,1,1,0,0,1,4,,,55,0,0,0,0,1,1,3,4
,2015_32027,39.740276,-105.01251,10/23/2015 7:50,7:50,12,0,1,COLFAX AVE W & I-25 NB OFF RAMP,1,1,0,0,1,1,,,35,0,0,0,0,2,2,3,14
,2015_32032,39.703047,-104.913042,12/4/2015 7:32,7:32,12,0,0,LEETSDALE DR & MONACO ST S,1,1,0,0,1,4,,,30,0,0,0,0,0,2,3,13
,2015_32034,39.698974,-104.991906,9/11/2015 17:00,17:00,12,0,0,SANTA FE DR & 900 BLK S,1,1,0,0,1,4,,,45,0,0,0,0,0,2,3,3
,2015_32036,39.693248,-105.025038,8/22/2015 10:20,10:20,12,0,0,FEDERAL BLVD 1200 BLK S & LOUISIANA AVE W,1,1,0,0,1,3,,,40,0,0,0,0,0,2,3,1
,2015_32045,39.640573,-104.882469,10/30/2015 17:45,17:45,12,0,0,I-225 & MM 1,1,2,0,0,1,4,,,65,0,0,0,0,0,1,3,3
,2015_32051,39.765544,-105.025174,11/12/2015 7:43,7:43,12,0,0,FEDERAL BLVE N & 35TH AVE W,1,1,0,0,1,3,,,35,0,0,0,0,1,2,3,14
,2015_32063,0,0,8/5/2015 17:20,17:20,1,0,1,ALAMEDA AVE E & HOLLY ST S,1,1,0,0,1,1,,,35,0,0,0,1,3,4,3,13
,2015_32064,0,0,9/2/2015 14:17,14:17,12,0,0,CENTRAL PARK BLVD N & 35TH AVE E,1,1,1,0,1,1,,,35,0,0,0,0,0,4,3,12
,2015_32065,0,0,11/15/2015 18:30,18:30,3,0,0,CLAY ST N & 26TH AVE W,1,3,0,0,1,1,,,25,0,0,0,0,0,4,3,16
,2015_32066,0,0,8/21/2015 15:41,15:41,12,0,0,EVANS AVE 6500 BLK E & MONACO ST S,1,1,0,7,1,3,,,30,0,0,0,0,0,4,6,16
,2015_32067,0,0,11/25/2015 16:52,16:52,12,0,0,HOLLY ST S & PACIFIC PL E,1,3,0,0,1,3,,,30,0,0,0,0,0,4,3,3
,2015_32068,0,0,8/24/2015 15:38,15:38,12,0,0,UNIVERSITY BLVD & 2200 BLK S,1,1,0,0,1,3,,,30,0,0,0,0,0,4,3,16
,2015_32069,0,0,10/21/2015 19:09,19:09,3,0,0,WESLEY AVE E & UNIVERSITY BLVD S,2,3,0,1,1,1,,,35,0,0,0,0,1,4,3,1
,2015_32077,39.752817,-104.940597,10/31/2015 13:15,13:15,12,0,0,25TH AVE E & COLORADO BLVD N,1,1,0,0,1,4,,,35,0,0,0,0,1,2,4,13
,2015_32083,39.642294,-104.912052,10/12/2015 17:15,17:15,12,0,0,I-25 & MM 200,1,1,0,0,1,4,,,65,0,0,0,0,1,1,4,16
,2015_32084,39.664703,-104.923564,10/27/2015 7:24,7:24,12,0,0,I-25 & YALE AVE E,1,1,1,0,1,4,,,65,0,0,0,0,0,1,3,3
,2015_32086,39.666578,-104.924855,12/15/2015 21:53,21:53,15,0,0,I-25 & YALE AVE E,5,3,0,2,1,4,,,65,0,0,0,0,0,1,3,13
,2015_32087,39.721072,-105.008211,10/16/2015 8:56,8:56,12,0,0,I-25 & 3RD AVE W,1,1,0,0,1,4,,,55,0,0,0,0,0,1,3,8
,2015_32088,39.742182,-105.014789,8/23/2015 12:34,12:34,12,0,0,I-25 & AURARIA PKWY,1,1,0,0,1,4,,,55,0,0,0,0,0,1,3,13
,2015_32089,39.760997,-105.004275,12/3/2015 14:13,14:13,15,0,0,I-25 & 20TH ST,1,1,0,0,1,4,,,55,0,0,0,0,0,1,3,3
,2015_32093,39.74011,-104.958745,10/21/2015 18:03,18:03,12,0,0,COLFAX AVE E & JOSEPHINE ST N,2,3,0,1,1,1,,,30,0,0,0,0,0,2,3,13
,2015_32094,39.779944,-104.940633,9/8/2015 9:30,9:30,12,0,0,I-70 & COLORADO BLVD,1,1,0,0,1,4,,,55,0,0,0,0,0,1,3,7
,2015_32095,39.777095,-104.882471,10/5/2015 17:15,17:15,12,0,0,I-70 & CENTRAL PARK BLVD N,1,1,1,0,1,4,,,55,0,0,0,0,0,1,3,14
,2015_32097,39.698738,-104.903937,9/5/2015 20:51,20:51,12,0,0,LEETSDALE DR 7300 BLK & QUEBEC ST S,1,3,1,0,1,3,,,30,0,0,0,0,1,2,4,14
,2015_32133,0,0,11/2/2015 6:46,6:46,12,0,0,6TH AVE W & KALAMATH ST N,1,3,0,0,1,1,,,30,0,0,0,0,0,4,4,3
,2015_32134,0,0,8/17/2015 15:33,15:33,12,0,0,ALAMEDA AVE 300 BLK W & CHEROKEE ST S,2,1,1,1,1,3,,,30,0,0,0,0,0,4,4,3
,2015_32135,0,0,8/24/2015 7:50,7:50,12,0,0,CENTRAL PARK BLVD & 35TH AVE N,1,1,0,0,1,3,,,35,0,0,0,0,0,4,3,13
,2015_32136,0,0,10/15/2015 12:12,12:12,12,0,0,EVANS AVE 6300 BLK E & LEYDEN ST S,1,1,0,0,1,4,,,35,0,0,0,0,1,4,3,1
,2015_32137,0,0,12/18/2015 8:55,8:55,12,0,0,LIPAN ST S & EVANS AVE W,5,1,0,0,1,4,,,35,0,0,0,0,1,4,3,7
,2015_32147,39.684615,-104.940519,9/30/2015 14:10,14:10,12,0,0,COLORADO BLVD S & MEXICO AVE E,1,1,0,0,1,4,,,30,0,0,0,0,0,2,3,1
,2015_32148,39.736767,-104.940616,9/2/2015 19:19,19:19,3,0,0,13TH AVE E & COLORADO BLVD N,1,1,0,0,1,1,,,35,0,0,0,0,1,2,3,13
,2015_32155,39.623866,-104.901444,9/25/2015 7:55,7:55,12,0,0,I-25 & BELLEVIEW AVE E,1,1,0,0,1,4,,,65,0,0,0,0,0,1,3,13
,2015_32156,39.740652,-105.013983,10/28/2015 20:20,20:20,12,0,0,I-25 & COLFAX AVE W,1,3,1,0,1,4,,,55,0,0,0,0,0,1,3,16
,2015_32168,39.780022,-104.937865,10/14/2015 16:04,16:04,12,0,0,I-70 & COLORADO BLVD N,1,1,0,0,1,4,,,55,0,0,0,0,0,1,3,14
,2015_32169,39.7783,-104.903459,8/24/2015 20:49,20:49,12,0,0,I-70 & QUEBEC ST N,1,3,0,0,1,4,,,55,0,0,0,0,0,1,3,13
,2015_32170,39.778299,-104.900216,9/18/2015 17:10,17:10,12,0,0,I-70 & QUEBEC ST N,1,1,0,0,1,4,,,55,0,0,0,0,1,1,4,3
,2015_32180,39.691359,-105.025048,8/27/2015 16:50,16:50,6,0,0,FEDERAL BLVD S & ARKANSAS AVE W,1,1,0,0,1,1,,,40,0,0,0,0,1,2,3,13
,2015_32188,39.652993,-104.926476,8/26/2015 8:35,8:35,12,0,0,HAMPDEN AVE E & GLENCOE ST S,1,1,0,0,1,4,,,35,0,0,0,0,0,2,4,14
,2015_32189,39.752286,-105.025138,12/18/2015 22:28,22:28,12,0,0,FEDERAL BLVD N & 25TH AVE W,8,3,1,0,1,4,,,35,0,0,0,0,0,2,3,13
,2015_32190,39.761841,-105.025162,10/30/2015 16:20,16:20,12,0,0,FEDERAL BLVD N & 32ND AVE W,1,1,0,0,1,4,,,35,0,0,0,0,1,2,3,13
,2015_32203,0,0,12/2/2015 8:00,8:00,12,0,0,1ST AVE 2300 BLK E & UNIVERSITY BLVD N,1,1,0,0,1,4,,,30,0,0,0,0,0,4,3,13
,2015_32204,0,0,11/23/2015 16:51,16:51,1,0,1,47TH AVE E & HAVANA ST N,1,3,1,0,1,1,,,35,0,0,0,0,2,4,3,16
,2015_32205,0,0,8/13/2015 12:34,12:34,8,0,2,CENTRAL PARK BLVD & 3900 BLK N,1,1,2,0,5,4,,,35,0,0,0,0,3,3,3,13
,2015_32206,0,0,9/28/2015 10:14,10:14,12,0,0,LINCOLN ST S & CENTER AVE E,1,1,0,0,1,4,,,30,0,0,0,0,0,4,3,3
,2015_32207,0,0,9/24/2015 17:24,17:24,3,0,0,UNIVERSITY BLVD S & MISSISSIPPI AVE E,1,2,0,0,1,1,,,30,0,0,0,0,1,4,4,13
,2015_32208,0,0,9/3/2015 8:45,8:45,12,0,0,YALE AVE 6600 BLK E & MAGNOLIA ST S,1,1,0,0,1,4,,,30,0,0,0,0,1,4,3,14
,2015_32216,39.696625,-104.940562,8/19/2015 19:48,19:48,12,0,0,COLORADO BLVD S & MISSISSIPPI AVE E,1,3,0,0,1,1,,,35,0,0,0,0,0,2,3,3
,2015_32217,39.762171,-104.94051,12/16/2015 12:55,12:55,12,0,1,COLORADO BLVD N & MLK BLVD E,2,1,0,0,1,4,,,35,0,0,0,0,2,2,4,13
,2015_32218,39.780422,-104.940502,9/16/2015 13:35,13:35,12,0,0,COLORADO BLVD 4400 BLK N & I-70,1,1,1,0,1,4,,,40,0,0,0,0,0,2,3,7
,2015_32220,39.71124,-104.998918,8/21/2015 15:29,15:29,12,0,0,I-25 & ALAMEDA AVE W,1,1,1,0,1,4,,,55,0,0,0,0,1,1,3,14
,2015_32221,39.72168,-105.008882,9/8/2015 7:10,7:10,15,0,0,I-25 SB MERGE & 6TH AVE,1,3,0,0,1,4,,,55,0,0,0,0,1,1,4,5
,2015_32222,39.72543,-105.013021,11/10/2015 19:06,19:06,12,0,1,I-25 & 6TH AVE W,1,3,0,0,1,4,,,55,0,0,0,0,3,1,3,16
,2015_32223,39.740506,-105.013959,9/27/2015 21:45,21:45,12,0,0,I-25 & COLFAX AVE W,1,3,0,0,1,4,,,55,0,0,0,0,0,1,4,1
,2015_32224,39.760997,-105.004275,10/13/2015 15:58,15:58,3,0,0,20TH ST & I-25 SB RAMPS,1,1,0,0,1,1,,,30,0,0,0,0,0,1,3,8
,2015_32228,39.785534,-104.89964,11/20/2015 23:35,23:35,15,0,0,NORTHFIELD BLVD E & QUEBEC ST,5,3,0,2,1,1,,,40,0,0,0,0,0,2,5,13
,2015_32232,39.774005,-104.847034,11/9/2015 17:37,17:37,12,0,0,I-70 & PEORIA ST N,1,3,0,0,1,4,,,55,0,0,0,0,0,1,3,12
,2015_32239,39.698677,-104.90377,11/20/2015 10:52,10:52,12,0,0,PARKER RD S & QUEBEC ST S,1,1,1,0,1,3,,,40,0,0,0,0,0,2,3,16
,2015_32240,39.678438,-104.993322,9/2/2015 17:09,17:09,12,0,0,EVANS AVE W & SANTA FE DR S,1,1,1,0,1,4,,,35,0,0,0,0,1,2,3,3
,2015_32241,39.685944,-105.025024,10/25/2015 14:00,14:00,15,0,0,FEDERAL BLVD S & MEXICO AVE W,1,1,1,0,1,4,,,40,0,0,0,0,0,2,3,1
,2015_32249,39.780247,-105.025224,8/9/2015 19:00,19:00,1,0,0,46TH AVE W & FEDERAL BLVD N,1,1,0,0,1,1,,,35,0,0,0,0,1,2,4,13
,2015_32268,0,0,12/16/2015 17:49,17:49,3,0,0,12TH AVE E & DELAWARE ST N,5,3,0,0,1,1,,,30,0,0,0,0,0,4,3,13
,2015_32269,0,0,8/11/2015 18:54,18:54,12,0,0,13TH AVE E & JERSEY ST N,1,1,1,0,1,3,,,30,0,0,0,0,0,4,3,3
,2015_32270,0,0,11/18/2015 15:39,15:39,12,0,0,14TH AVE E & RACE ST N,1,1,0,0,1,4,,,30,0,0,0,0,1,4,3,16
,2015_32271,0,0,10/22/2015 22:45,22:45,12,0,0,78TH AVE E & JACKSON GAP ST,2,3,0,0,1,1,,,45,0,0,0,0,0,4,3,2
,2015_32272,0,0,12/17/2015 18:21,18:21,1,0,0,BELLEVIEW AVE E & DTC BLVD S,1,3,0,0,1,1,,,35,0,0,0,0,0,4,3,7
,2015_32273,0,0,12/21/2015 9:00,9:00,12,0,0,EVANS AVE E & DAHLIA ST S,2,1,0,0,1,1,,,35,0,0,0,0,0,4,3,7
,2015_32274,0,0,9/9/2015 14:23,14:23,12,0,0,EVANS AVE E & GRAPE ST S,1,1,0,0,1,1,,,35,0,0,0,0,1,4,3,3
,2015_32284,39.721473,-104.940629,10/19/2015 15:03,15:03,12,0,0,COLORADO BLVD 300 BLK N & 3RD AVE E,1,1,0,0,1,3,,,35,0,0,0,0,0,2,3,12
,2015_32287,39.634235,-104.90683,9/29/2015 17:28,17:28,12,0,0,I-25 & I-225 FLYOVER,2,1,0,1,1,4,,,55,0,0,0,0,0,1,3,16
,2015_32288,39.663917,-104.923111,10/22/2015 16:55,16:55,12,0,0,I-25 & YALE AVE E NB EXIT GO,2,2,0,1,1,4,,,75,0,0,0,0,1,1,3,14
,2015_32289,39.729334,-105.014821,9/19/2015 11:26,11:26,15,0,0,I-25 & 8TH AVE W,1,1,0,0,1,4,,,55,0,0,0,0,0,1,3,1
,2015_32290,39.745171,-105.017637,10/19/2015 18:37,18:37,12,0,0,I-25 & 17TH AVE NB EXIT RAMP,1,3,2,0,1,4,,,55,0,0,0,0,1,1,3,12
,2015_32291,39.765617,-105.000117,9/17/2015 14:59,14:59,12,0,0,I-25 & 20TH ST NB ON RAMP GO,1,1,0,0,1,8,,,55,0,0,0,0,0,1,3,3
,2015_32294,39.653078,-104.898771,8/19/2015 12:25,12:25,15,0,0,HAMPDEN AVE E & TAMARAC DR S,1,1,1,0,1,3,,,40,0,0,0,0,0,2,3,1
,2015_32295,39.661126,-104.866277,12/10/2015 7:20,7:20,15,0,0,HAVANA ST 3000 BLK S & DARTMOUTH AVE E,1,1,1,0,1,4,,,35,0,0,0,0,0,2,3,7
,2015_32302,39.779997,-104.949807,12/7/2015 10:50,10:50,12,0,0,I-70 & STEELE ST,1,1,0,0,1,4,,,55,0,0,0,0,1,1,5,3
,2015_32303,39.778271,-104.89681,11/2/2015 13:45,13:45,12,0,0,I-70 & I-270,1,1,0,0,1,4,,,55,0,0,0,0,1,1,3,3
,2015_32304,39.777207,-104.883686,10/9/2015 6:23,6:23,12,0,1,I-70 & AKRON ST N (NOT IN CORIS),1,2,1,0,1,4,,,45,0,0,0,0,3,1,4,13
,2015_32305,39.774147,-104.848669,11/16/2015 17:56,17:56,12,0,0,I-70 & PEORIA ST N,2,3,0,2,1,4,,,55,0,0,0,0,0,1,3,2
,2015_32306,39.774005,-104.847034,11/1/2015 16:22,16:22,3,0,0,I-70 & PEORIA ST N,1,1,0,0,1,1,,,40,0,0,0,0,1,1,3,14
,2015_32311,39.725867,-105.025126,9/7/2015 17:20,17:20,12,0,0,FEDERAL BLVD N & 6TH AVE W,1,1,0,0,1,3,,,35,0,0,0,0,0,2,3,7
,2015_32320,39.65315,-105.053133,8/19/2015 7:16,7:16,12,0,0,HWY 285 & SHERIDAN BLVD S,1,1,1,0,1,4,,,55,0,0,0,0,0,2,3,13
,2015_32321,39.775376,-105.02524,8/17/2015 14:57,14:57,12,0,0,FEDERAL BLVD & 4300 BLK N,2,1,1,1,1,4,,,35,0,0,0,0,0,2,3,13
,2015_32334,0,0,11/7/2015 9:15,9:15,3,0,0,3RD AVE W & MEADE ST N,1,1,1,0,1,1,,,30,0,0,0,0,0,4,3,13
,2015_32335,0,0,9/3/2015 16:22,16:22,12,0,0,DOWNING ST 1900 BLK S & ASBURY AVE E,1,1,0,0,1,3,,,30,0,0,0,0,1,4,4,12
,2015_32336,0,0,9/5/2015 10:42,10:42,12,0,0,EVANS AVE & 2300 BLK E,1,1,0,0,1,4,,,35,0,0,0,0,0,4,3,13
,2015_32337,0,0,12/10/2015 15:15,15:15,12,0,0,SPEER BLVD & 1400 BLK,1,1,3,0,1,4,,,35,0,0,0,0,1,4,4,1
,2015_32338,0,0,8/18/2015 19:42,19:42,12,0,0,UNIVERSITY BLVD S & MISSISSIPPI AVE E,1,1,0,7,1,3,,,30,0,0,0,0,1,4,3,7
,2015_32339,0,0,10/14/2015 14:42,14:42,1,0,0,YALE AVE E & HOLLY ST S,1,1,1,0,1,1,,,30,0,0,0,0,0,4,3,13
,2015_32349,39.725552,-105.039373,10/21/2015 6:30,6:30,12,0,1,6TH AVE W & PERRY ST N,2,4,1,1,1,1,,,55,0,0,0,0,2,2,3,1
,2015_32350,39.725457,-105.032462,8/28/2015 7:08,7:08,12,0,0,6TH AVE W & KNOX CT N,1,1,0,0,1,4,,,55,0,0,0,0,0,2,4,1
,2015_32351,39.725516,-105.013084,10/26/2015 16:45,16:45,12,0,0,6TH AVE W & I-25 SB RAMP,1,1,1,0,1,4,,,55,0,0,0,0,1,2,3,13
,2015_32358,39.729334,-105.014821,9/30/2015 17:40,17:40,1,0,0,8TH AVE W & WYANDOT ST N,1,1,1,0,1,1,,,30,0,0,0,0,0,1,3,13
,2015_32359,39.760997,-105.004275,8/26/2015 8:40,8:40,12,0,0,I-25 & 20TH ST,1,1,0,0,1,4,,,55,0,0,0,0,1,1,3,1
,2015_32363,39.653094,-104.912878,10/3/2015 14:00,14:00,12,0,0,HAMPDEN AVE E & MONACO PKWY S,1,1,0,0,1,1,,,40,0,0,0,0,1,2,3,13
,2015_32364,39.656992,-104.866396,10/12/2015 9:34,9:34,3,0,0,HAVANA ST S & GIRARD AVE E,1,1,0,0,1,1,,,45,0,0,0,0,0,2,3,13
,2015_32369,39.74,-104.990155,11/29/2015 20:15,20:15,12,0,0,COLFAX AVE 100 BLK W & BANNOCK ST N,5,3,0,2,1,4,,,30,0,0,0,0,0,2,3,7
,2015_32375,39.779525,-104.975636,9/11/2015 17:21,17:21,12,0,0,I-70 & MM 274.8,1,1,0,0,1,4,,,55,0,0,0,0,1,1,4,8
,2015_32376,39.779944,-104.940633,9/1/2015 16:32,16:32,12,0,0,I-70 & COLORADO BLVD N,1,1,0,0,1,1,,,55,0,0,0,0,1,1,3,13
,2015_32378,39.778287,-104.912805,12/3/2015 15:51,15:51,12,0,0,I-70 & MONACO ST N,1,1,0,0,1,4,,,55,0,0,0,0,0,1,3,16
,2015_32379,39.778299,-104.907129,10/19/2015 11:27,11:27,12,0,4,I-70 & WB ON RAMP FROM QUEBE,1,1,0,0,1,4,,,55,0,0,0,0,2,1,3,1
,2015_32380,39.774005,-104.847034,9/8/2015 16:28,16:28,15,0,0,PEORIA ST N & I-70,1,1,0,0,1,4,,,35,0,0,0,0,1,1,3,13
,2015_32397,39.635523,-104.89346,10/3/2015 18:45,18:45,5,0,0,I-225 & TAMARAC DR S,1,3,0,0,1,4,,,65,0,0,0,0,0,1,4,14
,2015_32410,0,0,11/12/2015 15:18,15:18,12,0,0,8TH AVE W & 700 BLK,1,1,1,0,1,4,,,30,0,0,0,0,1,4,3,13
,2015_32411,0,0,11/29/2015 21:10,21:10,3,0,0,8TH AVE W & SPEER BLVD N,4,3,0,2,1,1,,,30,0,0,0,0,0,4,3,13
,2015_32412,0,0,10/28/2015 7:49,7:49,12,0,1,13TH AVE E & JOSEPHINE ST N,1,1,0,0,1,1,,,30,0,0,0,0,2,4,4,14
,2015_32413,0,0,9/10/2015 17:16,17:16,3,0,0,49TH AVE W & LOWELL BLVD N,1,1,0,0,1,1,,,25,0,0,0,0,1,4,3,7
,2015_32414,0,0,8/30/2015 17:50,17:50,12,0,0,EVANS AVE & 5600 BLK E,1,1,0,0,1,3,,,35,0,0,0,0,0,4,3,13
,2015_32415,0,0,11/1/2015 12:45,12:45,3,0,1,22ND ST & BLAKE ST,1,1,0,0,1,1,,,30,0,0,0,0,2,4,3,3
,2015_32416,0,0,9/4/2015 13:35,13:35,3,0,1,22ND ST & LAWRENCE ST,1,1,0,0,1,1,,,35,0,0,0,0,2,4,3,4
,2015_32417,0,0,12/16/2015 11:28,11:28,3,0,0,UNIVERSITY BLVD S & MISSISSISSIPPI AVE E,6,1,0,0,1,1,,,30,0,0,0,0,0,4,3,3
,2015_32438,39.684901,-104.952409,9/9/2015 15:28,15:28,12,0,1,I-25 & STEELE ST,1,1,0,0,1,4,,,55,0,0,0,0,2,1,3,3
,2015_32439,39.707122,-104.996782,11/22/2015 13:45,13:45,12,0,0,I-25 & SANTA FE DR S,1,1,0,0,1,4,,,55,0,0,0,0,0,1,3,16
,2015_32440,39.72543,-105.013021,9/29/2015 23:01,23:01,12,0,0,I-25 & 6TH AVE W,1,3,0,0,1,4,,,55,0,0,0,0,0,1,3,13
,2015_32441,39.729334,-105.014821,12/28/2015 18:05,18:05,12,0,0,I-25 & 8TH AVE W,1,4,0,0,1,4,,,55,0,0,0,0,0,1,4,3
,2015_32442,39.751291,-105.016572,9/18/2015 5:54,5:54,5,0,0,I-25 & 23RD AVE,1,2,0,0,3,4,,,55,0,0,0,0,0,1,3,14
,2015_32445,39.760997,-105.004275,12/4/2015 13:30,13:30,12,0,0,I-25 & 20TH ST,1,1,0,0,1,4,,,55,0,0,0,0,0,1,3,14
,2015_32446,39.764163,-105.001312,12/5/2015 12:00,12:00,12,0,0,I-25 & 20TH ST,1,1,0,0,1,4,,,55,0,0,0,0,0,1,3,16
,2015_32449,39.656781,-104.866409,10/12/2015 9:48,9:48,12,0,0,HAVANA ST S & GIRARD AVE E,1,1,0,0,1,3,,,40,0,0,0,0,0,2,3,3
,2015_32460,39.784221,-105.025096,7/31/2015 8:12,8:12,12,0,0,I-70 & FEDERAL BLVD N,1,1,0,0,1,4,,,55,0,0,0,0,0,1,3,13
,2015_32462,39.779697,-104.982203,9/1/2015 8:40,8:40,12,0,0,I-70 EB OFF RAMP & WASHINGTON ST,1,1,0,0,1,8,,,55,0,0,0,0,0,1,3,2
,2015_32463,39.775942,-104.869458,10/20/2015 6:10,6:10,12,0,0,I-70 & GENEVA ST N (NOT IN C,1,4,1,0,1,4,,,45,0,0,0,0,0,1,3,16
,2015_32464,39.774037,-104.847397,11/5/2015 18:30,18:30,12,0,0,I-70 & PEORIA ST N,1,3,1,0,1,4,,,55,0,0,0,0,1,1,6,7
,2015_32465,39.774021,-104.847216,12/21/2015 9:38,9:38,12,0,0,I-70 EB OFF RAMP & PEORIA ST N,1,1,0,0,1,8,,,25,0,0,0,0,0,1,3,13
,2015_32467,39.67411,-104.869928,12/2/2015 18:50,18:50,12,0,0,PARKER RD 2300 BLK S & ILIFF AVE E,1,3,0,0,1,4,,,40,0,0,0,0,1,2,4,12
,2015_32469,39.70265,-104.994468,11/9/2015 9:09,9:09,12,0,0,SANTA FE DR S & I-25 NB ON RAMP ENT P,1,1,0,0,1,4,,,25,0,0,0,0,0,2,3,1
,2015_32494,0,0,9/3/2015 14:18,14:18,3,0,0,14TH AVE E & DOWNING ST N,1,1,0,0,1,2,,,30,0,0,0,0,0,4,3,13
,2015_32495,0,0,10/22/2015 8:55,8:55,12,0,0,EVANS AVE 1800 BLK E & HIGH ST S,2,1,0,1,1,3,,,35,0,0,0,0,0,4,3,13
,2015_32496,0,0,12/27/2015 13:08,13:08,3,0,0,MARION ST N & 29TH AVE E,5,1,0,0,1,1,,,25,0,0,0,0,0,4,3,14
,2015_32497,0,0,11/21/2015 15:29,15:29,12,0,0,MORRISON RD & KENTUCKY AVE W,1,1,0,0,1,4,,,30,0,0,0,0,0,4,3,16
,2015_32512,39.722563,-105.010032,9/13/2015 12:18,12:18,12,0,0,I-25 & 6TH AVE W,1,1,0,0,1,4,,,55,0,0,0,0,0,1,3,13
,2015_32518,39.711091,-105.0275,9/15/2015 18:30,18:30,12,0,0,ALAMEDA AVE W & HAZEL CT S,1,1,0,0,1,4,,,35,0,0,0,0,0,2,3,14
,2015_32525,39.783138,-105.006328,12/7/2015 6:45,6:45,12,0,2,I-70 & PECOS ST N,1,2,0,0,1,4,,,55,0,0,0,0,2,1,3,5
,2015_32533,39.718707,-105.02516,12/10/2015 18:03,18:03,12,0,0,FEDERAL BLVD N & 1ST AVE W,1,3,0,0,1,3,,,40,0,0,0,0,0,2,3,12
,2015_32534,39.686088,-105.025025,10/23/2015 17:52,17:52,12,0,0,FEDERAL BLVD S & MEXICO AVE W,1,2,1,0,1,4,,,40,0,0,0,0,1,2,3,3
,2015_32559,0,0,10/22/2015 17:41,17:41,12,0,0,6TH AVE 1100 BLK W & KALAMATH ST N,1,2,0,0,1,3,,,35,0,0,0,0,0,4,3,3
,2015_32560,0,0,12/18/2015 9:00,9:00,12,0,0,37TH AVE 10500 BLK E & HAVANA ST N,5,1,0,0,1,1,,,30,0,0,0,0,0,4,3,13
,2015_32561,0,0,11/13/2015 14:35,14:35,3,0,0,6TH AVE E & JACKSON ST N,1,1,0,0,1,1,,,20,0,0,0,0,0,4,3,12
,2015_32562,0,0,12/1/2015 8:32,8:32,12,0,0,CHAMPA ST 2200 BLK & PARK AVE W,1,1,1,0,1,4,,,25,0,0,0,0,0,4,3,12
,2015_32563,0,0,11/20/2015 16:40,16:40,3,0,0,MONTVIEW BLVD E & XENIA ST N,2,3,0,2,1,1,,,30,0,0,0,0,0,4,3,16
,2015_32573,39.680122,-104.94064,12/13/2015 17:06,17:06,3,0,0,COLORADO CENTER DR E & COLORADO BLVD S,1,2,0,0,1,1,,,35,0,0,0,0,0,2,3,12
,2015_32574,39.719729,-104.940628,12/8/2015 16:11,16:11,12,0,0,COLORADO BLVD 100 BLK N & 2ND AVE E,1,1,0,0,1,4,,,35,0,0,0,0,1,2,3,1
,2015_32578,39.74035,-105.013939,12/22/2015 10:57,10:57,9,0,0,I-25 & COLFAX AVE W,1,1,0,0,1,4,,,55,0,0,0,0,1,1,3,13