id,drcog_id,latitude,longitude,crashtime,time,crashtype,numbkilled,numbinjurd,drcoglocat,rdconditin,lightngcon,roadcntgrd,weatherco,location,roaddescrp,schoolzone,constrzone,splimit,bikeinv,pedinv,sctrinv,motoinv,svrty,rdsystem,ttlvehcls,hcf
,2015_32579,39.776458,-104.989213,12/8/2015 16:50,16:50,12,0,0,I-25 & 44TH AVE W,1,3,0,0,1,4,,,55,0,0,0,0,0,1,3,16
,2015_32584,39.711184,-105.00153,12/2/2015 6:47,6:47,12,0,0,ALAMEDA AVE & LIPAN ST,1,1,0,0,1,1,,,35,0,0,0,0,0,2,3,13
,2015_32587,39.740028,-105.002765,8/7/2015 16:22,16:22,12,0,0,COLFAX AVE & MARIPOSA ST N,1,1,0,0,1,1,,,30,0,0,0,0,0,2,3,13
,2015_32592,39.779944,-104.940633,10/6/2015 18:54,18:54,12,0,0,I-70 & COLORADO BLVD N,2,3,0,1,1,4,,,55,0,0,0,0,0,1,3,14
,2015_32596,39.699892,-104.907117,12/5/2015 14:50,14:50,12,0,0,LEETSDALE DR 7100 BLK & ONEIDA ST S,1,1,0,0,1,4,,,35,0,0,0,0,1,2,3,13
,2015_32598,39.729259,-105.02515,11/20/2015 16:50,16:50,3,0,0,8TH AVE W & FEDERAL BLVD N,2,2,0,1,1,1,,,25,0,0,0,0,0,2,3,16
,2015_32599,39.709291,-105.025077,10/21/2015 12:44,12:44,12,0,0,FEDERAL BLVD S & DAKOTA AVE W,2,1,1,0,1,4,,,40,0,0,0,0,0,2,3,13
,2015_32602,39.695427,-105.053223,11/10/2015 17:43,17:43,12,0,0,SHERIDAN BLVD S & ARIZONA AVE W,1,3,0,0,1,4,,,40,0,0,0,0,0,2,3,7
,2015_32615,39.776693,-105.025236,8/3/2015 6:33,6:33,12,1,2,44TH AVE (2900 BLK W) & FEDERAL BLVD N,1,1,0,0,1,3,,,35,0,0,0,0,4,2,6,5
,2015_32638,0,0,11/3/2015 19:48,19:48,3,0,0,1ST AVE W & BANNOCK ST N,1,3,0,0,1,5,,,30,0,0,0,0,0,4,3,7
,2015_32639,0,0,9/3/2015 12:35,12:35,12,0,0,ALAMEDA AVE W & BANNOCK ST S,1,1,0,0,1,4,,,35,0,0,0,0,0,4,3,15
,2015_32641,0,0,9/15/2015 16:27,16:27,12,0,0,BUCHTEL BLVD 1500 BLK E & HUMBOLDT ST S,1,1,0,0,1,4,,,30,0,0,0,0,0,4,3,3
,2015_32642,0,0,10/29/2015 10:50,10:50,12,0,0,DOWNING ST S & ELLSWORTH AVE,1,1,0,0,1,1,,,30,0,0,0,0,0,4,3,1
,2015_32643,0,0,11/18/2015 7:52,7:52,12,0,0,EVANS AVE E & HOLLY ST S,1,1,0,0,1,3,,,35,0,0,0,0,0,4,3,1
,2015_32644,0,0,9/3/2015 16:07,16:07,12,0,0,FLORIDA AVE E & QUEBEC WAY S,1,1,1,0,1,4,,,25,0,0,0,0,0,4,3,3
,2015_32645,0,0,12/9/2015 8:50,8:50,12,0,0,LINCOLN ST 900 BLK N & 9TH AVE E,1,1,0,0,1,4,,,30,0,0,0,0,0,4,3,3
,2015_32646,0,0,12/28/2015 17:00,17:00,12,0,0,QUEBEC ST N & 29TH AVE E,4,3,0,0,1,4,,,35,0,0,0,0,1,4,3,14
,2015_32647,0,0,12/9/2015 16:16,16:16,12,0,0,20TH ST 1500 BLK & WAZEE ST,1,3,0,0,1,4,,,30,0,0,0,0,0,4,3,3
,2015_32649,0,0,10/9/2015 16:49,16:49,12,0,0,TOWER RD N & PENA BLVD,1,1,0,0,1,1,,,55,0,0,0,0,0,4,3,13
,2015_32654,0,0,11/10/2015 12:43,12:43,12,0,0,RACE ST 600 BLK S & CENTER AVE E,1,1,0,0,1,4,,,25,0,0,0,0,0,4,2,13
,2015_32660,39.684917,-104.961222,9/23/2015 17:05,17:05,12,0,0,I-25 SB OFF RAMP & UNIVERSITY BLVD,1,1,0,0,1,8,,,55,0,0,0,0,0,1,2,13
,2015_32670,39.653054,-104.884764,9/29/2015 15:39,15:39,12,0,0,HAMPDEN AVE 8900 BLK E & YOSEMITE ST S,1,1,0,0,1,1,,,45,0,0,0,0,0,2,2,14
,2015_32686,0,0,12/28/2015 12:03,12:03,3,0,0,KEARNEY ST & 4280,5,1,0,0,1,2,,,25,0,0,0,0,0,4,4,13
,2015_32690,39.631383,-104.905614,12/8/2015 18:36,18:36,12,0,0,I-25 & UNION AVE E,1,1,0,0,1,4,,,65,0,0,0,0,1,1,3,14
,2015_32691,0,0,9/18/2015 16:25,16:25,3,0,1,DOWNING ST S & CEDAR AVE E,1,1,0,0,1,1,,,25,0,0,0,0,2,4,4,14
,2015_32692,0,0,12/17/2015 4:00,4:00,12,0,0,EVANS AVE E & DOWNING ST S,4,4,0,0,1,4,,,35,0,0,0,0,1,4,3,13
,2015_32693,0,0,8/28/2015 17:09,17:09,12,0,0,8TH AVE W & BRYANT ST N,1,1,0,0,1,1,,,35,0,0,0,0,0,4,3,13
,2015_32694,39.71124,-104.998918,9/17/2015 17:21,17:21,12,0,0,I-25 & ALAMEDA AVE W,1,1,0,0,1,4,,,60,0,0,0,0,0,1,3,16
,2015_32695,39.767924,-104.995083,11/16/2015 11:47,11:47,15,0,0,I-25 & PARK AVE WEST,1,1,1,0,1,4,,,55,0,0,0,0,0,1,2,13
,2015_32697,0,0,9/14/2015 12:55,12:55,14,0,0,MONACO PKWY N & 6TH AVE E,1,1,0,0,1,4,,,30,0,0,0,0,0,4,2,7
,2015_32698,0,0,8/25/2015 14:02,14:02,12,0,0,MONACO PKWY N & 14TH AVE E,1,1,0,0,1,1,,,30,0,0,0,0,0,4,3,14
,2015_32699,39.685491,-104.940547,9/16/2015 12:58,12:58,15,0,0,COLORADO BLVD 1700 BLK S & MEXICO AVE E,1,1,0,0,1,3,,,40,0,0,0,0,0,2,3,3
,2015_32702,0,0,7/10/2015 13:45,13:45,5,0,1,PENA BLVD 7600 BLK & E-470,1,1,0,7,2,4,,,65,0,0,0,0,2,4,1,10
,2015_32704,39.740344,-105.029905,6/6/2015 20:30,20:30,12,0,0,COLFAX AVE W & IRVING ST N,1,2,1,0,1,1,,,35,0,0,0,0,0,2,3,13
,2015_32705,39.691649,-105.025046,10/15/2015 15:41,15:41,12,0,0,FEDERAL BLVD S & ARKANSAS AVE W,1,1,0,0,1,4,,,35,0,0,0,0,1,2,3,16
,2015_32708,0,0,12/2/2015 9:25,9:25,15,0,0,9TH ST & AURARIA PKWY,1,1,0,0,1,1,,,35,0,0,0,0,0,4,2,13
,2015_32710,0,0,8/11/2015 6:51,6:51,2,0,1,BAYAUD AVE W & TEJON ST S,1,1,0,0,1,1,,,25,1,0,0,0,2,4,2,14
,2015_32711,0,0,11/28/2015 17:45,17:45,10,0,0,BROADWAY ST 1200 BLK N & 24TH ST,1,2,1,0,1,1,,,25,0,0,0,0,0,4,2,14
,2015_32712,0,0,12/7/2015 19:06,19:06,12,0,0,GATEWAY AVE E & DURHAM CT N,1,3,0,0,1,1,,,35,0,0,0,0,1,4,2,13
,2015_32713,0,0,10/21/2015 19:20,19:20,3,0,1,MISSISSIPPI AVE W & CLAY ST S,2,2,0,1,1,1,,,35,0,0,0,0,3,4,2,5
,2015_32716,39.755411,-105.02513,10/1/2015 14:54,14:54,2,0,1,FEDERAL BLVD & 2660 N,1,1,1,0,1,2,,,35,1,0,0,0,2,2,2,13
,2015_32720,0,0,10/4/2015 13:12,13:12,6,0,0,PONTIAC ST 100 BLK N & 2ND AVE E,1,3,0,7,1,4,,,25,0,0,0,0,0,4,2,16
,2015_32721,0,0,12/7/2015 12:47,12:47,6,0,0,WILLIAMS ST 2000 BLK S & EVANS AVE E,1,1,0,7,1,4,,,25,0,0,0,0,0,4,2,16
,2015_32722,0,0,12/25/2015 13:00,13:00,1,0,0,WINONA CT & 3900 BLK N,5,1,1,2,1,1,,,25,0,0,0,0,0,4,3,13
,2015_32731,0,0,9/14/2015 10:34,10:34,6,0,0,33RD AVE 5200 BLK E & FOREST ST,1,1,0,7,1,4,,,25,0,0,0,0,0,4,2,16
,2015_32732,0,0,12/3/2015 18:25,18:25,11,0,0,DOWNING ST N & MLK BLVD E,1,1,0,0,1,1,,,30,0,1,0,0,1,4,2,13
,2015_32740,0,0,9/13/2015 1:07,1:07,6,0,0,BAILS PL W & HOOKER ST S,1,1,0,7,3,1,,,35,0,0,0,0,0,4,2,14
,2015_32741,0,0,12/16/2015 18:55,18:55,15,0,0,GVR BLVD E & PENA BLVD,6,3,0,0,1,1,,,35,0,0,0,0,0,4,2,1
,2015_32750,0,0,9/21/2015 14:52,14:52,6,0,0,DELAWARE ST 600 BLK N & DELAWARE ST W,1,1,0,7,1,4,,,25,0,0,0,0,0,4,2,16
,2015_32751,0,0,11/22/2015 13:37,13:37,6,0,0,IRVING ST S & TENNESSEE AVE W,1,1,0,7,1,4,,,25,0,0,0,0,0,4,2,4
,2015_32752,0,0,9/23/2015 14:45,14:45,12,0,0,LINCOLN ST & 1800 BLK N,1,1,0,0,1,3,,,30,0,0,0,0,0,4,2,16
,2015_32753,0,0,12/13/2015 6:34,6:34,15,0,0,PENA BLVD E & 7400 BLK,2,2,0,2,1,4,,,65,0,0,0,0,0,4,2,1
,2015_32759,39.711161,-105.012463,8/14/2015 17:20,17:20,12,0,0,ALAMEDA AVE & 2100 BLK W,1,1,0,0,1,4,,,35,0,0,0,0,0,2,2,13
,2015_32760,39.71127,-105.052655,10/4/2015 3:14,3:14,5,0,1,ALAMEDA AVE W & 5100 BLK W,1,3,1,0,3,4,,,25,0,0,0,0,2,2,1,5
,2015_32762,39.740084,-104.891709,11/28/2015 11:30,11:30,15,0,0,COLFAX AVE E & VALENTIA ST N,1,1,0,0,1,4,,,35,0,0,0,0,0,2,2,13
,2015_32763,39.769244,-105.025232,11/24/2015 20:46,20:46,2,0,0,FEDERAL BLVD N & 38TH AVE W,1,3,0,0,1,1,,,35,1,0,0,0,1,2,2,1
,2015_32765,0,0,9/8/2015 17:08,17:08,3,0,0,8TH AVE E & PENNSYLVANIA ST N,1,1,0,0,1,1,,,30,0,0,0,0,0,4,2,13
,2015_32766,0,0,11/28/2015 10:56,10:56,3,0,0,W 14TH AVE & STUART ST N,1,1,0,0,1,1,,,30,0,0,0,0,0,4,2,14
,2015_32767,0,0,10/2/2015 5:55,5:55,6,0,0,BAYAUD AVE 1100 BLK E & DOWNING ST S,1,4,0,7,1,4,,,25,0,0,0,0,0,4,3,5
,2015_32770,39.734732,-104.940618,8/27/2015 16:01,16:01,12,0,0,COLORADO BLVD N & 12TH AVE E,1,1,0,0,1,1,,,30,0,0,0,0,0,2,2,13
,2015_32771,39.725211,-105.017879,7/29/2015 17:10,17:10,12,0,0,I-25 NB & 6TH AVE W,1,1,0,0,1,4,,,55,0,0,0,0,1,2,2,13
,2015_32774,0,0,12/23/2015 17:10,17:10,3,0,0,GVR BLVD E & PENA BLVD N,1,3,0,0,1,3,,,40,0,0,0,0,0,4,2,14
,2015_32775,0,0,12/18/2015 2:20,2:20,3,0,1,19TH ST & WELTON ST,5,3,0,0,1,1,,,30,0,0,0,0,2,4,2,5
,2015_32776,0,0,1/25/2015 1:45,1:45,5,0,0,YORK ST 1000 BLK S & MISSISSIPPI AVE E,1,3,0,0,3,4,,,25,0,0,0,0,0,4,1,14
,2015_32777,0,0,12/7/2015 11:50,11:50,3,0,0,20TH ST & LAWRENCE ST,1,1,0,0,1,1,,,25,0,0,0,0,0,4,2,13
,2015_32778,0,0,10/31/2015 9:05,9:05,15,0,0,SANTA FE DR & 300 BLOCK S,1,1,0,0,1,4,,,25,0,0,0,0,0,4,2,16
,2015_32779,39.776458,-104.989213,10/15/2015 6:00,6:00,15,0,0,I-25 & 44TH AVE W,1,2,0,0,1,4,,,55,0,0,0,0,0,1,2,16
,2015_32790,39.740028,-104.998318,10/9/2015 21:30,21:30,12,0,0,COLFAX AVE 900 BLK W & SPEER BLVD N,1,3,0,0,1,4,,,30,0,0,0,0,0,2,2,13
,2015_32791,0,0,9/5/2015 12:35,12:35,3,0,0,8TH AVE E & DOWNING ST N,1,1,0,0,1,1,,,30,0,0,0,0,0,4,2,14
,2015_32792,0,0,9/2/2015 4:57,4:57,5,0,1,EVANS AVE W & WOLFF ST S,1,3,0,0,3,3,,,30,0,0,0,0,3,4,2,2
,2015_32794,0,0,11/24/2015 19:58,19:58,3,0,0,HOLLY ST S & ATLANTIC PL E,1,3,0,0,1,1,,,25,0,0,0,0,0,4,2,16
,2015_32795,0,0,7/18/2015 20:25,20:25,3,0,0,MORRISON RD & RALEIGH ST S,1,3,0,0,1,1,,,35,0,0,0,0,0,4,2,13
,2015_32796,0,0,11/3/2015 8:18,8:18,11,0,0,20TH ST & ARAPAHOE ST,1,1,0,0,1,1,,,,0,1,0,0,1,4,2,16
,2015_32802,39.775623,-104.865778,10/6/2015 21:15,21:15,15,0,0,I-70 & HAVANA ST N,2,3,0,0,1,4,,,55,0,0,0,0,0,1,2,14
,2015_32807,0,0,12/25/2015 18:09,18:09,11,0,0,13TH AVE E & DOWNING ST N,2,3,1,0,1,1,,,30,0,1,0,0,1,4,2,7
,2015_32808,0,0,8/21/2015 8:30,8:30,12,0,0,EVANS AVE 6400 BLK E & MONACO PKWY S,1,1,0,0,1,3,,,35,0,0,0,0,0,4,2,1
,2015_32809,0,0,9/17/2015 7:50,7:50,10,0,0,15TH ST & WELTON ST,1,1,0,0,1,1,,,30,0,0,0,0,0,4,2,1
,2015_32810,0,0,11/25/2015 0:30,0:30,10,0,0,17TH ST & BROADWAY ST N,1,3,0,0,1,1,,,35,0,0,0,0,0,4,2,13
,2015_32811,0,0,12/25/2015 20:00,20:00,6,0,0,STEELE ST 3600 BLK N & 37TH AVE,4,4,0,2,1,4,,,35,0,0,0,0,0,4,2,14
,2015_32814,39.725651,-105.049943,12/7/2015 15:57,15:57,12,0,0,6TH AVE EB ON RAMP & SHERIDAN BLVD N,1,1,0,0,1,4,,,55,0,0,0,0,0,2,2,13
,2015_32815,39.725516,-105.013084,7/1/2015 9:40,9:40,15,0,0,6TH AVE W & I-25,1,5,0,0,1,4,,,45,0,0,0,1,1,2,2,13
,2015_32818,0,0,10/14/2015 17:11,17:11,2,1,0,41ST AVE E & YORK ST N,1,1,0,0,1,1,,,30,1,0,0,0,4,4,2,13
,2015_32819,0,0,10/1/2015 16:50,16:50,12,0,0,HIGH ST 2100 BLK S & EVANS AVE E,1,1,0,0,1,2,,,25,0,0,0,0,0,4,2,13
,2015_32821,39.76305,-104.940506,12/28/2015 17:45,17:45,15,0,0,COLORADO BLVD & 33RD AVE (NOT IN CORI,1,1,0,0,1,4,,,35,0,0,0,0,0,2,2,13
,2015_32823,39.740011,-104.971893,10/17/2015 21:48,21:48,6,0,0,COLFAX AVE E & MARION ST (RD S),1,3,0,0,1,1,,,30,0,0,0,0,0,2,2,3
,2015_32828,0,0,9/20/2015 11:39,11:39,14,0,0,26TH AVE W & TENNYSON ST N,1,1,0,0,1,1,,,30,0,0,0,0,0,4,2,10
,2015_32829,0,0,11/12/2015 8:56,8:56,5,0,0,CEDAR AVE & 4560 W,1,1,0,0,2,4,,,25,0,0,0,0,0,4,1,9
,2015_32830,0,0,12/11/2015 15:30,15:30,6,0,0,DAHLIA ST 2800 N & 29TH AVE E,1,1,0,7,1,4,,,25,0,0,0,0,0,4,2,7
,2015_32831,39.681779,-104.940486,9/20/2015 16:50,16:50,5,0,0,FRONTAGE RD S & COLORADO BLVD S,1,1,0,0,3,1,,,35,0,0,0,0,1,2,1,5
,2015_32833,39.722946,-105.010571,12/13/2015 1:50,1:50,5,0,0,I-25 & 6TH AVE W,2,3,0,0,2,4,,,55,0,0,0,0,1,1,1,13
,2015_32841,0,0,9/5/2015 15:10,15:10,2,0,0,38TH AVE E & ENSENADA ST N,1,1,0,0,1,1,,,30,1,0,0,0,1,4,2,1
,2015_32842,0,0,8/4/2015 17:25,17:25,15,0,0,EVANS AVE E & CLAYTON ST S,1,1,0,0,1,1,,,30,0,0,0,0,0,4,2,13
,2015_32843,0,0,10/9/2015 9:05,9:05,6,0,0,DOWNING ST 500 BLK S & CENTER AVE E,1,1,0,7,1,3,,,30,0,0,0,0,0,4,2,5
,2015_32844,0,0,10/30/2015 0:46,0:46,5,0,0,OSWEGO ST N & 53RD AVE E,1,3,0,0,3,4,,,35,0,0,0,0,0,4,1,5
,2015_32845,0,0,11/15/2015 7:33,7:33,3,0,0,SPEER BLVD & 8TH AVE W,1,1,0,0,1,1,,,30,0,0,0,0,1,4,2,14
,2015_32848,39.711131,-105.032417,9/25/2015 2:00,2:00,12,0,0,ALAMEDA AVE W & MORRISON RD,1,3,0,0,1,1,,,35,0,0,0,0,0,2,2,13
,2015_32849,39.696764,-105.025061,8/28/2015 17:23,17:23,15,0,0,FEDERAL BLVD 1100 BLK S & MISSISSIPPI AVE W,1,1,0,0,1,1,,,40,0,0,0,0,0,2,2,7
,2015_32854,0,0,9/13/2015 0:01,0:01,6,0,0,8TH AVE W 4555 & VRAIN ST/ UTICA ST AL,1,1,0,7,1,4,,,20,0,0,0,0,0,4,2,16
,2015_32855,0,0,9/17/2015 7:30,7:30,6,0,0,42ND AVE 3700 BLK E & GARFIELD ST N,1,2,0,7,1,4,,,25,0,0,0,0,0,4,2,7
,2015_32856,0,0,9/1/2015 18:20,18:20,6,0,0,44TH AVE W & TENNYSON ST N,1,1,0,7,1,1,,,35,0,0,0,0,0,4,2,5
,2015_32857,0,0,10/4/2015 6:00,6:00,6,0,0,50TH AVE 14100 BLK E & CROWN BLVD N,1,3,0,7,1,3,,,15,0,0,0,0,0,4,2,16
,2015_32858,0,0,9/27/2015 1:00,1:00,6,0,0,LAWRENCE ST & 2079 S ALLEY,1,3,0,7,1,5,,,15,0,0,0,0,0,4,2,14
,2015_32859,0,0,11/12/2015 19:39,19:39,15,0,0,NORTHFIELD BLVD 8600 BLK & WILLOW ST W,1,3,0,0,1,4,,,40,0,0,0,0,0,4,2,13
,2015_32860,0,0,11/26/2015 6:00,6:00,5,0,1,MONTVIEW BLVD E & SYRACUSE ST N,5,3,0,2,3,1,,,35,0,0,0,0,3,4,1,1
,2015_32861,0,0,8/23/2015 8:00,8:00,6,0,0,VALENTIA ST & 1300 BLK N,1,1,0,0,1,4,,,25,0,0,0,0,0,4,3,13
,2015_32869,39.740025,-104.998126,9/17/2015 18:05,18:05,9,0,0,COLFAX AVE W & SPEER BLVD N,1,1,0,0,1,1,,,30,0,0,0,1,0,2,1,13
,2015_32870,0,0,6/8/2015 6:00,6:00,5,0,0,ALBROOK DR E & PEORIA ST N,1,3,0,7,3,4,,,25,0,0,0,0,0,4,1,5
,2015_32872,39.711152,-105.025082,11/2/2015 16:47,16:47,12,0,0,FEDERAL BLVD S & ALAMEDA PKWY W,1,1,0,0,1,1,,,35,0,0,0,0,0,2,2,7
,2015_32880,0,0,9/3/2015 11:25,11:25,6,0,0,16TH AVE E & GARFIELD ST N,1,1,0,7,1,3,,,20,0,0,0,0,0,4,2,7
,2015_32886,39.74015,-104.950485,8/22/2015 21:15,21:15,6,0,0,STEELE ST N (RD N) & COLFAX AVE E,1,3,0,0,1,4,,,30,0,0,0,0,0,2,2,5
,2015_32896,0,0,12/22/2015 16:15,16:15,11,0,0,36TH AVE E & N ROSLYN ST,1,2,0,0,1,2,,,,0,1,0,0,1,4,2,16
,2015_32897,0,0,10/3/2015 9:59,9:59,6,0,0,ORLEANS CT N & STOLL PL E,1,1,0,7,1,4,,,25,0,0,0,0,0,4,2,12
,2015_32898,0,0,11/30/2015 9:30,9:30,6,0,0,RARITAN ST S & BAYAUD AVE W,1,1,0,7,1,2,,,10,0,0,0,0,0,4,2,8
,2015_32899,0,0,9/20/2015 16:30,16:30,6,0,0,14TH ST 1000 BLK & ARAPAHOE ST,1,1,0,0,1,4,,,35,0,0,0,0,0,4,3,13
,2015_32900,0,0,8/14/2015 18:50,18:50,6,0,0,ZENOBIA ST S & LOUISIANA AVE W,1,1,0,0,1,1,,,25,0,0,0,0,0,4,3,14
,2015_32905,39.706603,-104.996514,8/28/2015 15:31,15:31,15,0,0,I-25 NB ON LOOP RAMP & SANTA FE DR S,1,1,1,0,1,8,,,55,0,0,0,0,0,1,2,14
,2015_32906,39.740018,-104.99668,10/5/2015 20:03,20:03,12,0,0,WELTON ST & COLFAX AVE W,1,3,0,0,1,1,,,35,0,0,0,0,1,2,2,16
,2015_32913,0,0,9/17/2015 21:41,21:41,6,0,0,GLENCOE ST 2900 BLK S & CORNELL AVE E,1,4,0,7,1,4,,,25,0,0,0,0,0,4,2,16
,2015_32914,0,0,9/28/2015 13:20,13:20,6,0,0,GRANT ST 200 BLK N & 2ND AVE E,1,1,0,7,1,4,,,25,0,0,0,0,0,4,2,16
,2015_32915,0,0,11/21/2015 1:00,1:00,6,0,0,WASHINGTON ST 500 BLK S & VIRGINIA AVE E,2,3,0,2,1,4,,,25,0,0,0,0,0,4,3,14
,2015_32918,39.725338,-105.012957,12/29/2015 5:00,5:00,6,0,0,I-25 & 6TH AVE W,1,3,0,0,1,4,,,55,0,0,0,0,0,1,2,13
,2015_32919,39.674737,-104.870699,12/28/2015 6:29,6:29,3,0,0,ILIFF AVE E & PARKER RD S,1,1,0,0,1,1,,,40,0,0,0,0,0,2,2,13
,2015_32920,0,0,11/16/2015 7:49,7:49,5,0,0,38TH AVE E & HIMALAYA RD N,1,1,0,0,4,1,,,40,0,0,0,0,1,4,1,5
,2015_32921,0,0,11/30/2015 10:30,10:30,6,0,0,DAHLIA ST & 3760 N,2,1,0,7,1,4,,,30,0,0,0,0,0,4,2,1
,2015_32922,0,0,9/11/2015 18:48,18:48,6,0,0,PENNSYLVANIA ST 1400 BLK & ARKANSAS AVE E,1,2,0,7,1,4,,,25,0,0,0,0,0,4,2,3
,2015_32923,0,0,12/4/2015 0:01,0:01,6,0,0,QUITMAN ST & 50 S,1,4,1,7,1,4,,,25,0,0,0,0,0,4,2,16
,2015_32924,0,0,11/21/2015 8:49,8:49,15,0,0,TAMARAC ST & 1500 BLK N,2,1,0,0,1,3,,,25,0,0,0,0,0,4,2,14
,2015_32925,0,0,8/20/2015 17:00,17:00,6,0,0,TENNYSON ST N & 3920,1,1,0,7,1,4,,,25,0,0,0,0,0,4,2,14
,2015_32926,0,0,12/25/2015 1:39,1:39,5,0,1,S TENNYSON ST 976 & TENNESSEE AVE W,1,3,0,0,3,4,,,25,0,0,0,0,2,4,1,5
,2015_32932,39.639656,-104.884319,8/27/2015 17:29,17:29,12,0,0,I-225 NB ON RAMP & YOSEMITE ST S,1,1,0,0,1,8,,,35,0,0,0,0,0,1,2,13
,2015_32934,0,0,8/4/2015 17:35,17:35,6,0,0,ACOMA ST 2000 BLK S & EVANS AVE W,1,1,0,0,1,5,,,10,0,0,0,0,0,4,2,3
,2015_32935,0,0,11/2/2015 18:20,18:20,12,0,0,ALBROOK DR E & CROWN BLVD N,1,3,0,7,1,1,,,25,0,0,0,0,1,4,2,14
,2015_32936,0,0,9/27/2015 6:50,6:50,5,0,0,ALMHERST AVE W & WEBSTER ST S,1,2,0,0,3,2,,,25,0,0,0,0,0,4,1,16
,2015_32937,0,0,7/20/2015 16:43,16:43,12,0,0,EVANS AVE E & UNIVERSITY BLVD S,1,1,0,7,1,3,,,35,0,0,0,0,0,4,2,16
,2015_32938,0,0,12/27/2015 2:02,2:02,5,0,2,HARLAN ST S & HAMPDEN AVE W SERVICE (NOT CDOT),10,3,0,0,3,1,,,35,0,0,0,0,3,4,1,5
,2015_32939,0,0,9/20/2015 4:06,4:06,3,0,0,KENTUCKY AVE W & PATTON CT S,1,3,0,0,1,1,,,25,0,0,0,0,0,4,2,5
,2015_32940,0,0,7/30/2015 17:12,17:12,6,0,1,29TH ST & BLAKE ST,1,1,0,7,1,3,,,25,0,0,0,1,2,4,2,1
,2015_32945,39.729174,-105.014764,10/3/2015 2:04,2:04,15,0,0,I-25 SB ON RAMP GORE PT & 8TH AVE,1,3,0,0,1,8,,,25,0,0,0,0,0,1,2,13
,2015_32949,39.718998,-105.025167,12/25/2015 21:00,21:00,5,0,0,FEDERAL BLVD N & 137,4,3,0,2,3,4,,,35,0,0,0,0,0,2,1,1
,2015_32957,39.75855,-105.025134,8/22/2015 23:45,23:45,12,0,0,29TH AVE W & FEDERAL BLVD N,1,3,0,0,1,4,,,30,0,0,0,0,0,2,2,5
,2015_32962,0,0,8/20/2015 16:30,16:30,3,0,0,8TH AVE W & GALAPAGO ST N,1,1,0,7,1,1,,,35,0,0,0,0,1,4,2,12
,2015_32963,0,0,8/29/2015 14:30,14:30,12,0,0,46TH AVE E & CHAMBERS RD N,1,1,0,0,1,1,,,40,0,0,0,0,1,4,2,2
,2015_32964,0,0,8/27/2015 15:30,15:30,12,0,0,MONACO PKWY S & 700 BLK S,1,1,1,0,1,3,,,35,0,0,0,0,0,4,2,13
,2015_32966,39.768039,-104.994788,12/18/2015 8:45,8:45,15,0,0,I-25 NB RAMPS & PARK AVE WEST,2,1,0,0,1,1,,,30,0,0,0,0,0,1,2,13
,2015_32968,39.777111,-104.882643,11/1/2015 1:30,1:30,12,0,0,I-70 EB OFF RAMP & CENTRAL PARK BLVD N,1,3,0,0,1,8,,,35,0,0,0,0,0,1,2,16
,2015_32971,0,0,11/30/2015 10:55,10:55,6,0,0,S BELLAIRE ST & CORNELL AVE E,4,1,0,7,1,4,,,,0,0,0,0,0,4,2,5
,2015_32972,0,0,11/4/2015 0:09,0:09,6,0,1,29TH DR E & HAVANA ST N,1,3,0,7,1,4,,,30,0,0,0,0,2,4,2,5
,2015_32978,39.708173,-104.927063,12/4/2015 6:00,6:00,11,0,0,FOREST ST S & LEETSDALE DR,1,3,0,0,1,1,,,35,0,1,0,0,1,2,2,13
,2015_32984,0,0,9/7/2015 17:05,17:05,6,0,0,13TH AVE E & LAFAYETTE ST N,1,1,0,0,1,3,,,30,0,0,0,0,1,4,4,5
,2015_32985,0,0,12/2/2015 11:45,11:45,5,0,0,28TH AVE E & TAMARAC ST N,1,1,0,0,3,4,,,25,0,0,0,0,0,4,1,10
,2015_32986,0,0,10/21/2015 20:40,20:40,3,0,0,EVANS AVE W & TEJON ST S,2,3,1,1,1,1,,,35,0,0,0,0,0,4,2,5
,2015_32987,0,0,8/9/2015 16:55,16:55,12,0,0,EVANS AVE W & TENNYSON ST S,1,1,0,0,1,3,,,30,0,0,0,0,0,4,3,5
,2015_32988,0,0,11/26/2015 3:00,3:00,6,0,0,MAXWELL PL 14800 BLK E & N ELKHART ST,5,3,1,2,1,4,,,25,0,0,0,0,0,4,2,1
,2015_32996,39.653054,-104.884764,11/26/2015 18:35,18:35,12,0,0,HAMPDEN AVE E & YOSEMITE ST S,4,3,0,2,1,1,,,45,0,0,0,0,0,2,2,5
,2015_32997,39.696696,-104.991872,9/2/2015 13:25,13:25,15,0,0,SANTA FE DR S & MISSISSIPPI AVE W,1,1,0,0,1,1,,,35,0,0,0,0,0,2,2,3
,2015_32998,39.678616,-105.025049,9/18/2015 15:00,15:00,14,0,0,FEDERAL BLVDS & EVANS AVE W,1,1,0,0,1,1,,,40,0,0,0,0,0,2,2,1
,2015_33001,0,0,12/11/2015 17:49,17:49,6,0,0,GRAPE ST & 2640 N,1,2,0,7,1,4,,,25,0,0,0,0,0,4,2,16
,2015_33003,0,0,8/1/2015 11:45,11:45,11,0,1,OGDEN ST N & 19TH AVE E,1,1,0,0,1,1,,,30,0,1,0,0,3,4,2,13
,2015_33004,0,0,8/16/2015 22:05,22:05,11,0,1,PEORIA ST 4700 BLK N & 47TH AVE E,1,3,0,0,1,4,,,40,0,1,0,0,3,4,2,14
,2015_33013,0,0,11/8/2015 2:19,2:19,15,0,0,LINCOLN ST N & 17TH AVE E,1,3,0,0,1,1,,,30,0,0,0,0,0,4,2,13