id,drcog_id,latitude,longitude,crashtime,time,crashtype,numbkilled,numbinjurd,drcoglocat,rdconditin,lightngcon,roadcntgrd,weatherco,location,roaddescrp,schoolzone,constrzone,splimit,bikeinv,pedinv,sctrinv,motoinv,svrty,rdsystem,ttlvehcls,hcf
,2015_33014,0,0,9/27/2015 11:43,11:43,2,0,0,28TH ST & CURTIS ST,1,1,0,0,1,1,,,25,1,0,0,0,1,4,2,13
,2015_33015,39.751291,-105.016572,10/2/2015 9:34,9:34,5,0,0,I-25 & 23RD AVE W,1,1,0,0,1,4,,,55,0,0,0,0,0,1,1,13
,2015_33017,39.675237,-105.02504,9/19/2015 15:30,15:30,11,0,1,ILIFF AVE W & FEDERAL BLVD S,1,1,0,0,1,1,,,25,0,1,0,0,3,2,2,14
,2015_33018,39.781986,-104.966698,10/17/2015 17:15,17:15,11,0,0,47TH AVE E & BRIGHTON BLVD N,1,1,1,0,1,1,,,30,0,1,0,0,0,2,2,1
,2015_33023,0,0,9/13/2015 13:50,13:50,2,0,1,PENNSYLVANIA ST & 17TH AVE E,1,1,0,0,1,2,,,15,1,0,0,0,2,4,3,14
,2015_33024,39.653077,-104.898688,12/25/2015 13:20,13:20,1,0,0,HAMPDEN AVE E & S TAMARAC DR,4,1,1,2,1,1,,,40,0,0,0,0,0,2,2,2
,2015_33026,39.776747,-104.878679,10/20/2015 17:38,17:38,12,0,1,I-70 & I-270 EB,1,1,1,0,1,8,,,55,0,0,0,1,2,1,2,1
,2015_33028,39.776995,-104.882357,9/26/2015 13:50,13:50,15,0,0,I-270 & I-70 WB DIRECT CONNEC,1,1,0,0,1,4,,,55,0,0,0,0,0,1,2,13
,2015_33031,0,0,11/23/2015 8:50,8:50,12,0,0,23RD AVE E & DOWNING ST N,1,1,0,0,1,1,,,35,0,0,0,0,0,4,2,3
,2015_33033,0,0,11/10/2015 15:24,15:24,6,0,0,29TH AVE W & GROVE ST N,1,1,0,7,1,4,,,30,0,0,0,0,0,4,2,5
,2015_33037,39.777546,-104.903402,8/18/2015 23:15,23:15,12,0,0,QUEBEC ST 4400 BLK N & I-70 EB RAMPS,1,3,1,0,1,4,,,45,0,0,0,0,0,2,2,3
,2015_33039,39.778295,-104.909399,12/31/2015 23:32,23:32,12,0,1,I-70 WB OFF RAMP & MONACO ST,1,3,0,0,1,8,,,55,0,0,0,0,2,1,2,1
,2015_33040,39.774789,-104.85611,12/26/2015 13:00,13:00,15,0,0,I-70 & MM 281,2,1,0,0,1,4,,,55,0,0,0,0,0,1,2,13
,2015_33041,39.696696,-104.991872,9/21/2015 12:34,12:34,15,0,0,SANTA FE DR S & MISSISSIPPI AVE W,1,1,0,0,1,1,,,45,0,0,0,0,0,2,2,13
,2015_33048,0,0,9/5/2015 0:00,0:00,6,0,0,23RD AVE E & CHERRY ST N,1,4,0,7,1,4,,,30,0,0,0,0,0,4,2,7
,2015_33053,39.740263,-105.026859,8/26/2015 2:20,2:20,5,0,0,COLFAX AVE WB ON RAMP & FEDERAL BLVD N,1,3,0,0,2,8,,,25,0,0,0,0,0,2,1,5
,2015_33054,39.740002,-104.987332,12/15/2015 14:26,14:26,12,0,0,COLFAX AVE 00 BLK W & BROADWAY N,4,1,0,2,1,4,,,35,0,0,0,0,0,2,2,13
,2015_33058,0,0,7/15/2015 11:10,11:10,12,0,0,12TH AVE E & ELIZABETH ST N,1,1,0,0,1,1,,,25,0,0,0,0,0,4,2,13
,2015_33059,0,0,10/28/2015 20:20,20:20,3,0,0,CENTRAL PARK BLVD N & MLK BLVD E,1,3,0,0,1,1,,,30,0,0,0,0,0,4,2,13
,2015_33060,0,0,7/16/2015 21:58,21:58,12,0,0,21ST ST 1400 BLK & BLAKE ST,1,3,0,0,1,4,,,20,0,0,0,0,0,4,2,13
,2015_33062,39.742182,-105.014789,12/3/2015 17:20,17:20,12,0,0,I-25 & AURARIA PKWY,1,3,1,0,1,4,,,55,0,0,0,0,0,1,2,16
,2015_33064,39.723512,-105.025158,9/30/2015 8:00,8:00,3,0,0,FEDERAL BLVD N & 5TH AVE W,1,1,0,0,1,2,,,15,0,0,0,0,0,2,2,13
,2015_33071,0,0,11/17/2015 1:06,1:06,12,0,0,11TH AVE W & CHEROKEE ST N,2,4,0,2,1,4,,,25,0,0,0,0,0,4,2,5
,2015_33072,0,0,9/19/2015 17:20,17:20,15,0,0,CORONA ST N & 10TH AVE E,1,1,0,0,1,4,,,30,0,0,0,0,0,4,2,13
,2015_33073,0,0,7/4/2015 20:56,20:56,6,0,0,OGDEN ST 1200 BLK N & CORONA ST N ALLEY,1,4,0,0,1,5,,,10,0,0,0,0,1,4,2,14
,2015_33076,0,0,8/7/2015 14:29,14:29,6,0,0,XENIA ST & 1371 N,1,1,0,0,1,2,,,20,0,0,0,0,0,4,2,14
,2015_33085,0,0,11/16/2015 7:50,7:50,12,0,0,56TH AVE E & FAIRPLAY ST N,1,1,0,0,1,4,,,40,0,0,0,0,0,4,2,3
,2015_33086,0,0,11/13/2015 12:20,12:20,2,0,0,ALAMEDA AVE & 3131 E,1,1,1,0,1,2,,,,1,0,0,0,1,4,2,14
,2015_33087,0,0,12/8/2015 6:10,6:10,5,0,0,AKRON ST S & 3035,1,2,0,0,3,1,,,25,0,0,0,0,0,4,1,5
,2015_33088,0,0,10/21/2015 7:00,7:00,1,0,0,SEMINOLE RD & 6TH AVE WB ON RAMP,2,4,0,1,1,1,,,25,0,0,0,0,1,4,2,13
,2015_33089,0,0,10/30/2015 12:40,12:40,15,0,0,SPEER BLVD N & 8TH AVE W,1,1,0,0,1,4,,,35,0,0,0,0,0,4,2,13
,2015_33095,39.718099,-105.025158,11/8/2015 14:50,14:50,1,0,0,FEDERAL BLVD N & 1ST AVE W,1,1,0,0,1,1,,,40,0,0,0,0,0,2,2,16
,2015_33101,0,0,11/21/2015 7:00,7:00,3,0,0,13TH AVE E & MONACO ST N,5,2,0,0,1,1,,,30,0,0,0,0,0,4,2,16
,2015_33102,0,0,7/28/2015 12:19,12:19,12,0,0,14TH AVE 3300 BLK W & KNOX CT N,1,1,0,7,1,3,,,30,0,0,0,0,0,4,2,16
,2015_33103,0,0,11/16/2015 12:00,12:00,6,0,0,43RD AVE & 2300 BLK E,14,1,0,7,1,4,,,25,0,0,0,0,0,4,2,1
,2015_33104,0,0,9/23/2015 9:29,9:29,14,0,0,15TH ST & 1600 BLK,1,1,0,0,1,4,,,30,0,0,0,0,0,4,2,13
,2015_33105,0,0,12/16/2015 20:11,20:11,12,0,0,QUITMAN ST N & 14TH AVE W,4,4,0,0,1,2,,,25,0,0,0,0,1,4,2,13
,2015_33106,0,0,9/19/2015 9:25,9:25,3,0,0,13TH ST & ARAPAHOE ST,1,1,0,0,1,1,,,25,0,0,0,0,0,4,2,13
,2015_33107,0,0,11/24/2015 7:10,7:10,3,0,0,UNIVERSITY BLVD S & VASSAR AVE E,1,1,0,0,1,1,,,,0,0,0,0,0,4,2,13
,2015_33111,39.725413,-105.023783,12/15/2015 10:10,10:10,5,0,0,6TH AVE W & FEDERAL BLVD N,4,1,0,2,3,4,,,45,0,0,0,0,1,2,1,7
,2015_33113,39.792509,-104.903328,9/22/2015 21:30,21:30,5,0,1,QUEBEC ST 5200 BLK N & 53RD AVE E,1,3,0,0,2,4,,,40,0,0,0,0,2,2,1,1
,2015_33116,39.783162,-105.005948,8/16/2015 12:05,12:05,5,0,4,I-70 & PECOS ST N,1,1,1,0,3,4,,,55,0,0,0,0,2,1,1,3
,2015_33117,39.779912,-104.98847,12/28/2015 16:04,16:04,9,0,0,I-70 EB ON RAMP FROM & I-25 NB RAMP SPLIT,1,2,1,0,2,8,,,55,0,0,0,0,0,1,1,3
,2015_33138,39.725655,-105.051629,9/25/2015 21:45,21:45,15,0,0,6TH AVE W & SHERIDAN BLVD N,1,3,0,0,1,4,,,55,0,0,0,0,0,2,2,13
,2015_33162,0,0,12/13/2015 13:04,13:04,3,0,0,DAKOTA AVE E & CHERRY CREEK DR N E,1,1,0,0,1,1,,,30,0,0,0,0,0,4,2,13
,2015_33163,0,0,11/17/2015 19:11,19:11,5,0,0,DARTMOUTH AVE E & JAMAICA CT S,2,3,1,0,3,4,,,30,0,0,0,0,0,4,1,7
,2015_33164,0,0,11/1/2015 16:45,16:45,6,0,0,DOWNING ST 600 BLK S & KENTUCKY AVE E,1,1,0,7,1,4,,,30,0,0,0,0,0,4,2,16
,2015_33165,0,0,12/17/2015 20:51,20:51,6,0,0,ERIE ST 1700 BLK & 18TH ST,5,3,0,7,1,1,,,25,0,0,0,0,0,4,2,16
,2015_33166,0,0,11/14/2015 20:31,20:31,5,0,0,EUDORA ST N & 3595,1,3,0,0,3,3,,,25,0,0,0,0,0,4,1,9
,2015_33167,0,0,10/19/2015 10:05,10:05,6,0,0,VINE ST 1500 BLK N & COLFAX AVE E,1,1,1,7,1,4,,,25,0,0,0,0,0,4,2,3
,2015_33168,0,0,9/2/2015 21:00,21:00,6,0,1,WASHINGTON ST & 1300 BLK S,1,3,0,7,1,4,,,25,0,0,0,0,2,4,3,12
,2015_33169,0,0,12/21/2015 12:35,12:35,6,0,0,E WESLEY AVE & GAYLORD ST S,5,1,0,7,1,5,,,20,0,0,0,0,0,4,2,14
,2015_33177,39.761114,-105.004133,8/30/2015 17:50,17:50,5,0,1,I-25 NB ON SLIP RAMP & 20TH ST W,1,1,1,0,2,8,,,30,0,0,0,0,3,1,1,5
,2015_33179,39.65308,-104.891791,9/12/2015 11:32,11:32,3,0,1,HAMPDEN AVE E & VERBENA ST S,1,1,2,0,1,2,,,45,0,0,0,0,3,2,2,7
,2015_33184,39.779435,-104.979009,11/25/2015 23:44,23:44,5,0,0,I-70 & WASHINGTON ST N EB RAMPS,5,3,1,0,2,1,,,40,0,0,0,0,0,1,1,5
,2015_33185,39.779936,-104.98866,12/21/2015 22:05,22:05,5,0,0,I-70 EB OFF LOOP RAMP TO & I-25,5,3,1,0,2,8,,,45,0,0,0,0,0,1,1,7
,2015_33186,39.779895,-104.967089,11/18/2015 7:39,7:39,12,0,0,I-70 & BRIGHTON BLVD N,1,1,0,0,1,4,,,55,0,0,0,0,0,1,2,7
,2015_33207,39.717824,-104.940628,8/26/2015 17:47,17:47,1,0,0,COLORADO BLVD N & 1ST AVE E,1,1,1,0,1,1,,,35,0,0,0,0,1,2,2,13
,2015_33208,39.740086,-104.940612,11/29/2015 11:29,11:29,12,0,0,COLORADO BLVD & 1500 BLK N,1,1,0,0,1,3,,,45,0,0,0,0,0,2,2,14
,2015_33212,39.694462,-104.979284,11/12/2015 4:55,4:55,5,0,0,I-25 NB OFF RAMP & NB EXIT GORE PT TO BR,1,3,1,0,3,1,,,30,0,0,0,0,1,1,1,13
,2015_33227,0,0,12/7/2015 21:30,21:30,5,0,1,78TH AVE E & GUN CLUB RD N,1,3,0,0,2,1,,,35,0,0,0,0,2,4,1,13
,2015_33248,39.740322,-105.053272,6/4/2015 16:51,16:51,15,0,0,SHERIDAN BLVD & COLFAX AVE W,1,1,0,0,1,1,,,30,0,0,0,0,0,2,2,13
,2015_33265,0,0,10/6/2015 11:22,11:22,5,0,0,37TH AVE W & 5014,1,1,0,0,2,4,,,30,0,0,0,0,0,4,1,14
,2015_33266,0,0,12/5/2015 12:47,12:47,5,0,0,46TH AVE E & BRIGHTON BLVD N,1,1,3,0,2,4,,,30,0,0,0,0,0,4,1,5
,2015_33267,0,0,11/27/2015 15:07,15:07,5,0,0,COLORADO AVE 4600 BLK W & UTICA ST S,4,1,0,2,3,4,,,25,0,0,0,0,0,4,1,1
,2015_33268,0,0,9/17/2015 11:47,11:47,2,0,0,DAHLIA ST S & FLORIDA AVE E,1,1,0,0,1,1,,,20,1,0,0,0,1,4,2,14
,2015_33269,0,0,8/5/2015 14:00,14:00,11,0,0,DEXTER ST N & 13TH AVE E,1,1,0,0,1,3,,,30,0,1,0,0,0,4,2,13
,2015_33271,0,0,10/22/2015 8:00,8:00,11,0,1,18TH ST & LAWRENCE ST,2,2,0,1,1,1,,,25,0,1,0,0,3,4,2,13
,2015_33272,0,0,8/19/2015 9:00,9:00,6,0,0,SHOSHONE ST & 3546,1,1,0,0,1,4,,,25,0,0,0,0,0,4,2,13
,2015_33273,0,0,7/31/2015 14:15,14:15,6,0,0,SOUTHMOOR DR N & KEARNEY LN S,1,1,0,0,1,4,,,25,0,0,0,0,0,4,2,12
,2015_33286,39.740342,-105.034774,10/17/2015 18:52,18:52,1,0,1,COLFAX AVE W & LOWELL BLVD N,1,1,0,0,1,5,,,35,0,0,0,0,2,2,2,16
,2015_33287,39.740022,-104.981343,12/7/2015 16:30,16:30,6,0,0,COLFAX AVE E & PENNSYLVANIA ST,1,1,0,0,1,4,,,30,0,0,0,0,0,2,2,14
,2015_33288,39.74002,-104.981158,9/13/2015 11:15,11:15,15,0,1,COLFAX AVE 500 BLK E & PENNSYLVANIA ST N,1,3,0,0,1,1,,,40,0,0,0,1,2,2,2,1
,2015_33289,39.740081,-104.89639,12/23/2015 21:50,21:50,6,0,0,COLFAX AVE E & TRENTON ST N,1,3,0,0,1,4,,,20,0,0,0,0,0,2,2,5
,2015_33323,39.833189,-104.746847,11/11/2015 5:35,5:35,5,0,0,E-470 SB OFF LOOP RAMP & PENA BLVD,4,3,0,2,3,4,,,50,0,0,0,0,0,2,1,8
,2015_33324,39.83409,-104.746857,8/24/2015 7:35,7:35,5,0,0,E-470 EB COLLECTOR RAMP FROM PENA & RAMP SPLIT,1,1,0,0,3,8,,,50,0,0,0,0,0,2,1,13
,2015_33337,0,0,11/21/2015 7:50,7:50,5,0,0,17TH AVE E & GARFIELD ST N,5,1,0,0,2,4,,,30,0,0,0,0,0,4,1,1
,2015_33338,0,0,10/19/2015 15:05,15:05,2,0,1,23RD AVE & 3000 BLK W,1,1,0,0,1,4,,,35,1,0,0,0,2,4,2,14
,2015_33339,0,0,8/23/2015 14:33,14:33,6,0,0,33RD AVE E & MADISON ST N,1,1,1,0,1,1,,,25,0,0,0,0,0,4,2,13
,2015_33340,0,0,11/21/2015 0:05,0:05,6,0,0,37TH AVE 1300 BLK W & MARIPOSA ST N,5,3,0,2,1,4,,,25,0,0,0,0,0,4,2,7
,2015_33365,0,0,11/12/2015 13:13,13:13,6,0,0,7TH AVE & 700 BLK W,1,1,1,7,1,4,,,25,0,0,0,0,0,4,2,16
,2015_33366,0,0,12/31/2015 6:30,6:30,11,0,1,14TH AVE E & LINCOLN ST N,1,3,0,0,1,1,,,30,0,1,0,0,2,4,2,13
,2015_33367,0,0,10/1/2015 20:46,20:46,6,0,1,17TH AVE 2900 BLK E & FILLMORE ST N,1,3,0,0,1,4,,,30,0,0,0,0,2,4,2,5
,2015_33368,0,0,11/20/2015 23:34,23:34,5,0,0,38TH AVE W & JULIAN ST N,5,3,1,2,3,4,,,35,0,0,0,0,0,4,1,14
,2015_33369,0,0,8/26/2015 17:50,17:50,6,0,0,LOGAN ST 1100 BLK N & 12TH AVE E,1,1,0,0,1,4,,,30,0,0,0,0,0,4,4,5
,2015_33372,39.740086,-104.940612,10/21/2015 15:16,15:16,5,0,0,COLFAX AVE E & COLORADO BLVD N,2,1,0,1,3,1,,,30,0,0,0,0,0,2,1,13
,2015_33402,0,0,10/19/2015 15:25,15:25,5,0,0,ALAMEDA AVE 8500 BLK E & FAIRMOUNT DR,1,1,0,0,3,4,,,40,0,0,0,0,0,4,1,2
,2015_33403,0,0,9/12/2015 6:20,6:20,5,0,0,PENA BLVD 8400 BLK & 56TH AVE E,1,1,0,0,3,4,,,65,0,0,0,0,0,4,1,3
,2015_33414,39.653081,-104.887692,11/25/2015 15:33,15:33,5,0,0,HAMPDEN AVE E & WILLOW ST S,1,1,0,0,2,1,,,45,0,0,0,0,0,2,1,3
,2015_33415,39.740053,-104.984901,11/16/2015 7:45,7:45,2,0,1,COLFAX AVE E & SHERMAN ST N,1,1,1,0,1,1,,,25,1,0,0,0,2,2,2,14
,2015_33422,0,0,9/2/2015 13:05,13:05,6,0,0,DAHLIA ST 1300 BLK S & LOUISIANA AVE E,1,1,1,7,1,4,,,30,0,0,0,0,0,4,2,1
,2015_33423,0,0,12/2/2015 7:45,7:45,2,0,1,DEXTER 800 BLK S & 800 BLK S,1,1,0,0,1,2,,,25,1,0,0,0,2,4,2,13
,2015_33424,0,0,9/17/2015 13:59,13:59,6,0,0,DEXTER ST 900 BLK S & TENNESSEE AVE E,1,1,0,7,1,4,,,25,0,0,0,0,0,4,2,3
,2015_33425,0,0,8/8/2015 15:58,15:58,6,0,0,DOWNING ST & 900 BLK S,1,1,0,0,1,4,,,30,0,0,0,0,0,4,2,7
,2015_33426,0,0,9/1/2015 9:00,9:00,2,0,0,IRVING ST S & LOUISIANA AVE W,1,1,0,0,1,1,,,25,1,0,0,0,1,4,2,13
,2015_33427,0,0,11/1/2015 21:17,21:17,6,0,0,JOSEPHINE ST N & 47TH AVE E,1,4,0,7,1,4,,,25,0,0,0,0,0,4,4,5
,2015_33428,0,0,12/9/2015 11:31,11:31,5,0,0,LOWELL BVLD S & GIRARD AVE W,1,1,1,0,3,4,,,35,0,0,0,0,0,4,1,13
,2015_33429,0,0,9/17/2015 22:07,22:07,12,0,0,PENNSYLVANIA ST 1600 BLK & 16TH AVE E,1,2,0,0,1,4,,,30,0,0,0,0,1,4,2,3
,2015_33430,0,0,6/9/2015 7:00,7:00,15,0,0,QUEBEC ST 700 BLK N & 7TH AVE,1,1,0,0,1,4,,,30,0,0,0,0,0,4,2,13
,2015_33431,0,0,10/1/2015 21:15,21:15,5,0,0,PENA BLVD 7400 BLK & 75TH AVE E,1,3,1,0,2,4,,,65,0,0,0,0,1,4,1,12
,2015_33432,0,0,11/6/2015 8:10,8:10,3,0,0,QUEBEC ST N & MONTVIEW BLVD E,1,1,0,0,1,1,,,25,0,0,0,0,0,4,2,7
,2015_33465,0,0,10/3/2015 14:00,14:00,6,0,0,7TH AVE E & PENNSYLVANIA ST N,1,1,1,7,1,4,,,30,0,0,0,0,0,4,2,14
,2015_33466,0,0,9/23/2015 18:14,18:14,2,0,0,10TH AVE E & BROADWAY ST N,1,1,1,0,1,1,,,30,1,0,0,0,1,4,2,14
,2015_33467,0,0,11/26/2015 12:04,12:04,5,0,0,29TH AVE & 3000 BLK W,5,1,1,2,3,4,,,30,0,0,0,0,0,4,1,1
,2015_33468,0,0,10/28/2015 20:18,20:18,6,0,0,29TH AVE E & BELLAIRE ST N,1,3,0,7,1,4,,,30,0,0,0,0,0,4,2,5
,2015_33469,0,0,10/11/2015 9:30,9:30,6,0,0,36TH AVE & HUMBOLDT 1500 BLK,1,1,0,7,3,4,,,25,0,0,0,0,0,4,2,7
,2015_33470,0,0,9/21/2015 16:23,16:23,6,0,0,DOWNING ST S & BAYAUD AVE E,1,1,0,7,1,4,,,30,0,0,0,0,0,4,2,16
,2015_33471,0,0,12/14/2015 19:06,19:06,6,0,0,N KING ST & 3RD AVE W,1,1,1,7,1,4,,,35,0,0,0,0,0,4,2,12
,2015_33480,39.725516,-105.013084,10/21/2015 16:50,16:50,15,0,0,6TH AVE E & I-25,2,1,0,1,1,4,,,45,0,0,0,0,0,2,2,14
,2015_33488,0,0,8/5/2015 13:35,13:35,3,0,0,CHAMBERS RD N & MAXWELL PL E,1,1,0,0,1,1,,,40,0,0,0,0,0,4,2,7
,2015_33527,0,0,11/17/2015 19:18,19:18,11,0,1,12TH AVE E & ROSEMARY ST N,5,3,0,0,2,4,,,25,0,1,0,0,3,4,2,5
,2015_33528,0,0,10/4/2015 3:40,3:40,5,0,0,14TH AVE 1200 BLK E & MARION ST N,1,3,0,0,2,4,,,30,0,0,0,0,1,4,1,10
,2015_33529,0,0,12/17/2015 12:14,12:14,6,0,0,VRAIN ST & 4300 BLK N,4,1,1,7,1,4,,,25,0,0,0,0,0,4,2,1
,2015_33542,39.776947,-104.881674,11/25/2015 12:31,12:31,12,0,0,I-270 EB DIRECT CONNECT & I-70,1,1,0,0,1,4,,,55,0,0,0,0,0,1,2,16
,2015_33545,39.653517,-105.046449,11/14/2015 2:53,2:53,5,0,0,HWY 285 & 4500 BLK W,1,3,0,0,2,4,,,55,0,0,0,0,0,2,1,2
,2015_33557,0,0,10/15/2015 10:24,10:24,2,0,1,ESPLANADE PKWY N & 16TH AVE E,1,1,0,0,1,1,,,25,1,0,0,0,2,4,2,16
,2015_33558,0,0,9/1/2015 14:09,14:09,6,0,0,FLORIDA AVE 600 BLK E & PEARL ST S,1,1,0,7,1,4,,,25,0,0,0,0,0,4,2,16
,2015_33559,0,0,12/28/2015 13:10,13:10,5,0,0,HAVANA WAY N & KINGSTON ST N,1,1,0,0,3,4,,,40,0,0,0,0,1,4,1,3
,2015_33560,0,0,7/10/2015 16:27,16:27,15,0,0,STAPLETON DR S & DAHLIA ST N,1,1,0,0,1,1,,,30,0,0,0,0,1,4,2,13
,2015_33561,0,0,10/13/2015 16:12,16:12,6,0,0,STEAVENSON PL & 2400 BLK E,1,1,0,1,1,4,,,25,0,0,0,0,0,4,2,14
,2015_33562,0,0,12/13/2015 11:25,11:25,5,0,0,STEELE ST S & COLORADO AVE E,5,1,0,2,2,4,,,25,0,0,0,0,0,4,1,7
,2015_33573,39.783162,-105.005948,8/16/2015 12:05,12:05,5,0,4,I-70 & PECOS ST N,1,1,1,0,3,4,,,55,0,0,0,0,2,1,1,3
,2015_33602,0,0,11/21/2015 10:26,10:26,6,0,0,5TH AVE W & BANNOCK ST N,5,1,0,7,1,4,,,25,0,0,0,0,0,4,2,16
,2015_33603,0,0,10/2/2015 0:01,0:01,5,0,0,PEORIA ST 3800 BLK N & 38TH AVE E,1,3,0,0,1,4,,,45,0,0,0,0,0,4,1,13
,2015_33604,0,0,9/12/2015 14:00,14:00,6,0,0,RALEIGHT ST S & MORRISON RD,1,1,0,7,1,4,,,25,0,0,0,0,0,4,2,3
,2015_33605,0,0,9/30/2015 14:55,14:55,11,0,1,14TH ST 900 BLK & CHAMPA ST,1,1,0,0,1,4,,,30,0,1,0,0,3,4,3,14
,2015_33622,39.783989,-104.989144,11/4/2015 8:47,8:47,15,0,0,I-25 & 48TH AVE W,1,1,0,0,1,4,,,55,0,0,0,0,0,1,2,16
,2015_33623,39.751291,-105.016572,8/27/2015 13:27,13:27,5,0,0,I-25 & 23RD AVE W,1,1,1,0,1,4,,,55,0,0,0,0,0,1,1,13
,2015_33624,39.760997,-105.004275,12/3/2015 19:42,19:42,5,0,0,I-25 & 20TH ST,1,3,0,0,2,4,,,55,0,0,0,0,0,1,1,16
,2015_33650,0,0,10/13/2015 7:20,7:20,3,0,1,38TH AVE E & ENSENADA ST N,1,1,0,0,1,1,,,35,0,0,0,1,2,4,2,13
,2015_33651,0,0,9/4/2015 9:45,9:45,11,0,1,PENNSYLVANIA ST N & 16TH AVE E,1,1,0,0,1,1,,,30,0,1,0,0,3,4,2,13
,2015_33669,39.711129,-105.02277,9/13/2015 5:07,5:07,5,0,0,ALAMEDA AVE W & DECATUR ST S,1,3,0,0,2,4,,,40,0,0,0,0,0,2,1,5
,2015_33676,39.656175,-105.053223,9/12/2015 14:47,14:47,11,0,0,SHERIDAN BLVD S & DARTMOUTH AVE W,1,1,0,0,1,1,,,25,0,1,0,0,1,2,3,1
,2015_33680,39.653155,-105.05274,11/18/2015 15:34,15:34,5,0,0,HWY 285 WB OFF RAMP & SHERIDAN BLVD S,1,1,0,0,2,8,,,35,0,0,0,0,0,2,1,10
,2015_33693,0,0,8/17/2015 15:14,15:14,3,0,1,PEORIA ST N & 46TH AVE E,2,1,1,1,1,1,,,40,0,0,0,1,3,4,2,13
,2015_33694,0,0,10/16/2015 22:30,22:30,5,0,0,PIERCE ST S 2995 & CORNELL AVE W,1,3,0,0,3,4,,,25,0,0,0,0,0,4,1,2
,2015_33696,0,0,11/23/2015 20:25,20:25,6,0,0,URAVAN ST N & 45TH AVE E,1,4,0,7,1,4,,,35,0,0,0,0,0,4,2,2
,2015_33697,0,0,9/25/2015 17:35,17:35,5,0,0,WALNUT ST & 40TH ST,1,1,0,0,3,4,,,30,0,0,0,0,0,4,1,2
,2015_33711,0,0,3/13/2015 23:10,23:10,5,0,0,AURARIA PKWY & 12TH ST,1,3,0,7,2,1,,,30,0,0,0,0,0,4,1,14
,2015_33713,39.734783,-105.025189,9/14/2015 13:14,13:14,11,0,0,12TH AVE W & FEDERAL BLVD N,1,1,1,0,1,1,,,35,0,1,0,0,0,2,2,13
,2015_33720,0,0,12/14/2015 6:31,6:31,2,0,0,12TH AVE E & ELIZABETH ST N,1,2,0,0,1,4,,,30,1,0,0,0,0,4,2,8
,2015_33727,39.721318,-105.025197,9/18/2015 14:55,14:55,1,0,0,FEDERAL BLVD N & 3RD AVE W,1,1,0,0,1,1,,,45,0,0,0,1,0,2,2,13
,2015_33728,39.714637,-105.025155,11/30/2015 8:45,8:45,5,0,0,FEDERAL BLVD S & BAYAUD AVE W,4,1,1,2,2,4,,,35,0,0,0,0,0,2,1,13
,2015_33747,0,0,8/21/2015 7:05,7:05,6,0,0,6TH AVE 7000 BLK E & PONTIAC ST N,1,1,0,7,1,3,,,30,0,0,0,0,0,4,2,5
,2015_33748,0,0,7/26/2015 11:40,11:40,5,0,0,13TH AVE 5400 BLK E & HUDSON ST N,1,1,0,0,3,4,,,30,0,0,0,0,0,4,1,13
,2015_33755,39.73618,-104.940617,10/24/2015 11:51,11:51,5,0,0,COLORADO BLVD N & 13TH AVE E,1,1,0,0,3,4,,,35,0,0,0,0,0,2,2,13
,2015_33756,39.736767,-104.940616,10/12/2015 17:19,17:19,11,0,0,13TH AVE E & COLORADO BLVD N,1,1,0,0,1,1,,,30,0,1,0,0,1,2,2,14
,2015_33757,39.713064,-105.000002,12/2/2015 18:00,18:00,12,0,0,I-25 NB ON RAMP @ & CEDAR AVE W & KALAMATH ST S,1,3,1,0,1,1,,,30,0,0,0,0,0,1,2,3
,2015_33758,39.718407,-105.005258,8/29/2015 18:09,18:09,12,0,0,I-25 & 1ST AVE W (NOT IN COR,1,1,0,0,1,4,,,55,0,0,0,0,0,1,2,13
,2015_33759,39.66762,-104.92561,12/15/2015 21:48,21:48,5,0,0,I-25 & YALE AVE E,4,3,1,0,3,4,,,65,0,0,0,0,0,1,1,7
,2015_33765,39.779936,-104.98866,11/22/2015 22:13,22:13,5,0,0,I-70 EB ON RAMP & I-25,1,5,1,0,2,8,,,55,0,0,0,0,1,1,1,5
,2015_33766,39.779445,-104.979196,12/25/2015 12:34,12:34,5,0,0,I-70 & WASHINGTON ST N,5,1,0,2,3,4,,,55,0,0,0,0,0,1,1,14
,2015_33767,39.780067,-104.932265,9/14/2015 0:55,0:55,5,0,0,I-70 & MM 277,1,3,0,0,2,4,,,55,0,0,0,0,0,1,1,5
,2015_33768,39.780006,-104.931555,8/30/2015 20:47,20:47,5,0,0,I-70 & DAHLIA ST N,1,3,0,0,3,4,,,55,0,0,0,0,0,1,1,7
,2015_33769,39.778299,-104.901743,8/24/2015 5:00,5:00,5,0,0,I-70 & NORTHFIELD QUEBEC ST,1,3,0,0,1,4,,,55,0,0,0,0,0,1,1,13
,2015_33786,0,0,11/27/2015 1:12,1:12,6,0,0,38TH AVE 2600 BLK W & CLAY ST N,5,3,1,2,1,4,,,35,0,0,0,0,0,4,3,14
,2015_33787,0,0,12/18/2015 19:50,19:50,6,0,0,DOWNING ST 300 BLK N & 3RD AVE E,6,3,0,7,1,4,,,30,0,0,0,0,0,4,3,5
,2015_33788,0,0,12/27/2015 14:15,14:15,6,0,0,SHERMAN ST & 4900 BLK N,4,1,0,7,1,4,,,25,0,0,0,0,0,4,2,7
,2015_33805,39.725655,-105.052567,11/5/2015 0:23,0:23,5,0,0,6TH AVE W & SHERIDAN BLVD N,6,3,0,2,3,4,,,55,0,0,0,0,0,2,1,16