id,drcog_id,latitude,longitude,crashtime,time,crashtype,numbkilled,numbinjurd,drcoglocat,rdconditin,lightngcon,roadcntgrd,weatherco,location,roaddescrp,schoolzone,constrzone,splimit,bikeinv,pedinv,sctrinv,motoinv,svrty,rdsystem,ttlvehcls,hcf
,2015_33824,0,0,11/9/2015 11:15,11:15,6,0,0,ZUNI ST & 3200 BLK N,1,1,1,7,1,4,,,30,0,0,0,0,0,4,2,16
,2015_33835,39.780567,-104.991833,11/4/2015 20:20,20:20,5,0,0,I-70 EB OFF LOOP RAMP TO NB & I-25,2,4,1,1,1,8,,,55,0,0,0,0,0,1,1,16
,2015_33836,39.779435,-104.979009,9/3/2015 18:15,18:15,5,0,0,I-70 & WASHINGTON ST N,2,1,1,1,2,4,,,55,0,0,0,0,0,1,1,1
,2015_33857,0,0,9/3/2015 8:35,8:35,6,0,0,EVANS AVE W & 4660,1,1,1,7,1,4,,,30,0,0,0,0,1,4,2,12
,2015_33871,39.691359,-105.025048,9/28/2015 18:15,18:15,2,0,1,FEDERAL BLVD S & ARKANSAS AVE W,1,2,0,0,1,1,,,40,1,0,0,0,2,2,2,12
,2015_33885,0,0,11/16/2015 21:50,21:50,11,0,0,BROADWAY & 20TH ST,2,3,0,2,1,1,,,30,0,1,0,0,1,4,2,16
,2015_33886,0,0,12/5/2015 0:28,0:28,6,0,0,CHEROKEE ST 100 BLK S & MAPLE AVE W,1,3,0,7,1,4,,,30,0,0,0,0,0,4,2,3
,2015_33887,0,0,12/17/2015 17:35,17:35,6,0,0,CORNELL AVE W & FEDERAL BLVD,4,2,0,0,1,1,,,25,0,0,0,0,0,4,2,3
,2015_33904,39.709113,-104.996177,9/24/2015 14:48,14:48,12,0,0,SANTA FE DR 500 BLK S (MP APPROX) & DAKOTA AVE W (NOT IN CORIS),1,1,0,0,1,4,,,35,0,0,0,1,0,2,2,13
,2015_33938,0,0,9/22/2015 15:21,15:21,13,0,1,51ST AVE E & CROWN BLVD N,1,1,1,0,1,1,,,25,0,0,0,0,2,4,2,13
,2015_33939,0,0,8/18/2015 7:42,7:42,5,0,1,CANOSA CT S & EXPOSITION AVE W,1,1,0,0,2,4,,,25,0,0,0,0,2,4,1,3
,2015_33940,0,0,12/1/2015 9:09,9:09,6,0,0,W CENTER AVE & IRVING ST S,5,1,0,7,1,4,,,25,0,0,0,0,0,4,3,7
,2015_33941,0,0,11/19/2015 3:00,3:00,6,0,0,CENTRAL PARK BLVD N & 50TH AVE E,1,3,0,0,1,4,,,35,0,0,0,0,0,4,4,5
,2015_33942,0,0,11/30/2015 17:35,17:35,6,0,0,S PERRY ST & VASSAR AVE W,4,1,0,7,1,4,,,25,0,0,0,0,0,4,3,16
,2015_33956,39.775714,-104.866834,9/4/2015 4:15,4:15,5,0,0,I-70 & HAVANA ST N,1,3,1,0,1,4,,,55,0,0,0,0,0,1,1,16
,2015_33961,0,0,10/1/2015 20:51,20:51,6,0,0,PENNSYLVANIA ST 2500 BLK & VASSAR AVE E,1,4,1,7,1,3,,,20,0,0,0,0,1,4,2,5
,2015_33963,39.71124,-104.998918,11/7/2015 11:45,11:45,5,0,0,I-25 & ALAMEDA AVE W,1,1,0,0,2,4,,,55,0,0,0,0,0,1,1,1
,2015_33986,0,0,11/1/2015 0:51,0:51,6,0,0,13TH AVE & 3100 BLK E,1,3,0,7,1,4,,,30,0,0,0,0,0,4,2,8
,2015_33987,0,0,8/30/2015 11:50,11:50,6,0,0,51ST AVE E & URSULA WY N,1,1,0,7,1,4,,,25,0,0,0,0,0,4,2,14
,2015_33988,0,0,11/15/2015 15:18,15:18,6,0,0,ARCHER PL 100 BLK W & BROADWAY ST S,1,1,0,7,1,2,,,25,0,0,0,0,0,4,2,3
,2015_33989,0,0,9/27/2015 8:05,8:05,6,0,0,ARKANSAS AVE 4800 BLK W & WOLFF ST S,1,1,0,7,1,4,,,25,0,0,0,0,0,4,2,3
,2015_33990,0,0,11/21/2015 7:27,7:27,5,0,0,JEWELL AVE W & TENNYSON ST S,5,1,0,0,2,1,,,30,0,0,0,0,0,4,1,13
,2015_33997,39.684918,-104.950446,11/25/2015 11:50,11:50,12,0,0,I-25 & STEELE ST S,1,1,0,0,1,4,,,60,0,0,0,0,0,1,2,7
,2015_34002,39.767503,-104.996169,8/28/2015 4:07,4:07,6,0,3,I-25 & PARK AVE NB EXIT RAMP,1,3,1,0,2,4,,,55,0,0,0,0,3,1,4,5
,2015_34014,39.689552,-105.02506,9/26/2015 17:07,17:07,11,0,0,FLORIDA AVE W & FEDERAL BLVD S,1,1,0,0,1,1,,,35,0,1,0,0,1,2,2,7
,2015_34039,39.740142,-104.947688,10/21/2015 13:55,13:55,15,0,0,COLFAX AVE E & COOK ST N (RD N),2,1,0,1,1,4,,,30,0,0,0,0,0,2,2,13
,2015_34058,0,0,11/26/2015 7:49,7:49,5,0,0,1ST AVE & 4801 W,5,1,0,2,3,4,,,35,0,0,0,0,0,4,1,7
,2015_34059,0,0,9/8/2015 7:27,7:27,3,0,0,5TH AVE W & PERRY ST,1,1,0,0,1,1,,,25,0,0,0,0,1,4,2,13
,2015_34060,0,0,10/31/2015 21:25,21:25,6,0,0,5TH AVE 700 BLK E & WASHINGTON ST N,1,3,0,7,1,4,,,25,0,0,0,0,0,4,2,5
,2015_34061,0,0,11/3/2015 19:11,19:11,2,0,0,17TH AVE & GRANT ST N,1,2,0,0,1,1,,,25,1,0,0,0,0,4,2,16
,2015_34062,0,0,11/13/2015 16:47,16:47,12,0,0,17TH AVE E & QUINCE ST N,1,3,0,0,1,1,,,30,0,0,0,0,1,4,2,13
,2015_34063,0,0,9/3/2015 15:10,15:10,11,0,1,17TH AVE W & WOLFF ST N,1,1,0,0,1,4,,,30,0,1,0,0,3,4,2,7
,2015_34064,0,0,9/25/2015 10:23,10:23,6,0,0,MARION ST 1100 BLK N & 11TH AVE E,1,1,0,7,1,4,,,25,0,0,0,0,0,4,2,16
,2015_34082,0,0,3/7/2015 13:24,13:24,5,0,0,SANTA FE DR 900 BLK N & 10TH AVE W,1,1,0,7,3,4,,,35,0,0,0,0,0,4,1,2
,2015_34096,0,0,9/19/2015 1:16,1:16,6,0,0,44TH AVE W & JULIAN ST N,1,3,1,0,1,4,,,35,0,0,0,0,0,4,2,5
,2015_34097,0,0,7/12/2015 4:17,4:17,5,0,0,ALAMEDA AVE E & 8680,1,2,0,0,3,4,,,25,0,0,0,0,0,4,3,5
,2015_34098,0,0,9/1/2015 4:25,4:25,5,0,0,ALAMEDA AVE 7300 BLK E & QUEBEC ST S,1,3,0,0,3,4,,,35,0,0,0,0,0,4,1,3
,2015_34099,0,0,8/31/2015 10:07,10:07,6,0,0,AVONDALE DR 3200 BLK W & HOWARD PL W,1,1,0,7,1,4,,,35,0,0,0,0,1,4,2,14
,2015_34100,0,0,11/17/2015 8:57,8:57,6,0,0,GIRARD AVE 6900 BLK E & E HAMILTON PL,6,1,1,2,1,4,,,25,0,0,0,0,0,4,3,16
,2015_34101,0,0,12/6/2015 8:56,8:56,15,0,0,PENA BLVD & GUN CLUB RD,1,1,0,0,1,1,,,35,0,0,0,0,0,4,2,8
,2015_34102,0,0,12/20/2015 15:35,15:35,3,0,0,SPEER BLVD N & CHAMPA ST,2,1,0,2,1,1,,,25,0,0,0,0,1,4,2,3
,2015_34103,0,0,12/1/2015 10:54,10:54,6,0,0,SPEER BLVD 1100 BLK E & ELATI ST,1,1,0,7,1,4,,,35,0,0,0,0,0,4,2,4
,2015_34104,0,0,10/19/2015 13:00,13:00,12,0,0,UNIVERSITY BLVD 1000 BLK & MISSISSIPPI AVE E,1,1,0,0,1,4,,,30,0,0,0,0,0,4,2,3
,2015_34107,39.72543,-105.013021,8/21/2015 15:39,15:39,5,0,0,I-25 & 6TH AVE W,1,1,1,0,1,4,,,35,0,0,0,0,0,1,1,3
,2015_34122,39.705313,-104.996341,8/5/2015 16:08,16:08,5,0,0,PLATTE RIVER DR 700 BLK S & I-25,1,1,1,0,2,4,,,25,0,0,0,0,0,2,1,13
,2015_34124,39.725983,-105.025128,11/1/2015 18:47,18:47,5,0,1,FEDERAL BLVD N & 6TH AVE WB RAMPS,1,3,0,0,2,1,,,35,0,0,0,0,2,2,1,1
,2015_34125,39.652997,-104.92278,8/7/2015 18:00,18:00,5,0,1,HAMPDEN AVE E & HOLLY ST S,1,1,0,0,1,1,,,30,0,0,0,0,2,2,1,14
,2015_34136,0,0,9/1/2015 17:40,17:40,5,0,0,BROADWAY ST N & 2330,1,1,0,0,2,5,,,,0,0,0,0,0,4,1,3
,2015_34137,0,0,10/30/2015 23:20,23:20,6,0,0,CLAYTON LN 100 BLOCK N & 2ND AVE E,1,3,0,7,1,4,,,20,0,0,0,0,0,4,2,16
,2015_34138,0,0,7/22/2015 14:12,14:12,6,0,0,CURTIS ST 1600 BLK & 17TH ST,1,1,0,7,1,4,,,30,0,0,0,0,0,4,2,7
,2015_34156,39.656175,-105.053223,10/10/2015 18:15,18:15,15,0,0,DARTMOUTH AVE W & SHERIDAN BLVD S,1,1,0,0,1,1,,,35,0,0,0,0,0,2,2,3
,2015_34174,0,0,10/28/2015 23:50,23:50,6,0,0,KALAMATH ST 1100 BLK N & 11TH AVE W,1,3,0,7,1,4,,,35,0,0,0,0,0,4,2,2
,2015_34177,39.747654,-104.940603,12/21/2015 19:05,19:05,15,0,0,N COLORADO BLVD & E MONTVIEW BLVD,2,3,0,0,1,4,,,40,0,0,0,0,0,2,2,1
,2015_34178,39.76452,-104.940501,10/31/2015 18:30,18:30,1,0,0,BRUCE RANDOLPH AVE E & COLORADO BLVD N,1,2,0,0,1,1,,,15,0,0,0,0,0,2,2,13
,2015_34180,0,0,11/19/2015 17:25,17:25,14,0,0,14TH AVE & 3700 BLK W,1,2,1,0,1,4,,,30,0,0,0,0,0,4,2,16
,2015_34189,39.725457,-105.032462,11/12/2015 8:55,8:55,12,0,0,HWY 6 & KNOX CT N,1,1,1,0,1,4,,,45,0,0,0,0,0,2,2,14
,2015_34210,39.632827,-104.906186,10/14/2015 15:40,15:40,12,0,0,I-25 & I-225 TUNNEL,1,5,3,0,1,4,,,,0,0,0,0,0,1,2,13
,2015_34211,39.651098,-104.917161,12/17/2015 17:24,17:24,12,0,0,I-25 & HAMPDEN AVE E,2,3,0,7,1,4,,,55,0,0,0,0,1,1,2,13
,2015_34212,39.652864,-104.918141,8/28/2015 5:25,5:25,15,0,0,I-25 & HAMPDEN AVE E,1,1,0,0,1,4,,,65,0,0,0,0,0,1,2,13
,2015_34213,39.678363,-104.933558,8/20/2015 7:05,7:05,12,0,0,I-25 & EVANS AVE E,1,1,1,0,1,4,,,60,0,0,0,0,0,1,2,13
,2015_34214,39.679234,-104.934321,9/30/2015 18:01,18:01,12,0,0,I-25 & EVANS AVE E,1,3,0,0,1,4,,,55,0,0,0,0,0,1,2,14
,2015_34215,39.68492,-104.959513,10/29/2015 16:06,16:06,12,0,0,I-25 & UNIVERSITY BLVD S,1,1,0,0,1,4,,,55,0,0,0,0,0,1,2,3
,2015_34216,39.701452,-104.987435,11/3/2015 0:06,0:06,1,0,0,BROADWAY S & I-25 SB RAMPS,1,3,0,0,1,1,,,30,0,0,0,0,0,1,2,14
,2015_34217,39.701452,-104.987435,12/5/2015 10:55,10:55,15,0,0,BROADWAY S & I-25 SB RAMPS,1,1,1,0,1,1,,,30,0,0,0,0,0,1,2,13
,2015_34218,39.72008,-105.007149,10/20/2015 21:11,21:11,12,0,1,I-25 & 6TH AVE W,1,3,0,1,1,4,,,55,0,0,0,0,2,1,2,16
,2015_34219,39.72448,-105.012285,12/29/2015 3:52,3:52,12,0,1,I-25 & 6TH AVE W,1,3,0,0,1,4,,,60,0,0,0,0,2,1,2,5
,2015_34220,39.724691,-105.012469,8/26/2015 18:12,18:12,12,0,0,I-25 SB ON RAMP & 6TH AVE W,1,1,1,0,1,8,,,45,0,0,0,0,0,1,2,13
,2015_34221,39.72543,-105.013021,9/8/2015 5:56,5:56,12,0,0,I-25 & 6TH AVE W,1,2,1,0,1,4,,,55,0,0,0,0,0,1,2,3
,2015_34222,39.72543,-105.013021,12/8/2015 14:15,14:15,15,0,0,I-25 & 6TH AVE W,1,1,1,0,1,3,,,55,0,0,0,0,0,1,2,16
,2015_34223,39.74035,-105.013939,11/1/2015 16:37,16:37,5,0,0,I-25 & COLFAX AVE W,1,1,0,0,1,4,,,55,0,0,0,0,1,1,2,16
,2015_34224,39.751291,-105.016572,8/20/2015 17:12,17:12,12,0,0,I-25 & 23RD AVE W,1,1,1,0,1,4,,,55,0,0,0,0,0,1,2,12
,2015_34225,39.755141,-105.012706,8/27/2015 16:30,16:30,12,0,0,I-25 & SPEER BLVD N,1,1,0,0,1,4,,,55,0,0,0,0,0,1,2,13
,2015_34226,39.760997,-105.004275,9/30/2015 6:24,6:24,12,0,0,I-25 & 20TH ST,1,2,0,0,1,4,,,55,0,0,0,0,0,1,2,16
,2015_34227,39.766655,-104.998346,12/15/2015 5:08,5:08,12,0,1,I-25 & PARK AVE WEST,4,3,1,2,1,4,,,55,0,0,0,0,2,1,2,13
,2015_34228,39.768039,-104.994788,12/1/2015 23:01,23:01,15,0,0,FOX ST N/I-25 SB RAMPS & 38TH AVE W,1,3,0,0,1,1,,,35,0,0,0,0,0,1,2,13
,2015_34229,39.770967,-104.990744,9/17/2015 15:00,15:00,15,0,0,I-25 & PARK AVE WEST - 38TH AVE OVERPASS SEP,1,1,0,0,1,4,,,55,0,0,0,0,0,1,2,13
,2015_34230,39.779391,-104.989165,10/14/2015 13:23,13:23,12,0,0,I-25 & I-70,1,1,0,0,1,4,,,55,0,0,0,0,1,1,2,14
,2015_34241,39.711129,-105.032608,9/3/2015 11:00,11:00,5,0,0,MORRISON RD & ALAMEDA AVE W,1,1,0,0,2,3,,,35,0,0,0,0,0,2,2,5
,2015_34242,39.711131,-105.014469,9/15/2015 14:20,14:20,1,0,0,ALAMEDA AVE W & YUMA ST S,1,1,1,0,1,1,,,35,0,0,0,0,0,2,2,1
,2015_34243,39.711203,-104.998998,10/14/2015 20:00,20:00,12,0,0,ALAMEDA AVE W & I-25,1,1,0,0,1,4,,,30,0,0,0,0,0,2,2,3
,2015_34244,39.65302,-104.875567,9/21/2015 16:13,16:13,3,0,0,HAMPDEN AVE E & DAYTON ST S,1,1,0,0,1,1,,,40,0,0,0,0,1,2,2,7
,2015_34256,39.740322,-105.053272,7/16/2015 12:28,12:28,12,0,0,COLFAX AVE W & SHERIDAN BLVD,1,1,0,0,1,3,,,35,0,0,0,0,0,2,2,8
,2015_34257,39.740341,-105.0393,8/24/2015 12:40,12:40,12,0,0,COLFAX AVE 4000 BLK W & PERRY ST N,1,1,0,0,1,1,,,35,0,0,0,0,0,2,2,13
,2015_34258,39.740344,-105.029905,11/1/2015 18:40,18:40,1,0,0,COLFAX AVE W & IRVING ST N,1,3,0,0,1,1,,,35,0,0,0,0,0,2,2,16
,2015_34259,39.740336,-105.015419,9/29/2015 15:25,15:25,10,0,0,COLFAX AVE W & I-25 SB OFF RAMP 'D',1,1,0,0,1,1,,,30,0,0,0,0,0,2,2,13
,2015_34260,39.740048,-104.999949,7/31/2015 8:50,8:50,12,0,0,COLFAX AVE W & KALAMATH ST N,1,1,0,0,1,1,,,30,0,0,0,0,0,2,2,13
,2015_34261,39.740048,-104.986169,8/29/2015 13:25,13:25,3,0,0,COLFAX AVE E & LINCOLN ST N,1,1,1,0,1,1,,,30,0,0,0,0,0,2,2,13
,2015_34262,39.74003,-104.982271,12/20/2015 7:30,7:30,3,0,0,COLFAX AVE E & LOGAN ST N,1,1,0,0,1,1,,,30,0,0,0,0,0,2,4,3
,2015_34263,39.740013,-104.970931,12/4/2015 11:55,11:55,6,0,0,COLFAX AVE 1500 BLK E & LAFAYETTE ST (RD N),1,1,0,0,1,1,,,30,0,0,0,0,0,2,2,13
,2015_34264,39.740009,-104.96852,8/29/2015 11:37,11:37,12,0,0,COLFAX AVE E & FRANKLIN ST N,1,1,0,0,1,1,,,35,0,0,0,0,0,2,2,13
,2015_34265,39.740172,-104.956706,10/22/2015 10:18,10:18,12,0,0,COLFAX AVE E & ESPLANADE ST N,2,1,0,1,1,4,,,35,0,0,0,0,0,2,2,13
,2015_34266,39.740075,-104.916293,10/22/2015 19:31,19:31,12,0,0,COLFAX AVE E & KRAMERIA ST N,2,3,0,0,1,1,,,35,0,0,0,0,1,2,2,5
,2015_34267,39.740079,-104.903501,12/12/2015 9:12,9:12,12,0,0,COLFAX AVE E & QUEBEC ST N,1,1,0,2,1,1,,,35,0,0,0,0,0,2,2,13
,2015_34290,39.782996,-104.900882,8/7/2015 17:12,17:12,12,0,0,I-270 & QUEBEC ST,1,1,1,0,1,4,,,55,0,0,0,0,0,1,2,13
,2015_34291,39.782088,-104.997319,12/12/2015 18:41,18:41,5,0,0,I-70 & PECOS ST N,5,3,1,2,2,4,,,55,0,0,0,0,0,1,2,13
,2015_34292,39.780052,-104.989434,12/10/2015 7:40,7:40,15,0,0,I-70 & I-25,1,1,0,0,1,4,,,55,0,0,0,0,0,1,2,14
,2015_34293,39.7783,-104.903459,9/9/2015 16:20,16:20,3,0,0,I-70 & QUEBEC ST N,1,1,0,0,1,1,,,45,0,0,0,0,0,1,2,13
,2015_34294,39.777095,-104.882471,11/13/2015 19:15,19:15,12,0,0,I-70 & CENTRAL PARK BLVD N,1,3,0,0,1,4,,,55,0,0,0,0,0,1,2,16
,2015_34295,39.774005,-104.847034,11/13/2015 17:20,17:20,12,0,1,I-70 & PEORIA ST N,1,3,0,0,1,4,,,55,0,0,0,0,2,1,2,12
,2015_34296,39.774005,-104.847034,12/18/2015 18:34,18:34,12,0,0,PEORIA ST N & I-70,2,3,0,0,1,3,,,40,0,0,0,0,0,1,2,13
,2015_34297,39.773624,-104.842528,9/2/2015 12:44,12:44,15,0,0,I-70  EB ON RAMP GORE PT FROM & PEORIA ST N,1,1,0,0,1,8,,,35,0,0,0,0,0,1,2,1
,2015_34326,39.737975,-105.025273,11/30/2015 17:53,17:53,12,0,0,FEDERAL BLVD N & 14TH AVE W,8,3,0,0,1,1,,,35,0,0,0,0,0,2,2,13
,2015_34327,39.733853,-105.025179,10/28/2015 8:28,8:28,5,0,0,FEDERAL BLVD N & 11TH AVE W,1,1,0,0,1,4,,,35,0,0,0,0,0,2,2,14
,2015_34328,39.725493,-105.025119,8/24/2015 18:18,18:18,3,0,0,FEDERAL BLVD N & 6TH AVE W,1,1,0,0,1,1,,,30,0,0,0,0,1,2,2,13
,2015_34329,39.671042,-105.025071,8/21/2015 10:20,10:20,12,0,0,FEDERAL BLVD S & VASSAR AVE W,1,1,0,0,1,2,,,40,0,0,0,0,0,2,2,7
,2015_34340,39.653374,-105.053079,10/15/2015 20:40,20:40,3,0,0,SHERIDAN BLVD S & HAMPDEN AVE W,1,3,0,0,1,1,,,40,0,0,0,0,0,2,2,13
,2015_34341,39.679174,-105.053262,11/30/2015 17:00,17:00,12,0,0,SHERIDAN BLVD S & EVANS AVE W,12,1,0,0,1,1,,,35,0,0,0,0,0,2,2,14
,2015_34344,39.617562,-105.091116,11/4/2015 15:50,15:50,15,0,0,WADSWORTH BLVD S & CRESTLINE AVE W,1,1,0,0,1,4,,,45,0,0,0,0,0,2,2,7
,2015_34345,39.61833,-105.091109,11/5/2015 19:30,19:30,12,0,0,WADSWORTH BLVD S & CRESTLINE AVE W,1,3,0,0,1,3,,,45,0,0,0,0,0,2,2,14
,2015_34376,39.776947,-104.881674,12/3/2015 17:26,17:26,12,0,1,I-270 EB DIRECT CONNECT & I-70,1,3,1,0,1,4,,,45,0,0,0,0,2,1,2,16
,2015_34381,39.652979,-104.917736,8/26/2015 12:33,12:33,12,0,0,HAMPDEN AVE E & I-25 NB OFF RAMP,1,1,1,0,1,1,,,35,0,0,0,0,1,2,2,3
,2015_34382,39.754855,-105.025129,11/20/2015 22:50,22:50,12,0,0,FEDERAL BLVD N & 26TH AVE W,4,3,0,2,1,1,,,35,0,0,0,0,0,2,2,16
,2015_34383,39.75855,-105.025134,11/29/2015 14:20,14:20,12,0,0,29TH AVE W & FEDERAL BLVD N,1,1,0,0,1,1,,,30,0,0,0,0,1,2,2,13
,2015_34384,39.780247,-105.025224,8/7/2015 14:50,14:50,1,0,0,FEDERAL BLVD N & 46TH AVE W,1,1,0,0,1,1,,,35,0,0,0,0,0,2,2,13
,2015_34385,39.78466,-105.025209,9/19/2015 18:30,18:30,3,0,0,FEDERAL BLVD N & I-70 WB OFF RAMP,1,1,0,0,1,1,,,35,0,0,0,0,1,2,2,14
,2015_34447,0,0,10/2/2015 20:56,20:56,3,1,0,GREEN VALLEY RANCH BLVD E & JEBEL ST N,1,3,0,0,1,1,,,35,0,0,0,0,4,4,2,5
,2015_34497,0,0,8/4/2015 15:52,15:52,10,0,0,LINCOLN ST N & 6TH AVE E,1,1,0,0,1,1,,,35,0,0,0,0,1,4,2,1
,2015_34507,39.722563,-105.010032,1/9/2015 23:41,23:41,12,0,0,I-25 & 6TH AVE W,1,4,1,0,1,4,,,55,0,0,0,0,0,1,2,7
,2015_34511,0,0,10/23/2015 19:40,19:40,12,0,0,1ST AVE E & ST PAUL ST N,1,3,0,0,1,1,,,30,0,0,0,0,1,4,2,7
,2015_34512,0,0,11/2/2015 8:35,8:35,15,0,0,6TH AVE W & DELAWARE ST N,1,1,0,0,1,4,,,30,0,0,0,0,0,4,2,16
,2015_34513,0,0,10/14/2015 14:01,14:01,12,0,0,6TH AVE 900 BLK W & KALAMATH ST N,1,1,0,0,1,4,,,30,0,0,0,0,0,4,2,1
,2015_34514,0,0,8/21/2015 13:00,13:00,12,0,0,7TH AVE E & QUEBEC ST N,1,1,0,7,1,1,,,30,0,0,0,0,0,4,2,16
,2015_34515,0,0,11/13/2015 21:00,21:00,1,0,0,7TH AVE E & YORK ST N,1,3,0,0,1,1,,,35,0,0,0,0,0,4,2,8
,2015_34516,0,0,8/26/2015 15:09,15:09,15,0,0,8TH AVE W & GALAPAGO ST,1,1,0,0,1,4,,,35,0,0,0,0,0,4,2,13
,2015_34517,0,0,12/10/2015 12:25,12:25,12,0,0,8TH AVE E & HOLLY ST N,1,1,0,0,1,1,,,35,0,0,0,0,0,4,2,12
,2015_34518,0,0,11/16/2015 12:00,12:00,3,0,0,12TH AVE E & BROADWAY N,1,1,1,0,1,1,,,25,0,0,0,0,1,4,2,3
,2015_34519,0,0,11/20/2015 11:20,11:20,15,0,0,13TH AVE & GRANT ST,1,1,0,0,1,1,,,30,0,0,0,0,0,4,2,16
,2015_34521,0,0,7/17/2015 16:05,16:05,10,0,0,13TH AVE W & KALAMATH ST N,1,1,0,0,1,1,,,25,0,0,0,0,0,4,2,13
,2015_34522,0,0,10/23/2015 8:25,8:25,12,0,0,13TH AVE 400 BLK & PENNSYLVANIA ST,1,1,0,0,1,4,,,30,0,0,0,0,0,4,2,13
,2015_34524,0,0,9/9/2015 14:22,14:22,10,0,0,13TH AVE W & SPEER BLVD N,1,1,1,0,1,1,,,30,0,0,0,0,0,4,2,13
,2015_34525,0,0,8/24/2015 15:47,15:47,15,0,0,14TH AVE W & KALAMATH ST N,1,1,0,0,1,1,,,30,0,0,0,0,1,4,2,13
,2015_34526,0,0,8/24/2015 16:58,16:58,10,0,0,14TH AVE E & YORK ST N,1,1,1,0,1,1,,,30,0,0,0,0,0,4,2,13
,2015_34527,0,0,12/21/2015 21:15,21:15,3,0,0,17TH AVE E & DOWNING ST N,1,3,0,0,1,1,,,30,0,0,0,0,0,4,2,13
,2015_34528,0,0,12/9/2015 7:53,7:53,3,0,0,17TH AVE E & QUINCE ST N,1,1,0,0,1,1,,,20,0,0,0,0,0,4,2,13
,2015_34529,0,0,11/24/2015 15:56,15:56,3,0,0,19TH AVE E & CLARKSON ST N,1,1,0,0,1,1,,,25,0,0,0,0,0,4,2,16
,2015_34530,0,0,9/20/2015 12:10,12:10,15,0,0,23RD AVE E & QUEBEC ST N,1,1,0,0,1,3,,,30,0,0,0,0,0,4,2,13
,2015_34531,0,0,12/17/2015 17:10,17:10,15,0,0,23RD AVE E & QUEBEC ST N,2,1,0,0,1,1,,,30,0,0,0,0,0,4,2,13
,2015_34532,0,0,12/26/2015 14:00,14:00,1,0,0,35TH AVE W & PECOS ST N,5,1,1,0,1,1,,,25,0,0,0,0,0,4,2,13
,2015_34533,0,0,12/21/2015 11:15,11:15,15,0,0,36TH AVE E & QUEBEC ST N,1,1,0,0,1,1,,,25,0,0,0,0,0,4,2,13
,2015_34534,0,0,9/7/2015 20:30,20:30,3,0,0,38TH AVE W & TEJON ST N,1,3,0,0,1,1,,,35,0,0,0,0,0,4,2,3
,2015_34535,0,0,9/9/2015 8:56,8:56,1,0,0,38TH AVE W & ZUNI ST N,1,1,0,0,1,1,,,35,0,0,0,0,0,4,2,14
,2015_34536,0,0,10/30/2015 10:18,10:18,14,0,0,39TH AVE 1600 BLK W & OSAGE ST N,1,1,0,0,1,1,,,30,0,0,0,0,0,4,2,14
,2015_34537,0,0,12/15/2015 15:00,15:00,12,0,0,40TH AVE E & PEORIA WAY N,12,1,1,2,1,1,,,35,0,0,0,0,0,4,2,14
,2015_34539,0,0,10/30/2015 16:54,16:54,10,0,0,44TH AVE W & ZUNI ST N,1,1,1,0,1,1,,,30,0,0,0,0,0,4,2,13
,2015_34540,0,0,9/10/2015 9:46,9:46,3,0,0,45TH AVE E & WASHINGTON ST N,1,1,1,0,1,1,,,35,0,0,0,0,0,4,2,13
,2015_34541,0,0,8/25/2015 15:23,15:23,1,0,0,47TH AVE E & PARIS ST N,1,5,1,0,1,1,,,25,0,0,0,0,0,4,2,7
,2015_34542,0,0,10/20/2015 18:54,18:54,1,0,2,56TH AVE E & TOWER RD N,1,3,0,0,1,1,,,45,0,0,0,0,2,4,2,13
,2015_34543,0,0,12/14/2015 14:59,14:59,12,0,0,ALAMEDA AVE 3900 BLK E & COLORADO BLVD S,1,1,1,0,1,2,,,30,0,0,0,0,0,4,2,13
,2015_34544,0,0,8/5/2015 6:55,6:55,12,0,0,ALAMEDA AVE 800 BLK E & EMERSON ST S,1,1,0,7,1,4,,,30,0,0,0,0,0,4,2,3
,2015_34545,0,0,12/21/2015 15:57,15:57,3,0,0,ALAMEDA AVE E & LINCOLN ST S,1,1,0,0,1,1,,,30,0,0,0,0,0,4,2,1
,2015_34546,0,0,12/12/2015 12:26,12:26,3,0,0,ASH ST N & 22ND AVE E,4,1,0,2,1,1,,,25,0,0,0,0,0,4,2,13
,2015_34547,0,0,10/16/2015 11:30,11:30,15,0,0,BLAKE ST & 2500 BLK,1,1,0,0,1,4,,,30,0,0,0,0,0,4,2,7
,2015_34548,0,0,10/2/2015 15:20,15:20,15,0,0,BROADWAY ST N & 18TH AVE E,1,1,0,0,1,1,,,25,0,0,0,0,0,4,2,8
,2015_34549,0,0,10/17/2015 9:46,9:46,3,0,0,BROADWAY ST S & BAYAUD AVE E,1,1,0,0,1,1,,,25,0,0,0,0,0,4,2,8
,2015_34550,0,0,10/30/2015 16:43,16:43,15,0,0,CANOSA CT & 700 BLK N,1,1,1,0,1,4,,,30,0,0,0,0,0,4,2,13
,2015_34551,0,0,9/22/2015 7:09,7:09,12,0,0,DARTMOUTH AVE 4500 BLK W & VRAIN ST S,1,1,0,0,1,4,,,30,0,0,0,0,0,4,2,7
,2015_34552,0,0,11/7/2015 8:00,8:00,15,0,0,DOWNING ST & 1300 N,1,1,0,0,1,4,,,30,0,0,0,0,0,4,2,13