id,drcog_id,latitude,longitude,crashtime,time,crashtype,numbkilled,numbinjurd,drcoglocat,rdconditin,lightngcon,roadcntgrd,weatherco,location,roaddescrp,schoolzone,constrzone,splimit,bikeinv,pedinv,sctrinv,motoinv,svrty,rdsystem,ttlvehcls,hcf
,2015_34554,0,0,10/10/2015 21:16,21:16,3,0,1,DOWNING ST N & SPEER BLVD E,1,3,0,0,1,1,,,30,0,0,0,0,3,4,2,13
,2015_34555,0,0,10/28/2015 10:23,10:23,3,0,0,DOWNING ST N & SPEER BLVD E,1,1,0,0,1,1,,,30,0,0,0,0,0,4,2,13
,2015_34556,0,0,12/11/2015 21:32,21:32,1,0,0,EVANS AVE E & ST PAUL ST S,1,3,0,0,1,1,,,30,0,0,0,0,0,4,2,5
,2015_34557,0,0,12/8/2015 13:45,13:45,3,0,0,FLORIDA AVE W & FEDERAL BLVD S,1,1,0,0,1,2,,,30,0,0,0,0,0,4,2,13
,2015_34558,0,0,11/4/2015 17:09,17:09,1,0,0,GVR BLVD E & PENA BLVD,2,3,0,1,1,3,,,45,0,0,0,0,0,4,2,16
,2015_34559,0,0,8/1/2015 0:30,0:30,12,0,0,GVR BLVD E & PENA BLVD,1,3,0,7,1,1,,,55,0,0,0,0,0,4,2,1
,2015_34560,0,0,11/19/2015 15:50,15:50,6,0,0,HOLDEN PL & 2800 BLK W,1,1,1,0,1,4,,,30,0,0,0,0,0,4,2,16
,2015_34561,0,0,10/11/2015 12:06,12:06,12,0,0,HOLLY ST S & IVANHOE WAY S,1,1,0,0,1,1,,,30,0,0,0,0,0,4,2,13
,2015_34562,0,0,9/19/2015 21:56,21:56,12,0,0,HOWARD PL 2900 BLK W & FEDERAL BLVD N,1,3,1,0,1,4,,,25,0,0,0,0,0,4,2,5
,2015_34563,0,0,11/6/2015 18:28,18:28,12,0,0,INCA ST & 800 BLK N,1,3,0,0,1,4,,,25,0,0,0,0,0,4,2,13
,2015_34564,0,0,9/28/2015 12:40,12:40,15,0,0,IRVING ST N & 38TH AVE W,1,1,0,0,1,1,,,35,0,0,0,0,0,4,2,13
,2015_34565,0,0,12/29/2015 11:23,11:23,3,0,0,JEWELL AVE 4500 BLK E & CHERRY ST S,4,1,0,0,1,2,,,25,0,0,0,0,0,4,2,13
,2015_34566,0,0,11/9/2015 15:12,15:12,15,0,0,JOSEPHINE ST N & 17TH AVE E,1,1,0,0,1,1,,,30,0,0,0,0,0,4,2,1
,2015_34567,0,0,9/15/2015 9:24,9:24,10,0,0,JOSEPHINE ST N & 43RD AVE E,1,1,0,0,1,2,,,30,0,0,0,0,0,4,2,13
,2015_34568,0,0,11/20/2015 17:15,17:15,12,0,0,KALAMATH ST N & 1ST AVE W,5,3,1,2,1,4,,,35,0,0,0,0,0,4,2,14
,2015_34569,0,0,8/25/2015 16:15,16:15,15,0,0,LINCOLN ST & 1800 BLK N,1,1,0,0,1,4,,,30,0,0,0,0,1,4,2,13
,2015_34570,0,0,9/16/2015 14:30,14:30,15,0,0,LINCOLN ST & 1800 BLK N,1,1,1,0,1,4,,,30,0,0,0,0,0,4,2,13
,2015_34571,0,0,9/10/2015 13:13,13:13,10,0,0,LINCOLN ST N & 5TH AVE E,1,1,0,0,1,1,,,35,0,0,0,0,1,4,2,3
,2015_34572,0,0,10/19/2015 9:46,9:46,3,0,0,LINCOLN ST N & 18TH AVE E,1,1,0,0,1,1,,,35,0,0,0,0,1,4,2,14
,2015_34573,0,0,11/7/2015 16:14,16:14,3,0,0,MLK BLVD E & QUEBEC ST N,1,1,0,0,1,1,,,35,0,0,0,0,1,4,2,14
,2015_34574,0,0,12/1/2015 8:23,8:23,12,0,0,MLK BLVD E & SYRACUSE ST N,1,1,0,0,1,1,,,30,0,0,0,0,0,4,2,7
,2015_34575,0,0,8/19/2015 11:30,11:30,12,0,0,MISSISSIPPI AVE W & JASON ST S,1,1,0,7,1,4,,,35,0,0,0,0,0,4,2,3
,2015_34576,0,0,8/18/2015 15:38,15:38,15,0,0,MLK BLVD E & MONACO ST N,1,1,0,7,1,1,,,35,0,0,0,0,0,4,2,16
,2015_34577,0,0,12/27/2015 17:45,17:45,1,0,0,MONACO ST S & YALE AVE E,1,3,0,0,1,1,,,35,0,0,0,0,1,4,2,13
,2015_34578,0,0,11/15/2015 20:28,20:28,12,0,0,MORRISON RD & ADA PL W,1,3,0,0,1,2,,,35,0,0,0,0,1,4,2,5
,2015_34579,0,0,10/21/2015 16:43,16:43,15,0,0,MORRISON RD & NEVADA PL W,1,1,0,1,1,4,,,30,0,0,0,0,0,4,2,13
,2015_34580,0,0,12/6/2015 18:57,18:57,3,0,0,PARK AVE WEST 700 BLK & STOUT ST,1,2,0,0,1,5,,,15,0,0,0,0,0,4,2,13
,2015_34581,0,0,9/14/2015 16:11,16:11,12,0,0,PEORIA ST 3900 BLK N & 39TH ST E,1,1,0,0,1,4,,,35,0,0,0,0,0,4,2,13
,2015_34582,39.723032,-105.010692,6/25/2015 22:08,22:08,5,0,0,I-25 & 6TH AVE W NB RAMP ENT PT,1,3,1,0,3,4,,,55,0,0,0,0,0,1,1,13
,2015_34583,0,0,8/26/2015 16:09,16:09,12,0,0,QUEBEC ST S & ALAMEDA AVE E,1,1,0,0,1,1,,,30,0,0,0,0,0,4,2,3
,2015_34584,0,0,9/24/2015 12:37,12:37,1,0,0,QUENTIN ST N & ANDREWS DR E,1,1,1,0,1,1,,,25,0,0,0,0,0,4,2,8
,2015_34585,0,0,12/11/2015 23:55,23:55,15,0,0,14TH ST 1400 BLK & MARKET ST,1,3,0,0,1,1,,,25,0,0,0,0,0,4,2,4
,2015_34586,0,0,8/26/2015 23:10,23:10,3,0,0,15TH ST & CHAMPA ST,1,3,0,0,1,1,,,25,0,0,0,0,0,4,2,13
,2015_34587,0,0,10/22/2015 10:00,10:00,15,0,0,16TH ST & TREMONT ST,2,1,0,1,1,1,,,30,0,0,0,0,0,4,2,13
,2015_34588,0,0,8/26/2015 17:31,17:31,10,0,0,17TH ST & WELTON ST,1,1,0,0,1,1,,,25,0,0,0,0,0,4,2,1
,2015_34589,0,0,12/4/2015 20:20,20:20,12,0,0,18TH ST & LINCOLN ST,1,3,0,0,1,1,,,25,0,0,0,0,0,4,2,14
,2015_34590,0,0,11/29/2015 0:20,0:20,10,0,0,19TH ST & MARKET ST,1,3,0,0,1,1,,,35,0,0,0,0,0,4,2,14
,2015_34591,0,0,12/31/2015 10:37,10:37,15,0,0,26TH ST 1300 BLK E & WALNUT ST,1,1,1,0,1,4,,,30,0,0,0,0,0,4,2,12
,2015_34592,0,0,9/17/2015 19:30,19:30,3,0,0,38TH ST & BRIGHTON BLVD N,1,3,0,0,1,1,,,35,0,0,0,0,0,4,2,4
,2015_34593,0,0,12/4/2015 20:45,20:45,15,0,0,SPEER BLVD N & 11TH AVE W,1,3,0,0,1,1,,,35,0,0,0,0,0,4,2,13
,2015_34594,0,0,11/27/2015 8:30,8:30,3,0,0,SPEER BLVD & CHAMPA ST,4,1,0,2,1,1,,,35,0,0,0,0,0,4,2,16
,2015_34595,0,0,11/6/2015 8:15,8:15,15,0,0,TREMONT PL 1700 BLK & 17TH ST,1,1,0,0,1,4,,,25,0,0,0,1,0,4,2,13
,2015_34596,0,0,12/30/2015 13:45,13:45,3,0,0,UNIVERSITY BLVD S & LOUISIANNA AVE E,1,1,0,0,1,1,,,30,0,0,0,0,0,4,2,13
,2015_34598,0,0,8/23/2015 8:29,8:29,3,0,2,VIRGINIA AVE E & GALENA WAY S,1,1,0,7,1,1,,,25,0,0,0,0,2,4,2,16
,2015_34599,0,0,10/20/2015 12:25,12:25,14,0,0,VIRGINIA AVE 1300 BLK E & LAFAYETTE ST S,1,1,0,0,1,4,,,25,0,0,0,0,0,4,3,3
,2015_34633,0,0,8/13/2015 8:13,8:13,5,0,0,ALAMEDA AVE & 255 W,1,1,0,7,3,4,,,30,0,0,0,0,0,4,1,9
,2015_34667,39.678409,-104.940629,11/27/2015 18:45,18:45,1,0,0,EVANS AVE E & COLORADO BLVD S,9,3,0,2,1,1,,,30,0,0,0,0,0,2,2,16
,2015_34668,39.680122,-104.94064,12/20/2015 16:04,16:04,12,0,0,COLORADO BLVD 2000 BLK S & BUCHTEL BLVD E,2,1,0,1,1,1,,,35,0,0,0,0,1,2,2,3
,2015_34669,39.692997,-104.94055,10/28/2015 12:59,12:59,1,0,0,COLORADO BLVD S & LOUISIANA AVE E,1,1,1,0,1,1,,,35,0,0,0,0,0,2,2,3
,2015_34670,39.703863,-104.940623,10/16/2015 8:05,8:05,1,0,1,COLORADO BLVD S & EXPOSITION AVE E,1,1,0,0,1,1,,,35,0,0,0,0,2,2,2,13
,2015_34672,39.706129,-104.940624,11/24/2015 22:27,22:27,1,0,0,COLORADO BLVD S & CHERRY CREEK DR S,1,3,0,0,1,1,,,35,0,0,0,0,0,2,2,16
,2015_34673,39.71149,-104.940627,10/14/2015 18:05,18:05,15,0,0,ALAMEDA AVE E & COLORADO BLVD S,1,1,0,0,1,3,,,35,0,0,0,0,0,2,2,16
,2015_34674,39.729296,-104.940625,12/14/2015 11:00,11:00,6,0,0,COLORADO BLVD 800 BLK N & 8TH AVE E,1,1,0,0,1,4,,,35,0,0,0,0,0,2,2,13
,2015_34675,39.737346,-104.940615,12/2/2015 8:15,8:15,12,0,0,COLORADO BLVD 1200 BLK N & 13TH AVE E,1,1,0,0,1,4,,,35,0,0,0,0,0,2,2,13
,2015_34676,39.738302,-104.940614,12/19/2015 2:30,2:30,12,0,0,COLORADO BLVD N & 14TH AVE E,1,3,0,0,1,1,,,35,0,0,0,0,0,2,2,5
,2015_34677,39.747364,-104.940604,12/30/2015 22:05,22:05,3,0,1,MONTVIEW BLVD E & COLORADO BLVD N,1,3,0,0,1,1,,,30,0,0,0,0,2,2,2,7
,2015_34678,39.761878,-104.940511,12/2/2015 20:21,20:21,1,0,0,MARTIN LUTHER KING JR BLV & COLORADO BLVD N,1,3,0,0,1,1,,,35,0,0,0,0,0,2,2,13
,2015_34692,39.651098,-104.917161,11/30/2015 11:25,11:25,15,0,0,I-25 NB OFF RAMP & HAMPDEN AVE E,2,1,1,0,1,8,,,65,0,0,0,0,0,1,2,16
,2015_34693,39.652442,-104.917935,10/12/2015 16:18,16:18,12,0,0,I-25 & HAMPDEN AVE E,1,1,0,0,1,4,,,55,0,0,0,0,0,1,2,13
,2015_34694,39.653486,-104.918436,11/7/2015 17:40,17:40,12,0,0,I-25 & HAMPDEN AVE E,1,3,0,0,1,4,,,55,0,0,0,0,0,1,4,13
,2015_34695,39.665414,-104.924027,10/15/2015 6:50,6:50,15,0,0,I-25 & YALE AVE E,1,2,0,0,1,4,,,65,0,0,0,0,0,1,2,1
,2015_34696,39.683168,-104.94079,11/5/2015 8:52,8:52,12,0,0,I-25 NB ON RAMP & COLORADO BLVD S,2,1,1,0,1,8,,,35,0,0,0,0,1,1,2,14
,2015_34697,39.68492,-104.959513,9/17/2015 7:49,7:49,12,0,0,I-25 & UNIVERSITY BLVD S,1,1,1,0,1,4,,,60,0,0,0,0,0,1,2,13
,2015_34698,39.717716,-105.004259,11/24/2015 23:10,23:10,12,0,0,I-25 & ALAMEDA AVE W,1,3,0,0,1,4,,,55,0,0,0,0,0,1,2,16
,2015_34699,39.722563,-105.010032,8/23/2015 14:23,14:23,12,0,0,I-25 & 6TH AVE W,1,1,1,0,1,4,,,55,0,0,0,0,0,1,2,13
,2015_34701,39.722903,-105.010511,11/7/2015 19:15,19:15,12,0,0,I-25 & MM 209,1,3,0,0,1,4,,,60,0,0,0,0,0,1,2,1
,2015_34702,39.72301,-105.010662,10/20/2015 7:50,7:50,12,0,0,I-25 & 6TH AVE NB RAMP ENT P,1,1,0,0,1,4,,,55,0,0,0,0,0,1,2,13
,2015_34710,39.711155,-105.022584,12/16/2015 16:59,16:59,3,0,0,ALAMEDA AVE W & DECATUR ST S,4,3,0,2,1,1,,,35,0,0,0,0,0,2,2,13
,2015_34718,39.782059,-104.901541,12/18/2015 10:35,10:35,12,0,0,NORTHFIELD QUEBEC ST N & SAND CREEK RD S,2,1,1,0,1,4,,,35,0,0,0,0,0,2,2,3
,2015_34719,39.788683,-104.903276,8/18/2015 10:27,10:27,3,0,0,QUEBEC ST 5200 BLK N & 53RD AVE E,1,1,0,0,1,2,,,40,0,0,0,0,0,2,2,13
,2015_34733,39.740329,-105.052691,11/13/2015 22:20,22:20,15,0,0,COLFAX AVE W & SHERIDAN BLVD N,1,3,1,0,1,4,,,35,0,0,0,0,0,2,2,13
,2015_34734,39.740025,-104.998126,8/21/2015 9:06,9:06,12,0,0,SPEER BLVD N & COLFAX AVE W,1,1,0,0,1,4,,,35,0,0,0,0,0,2,2,13
,2015_34735,39.740061,-104.985986,10/22/2015 14:43,14:43,12,0,0,COLFAX AVE 100 BLK E & LINCOLN ST N,2,1,0,0,1,3,,,30,0,0,0,0,0,2,2,13
,2015_34736,39.740006,-104.974571,11/7/2015 13:00,13:00,15,0,0,COLFAX AVE E 1000 BLK & OGDEN ST (RD S),1,1,0,0,1,4,,,30,0,0,0,0,0,2,2,13
,2015_34737,39.740079,-104.912395,10/20/2015 6:10,6:10,3,0,0,COLFAX AVE E & MONACO PKWY N,1,3,0,0,1,1,,,35,0,0,0,0,1,2,2,13
,2015_34738,39.740079,-104.912395,11/18/2015 16:05,16:05,12,0,0,MONACO ST N & COLFAX AVE E,1,1,0,0,1,1,,,30,0,0,0,0,0,2,2,16
,2015_34754,39.78356,-105.053209,12/18/2015 16:01,16:01,12,0,0,I-70 & SHERIDAN BLVD N,1,1,1,0,1,4,,,55,0,0,0,0,0,1,2,13
,2015_34755,39.780014,-104.959201,11/12/2015 7:30,7:30,12,0,0,I-70 & YORK ST N,1,1,0,0,1,4,,,55,0,0,0,0,0,1,2,16
,2015_34756,39.779944,-104.940633,8/7/2015 9:31,9:31,12,0,0,I-70 & COLORADO BLVD N,1,1,0,0,1,4,,,55,0,0,0,0,0,1,2,13
,2015_34757,39.778341,-104.92238,8/17/2015 7:30,7:30,12,0,0,I-70 & HOLLY ST N,1,1,0,0,1,4,,,55,0,0,0,0,0,1,2,7
,2015_34758,39.778297,-104.908075,11/6/2015 14:35,14:35,12,0,0,I-70 & QUEBEC ST N,1,1,0,0,1,4,,,55,0,0,0,0,0,1,2,14
,2015_34759,39.7783,-104.903459,12/25/2015 20:20,20:20,15,0,0,NORTHFIELD QUEBEC ST N & I-70,5,3,1,2,1,3,,,35,0,0,0,0,0,1,2,13
,2015_34760,39.777095,-104.882471,9/14/2015 9:06,9:06,12,0,0,I-70 & CENTRAL PARK BLVD,1,1,0,0,1,4,,,55,0,0,0,0,0,1,2,13
,2015_34761,39.777095,-104.882471,10/12/2015 8:00,8:00,12,0,0,I-70 & CENTRAL PARK BLVD N,1,1,0,0,1,4,,,45,0,0,0,0,1,1,2,16
,2015_34762,39.775623,-104.865778,10/13/2015 18:58,18:58,10,0,0,HAVANA ST 4400 BLK N & I-70 EB RAMPS,1,2,0,0,1,1,,,40,0,0,0,0,0,1,2,14
,2015_34763,39.775228,-104.861195,10/16/2015 6:40,6:40,12,0,0,I-70 & JOLIET ST OFFSET REF,1,2,1,0,1,4,,,45,0,0,0,0,0,1,2,13
,2015_34764,39.774005,-104.847034,8/4/2015 13:46,13:46,12,0,0,I-70 EB OFF RAMP & PEORIA ST N,1,1,0,0,1,1,,,40,0,0,0,0,1,1,2,13
,2015_34779,39.692475,-104.992442,8/20/2015 11:10,11:10,10,0,1,SANTA FE DR 1300 BLK S & FLORIDA AVE W,1,1,0,0,1,2,,,40,0,0,0,0,2,2,2,13
,2015_34780,39.696696,-104.991872,11/9/2015 5:00,5:00,10,0,0,SANTA FE DR S & MISSISSIPPI AVE W,1,3,0,0,1,1,,,45,0,0,0,0,0,2,2,1
,2015_34782,39.709425,-105.025076,8/25/2015 7:40,7:40,3,0,0,DAKOTA AVE & FEDERAL BLVD,1,1,1,0,1,1,,,25,0,0,0,0,0,2,2,13
,2015_34783,39.700263,-105.025084,9/15/2015 16:05,16:05,15,0,0,FEDERAL BLVD S & KENTUCKY AVE W,1,1,0,0,1,1,,,40,0,0,0,0,0,2,2,7
,2015_34784,39.696764,-105.025061,9/14/2015 6:40,6:40,1,0,0,FEDERAL BLVD S & MISSISSIPPI AVE W,1,1,0,0,1,1,,,35,0,0,0,0,0,2,2,13
,2015_34785,39.696764,-105.025061,10/20/2015 11:00,11:00,15,0,0,FEDERAL BLVD & MISSISSIPPI AVE W,1,1,0,0,1,4,,,35,0,0,0,0,0,2,2,13
,2015_34790,39.624076,-104.913346,10/24/2015 9:34,9:34,1,0,0,BELLEVIEW AVE E & MONACO PKWY S,1,1,0,0,1,1,,,40,0,0,0,0,1,2,2,13
,2015_34814,39.624104,-105.09105,9/12/2015 0:34,0:34,3,0,2,BELLEVIEW AVE W & WADSWORTH BLVD S,1,3,0,0,1,1,,,40,0,0,0,0,2,2,2,5
,2015_34837,39.78335,-104.901124,9/5/2015 9:44,9:44,12,0,0,I-270 WB OFF RAMP MERGE P & QUEBEC ST,1,1,1,0,1,8,,,35,0,0,0,0,0,1,2,13
,2015_34848,39.65299,-104.929338,12/23/2015 11:43,11:43,3,0,0,HAMPDEN AVE E & ELM ST S,1,1,0,0,1,2,,,40,0,0,0,0,0,2,2,13
,2015_34849,39.65299,-104.928972,12/11/2015 16:14,16:14,3,0,0,HAMPDEN AVE E & ELM ST S,1,3,0,0,1,1,,,40,0,0,0,0,0,2,2,7
,2015_34850,39.652997,-104.922975,8/28/2015 16:56,16:56,15,0,0,HAMPDEN AVE E & HOLLY ST S,1,1,0,0,1,4,,,30,0,0,0,0,0,2,2,13
,2015_34851,39.75855,-105.025134,10/3/2015 11:25,11:25,12,0,0,FEDERAL BLVD N & 29TH AVE W,1,1,0,0,1,1,,,35,0,0,0,0,0,2,2,13
,2015_34966,0,0,9/22/2015 9:46,9:46,12,0,0,1ST AVE 3000 BLK E & MILWAUKEE ST N,1,1,0,0,1,1,,,35,0,0,0,0,0,4,2,3
,2015_34967,0,0,8/23/2015 10:00,10:00,3,0,0,3RD AVE W & BROADWAY ST N,1,1,0,7,1,1,,,25,0,0,0,0,0,4,2,16
,2015_34968,0,0,11/5/2015 16:37,16:37,3,0,0,4TH AVE E & BROADWAY ST N,1,2,0,0,1,1,,,20,0,0,0,0,0,4,2,16
,2015_34969,0,0,9/24/2015 9:24,9:24,3,0,0,6TH AVE E & COOK ST N,1,1,0,0,1,1,,,25,0,0,0,0,0,4,2,13
,2015_34970,0,0,8/31/2015 7:39,7:39,15,0,0,6TH AVE E & SPEER BLVD E,1,1,0,0,1,1,,,30,0,0,0,0,0,4,2,13
,2015_34971,0,0,9/18/2015 20:54,20:54,10,0,0,7TH AVE E & LINCOLN ST N,1,3,0,0,1,1,,,25,0,0,0,0,0,4,2,13
,2015_34972,0,0,8/15/2015 19:57,19:57,1,0,0,8TH AVE W & ZUNI ST N,1,1,0,0,1,1,,,30,0,0,0,0,1,4,2,13
,2015_34973,0,0,10/29/2015 14:50,14:50,15,0,0,13TH AVE W & KALAMATH ST N,1,1,0,0,1,1,,,30,0,0,0,0,0,4,2,16
,2015_34974,0,0,9/10/2015 12:35,12:35,3,0,0,13TH AVE W & OSAGE ST N,1,1,0,0,1,1,,,30,0,0,0,0,0,4,2,13
,2015_34975,0,0,12/14/2015 15:12,15:12,15,0,0,14TH AVE E & MONACO ST N,1,1,0,0,1,1,,,30,0,0,0,0,0,4,2,13
,2015_34976,0,0,12/15/2015 14:43,14:43,12,0,0,17TH AVE E & LINCOLN ST N,4,1,1,2,1,4,,,35,0,0,0,0,0,4,2,14
,2015_34977,0,0,11/4/2015 15:48,15:48,3,0,0,17TH AVE E & PONTIAC ST,1,1,0,0,1,1,,,25,0,0,0,0,0,4,2,16
,2015_34978,0,0,11/21/2015 10:18,10:18,1,0,0,KALAMATH ST N & COLFAX AVE W,1,1,0,0,1,2,,,35,0,0,0,0,0,4,2,1
,2015_34979,0,0,10/27/2015 18:35,18:35,12,0,0,17TH AVE E & ULSTER ST N,1,3,0,0,1,1,,,35,0,0,0,0,0,4,2,3
,2015_34980,0,0,9/19/2015 9:55,9:55,10,0,0,18TH AVE E & RACE ST N,1,1,0,0,1,1,,,30,0,0,0,0,0,4,2,13
,2015_34981,0,0,8/31/2015 18:52,18:52,3,0,0,23RD AVE E & LAFAYETTE ST N,1,1,0,0,1,1,,,25,0,0,0,0,1,4,2,14
,2015_34982,0,0,9/4/2015 12:39,12:39,3,0,0,25TH AVE & WASHINGTON ST N,1,1,0,0,1,1,,,25,0,0,0,0,0,4,2,3
,2015_34983,0,0,9/11/2015 12:47,12:47,3,0,0,26TH AVE E & MONACO PKWY N,1,1,0,0,1,1,,,40,0,0,0,0,0,4,2,13
,2015_34984,0,0,10/21/2015 10:15,10:15,3,0,0,26TH AVE E & OGDEN ST N,2,1,0,1,1,1,,,25,0,0,0,0,0,4,2,13
,2015_34985,0,0,9/9/2015 18:33,18:33,15,0,0,29TH AVE E & QUEBEC ST N,1,1,0,0,1,1,,,35,0,0,0,0,0,4,2,13
,2015_34986,0,0,12/3/2015 17:30,17:30,15,0,0,29TH AVE E & QUEBEC ST N,1,2,0,0,1,1,,,30,0,0,0,0,0,4,2,13
,2015_34987,0,0,8/19/2015 18:58,18:58,3,0,0,29TH AVE W & ZUNI ST N,1,2,0,7,1,1,,,35,0,0,0,0,0,4,2,16
,2015_34988,0,0,10/27/2015 16:40,16:40,3,0,0,32ND AVE W & WYANDOT ST N,1,2,0,0,1,1,,,25,0,0,0,0,0,4,2,13
,2015_34989,0,0,10/21/2015 17:50,17:50,3,0,0,34TH AVE W & CLAY ST N,2,1,1,1,1,1,,,25,0,0,0,0,1,4,2,13
,2015_34991,0,0,9/21/2015 17:31,17:31,3,0,0,36TH AVE E & QUEBEC ST N,1,1,0,0,1,2,,,35,0,0,0,0,0,4,2,13
,2015_34992,0,0,11/30/2015 7:21,7:21,12,0,0,40TH AVE E & ANDREWS DR E,5,1,0,2,1,1,,,40,0,0,0,0,0,4,2,7
,2015_34993,0,0,8/24/2015 7:12,7:12,12,0,0,43RD AVE E & TOWER RD N,1,1,0,0,1,1,,,35,0,0,0,0,0,4,2,2
,2015_34994,0,0,10/22/2015 8:47,8:47,10,0,0,44TH AVE W & UMATILLA ST N,2,1,0,1,1,1,,,35,0,0,0,0,1,4,2,14
,2015_34995,0,0,12/11/2015 10:03,10:03,15,0,0,47TH AVE E & PARIS ST N,1,1,1,0,1,1,,,35,0,0,0,0,0,4,2,13
,2015_34996,0,0,11/11/2015 22:55,22:55,12,0,0,ALAMEDA AVE & 4200 BLK E,1,3,0,0,1,1,,,35,0,0,0,0,0,4,2,3
,2015_34997,0,0,12/14/2015 17:35,17:35,12,0,0,ALAMEDA AVE 3900 BLK E & COLORADO BLVD S,1,3,0,0,1,4,,,30,0,0,0,0,1,4,2,13
,2015_34998,0,0,9/18/2015 8:40,8:40,15,0,0,ALAMEDA AVE E & FAIRMOUNT DR E,1,1,0,0,1,1,,,5,0,0,0,0,0,4,2,13
,2015_34999,0,0,8/27/2015 18:27,18:27,3,1,0,ALAMEDA AVE E & FOREST ST S,1,1,0,0,1,1,,,35,0,0,0,0,4,4,2,1
,2015_35000,0,0,12/16/2015 8:10,8:10,12,0,0,ALAMEDA AVE 8800 BLK E & XENIA ST S,4,1,0,0,1,4,,,45,0,0,0,0,0,4,2,13
,2015_35001,0,0,12/10/2015 17:12,17:12,1,0,1,AURARIA PKWY & 9TH ST,1,1,1,0,1,1,,,35,0,0,0,0,2,4,2,13
,2015_35002,0,0,12/17/2015 18:55,18:55,12,0,0,BRIGHTON BLVD & 3500 BLK N,5,3,0,0,1,4,,,30,0,0,0,0,0,4,2,13
,2015_35004,0,0,11/29/2015 1:50,1:50,15,0,0,BROADWAY ST N & 8TH AVE E,1,3,0,0,1,4,,,35,0,0,0,0,0,4,2,4
,2015_35005,0,0,11/13/2015 14:20,14:20,12,0,0,BROADWAY ST S & OHIO AVE W,1,1,0,0,1,1,,,35,0,0,0,0,0,4,2,13
,2015_35007,0,0,7/31/2015 9:45,9:45,15,0,0,BROADWAY ST N & TREMONT PL,1,1,0,0,1,1,,,30,0,0,0,0,0,4,2,7
,2015_35008,0,0,12/9/2015 19:55,19:55,1,0,0,DTC BLVD S & UNION AVE E,1,3,0,0,1,1,,,35,0,0,0,0,0,4,2,13
,2015_35009,0,0,10/18/2015 15:24,15:24,12,0,0,ENSENADA ST 3800 BLK N & N ENSENADA ST,1,1,0,0,1,3,,,25,0,0,0,0,0,4,2,7
,2015_35010,0,0,12/5/2015 17:07,17:07,3,0,0,EVANS AVE 4000 BLK E & COLORADO BLVD S,1,2,0,0,1,2,,,35,0,0,0,0,0,4,2,13
,2015_35011,0,0,12/29/2015 15:50,15:50,12,0,0,EVANS AVE 6500 BLK E & MONACO PKWY S,2,1,0,0,1,4,,,35,0,0,0,0,0,4,2,13
,2015_35012,0,0,12/2/2015 15:40,15:40,3,0,0,GVR BLVD & 18600 BLK E,1,1,0,0,1,2,,,45,0,0,0,0,0,4,2,13
,2015_35013,0,0,9/16/2015 20:55,20:55,1,0,2,JACKSON GAP ST & PENA BLVD,1,3,0,0,1,1,,,35,0,0,0,0,2,4,2,3
,2015_35014,0,0,9/1/2015 12:16,12:16,3,0,0,KENTUCKY AVE S 6500 BLK E & MONACO PKWY 890 S,1,1,1,0,1,2,,,,0,0,0,0,0,4,2,7
,2015_35015,0,0,11/17/2015 14:00,14:00,3,0,0,KIPLING ST S & STANFORD AVE W,1,1,0,0,1,1,,,45,0,0,0,0,0,4,2,7
,2015_35016,0,0,10/1/2015 14:00,14:00,3,0,0,LINCOLN ST N & 18TH AVE E,1,1,0,0,1,1,,,30,0,0,0,0,0,4,2,13
,2015_35017,0,0,10/3/2015 13:00,13:00,15,0,0,LINCOLN ST N & SPEER BLVD E,1,1,1,0,1,1,,,30,0,0,0,0,0,4,2,13
,2015_35018,0,0,9/11/2015 15:12,15:12,12,0,0,LOUISIANA AVE 1400 BLK E & LAFAYETTE ST S,1,1,0,0,1,4,,,25,0,0,0,0,0,4,2,13
,2015_35019,0,0,11/28/2015 15:14,15:14,12,0,0,MLK BLVD E & ELM ST N,1,1,0,0,1,3,,,30,0,0,0,0,0,4,2,16
,2015_35020,0,0,10/13/2015 7:10,7:10,12,0,0,MISSISSIPPI AVE 9100 BLK & ALTON ST S,1,1,0,0,1,4,,,40,0,0,0,0,0,4,2,1
,2015_35021,0,0,11/2/2015 17:22,17:22,3,0,0,MISSISSIPPI AVE W & LIPAN ST S,1,1,0,0,1,1,,,35,0,0,0,0,0,4,2,7
,2015_35022,0,0,10/22/2015 11:40,11:40,15,0,0,PARK AVE & MARION ST,2,1,0,1,1,1,,,30,0,0,0,0,1,4,2,13
,2015_35023,0,0,12/21/2015 16:40,16:40,12,0,0,PEORIA ST & 4400 BLK N,1,2,0,0,1,4,,,40,0,0,0,0,0,4,2,13
,2015_35024,0,0,8/13/2015 6:05,6:05,1,0,0,PEORIA ST N & ALBROOK DR E,1,1,1,7,1,1,,,30,0,0,0,0,0,4,2,16
,2015_35025,0,0,11/19/2015 15:54,15:54,3,0,0,QUEBEC ST N & 6TH AVE E,1,1,1,0,1,1,,,30,0,0,0,0,0,4,2,16
,2015_35026,0,0,10/14/2015 17:30,17:30,12,0,0,QUEBEC ST N & 13TH AVE E,1,1,1,0,1,4,,,30,0,0,0,0,0,4,2,13
,2015_35027,0,0,9/13/2015 11:09,11:09,3,0,0,QUEBEC ST N & MLK BLVD E,1,1,0,0,1,1,,,35,0,0,0,0,0,4,2,8