id,drcog_id,latitude,longitude,crashtime,time,crashtype,numbkilled,numbinjurd,drcoglocat,rdconditin,lightngcon,roadcntgrd,weatherco,location,roaddescrp,schoolzone,constrzone,splimit,bikeinv,pedinv,sctrinv,motoinv,svrty,rdsystem,ttlvehcls,hcf
,2015_35029,0,0,9/5/2015 1:10,1:10,10,0,0,14TH ST & MARKET ST,1,3,0,0,1,1,,,30,0,0,0,0,0,4,2,5
,2015_35030,0,0,12/28/2015 15:30,15:30,12,0,0,15TH ST & GLENARM PL,1,1,0,0,1,1,,,30,0,0,0,0,0,4,2,13
,2015_35031,0,0,7/21/2015 21:46,21:46,3,0,0,17TH ST & TREMONT PL,1,3,0,0,1,1,,,30,0,0,0,0,1,4,2,4
,2015_35032,0,0,11/25/2015 13:05,13:05,15,0,0,SHERIDAN BLVD S & KENYON AVE W,1,1,1,0,1,1,,,35,0,0,0,0,0,4,2,1
,2015_35033,0,0,11/4/2015 16:53,16:53,12,0,0,SPEER BLVD & 2600 BLK N,1,2,1,0,1,4,,,35,0,0,0,0,0,4,2,16
,2015_35034,0,0,9/4/2015 8:45,8:45,15,0,0,SPEER BLVD 1100 BLK N & 11TH AVE W,1,1,0,0,1,4,,,35,0,0,0,0,0,4,2,13
,2015_35036,0,0,9/24/2015 6:20,6:20,3,0,0,SPEER BLVD N & 11TH AVE W,1,1,0,0,1,1,,,35,0,0,0,0,0,4,2,4
,2015_35037,0,0,11/15/2015 22:00,22:00,15,0,0,SPEER BLVD N & BROADWAY N,1,3,1,0,1,1,,,35,0,0,0,0,0,4,2,16
,2015_35038,0,0,12/1/2015 18:29,18:29,15,0,0,SPEER BLVD N & WEWATTA ST,1,3,0,0,1,4,,,35,0,0,0,0,0,4,2,13
,2015_35039,0,0,10/26/2015 7:49,7:49,12,0,0,TAMARAC DR 4200 BLK S & QUNICY AVE E,1,1,0,0,1,1,,,30,0,0,0,0,0,4,2,13
,2015_35040,0,0,12/21/2015 17:50,17:50,15,0,0,E TENNESSEE AVE & BROADWAY ST S,6,3,0,0,1,4,,,25,0,0,0,0,0,4,2,13
,2015_35041,0,0,12/17/2015 7:25,7:25,12,0,0,UNIVERSITY BLVD 2100 BLK & EVANS AVE E,4,1,0,0,1,4,,,30,0,0,0,0,1,4,2,13
,2015_35042,0,0,9/17/2015 16:22,16:22,3,0,0,UNIVERSITY BLVD 2400 BLK & WESLEY AVE E,1,1,0,0,1,2,,,30,0,0,0,0,1,4,2,3
,2015_35043,0,0,12/19/2015 9:00,9:00,12,0,0,VIRGINIA AVE E & LOGAN ST S,5,1,0,0,1,4,,,30,0,0,0,0,0,4,2,13
,2015_35044,0,0,12/9/2015 15:30,15:30,15,0,0,WASHINGTON ST 500 BLK S & VIRGINIA AVE E,1,1,0,0,1,4,,,25,0,0,0,0,0,4,2,1
,2015_35045,0,0,11/25/2015 15:12,15:12,3,0,0,YOSEMITE ST S & KENYON AVE E,1,1,0,0,1,1,,,25,0,0,0,0,0,4,2,16
,2015_35110,39.711328,-104.936473,9/3/2015 15:45,15:45,15,0,0,LEETSDALE DR & ALAMEDA AVE,1,3,0,0,1,1,,,30,0,0,0,0,0,2,2,7
,2015_35128,39.683674,-104.940414,10/1/2015 8:13,8:13,1,0,0,COLORADO BLVD S & I-25 NB RAMPS,1,1,0,0,1,1,,,35,0,0,0,0,0,2,2,1
,2015_35129,39.685667,-104.940548,9/18/2015 13:38,13:38,1,0,0,COLORADO BLVD S & MEXICO AVE E,1,1,0,0,1,1,,,35,0,0,0,0,0,2,2,13
,2015_35130,39.668216,-104.940612,8/10/2015 14:52,14:52,12,0,0,COLORADO BLVD S & 2600 BLK S,1,1,0,0,1,3,,,35,0,0,0,0,1,2,2,10
,2015_35131,39.725476,-104.940629,9/30/2015 7:40,7:40,12,0,1,COLORADO BLVD N & 6TH AVE E,1,1,0,0,1,1,,,35,0,0,0,0,2,2,2,13
,2015_35132,39.725476,-104.940629,11/2/2015 11:45,11:45,12,0,0,6TH AVE E & COLORADO BLVD N,1,1,0,0,1,3,,,30,0,0,0,0,0,2,2,16
,2015_35133,39.740259,-104.940612,12/24/2015 11:38,11:38,15,0,0,N COLORADO BLVD 1500 BLK & COLFAX AVE,1,1,0,0,1,4,,,35,0,0,0,0,0,2,2,16
,2015_35137,39.780043,-104.949712,9/2/2015 21:00,21:00,12,0,0,STEELE ST N & 46TH AVE E,1,3,0,0,1,1,,,35,0,0,0,0,0,2,2,1
,2015_35148,39.651719,-104.917527,9/8/2015 9:20,9:20,12,0,0,I-25 & HAMPDEN AVE E,1,1,0,0,1,4,,,65,0,0,0,0,0,1,2,13
,2015_35149,39.652653,-104.918038,11/8/2015 20:30,20:30,12,0,2,I-25 & HAMPDEN AVE E,1,3,0,0,1,4,,,65,0,0,0,0,2,1,2,1
,2015_35150,39.700841,-104.986681,11/21/2015 16:36,16:36,12,0,0,BROADWAY S & KENTUCKY AVE W,1,1,0,0,1,4,,,30,0,0,0,0,1,1,2,3
,2015_35151,39.710131,-104.998259,8/25/2015 18:19,18:19,15,0,0,I-25 & ALAMEDA AVE W,1,1,0,0,1,4,,,55,0,0,0,0,0,1,2,13
,2015_35152,39.783989,-104.989144,10/15/2015 17:36,17:36,15,0,0,I-25 & 48TH AVE W,1,2,1,0,1,4,,,55,0,0,0,0,0,1,2,16
,2015_35177,39.740354,-105.024713,11/29/2015 22:55,22:55,12,0,0,COLFAX AVE 2900 BLK W & FEDERAL BLVD,4,4,0,2,1,4,,,40,0,0,0,0,0,2,2,3
,2015_35178,39.740306,-105.014081,8/22/2015 20:44,20:44,15,0,0,COLFAX AVE W & I-25,1,3,0,0,1,4,,,35,0,0,0,0,0,2,2,1
,2015_35179,39.740048,-104.999949,11/15/2015 10:15,10:15,3,0,0,COLFAX AVE W & KALAMATH ST N,1,1,0,0,1,1,,,35,0,0,0,0,0,2,2,8
,2015_35180,39.740019,-104.997537,12/4/2015 22:23,22:23,12,0,0,COLFAX AVE W & SPEER BLVD,1,3,0,0,1,3,,,30,0,0,0,0,0,2,2,13
,2015_35181,39.740002,-104.987332,10/27/2015 8:55,8:55,12,0,0,COLFAX AVE E & BROADWAY ST N,1,1,0,0,1,1,,,30,0,0,0,0,0,2,2,16
,2015_35182,39.740002,-104.987332,12/10/2015 23:19,23:19,3,0,0,COLFAX AVE E & BROADWAY ST N,1,3,0,0,1,1,,,30,0,0,0,0,0,2,2,14
,2015_35183,39.740053,-104.984901,9/2/2015 13:05,13:05,12,0,0,COLFAX AVE E & SHERMAN ST N,1,1,0,0,1,1,,,30,0,0,0,0,0,2,2,13
,2015_35184,39.74012,-104.941848,9/9/2015 11:10,11:10,12,0,0,COLFAX AVE E & HARRISON ST N,1,1,0,0,1,1,,,25,0,0,0,0,0,2,2,7
,2015_35185,39.740079,-104.91277,8/23/2015 15:50,15:50,3,0,0,COLFAX AVE E & MONACO PKWY N,1,1,0,0,1,1,,,35,0,0,0,0,1,2,2,7
,2015_35186,39.740079,-104.912395,12/24/2015 15:03,15:03,12,0,0,MONACO PKWY NB & COLFAX AVE E,1,1,0,0,1,3,,,35,0,0,0,0,0,2,2,2
,2015_35187,39.740081,-104.910482,10/12/2015 16:22,16:22,10,0,0,COLFAX AVE E & NIAGRA ST N,1,1,1,0,1,1,,,25,0,0,0,0,0,2,2,13
,2015_35188,39.740081,-104.89639,12/13/2015 13:55,13:55,12,0,0,COLFAX AVE E & TRENTON ST N,5,1,0,0,1,1,,,30,0,0,0,0,0,2,2,7
,2015_35189,39.740086,-104.885881,9/5/2015 1:15,1:15,14,0,0,COLFAX AVE E & XENIA ST N,1,3,1,0,1,3,,,35,0,0,0,0,0,2,2,3
,2015_35211,39.784221,-105.024907,12/2/2015 19:40,19:40,12,0,0,I-70 WB OFF SLIP RAMP & FEDERAL BLVD N,1,3,0,0,1,8,,,30,0,0,0,0,1,1,2,16
,2015_35212,39.780016,-104.962976,12/19/2015 18:22,18:22,12,0,0,I-70 & BRIGHTON BLVD EB ENT RAMP,1,4,0,0,1,4,,,55,0,0,0,0,0,1,2,14
,2015_35213,39.779997,-104.949807,9/19/2015 9:42,9:42,12,0,0,I-70 & VASQUEZ BLVD N,1,1,0,0,1,4,,,55,0,0,0,0,0,1,2,13
,2015_35214,39.779944,-104.940633,8/17/2015 16:03,16:03,12,0,0,I-70 & COLORADO BLVD N,1,1,0,0,1,4,,,55,0,0,0,0,0,1,2,13
,2015_35215,39.779944,-104.940633,10/20/2015 9:30,9:30,15,0,0,I-70 & COLORADO BLVD N,1,1,0,0,1,4,,,55,0,0,0,0,0,1,2,7
,2015_35216,39.7783,-104.903459,9/23/2015 15:19,15:19,12,0,0,I-70 & NORTHFIELD QUEBEC ST,1,1,0,0,1,4,,,55,0,0,0,0,0,1,3,16
,2015_35217,39.775623,-104.865778,9/22/2015 20:05,20:05,12,0,0,I-70 & HAVANA ST N,1,4,0,0,1,4,,,45,0,0,0,0,1,1,2,13
,2015_35218,39.775623,-104.865778,11/6/2015 8:30,8:30,12,0,0,I-70 & HAVANA ST N,1,1,0,0,1,4,,,55,0,0,0,0,1,1,2,1
,2015_35235,39.700211,-104.908032,9/18/2015 11:15,11:15,12,0,0,LEETSDALE DR 6900 BLK & ONEIDA ST S,1,1,0,0,1,3,,,35,0,0,0,0,1,2,2,13
,2015_35236,39.700578,-104.909148,9/10/2015 15:14,15:14,14,0,0,LEETSDALE DR 6700 BLK E & ONEIDA ST S,1,1,1,0,1,4,,,35,0,0,0,0,0,2,2,5
,2015_35244,39.689147,-104.991995,10/14/2015 15:11,15:11,12,0,0,SANTA FE DR 1400 BLK S & FLORIDA AVE W,1,1,0,0,1,3,,,45,0,0,0,0,0,2,2,1
,2015_35245,39.692475,-104.992442,11/19/2015 7:01,7:01,15,0,0,PLATTE RIVER DR S & PLATTE RIVER,1,1,0,0,1,4,,,25,0,0,0,0,0,2,2,16
,2015_35251,39.729259,-105.02515,12/16/2015 12:15,12:15,15,0,0,8TH AVE W & FEDERAL BLVD N,12,1,0,1,1,1,,,35,0,0,0,0,0,2,2,7
,2015_35252,39.714796,-105.025155,8/5/2015 11:45,11:45,3,0,0,FEDERAL BLVD S & BAYAUD AVE W,1,1,0,0,1,1,,,25,0,0,0,0,1,2,2,1
,2015_35253,39.675237,-105.02504,11/9/2015 17:15,17:15,1,0,2,FEDERAL BLVD S & ILIFF AVE W,1,2,0,0,1,1,,,40,0,0,0,0,2,2,2,7
,2015_35254,39.673348,-105.025054,10/22/2015 8:07,8:07,3,0,0,FEDERAL BLVD S & WESLEY AVE W,2,1,1,1,1,1,,,25,0,0,0,0,0,2,2,7
,2015_35255,39.631417,-105.025493,12/22/2015 5:48,5:48,3,0,0,FEDERAL BLVD S & UNION AVE W,1,3,0,0,1,1,,,35,0,0,0,0,0,2,2,3
,2015_35263,39.624076,-104.913346,9/29/2015 15:24,15:24,1,0,0,BELLEVIEW AVE E & MONACO PKWY S,1,1,1,0,1,1,,,35,0,0,0,0,1,2,2,3
,2015_35267,39.677896,-105.053264,11/4/2015 7:51,7:51,12,0,0,SHERIDAN BLVD S & 2100 BLK S,1,1,0,0,1,3,,,0,0,0,0,0,0,2,2,3
,2015_35271,39.765789,-105.053248,8/8/2015 19:55,19:55,15,0,0,35TH AVE W & SHERIDAN BLVD,1,1,1,0,1,1,,,35,0,0,0,0,0,2,2,13
,2015_35319,39.635523,-104.89346,10/16/2015 13:31,13:31,15,0,0,I-225 & TAMARAC ST S,1,1,0,0,1,4,,,55,0,0,0,0,0,1,2,16
,2015_35320,39.635523,-104.89346,12/16/2015 14:07,14:07,12,0,0,TAMARAC ST S & I-25 SB OFF RAMP,6,1,1,0,1,1,,,35,0,0,0,0,0,1,2,13
,2015_35327,39.776947,-104.881674,11/12/2015 8:40,8:40,12,0,0,I-270 & I-70 EB DIRECT CONNEC,1,1,1,0,1,4,,,45,0,0,0,0,0,1,2,12
,2015_35333,39.652996,-104.923962,9/23/2015 11:44,11:44,12,0,0,HAMPDEN AVE E & HUDSON ST S,1,1,1,0,1,1,,,35,0,0,0,0,0,2,2,13
,2015_35334,39.74612,-105.025222,12/13/2015 11:51,11:51,12,0,0,FEDERAL BLVD & 1800 BLK N,1,1,0,0,1,4,,,35,0,0,0,0,1,2,2,13
,2015_35335,39.760318,-105.025143,9/20/2015 9:30,9:30,12,0,0,SPEER BLVD N & FEDERAL BLVD N,1,1,0,0,1,1,,,35,0,0,0,0,0,2,2,13
,2015_35337,39.785393,-105.025206,11/16/2015 18:10,18:10,12,0,0,FEDERAL BLVD N & 49TH AVE W,2,3,0,1,1,3,,,35,0,0,0,0,1,2,2,7
,2015_35463,0,0,11/4/2015 11:02,11:02,1,0,0,1ST AVE W & VRAIN ST N,1,1,0,0,1,2,,,30,0,0,0,0,0,4,2,7
,2015_35464,0,0,10/29/2015 18:54,18:54,3,0,2,5TH AVE W & KNOX CT,1,3,0,0,1,1,,,25,0,0,0,0,2,4,3,5
,2015_35465,0,0,10/11/2015 16:53,16:53,10,0,0,6TH AVE E & EMERSON ST N,1,1,0,0,1,1,,,30,0,0,0,0,0,4,2,13
,2015_35466,0,0,12/19/2015 11:26,11:26,3,0,0,6TH AVE E & LINCOLN ST N,2,1,0,0,1,1,,,35,0,0,0,0,0,4,2,8
,2015_35467,0,0,8/4/2015 20:29,20:29,3,0,0,6TH AVE E & YORK ST N,1,3,1,0,1,1,,,30,0,0,0,0,1,4,2,13
,2015_35468,0,0,8/19/2015 16:54,16:54,12,0,0,8TH AVE E & KRAMERIA ST N,1,1,0,7,1,4,,,30,0,0,0,0,0,4,2,2
,2015_35469,0,0,8/19/2015 22:06,22:06,1,0,0,9TH AVE E & YORK ST N,1,3,0,7,1,1,,,25,0,0,0,0,0,4,2,16
,2015_35470,0,0,12/16/2015 17:15,17:15,3,0,0,10TH AVE W & SANTA FE DR N,4,2,0,0,1,1,,,25,0,0,0,0,0,4,2,13
,2015_35471,0,0,12/7/2015 9:35,9:35,12,0,0,13TH AVE & ZUNI ST N,1,1,0,0,1,1,,,30,0,0,0,0,0,4,2,13
,2015_35472,0,0,10/15/2015 12:07,12:07,15,0,0,14TH AVE E & BIRCH ST N,1,1,0,0,1,1,,,35,0,0,0,0,0,4,2,13
,2015_35473,0,0,11/17/2015 6:00,6:00,15,0,0,14TH AVE E & LINCOLN ST N,5,1,1,2,1,4,,,30,0,0,0,0,0,4,2,16
,2015_35474,0,0,11/23/2015 9:57,9:57,3,0,0,14TH AVE E & YORK ST N,1,1,0,0,1,1,,,30,0,0,0,0,0,4,2,16
,2015_35475,0,0,10/25/2015 15:25,15:25,10,0,0,16TH AVE E & LOGAN ST N,1,1,0,0,1,3,,,30,0,0,0,0,0,4,2,13
,2015_35476,0,0,11/19/2015 17:59,17:59,3,0,0,17TH AVE E & OLIVE ST N,1,3,0,0,1,1,,,25,0,0,0,0,1,4,2,16
,2015_35477,0,0,10/12/2015 16:01,16:01,3,0,0,17TH AVE E & WILLOW ST N,1,1,0,0,1,1,,,25,0,0,0,0,0,4,3,13
,2015_35478,0,0,10/14/2015 16:36,16:36,3,0,1,18TH AVE E & BROADWAY,1,1,1,0,1,1,,,30,0,0,0,0,3,4,2,13
,2015_35479,0,0,10/23/2015 14:55,14:55,12,0,0,18TH AVE 1600 BLK E & FRANKLIN ST N,1,1,0,0,1,4,,,30,0,0,0,0,0,4,2,13
,2015_35480,0,0,9/1/2015 17:43,17:43,15,0,0,23RD AVE E & QUEBEC ST N,1,1,0,0,1,1,,,30,0,0,0,0,0,4,2,13
,2015_35481,0,0,8/24/2015 23:58,23:58,3,0,0,26TH AVE W & CLAY ST N,1,3,0,0,1,1,,,25,0,0,0,0,0,4,2,13
,2015_35482,0,0,10/25/2015 16:19,16:19,12,0,0,31ST AVE E & YORK ST N,1,1,0,0,1,1,,,30,0,0,0,0,0,4,2,13
,2015_35483,0,0,10/6/2015 16:46,16:46,6,0,0,37TH AVE E & QUENTIN ST N,2,1,0,1,1,4,,,30,0,0,0,0,0,4,2,13
,2015_35484,0,0,10/23/2015 16:08,16:08,3,0,0,39TH AVE E & FOREST ST N,1,1,0,0,1,1,,,35,0,0,0,0,0,4,2,13
,2015_35485,0,0,12/8/2015 15:35,15:35,12,0,0,39TH AVE E & WHEELING ST N,1,1,0,0,1,4,,,30,0,0,0,0,0,4,2,13
,2015_35486,0,0,10/22/2015 12:32,12:32,15,0,0,42ND AVE E & MONACO PKWY N,2,1,0,1,1,4,,,25,0,0,0,0,1,4,2,13
,2015_35487,0,0,8/19/2015 14:02,14:02,3,0,1,45TH AVE E & KINGSTON ST N,1,1,0,0,1,1,,,30,0,0,0,0,3,4,2,13
,2015_35488,0,0,9/26/2015 16:53,16:53,3,0,0,45TH AVE W & LINCOLN ST N,1,1,0,0,1,1,,,30,0,0,0,0,0,4,2,13
,2015_35489,0,0,9/2/2015 18:15,18:15,12,0,0,75TH AVE 25200 BLK E & JACKSON GAP N,1,1,0,0,1,3,,,45,0,0,0,0,1,4,2,8
,2015_35490,0,0,10/4/2015 20:15,20:15,3,0,0,ALAMEDA AVE W & BANNOCK ST S,1,3,0,0,1,1,,,30,0,0,0,0,0,4,2,2
,2015_35491,0,0,11/3/2015 18:50,18:50,12,0,0,ALAMEDA AVE E & DAYTON ST S,1,2,0,0,1,4,,,40,0,0,0,0,1,4,2,16
,2015_35492,0,0,9/22/2015 17:41,17:41,3,0,0,ALAMEDA AVE E & OLIVE ST S,1,1,0,0,1,1,,,25,0,0,0,0,1,4,2,3
,2015_35493,0,0,9/10/2015 15:22,15:22,1,0,0,ALAMEDA AVE E & UNIVERSITY BLVD S,1,1,1,0,1,2,,,25,0,0,0,0,0,4,2,13
,2015_35494,0,0,12/18/2015 9:55,9:55,3,0,0,ALAMEDA AVE E & WASHINGTON ST S,2,1,1,0,1,1,,,30,0,0,0,0,0,4,2,3
,2015_35495,0,0,12/11/2015 13:37,13:37,15,0,0,BANNOCK ST S & ALAMEDA AVE W,1,1,0,0,1,1,,,25,0,0,0,0,0,4,2,13
,2015_35496,0,0,11/18/2015 19:11,19:11,12,0,0,BANNOCK ST & 1400 BLK N,1,3,0,0,1,4,,,25,0,0,0,0,0,4,2,3
,2015_35497,0,0,10/30/2015 7:55,7:55,1,0,0,BELLEVIEW AVE E & DTC BLVD,1,1,0,0,1,1,,,35,0,0,0,0,0,4,2,13
,2015_35498,0,0,9/9/2015 15:01,15:01,12,0,0,BROADWAY ST & 800 BLK S,1,1,0,0,1,1,,,35,0,0,0,0,0,4,2,14
,2015_35500,0,0,8/25/2015 18:57,18:57,12,0,0,BROADWAY ST & 1500 BLK S,1,2,0,0,1,4,,,35,0,0,0,0,0,4,2,3
,2015_35501,0,0,11/24/2015 14:50,14:50,12,0,0,BROADWAY S & ALAMEDA AVE E,1,1,0,0,1,1,,,30,0,0,0,0,0,4,2,14
,2015_35502,0,0,8/31/2015 10:20,10:20,10,0,0,BROADWAY ST S & BAYAUD AVE E,1,1,0,0,1,1,,,30,0,0,0,0,0,4,2,13
,2015_35503,0,0,12/16/2015 19:00,19:00,15,0,0,BROADWAY ST S & CEDAR AVE W,12,3,0,0,1,1,,,35,0,0,0,0,0,4,2,1
,2015_35505,0,0,12/10/2015 8:45,8:45,15,0,0,BROADWAY ST 900 BLK S & TENNESSEE AVE E,1,1,0,0,1,4,,,30,0,0,0,0,0,4,2,13
,2015_35506,0,0,12/27/2015 21:33,21:33,12,0,0,BROADWAY ST S & VIRGINIA AVE E,1,3,0,0,1,1,,,30,0,0,0,0,0,4,2,5
,2015_35507,0,0,11/4/2015 7:10,7:10,12,0,0,CATHAY ST N & 49TH AVE E,1,1,0,0,1,4,,,25,0,0,0,0,0,4,2,16
,2015_35508,0,0,12/19/2015 14:20,14:20,3,0,0,CENTER AVE E & RACE ST S,5,1,0,0,1,1,,,25,0,0,0,0,0,4,2,13
,2015_35509,0,0,11/17/2015 19:21,19:21,12,0,0,CHAMBERS RD N & 46TH AVE E,1,3,1,0,1,4,,,40,0,0,0,0,0,4,2,16
,2015_35510,0,0,12/17/2015 23:00,23:00,3,0,0,CHAMBERS RD N & GATEWAY AVE E,8,3,0,0,1,1,,,40,0,0,0,0,0,4,2,7
,2015_35511,0,0,12/28/2015 13:48,13:48,1,0,0,COLORADO AVE S & IOWA AVE E,1,1,1,0,1,1,,,40,0,0,0,0,1,4,2,13
,2015_35512,0,0,7/31/2015 11:50,11:50,3,0,0,COOK ST S & ELLSWORTH AVE E,1,1,0,0,1,1,,,25,0,0,0,0,0,4,2,13
,2015_35513,0,0,8/19/2015 15:25,15:25,10,0,0,CORONA ST N & 10TH AVE E,1,1,1,0,1,1,,,30,0,0,0,0,0,4,2,13
,2015_35514,0,0,11/23/2015 18:10,18:10,3,0,0,DAHLIA ST S & MISSISSIPPI AVE E,1,4,0,0,1,1,,,30,0,0,0,0,1,4,2,3
,2015_35515,0,0,10/8/2015 10:00,10:00,12,0,0,DARTMOUTH AVE & 5700 BLK W,1,1,0,0,1,4,,,30,0,0,0,0,0,4,2,7
,2015_35516,0,0,9/18/2015 12:44,12:44,15,0,0,DOWNING ST N & 3RD AVE E,1,1,0,0,1,1,,,30,0,0,0,0,0,4,2,13
,2015_35517,0,0,11/16/2015 15:30,15:30,12,0,0,DOWNING ST N & 6TH AVE E,2,1,0,1,1,3,,,25,0,0,0,0,1,4,2,3
,2015_35518,0,0,10/24/2015 15:48,15:48,12,0,0,EVANS AVE W & BANNOCK ST S,1,1,0,0,1,1,,,30,0,0,0,0,0,4,2,13
,2015_35520,0,0,9/10/2015 10:14,10:14,3,0,0,EVANS AVE E & HOLLY ST S,1,1,0,0,1,1,,,30,0,0,0,0,0,4,2,13
,2015_35521,0,0,10/4/2015 14:13,14:13,3,0,1,EVANS AVE E & JASMINE ST S,1,1,0,0,1,1,,,35,0,0,0,0,2,4,2,1
,2015_35522,0,0,10/12/2015 12:42,12:42,15,0,0,EVANS AVE W & KALAMATH AVE S,1,1,0,0,1,1,,,35,0,0,0,0,0,4,2,13
,2015_35523,0,0,10/30/2015 20:13,20:13,3,0,0,GAYLORD ST N & 16TH AVE E,1,3,0,0,1,1,,,25,0,0,0,0,1,4,2,8
,2015_35524,0,0,9/4/2015 16:23,16:23,3,0,0,GRANT ST S & BAYAUD AVE E,1,1,0,0,1,1,,,25,0,0,0,0,0,4,2,13
,2015_35525,0,0,12/27/2015 10:22,10:22,3,0,0,GROVE ST N & 41ST AVE W,5,1,0,0,1,1,,,25,0,0,0,0,0,4,2,14
,2015_35527,0,0,9/21/2015 13:00,13:00,3,0,0,HIGH ST N & 16TH AVE E,1,1,0,0,1,1,,,25,0,0,0,0,0,4,2,14
,2015_35528,0,0,10/28/2015 14:29,14:29,3,0,0,ILIFF AVE 000 BLK E & BROADWAY ST S,1,1,0,0,1,2,,,,0,0,0,0,0,4,2,3
,2015_35529,0,0,11/13/2015 11:25,11:25,12,0,0,JOLIET ST N & 56TH AVE E,1,1,1,0,1,1,,,25,0,0,0,0,0,4,2,13
,2015_35530,0,0,12/31/2015 13:27,13:27,3,0,0,KIPLING ST S & STANFORD AVE W,1,1,0,0,1,1,,,40,0,0,0,0,1,4,2,2
,2015_35531,0,0,9/5/2015 23:50,23:50,15,0,1,MLK BLVD & COLORADO BLVD N,1,3,0,0,1,4,,,35,0,0,0,0,2,4,2,14
,2015_35533,0,0,11/23/2015 16:10,16:10,3,0,0,MISSISSIPPI AVE W & LIPAN ST S,1,1,1,0,1,1,,,30,0,0,0,0,1,4,2,7
,2015_35534,0,0,11/23/2015 15:11,15:11,12,0,0,MISSISSIPPI AVE W & SHOSHONE ST S,1,1,0,0,1,1,,,35,0,0,0,0,0,4,2,16
,2015_35535,0,0,9/3/2015 19:20,19:20,5,0,0,17TH ST & 1500 BLK,1,1,0,0,3,4,,,30,0,0,0,0,0,4,1,5
,2015_35536,0,0,12/23/2015 11:04,11:04,12,0,0,MISSISSIPPI AVE 8300 BLK E & VALENTIA ST S,1,1,0,0,1,4,,,40,0,0,0,0,0,4,2,3
,2015_35537,0,0,9/25/2015 18:30,18:30,12,0,0,MONACO PKWY N & SERVERN PL E,1,2,0,0,1,1,,,30,0,0,0,0,0,4,2,3
,2015_35538,0,0,9/21/2015 7:47,7:47,12,0,0,MONACO PKWY S & VIRGINIA AVE E,1,1,0,0,1,4,,,35,0,0,0,0,0,4,2,3
,2015_35539,0,0,10/19/2015 11:35,11:35,12,0,0,MONROE ST S & ALAMEDA AVE E,1,1,0,0,1,1,,,25,0,0,0,0,0,4,2,13
,2015_35540,0,0,8/18/2015 18:00,18:00,3,0,0,PARK AVE W & CALIFORNIA ST,1,1,0,7,1,1,,,30,0,0,0,0,0,4,2,16
,2015_35541,0,0,10/24/2015 20:19,20:19,3,0,0,PARK AVE & HUMBOLDT ST N,1,3,0,0,1,1,,,15,0,0,0,0,0,4,2,13
,2015_35542,0,0,11/27/2015 10:40,10:40,1,0,0,QUEBEC ST S & ALAMEDA AVE E,6,1,0,2,1,1,,,40,0,0,0,0,0,4,2,16
,2015_35543,0,0,9/27/2015 10:53,10:53,3,0,1,QUEBEC ST N & MLK BLVD E,1,1,0,0,1,1,,,35,0,0,0,0,2,4,2,13
,2015_35544,0,0,11/26/2015 18:05,18:05,15,0,0,QUINCY AVE W & AMMONS ST S,4,3,0,2,1,4,,,35,0,0,0,0,0,4,2,3
,2015_35545,0,0,10/23/2015 15:50,15:50,12,0,0,RARITAN ST S & EVANS AVE W,1,1,1,0,1,2,,,,0,0,0,0,0,4,2,13
,2015_35546,0,0,9/18/2015 16:26,16:26,15,0,0,18TH ST 1300 BLK & LARIMER ST,1,1,0,0,1,1,,,30,0,0,0,0,0,4,2,13
,2015_35547,0,0,8/22/2015 21:20,21:20,12,0,0,21ST ST & MARKET ST,1,3,0,7,1,4,,,30,0,0,0,0,0,4,2,16
,2015_35548,0,0,9/9/2015 8:00,8:00,3,0,0,38TH ST & BRIGHTON BLVD N,1,1,0,0,1,1,,,30,0,0,0,0,0,4,2,13
,2015_35549,0,0,9/14/2015 14:13,14:13,15,0,0,SANDOWN RD E & MONACO ST N,1,1,0,0,1,4,,,25,0,0,0,0,0,4,2,16
,2015_35551,0,0,10/22/2015 10:20,10:20,15,0,0,SANTA FE DR S & CEDAR AVE W,2,1,0,1,1,1,,,35,0,0,0,0,0,4,2,16
,2015_35552,0,0,8/11/2015 2:57,2:57,5,0,0,SEVERN PL E & QUEBEC ST N,1,3,0,0,2,4,,,30,0,0,0,0,0,4,2,5
,2015_35553,0,0,11/19/2015 9:16,9:16,15,0,0,SPEER BLVD N & LAWRENCE ST,1,1,0,0,1,3,,,35,0,0,0,0,0,4,2,14
,2015_35554,0,0,8/27/2015 8:10,8:10,12,0,0,SPEER BLVD N & WATER ST,1,1,0,0,1,4,,,35,0,0,0,0,0,4,2,16
,2015_35555,0,0,10/20/2015 22:15,22:15,14,0,0,STAPLETON DR S 6100 BLK & KEARNEY ST N,2,3,0,1,1,4,,,40,0,0,0,0,0,4,2,7
,2015_35556,0,0,9/3/2015 18:23,18:23,3,0,0,TENNESSEE AVE E & BROADWAY ST S,2,1,0,1,1,1,,,30,0,0,0,0,0,4,2,7
,2015_35557,0,0,12/30/2015 14:11,14:11,3,0,0,UNIVERSITY BLVD S & MISSISSIPPI AVE E,1,1,0,0,1,1,,,30,0,0,0,0,0,4,2,14
,2015_35558,0,0,11/18/2015 14:10,14:10,15,0,0,WALNUT ST & 28TH ST,1,1,0,0,1,3,,,30,0,0,0,0,0,4,2,1
,2015_35559,0,0,10/24/2015 22:45,22:45,12,0,0,WASHINGTON ST 1500 BLK N & COLFAX AVE E,1,3,0,0,1,4,,,25,0,0,0,0,1,4,2,5