id,drcog_id,latitude,longitude,crashtime,time,crashtype,numbkilled,numbinjurd,drcoglocat,rdconditin,lightngcon,roadcntgrd,weatherco,location,roaddescrp,schoolzone,constrzone,splimit,bikeinv,pedinv,sctrinv,motoinv,svrty,rdsystem,ttlvehcls,hcf
,2015_35560,0,0,11/24/2015 10:50,10:50,15,0,0,YALE AVE E & COLORADO BLVD S,1,1,0,0,1,3,,,30,0,0,0,0,0,4,2,16
,2015_35561,0,0,11/13/2015 17:54,17:54,1,0,0,YALE AVE E & MONACO ST S,1,3,0,0,1,1,,,35,0,0,0,0,0,4,2,13
,2015_35562,0,0,10/22/2015 16:25,16:25,12,0,0,YALE AVE 6700 BLK E & NORMAN CT S,1,1,0,0,1,4,,,30,0,0,0,0,1,4,2,3
,2015_35563,0,0,12/22/2015 19:05,19:05,3,0,0,YORK ST N & 22ND AVE E,1,3,0,0,1,3,,,30,0,0,0,0,0,4,2,1
,2015_35653,39.725594,-105.0425,11/8/2015 21:41,21:41,5,0,0,6TH AVE W & STUART ST N,1,3,0,0,1,4,,,30,0,0,0,0,0,2,2,1
,2015_35654,39.780043,-104.949712,9/25/2015 12:57,12:57,1,0,0,46TH AVE E & STEELE ST N,1,1,0,0,1,1,,,30,0,0,0,0,0,2,2,7
,2015_35676,39.653208,-104.918306,12/29/2015 11:43,11:43,12,0,0,I-25 NB ON SLIP RAMP & HAMPDEN AVE E,1,1,1,0,1,8,,,35,0,0,0,0,0,1,2,7
,2015_35677,39.671226,-104.92799,9/14/2015 2:35,2:35,12,0,0,I-25 SB OFF RAMP & YALE AVE E,1,3,0,0,1,4,,,65,0,0,0,0,1,1,2,5
,2015_35678,39.682026,-104.937582,12/25/2015 15:47,15:47,5,0,0,I-25 & EVANS AVE SB EXIT GOR,5,2,0,2,2,4,,,45,0,0,0,0,0,1,2,14
,2015_35679,39.701452,-104.987435,12/28/2015 15:00,15:00,12,0,0,I-25 & BROADWAY S,1,1,0,0,1,4,,,55,0,0,0,0,0,1,2,3
,2015_35680,39.704115,-104.993242,8/7/2015 3:20,3:20,12,0,3,I-25 & SANTA FE DR S,1,3,1,0,1,4,,,55,0,0,0,0,3,1,2,5
,2015_35682,39.729488,-105.014877,11/29/2015 16:23,16:23,12,0,0,I-25 & 6TH AVE W,1,2,0,0,1,4,,,55,0,0,0,0,0,1,2,14
,2015_35683,39.755044,-105.012841,8/19/2015 20:38,20:38,12,0,0,I-25 NB OFF SLIP RAMP & SPEER BLVD,1,3,1,0,1,8,,,35,0,0,0,0,0,1,2,13
,2015_35684,39.755141,-105.012706,10/28/2015 15:58,15:58,12,0,0,I-25 & SPEER BLVD N,1,1,0,0,1,4,,,55,0,0,0,0,1,1,2,12
,2015_35685,39.760997,-105.004275,9/18/2015 12:30,12:30,12,0,0,I-25 & 20TH ST,1,1,0,0,1,4,,,55,0,0,0,0,0,1,2,13
,2015_35686,39.760997,-105.004275,10/21/2015 9:30,9:30,12,0,0,I-25 & 20TH ST,2,1,0,1,1,4,,,55,0,0,0,0,0,1,2,8
,2015_35687,39.760997,-105.004275,12/28/2015 17:25,17:25,12,0,0,I-25 & 20TH ST,1,3,0,0,1,4,,,55,0,0,0,0,1,1,2,7
,2015_35697,39.711131,-105.032417,11/4/2015 10:00,10:00,12,0,0,ALAMEDA AVE W & KNOX CT S,1,1,0,0,1,1,,,35,0,0,0,0,0,2,2,16
,2015_35698,39.71108,-105.025757,12/18/2015 11:45,11:45,15,0,0,ALAMEDA AVE & 3000 BLK W,2,1,0,0,1,4,,,45,0,0,0,0,0,2,2,1
,2015_35699,39.653088,-104.915267,8/4/2015 7:14,7:14,1,0,0,HAMPDEN AVE E & LOCUST ST S,1,1,0,0,1,1,,,40,0,0,0,0,1,2,2,1
,2015_35700,39.653088,-104.915267,10/5/2015 9:42,9:42,1,0,0,HAMPDEN AVE E & LOCUST ST S,1,1,0,0,1,1,,,40,0,0,0,0,0,2,2,1
,2015_35701,39.653077,-104.898688,12/5/2015 13:50,13:50,12,0,0,TAMARAC DR 3400 BLK S & HAMPDEN AVE E,1,1,0,0,1,4,,,35,0,0,0,0,0,2,2,2
,2015_35722,39.740342,-105.035719,12/15/2015 10:46,10:46,14,0,0,MEADE ST 1400 BLK N & COLFAX AVE W,4,1,0,2,1,1,,,35,0,0,0,0,0,2,2,14
,2015_35723,39.740034,-105.004279,10/31/2015 21:58,21:58,12,0,0,COLFAX AVE W & OSAGE ST N,1,3,1,0,1,4,,,35,0,0,0,0,1,2,2,16
,2015_35724,39.740048,-104.986169,11/14/2015 10:45,10:45,15,0,0,LINCOLN ST N & COLFAX AVE E,1,1,0,0,1,1,,,35,0,0,0,0,0,2,2,16
,2015_35725,39.739998,-104.966067,8/23/2015 1:00,1:00,15,0,0,COLFAX AVE & WILLIAMS ST,1,3,0,0,1,4,,,35,0,0,0,0,0,2,2,13
,2015_35740,39.783357,-105.034565,9/3/2015 7:00,7:00,12,0,0,I-70 & LOWELL BLVD N,1,1,0,0,1,4,,,55,0,0,0,0,0,1,2,1
,2015_35741,39.783138,-105.006328,11/17/2015 6:20,6:20,3,0,0,I-70 WB RAMPS & PECOS ST,4,2,0,2,1,6,,,35,0,0,0,0,0,1,2,14
,2015_35742,39.781055,-104.993628,10/15/2015 9:55,9:55,12,0,0,I-70 EB  OFF RAMP TO & I-25 SB,1,1,1,0,1,8,,,55,0,0,0,0,0,1,2,1
,2015_35743,39.780567,-104.991833,10/11/2015 2:40,2:40,15,0,0,I-70 WB OFF LOOP RAMP TO & I-25,1,3,1,0,1,8,,,45,0,0,0,0,0,1,2,1
,2015_35744,39.7783,-104.903459,12/2/2015 18:50,18:50,3,0,0,I-70 & QUEBEC ST N,1,3,1,0,1,1,,,35,0,0,0,0,0,1,2,3
,2015_35745,39.777095,-104.882471,10/12/2015 9:00,9:00,12,0,0,I-70 & CENTRAL PARK BLVD N,1,1,0,0,1,4,,,55,0,0,0,0,0,1,2,13
,2015_35746,39.775623,-104.865778,10/28/2015 8:26,8:26,12,0,0,I-70 & HAVANA ST N,1,1,0,0,1,4,,,55,0,0,0,0,0,1,3,16
,2015_35759,39.698487,-104.903279,12/3/2015 8:14,8:14,15,0,0,LEETSDALE DR 7300 BLK & QUEBEC ST S,1,1,0,0,1,4,,,40,0,0,0,0,0,2,2,13
,2015_35768,39.689371,-104.992053,8/18/2015 8:55,8:55,12,0,0,FLORIDA AVE 300 BLK W & SANTA FE DR S,1,1,0,0,1,3,,,25,0,0,0,0,0,2,2,13
,2015_35769,39.696599,-104.991901,12/15/2015 13:35,13:35,3,0,0,SANTA FE DR 1100 BLK S & MISSISSIPPI AVE W,4,1,0,2,1,2,,,40,0,0,0,0,0,2,2,13
,2015_35770,39.696696,-104.991872,8/20/2015 16:38,16:38,15,0,0,SANTA FE DR S & MISSISSIPPI AVE W,1,1,0,0,1,1,,,45,0,0,0,0,0,2,2,13
,2015_35771,39.696696,-104.991872,8/26/2015 6:06,6:06,1,0,0,MISSISSIPPI AVE W & SANTA FE DR S,1,1,0,0,1,1,,,30,0,0,0,0,1,2,2,13
,2015_35775,39.684947,-105.025012,10/23/2015 18:03,18:03,3,0,0,FEDERAL BLVD S & COLORADO AVE W,1,2,0,0,1,1,,,25,0,0,0,0,0,2,2,3
,2015_35787,39.651763,-105.052959,9/20/2015 12:30,12:30,12,0,0,SHERIDAN BLVD S & HAMPDEN FRONTAGE RD W,1,1,1,0,1,1,,,40,0,0,0,0,0,2,2,7
,2015_35788,39.655096,-105.053188,11/24/2015 14:36,14:36,3,0,0,SHERIDAN BLVD S & DARTMOUTH AVE W,1,1,0,0,1,2,,,40,0,0,0,0,0,2,2,7
,2015_35812,39.634066,-104.902281,12/11/2015 0:50,0:50,12,0,0,I-225 SB OFF RAMP TO NB I-25 & RAMP SPLIT PT,1,3,1,0,1,8,,,40,0,0,0,0,1,1,2,16
,2015_35813,39.639275,-104.885096,9/9/2015 11:33,11:33,1,0,0,TAMARAC ST S & I-225 WB RAMPS,1,1,1,0,1,3,,,35,0,0,0,0,1,1,2,13
,2015_35819,39.653151,-105.056046,12/31/2015 8:50,8:50,12,0,1,HWY 285 & 4700 BLK W,1,1,0,0,1,4,,,55,0,0,0,0,2,2,2,13
,2015_35824,39.652993,-104.921698,12/22/2015 15:47,15:47,12,0,0,HAMPDEN AVE E & IVANHOE ST S,1,1,0,0,1,1,,,40,0,0,0,0,0,2,2,13
,2015_35825,39.652979,-104.917736,9/8/2015 9:41,9:41,12,0,0,HAMPDEN AVE E & I-25 NB RAMPS,1,1,0,0,1,1,,,40,0,0,0,0,0,2,2,13
,2015_35925,0,0,8/4/2015 14:15,14:15,10,0,0,YORK ST & 9TH AVE E,1,1,1,0,1,2,,,30,0,0,0,0,0,4,2,13
,2015_35935,0,0,9/20/2015 13:52,13:52,3,0,0,1ST AVE E & QUEBEC ST M,1,1,0,0,1,1,,,35,0,0,0,0,0,4,2,13
,2015_35936,0,0,9/1/2015 16:15,16:15,3,0,0,3RD AVE E & KALAMATH ST N,1,1,0,0,1,1,,,30,0,0,0,0,0,4,2,3
,2015_35937,0,0,8/27/2015 15:55,15:55,3,0,0,3RD AVE E & MADISON ST N,1,1,1,0,1,1,,,25,0,0,0,0,0,4,2,13
,2015_35938,0,0,10/22/2015 9:30,9:30,15,0,0,5TH AVE W & KNOX CT N,2,1,1,1,1,1,,,30,0,0,0,0,0,4,2,13
,2015_35939,0,0,10/22/2015 10:22,10:22,15,0,0,6TH AVE W & KALAMATH ST N,2,1,0,1,1,3,,,35,0,0,0,0,0,4,2,13
,2015_35940,0,0,11/18/2015 21:18,21:18,3,0,0,7TH AVE E & DOWNING ST N,1,4,1,0,1,1,,,30,0,0,0,0,0,4,2,3
,2015_35941,0,0,10/27/2015 16:33,16:33,12,0,0,10TH AVE W & 4455,1,1,0,0,1,4,,,20,0,0,0,0,0,4,2,13
,2015_35943,0,0,9/25/2015 15:28,15:28,1,0,0,10TH AVE E & CORONA ST,1,1,0,0,1,1,,,25,0,0,0,0,0,4,2,13
,2015_35944,0,0,10/22/2015 8:12,8:12,3,0,0,10TH AVE E & SHERMAN ST N,2,1,0,1,1,1,,,30,0,0,0,0,0,4,2,13
,2015_35945,0,0,12/8/2015 22:12,22:12,3,0,0,12TH AVE E & PENNSYLVANIA ST N,1,3,0,0,1,1,,,30,0,0,0,0,0,4,2,5
,2015_35946,0,0,12/3/2015 8:05,8:05,3,0,0,13TH AVE E & MONROE ST N,1,1,0,0,1,1,,,25,0,0,0,0,0,4,2,13
,2015_35947,0,0,11/21/2015 18:40,18:40,3,0,0,13TH AVE E & SYRACUSE ST N,1,3,0,0,1,1,,,30,0,0,0,0,1,4,2,1
,2015_35948,0,0,12/29/2015 15:09,15:09,10,0,0,14TH AVE E & IVANHOE ST N,1,1,0,0,1,1,,,30,0,0,0,0,0,4,2,14
,2015_35949,0,0,12/17/2015 11:55,11:55,12,0,0,14TH AVE & ONEIDA ST,6,1,0,0,1,4,,,30,0,0,0,0,0,4,2,13
,2015_35950,0,0,8/18/2015 17:41,17:41,12,0,0,16TH AVE E & SYRACUSE ST N,1,1,0,7,1,4,,,30,0,0,0,0,0,4,2,16
,2015_35951,0,0,11/28/2015 17:55,17:55,1,0,0,17TH AVE E & PARK AVE W,2,3,0,0,1,1,,,35,0,0,0,0,0,4,2,13
,2015_35952,0,0,12/17/2015 10:40,10:40,12,0,0,36TH AVE & 7300 BLK E,5,1,0,0,1,4,,,30,0,0,0,0,0,4,2,14
,2015_35953,0,0,11/18/2015 12:07,12:07,1,0,0,38TH AVE E & ENSENADA ST N,1,1,1,6,1,1,,,30,0,0,0,0,0,4,2,16
,2015_35954,0,0,9/15/2015 9:47,9:47,3,0,0,38TH AVE 3500 BLK W & LOWELL BLVD N,1,1,0,0,1,5,,,35,0,0,0,0,0,4,2,14
,2015_35955,0,0,10/25/2015 14:28,14:28,3,0,0,40TH AVE E & CHAMBERS RD N,1,1,0,0,1,1,,,35,0,0,0,0,0,4,2,1
,2015_35956,0,0,9/28/2015 12:34,12:34,1,0,1,40TH AVE 4100 BLK E & COLORADO BLVD N,1,1,0,0,1,2,,,25,0,0,0,0,2,4,2,13
,2015_35958,0,0,12/30/2015 19:00,19:00,3,0,0,44TH AVE W & IRVING ST N,5,3,0,0,1,1,,,35,0,0,0,0,0,4,2,7
,2015_35959,0,0,12/5/2015 10:28,10:28,8,0,0,46TH AVE E & HIGH ST N,5,1,0,0,1,1,,,25,0,0,0,0,0,4,2,13
,2015_35960,0,0,9/1/2015 8:26,8:26,12,0,0,48TH AVE W & OSAGE ST N,1,1,0,0,1,1,,,35,0,0,0,0,0,4,2,14
,2015_35961,0,0,10/30/2015 10:46,10:46,1,0,0,54TH AVE E & HAVANA ST N,1,1,0,0,1,1,,,35,0,0,0,0,0,4,2,16
,2015_35962,0,0,8/19/2015 14:00,14:00,1,0,1,55TH AVE E & PEORIA ST N,1,1,0,0,1,1,,,25,0,0,0,0,3,4,2,13
,2015_35963,0,0,9/8/2015 12:15,12:15,15,0,0,ALAMEDA AVE & 1100 BLK E,1,1,0,0,1,4,,,30,0,0,0,0,0,4,2,13
,2015_35964,0,0,8/11/2015 18:33,18:33,12,0,0,ALAMEDA AVE & 3800 BLK E,1,1,0,0,1,4,,,30,0,0,0,0,0,4,2,12
,2015_35965,0,0,10/23/2015 18:40,18:40,1,0,2,ALAMEDA AVE E & MONACO PKWY S,1,2,0,0,1,1,,,35,0,0,0,0,2,4,2,13
,2015_35966,0,0,10/14/2015 7:15,7:15,12,0,0,ALAMEDA AVE 6700 BLK E & NIAGARA ST S,1,1,0,0,1,3,,,35,0,0,0,0,0,4,2,13
,2015_35967,0,0,11/23/2015 12:00,12:00,12,0,0,ALAMEDA AVE E & WASHINGTON ST S,1,1,1,0,1,1,,,30,0,0,0,0,0,4,2,16
,2015_35968,0,0,11/3/2015 17:18,17:18,1,0,0,21ST ST & ARAPAHOE ST (WRONG WA,1,2,0,0,1,1,,,25,0,0,0,0,0,4,2,8
,2015_35969,0,0,12/19/2015 9:22,9:22,1,0,0,BRIGHTON BLVD 2800 BLK & 29TH ST,2,1,1,0,1,2,,,35,0,0,0,0,0,4,2,13
,2015_35970,0,0,11/14/2015 16:04,16:04,3,0,0,BROADWAY ST N & 3RD AVE E,1,1,0,0,1,1,,,30,0,0,0,0,0,4,2,3
,2015_35971,0,0,12/14/2015 14:30,14:30,10,0,0,BROADWAY ST N & 8TH AVE W,1,1,1,0,1,1,,,35,0,0,0,0,0,4,2,8
,2015_35972,0,0,12/24/2015 14:03,14:03,12,0,0,BROADWAY ST 900 BLK S & KENTUCKY AVE W,1,1,0,0,1,1,,,30,0,0,0,0,1,4,2,13
,2015_35973,0,0,12/16/2015 13:26,13:26,3,0,0,CENTRAL PARK BLVD N & MLK BLVD E,2,1,0,0,1,1,,,35,0,0,0,0,0,4,2,7
,2015_35974,0,0,12/17/2015 16:00,16:00,12,0,1,CHAMPA ST & 17TH ST,1,2,0,0,1,1,,,35,0,0,0,0,2,4,2,13
,2015_35975,0,0,11/24/2015 15:47,15:47,3,0,0,CROSS DR & 8452 W,1,1,0,0,1,2,,,15,0,0,0,0,0,4,2,7
,2015_35976,0,0,10/21/2015 18:49,18:49,1,0,0,DTC BLVD S & UNION AVE E,2,3,0,1,1,1,,,40,0,0,0,0,0,4,2,13
,2015_35977,0,0,9/12/2015 0:26,0:26,12,0,0,EVANS AVE W & BROADWAY ST S,1,3,0,0,1,1,,,30,0,0,0,0,1,4,2,13
,2015_35978,0,0,10/5/2015 16:45,16:45,12,0,0,EVANS AVE E & SHERMAN ST S,1,1,0,0,1,1,,,30,0,0,0,0,0,4,2,13
,2015_35979,0,0,8/26/2015 7:10,7:10,1,0,1,GVR BLVD E & TOWER RD N,1,1,0,0,1,1,,,40,0,0,0,0,2,4,2,13
,2015_35980,0,0,10/11/2015 8:33,8:33,15,0,0,GUN CLUB RD & 75TH AVE,1,1,0,0,1,4,,,35,0,0,0,0,0,4,2,7
,2015_35981,0,0,12/16/2015 7:48,7:48,3,0,0,GVR BLVD E & PENA BLVD,5,1,0,0,1,1,,,35,0,0,0,0,0,4,2,14
,2015_35982,0,0,11/7/2015 14:07,14:07,15,0,0,IOWA AVE E & DOWNING ST S,1,1,0,0,1,1,,,35,0,0,0,0,0,4,2,16
,2015_35983,0,0,9/9/2015 8:48,8:48,15,0,0,LINCOLN ST S & ALAMEDA AVE E,1,1,0,0,1,1,,,35,0,0,0,0,0,4,2,3
,2015_35984,0,0,10/1/2015 6:58,6:58,12,0,0,LOGAN ST 1300 BLK S & LOUISIANA AVE E,1,2,0,0,1,1,,,30,0,0,0,0,0,4,2,1
,2015_35985,0,0,9/14/2015 10:58,10:58,12,0,0,LOGAN ST 400 BLK N & SPEER BLVD E,1,1,0,0,1,1,,,30,0,0,0,0,1,4,2,10
,2015_35986,0,0,11/30/2015 15:35,15:35,14,0,0,LOWELL BLVD & 3200 BLK N,5,1,1,0,1,4,,,30,0,0,0,0,0,4,2,13
,2015_35987,0,0,12/22/2015 12:32,12:32,3,0,0,MADISON ST N & 1ST AVE E,1,1,1,0,1,1,,,25,0,0,0,0,0,4,2,13
,2015_35988,0,0,11/21/2015 2:10,2:10,12,0,0,MARKET ST 2000 BLK & 20TH ST,5,3,0,2,1,4,,,30,0,0,0,0,0,4,2,3
,2015_35989,0,0,11/28/2015 14:54,14:54,3,0,0,MLK BLVD E & IVY ST N,1,1,0,0,1,1,,,35,0,0,0,0,0,4,2,16
,2015_35990,0,0,7/31/2015 7:32,7:32,3,0,0,MLK BLVD & QUEBEC ST N,1,1,0,0,1,1,,,30,0,0,0,0,1,4,2,13
,2015_35991,0,0,9/10/2015 12:10,12:10,3,0,0,MONACO PKWY N & 6TH AVE E,1,1,0,0,1,1,,,30,0,0,0,0,0,4,2,3
,2015_35992,0,0,10/23/2015 16:27,16:27,12,0,0,MONACO PKWY N & 19TH AVE E,1,1,0,0,1,1,,,30,0,0,0,0,0,4,2,2
,2015_35993,0,0,10/21/2015 7:25,7:25,3,0,0,S NEWTON ST & TUFTS AVE W,2,1,1,1,1,1,,,25,0,0,0,0,1,4,2,13
,2015_35994,0,0,10/22/2015 16:40,16:40,15,0,0,NORTHFIELD BLVD E & CENTRAL PARK BLVD N,2,1,0,1,1,1,,,35,0,0,0,0,0,4,2,14
,2015_35995,0,0,12/3/2015 16:37,16:37,3,0,0,OSAGE ST N & 38TH AVE W,1,2,1,0,1,1,,,25,0,0,0,0,1,4,2,13
,2015_35996,0,0,12/31/2015 12:40,12:40,10,0,0,PARK AVE W & WAZEE ST,1,1,0,0,1,1,,,45,0,0,0,0,0,4,2,14
,2015_35997,0,0,8/22/2015 16:05,16:05,6,0,0,PENA BLVD 8400 BLK & 8400 BLK,1,1,0,0,1,4,,,15,0,0,0,0,0,4,2,14
,2015_35998,0,0,8/21/2015 22:30,22:30,12,0,1,PENA BLVD 7200 BLK & TOWER RD,1,3,0,7,1,4,,,65,0,0,0,0,2,4,2,16
,2015_35999,0,0,10/23/2015 18:26,18:26,1,0,0,PEORIA ST N & 39TH AVE E,1,3,0,0,1,1,,,40,0,0,0,0,0,4,2,13
,2015_36001,0,0,9/10/2015 15:50,15:50,1,0,0,PEORIA ST N & 44TH AVE E,1,1,1,0,1,1,,,35,0,0,0,0,0,4,2,8
,2015_36002,0,0,11/20/2015 22:45,22:45,12,0,0,QUEBEC ST & 800 BLK S,5,3,0,0,1,4,,,35,0,0,0,0,0,4,2,16
,2015_36003,0,0,12/25/2015 13:20,13:20,3,0,0,QUEBEC ST N & 6TH AVE E,5,1,0,2,1,1,,,30,0,0,0,0,0,4,2,13
,2015_36004,0,0,12/13/2015 18:45,18:45,1,0,0,QUEBEC ST S & MISSISSIPPI AVE E,1,3,0,0,1,1,,,35,0,0,0,0,0,4,2,13
,2015_36005,0,0,8/18/2015 15:08,15:08,3,0,0,QUEBEC ST N & MLK BLVD E,1,1,1,7,1,1,,,35,0,0,0,0,0,4,2,16
,2015_36006,0,0,8/31/2015 13:50,13:50,15,0,0,14TH ST & 200 BLK,1,1,0,0,1,4,,,25,0,0,0,0,0,4,2,13
,2015_36007,0,0,9/13/2015 3:28,3:28,3,0,0,15TH ST & LAWRENCE ST,1,3,0,0,1,1,,,30,0,0,0,0,0,4,2,14
,2015_36008,0,0,9/23/2015 16:54,16:54,12,0,0,20TH ST & BLAKE ST,1,1,1,0,1,3,,,30,0,0,0,0,0,4,2,3
,2015_36009,0,0,8/21/2015 22:05,22:05,15,0,0,22ND ST & BROADWAY,1,3,0,0,1,1,,,30,0,0,0,0,0,4,2,8
,2015_36010,0,0,11/10/2015 15:43,15:43,12,0,0,SHADY GROVE ST 7700 BLK N & PENA BLVD,1,1,1,0,1,4,,,35,0,0,0,0,0,4,2,7
,2015_36011,0,0,10/21/2015 8:30,8:30,15,0,0,SHERMAN ST & 1100 BLK,2,1,0,1,1,4,,,25,0,0,0,0,0,4,2,13
,2015_36012,0,0,12/26/2015 14:35,14:35,12,0,0,SPEER BLVD N & 1200,10,1,0,0,1,4,,,30,0,0,0,0,0,4,2,13
,2015_36013,0,0,10/16/2015 7:45,7:45,15,0,0,SPEER BLVD N & CHOPPER CIR,1,1,1,0,1,4,,,35,0,0,0,0,0,4,2,13
,2015_36014,0,0,11/10/2015 8:52,8:52,15,0,0,SPEER BLVD N & STOUT ST,1,1,0,0,1,1,,,35,0,0,0,0,0,4,2,14
,2015_36015,0,0,12/30/2015 13:04,13:04,10,0,0,STAPLETON DR E & DAHLIA ST N,1,1,0,0,1,1,,,35,0,0,0,0,0,4,2,13
,2015_36016,0,0,10/1/2015 8:11,8:11,10,0,0,STAPLETON N DR E & MONACO ST N,1,1,0,0,1,1,,,40,0,0,0,0,1,4,2,13
,2015_36017,0,0,11/20/2015 22:50,22:50,12,0,0,STEELE ST N & 14TH AVE E,5,3,0,2,1,1,,,30,0,0,0,0,0,4,2,7
,2015_36018,0,0,11/2/2015 16:09,16:09,15,0,0,TOWER RD N & 45TH AVE E,1,2,1,0,1,3,,,40,0,0,0,0,0,4,2,16
,2015_36019,0,0,12/22/2015 11:30,11:30,12,0,0,N TOWER RD 5600 BLK & 56TH AVE E,1,1,0,0,1,4,,,40,0,0,0,0,1,4,2,14
,2015_36020,0,0,10/8/2015 13:24,13:24,15,0,0,UNIVERSITY BLVD 1200 BLK & ARIZONA AVE E,1,1,0,0,1,1,,,30,0,0,0,0,0,4,2,14
,2015_36021,0,0,11/3/2015 13:12,13:12,12,0,0,UNIVERSITY BLVD S & CHERRY CREEK DR S E,1,1,0,0,1,1,,,30,0,0,0,0,0,4,2,5
,2015_36022,0,0,10/4/2015 7:50,7:50,15,0,0,WEWATTA ST 1500 BLK & 16TH ST,1,1,0,0,1,4,,,30,0,0,0,0,0,4,2,13
,2015_36023,0,0,9/1/2015 7:45,7:45,12,0,0,YALE AVE 3000 BLK W & FEDERAL BLVD S,1,1,0,0,1,3,,,35,0,0,0,0,0,4,2,13
,2015_36024,0,0,10/3/2015 10:46,10:46,12,0,0,YORK ST N & 37TH AVE E,1,1,0,0,1,3,,,30,0,0,0,0,0,4,2,4
,2015_36080,39.682961,-104.940372,9/24/2015 7:50,7:50,12,0,0,COLORADO BLVD S & I-25,1,1,1,0,1,4,,,35,0,0,0,0,0,2,2,13
,2015_36081,39.687563,-104.940549,12/23/2015 13:12,13:12,3,0,0,S COLORADO BLVD & E IOWA AVE,1,1,0,0,1,1,,,35,0,0,0,0,0,2,2,13
,2015_36082,39.713125,-104.940628,10/22/2015 15:04,15:04,15,0,0,COLORADO BLVD 200 BLK S & CEDAR AVE E,2,1,0,1,1,1,,,35,0,0,0,0,0,2,2,13
,2015_36083,39.72292,-104.940629,8/5/2015 13:00,13:00,15,0,0,COLORADO BLVD N & 6TH AVE PKWY E,1,1,0,0,1,4,,,35,0,0,0,0,0,2,2,3
,2015_36084,39.725476,-104.940629,9/5/2015 14:49,14:49,12,0,0,6TH AVE E & COLORADO BLVD N,1,1,0,0,1,3,,,30,0,0,0,0,0,2,2,7
,2015_36085,39.725476,-104.940629,11/30/2015 0:45,0:45,1,0,0,COLORADO BLVD N & 6TH AVE E,5,3,0,2,1,1,,,35,0,0,0,0,0,2,2,7
,2015_36086,39.725476,-104.940629,12/17/2015 23:10,23:10,1,0,0,6TH AVE E & COLORADO BLVD N,4,3,0,0,1,1,,,35,0,0,0,0,0,2,2,13
,2015_36087,39.766331,-104.940493,12/11/2015 10:13,10:13,15,0,0,COLORADO BLVD N & 35TH AVE E,1,1,0,0,1,4,,,45,0,0,0,0,0,2,2,13
,2015_36093,39.72542,-105.025174,10/27/2015 14:05,14:05,15,0,0,6TH AVE W & FEDERAL BLVD N,1,1,1,0,1,1,,,55,0,0,0,0,0,2,2,13
,2015_36094,0,0,9/9/2015 13:43,13:43,12,0,0,OSAGE ST N & 6TH AVE WB RAMPS,1,1,0,0,1,3,,,35,0,0,0,0,0,2,2,14
,2015_36095,39.780043,-104.949712,11/13/2015 13:11,13:11,3,0,1,STEELE ST N & 46TH AVE E,1,1,0,0,1,1,,,35,0,0,0,0,3,2,2,7
,2015_36110,39.634565,-104.906987,10/28/2015 15:57,15:57,15,0,0,I-25 & BELLEVIEW AVE ON RAMP,1,1,1,0,1,4,,,65,0,0,0,0,0,1,2,16
,2015_36111,39.643651,-104.912833,11/18/2015 8:29,8:29,12,0,0,I-25 & MM 200,1,1,0,0,1,4,,,65,0,0,0,0,0,1,2,7
,2015_36112,39.650468,-104.916801,9/18/2015 19:04,19:04,12,0,0,I-25 & HAMPDEN AVE E,1,3,0,0,1,4,,,60,0,0,0,0,0,1,2,1
,2015_36113,39.65297,-104.918192,8/16/2015 14:36,14:36,15,0,0,I-25 NB OFF RAMP & HAMPDEN AVE E,1,1,1,0,1,8,,,55,0,0,0,0,0,1,2,13
,2015_36114,39.683307,-104.941372,11/12/2015 19:47,19:47,15,0,0,I-25 SB ON LOOP RAMP & COLORADO BLVD,1,3,1,0,1,4,,,35,0,0,0,0,0,1,2,14
,2015_36115,39.68492,-104.959513,8/7/2015 13:02,13:02,5,0,0,I-25 & UNIVERSITY BLVD S,1,1,0,0,1,4,,,55,0,0,0,0,0,1,2,14
,2015_36116,39.694462,-104.979284,9/22/2015 7:28,7:28,12,0,0,I-25 & WASHINGTON ST S,1,1,0,0,1,4,,,55,0,0,0,0,0,1,2,16
,2015_36117,39.697473,-104.982744,11/18/2015 18:42,18:42,12,0,0,I-25 & LOGAN ST S,1,3,1,0,1,4,,,55,0,0,0,0,0,1,2,16
,2015_36118,39.755141,-105.012706,11/20/2015 15:17,15:17,15,0,0,I-25 & SPEER BLVD N,2,1,0,2,1,4,,,55,0,0,0,0,0,1,2,14
,2015_36119,39.756632,-105.010645,11/8/2015 18:04,18:04,12,0,0,I-25 & SPEER BLVD N,1,3,0,0,1,4,,,55,0,0,0,0,0,1,2,16
,2015_36120,39.757148,-105.009912,12/22/2015 9:20,9:20,12,0,0,I-25 & 15TH ST,1,1,0,0,1,4,,,55,0,0,0,0,0,1,2,7
,2015_36121,39.760997,-105.004275,11/2/2015 15:34,15:34,12,0,0,I-25 & 20TH ST,1,1,0,0,1,4,,,55,0,0,0,0,0,1,2,7
,2015_36122,39.764574,-105.001014,8/18/2015 20:30,20:30,12,0,0,I-25 & 20TH AVE W,1,3,1,0,1,4,,,55,0,0,0,0,0,1,2,13
,2015_36123,39.783989,-104.989144,12/16/2015 12:30,12:30,15,0,0,I-25 & 48TH AVE W,2,1,0,0,1,4,,,55,0,0,0,0,0,1,2,13
,2015_36138,39.711332,-105.053258,12/2/2015 14:02,14:02,15,0,0,SHERIDAN BLVD S & W ALAMEDA AVE,1,1,1,0,1,4,,,40,0,0,0,0,0,2,2,7