id,drcog_id,latitude,longitude,crashtime,time,crashtype,numbkilled,numbinjurd,drcoglocat,rdconditin,lightngcon,roadcntgrd,weatherco,location,roaddescrp,schoolzone,constrzone,splimit,bikeinv,pedinv,sctrinv,motoinv,svrty,rdsystem,ttlvehcls,hcf
,2015_36139,39.711155,-105.022584,11/10/2015 15:06,15:06,3,0,0,ALAMEDA AVE W & DECATUR ST S,1,1,0,0,1,1,,,35,0,0,0,0,0,2,2,7
,2015_36140,39.71117,-105.011848,8/26/2015 8:00,8:00,3,0,0,ALAMEDA AVE W & TEJON ST S,1,1,0,0,1,2,,,25,0,0,0,0,0,2,2,13
,2015_36141,39.653025,-104.880743,10/27/2015 16:25,16:25,12,0,0,HAMPDEN AVE 9200 BLK E & AKRON ST S,1,1,0,0,1,4,,,40,0,0,0,0,0,2,2,13
,2015_36144,39.777546,-104.903402,9/2/2015 17:40,17:40,10,0,0,QUEBEC ST 4300 BLK N & I-70 EB RAMPS,1,1,0,0,1,3,,,40,0,0,0,0,1,2,2,13
,2015_36145,39.785226,-104.899553,11/30/2015 7:34,7:34,12,0,0,QUEBEC ST NB OFF RAMP & NORTHFIELD BLVD,4,1,0,0,1,1,,,35,0,0,0,0,0,2,2,13
,2015_36153,39.74034,-105.041363,11/13/2015 7:45,7:45,1,0,1,COLFAX AVE 4100 BLK W & RALEIGH ST N,1,1,0,0,1,1,,,35,0,0,0,0,2,2,2,7
,2015_36154,39.740342,-105.035719,8/6/2015 9:32,9:32,14,0,0,COLFAX AVE 3700 BLK W & MEADE ST N,1,1,0,0,1,1,,,35,0,0,0,0,0,2,2,14
,2015_36155,39.74003,-104.982271,8/26/2015 16:00,16:00,12,0,0,LOGAN ST 1400 BLK N & COLFAX AVE E,1,1,0,0,1,1,,,30,0,0,0,0,0,2,2,13
,2015_36156,39.74001,-104.972392,11/24/2015 14:30,14:30,15,0,0,COLFAX AVE & MARION ST (RD N),1,1,0,0,1,4,,,30,0,0,0,0,0,2,2,1
,2015_36157,39.740129,-104.942994,10/13/2015 17:42,17:42,15,0,0,COLFAX AVE E & JACKSON ST N,1,1,0,0,1,1,,,30,0,0,0,0,0,2,2,14
,2015_36158,39.74012,-104.941848,10/4/2015 18:57,18:57,12,0,0,COLFAX AVE E & HARRISON ST N,1,3,0,0,1,1,,,30,0,0,0,0,0,2,2,13
,2015_36159,39.740057,-104.933752,8/19/2015 16:18,16:18,15,0,0,COLFAX AVE E & CHERRY ST N,1,1,0,0,1,1,,,35,0,0,0,0,1,2,2,13
,2015_36160,39.740079,-104.912395,7/27/2015 9:30,9:30,3,0,0,MONACO PKWY N & COLFAX AVE E,1,1,0,0,1,1,,,30,0,0,0,0,0,2,2,13
,2015_36182,39.782547,-104.998959,8/24/2015 8:47,8:47,12,0,0,I-70 & JASON ST N,1,1,0,0,1,4,,,55,0,0,0,0,0,1,3,13
,2015_36184,39.780014,-104.958231,12/3/2015 15:10,15:10,3,0,0,JOSEPHINE ST & 46TH AVE FRONTAGE RD,1,1,0,0,1,1,,,35,0,0,0,0,0,4,2,14
,2015_36185,39.779997,-104.949807,9/2/2015 7:49,7:49,12,0,0,I-70 & ST PAUL ST / STEEL ST,1,1,0,0,1,4,,,55,0,0,0,0,0,1,2,13
,2015_36186,39.779965,-104.943919,9/16/2015 15:11,15:11,12,0,0,I-70 & MM 276.4,1,1,0,0,1,4,,,55,0,0,0,0,0,1,2,13
,2015_36187,39.778731,-104.92468,11/6/2015 17:26,17:26,12,0,0,I-70 & GRAPE ST N  (NOT IN CORIS),1,3,0,0,1,4,,,55,0,0,0,0,0,1,2,13
,2015_36188,39.7783,-104.90327,10/1/2015 18:04,18:04,12,0,0,I-70 & NORTHFIELD QUEBEC ST,1,1,1,0,1,4,,,55,0,0,0,0,0,1,2,3
,2015_36189,39.777167,-104.883253,8/24/2015 5:00,5:00,12,0,0,I-70 & CENTRAL PARK BLVD,1,2,0,0,1,4,,,55,0,0,0,0,0,1,3,13
,2015_36190,39.775669,-104.866308,12/5/2015 16:31,16:31,15,0,0,I-70 & HAVANA ST N,1,1,0,0,1,4,,,55,0,0,0,0,0,1,2,5
,2015_36191,39.775623,-104.865778,12/4/2015 6:50,6:50,12,0,0,I-70 & HAVANA ST N,1,1,0,0,1,4,,,55,0,0,0,0,0,1,2,16
,2015_36192,39.774209,-104.849395,8/1/2015 0:35,0:35,6,0,3,I-70 EB OFF RAMP & PEORIA ST N,2,1,0,4,1,8,,,45,0,0,0,0,3,1,2,13
,2015_36193,39.774005,-104.847034,9/24/2015 13:09,13:09,12,0,0,I-70 & PEORIA ST N,1,1,0,0,1,8,,,35,0,0,0,0,0,1,2,13
,2015_36208,39.672645,-104.868137,11/6/2015 13:10,13:10,3,0,0,HARVARD AVE E & PARKER RD S,1,1,1,0,1,1,,,45,0,0,0,0,0,2,2,13
,2015_36209,39.674737,-104.870699,12/7/2015 11:01,11:01,12,0,0,PARKER RD 2300 BLK S & ILIFF AVE E,1,1,0,0,1,3,,,45,0,0,0,0,0,2,2,1
,2015_36210,39.700274,-104.908215,10/22/2015 10:50,10:50,3,0,0,ONEIDA ST S & LEETSDALE DR,2,1,0,1,1,1,,,25,0,0,0,0,0,2,2,13
,2015_36211,39.700335,-104.908402,9/9/2015 17:25,17:25,12,0,0,LEETSDALE DR & ONEIDA ST,1,1,0,0,1,4,,,35,0,0,0,0,0,2,2,13
,2015_36212,39.711482,-104.936653,8/5/2015 0:01,0:01,14,0,0,LEETSDALE DR E & ALAMEDA AVE E,1,3,1,0,1,2,,,35,0,0,0,0,0,2,2,8
,2015_36223,39.689371,-104.992053,9/2/2015 6:55,6:55,12,0,0,FLORIDA AVE 1000 BLK W & SANTA FE DR S,1,2,0,0,1,3,,,30,0,0,0,0,0,2,2,13
,2015_36224,39.706902,-104.996485,10/21/2015 12:08,12:08,15,0,0,KALAMATH ST 500 BLK S & I-25 SB OVERPASS,2,1,0,1,1,4,,,25,0,0,0,0,0,2,2,13
,2015_36231,39.727529,-105.025127,9/1/2015 8:15,8:15,3,0,0,FEDERAL BLVD N & 7TH AVE W,1,1,1,0,1,1,,,25,0,0,0,0,0,2,2,13
,2015_36243,39.688935,-105.05327,10/14/2015 7:43,7:43,15,0,0,SHERIDAN BLVD S & FLORIDA AVE W,1,1,0,0,1,4,,,40,0,0,0,0,0,2,2,13
,2015_36250,39.747566,-105.053233,7/8/2015 14:46,14:46,1,0,1,SHERIDAN BLVD & 20TH AVE,2,1,0,1,1,1,,,35,0,0,0,0,2,2,2,13
,2015_36251,39.747566,-105.053233,9/28/2015 17:00,17:00,12,0,0,20TH AVE W & SHERIDAN BLVD,1,1,0,0,1,3,,,30,0,0,0,0,0,2,2,13
,2015_36253,39.776593,-105.053251,12/18/2015 16:00,16:00,15,0,0,SHERIDAN BLVD N & 44TH AVE W,6,1,0,0,1,1,,,35,0,0,0,0,0,2,2,7
,2015_36287,39.634128,-104.902062,11/2/2015 8:50,8:50,12,0,0,I-225 DIRECT CONNECT TO SB & I-25 RAMP SPLIT,1,1,0,0,1,4,,,55,0,0,0,0,0,1,2,1
,2015_36294,39.779661,-104.967133,10/2/2015 19:30,19:30,1,0,0,BRIGHTON BLVD N & I-70 EB RAMPS,1,3,0,0,1,1,,,35,0,0,0,0,0,2,2,8
,2015_36302,39.764417,-105.02517,11/15/2015 7:20,7:20,5,0,0,FEDERAL BLVD N & 34TH AVE W,1,1,0,0,1,1,,,35,0,0,0,0,0,2,2,16
,2015_36303,39.765544,-105.025174,12/14/2015 22:25,22:25,1,0,0,35TH AVE W & FEDERAL BLVD N,1,3,0,0,1,1,,,35,0,0,0,0,0,2,2,14
,2015_36304,39.772939,-105.025237,9/29/2015 19:33,19:33,1,0,0,FEDERAL BLVD N & 41ST AVE W,1,3,0,0,1,1,,,35,0,0,0,0,1,2,2,13
,2015_36305,39.774108,-105.025238,10/21/2015 6:50,6:50,12,0,0,FEDERAL BLVD N & 42ND AVE W,2,1,0,1,1,1,,,35,0,0,0,0,1,2,2,14
,2015_36307,39.788935,-105.025207,12/18/2015 18:45,18:45,1,0,0,FEDERAL BLVD N & 51ST AVE W,1,3,0,0,1,2,,,35,0,0,0,0,0,2,2,13
,2015_36405,0,0,11/19/2015 12:21,12:21,12,0,0,DAHLIA ST & 52ND AVE E,1,1,0,0,1,2,,,,0,0,0,0,0,4,2,2
,2015_36407,0,0,10/21/2015 6:27,6:27,12,0,0,1ST AVE W & LOWELL BLVD N,2,3,0,1,1,3,,,30,0,0,0,0,0,4,2,1
,2015_36408,0,0,12/4/2015 20:01,20:01,3,0,0,2ND AVE W & YUMA ST N,1,3,0,0,1,1,,,35,0,0,0,0,1,4,2,13
,2015_36409,0,0,11/15/2015 8:46,8:46,6,0,0,3RD AVE E & COLUMBINE ST N,1,1,0,0,1,4,,,25,0,0,0,0,0,4,2,7
,2015_36410,0,0,10/4/2015 16:51,16:51,1,0,0,3RD AVE E & DETROIT ST N,1,1,0,0,1,1,,,25,0,0,0,0,1,4,2,13
,2015_36411,0,0,11/29/2015 15:16,15:16,3,0,0,4TH AVE E & HUMBOLDT ST N,5,1,0,0,1,1,,,25,0,0,0,0,0,4,2,13
,2015_36412,0,0,12/8/2015 9:00,9:00,3,0,0,4TH AVE E & WASHINGTON ST N,1,1,0,0,1,1,,,25,0,0,0,0,0,4,2,13
,2015_36414,0,0,9/12/2015 15:04,15:04,15,0,0,6TH AVE 400 BLK W & DELAWARE ST N,1,1,0,0,1,4,,,30,0,0,0,0,0,4,2,13
,2015_36415,0,0,10/17/2015 22:54,22:54,12,0,0,6TH AVE 700 BLK E & WASHINGTON ST S,1,3,0,0,1,4,,,30,0,0,0,0,0,4,2,13
,2015_36416,0,0,9/24/2015 13:10,13:10,3,0,0,8TH AVE & 2900 BLK W,1,1,1,0,1,2,,,25,0,0,0,0,0,4,2,7
,2015_36417,0,0,8/23/2015 6:45,6:45,15,0,0,10TH AVE 900 BLK E & EMERSON ST N,1,1,0,0,1,4,,,25,0,0,0,0,0,4,2,13
,2015_36418,0,0,10/14/2015 9:50,9:50,3,0,0,11TH AVE E & DOWNING ST N,1,1,0,0,1,1,,,25,0,0,0,0,1,4,2,13
,2015_36419,0,0,10/24/2015 9:15,9:15,3,0,0,11TH AVE E & POPLAR ST N,1,1,0,0,1,1,,,20,0,0,0,0,0,4,2,7
,2015_36420,0,0,11/1/2015 12:49,12:49,15,0,0,13TH AVE W & KALAMATH ST N,1,1,1,0,1,1,,,30,0,0,0,0,0,4,2,16
,2015_36421,0,0,10/12/2015 16:35,16:35,3,0,1,14TH AVE E & STEELE ST N,1,1,0,0,1,1,,,25,0,0,0,0,2,4,2,7
,2015_36422,0,0,12/9/2015 17:40,17:40,12,0,0,16TH AVE E & ESPLANADE PKWY N,1,3,0,0,1,1,,,25,0,0,0,0,0,4,2,13
,2015_36423,0,0,8/28/2015 13:50,13:50,3,0,1,17TH AVE E & MARION ST N,1,1,0,0,1,1,,,30,0,0,0,0,2,4,4,2
,2015_36424,0,0,9/15/2015 14:25,14:25,15,0,0,18TH AVE & BROADWAY ST N,1,1,0,0,1,1,,,30,0,0,0,0,0,4,2,13
,2015_36425,0,0,11/18/2015 13:32,13:32,1,0,0,29TH AVE E & QUEBEC ST N,1,1,0,0,1,1,,,35,0,0,0,0,0,4,2,16
,2015_36426,0,0,12/3/2015 9:05,9:05,15,0,0,29TH AVE E & QUEBEC ST,1,1,0,0,1,1,,,30,0,0,0,0,0,4,2,7
,2015_36427,0,0,9/2/2015 7:15,7:15,3,0,0,44TH AVE W & CLAY ST N,1,1,0,0,1,1,,,35,0,0,0,0,0,4,2,14
,2015_36429,0,0,10/2/2015 8:00,8:00,3,0,0,48TH AVE W & STUART ST N,1,1,0,0,1,1,,,25,0,0,0,0,0,4,2,13
,2015_36430,0,0,11/5/2015 10:15,10:15,12,0,0,ALAMEDA AVE E & FRANKLIN ST S,2,1,1,0,1,1,,,30,0,0,0,0,1,4,2,16
,2015_36431,0,0,8/23/2015 2:20,2:20,1,0,0,ALAMEDA AVE W & SANTA FE DR S,1,3,0,0,1,1,,,30,0,0,0,0,0,4,2,5
,2015_36432,0,0,11/13/2015 23:08,23:08,12,0,0,BROADWAY & 13TH AVE E,1,3,0,0,1,3,,,35,0,0,0,0,0,4,2,7
,2015_36433,0,0,10/15/2015 16:22,16:22,12,0,0,BROADWAY ST N & CHAMPA ST,1,1,0,0,1,1,,,35,0,0,0,0,0,4,2,7
,2015_36434,0,0,12/11/2015 12:15,12:15,12,0,0,BROADWAY ST 000 BLK N & IRVINGTON PL W,1,1,0,0,1,4,,,30,0,0,0,0,0,4,2,13
,2015_36435,0,0,9/2/2015 6:50,6:50,1,0,0,CENTRAL PARK BLVD N & NORTHFIELD BLVD E,1,1,0,0,1,1,,,45,0,0,0,0,0,4,2,8
,2015_36436,0,0,12/8/2015 10:40,10:40,15,0,0,CORONA ST 900 BLK N & 9TH AVE E,1,1,0,0,1,2,,,30,0,0,0,0,0,4,2,13
,2015_36437,0,0,11/1/2015 13:40,13:40,3,0,0,CRESTLINE AVE W & WADSWOTH BLVD S,1,1,0,0,1,2,,,30,0,0,0,0,0,4,2,7
,2015_36438,0,0,10/27/2015 16:37,16:37,3,0,0,DARTMOUTH AVE 5200 BLK W & SHERIDAN BLVD S,1,1,0,0,1,2,,,35,0,0,0,0,0,4,2,14
,2015_36439,0,0,12/31/2015 21:52,21:52,1,0,0,DOWNING ST S & VIRGINIA AVE E,1,3,0,0,1,1,,,30,0,0,0,0,1,4,2,13
,2015_36440,0,0,8/28/2015 13:11,13:11,10,0,0,EVANS AVE E & CLERMONT ST S,1,1,0,0,1,1,,,35,0,0,0,0,0,4,2,13
,2015_36441,0,0,8/21/2015 11:50,11:50,12,0,0,FOX ST 4100 BLK N & 42ND AVE W,1,1,0,7,1,3,,,35,0,0,0,0,0,4,2,14
,2015_36442,0,0,11/16/2015 9:29,9:29,14,0,0,GILPIN ST 1200 BLK S & LOUISIANA AVE E,1,1,0,0,1,4,,,25,0,0,0,0,0,4,2,13
,2015_36444,0,0,12/7/2015 7:44,7:44,12,0,0,GLOBEVILLE RD N & PARK AVE W,1,1,0,0,1,1,,,30,0,0,0,0,0,4,2,14
,2015_36445,0,0,11/20/2015 20:45,20:45,12,0,0,GVR BLVD E & YAMPA ST N,4,3,0,2,1,1,,,45,0,0,0,0,0,4,2,7
,2015_36446,0,0,10/1/2015 10:00,10:00,3,0,0,HAVANA ST N & MLK BLVD E,1,1,0,0,1,1,,,35,0,0,0,0,0,4,2,13
,2015_36447,0,0,9/21/2015 10:21,10:21,12,0,0,ILIFF AVE 400 BLK E & LOGAN ST S,1,1,0,0,1,3,,,25,0,0,0,0,0,4,2,3
,2015_36448,0,0,11/6/2015 14:46,14:46,12,0,0,INCA ST & 700 BLK N,1,1,1,0,1,4,,,25,0,0,0,0,0,4,2,13
,2015_36449,0,0,10/28/2015 7:31,7:31,12,0,0,IOWA AVE 7300 BLK E & QUEBEC ST S,1,1,0,0,1,1,,,25,0,0,0,0,1,4,2,1
,2015_36450,0,0,9/17/2015 15:29,15:29,12,0,0,IRVINGTON PL W & BROADWAY ST N,1,1,0,0,1,1,,,30,0,0,0,0,0,4,2,13
,2015_36451,0,0,8/27/2015 17:42,17:42,3,0,0,JASMINE ST S & TENNESSEE AVE E,1,1,0,0,1,1,,,25,0,0,0,0,0,4,2,3
,2015_36452,0,0,11/23/2015 17:27,17:27,12,0,0,JEWELL AVE E & ST PAUL ST S,1,3,0,0,1,1,,,25,0,0,0,0,0,4,2,5
,2015_36453,0,0,12/17/2015 10:07,10:07,12,0,0,JEWELL AVE 4400 BLK W & TENNYSON ST S,5,1,0,2,1,4,,,30,0,0,0,0,0,4,2,7
,2015_36454,0,0,11/10/2015 12:06,12:06,3,0,0,JULIAN ST & 3200 BLK N,1,1,1,0,1,5,,,20,0,0,0,0,0,4,2,13
,2015_36455,0,0,12/1/2015 12:21,12:21,3,0,0,KALAMATH ST S & BAYAUD AVE W,1,1,1,0,1,1,,,35,0,0,0,0,0,4,2,14
,2015_36456,0,0,10/21/2015 8:21,8:21,15,0,0,LINCOLN ST 300 BLK N & 4TH AVE E,2,1,0,1,1,4,,,30,0,0,0,0,0,4,2,13
,2015_36457,0,0,10/29/2015 9:25,9:25,3,0,0,LOCUST ST S & YALE AVE E,1,1,0,0,1,1,,,30,0,0,0,0,0,4,2,13
,2015_36459,0,0,11/18/2015 15:13,15:13,15,0,0,LOWRY BLVD E & YOSEMITE ST N,1,1,1,0,1,6,,,30,0,0,0,0,0,4,2,16
,2015_36460,0,0,10/11/2015 10:55,10:55,3,0,0,MLK BLVD & QUEBEC ST N,1,1,0,0,1,1,,,35,0,0,0,0,1,4,2,8
,2015_36461,0,0,12/10/2015 17:00,17:00,1,0,0,MLK BLVD & ROSLYN ST N,1,3,0,0,1,1,,,35,0,0,0,0,0,4,2,14
,2015_36462,0,0,11/30/2015 8:38,8:38,3,0,0,MLK BLVD & ROSYLN ST N,5,1,0,2,1,1,,,35,0,0,0,0,1,4,2,7
,2015_36463,0,0,8/19/2015 17:25,17:25,15,0,0,MLK BLVD & TRENTON ST N,1,1,0,0,1,1,,,5,0,0,0,0,0,4,2,1
,2015_36464,0,0,12/2/2015 18:09,18:09,12,0,0,MLK BLVD & YORK ST N,1,3,0,0,1,1,,,30,0,0,0,0,0,4,2,14
,2015_36465,0,0,9/17/2015 8:10,8:10,3,0,0,MEXICO AVE E & EMERSON ST S,1,1,0,0,1,1,,,25,0,0,0,0,0,4,2,1
,2015_36467,0,0,8/18/2015 16:00,16:00,1,0,0,MISSISSIPPI AVE E & QUEBEC ST S,1,1,0,0,1,1,,,35,0,0,0,0,0,4,2,7
,2015_36468,0,0,12/29/2015 20:03,20:03,3,0,0,PARK AVE W & CHAMPA ST,1,2,0,0,1,1,,,35,0,0,0,0,0,4,2,8
,2015_36469,0,0,12/31/2015 19:55,19:55,15,0,0,PENA BLVD 7600 BLK & TOWER RD N,1,3,0,0,1,4,,,65,0,0,0,0,0,4,2,3
,2015_36470,0,0,12/23/2015 12:50,12:50,6,0,0,PENNSYLVANIA ST & 1700 BLK,1,1,0,0,1,4,,,25,0,0,0,0,0,4,2,16
,2015_36471,0,0,12/17/2015 10:00,10:00,3,0,0,20TH ST & WELTON ST,6,1,0,2,1,1,,,30,0,0,0,0,0,4,2,3
,2015_36472,0,0,11/20/2015 10:46,10:46,3,0,0,SPEER BLVD E & WASHINGTON ST N,1,1,0,0,1,1,,,30,0,0,0,0,0,4,2,16
,2015_36473,0,0,10/5/2015 16:25,16:25,3,0,0,STAPLETON S DR E & DAHLIA ST N,1,1,0,0,1,1,,,35,0,0,0,0,0,4,2,13
,2015_36475,0,0,9/26/2015 17:43,17:43,3,0,0,STEELE ST N & 40TH AVE E,1,1,1,0,1,1,,,35,0,0,0,0,0,4,2,3
,2015_36476,0,0,10/27/2015 13:18,13:18,12,0,0,STEELE ST 4000 BLK N & 40TH AVE E,1,1,0,0,1,4,,,35,0,0,0,0,1,4,2,13
,2015_36477,0,0,11/21/2015 8:50,8:50,3,0,0,SYRACUSE WAY S & YARNELL CT S,5,1,0,0,1,1,,,35,0,0,0,0,1,4,2,14
,2015_36478,0,0,10/1/2015 10:10,10:10,3,0,0,TENNESSEE AVE E & WASHINGTON ST S,1,1,0,0,1,1,,,25,0,0,0,0,1,4,2,1
,2015_36479,0,0,11/5/2015 12:33,12:33,15,0,0,UNIVERSITY BLVD S & BUCHTEL BLVD E,1,1,0,0,1,4,,,30,0,0,0,0,0,4,2,14
,2015_36480,0,0,8/18/2015 15:11,15:11,15,0,0,UNIVERSITY BLVD 2000 BLK & EVANS AVE E,1,1,0,7,1,4,,,30,0,0,0,0,0,4,2,3
,2015_36481,0,0,8/26/2015 17:44,17:44,3,0,0,UNIVERSITY BLVD S & HARVARD AVE E,1,1,0,0,1,1,,,35,0,0,0,0,1,4,2,13
,2015_36482,0,0,12/18/2015 9:19,9:19,8,0,1,VALENTIA ST & 900 BLK S,6,1,0,0,1,4,,,30,0,0,0,0,2,4,2,13
,2015_36483,0,0,10/13/2015 14:50,14:50,15,0,0,VINE ST 1800 BLK N & 20TH AVE E,1,1,0,0,1,4,,,25,0,0,0,0,0,4,2,13
,2015_36484,0,0,8/22/2015 11:58,11:58,3,0,0,VIRGINIA AVE E & HIGH ST S,1,1,0,7,1,1,,,25,0,0,0,0,0,4,2,3
,2015_36485,0,0,12/31/2015 21:45,21:45,7,0,0,WELTON ST & 28TH ST,5,3,0,0,1,1,,,25,0,0,0,0,0,4,2,5
,2015_36486,0,0,12/7/2015 10:29,10:29,15,0,0,WYNKOOP ST & 38TH ST,1,1,0,0,1,1,,,30,0,0,0,0,0,4,2,1
,2015_36495,39.760062,-104.940518,1/4/2015 1:03,1:03,5,0,0,COLORADO BLVD N & 30TH AVE E,4,3,1,0,2,4,,,35,0,0,0,0,1,2,1,7
,2015_36539,39.688589,-104.940549,8/19/2015 18:59,18:59,12,0,0,COLORADO BLVD 1500 BLK S & FLORIDA AVE E,1,1,1,0,1,4,,,40,0,0,0,0,0,2,2,8
,2015_36540,39.692997,-104.94055,12/28/2015 10:37,10:37,12,0,0,COLORADO BLVD 1300 BLK S & LOUISIANA AVE E,1,1,0,0,1,3,,,35,0,0,0,0,0,2,2,1
,2015_36541,39.696625,-104.940562,8/23/2015 14:46,14:46,3,0,0,COLORADO BLVD S & MISSISSIPPI AVE E,1,1,0,0,1,1,,,35,0,0,0,0,0,2,2,13
,2015_36543,39.738302,-104.940614,10/16/2015 0:35,0:35,3,0,0,14TH AVE E & COLORADO BLVD N,1,3,0,0,1,1,,,30,0,0,0,0,0,2,2,12
,2015_36544,39.772893,-104.940506,11/2/2015 8:01,8:01,15,0,0,COLORADO BLVD 4000 BLK N & 40TH ST E,1,1,0,0,1,2,,,25,0,0,0,0,0,2,2,14
,2015_36547,39.725194,-105.01843,10/26/2015 16:44,16:44,12,0,0,6TH AVE W & I-25 SB,1,1,1,0,1,4,,,55,0,0,0,0,1,2,2,13
,2015_36570,39.639097,-104.910179,11/20/2015 8:25,8:25,12,0,0,I-25 & QUINCY AVE E,1,1,0,0,1,4,,,65,0,0,0,0,0,1,2,8
,2015_36571,39.653075,-104.918243,10/13/2015 16:25,16:25,12,0,0,I-25 & HAMPDEN AVE,1,1,0,0,1,4,,,60,0,0,0,0,0,1,2,14
,2015_36572,39.665061,-104.923789,10/16/2015 15:09,15:09,12,0,0,I-25 & YALE AVE E,1,1,0,0,1,4,,,55,0,0,0,0,1,1,2,3
,2015_36573,39.694462,-104.979284,8/20/2015 9:53,9:53,15,0,0,I-25 & WASHINGTON ST S,1,1,0,0,1,4,,,60,0,0,0,0,1,1,2,13
,2015_36574,39.701452,-104.987435,11/2/2015 17:11,17:11,12,0,0,I-25 & BROADWAY S,1,2,1,0,1,4,,,55,0,0,0,0,0,1,2,1
,2015_36575,39.707122,-104.996782,10/21/2015 5:50,5:50,15,0,0,I-25 & SANTA FE ST S,2,3,1,1,1,4,,,55,0,0,0,0,0,1,2,14
,2015_36576,39.707122,-104.996782,11/23/2015 7:40,7:40,12,0,0,I-25 & SANTA FE DR S,1,1,0,0,1,4,,,55,0,0,0,0,0,1,2,16
,2015_36577,39.71124,-104.998918,11/18/2015 15:20,15:20,12,0,0,I-25 & ALAMEDA AVE W,1,1,0,0,1,4,,,55,0,0,0,0,0,1,2,1
,2015_36578,39.71124,-104.998918,11/25/2015 14:35,14:35,12,0,0,I-25 & ALAMEDA AVE W,1,1,0,0,1,4,,,55,0,0,0,0,0,1,2,16
,2015_36579,39.71293,-104.999922,12/5/2015 0:45,0:45,15,0,1,I-25 & ALAMEDA AVE W,1,3,1,0,1,4,,,55,0,0,0,0,2,1,2,5
,2015_36580,39.72543,-105.013021,9/9/2015 14:08,14:08,12,0,0,I-25 & 6TH AVE W,1,1,0,0,1,4,,,55,0,0,0,0,0,1,2,13
,2015_36581,39.74035,-105.013939,11/30/2015 7:54,7:54,12,0,0,I-25 & COLFAX AVE W,10,1,1,0,1,4,,,55,0,0,0,0,0,1,2,1
,2015_36582,39.741222,-105.01417,9/24/2015 5:39,5:39,12,0,0,I-25 & COLFAX AVE W,1,2,0,7,1,4,,,55,0,0,0,0,0,1,2,16
,2015_36583,39.751291,-105.016572,8/25/2015 14:49,14:49,12,0,0,I-25 & 23RD AVE W,1,1,1,0,1,4,,,55,0,0,0,0,0,1,3,4
,2015_36584,39.755141,-105.012706,9/29/2015 17:10,17:10,12,0,0,SPEER BLVD & I-25,1,1,0,1,1,4,,,30,0,0,0,0,0,1,2,13
,2015_36585,39.755516,-105.012189,9/4/2015 16:10,16:10,12,0,0,I-25 & SPEER BLVD N,1,1,0,0,1,4,,,55,0,0,0,0,1,1,2,13
,2015_36586,39.760997,-105.004275,9/10/2015 20:48,20:48,15,0,0,I-25 & 20TH ST,1,3,1,0,1,4,,,55,0,0,0,0,0,1,2,13
,2015_36587,39.768039,-104.994788,8/24/2015 18:08,18:08,12,0,0,I-25 & PARK AVE WEST,1,1,0,0,1,4,,,55,0,0,0,0,0,1,2,1
,2015_36598,39.711134,-105.0172,12/31/2015 13:02,13:02,1,0,0,ALAMEDA AVE W & ALCOTT ST S,1,1,0,0,1,2,,,35,0,0,0,0,0,2,2,7
,2015_36600,39.711126,-105.015723,8/27/2015 20:47,20:47,1,0,0,ALAMEDA AVE W & ZUNI ST S,1,3,1,0,1,1,,,35,0,0,0,0,0,2,2,13
,2015_36601,39.653077,-104.909224,8/17/2015 22:35,22:35,15,0,0,HAMPDEN AVE E & ONEIDA WAY S,1,3,0,0,1,4,,,45,0,0,0,0,0,2,2,7
,2015_36602,39.653025,-104.881113,10/5/2015 9:58,9:58,12,0,0,HAMPDEN AVE 9200 BLK E & AKRON ST S,1,1,0,0,1,3,,,45,0,0,0,0,0,2,2,13
,2015_36611,39.739998,-104.978671,8/17/2015 20:05,20:05,3,0,0,COLFAX AVE E & WASHINGTON ST N,1,2,0,0,1,1,,,30,0,0,0,0,0,2,2,13
,2015_36612,39.740181,-104.957465,10/14/2015 15:10,15:10,3,0,0,COLFAX AVE E & COLUMBINE ST N,1,1,0,0,1,5,,,15,0,0,0,0,0,2,2,13
,2015_36613,39.740076,-104.915921,8/27/2015 16:30,16:30,5,0,0,COLFAX AVE E & KRAMERIA ST N,1,1,0,0,2,4,,,30,0,0,0,0,0,2,2,13
,2015_36636,39.783616,-105.053039,11/5/2015 18:05,18:05,12,0,0,I-70 WB OFF SLIP RAMP & SHERIDAN BLVD N,1,3,0,0,1,8,,,35,0,0,0,0,0,1,2,1
,2015_36638,39.779965,-104.943919,11/5/2015 19:50,19:50,12,0,0,I-70 & MM 276,1,3,0,0,1,4,,,55,0,0,0,0,0,1,2,3
,2015_36639,39.779944,-104.940633,12/9/2015 7:40,7:40,15,0,0,I-70 & COLORADO BLVD N,1,1,0,0,1,4,,,55,0,0,0,0,0,1,2,16
,2015_36640,39.778299,-104.907129,8/9/2015 16:30,16:30,15,0,0,I-70 & WB ON RAMP FROM QUEBE,1,1,0,0,1,4,,,55,0,0,0,0,0,1,2,16
,2015_36641,39.7783,-104.903459,8/18/2015 8:47,8:47,12,0,0,I-70 & NORTHFIELD QUEBEC ST,1,1,0,0,1,4,,,55,0,0,0,0,0,1,2,13