id,drcog_id,latitude,longitude,crashtime,time,crashtype,numbkilled,numbinjurd,drcoglocat,rdconditin,lightngcon,roadcntgrd,weatherco,location,roaddescrp,schoolzone,constrzone,splimit,bikeinv,pedinv,sctrinv,motoinv,svrty,rdsystem,ttlvehcls,hcf
,2015_36642,39.7783,-104.903459,9/11/2015 18:55,18:55,12,0,0,I-70 & QUEBEC ST N,1,2,1,0,1,4,,,55,0,0,0,0,1,1,2,2
,2015_36643,39.778299,-104.901934,11/5/2015 20:39,20:39,12,0,0,I-70 EB ON RAMP SPLIT FROM & QUEBEC ST N,1,3,1,0,1,8,,,,0,0,0,0,0,1,2,3
,2015_36644,39.774068,-104.847761,11/4/2015 12:51,12:51,12,0,0,I-70 EB OFF SLIP RAMP & PEORIA ST N,1,1,1,0,1,8,,,35,0,0,0,0,0,1,2,7
,2015_36653,39.69805,-104.902139,9/8/2015 7:15,7:15,12,0,0,PARKER RD 1000 BLK S & QUEBEC ST S,1,1,1,0,1,4,,,45,0,0,0,0,0,2,2,13
,2015_36654,39.702965,-104.912888,11/7/2015 12:38,12:38,3,0,0,LEETSDALE DR & MONACO ST S,1,1,0,0,1,2,,,35,0,0,0,0,1,2,2,13
,2015_36655,39.706576,-104.919844,8/25/2015 8:40,8:40,12,0,0,LEETSDALE DR & JERSEY ST S,1,1,0,0,1,1,,,35,0,0,0,0,0,2,2,3
,2015_36656,39.714865,-104.940487,10/22/2015 9:12,9:12,12,0,0,SANTA FE DR S & BAYAUD AVE,2,1,0,1,1,1,,,25,0,0,0,0,0,2,2,13
,2015_36669,39.729259,-105.02515,9/13/2015 10:01,10:01,12,0,0,FEDERAL BLVD N & 8TH AVE W,1,1,0,0,1,1,,,35,0,0,0,0,0,2,2,5
,2015_36670,39.726086,-105.025128,8/20/2015 13:10,13:10,15,0,0,FEDERAL BLVD 600 BLK N & 6TH AVE WB OFF RAMP,1,1,0,0,1,4,,,35,0,0,0,0,0,2,2,7
,2015_36671,39.718099,-105.025158,10/4/2015 19:55,19:55,10,0,0,FEDERAL BLVD N & 1ST AVE W,1,3,0,0,1,1,,,35,0,0,0,0,0,2,2,13
,2015_36672,39.709556,-105.025076,8/25/2015 10:58,10:58,15,0,0,FEDERAL BLVD S & DAKOTA AVE W,1,1,0,0,1,4,,,40,0,0,0,0,0,2,2,1
,2015_36673,39.703863,-105.025084,12/4/2015 23:18,23:18,1,0,1,FEDERAL BLVD S & EXPOSITION AVE W,1,3,0,0,1,1,,,40,0,0,0,0,3,2,3,7
,2015_36674,39.702499,-105.025063,10/30/2015 17:09,17:09,1,0,0,FEDERAL BLVD S & 781,1,1,1,0,1,2,,,40,0,0,0,0,0,2,2,13
,2015_36675,39.696764,-105.025061,8/19/2015 15:00,15:00,12,0,0,FEDERAL BLVD S & MISSISSIPPI AVE W,1,1,0,0,1,3,,,40,0,0,0,0,0,2,2,1
,2015_36682,39.689371,-105.053256,10/9/2015 18:52,18:52,12,0,1,SHERIDAN BLVD S & FLORIDA AVE W,1,3,0,0,1,4,,,40,0,0,0,0,2,2,2,12
,2015_36683,39.689516,-105.053251,9/4/2015 8:00,8:00,12,0,0,SHERIDAN BLVD S & FLORIDA AVE W,1,1,0,0,1,1,,,40,0,0,0,0,0,2,2,13
,2015_36685,39.767246,-105.053246,9/22/2015 15:57,15:57,12,0,0,SHERIDAN BLVD & 3600 BLK,1,1,1,0,1,4,,,35,0,0,0,0,1,2,2,3
,2015_36694,39.614558,-105.091147,8/14/2015 16:10,16:10,1,0,0,WADSWORTH BLVD S & CROSS DR W,1,1,0,0,1,2,,,45,0,0,0,0,0,2,2,3
,2015_36695,39.6171,-105.091121,9/16/2015 14:30,14:30,12,0,0,WADSWORTH BLVD S & CRESTLINE AVE W,1,1,0,0,1,4,,,45,0,0,0,0,0,2,2,3
,2015_36696,39.61833,-105.091109,12/17/2015 8:30,8:30,3,0,0,WADSWORTH BLVD S & CRESTLINE DR W,2,1,0,7,1,1,,,45,0,0,0,0,0,2,2,13
,2015_36724,39.6368,-104.890164,11/7/2015 18:28,18:28,12,0,0,I-225 & MM 1.04,1,1,0,0,1,4,,,65,0,0,0,0,0,1,2,16
,2015_36735,39.778382,-104.896877,11/30/2015 4:45,4:45,15,0,0,I-270 OVERPASS & I-70,4,3,1,2,1,4,,,55,0,0,0,0,0,1,2,14
,2015_36757,0,0,8/4/2015 21:15,21:15,15,0,0,BROADWAY 000 BLK S & BAYAUD AVE,1,3,0,0,1,4,,,30,0,0,0,0,0,4,2,12
,2015_36766,0,0,8/4/2015 23:02,23:02,15,0,0,LINCOLN ST N & SPEER BLVD N,1,3,0,0,1,1,,,30,0,0,0,0,0,4,2,13
,2015_36775,0,0,8/5/2015 15:50,15:50,12,0,0,MONACO PKWY 800 BLK & KENTUCKY AVE E,1,1,0,0,1,4,,,35,0,0,0,0,0,4,2,13
,2015_36784,0,0,8/5/2015 7:45,7:45,1,0,0,TAMARAC DR S & QUINCY AVE E,1,1,0,0,1,1,,,35,0,0,0,0,0,4,2,13
,2015_36824,39.628413,-104.904125,5/18/2015 11:44,11:44,5,0,0,I-25 & UNION AVE E,1,1,0,0,2,4,,,65,0,0,0,0,0,1,1,7
,2015_36843,0,0,5/16/2015 2:34,2:34,8,0,0,2ND AVE 200 BLK E & GRANT ST N,1,3,0,7,1,4,,,25,0,0,0,0,0,4,4,5
,2015_36844,0,0,11/17/2015 12:30,12:30,5,0,0,6TH AVE E & LOGAN ST N,1,1,0,0,2,1,,,30,0,0,0,0,0,4,2,8
,2015_36845,0,0,10/3/2015 11:15,11:15,3,0,0,8TH AVE E & CHERRY ST N,1,1,0,0,1,1,,,35,0,0,0,0,0,4,2,13
,2015_36846,0,0,9/11/2015 9:10,9:10,10,0,0,13TH AVE W & CHEROKEE ST N,1,1,0,0,1,1,,,25,0,0,0,0,0,4,2,13
,2015_36847,0,0,9/11/2015 10:15,10:15,3,0,0,13TH AVE W & OSAGE ST N,1,1,0,0,1,1,,,35,0,0,0,0,0,4,2,14
,2015_36848,0,0,9/18/2015 12:21,12:21,3,0,2,14TH AVE E & LOGAN ST N,1,1,0,0,1,1,,,30,0,0,0,0,2,4,2,13
,2015_36849,0,0,11/20/2015 12:37,12:37,3,0,0,16TH AVE E & FRANKLIN ST N,1,1,0,4,1,1,,,30,0,0,0,0,0,4,2,16
,2015_36850,0,0,9/8/2015 11:25,11:25,3,0,0,16TH AVE E & WABASH ST N,1,1,0,0,1,1,,,25,0,0,0,0,0,4,2,13
,2015_36851,0,0,10/19/2015 8:30,8:30,3,0,0,17TH AVE E & ONEIDA ST N,1,1,0,0,1,1,,,25,0,0,0,0,1,4,2,14
,2015_36852,0,0,10/30/2015 6:10,6:10,12,0,0,17TH AVE E & PARK AVE W,1,3,0,0,1,1,,,30,0,0,0,0,0,4,2,13
,2015_36853,0,0,12/13/2015 18:52,18:52,3,0,0,20TH AVE W & GROVE ST N,1,4,0,0,1,1,,,25,0,0,0,0,0,4,2,13
,2015_36854,0,0,8/20/2015 21:41,21:41,3,0,3,23RD AVE E & HIGH ST N,1,3,0,7,1,1,,,25,0,0,0,0,2,4,2,16
,2015_36855,0,0,9/19/2015 15:15,15:15,3,0,0,26TH AVE W & CLAY ST N,1,1,0,0,1,1,,,25,0,0,0,0,0,4,2,13
,2015_36856,0,0,12/13/2015 19:10,19:10,3,0,0,35TH AVE W & CLAY ST N,1,3,0,0,1,1,,,25,0,0,0,0,1,4,2,3
,2015_36857,0,0,11/28/2015 16:48,16:48,12,0,0,36TH AVE E & QUEBEC ST N,1,1,0,0,1,1,,,25,0,0,0,0,0,4,2,13
,2015_36858,0,0,10/13/2015 16:00,16:00,3,0,0,44TH AVE E & PEORIA ST N,1,1,0,0,1,1,,,35,0,0,0,0,0,4,2,13
,2015_36859,0,0,12/9/2015 8:26,8:26,3,0,0,44TH AVE 2100 BLK W & VALLEJO ST N,1,1,0,0,1,5,,,35,0,0,0,0,1,4,2,14
,2015_36860,0,0,10/26/2015 6:30,6:30,1,0,0,47TH AVE E & PEORIA ST N,1,2,0,0,1,1,,,30,0,0,0,0,0,4,2,1
,2015_36861,0,0,12/15/2015 18:16,18:16,15,0,0,47TH AVE E & PEORIA ST N,4,3,0,2,1,1,,,40,0,0,0,0,0,4,2,13
,2015_36862,0,0,10/23/2015 1:16,1:16,3,0,0,56TH AVE E & TOWER RD N,2,3,0,1,1,1,,,45,0,0,0,0,0,4,2,4
,2015_36863,0,0,11/18/2015 10:30,10:30,1,0,0,ARAPAHOE ST & 33RD ST,1,1,0,0,1,1,,,25,0,0,0,0,0,4,2,16
,2015_36864,0,0,12/28/2015 9:15,9:15,3,0,0,ASBURY AVE W & ZUNI ST S,5,1,0,0,1,1,,,25,0,0,0,0,0,4,2,13
,2015_36865,0,0,10/14/2015 17:28,17:28,1,0,0,BANNOCK ST S & ALAMEDA AVE W,1,1,0,0,1,1,,,35,0,0,0,0,0,4,2,13
,2015_36866,0,0,12/10/2015 8:02,8:02,12,0,0,BOLLING DR E & DILLON ST N,1,1,0,0,1,1,,,20,0,0,0,0,0,4,2,3
,2015_36867,0,0,7/11/2015 17:26,17:26,3,0,0,BROADWAY ST S & ASBURY AVE E,1,1,0,0,1,1,,,30,0,0,0,0,0,4,2,8
,2015_36868,0,0,12/1/2015 17:48,17:48,15,0,0,BROADWAY BLVD S & EVANS AVE E,1,3,0,0,1,1,,,30,0,0,0,0,0,4,2,1
,2015_36869,0,0,8/18/2015 10:49,10:49,12,0,0,BROADWAY ST 2500 BLK S & VASSAR DR W,1,1,0,0,1,4,,,35,0,0,0,0,0,4,2,5
,2015_36870,0,0,9/23/2015 13:54,13:54,12,0,0,BRUCE RANDOLPH AVE & COLORADO BLVD N,1,1,0,0,1,4,,,25,0,0,0,0,1,4,2,3
,2015_36871,0,0,12/3/2015 16:03,16:03,3,0,0,CLARKSON ST N & 18TH AVE E,1,2,0,0,1,1,,,25,0,0,0,0,0,4,2,13
,2015_36872,0,0,10/23/2015 7:46,7:46,3,0,0,CUSTER PL E & HOLLY ST S,1,1,0,0,1,1,,,25,0,0,0,0,0,4,2,14
,2015_36873,0,0,12/2/2015 15:09,15:09,1,0,0,DAKOTA AVE E & BROADWAY ST S,1,1,0,0,1,1,,,25,0,0,0,0,0,4,2,3
,2015_36874,0,0,11/15/2015 12:11,12:11,12,0,0,DOWNING ST N & 21ST AVE E,1,1,0,0,1,1,,,35,0,0,0,0,0,4,2,16
,2015_36875,0,0,10/22/2015 10:02,10:02,12,0,0,ELIOT ST 2500 BLK N & 26TH AVE W,2,1,0,1,1,4,,,25,0,0,0,0,0,4,2,7
,2015_36876,0,0,9/1/2015 16:46,16:46,12,0,0,EVANS AVE E & BELLAIRE ST S,1,1,0,0,1,1,,,30,0,0,0,0,0,4,2,13
,2015_36877,0,0,11/16/2015 11:45,11:45,3,0,0,EVANS AVE W & FEDERAL BLVD S,1,1,0,0,1,2,,,15,0,0,0,0,0,4,2,16
,2015_36878,0,0,11/14/2015 9:55,9:55,1,0,0,EVANS AVE E & HIGH ST S,1,1,0,0,1,1,,,25,0,0,0,0,0,4,2,13
,2015_36879,0,0,8/25/2015 13:19,13:19,15,0,0,EVANS AVE 6300 BLK E & MONACO PKWY S,1,1,0,0,1,1,,,35,0,0,0,0,0,4,2,13
,2015_36881,0,0,10/29/2015 15:30,15:30,1,0,1,EVANS AVE E & ONEIDA ST S,1,1,1,0,1,1,,,35,0,0,0,0,2,4,2,13
,2015_36882,0,0,9/3/2015 8:38,8:38,12,0,1,EVANS AVE W & OSCEOLA WAY S,2,1,0,1,1,4,,,30,0,0,0,0,2,4,2,4
,2015_36883,0,0,10/23/2015 13:47,13:47,12,0,1,EVANS AVE E & UNIVERSITY BLVD S,1,1,0,0,1,4,,,35,0,0,0,0,2,4,2,13
,2015_36884,0,0,12/1/2015 12:50,12:50,3,0,0,FLORIDA AVE W & PLATTE RIVER DR S,1,1,0,0,1,1,,,35,0,0,0,0,0,4,2,13
,2015_36885,0,0,12/16/2015 16:18,16:18,15,0,0,GRANT ST N & 9TH AVE E,6,3,1,0,1,1,,,30,0,0,0,0,0,4,2,8
,2015_36886,0,0,10/13/2015 7:50,7:50,1,0,0,GVR BLVD E & HIMALAYA RD N,1,1,0,0,1,1,,,40,0,0,0,0,0,4,2,7
,2015_36887,0,0,12/8/2015 16:25,16:25,15,0,0,HAVANA ST N & 40TH AVE E,1,1,0,0,1,1,,,35,0,0,0,0,0,4,2,13
,2015_36888,0,0,10/1/2015 15:05,15:05,3,0,0,HIGH ST N & 17TH AVE E,1,1,0,0,1,1,,,25,0,0,0,0,0,4,2,13
,2015_36889,0,0,12/14/2015 15:00,15:00,15,0,0,HOLLY ST 2000 BLK S & EVANS AVE E,1,1,0,0,1,4,,,30,0,0,0,0,0,4,2,1
,2015_36890,0,0,10/23/2015 16:12,16:12,3,0,0,IOWA AVE W & BROADWAY ST S,1,1,0,0,1,1,,,30,0,0,0,0,0,4,2,13
,2015_36891,0,0,11/11/2015 7:40,7:40,3,0,0,IRVING ST S & EVANS AVE W,6,1,0,2,1,1,,,30,0,0,0,0,0,4,2,13
,2015_36892,0,0,11/20/2015 10:45,10:45,15,0,0,JOSEPHINE ST N & 8TH AVE E,1,1,1,0,1,4,,,30,0,0,0,0,0,4,2,16
,2015_36893,0,0,10/12/2015 17:04,17:04,15,0,0,KALAMATH ST N & SPEER BLVD N,1,1,0,0,1,1,,,35,0,0,0,0,0,4,2,8
,2015_36894,0,0,11/2/2015 12:19,12:19,12,0,0,LOGAN ST & 200 BLK S,1,1,0,0,1,4,,,30,0,0,0,0,0,4,2,3
,2015_36895,0,0,11/17/2015 15:20,15:20,15,0,0,MLK BLVD & CENTRAL PARK BLVD N,2,1,0,0,1,1,,,35,0,0,0,0,0,4,2,13
,2015_36897,0,0,11/24/2015 12:40,12:40,3,0,3,MLK BLVD E & CENTRAL PARK BLVD N,1,1,0,0,1,1,,,35,0,0,0,0,3,4,2,16
,2015_36898,0,0,11/4/2015 12:20,12:20,15,0,0,MLK BLVD E & QUEBEC ST N,1,1,0,0,1,1,,,45,0,0,0,0,1,4,2,16
,2015_36899,0,0,9/19/2015 12:55,12:55,3,0,1,MEADE ST S & EVANS AVE W,1,1,0,0,1,1,,,25,0,0,0,0,2,4,2,7
,2015_36900,0,0,11/9/2015 18:15,18:15,15,0,0,PARK AVE W & CURTIS ST,1,2,0,0,1,1,,,30,0,0,0,0,0,4,2,13
,2015_36901,0,0,10/31/2015 18:44,18:44,6,0,0,PEARL ST N & 18TH AVE E,1,3,0,0,1,3,,,30,0,0,0,0,0,4,3,5
,2015_36902,0,0,8/24/2015 21:50,21:50,3,0,0,PECOS ST & 3900 BLK N,1,3,0,0,1,2,,,30,0,0,0,0,0,4,2,5
,2015_36903,0,0,11/28/2015 11:28,11:28,15,0,0,PENA BLVD & 8000 BLK,8,1,0,0,1,4,,,45,0,0,0,0,0,4,2,1
,2015_36904,0,0,9/4/2015 8:40,8:40,15,0,0,PENA BLVD & GUN CLUB RD,1,1,0,0,1,4,,,65,0,0,0,0,1,4,2,13
,2015_36905,0,0,10/31/2015 20:23,20:23,3,0,0,PLATTE ST & 15TH ST,1,3,1,0,1,1,,,30,0,0,0,0,0,4,2,8
,2015_36906,0,0,12/23/2015 16:39,16:39,12,0,0,QUEBEC ST N & 19TH AVE E,1,2,0,0,1,3,,,35,0,0,0,0,0,4,2,3
,2015_36907,0,0,7/1/2015 17:17,17:17,1,0,1,QUEBEC ST N & 1ST AVE E,1,1,1,0,1,1,,,35,0,0,0,0,2,4,2,14
,2015_36908,0,0,8/11/2015 4:30,4:30,15,0,0,QUEBEC ST N & SMITH RD E,1,3,0,0,1,1,,,30,0,0,0,0,0,4,2,13
,2015_36909,0,0,12/15/2015 22:10,22:10,3,0,0,22ND ST & WELTON ST,5,3,0,0,1,1,,,25,0,0,0,0,0,4,2,13
,2015_36910,0,0,12/3/2015 11:11,11:11,12,0,0,SANTA FE DR 800 BLK N & 9TH AVE W,1,1,0,0,1,1,,,35,0,0,0,0,0,4,2,14
,2015_36911,0,0,9/25/2015 6:25,6:25,14,0,0,SANTA FE DR 200 BLK S & ALAMEDA AVE W,1,2,1,0,1,1,,,35,0,0,0,0,0,4,2,13
,2015_36912,0,0,11/23/2015 14:33,14:33,15,0,0,SANTA FE DR S & CEDAR AVE W,1,1,0,0,1,3,,,30,0,0,0,0,0,4,2,1
,2015_36913,0,0,12/23/2015 14:05,14:05,3,0,0,SPEER BLVD N & 8TH AVE W,1,1,0,0,1,1,,,30,0,0,0,0,0,4,2,13
,2015_36914,0,0,8/22/2015 18:31,18:31,3,0,0,SPEER BLVD E & CORONA ST N,1,1,1,7,1,1,,,30,0,0,0,0,0,4,2,16
,2015_36916,0,0,12/12/2015 21:26,21:26,12,0,0,SPEER BLVD 2900 BLK N & FEDERAL BLVD N,2,3,1,0,1,1,,,35,0,0,0,0,0,4,2,7
,2015_36917,0,0,12/3/2015 18:53,18:53,15,0,0,SPEER BLVD E & LINCOLN ST N,1,3,1,0,1,1,,,30,0,0,0,0,0,4,2,3
,2015_36918,0,0,12/17/2015 22:24,22:24,12,0,0,SPEER BLVD 1700 BLK N & WEWALTA ST,4,3,1,2,1,4,,,45,0,0,0,0,0,4,2,14
,2015_36919,0,0,8/25/2015 16:13,16:13,12,0,0,SPEER BLVD N & ZUNI ST N,1,1,1,0,1,1,,,35,0,0,0,0,0,4,2,2
,2015_36920,0,0,12/17/2015 14:30,14:30,14,0,0,STEELE ST N & MARTIN LUTHER KING BL,2,1,0,0,1,4,,,25,0,0,0,0,0,4,2,14
,2015_36921,0,0,12/7/2015 14:44,14:44,15,0,0,TAMARAC ST 4400 BLK S & I-225 SB RAMPS,1,1,1,0,1,2,,,30,0,0,0,0,0,4,2,4
,2015_36922,0,0,11/19/2015 17:31,17:31,15,0,0,UNIVERSITY BLVD S & DAKOTA AVE E,1,3,1,0,1,4,,,30,0,0,0,0,0,4,2,3
,2015_36923,0,0,9/14/2015 13:26,13:26,12,0,0,UNIVERSITY BLVD S & EXPOSITION AVE E,1,1,0,0,1,1,,,30,0,0,0,0,0,4,2,13
,2015_36924,0,0,8/21/2015 18:30,18:30,10,0,0,WALNUT ST & 26TH ST,1,1,0,0,1,1,,,25,0,0,0,0,0,4,2,8
,2015_36925,0,0,11/18/2015 19:12,19:12,12,0,0,YALE AVE & 6400 BLK E,1,3,0,0,1,4,,,35,0,0,0,0,0,4,2,5
,2015_37003,39.679972,-104.940639,12/3/2015 12:10,12:10,12,0,0,COLORADO BLVD 2000 BLK S & COLORADO CENTER DR E,1,1,0,0,1,3,,,35,0,0,0,0,1,2,2,13
,2015_37004,39.684965,-104.940544,8/12/2015 9:35,9:35,12,0,0,COLORADO BLVD S & MEXICO AVE E,1,1,1,0,1,3,,,35,0,0,0,0,0,2,2,1
,2015_37005,39.687563,-104.940549,8/25/2015 17:26,17:26,1,0,0,COLORADO BLVD S & IOWA AVE E,1,1,1,0,1,1,,,35,0,0,0,0,0,2,2,13
,2015_37008,39.668384,-104.940613,11/5/2015 16:54,16:54,1,0,1,COLORADO BLVD S & YALE AVE (RD E),1,3,0,0,1,1,,,40,0,0,0,0,3,2,2,13
,2015_37009,39.727365,-104.940627,10/22/2015 8:05,8:05,1,0,0,7TH AVE E & COLORADO BLVD N,2,1,0,1,1,1,,,35,0,0,0,0,1,2,2,7
,2015_37010,39.729589,-104.940624,10/11/2015 10:00,10:00,15,0,0,COLORADO BLVD 800 BLK N & 8TH AVE E,1,1,0,0,1,4,,,35,0,0,0,0,0,2,2,13
,2015_37011,39.73226,-104.940621,10/13/2015 12:36,12:36,12,0,0,COLORADO BLVD & 900 BLK N,1,1,0,0,1,4,,,35,0,0,0,0,0,2,2,12
,2015_37012,39.746189,-104.940605,11/18/2015 17:51,17:51,12,0,0,19TH AVE E & COLORADO BLVD N,1,3,1,0,1,4,,,35,0,0,0,0,0,2,2,16
,2015_37013,39.747364,-104.940604,12/29/2015 17:43,17:43,1,0,0,COLORADO BLVD N & MONTVIEW BLVD E,5,3,0,0,1,1,,,30,0,0,0,0,0,2,2,13
,2015_37016,39.725549,-105.035093,11/6/2015 9:00,9:00,12,0,0,6TH AVE W & LOWELL BLVD N (REF PT,1,1,0,0,1,4,,,45,0,0,0,0,1,2,2,14
,2015_37017,39.725188,-105.018614,12/1/2015 7:51,7:51,12,0,0,6TH AVE W & BRYANT ST N,1,1,1,0,1,4,,,55,0,0,0,0,0,2,2,3
,2015_37018,39.725218,-105.017695,8/28/2015 22:33,22:33,15,0,0,6TH AVE W & I-25,1,4,1,0,1,8,,,45,0,0,0,0,0,2,2,13
,2015_37019,39.780043,-104.949712,8/17/2015 13:00,13:00,1,0,0,46TH AVE E & STEELE ST N,1,1,0,0,1,1,,,30,0,0,0,0,0,2,2,13
,2015_37025,39.683106,-104.940515,11/29/2015 14:50,14:50,15,0,0,I-25 & COLORADO BLVD S,1,1,0,0,1,4,,,60,0,0,0,0,0,1,2,16
,2015_37026,39.683265,-104.941205,11/30/2015 13:33,13:33,12,0,0,I-25 SB ON RAMP & COLORADO BLVD S,9,1,1,0,1,8,,,60,0,0,0,0,1,1,2,8
,2015_37027,39.684918,-104.950446,11/25/2015 16:01,16:01,12,0,0,I-25 & STEELE ST S,1,1,0,0,1,4,,,60,0,0,0,0,0,1,2,16
,2015_37028,39.691155,-104.975445,8/17/2015 15:40,15:40,15,0,0,I-25 & EMERSON ST S,1,1,0,0,1,4,,,55,0,0,0,0,0,1,2,13
,2015_37029,39.701452,-104.987435,12/10/2015 0:05,0:05,1,0,1,BROADWAY S & I-25 SB RAMP,1,3,0,0,1,1,,,30,0,0,0,0,2,1,2,8
,2015_37030,39.760997,-105.004275,8/7/2015 12:41,12:41,12,0,0,I-25 & 20TH ST,1,1,0,0,1,4,,,55,0,0,0,0,0,1,2,13
,2015_37031,39.760997,-105.004275,10/16/2015 8:08,8:08,12,0,0,I-25 & 20TH ST,1,1,0,0,1,4,,,55,0,0,0,0,0,1,2,14
,2015_37032,39.760997,-105.004275,8/20/2015 9:07,9:07,12,0,0,I-25 SB RAMPS & 20TH ST,1,1,0,0,1,8,,,55,0,0,0,0,0,1,2,14
,2015_37033,39.760997,-105.004275,11/28/2015 8:45,8:45,3,0,0,20TH ST & I-25 NB RAMPS,5,1,0,2,1,1,,,25,0,0,0,0,0,1,2,16
,2015_37034,39.769105,-104.992736,12/17/2015 18:17,18:17,5,0,0,I-25 NB ON RAMP & PARK AVE,5,3,0,0,2,8,,,25,0,0,0,0,0,1,2,13
,2015_37035,39.776158,-104.989211,11/21/2015 20:35,20:35,12,0,0,I-25 & 44TH AVE W,1,3,0,0,1,4,,,55,0,0,0,0,0,1,2,13
,2015_37044,39.653054,-104.884764,10/12/2015 20:30,20:30,14,0,0,HAMPDEN AVE E & YOSEMITE ST S,1,3,0,0,1,1,,,40,0,0,0,0,0,2,2,13
,2015_37045,39.65302,-104.875567,10/24/2015 10:35,10:35,12,0,0,HAMPDEN AVE 9700 BLK E & DAYTON ST S,1,1,0,0,1,3,,,35,0,0,0,0,0,2,2,1
,2015_37060,39.740322,-105.053272,10/16/2015 19:30,19:30,12,0,0,SHERIDAN BLVD & COLFAX AVE W,1,3,0,0,1,1,,,35,0,0,0,0,0,2,2,7
,2015_37061,39.740082,-105.005223,11/6/2015 8:15,8:15,1,0,0,COLFAX AVE W & 7TH ST,1,1,0,0,1,1,,,35,0,0,0,0,0,2,2,14
,2015_37062,39.740048,-104.999949,9/22/2015 7:32,7:32,3,0,0,COLFAX AVE W & KALAMATH ST N,1,1,0,0,1,1,,,35,0,0,0,0,1,2,2,14
,2015_37063,39.740035,-104.998869,12/17/2015 22:36,22:36,12,0,0,SPEER BLVD 1500 BLK N & COLFAX AVE W `,4,3,0,0,1,1,,,35,0,0,0,0,0,2,2,13
,2015_37064,39.740048,-104.986169,9/15/2015 8:05,8:05,15,0,0,COLFAX AVE 000 BLK E & LINCOLN ST N,1,1,0,0,1,3,,,30,0,0,0,0,0,2,2,13
,2015_37065,39.740162,-104.95477,12/6/2015 14:10,14:10,3,0,0,COLFAX AVE E & DETROIT ST N (RD N),1,1,0,0,1,1,,,25,0,0,0,0,0,2,2,13
,2015_37066,39.740156,-104.952575,11/24/2015 9:07,9:07,15,0,0,COLFAX AVE E & MILWAUKEE ST N,1,1,0,0,1,2,,,30,0,0,0,0,0,2,2,13
,2015_37067,39.740142,-104.947688,8/25/2015 13:35,13:35,1,0,0,COLFAX AVE E & COOK ST N (RD N),1,1,0,0,1,1,,,30,0,0,0,0,0,2,2,13
,2015_37068,39.740082,-104.89527,8/6/2015 21:40,21:40,1,0,2,COLFAX AVE E & TAMARAC ST N,1,3,0,0,1,1,,,30,0,0,0,1,3,2,2,13
,2015_37069,39.740085,-104.890202,10/14/2015 22:13,22:13,6,0,0,COLFAX AVE 8400 BLK E & VERBENA ST N,1,3,0,0,1,4,,,45,0,0,0,0,0,2,2,4
,2015_37083,39.783357,-105.034565,9/29/2015 12:34,12:34,12,0,1,I-70 & LOWELL BLVD N,1,1,0,0,1,4,,,55,0,0,0,0,2,1,2,1
,2015_37084,39.781017,-104.99349,9/19/2015 14:36,14:36,12,0,0,I-70 EB OFF RAMP & I-25,1,1,0,1,1,8,,,55,0,0,0,0,1,1,2,14
,2015_37085,39.778271,-104.89681,10/11/2015 5:35,5:35,12,0,0,I-70 & I-270 OVERPASS,1,3,0,0,1,4,,,55,0,0,0,0,0,1,2,16
,2015_37086,39.777095,-104.882471,11/17/2015 9:20,9:20,3,0,0,CENTRAL PARK BLVD N & I-70 WB RAMPS,6,1,0,0,1,1,,,35,0,0,0,0,0,1,2,16
,2015_37087,39.774005,-104.847034,11/16/2015 17:21,17:21,12,0,0,I-70 & PEORIA ST N,2,3,1,1,1,4,,,55,0,0,0,0,1,1,2,16
,2015_37104,39.698614,-104.903604,8/20/2015 21:12,21:12,12,0,0,LEETSDALE DR & QUEBEC ST S,1,3,0,0,1,1,,,30,0,0,0,0,0,2,2,13
,2015_37105,39.702965,-104.912888,11/28/2015 22:44,22:44,14,0,0,LEETSDALE DR & MONACO ST S,1,3,0,0,1,1,,,35,0,0,0,0,1,2,2,5
,2015_37113,39.675017,-104.994137,9/16/2015 2:35,2:35,12,0,0,SANTA FE DR S & EVANS AVE W,1,3,0,0,1,4,,,55,0,0,0,0,0,2,2,13
,2015_37114,39.692475,-104.992442,9/21/2015 13:43,13:43,3,0,0,PLATTE RIVER DR S & SANTE FE DR S,1,1,0,0,1,1,,,25,0,0,0,0,0,2,2,1
,2015_37116,39.723512,-105.025158,9/4/2015 18:30,18:30,12,0,0,FEDERAL BLVD & 500 BLK S,1,1,0,0,1,4,,,45,0,0,0,0,1,2,2,13
,2015_37117,39.720413,-105.025191,10/23/2015 12:54,12:54,12,0,0,FEDERAL BLVD & 200 BLK S,1,1,1,0,1,4,,,35,0,0,0,0,0,2,2,8
,2015_37118,39.714965,-105.025152,12/10/2015 17:38,17:38,3,0,0,FEDERAL BLVD S & BAYAUD AVE W,1,3,0,0,1,1,,,40,0,0,0,0,0,2,2,8
,2015_37121,39.675237,-105.02504,12/14/2015 7:50,7:50,12,0,0,FEDERAL BLVD S & ILIFF AVE W,1,1,0,0,1,1,,,45,0,0,0,0,0,2,2,13
,2015_37155,39.634215,-104.901612,9/22/2015 14:38,14:38,12,0,0,I-225 & I-25,1,1,0,0,1,4,,,55,0,0,0,0,0,1,2,16