id,drcog_id,latitude,longitude,crashtime,time,crashtype,numbkilled,numbinjurd,drcoglocat,rdconditin,lightngcon,roadcntgrd,weatherco,location,roaddescrp,schoolzone,constrzone,splimit,bikeinv,pedinv,sctrinv,motoinv,svrty,rdsystem,ttlvehcls,hcf
,2015_37156,39.635755,-104.892624,11/23/2015 17:28,17:28,12,0,0,I-225 NB ON RAMP & TAMARAC ST S,1,3,0,0,1,8,,,45,0,0,0,0,1,1,2,3
,2015_37162,39.778382,-104.896877,10/21/2015 17:21,17:21,12,0,0,I-270 OVERPASS & I-70,1,1,0,0,1,4,,,35,0,0,0,0,0,1,2,13
,2015_37163,39.776836,-104.890539,8/28/2015 23:53,23:53,15,0,1,I-270 EB DIRECT CONNECT & CENTRAL PARK BLVD EB/,1,3,0,0,1,4,,,55,0,0,0,0,2,1,2,1
,2015_37164,39.652979,-104.917736,10/28/2015 14:40,14:40,15,0,0,I-25 NB RAMPS & HAMPDEN AVE E,1,1,1,0,1,1,,,35,0,0,0,0,0,2,2,3
,2015_37165,39.763356,-105.025165,11/4/2015 9:01,9:01,12,0,0,FEDERAL BLVD N & HIGHLAND PARK PL W,1,1,0,0,1,1,,,35,0,0,0,0,0,2,2,4
,2015_37206,0,0,8/4/2015 17:13,17:13,1,0,0,PEORIA ST N & 44TH AVE E,1,1,0,7,1,1,,,35,0,0,0,0,0,4,2,7
,2015_37287,0,0,11/18/2015 20:12,20:12,1,0,0,1ST AVE W & ACOMA ST N,1,3,0,0,1,1,,,25,0,0,0,0,0,4,2,3
,2015_37288,0,0,12/7/2015 11:40,11:40,12,0,0,1ST AVE 1600 BLK E & GILPIN ST N,1,1,0,0,1,1,,,30,0,0,0,0,0,4,2,13
,2015_37289,0,0,8/28/2015 17:31,17:31,12,0,0,7TH AVE 2600 BLK E & ELIZABETH ST N,1,1,0,0,1,1,,,30,0,0,0,0,1,4,2,13
,2015_37290,0,0,11/21/2015 11:34,11:34,10,0,1,8TH AVE W & GALAPAGO ST N,1,1,0,0,1,1,,,35,0,0,0,0,2,4,2,16
,2015_37291,0,0,10/28/2015 20:39,20:39,15,0,0,8TH AVE 300 BLK E & SPEER BLVD N,1,3,0,0,1,1,,,35,0,0,0,0,0,4,2,13
,2015_37292,0,0,10/14/2015 21:55,21:55,12,0,0,12TH AVE E & QUEBEC ST N,1,3,1,0,1,1,,,30,0,0,0,0,0,4,2,13
,2015_37293,0,0,11/17/2015 10:56,10:56,12,0,0,13TH AVE & 400 BLK W,2,1,1,0,1,4,,,30,0,0,0,0,0,4,2,16
,2015_37294,0,0,8/25/2015 14:19,14:19,3,0,0,14TH AVE E & ELM ST N,1,1,0,0,1,1,,,30,0,0,0,0,0,4,2,13
,2015_37295,0,0,12/15/2015 11:05,11:05,12,0,0,14TH AVE E & YORK ST N,4,1,0,2,1,1,,,30,0,0,0,0,0,4,2,13
,2015_37296,0,0,9/21/2015 15:37,15:37,15,0,0,16TH AVE E & ALBION ST N,1,1,0,0,1,1,,,25,0,0,0,0,0,4,2,13
,2015_37297,0,0,8/27/2015 16:46,16:46,3,0,0,18TH AVE E & YORK ST N,1,1,0,0,1,1,,,30,0,0,0,0,0,4,2,13
,2015_37298,0,0,11/5/2015 13:15,13:15,15,0,0,18TH AVE E & YORK ST N,1,1,0,0,1,3,,,30,0,0,0,0,0,4,2,14
,2015_37299,0,0,12/30/2015 14:20,14:20,12,0,0,31ST AVE E & STEELE ST N,1,1,0,0,1,4,,,30,0,0,0,0,0,4,2,13
,2015_37300,0,0,12/26/2015 10:17,10:17,3,0,0,35TH AVE W & N UTICA ST,5,1,0,0,1,1,,,25,0,0,0,0,0,4,2,13
,2015_37301,0,0,8/28/2015 14:40,14:40,10,0,1,39TH AVE 12300 BLK E & QUENTIN ST N,1,1,0,0,1,1,,,25,0,0,0,0,2,4,2,13
,2015_37302,0,0,12/17/2015 10:44,10:44,12,0,0,40TH AVE E & CHAMBERS RD N,8,1,0,0,1,1,,,40,0,0,0,0,0,4,2,13
,2015_37303,0,0,12/10/2015 21:11,21:11,1,0,0,44TH AVE W & TEJON ST N,1,3,0,0,1,1,,,30,0,0,0,0,0,4,2,13
,2015_37305,0,0,10/28/2015 14:22,14:22,12,0,0,47TH AVE E & QUEBEC ST N,1,1,0,0,1,1,,,30,0,0,0,0,0,4,2,13
,2015_37306,0,0,10/23/2015 19:09,19:09,12,0,0,49TH AVE E & PEORIA ST N,1,3,0,0,1,1,,,40,0,0,0,0,1,4,2,14
,2015_37307,0,0,10/2/2015 9:19,9:19,3,0,0,51ST AVE E & DEEPHAVEN CT N,1,1,0,0,1,1,,,35,0,0,0,0,0,4,2,13
,2015_37308,0,0,11/7/2015 7:14,7:14,10,0,0,6TH AVE W & ELATI ST N,1,1,0,0,1,3,,,35,0,0,0,0,0,4,2,7
,2015_37309,0,0,9/3/2015 14:31,14:31,3,0,0,78TH AVE E & 24530,1,1,0,0,1,2,,,45,0,0,0,0,0,4,2,7
,2015_37310,0,0,10/28/2015 5:25,5:25,3,0,0,ALAMEDA AVE W & BROADWAY ST S,1,3,0,0,1,1,,,30,0,0,0,0,0,4,2,13
,2015_37311,0,0,8/22/2015 17:32,17:32,12,0,0,ALAMEDA AVE E & CHERRY CREEK DR S E,1,1,0,7,1,1,,,25,0,0,0,0,0,4,2,3
,2015_37312,0,0,12/13/2015 10:15,10:15,3,0,0,ALAMEDA AVE E & EMERSON ST S,2,1,0,0,1,1,,,30,0,0,0,0,0,4,2,13
,2015_37313,0,0,9/15/2015 16:22,16:22,12,0,0,ALAMEDA AVE 6800 BLK E & NEWPORT WAY S,1,1,0,0,1,1,,,30,0,0,0,0,0,4,2,13
,2015_37314,0,0,11/23/2015 20:26,20:26,15,0,0,ALAMEDA AVE W & SANTA FE DR S,1,3,0,0,1,1,,,30,0,0,0,0,0,4,2,3
,2015_37315,0,0,10/17/2015 16:54,16:54,15,0,0,ALAMEDA AVE 2300 BLK E & UNIVERSITY BLVD S,1,1,0,0,1,1,,,30,0,0,0,0,0,4,2,13
,2015_37316,0,0,9/29/2015 17:07,17:07,3,0,0,ASBURY AVE & 2300 BLK E,2,1,0,2,1,5,,,10,0,0,0,0,0,4,2,13
,2015_37317,0,0,8/27/2015 7:55,7:55,1,0,0,BATES DR E & 7443,1,2,0,0,1,2,,,30,0,0,0,0,1,4,2,2
,2015_37318,0,0,11/8/2015 12:27,12:27,15,0,0,BLAKE ST & PARKE AVE W,1,1,0,0,1,4,,,30,0,0,0,1,0,4,4,16
,2015_37319,0,0,11/20/2015 8:05,8:05,1,0,0,BRIGHTON BLVD N & 35TH ST,1,1,0,0,1,1,,,30,0,0,0,0,0,4,2,16
,2015_37320,0,0,12/11/2015 18:25,18:25,12,0,0,BROADWAY ST N & 9TH AVE W,1,3,0,0,1,1,,,30,0,0,0,0,0,4,2,14
,2015_37321,0,0,9/14/2015 23:10,23:10,12,0,0,CENTRAL PARK BLVD N & 23RD AVE E,1,3,0,0,1,1,,,30,0,0,0,0,0,4,2,13
,2015_37322,0,0,12/5/2015 10:07,10:07,10,0,0,CORONA ST & 900 BLK N,1,1,0,0,1,2,,,30,0,0,0,0,0,4,2,13
,2015_37323,0,0,9/2/2015 15:05,15:05,3,0,0,DARTMOUTH AVE W & COLGATE PL,1,1,0,0,1,1,,,25,0,0,0,0,1,4,2,3
,2015_37324,0,0,10/26/2015 15:25,15:25,3,0,0,DOWNING ST S & DAKOTA AVE E,1,1,1,0,1,1,,,25,0,0,0,0,0,4,2,13
,2015_37325,0,0,10/5/2015 5:04,5:04,3,0,2,DOWNING ST S & WARREN AVE E,1,3,0,0,1,1,,,25,0,0,0,0,3,4,2,5
,2015_37326,0,0,9/2/2015 18:06,18:06,12,0,0,EVANS AVE 4900 BLK E & GRAPE ST S,1,1,0,0,1,4,,,35,0,0,0,0,0,4,2,3
,2015_37327,0,0,8/16/2015 11:11,11:11,12,0,0,EVANS AVE 6300 BLK E & MONACO PKWY S,1,1,0,7,1,4,,,30,0,0,0,0,0,4,2,12
,2015_37328,0,0,11/14/2015 19:15,19:15,12,0,0,EVANS AVE E & MONROE ST S,1,3,0,0,1,1,,,35,0,0,0,0,0,4,2,14
,2015_37329,0,0,9/10/2015 17:15,17:15,3,0,0,EVANS AVE W & ZENOBIA ST,1,1,0,0,1,1,,,25,0,0,0,0,0,4,2,1
,2015_37330,0,0,11/19/2015 15:58,15:58,3,0,0,FAIRMOUNT DR S & SPORTS BLVD,1,1,0,0,1,1,,,30,0,0,0,0,1,4,2,7
,2015_37331,0,0,12/14/2015 8:10,8:10,3,0,0,FOX ST N & 14TH AVE W,1,1,0,0,1,1,,,25,0,0,0,0,0,4,2,8
,2015_37332,0,0,10/13/2015 7:45,7:45,3,0,0,IRVING ST S & FLOYD AVE W,1,1,1,0,1,1,,,25,0,0,0,0,1,4,2,1
,2015_37333,0,0,8/25/2015 16:25,16:25,12,0,0,JEWELL AVE 4200 W & STUART ST S,1,1,0,0,1,1,,,30,0,0,0,0,0,4,2,13
,2015_37334,0,0,8/7/2015 13:39,13:39,10,0,1,KNOX CT & 2300 BLK S,1,1,0,0,1,4,,,25,0,0,0,0,2,4,3,13
,2015_37335,0,0,10/28/2015 7:25,7:25,12,0,0,LINCOLN ST N & 7TH AVE E,1,1,0,0,1,4,,,30,0,0,0,0,0,4,2,13
,2015_37336,0,0,12/5/2015 10:40,10:40,10,0,0,LINCOLN ST N & 11TH AVE,1,1,0,0,1,1,,,30,0,0,0,0,1,4,2,8
,2015_37337,0,0,12/5/2015 19:16,19:16,15,0,0,LOGAN ST N & 18TH AVE E,1,3,0,0,1,1,,,25,0,0,0,0,0,4,2,13
,2015_37338,0,0,11/6/2015 12:30,12:30,12,0,1,LOGAN ST 300 BLK S & ALAMEDA AVE E,1,1,0,0,1,4,,,30,0,0,0,0,2,4,2,10
,2015_37339,0,0,11/17/2015 15:39,15:39,15,0,0,LOWRY BLVD E & FAIRMOUNT DR E,2,1,0,0,1,6,,,15,0,0,0,0,0,4,2,7
,2015_37340,0,0,12/23/2015 11:04,11:04,12,0,0,MISSISSIPPI AVE 8300 BLK E & VALENTIA ST S,1,1,0,0,1,4,,,40,0,0,0,0,0,4,2,1
,2015_37341,0,0,10/2/2015 14:50,14:50,3,0,0,MORRISON RD & ADA PL W,1,1,0,0,1,1,,,40,0,0,0,0,1,4,2,13
,2015_37342,0,0,8/19/2015 7:40,7:40,3,0,0,PARK AVE W & CALIFORNIA ST,1,1,0,0,1,1,,,30,0,0,0,0,0,4,2,13
,2015_37343,0,0,10/29/2015 11:57,11:57,15,0,0,PENA BLVD & 8400 BLK,1,1,1,0,1,4,,,35,0,0,0,0,0,4,2,13
,2015_37344,0,0,11/8/2015 14:13,14:13,14,0,0,PENNSYLVANIA ST N & 17TH AVE E,1,1,0,0,1,4,,,25,0,0,0,0,0,4,2,16
,2015_37345,39.787958,-104.989058,9/1/2015 5:00,5:00,12,0,1,I-25 & I-70,1,3,0,0,1,4,,,65,0,0,0,0,2,1,2,5
,2015_37346,0,0,9/2/2015 17:16,17:16,15,0,0,PEORIA ST 3800 BLK N & 39TH AVE E,1,1,0,0,1,4,,,35,0,0,0,0,0,4,2,13
,2015_37347,0,0,9/21/2015 17:05,17:05,1,0,0,PEORIA ST N & 39TH AVE E,1,1,0,0,1,1,,,35,0,0,0,0,0,4,2,13
,2015_37348,0,0,11/17/2015 11:32,11:32,1,0,0,PEORIA ST N & 45TH AVE E,1,1,1,0,1,1,,,35,0,0,0,0,0,4,2,7
,2015_37349,0,0,9/10/2015 12:31,12:31,1,0,0,PLATTE RIVER DR 2300 BLK & ILIFF AVE W,1,1,0,0,1,2,,,35,0,0,0,0,1,4,2,13
,2015_37350,0,0,11/17/2015 9:57,9:57,3,0,0,QUEBEC ST S & CHERRY CREEK DR S,6,1,0,0,1,1,,,35,0,0,0,0,0,4,2,14
,2015_37351,0,0,11/30/2015 9:19,9:19,12,0,0,QUEBEC ST N & MLK BLVD E,6,1,0,0,1,1,,,35,0,0,0,0,1,4,2,13
,2015_37352,0,0,9/17/2015 15:09,15:09,1,0,0,QUEBEC ST N & MONTVIEW BLVD E,1,1,0,0,1,1,,,35,0,0,0,0,0,4,2,3
,2015_37353,0,0,12/18/2015 16:04,16:04,12,0,0,QUEBEC ST 1100 BLK N & RICHTHOFEN PL E,5,1,0,0,1,4,,,30,0,0,0,0,0,4,2,7
,2015_37354,0,0,12/23/2015 12:58,12:58,15,0,0,QUEBEC ST N & SMITH RD E,1,1,1,0,1,4,,,45,0,0,0,0,0,4,2,1
,2015_37355,0,0,9/30/2015 8:35,8:35,10,0,0,15TH ST & 300 BLK,1,1,0,0,1,2,,,25,0,0,0,0,0,4,2,8
,2015_37356,0,0,11/21/2015 10:32,10:32,10,0,0,17TH ST & CURTIS ST,9,1,0,0,1,1,,,30,0,0,0,0,0,4,2,16
,2015_37357,0,0,12/5/2015 22:46,22:46,12,0,0,SANTA FE DR 300 BLK S & ALAMEDA AVE W,1,3,0,0,1,4,,,30,0,0,0,0,0,4,2,7
,2015_37358,0,0,12/27/2015 11:10,11:10,6,0,0,SHERMAN ST 1800 BLK N & 18TH AVE E,6,1,0,0,1,4,,,30,0,0,0,0,0,4,2,7
,2015_37359,0,0,9/18/2015 13:42,13:42,3,0,0,SPEER BLVD N & AURARIA PKWY,1,1,0,0,1,1,,,35,0,0,0,0,0,4,2,13
,2015_37360,0,0,9/7/2015 14:55,14:55,3,0,0,SPEER BLVD E & BROADWAY ST N,1,1,0,0,1,1,,,30,0,0,0,0,0,4,2,13
,2015_37361,0,0,11/5/2015 8:52,8:52,12,0,0,SPEER BLVD N & ELITCH CIR,1,1,0,0,1,4,,,35,0,0,0,0,0,4,2,14
,2015_37362,0,0,9/24/2015 16:55,16:55,12,0,0,SPEER BLVD N & WEWATTA ST,1,1,0,0,1,1,,,30,0,0,0,0,0,4,2,13
,2015_37363,0,0,8/10/2015 15:01,15:01,1,0,4,TOWER RD N & 62ND AVE E,2,1,1,1,1,1,,,40,0,0,0,0,2,4,2,13
,2015_37364,0,0,11/25/2015 14:42,14:42,12,0,0,UNIVERSITY BLVD 100 BLK N & 1ST AVE E,1,1,1,0,1,3,,,30,0,0,0,0,1,4,2,3
,2015_37365,0,0,12/3/2015 14:40,14:40,12,0,0,UNIVERSITY BLVD S & OHIO AVE E,1,1,0,0,1,1,,,30,0,0,0,0,0,4,2,13
,2015_37366,0,0,8/24/2015 10:30,10:30,12,0,0,WASHINGTON ST 4800 BLK N & 49TH AVE E,1,1,0,0,1,1,,,35,0,0,0,0,0,4,2,14
,2015_37367,0,0,8/21/2015 15:20,15:20,15,0,0,WASHINGTON ST 1300 BLK N & 14TH ST E,1,1,0,0,1,4,,,30,0,0,0,0,0,4,2,13
,2015_37368,0,0,11/6/2015 10:11,10:11,12,0,0,WESLEY AVE & 2420 W,1,1,0,0,1,2,,,25,0,0,0,0,0,4,2,13
,2015_37369,0,0,12/23/2015 10:48,10:48,3,0,0,N WYANDOT ST & 29TH AVE W,1,1,1,0,1,1,,,25,0,0,0,0,0,4,2,13
,2015_37370,0,0,9/8/2015 7:42,7:42,12,0,0,YORK ST N & COLFAX AVE E,1,1,0,0,1,3,,,25,0,0,0,0,0,4,2,14
,2015_37371,0,0,8/15/2015 22:50,22:50,6,0,0,ZUNI ST 2900 BLK N & 29TH AVE W,1,3,1,0,1,4,,,30,0,0,0,0,1,4,3,13
,2015_37451,39.738302,-104.940614,12/30/2015 13:59,13:59,12,0,0,COLORADO BLVD N & 14TH AVE E,1,1,0,0,1,3,,,35,0,0,0,0,0,2,2,13
,2015_37452,39.74372,-104.940608,11/27/2015 9:41,9:41,3,0,0,17TH AVE E & COLORADO BLVD,2,1,0,0,1,1,,,35,0,0,0,0,1,2,2,13
,2015_37457,39.72542,-105.025174,10/31/2015 14:30,14:30,10,0,0,FEDERAL BLVD N & 6TH AVE W,1,1,0,0,1,1,,,25,0,0,0,0,0,2,2,8
,2015_37477,39.65571,-104.919467,12/4/2015 13:52,13:52,12,0,0,I-25 NB ON RAMP @ METER & HAMPDEN AVE E,1,5,1,0,1,8,,,45,0,0,0,0,0,1,2,13
,2015_37478,39.678363,-104.933558,8/6/2015 10:27,10:27,15,0,0,I-25 & EVANS AVE E,1,1,0,1,1,4,,,65,0,0,0,0,0,1,2,8
,2015_37479,39.678691,-104.93384,9/3/2015 15:23,15:23,12,0,0,I-25 & EVANS AVE E,1,1,0,0,1,4,,,60,0,0,0,0,0,1,2,7
,2015_37480,39.70115,-104.987076,8/20/2015 11:24,11:24,12,0,0,BROADWAY ST S & KENTUCKY AVE E,1,1,0,0,1,4,,,35,0,0,0,0,0,1,2,3
,2015_37481,39.701251,-104.987199,9/19/2015 22:44,22:44,3,0,0,LINCOLN ST S & OHIO AVE E,1,3,0,0,1,1,,,30,0,0,0,0,0,1,2,5
,2015_37482,39.714262,-105.000757,11/20/2015 10:43,10:43,15,0,0,I-25 SB OFF RAMP & ALAMEDA AVE W,1,1,0,0,1,8,,,55,0,0,0,0,0,1,2,7
,2015_37483,39.72407,-105.011895,11/12/2015 9:50,9:50,15,0,1,I-25 & 6TH AVE W,1,1,1,0,1,4,,,55,0,0,0,0,2,1,2,16
,2015_37484,39.724909,-105.012637,10/17/2015 14:28,14:28,12,0,0,I-25 SB ON RAMP SPLIT PT & 6TH AVE W,1,1,1,0,1,8,,,55,0,0,0,0,0,1,2,13
,2015_37485,39.725247,-105.012893,10/17/2015 12:40,12:40,12,0,0,I-25 NB ON FLYOVER RAMP & 6TH AVE W,1,1,1,0,1,8,,,35,0,0,0,0,0,1,2,3
,2015_37486,39.72543,-105.013021,12/4/2015 12:44,12:44,12,0,0,I-25 & 6TH AVE W,1,1,0,0,1,4,,,55,0,0,0,0,0,1,2,12
,2015_37487,39.760997,-105.004275,12/8/2015 18:30,18:30,12,0,0,I-25 & 20TH ST,1,3,0,0,1,4,,,55,0,0,0,0,0,1,2,16
,2015_37488,39.760997,-105.004275,12/13/2015 0:22,0:22,12,0,0,I-25 & 20TH ST,2,3,0,0,1,1,,,25,0,0,0,0,0,1,2,13
,2015_37489,39.77541,-104.989225,12/19/2015 22:37,22:37,15,0,0,I-25 NB OFF RAMP & I-70 (APPROX),2,3,0,0,1,8,,,55,0,0,0,0,1,1,2,16
,2015_37500,39.711117,-105.031306,12/29/2015 19:06,19:06,12,0,0,ALAMEDA AVE W & JULIAN ST,1,3,0,0,1,1,,,35,0,0,0,0,0,2,2,1
,2015_37501,39.711147,-105.02072,8/5/2015 18:30,18:30,15,0,0,ALAMEDA AVE W & CLAY ST S,1,1,0,0,1,4,,,35,0,0,0,0,0,2,2,14
,2015_37502,39.711208,-104.998391,11/9/2015 9:00,9:00,12,0,0,KALAMATH ST S & ALAMEDA AVE W,1,1,0,0,1,1,,,35,0,0,0,0,0,2,2,16
,2015_37503,39.653093,-104.912695,12/8/2015 18:58,18:58,15,0,0,HAMPDEN AVE 6600 BLK E & MONACO PKWY S,1,3,0,0,1,4,,,40,0,0,0,0,0,2,2,1
,2015_37504,39.653084,-104.899639,12/23/2015 9:00,9:00,14,0,0,E HAMPDEN AVE 7400 BLK & S TAMARAC DR,1,1,0,0,1,2,,,40,0,0,0,0,0,2,2,13
,2015_37505,39.653025,-104.881113,12/7/2015 18:43,18:43,12,0,0,HAMPDEN AVE 9000 BLK E & AKRON ST S,1,3,0,0,1,4,,,45,0,0,0,0,1,2,2,12
,2015_37506,39.670857,-104.866047,12/29/2015 8:26,8:26,3,0,0,PARKER RD S & HAVANA ST S,1,1,0,0,1,1,,,45,0,0,0,0,0,2,2,3
,2015_37509,39.777072,-104.903411,11/16/2015 6:33,6:33,12,0,0,QUEBEC ST N & I-70 EB RAMPS,1,1,1,0,1,4,,,45,0,0,0,0,1,2,2,16
,2015_37521,39.740322,-105.053272,10/12/2015 7:05,7:05,12,0,0,SHERIDAN BLVD & COLFAX AVE W,1,2,0,0,1,3,,,40,0,0,0,0,0,2,2,3
,2015_37522,39.740349,-105.048711,9/21/2015 6:59,6:59,12,0,0,COLFAX AVE W & WOLFF ST N,1,1,0,0,1,3,,,35,0,0,0,0,0,2,2,14
,2015_37523,39.74034,-105.025195,10/30/2015 5:50,5:50,15,0,0,COLFAX AVE W & FEDERAL BLVD N,1,2,0,0,1,4,,,45,0,0,0,0,0,2,2,13
,2015_37524,39.740072,-105.005035,11/5/2015 8:55,8:55,12,0,0,COLFAX AVE W & OSAGE ST N,2,1,0,0,1,4,,,35,0,0,0,0,0,2,2,16
,2015_37525,39.740048,-104.999949,9/11/2015 11:15,11:15,15,0,0,COLFAX AVE W & KALAMATH ST N,1,1,0,0,1,1,,,35,0,0,0,0,0,2,2,14
,2015_37526,39.740515,-104.989037,11/22/2015 17:03,17:03,15,0,0,COLFAX AVE W & 15TH ST,1,2,0,0,1,4,,,25,0,0,0,0,0,2,2,1
,2015_37527,39.740013,-104.970931,12/1/2015 10:57,10:57,15,0,0,COLFAX AVE 1200 BLK E & LAFAYETTE ST N (RD N),2,1,0,0,1,4,,,35,0,0,0,0,0,2,2,13
,2015_37528,39.740142,-104.947688,12/3/2015 14:49,14:49,12,0,0,COLFAX AVE & COOK ST N (RD N),1,1,1,0,1,4,,,30,0,0,0,0,0,2,2,13
,2015_37529,39.740062,-104.938678,9/17/2015 7:15,7:15,12,0,0,COLFAX AVE E & ALBION ST N,1,1,1,0,1,4,,,35,0,0,0,0,0,2,2,2
,2015_37530,39.740079,-104.903501,10/22/2015 15:32,15:32,1,0,0,COLFAX AVE E & QUEBEC ST N,2,1,0,1,1,1,,,30,0,0,0,0,0,2,2,13
,2015_37541,39.783357,-105.034565,12/4/2015 13:16,13:16,15,0,0,I-70 & LOWELL BLVD N,1,1,1,0,1,4,,,55,0,0,0,0,0,1,2,13
,2015_37542,39.779435,-104.979009,8/18/2015 14:32,14:32,3,0,0,WASHINGTON ST N & I-70 WB RAMPS,1,1,0,0,1,1,,,35,0,0,0,0,0,1,2,13
,2015_37543,39.7783,-104.903627,10/10/2015 8:50,8:50,15,0,0,I-70 EB OFF SLIP RAMP & QUEBEC ST N,1,1,0,0,1,8,,,35,0,0,0,0,0,1,2,14
,2015_37544,39.77576,-104.867358,11/4/2015 18:09,18:09,12,0,0,I-70 & HAVANA ST N,2,3,1,1,1,4,,,55,0,0,0,0,0,1,2,16
,2015_37545,39.772909,-104.83428,11/5/2015 18:14,18:14,12,0,0,I-70 & I-225 SB ON RAMP ENT,1,3,0,0,1,4,,,55,0,0,0,0,0,1,2,16
,2015_37559,39.702594,-104.912336,9/19/2015 16:52,16:52,3,0,0,LEETSDALE DR & 6500 BLK E,1,1,1,0,1,2,,,35,0,0,0,0,0,2,2,13
,2015_37567,39.678438,-104.993322,11/10/2015 20:16,20:16,12,0,0,SANTA FE DR NB OFF RAMP & EVANS AVE W,1,3,1,0,1,2,,,30,0,0,0,0,0,2,2,13
,2015_37569,39.686374,-105.025027,12/13/2015 15:05,15:05,12,0,0,IOWA AVE W & FEDERAL BLVD S,1,1,0,0,1,2,,,35,0,0,0,0,0,2,2,3
,2015_37570,39.660489,-105.025191,11/11/2015 6:30,6:30,1,0,0,FEDERAL BLVD S & DARTMOUTH AVE W,4,2,0,2,1,1,,,35,0,0,0,0,0,2,2,1
,2015_37582,39.656175,-105.053223,10/17/2015 10:40,10:40,3,0,0,DARTMOUTH AVE W & SHERIDAN BLVD S,1,1,0,0,1,1,,,40,0,0,0,0,0,2,2,13
,2015_37583,39.656175,-105.053223,12/12/2015 11:50,11:50,12,0,0,DARTMOUTH AVE W & SHERIDAN BLVD S,2,1,0,2,1,1,,,40,0,0,0,0,0,2,2,13
,2015_37636,39.652988,-104.930468,10/31/2015 12:56,12:56,12,0,0,EUDORA ST S & HAMPDEN AVE E,1,1,0,0,1,3,,,35,0,0,0,0,0,2,2,16
,2015_37637,39.765544,-105.025174,9/14/2015 16:09,16:09,12,0,0,FEDERAL BLVD N & 35TH AVE W,1,1,1,0,1,1,,,35,0,0,0,0,0,2,2,5
,2015_37645,0,0,10/17/2015 15:09,15:09,15,0,0,ALAMEDA AVE 6500 BLK E & MONACO PKWY S,1,1,0,0,1,1,,,40,0,0,0,0,0,4,2,13
,2015_37690,0,0,2/4/2015 12:50,12:50,6,0,0,12TH AVE 400 BLK E & PENNSYLVANIA ST,2,1,0,7,1,4,,,30,0,0,0,0,0,4,2,5
,2015_37744,0,0,8/15/2015 16:37,16:37,12,0,0,1ST AVE W & STUART ST N,1,1,0,7,1,1,,,25,0,0,0,0,1,4,2,1
,2015_37745,0,0,8/26/2015 16:40,16:40,3,0,0,8TH AVE 6400 BLK E & LOCUST ST N,1,1,0,0,1,1,,,30,0,0,0,0,1,4,2,13
,2015_37746,0,0,12/18/2015 9:34,9:34,15,0,0,13TH AVE E & HARRISON ST N,2,1,0,0,1,1,,,30,0,0,0,0,0,4,2,13
,2015_37747,0,0,8/19/2015 12:30,12:30,15,0,0,17TH AVE & BROADWAY BLVD,1,1,0,0,1,1,,,25,0,0,0,0,0,4,2,13
,2015_37748,0,0,12/27/2015 8:30,8:30,10,0,0,18TH AVE 1600 BLK E & FRANKLIN ST N,1,1,0,0,1,2,,,30,0,0,0,0,0,4,2,8
,2015_37749,0,0,9/11/2015 13:30,13:30,10,0,1,20TH AVE E & WASHINGTON ST N,1,1,1,0,1,1,,,30,0,0,0,0,3,4,2,13
,2015_37750,0,0,10/16/2015 10:30,10:30,3,0,0,22ND AVE E & FRANKLIN ST N,1,1,0,0,1,1,,,30,0,0,0,0,0,4,2,1
,2015_37751,0,0,11/15/2015 13:15,13:15,3,0,0,32ND AVE W & JULIAN ST N,1,1,0,0,1,1,,,25,0,0,0,0,0,4,2,16
,2015_37752,0,0,9/8/2015 14:30,14:30,12,0,0,38TH AVE & 900 BLK W,1,1,1,0,1,3,,,30,0,0,0,0,0,4,2,3
,2015_37753,0,0,8/27/2015 21:43,21:43,1,0,0,40TH AVE E & CHAMBERS RD N,1,3,1,0,1,1,,,40,0,0,0,0,0,4,2,13
,2015_37754,0,0,12/11/2015 12:22,12:22,3,0,0,47TH AVE E & PEORIA ST N,1,1,1,0,1,1,,,40,0,0,0,0,0,4,2,14
,2015_37755,0,0,9/18/2015 15:13,15:13,3,0,0,48TH AVE W & OSAGE ST N,1,1,0,0,1,1,,,25,0,0,0,0,0,4,2,7
,2015_37756,0,0,8/21/2015 12:45,12:45,3,0,0,52ND AVE W & ZUNI ST N,1,1,0,7,1,1,,,35,0,0,0,0,0,4,2,14
,2015_37757,0,0,9/5/2015 16:30,16:30,12,0,0,56TH AVE E & PENA BLVD,1,1,0,0,1,1,,,35,0,0,0,0,0,4,2,13
,2015_37758,0,0,9/11/2015 15:08,15:08,3,0,0,ALAMEDA AVE E & FAIRMOUNT DR E,1,1,1,0,1,2,,,15,0,0,0,0,1,4,2,3
,2015_37759,0,0,12/4/2015 18:15,18:15,12,0,0,ALAMEDA AVE E & MONACO ST S,1,3,0,0,1,1,,,35,0,0,0,0,0,4,2,13
,2015_37760,0,0,11/25/2015 14:33,14:33,3,0,0,ALBROOK DR & 12300 BLK E,1,1,1,6,1,2,,,25,0,0,0,0,0,4,2,16
,2015_37761,0,0,12/18/2015 15:10,15:10,8,0,1,ARAPAHOE ST & 22ND ST,1,1,0,0,1,1,,,30,0,0,0,0,2,4,2,13
,2015_37762,0,0,10/20/2015 16:30,16:30,1,0,0,AURARIA PKWY & 9TH ST,1,1,0,0,1,1,,,40,0,0,0,0,0,4,2,13
,2015_37763,0,0,11/1/2015 2:25,2:25,12,0,0,AURARIA PKWY W & 9TH ST,1,3,0,0,1,3,,,30,0,0,0,0,0,4,2,3
,2015_37764,0,0,10/29/2015 11:30,11:30,12,0,0,BRIGHTON BLVD & 3340 N,1,1,0,0,1,4,,,35,0,0,0,0,0,4,2,13