id,drcog_id,latitude,longitude,crashtime,time,crashtype,numbkilled,numbinjurd,drcoglocat,rdconditin,lightngcon,roadcntgrd,weatherco,location,roaddescrp,schoolzone,constrzone,splimit,bikeinv,pedinv,sctrinv,motoinv,svrty,rdsystem,ttlvehcls,hcf
,2015_37766,0,0,10/20/2015 17:24,17:24,12,0,0,BROADWAY ST N & 3RD AVE W,1,1,0,0,1,1,,,30,0,0,0,0,0,4,2,13
,2015_37767,0,0,7/31/2015 8:15,8:15,10,0,0,BROADWAY ST N & 14TH AVE W,1,1,0,0,1,1,,,30,0,0,0,0,0,4,2,13
,2015_37768,0,0,12/16/2015 18:36,18:36,12,0,0,BROADWAY ST S & BAYAUD AVE W,5,3,0,2,1,1,,,35,0,0,0,0,0,4,2,13
,2015_37769,0,0,10/14/2015 16:06,16:06,3,0,0,BROADWAY ST S & EVANS AVE W,1,1,0,0,1,1,,,35,0,0,0,0,0,4,2,13
,2015_37770,0,0,12/19/2015 8:34,8:34,3,0,0,CHAMBERS RD N & BOLLING DR E,1,1,0,0,1,1,,,35,0,0,0,0,0,4,2,14
,2015_37771,0,0,9/2/2015 13:19,13:19,3,0,0,CHAMBERS RD N & GVR BLVD,1,1,0,0,1,1,,,40,0,0,0,0,1,4,2,13
,2015_37772,0,0,8/26/2015 15:18,15:18,12,0,0,CLAY ST S & FLORIDA AVE W,1,1,1,0,1,1,,,25,0,0,0,0,0,4,2,1
,2015_37773,0,0,11/17/2015 15:00,15:00,3,0,0,CORONA ST & 8TH AVE E,2,1,0,0,1,1,,,30,0,0,0,0,0,4,2,16
,2015_37774,0,0,12/21/2015 16:00,16:00,3,0,0,CRESTLINE AVE W & S WADSWORTH BLVD,1,3,0,0,1,2,,,35,0,0,0,0,0,4,2,7
,2015_37775,0,0,12/25/2015 15:19,15:19,6,0,0,29TH DR 10200 BLK E & GENEVA ST N,5,2,0,2,1,4,,,35,0,0,0,0,0,4,2,7
,2015_37776,0,0,8/29/2015 16:05,16:05,10,0,0,ELM ST 1400 BLK N & 14TH AVE E,1,1,0,0,1,1,,,30,0,0,0,0,0,4,2,13
,2015_37777,0,0,9/18/2015 8:50,8:50,3,0,1,EMERSON ST N & 14TH AVE E,1,1,0,0,1,1,,,25,0,0,0,0,3,4,2,13
,2015_37778,0,0,12/10/2015 15:14,15:14,15,0,0,EVANS AVE & 1500 BLK W,1,1,1,0,1,4,,,35,0,0,0,0,0,4,2,13
,2015_37781,0,0,11/24/2015 8:49,8:49,1,0,0,GLENARM PL & 15TH ST,1,1,0,0,1,4,,,25,0,0,0,0,1,4,2,16
,2015_37782,0,0,9/4/2015 23:30,23:30,15,0,0,GRANT ST S & SPEER BLVD E,1,3,0,0,1,1,,,30,0,0,0,0,0,4,2,1
,2015_37783,0,0,9/17/2015 6:59,6:59,1,0,0,GVR BLVD E & KITTREDGE ST N,1,1,0,0,1,1,,,40,0,0,0,0,1,4,2,13
,2015_37784,0,0,8/28/2015 16:11,16:11,12,0,0,GVR BLVD & PENA BLVD,1,1,0,0,1,3,,,35,0,0,0,0,1,4,2,13
,2015_37785,0,0,9/16/2015 17:58,17:58,12,0,0,HOLLY ST 1300 BLK S & LOUISIANA AVE E,1,1,1,0,1,4,,,30,0,0,0,0,1,4,2,13
,2015_37786,0,0,9/11/2015 9:55,9:55,1,0,0,JEWELL AVE E & HOLLY ST S,1,1,1,0,1,1,,,25,0,0,0,0,1,4,2,13
,2015_37787,0,0,9/16/2015 17:21,17:21,7,0,0,KALAMATH ST & 1500 BLK N,1,1,0,0,1,4,,,30,0,0,0,0,0,4,2,8
,2015_37788,0,0,10/23/2015 9:20,9:20,12,0,0,KALAMATH ST N & 5TH AVE W,1,1,0,0,1,1,,,30,0,0,0,0,0,4,2,13
,2015_37789,0,0,10/18/2015 10:55,10:55,12,0,0,KALAMATH ST N & 7TH AVE W,1,1,0,0,1,4,,,35,0,0,0,0,0,4,2,12
,2015_37790,0,0,8/19/2015 14:08,14:08,3,0,0,KALAMATH ST N & 38TH AVE W,1,1,1,0,1,1,,,25,0,0,0,0,0,4,2,13
,2015_37791,0,0,9/25/2015 18:10,18:10,12,0,0,KENTUCKY AVE W & RALEIGH ST S,1,1,0,0,1,1,,,25,0,0,0,0,0,4,2,13
,2015_37792,0,0,12/17/2015 8:30,8:30,12,0,0,KENYON AVE W & LOWELL BLVD S,5,1,0,0,1,1,,,35,0,0,0,0,0,4,2,13
,2015_37793,0,0,8/29/2015 14:30,14:30,3,0,0,KNOX CT S & CENTER AVE W,1,1,0,0,1,1,,,25,0,0,0,0,0,4,2,13
,2015_37794,0,0,9/17/2015 13:32,13:32,12,0,0,LINCOLN ST & 1900 BLK N,1,1,0,0,1,4,,,30,0,0,0,0,0,4,2,13
,2015_37796,0,0,9/4/2015 21:34,21:34,12,0,0,LINCOLN ST S & ALAMEDA AVE E,1,3,0,0,1,1,,,35,0,0,0,0,0,4,2,15
,2015_37797,0,0,11/20/2015 21:44,21:44,1,0,0,LINCOLN ST S & ALAMEDA AVE E,2,3,0,2,1,1,,,35,0,0,0,0,0,4,2,14
,2015_37798,0,0,10/23/2015 16:26,16:26,3,0,0,MLK BLVD & HAVANA ST N,1,1,0,0,1,1,,,35,0,0,0,0,0,4,2,8
,2015_37799,0,0,11/17/2015 17:15,17:15,1,0,0,MLK BLVD E & MONACO ST N,1,3,0,0,1,1,,,35,0,0,0,0,0,4,2,14
,2015_37800,0,0,11/18/2015 6:13,6:13,3,0,0,MLK BLVD E & QUEBEC ST N,1,1,0,0,1,1,,,35,0,0,0,0,0,4,2,3
,2015_37801,0,0,8/22/2015 16:10,16:10,3,0,0,MEADE ST S & BAYAUD AVE W,1,1,0,0,1,1,,,30,0,0,0,0,0,4,2,7
,2015_37802,0,0,8/18/2015 8:40,8:40,12,0,0,MONACO PKWY 1400 BLK N & 14TH AVE E,1,1,0,0,1,4,,,30,0,0,0,0,0,4,2,7
,2015_37803,0,0,11/5/2015 15:06,15:06,15,0,0,MONACO ST S & HAMPDEN AVE E,1,1,0,0,1,4,,,30,0,0,0,0,0,4,2,7
,2015_37804,0,0,7/30/2015 16:15,16:15,12,0,0,MONTVIEW BLVD 6500 BLK E & MONACO PKWY N,1,1,0,7,1,3,,,30,0,0,0,0,1,4,2,16
,2015_37805,0,0,10/22/2015 17:03,17:03,12,0,0,MONTVIEW BLVD E & ROSLYN ST N,2,1,0,0,1,1,,,30,0,0,0,0,0,4,2,13
,2015_37806,0,0,10/24/2015 21:35,21:35,12,0,0,NORTHFIELD BLVD E & UINTA ST N,1,3,0,0,1,1,,,35,0,0,0,0,1,4,2,13
,2015_37807,0,0,9/2/2015 9:00,9:00,12,0,0,PARK AVE WEST 1000 BLK & ARAPAHOE ST,1,1,0,0,1,4,,,30,0,0,0,0,0,4,2,13
,2015_37808,0,0,11/18/2015 18:22,18:22,1,0,1,PEORIA ST N & 51ST AVE E,1,3,1,0,1,1,,,40,0,0,0,0,2,4,2,16
,2015_37809,0,0,8/17/2015 9:26,9:26,1,0,0,11TH ST & AURARIA PKWY,1,1,0,0,1,3,,,35,0,0,0,0,0,4,2,14
,2015_37811,0,0,11/1/2015 0:56,0:56,10,0,0,14TH ST & MARKET ST,1,3,0,0,1,1,,,30,0,0,0,0,0,4,2,8
,2015_37812,0,0,11/9/2015 18:03,18:03,3,0,0,26TH ST & LARIMER ST,1,3,0,0,1,1,,,25,0,0,0,0,0,4,2,16
,2015_37813,0,0,12/5/2015 15:00,15:00,12,0,0,29TH ST & BRIGHTON BLVD,1,1,1,0,1,4,,,25,0,0,0,0,0,4,2,14
,2015_37814,0,0,8/11/2015 12:45,12:45,15,0,0,SPEER BLVD & 700 BLK N,1,1,1,0,1,4,,,30,0,0,0,0,0,4,2,13
,2015_37815,0,0,11/24/2015 7:53,7:53,10,0,0,SPEER BLVD N & CHAMPA ST,1,1,0,0,1,1,,,35,0,0,0,0,0,4,2,14
,2015_37816,0,0,9/21/2015 11:01,11:01,15,0,0,SPEER BLVD 2700 BLK N & FIRTH CT,1,1,0,0,1,1,,,35,0,0,0,0,0,4,2,14
,2015_37817,0,0,10/19/2015 22:10,22:10,3,0,0,SPEER BLVD N & LARIMER ST,1,3,0,0,1,1,,,30,0,0,0,0,0,4,2,8
,2015_37818,0,0,10/26/2015 13:35,13:35,15,0,0,STEELE ST 4000 BLK N & 41ST AVE E,1,1,0,0,1,4,,,35,0,0,0,0,0,4,2,13
,2015_37820,0,0,12/16/2015 16:51,16:51,3,0,0,TAMARAC DR S & GIRARD AVE E,5,3,0,0,1,1,,,35,0,0,0,0,0,4,2,13
,2015_37821,0,0,11/25/2015 12:42,12:42,3,0,0,TEJON ST S & VIRGINIA AVE W,1,1,0,0,1,1,,,35,0,0,0,0,0,4,2,7
,2015_37822,0,0,11/11/2015 13:05,13:05,3,0,0,TOWER RD N & GVR BLVD E,2,1,0,0,1,1,,,40,0,0,0,0,0,4,2,3
,2015_37823,0,0,8/28/2015 17:50,17:50,10,0,0,TOWER RD N & PENA BLVD,1,1,2,0,1,2,,,45,0,0,0,0,0,4,2,13
,2015_37824,0,0,9/2/2015 10:27,10:27,12,0,0,UNIVERSITY BLVD 300 BLK S & ALAMEDA AVE E,1,1,1,0,1,1,,,30,0,0,0,0,0,4,2,3
,2015_37825,0,0,12/30/2015 16:35,16:35,3,0,0,WAZEE ST 1600 BLK & 16TH ST,1,3,0,0,1,2,,,30,0,0,0,0,0,4,2,13
,2015_37826,0,0,11/30/2015 8:00,8:00,5,0,0,MORRISON RD & 4200 BLK W,1,1,0,0,3,4,,,35,0,0,0,0,0,4,1,13
,2015_37827,0,0,10/30/2015 8:25,8:25,12,0,0,YALE AVE E & HARRISON ST S,1,1,0,1,1,3,,,25,0,0,0,0,0,4,2,12
,2015_37828,0,0,10/13/2015 6:56,6:56,12,0,0,YORK ST 2000 BLK N & 21ST AVE E,1,1,1,0,1,4,,,25,0,0,0,0,0,4,2,2
,2015_37916,39.652949,-104.940686,10/30/2015 22:58,22:58,1,0,0,COLORADO BLVD S & HAMPDEN AVE E,1,3,0,0,1,1,,,35,0,0,0,0,0,2,2,16
,2015_37919,39.738749,-104.940614,11/20/2015 7:35,7:35,15,0,0,COLORADO BLVD & 1400 BLK N,1,1,0,0,1,4,,,35,0,0,0,0,0,2,2,7
,2015_37920,39.772893,-104.940506,12/21/2015 13:00,13:00,12,0,0,40TH AVE E & COLORADO BLVD N,1,1,0,0,1,1,,,30,0,0,0,0,0,2,2,14
,2015_37924,39.725457,-105.032462,9/10/2015 12:01,12:01,12,0,0,6TH AVE W & KNOX CT N,1,1,1,0,1,1,,,30,0,0,0,0,1,2,2,12
,2015_37925,39.725188,-105.018614,9/15/2015 12:07,12:07,15,0,0,6TH AVE & BRYANT ST N,1,1,0,0,1,1,,,45,0,0,0,0,0,2,2,7
,2015_37947,39.623999,-104.901521,11/29/2015 18:54,18:54,12,0,0,I-25 SB OFF RAMP & BELLEVIEW AVE E,4,3,1,2,1,8,,,25,0,0,0,0,0,1,2,7
,2015_37948,39.634235,-104.90683,11/17/2015 6:20,6:20,5,0,0,I-25 & I-225 FLYOVER,6,3,0,2,2,4,,,65,0,0,0,0,0,1,2,7
,2015_37949,39.666464,-104.924769,12/10/2015 18:36,18:36,15,0,0,I-25 NB OFF RAMP & YALE AVE E,1,3,0,0,1,8,,,45,0,0,0,0,0,1,2,13
,2015_37950,39.680955,-104.935997,9/18/2015 17:34,17:34,12,0,0,I-25 & EVANS AVE E,1,2,0,0,1,4,,,60,0,0,0,0,0,1,2,13
,2015_37951,39.684903,-104.954401,10/30/2015 17:22,17:22,12,0,0,I-25 & UNIVERSITY BLVD S,1,1,1,0,1,4,,,60,0,0,0,0,1,1,2,16
,2015_37952,39.690017,-104.973363,9/25/2015 16:52,16:52,12,0,0,I-25 & DOWNING ST S,1,1,0,0,1,4,,,60,0,0,0,0,0,1,2,14
,2015_37953,39.690017,-104.973363,10/27/2015 8:40,8:40,3,0,0,DOWNING ST S & I-25 NB OFF RAMP,1,1,1,0,1,3,,,30,0,0,0,0,0,1,2,16
,2015_37954,39.701452,-104.987435,11/3/2015 12:30,12:30,15,0,0,I-25 & BROADWAY S,1,1,1,0,1,1,,,55,0,0,0,0,0,1,2,1
,2015_37955,39.71124,-104.998918,11/23/2015 12:30,12:30,15,0,0,I-25 & ALAMEDA AVE W,1,1,1,0,1,4,,,55,0,0,0,0,0,1,2,16
,2015_37956,39.716632,-105.002684,8/27/2015 13:58,13:58,15,0,0,I-25 & ELLSWORTH AVE W (NOT,1,1,0,0,1,4,,,55,0,0,0,0,0,1,2,14
,2015_37957,39.723032,-105.010692,12/29/2015 7:34,7:34,15,0,0,I-25 & 6TH AVE W NB RAMP ENT,1,1,0,0,1,4,,,55,0,0,0,0,0,1,2,13
,2015_37958,39.72599,-105.013409,9/21/2015 8:23,8:23,15,0,0,I-25 NB OFF LOOP RAMP & 6TH AVE W,1,1,1,0,1,8,,,40,0,0,0,0,0,1,2,13
,2015_37959,39.729014,-105.014706,12/8/2015 11:49,11:49,12,0,0,I-25 & 6TH AVE W,1,1,1,0,1,4,,,55,0,0,0,0,0,1,2,3
,2015_37960,39.729334,-105.014821,8/21/2015 11:06,11:06,1,0,0,8TH AVE W & WYANDOT ST N,1,1,0,0,1,1,,,30,0,0,0,0,0,1,2,13
,2015_37961,39.74035,-105.013939,9/16/2015 13:55,13:55,12,0,0,I-25 & COLFAX AVE W,1,1,0,0,1,4,,,55,0,0,0,0,0,1,2,16
,2015_37963,39.760997,-105.004275,9/9/2015 16:04,16:04,12,0,0,I-25 & 20TH ST,1,1,1,0,1,4,,,55,0,0,0,0,0,1,2,13
,2015_37964,39.779391,-104.989165,12/9/2015 6:45,6:45,12,0,0,I-25 & I-70,1,2,0,0,1,4,,,55,0,0,0,0,0,1,2,1
,2015_37976,39.711137,-105.018148,9/23/2015 21:10,21:10,3,0,0,ALAMEDA AVE W & BRYANT ST S,1,3,0,0,1,1,,,35,0,0,0,0,1,2,2,1
,2015_37977,39.711208,-104.998391,11/14/2015 9:14,9:14,12,0,0,ALAMEDA AVE W & KALAMATH ST S,1,1,0,0,1,4,,,35,0,0,0,0,0,2,2,13
,2015_37978,39.653077,-104.90904,9/9/2015 8:41,8:41,12,0,0,HAMPDEN AVE 6900 BLK E & ONEIDA WAY S,1,1,0,0,1,1,,,40,0,0,0,0,0,2,2,13
,2015_37979,39.65302,-104.875567,12/10/2015 18:15,18:15,3,0,0,DAYTON ST S & HAMPDEN AVE E,1,3,0,0,1,1,,,30,0,0,0,0,0,2,2,14
,2015_37980,39.65334,-104.868937,10/20/2015 20:35,20:35,15,0,0,HAMPDEN AVE E & GALENA ST S,1,3,0,0,1,4,,,40,0,0,0,0,1,2,2,13
,2015_37981,39.667529,-104.866133,8/27/2015 8:35,8:35,12,0,0,HAVANA ST S & YALE AVE E,1,1,0,0,1,1,,,40,0,0,0,0,0,2,2,3
,2015_37982,39.670857,-104.866047,9/20/2015 13:04,13:04,12,0,0,HAVANA ST S & PARKER RD S,1,1,0,0,1,1,,,40,0,0,0,0,0,2,2,13
,2015_38002,39.740322,-105.053272,12/14/2015 7:48,7:48,12,0,0,COLFAX AVE W & SHERIDAN BLVD N,1,1,0,0,1,1,,,35,0,0,0,0,0,2,2,14
,2015_38003,39.740322,-105.053272,12/21/2015 17:27,17:27,15,0,0,SHERIDAN BLVD & COLFAX AVE W,1,3,1,0,1,1,,,40,0,0,0,0,0,2,2,1
,2015_38004,39.74036,-105.050969,10/1/2015 12:30,12:30,15,0,0,COLFAX AVE W & YATES ST,1,1,0,0,1,1,,,35,0,0,0,0,0,2,2,14
,2015_38005,39.740354,-105.049796,11/16/2015 13:36,13:36,15,0,0,COLFAX AVE & 4900 BLK W  (MM APPROX),1,1,1,0,1,4,,,30,0,0,0,0,0,2,2,16
,2015_38006,39.740341,-105.0393,12/16/2015 11:05,11:05,12,0,0,COLFAX AVE W & PERRY ST N,5,1,0,2,1,1,,,35,0,0,0,0,0,2,2,14
,2015_38007,39.740082,-105.005223,9/10/2015 9:27,9:27,1,0,0,COLFAX AVE W & OSAGE ST N,1,1,0,0,1,1,,,35,0,0,0,0,0,2,2,13
,2015_38008,39.740025,-104.998126,11/12/2015 21:45,21:45,3,0,0,COLFAX AVE W & SPEER BLVD NB,1,3,0,0,1,1,,,30,0,0,0,0,0,2,2,12
,2015_38009,39.740057,-104.933752,10/10/2015 19:45,19:45,1,0,0,COLFAX AVE E & CHERRY ST,1,1,0,0,1,1,,,35,0,0,0,0,0,2,2,13
,2015_38010,39.740063,-104.929838,11/3/2015 14:20,14:20,12,0,0,COLFAX AVE & ELM ST,1,1,0,0,1,3,,,35,0,0,0,0,0,2,2,14
,2015_38011,39.740082,-104.910294,9/4/2015 16:03,16:03,12,0,0,COLFAX AVE 6700 BLK E & NIAGARA ST N,1,1,0,0,1,3,,,35,0,0,0,0,0,2,2,7
,2015_38023,39.780052,-104.989434,11/27/2015 8:43,8:43,15,0,0,I-70 & I-25,5,1,1,2,1,4,,,55,0,0,0,0,0,1,2,13
,2015_38024,39.779895,-104.967089,11/5/2015 23:00,23:00,15,0,0,I-70 & BRIGHTON BLVD N,1,3,0,0,1,4,,,55,0,0,0,0,0,1,2,1
,2015_38025,39.780014,-104.959201,10/22/2015 18:47,18:47,15,0,0,I-70 & YORK ST N,2,3,0,0,1,4,,,55,0,0,0,0,0,1,2,13
,2015_38026,39.778341,-104.92238,9/8/2015 11:55,11:55,5,0,0,I-70 & HOLLY ST N,1,1,0,0,1,4,,,55,0,0,0,0,0,1,1,13
,2015_38027,39.7783,-104.903459,8/23/2015 15:04,15:04,12,0,0,NORTHFIELD QUEBEC ST N & I-70,1,1,0,0,1,4,,,35,0,0,0,0,0,1,2,14
,2015_38028,39.7783,-104.903459,12/16/2015 12:25,12:25,12,0,0,I-70 & QUEBEC ST N,2,1,0,0,1,3,,,55,0,0,0,0,1,1,2,1
,2015_38029,39.777095,-104.882471,11/13/2015 17:04,17:04,1,0,1,CENTRAL PARK BLVD N & I-70 EB ON RAMP,1,3,1,0,1,1,,,30,0,0,0,0,2,1,2,3
,2015_38030,39.775775,-104.867533,8/19/2015 10:34,10:34,15,0,0,I-70 & HAVANA ST N,1,1,0,0,1,4,,,55,0,0,0,0,0,1,2,13
,2015_38031,39.774068,-104.847761,11/19/2015 8:15,8:15,12,0,0,I-70 EB OFF SLIP RAMP & PEORIA ST N,1,1,0,0,1,8,,,35,0,0,0,0,0,1,2,13
,2015_38032,39.774021,-104.847216,11/2/2015 6:25,6:25,12,0,0,I-70 WB ON RAMP & PEORIA ST N,1,1,0,0,1,8,,,55,0,0,0,0,0,1,2,1
,2015_38033,39.774005,-104.847034,8/4/2015 7:13,7:13,12,0,0,I-70 & PEORIA ST N,1,1,0,0,1,4,,,55,0,0,0,0,0,1,2,13
,2015_38034,39.774005,-104.847034,8/26/2015 16:41,16:41,15,0,0,PEORIA ST N & I-70,1,1,0,0,1,1,,,35,0,0,0,0,0,1,2,13
,2015_38035,39.773558,-104.841776,12/9/2015 16:33,16:33,12,0,0,I-70 WB ON LOOP RAMP & I-225,1,3,1,0,1,8,,,55,0,0,0,0,0,1,2,16
,2015_38052,39.707347,-104.922286,12/3/2015 14:35,14:35,15,0,0,LEETSDALE DR & HOLLY ST S,1,1,0,0,1,1,,,35,0,0,0,0,0,2,2,13
,2015_38059,39.694674,-104.992468,8/21/2015 9:35,9:35,12,0,0,SANTA FE DR 1200 BLK S & ARIZONA AVE W,1,1,0,0,1,3,,,45,0,0,0,0,0,2,2,13
,2015_38063,39.721946,-105.025207,11/23/2015 17:58,17:58,12,0,0,FEDERAL BLVD N & 4TH AVE W,1,3,0,0,1,3,,,35,0,0,0,0,0,2,2,5
,2015_38076,39.663173,-105.053234,12/23/2015 18:05,18:05,12,0,0,SHERIDAN BLVD S & BATES AVE W,1,3,0,0,1,4,,,40,0,0,0,0,0,2,2,3
,2015_38077,39.682241,-105.053199,9/18/2015 20:32,20:32,1,0,0,SHERIDAN BLVD S & JEWELL AVE W,1,3,0,0,1,1,,,40,0,0,0,0,0,2,2,3
,2015_38078,39.682241,-105.053199,12/3/2015 18:00,18:00,3,0,0,SHERIDAN BLVD S & JEWELL AVE W,1,2,0,0,1,1,,,35,0,0,0,0,0,2,2,13
,2015_38079,39.682397,-105.053192,11/12/2015 8:03,8:03,12,0,0,SHERIDAN BLVD S & JEWELL AVE W,1,1,0,0,1,4,,,40,0,0,0,0,0,2,2,13
,2015_38119,39.635523,-104.89346,11/20/2015 19:55,19:55,1,0,0,DTC BLVD S & I-225 EB RAMPS,10,3,0,2,1,1,,,35,0,0,0,0,0,1,2,13
,2015_38120,39.640036,-104.883546,10/14/2015 17:20,17:20,15,0,0,I-225 & YOSEMITE ST S,1,1,0,0,1,4,,,65,0,0,0,0,0,1,2,14
,2015_38130,0,0,1/24/2015 19:26,19:26,11,0,0,7TH AVE 3700 BLK & GARFIELD ST N,1,3,0,0,1,1,,,30,0,1,0,0,0,4,2,13
,2015_38136,39.652982,-104.918617,8/20/2015 9:30,9:30,12,0,0,HAMPDEN AVE E & I-25,1,1,0,0,1,4,,,40,0,0,0,0,0,2,2,13
,2015_38162,0,0,8/5/2015 13:23,13:23,12,0,0,20TH ST & 2000 BLK,1,1,0,0,1,4,,,35,0,0,0,0,0,4,2,3
,2015_38251,0,0,11/11/2015 15:24,15:24,3,0,1,1ST AVE W & CHEROKEE ST N,1,1,0,0,1,1,,,25,0,0,0,0,2,4,2,13
,2015_38252,0,0,11/16/2015 13:43,13:43,12,0,0,1ST AVE E & GILPIN ST N,1,1,0,0,1,4,,,30,0,0,0,0,0,4,2,16
,2015_38253,0,0,11/7/2015 18:00,18:00,1,0,0,2ND AVE W & CLAY ST N,1,3,0,0,1,1,,,25,0,0,0,0,0,4,2,3
,2015_38254,39.693991,-105.025046,8/19/2015 19:49,19:49,12,0,0,FEDERAL BLVD S & LOUISIANA AVE W,1,1,0,0,1,4,,,35,0,0,0,0,0,2,4,5
,2015_38256,0,0,8/18/2015 14:57,14:57,12,0,0,8TH AVE & 1200 BLK W,1,1,1,0,1,4,,,30,0,0,0,0,0,4,2,13
,2015_38257,0,0,11/25/2015 9:57,9:57,3,0,0,8TH AVE W & ALBION ST N,1,1,0,0,1,1,,,,0,0,0,0,0,4,2,16
,2015_38258,0,0,8/31/2015 16:56,16:56,1,0,0,8TH AVE W & LIPAN ST N,1,1,0,0,1,5,,,30,0,0,0,0,0,4,2,8
,2015_38259,0,0,10/24/2015 9:42,9:42,3,0,0,8TH AVE E & MONACO PKWY N,1,1,0,0,1,1,,,30,0,0,0,0,1,4,2,13
,2015_38260,0,0,8/24/2015 16:34,16:34,3,0,0,8TH AVE E & MONACO PKWY N,1,1,1,0,1,1,,,30,0,0,0,0,0,4,2,13
,2015_38261,0,0,12/23/2015 14:48,14:48,12,0,0,9TH AVE W & 2000 BLK,2,1,1,0,1,4,,,25,0,0,0,0,0,4,2,13
,2015_38263,39.719706,-105.025188,7/23/2015 16:37,16:37,12,0,0,FEDERAL BLVD N & 2ND AVE W,1,1,0,1,1,1,,,35,0,0,0,0,0,2,3,7
,2015_38264,39.777095,-104.882471,11/2/2015 12:47,12:47,9,0,0,I-70 & CENTRAL PARK BLVD N,1,1,0,0,1,4,,,55,0,0,0,0,1,1,3,16
,2015_38265,0,0,9/1/2015 17:07,17:07,15,0,0,13TH AVE E & BIRCH ST N,1,1,0,0,1,4,,,30,0,0,0,0,0,4,2,13
,2015_38266,0,0,9/23/2015 8:45,8:45,3,0,0,13TH AVE W & CHEROKEE ST N,1,1,0,0,1,1,,,30,0,0,0,0,0,4,2,16
,2015_38267,0,0,8/18/2015 16:24,16:24,3,0,0,13TH AVE E & CLERMONT ST N,1,1,0,7,1,1,,,30,0,0,0,0,0,4,2,16
,2015_38268,0,0,9/19/2015 17:52,17:52,10,0,0,13TH AVE E & GILPIN ST N,1,1,0,0,1,1,,,30,0,0,0,0,0,4,2,8
,2015_38269,39.696625,-104.940562,9/29/2015 15:52,15:52,12,0,0,COLORADO BLVD & 1100 BLK S,1,1,0,0,1,4,,,35,0,0,0,0,0,2,3,16
,2015_38270,39.754512,-104.940549,10/14/2015 12:23,12:23,14,0,0,COLORADO BLVD N & 26TH AVE E,1,1,0,0,1,4,,,35,0,0,0,0,1,2,3,14
,2015_38274,0,0,9/5/2015 15:10,15:10,3,0,0,13TH AVE E & WASHINGTON ST N,1,1,0,0,1,1,,,30,0,0,0,0,0,4,2,13
,2015_38278,0,0,11/5/2015 14:45,14:45,15,0,0,14TH AVE E & LINCOLN ST N,1,1,0,0,1,4,,,30,0,0,0,0,0,4,2,16
,2015_38279,0,0,10/24/2015 17:13,17:13,3,0,0,14TH AVE E & XANTHIA ST N,1,1,0,0,1,1,,,30,0,0,0,0,0,4,2,3
,2015_38280,0,0,8/19/2015 14:15,14:15,10,0,0,16TH AVE E & DOWNING ST N,1,1,0,0,1,1,,,30,0,0,0,0,0,4,2,13
,2015_38281,0,0,9/11/2015 11:35,11:35,3,0,0,17TH AVE & WASHINGTON ST,1,1,1,0,1,1,,,30,0,0,0,0,0,4,2,13
,2015_38284,0,0,8/30/2015 21:07,21:07,3,0,0,18TH AVE E & HIGH ST N,1,3,0,0,1,1,,,30,0,0,0,0,0,4,2,8
,2015_38285,0,0,12/4/2015 18:46,18:46,12,0,0,32ND AVE W & FEDERAL BLVD N,1,3,0,0,1,4,,,25,0,0,0,0,0,4,3,5
,2015_38286,0,0,12/15/2015 14:25,14:25,3,0,0,35TH AVE E & CENTRAL PARK BLVD N,4,1,0,2,1,1,,,30,0,0,0,0,0,4,2,14
,2015_38287,0,0,10/1/2015 7:25,7:25,3,0,0,36TH AVE E & LAWRENCE ST,1,1,1,0,1,1,,,30,0,0,0,0,1,4,2,7
,2015_38288,0,0,10/5/2015 14:26,14:26,1,0,0,36TH AVE E & QUEBEC ST N,1,1,1,0,1,1,,,30,0,0,0,0,0,4,2,13
,2015_38289,0,0,12/1/2015 8:46,8:46,3,0,0,37TH AVE W & PERRY ST N,5,1,0,0,1,1,,,30,0,0,0,0,1,4,2,14
,2015_38290,39.695091,-104.992448,6/25/2015 7:00,7:00,15,0,0,SANTA FE DR S & ARIZONA AVE W,1,1,0,0,1,4,,,45,0,0,0,0,0,2,2,13
,2015_38292,0,0,11/28/2015 21:51,21:51,6,0,0,ZENOBIA ST & 2800 BLK N,6,3,1,7,1,4,,,30,0,0,0,0,0,4,2,16
,2015_38293,0,0,10/20/2015 8:13,8:13,12,0,0,38TH AVE W & GROVE ST N,1,1,0,0,1,1,,,35,0,0,0,0,0,4,2,14
,2015_38294,0,0,8/25/2015 20:37,20:37,1,0,0,40TH AVE E & AIRPORT BLVD,1,3,0,0,1,1,,,40,0,0,0,0,0,4,2,13
,2015_38295,0,0,8/6/2015 8:14,8:14,6,0,0,FAIRMOUNT DR 8500 BLK E & VALENTIA ST S,1,1,0,7,1,4,,,30,0,0,0,0,0,4,2,16
,2015_38304,0,0,12/2/2015 16:34,16:34,1,0,0,40TH AVE E & AIRPORT BLVD N,1,1,0,0,1,1,,,35,0,0,0,0,0,4,2,13
,2015_38305,0,0,9/10/2015 10:25,10:25,3,0,0,40TH AVE E & ANDREWS WY N,1,1,0,0,1,1,,,40,0,0,0,0,0,4,2,7
,2015_38306,0,0,11/12/2015 13:15,13:15,15,0,0,45TH AVE & 10800 E,1,1,0,0,1,2,,,35,0,0,0,0,0,4,2,14