id,drcog_id,latitude,longitude,crashtime,time,crashtype,numbkilled,numbinjurd,drcoglocat,rdconditin,lightngcon,roadcntgrd,weatherco,location,roaddescrp,schoolzone,constrzone,splimit,bikeinv,pedinv,sctrinv,motoinv,svrty,rdsystem,ttlvehcls,hcf
,2015_38307,39.731186,-105.025182,9/30/2015 20:25,20:25,12,0,0,9TH AVE W & FEDERAL BLVD N,1,3,0,0,1,1,,,35,0,0,0,0,0,2,2,13
,2015_38310,0,0,8/24/2015 10:34,10:34,1,0,1,47TH AVE E & HAVANA ST N,1,1,1,0,1,1,,,35,0,0,0,0,2,4,2,7
,2015_38311,0,0,8/20/2015 8:09,8:09,6,0,0,54TH AVE E & HAVANA ST N,1,1,0,0,1,1,,,35,0,0,0,0,0,4,2,3
,2015_38312,0,0,12/16/2015 9:01,9:01,12,0,0,80TH AVE E & HARRY COMBS ST,1,1,0,0,1,4,,,25,0,0,0,0,0,4,2,1
,2015_38313,0,0,11/14/2015 7:50,7:50,12,0,0,ALAMEDA AVE E & FAIRMOUNT AVE E,1,5,0,0,1,1,,,35,0,0,0,0,0,4,2,13
,2015_38318,0,0,10/18/2015 17:43,17:43,1,0,0,ALAMEDA AVE W & SANTA FE DR S,1,1,0,0,1,1,,,25,0,0,0,0,1,4,2,13
,2015_38319,0,0,12/4/2015 13:35,13:35,12,0,0,ALAMEDA AVE E & SHERMAN ST S,1,1,0,0,1,1,,,30,0,0,0,0,0,4,2,13
,2015_38320,39.703863,-104.940623,9/18/2015 19:17,19:17,12,0,0,EXPOSTION AVE E & COLORADO BLVD S,1,3,0,0,1,1,,,35,0,0,0,0,0,2,2,13
,2015_38321,39.677045,-105.025053,9/1/2015 15:53,15:53,3,0,3,FEDERAL BLVD S & WARREN AVE W,1,1,0,0,1,2,,,40,0,0,0,0,2,2,2,8
,2015_38323,39.684947,-105.025012,7/18/2015 17:15,17:15,12,0,0,FEDERAL BLVD S & COLORADO AVE W,1,1,0,0,1,4,,,35,0,0,0,0,0,2,2,13
,2015_38324,0,0,9/3/2015 22:22,22:22,15,0,0,ARAPAHOE ST 1200 BLK & SPEER BLVD N,1,3,1,0,1,4,,,30,0,0,0,0,0,4,2,13
,2015_38325,0,0,9/9/2015 15:05,15:05,1,0,0,BAILS PL W & IRVING ST S,1,1,0,0,1,2,,,25,0,0,0,0,0,4,2,7
,2015_38326,0,0,8/28/2015 16:37,16:37,3,0,0,OHIO AVE & 4100 BLK E,1,1,0,0,1,1,,,25,0,0,0,0,1,4,2,13
,2015_38328,0,0,8/22/2015 4:30,4:30,5,0,0,26TH AVE E & QUEBEC ST N,1,3,0,0,3,1,,,,0,0,0,0,0,4,1,14
,2015_38329,0,0,9/1/2015 14:15,14:15,3,0,0,BAYAUD AVE W & RARITAN ST S,1,1,0,0,1,1,,,25,0,0,0,0,1,4,2,3
,2015_38330,0,0,12/12/2015 14:54,14:54,12,0,0,BELLEVIEW AVE W & DUDLEY ST S,4,1,0,2,1,1,,,35,0,0,0,0,1,4,2,14
,2015_38331,0,0,9/23/2015 14:06,14:06,10,0,0,BIRCH ST 2100 BLK S & WARREN AVE E,1,1,0,0,1,2,,,25,0,0,0,0,0,4,2,3
,2015_38332,0,0,9/23/2015 15:20,15:20,12,0,0,BROADWAY ST 200 BLK N & 2ND AVE W,1,1,0,0,1,4,,,30,0,0,0,0,1,4,2,3
,2015_38333,0,0,7/6/2015 21:26,21:26,6,0,0,XANTHIA ST 1900 BLK N & MONTVIEW BLVD E,1,3,0,7,1,4,,,25,0,0,0,0,0,4,2,14
,2015_38334,0,0,11/28/2015 22:21,22:21,15,0,0,BROADWAY ST N & 18TH AVE E,1,3,0,0,1,1,,,35,0,0,0,0,0,4,2,13
,2015_38335,39.7783,-104.903459,8/17/2015 8:38,8:38,5,0,0,NORTHFIELD QUEBEC ST N & I-70,1,1,0,0,2,4,,,55,0,0,0,0,1,1,1,1
,2015_38336,0,0,8/18/2015 12:35,12:35,6,0,0,27TH ST & 1400 BLK E,1,1,0,0,1,4,,,25,0,0,0,0,0,4,2,13
,2015_38338,0,0,8/28/2015 16:50,16:50,10,0,0,BROADWAY ST S & ARIZONA AVE E,1,1,0,0,1,1,,,35,0,0,0,0,0,4,2,3
,2015_38339,0,0,11/21/2015 22:47,22:47,6,0,0,CLARKSON ST 1500 BLK N & COLFAX AVE E,1,3,0,7,1,4,,,25,0,0,0,0,0,4,2,6
,2015_38340,0,0,1/2/2015 11:37,11:37,12,0,0,COLUMBINE ST 300 BLK N & 2ND AVE E,1,1,0,0,1,4,,,25,0,0,0,0,0,4,2,13
,2015_38341,0,0,9/15/2015 13:06,13:06,3,0,0,ELATI ST N & 40TH AVE W,1,1,1,0,1,1,,,25,0,0,0,0,0,4,2,13
,2015_38342,0,0,9/11/2015 14:56,14:56,3,0,0,ELIOT ST N & 26TH AVE W,1,1,1,0,1,1,,,30,0,0,0,0,0,4,2,13
,2015_38350,39.667529,-104.866133,8/27/2015 7:57,7:57,1,0,1,HAVANA ST S & YALE AVE E,1,1,0,0,1,1,,,40,0,0,0,0,3,2,3,13
,2015_38351,0,0,12/9/2015 17:14,17:14,15,0,0,EVANS AVE 4000 BLK E & COLORADO BLVD S,1,3,0,0,1,3,,,35,0,0,0,0,0,4,2,13
,2015_38352,0,0,10/12/2015 12:46,12:46,3,0,0,EVANS AVE 6300 BLK E & LEYDEN ST S,1,1,0,0,1,2,,,30,0,0,0,0,0,4,2,1
,2015_38353,0,0,10/8/2015 15:30,15:30,12,0,0,EXPOSITION AVE & 7200 BLK E,1,1,0,0,1,4,,,25,0,0,0,0,0,4,2,13
,2015_38354,0,0,11/20/2015 7:14,7:14,15,0,0,FLORIDA AVE & 3000 BLK W,1,1,0,0,1,4,,,30,0,0,0,0,0,4,2,16
,2015_38355,0,0,11/5/2015 9:05,9:05,3,0,0,FLOYD AVE E & MONACO ST S,2,1,0,0,1,1,,,35,0,0,0,0,0,4,2,16
,2015_38356,0,0,11/6/2015 6:24,6:24,15,0,1,GRANT ST 1100 BLK N & 11TH AVE,1,2,0,0,1,4,,,30,0,0,0,0,2,4,3,13
,2015_38357,39.693248,-105.025038,7/20/2015 14:24,14:24,12,0,0,FEDERAL BLVD S & LOUISIANA AVE W,1,1,0,0,1,4,,,40,0,0,0,0,0,2,3,13
,2015_38360,0,0,9/16/2015 17:15,17:15,12,0,0,GRANT ST 1700 BLK N & 17TH AVE E,1,2,0,0,1,2,,,5,0,0,0,0,0,4,2,13
,2015_38362,0,0,9/22/2015 17:08,17:08,3,0,0,GRANT ST S & IOWA AVE E,1,1,0,0,1,1,,,25,0,0,0,0,0,4,2,3
,2015_38363,0,0,8/27/2015 17:08,17:08,12,0,0,GVR BLVD 1 & MEMPHIS ST N,2,1,0,0,1,4,,,25,0,0,0,0,0,4,2,13
,2015_38364,39.722946,-105.010571,12/13/2015 1:52,1:52,12,0,4,I-25 & 6TH AVE W,2,3,0,0,1,4,,,55,0,0,0,0,3,1,3,5
,2015_38365,39.736111,-105.014316,9/2/2015 22:05,22:05,12,0,0,I-25 & MM 210,1,3,0,0,1,4,,,55,0,0,0,0,0,1,5,8
,2015_38367,0,0,8/16/2015 18:11,18:11,15,0,0,17TH ST 1000 BLK & ARAPAHOE ST,1,1,0,0,1,4,,,30,0,0,0,0,0,4,2,13
,2015_38368,0,0,9/9/2015 17:30,17:30,3,0,0,GVR BLVD E & YAMPA ST N,1,1,0,0,1,3,,,35,0,0,0,0,0,4,2,13
,2015_38369,0,0,10/2/2015 11:20,11:20,12,0,0,IOWA AVE W & ACOMA ST S,1,1,1,0,1,4,,,30,0,0,0,0,0,4,2,13
,2015_38370,0,0,9/3/2015 13:30,13:30,1,0,0,PARK AVE W & BROADWAY,1,1,1,0,1,1,,,30,0,0,0,0,1,4,2,13
,2015_38372,0,0,9/9/2015 16:16,16:16,12,0,0,LINCOLN ST 300 BLK S & ALAMEDA AVE E,1,1,0,0,1,3,,,30,0,0,0,0,0,4,2,3
,2015_38373,0,0,10/28/2015 8:30,8:30,10,0,0,LOGAN ST & 13TH AVE,1,1,0,0,1,1,,,30,0,0,0,0,0,4,2,13
,2015_38374,0,0,12/10/2015 14:23,14:23,12,0,0,MISSISSIPPI AVE 300 BLK W & SANTA FE DR S,1,1,0,0,1,4,,,30,0,0,0,0,1,4,2,3
,2015_38375,0,0,8/27/2015 12:41,12:41,15,0,0,MONACO PKWY 3200 BLK S & FLOYD AVE E,1,1,0,0,1,1,,,35,0,0,0,0,0,4,2,13
,2015_38376,0,0,10/19/2015 16:55,16:55,3,0,0,PARK AVE W & MARION ST N,1,1,0,0,1,1,,,25,0,0,0,0,0,4,2,13
,2015_38377,0,0,10/2/2015 13:00,13:00,15,0,0,PENNSYLVANIA ST N & 18TH AVE E,1,1,0,0,1,1,,,30,0,0,0,0,0,4,2,13
,2015_38378,39.7783,-104.903459,12/30/2015 16:00,16:00,15,0,0,I-70 & QUEBEC ST N,1,1,0,0,1,4,,,55,0,0,0,0,0,1,2,13
,2015_38379,0,0,10/31/2015 12:59,12:59,14,0,0,23RD AVE E & MONACO ST N,1,1,0,0,1,1,,,30,0,0,0,0,1,4,2,10
,2015_38380,0,0,11/4/2015 16:16,16:16,1,0,0,PEORIA ST N & 39TH AVE E,1,1,0,0,1,1,,,35,0,0,0,0,0,4,2,16
,2015_38381,0,0,8/31/2015 10:40,10:40,12,0,1,PEORIA ST N & 47TH AVE E,1,1,0,0,1,1,,,40,0,0,0,0,3,4,2,14
,2015_38382,0,0,12/16/2015 13:37,13:37,3,0,0,QUEBEC ST S & MISSISSIPPI AVE E,2,1,0,0,1,1,,,35,0,0,0,0,0,4,2,2
,2015_38383,0,0,8/28/2015 15:19,15:19,12,0,0,QUEBEC ST 4200 BLK N & SANDOWN RD,1,1,0,0,1,3,,,30,0,0,0,0,0,4,2,13
,2015_38384,0,0,11/21/2015 15:11,15:11,3,0,0,ROSLYN ST N & 29TH PL E,1,2,0,0,1,1,,,20,0,0,0,0,0,4,2,3
,2015_38385,0,0,7/26/2015 14:38,14:38,12,0,0,22ND ST 1400 BLK & MARKET ST,1,1,1,0,1,3,,,30,0,0,0,0,0,4,2,13
,2015_38386,39.780052,-104.989434,12/3/2015 12:47,12:47,15,0,0,I-70 & I-25,1,1,0,0,1,4,,,55,0,0,0,0,0,1,2,13
,2015_38389,0,0,9/16/2015 14:33,14:33,12,0,0,38TH ST & BRIGHTON BLVD N,1,1,0,0,1,1,,,30,0,0,0,0,0,4,2,13
,2015_38390,0,0,11/13/2015 10:48,10:48,15,0,0,44TH ST E & BRIGHTON BLVD N,1,1,0,0,1,1,,,15,0,0,0,0,0,4,2,13
,2015_38391,0,0,10/16/2015 6:40,6:40,15,0,0,SANTA FE BLVD 400 BLK S & ALAMEDA AVE W,1,1,0,0,1,4,,,25,0,0,0,0,0,4,2,13
,2015_38392,0,0,8/21/2015 20:15,20:15,10,0,0,SPEER BLVD N & 11TH AVE W,1,1,0,0,1,1,,,35,0,0,0,0,0,4,2,8
,2015_38393,39.711184,-105.000622,11/4/2015 12:38,12:38,15,0,0,ALAMEDA AVE W & PLATTE RIVER DR S,1,1,0,0,1,1,,,35,0,0,0,0,0,2,2,7
,2015_38394,0,0,11/11/2015 7:47,7:47,12,0,0,STEELE ST N & ELLSWORTH AVE E,6,1,0,2,1,3,,,30,0,0,0,0,0,4,2,13
,2015_38395,0,0,9/14/2015 16:41,16:41,3,0,0,TAMARAC DR 3500 BLK S & HAMPDEN CIR E,1,1,0,0,1,1,,,35,0,0,0,0,1,4,2,14
,2015_38396,0,0,11/5/2015 13:45,13:45,1,0,0,TAMARAC PKWY S & QUINCY AVE E,1,1,1,0,1,1,,,35,0,0,0,0,1,4,2,7
,2015_38397,0,0,12/26/2015 10:15,10:15,3,0,0,TOWER RD N & 45TH AVE E,5,1,0,0,1,3,,,40,0,0,0,0,0,4,2,13
,2015_38398,0,0,10/3/2015 19:38,19:38,10,0,0,UNIVERSITY BLVD N & 5TH AVE E,1,3,0,0,1,1,,,30,0,0,0,0,0,4,2,3
,2015_38399,0,0,10/2/2015 12:06,12:06,15,0,0,WALNUT ST & 28TH ST,1,1,0,0,1,4,,,25,0,0,0,0,0,4,2,13
,2015_38400,0,0,8/22/2015 20:52,20:52,10,0,0,WASHINGTON ST N & 47TH AVE E,1,3,0,0,1,1,,,30,0,0,0,0,0,4,2,7
,2015_38401,0,0,7/31/2015 8:15,8:15,3,0,0,WAZEE ST & 1600 BLK,1,1,0,0,1,2,,,25,0,0,0,0,0,4,2,13
,2015_38402,0,0,8/5/2015 16:46,16:46,10,0,0,BELLEVIEW AVE W & DUDLEY ST S,1,1,0,0,1,3,,,35,0,0,0,0,0,4,2,16
,2015_38403,0,0,12/11/2015 14:25,14:25,15,0,0,YALE AVE 6500 BLK W & MONACO PKWY S,1,1,0,0,1,4,,,30,0,0,0,0,0,4,2,2
,2015_38404,0,0,8/18/2015 14:25,14:25,10,0,0,YORK ST N & 6TH AVE E,1,1,1,0,1,1,,,30,0,0,0,0,0,4,2,8
,2015_38421,0,0,12/20/2015 13:39,13:39,3,0,0,ALTON WAY 700 BLK S & DAYTON ST S,6,1,0,0,1,1,,,30,0,0,0,0,0,4,3,10
,2015_38427,39.651763,-105.052959,9/29/2015 7:50,7:50,3,0,0,SHERIDAN BLVD S & HAMPDEN AVE SERVICE RD,1,1,1,0,1,1,,,40,0,0,0,0,0,2,3,3
,2015_38428,39.676758,-105.025054,10/30/2015 7:29,7:29,12,0,0,FEDERAL BLVD S & WARREN AVE W,1,1,0,0,1,1,,,40,0,0,0,0,1,2,3,13
,2015_38429,0,0,4/17/2015 8:34,8:34,6,0,0,CLAYTON ST N & 3RD AVE E,2,1,0,1,1,4,,,25,0,0,0,0,0,4,2,16
,2015_38430,0,0,12/7/2015 17:12,17:12,1,0,0,WYANDOT ST & 800 BLK N,1,2,0,0,1,2,,,30,0,0,0,0,0,4,2,3
,2015_38431,0,0,10/24/2015 19:09,19:09,12,0,0,YOSEMITE ST N & 17TH AVE E,1,3,0,0,1,1,,,35,0,0,0,0,0,4,2,13
,2015_38436,0,0,10/20/2015 10:10,10:10,12,0,0,BROADWAY ST 600 BLK N & 6TH AVE E,1,1,0,0,1,4,,,35,0,0,0,0,0,4,3,1
,2015_38438,0,0,9/24/2015 15:15,15:15,15,0,0,KALAMATH ST & 700 BLK N,1,1,1,0,1,4,,,30,0,0,0,0,0,4,2,13
,2015_38441,0,0,9/2/2015 22:40,22:40,15,0,0,22ND ST & MARKET ST,1,3,0,0,1,1,,,30,0,0,0,0,0,4,2,14
,2015_38442,0,0,10/22/2015 8:10,8:10,3,0,0,25TH ST & 1100 BLK,2,1,0,1,1,2,,,10,0,0,0,0,0,4,2,14
,2015_38443,0,0,8/23/2015 20:34,20:34,3,0,0,35TH ST & WALNUT ST,1,3,0,0,1,1,,,30,0,0,0,0,0,4,2,14
,2015_38448,39.730898,-104.940623,10/14/2015 11:20,11:20,15,0,0,COLORADO BLVD 800 BLK N & 9TH AVE E,1,1,0,0,1,4,,,35,0,0,0,0,0,2,2,13
,2015_38449,39.725516,-105.013084,7/31/2015 21:20,21:20,15,0,0,6TH AVE W & I-25,1,3,0,0,1,4,,,55,0,0,0,0,0,2,2,1
,2015_38451,39.682271,-105.025016,9/19/2015 17:50,17:50,12,0,0,FEDERAL BLVD S & JEWELL AVE W,1,1,0,0,1,1,,,40,0,0,0,0,0,2,2,1
,2015_38454,0,0,12/28/2015 9:25,9:25,9,0,0,8TH AVE W & DELAWARE ST N,5,1,0,0,1,1,,,,0,0,0,0,0,4,3,13
,2015_38455,0,0,11/1/2015 2:55,2:55,6,0,0,N ALCOTT ST & SCOTT PL W,1,3,0,7,1,4,,,25,0,0,0,0,0,4,2,14
,2015_38456,0,0,9/5/2015 17:29,17:29,12,0,0,CORONA ST N & 8TH AVE E,1,1,0,0,1,1,,,30,0,0,0,0,0,4,2,14
,2015_38461,0,0,12/24/2015 19:30,19:30,15,0,0,SCRANTON ST 5000 BLK N & 51ST AVE E,1,3,0,0,1,4,,,30,0,0,0,0,1,4,2,13
,2015_38463,39.69677,-104.898666,12/16/2015 15:02,15:02,15,0,0,PARKER RD 1000 BLK S & MISSISSIPPI AVE E,4,1,1,2,1,4,,,40,0,0,0,0,0,2,2,13
,2015_38467,0,0,12/11/2015 20:26,20:26,3,0,0,EVANS AVE E & WILLIAMS ST S,1,3,0,0,1,1,,,35,0,0,0,0,0,4,3,1
,2015_38468,0,0,9/12/2015 16:56,16:56,2,0,1,7TH AVE E & MONROE ST N,1,1,0,0,1,1,,,,1,0,0,0,2,4,2,14
,2015_38469,0,0,9/5/2015 2:23,2:23,3,0,2,20TH ST & BLAKE ST,1,3,0,0,1,1,,,30,0,0,0,1,3,4,2,5
,2015_38470,0,0,10/25/2015 18:37,18:37,3,0,0,SANTA FE DR N & ELLSWORTH AVE W,1,3,0,0,1,1,,,35,0,0,0,0,0,4,2,8
,2015_38473,39.725457,-105.032462,8/31/2015 10:45,10:45,12,0,0,6TH AVE W & KNOX CT N,1,1,0,0,1,4,,,55,0,0,0,0,0,2,3,13
,2015_38475,39.779391,-104.989165,10/13/2015 17:00,17:00,15,0,0,I-25 & I-70,1,1,1,0,1,4,,,55,0,0,0,0,0,1,2,14
,2015_38479,0,0,12/2/2015 14:44,14:44,15,0,0,6TH AVE & 100 BLK W,1,1,0,0,1,4,,,30,0,0,0,0,0,4,2,14
,2015_38480,0,0,11/3/2015 15:50,15:50,15,0,0,6TH AVE & 4100 BLK E,1,1,0,0,1,4,,,35,0,0,0,0,0,4,2,14
,2015_38481,0,0,10/15/2015 17:30,17:30,12,0,0,PERRY ST 1400 BLK N & COLFAX AVE W,1,1,0,0,1,4,,,25,0,0,0,0,0,4,2,13
,2015_38485,39.740336,-105.015419,10/11/2015 19:27,19:27,3,1,0,COLFAX AVE W & I-25 SB OFF RAMP,1,3,0,0,1,1,,,35,0,0,0,1,4,2,2,1
,2015_38487,39.775623,-104.865778,9/15/2015 8:30,8:30,12,0,0,I-70 & HAVANA ST N,1,1,0,0,1,4,,,55,0,0,0,0,0,1,2,5
,2015_38489,0,0,10/13/2015 10:43,10:43,3,0,1,MAPLE AVE E & BROADWAY ST S,1,1,0,0,1,1,,,25,0,0,0,1,2,4,3,14
,2015_38490,0,0,10/16/2015 16:30,16:30,15,0,0,COURT PL & 1300 BLK,1,1,1,0,1,4,,,25,0,0,0,0,0,4,2,14
,2015_38491,0,0,10/15/2015 8:55,8:55,12,0,0,PENA BLVD 7200 BLK & TOWER RD,1,1,0,0,1,4,,,65,0,0,0,0,0,4,2,13
,2015_38495,39.702965,-104.912888,8/30/2015 19:35,19:35,15,0,0,MONACO PKWY S & LEETSDALE DR,1,2,1,0,1,1,,,35,0,0,0,0,0,2,2,13
,2015_38505,0,0,10/3/2015 11:00,11:00,6,0,0,19TH AVE E & TAMARAC ST N,1,1,0,7,1,3,,,15,0,0,0,0,0,4,2,7
,2015_38506,0,0,9/24/2015 7:40,7:40,2,0,1,21ST AVE E & YORK ST N,1,1,0,0,1,5,,,15,1,0,0,0,3,4,2,13
,2015_38507,39.763479,-105.001808,7/31/2015 22:41,22:41,15,0,0,I-25 & 20TH ST SB EXIT GORE,1,3,0,0,1,4,,,55,0,0,0,0,1,1,2,8
,2015_38514,0,0,12/10/2015 17:00,17:00,15,0,0,WASHINGTON ST & I-70,1,3,0,0,1,4,,,,0,0,0,0,1,4,3,13
,2015_38515,0,0,9/9/2015 8:20,8:20,12,0,0,17TH AVE 3000 BLK E & ST PAUL ST N,1,1,0,0,1,4,,,30,0,0,0,1,0,4,2,13
,2015_38516,0,0,10/30/2015 17:53,17:53,15,0,0,23RD AVE E & COLORADO BLVD N,1,3,0,0,1,4,,,30,0,0,0,0,1,4,2,1
,2015_38517,0,0,7/31/2015 20:10,20:10,2,0,1,FLORIDA AVE W & MEADE ST S,1,1,0,0,1,1,,,35,1,0,0,0,2,4,2,14
,2015_38527,0,0,12/31/2015 17:13,17:13,15,0,0,LOGAN ST 1500 BLK N & LOGAN ST N,1,3,0,0,1,4,,,25,0,0,0,0,0,4,2,13
,2015_38537,39.724909,-105.012637,9/2/2015 9:57,9:57,12,0,0,I-25 SB ON RAMP SPLIT PT & 6TH AVE W,1,1,0,0,1,8,,,55,0,0,0,0,0,1,2,14
,2015_38538,39.689552,-105.02506,10/27/2015 10:10,10:10,12,0,0,FEDERAL BLVD S & FLORIDA AVE W,1,1,0,0,1,1,,,40,0,0,0,0,1,2,2,13
,2015_38542,0,0,10/4/2015 14:50,14:50,6,0,0,KENTUCKY AVE & 4800 BLK W,1,1,0,0,1,4,,,35,0,0,0,0,0,4,5,14
,2015_38543,0,0,8/22/2015 17:17,17:17,11,0,1,MONTVIEW BLVD 9200 BLK E & BEELER ST N,1,1,0,0,1,1,,,,0,1,0,0,3,4,2,13
,2015_38544,0,0,8/18/2015 22:44,22:44,11,0,1,PARK AVE W 3400 BLK & GLOBEVILLE RD N,1,3,0,0,1,4,,,,0,1,0,0,2,4,2,13
,2015_38548,0,0,2/3/2015 7:00,7:00,6,0,0,VINE ST 1200 N & 12TH AVE E,1,1,0,7,1,4,,,25,0,0,0,1,0,4,2,16
,2015_38550,0,0,12/31/2015 15:13,15:13,3,0,0,WARREN AVE E & DOWNING ST S,1,1,0,0,1,1,,,30,0,0,0,0,1,4,2,5
,2015_38563,0,0,10/5/2015 8:15,8:15,3,0,0,13TH AVE E & LINCOLN ST N,1,1,0,0,1,1,,,30,0,0,0,0,1,4,2,16
,2015_38564,0,0,8/18/2015 1:30,1:30,15,0,0,SPEER BLVD N & ELITCH CIR,1,3,0,7,1,4,,,35,0,0,0,0,0,4,2,14
,2015_38565,0,0,12/19/2015 16:30,16:30,15,0,0,TOWER RD N & 43RD AVE E,1,5,0,0,1,4,,,,0,0,0,0,0,4,2,13
,2015_38576,39.706129,-104.940624,11/12/2015 2:35,2:35,15,0,0,COLORADO BLVD S & CHERRY CREEK DR S,1,3,0,0,1,1,,,40,0,0,0,0,0,2,2,5
,2015_38578,39.779255,-104.940515,11/30/2015 7:10,7:10,15,0,1,COLORADO BLVD 4600 BLK N & I-70,4,1,0,2,1,4,,,35,0,0,0,0,2,2,2,14
,2015_38585,39.770229,-105.025234,9/10/2015 7:57,7:57,3,0,0,FEDERAL BLVD N & DENVER PL W,1,1,0,0,1,1,,,35,0,0,0,0,0,2,2,14
,2015_38591,39.725656,-105.053544,12/25/2015 13:32,13:32,12,0,0,6TH AVE WB OFF RAMP & SHERIDAN BLVD N,2,1,1,7,1,1,,,30,0,0,0,0,0,2,2,7
,2015_38592,39.780043,-104.949712,8/25/2015 8:38,8:38,14,0,0,46TH AVE E & STEELE ST N,1,1,0,0,1,1,,,30,0,0,0,0,0,2,2,13
,2015_38593,0,0,11/12/2015 17:40,17:40,12,0,0,QUEBEC ST N & 29TH AVE E,1,3,0,0,1,3,,,30,0,0,0,0,0,4,2,7
,2015_38607,0,0,10/29/2015 18:11,18:11,3,0,0,WASHINGTON ST N & 47TH AVE E,1,2,0,0,1,1,,,30,0,0,0,0,1,4,2,5
,2015_38615,39.68212,-105.025017,11/11/2015 10:58,10:58,12,0,0,FEDERAL BLVD S & JEWELL AVE W,2,1,0,0,1,2,,,15,0,0,0,0,0,2,2,7
,2015_38622,39.707122,-104.996782,8/7/2015 11:14,11:14,15,0,0,I-25 & SANTA FE DR S,1,1,1,0,1,4,,,55,0,0,0,0,0,1,2,13
,2015_38629,0,0,10/12/2015 12:30,12:30,15,0,0,STOUT ST & SPEER BLVD N,1,1,0,0,1,1,,,25,0,0,0,0,0,4,2,1
,2015_38642,0,0,10/20/2015 22:05,22:05,3,0,0,DOWNING ST N & SPEER BLVD E,2,3,0,1,1,1,,,30,0,0,0,0,0,4,2,13
,2015_38643,0,0,11/29/2015 15:05,15:05,15,0,0,PENA BLVD & 40TH AVE E,1,1,0,0,1,4,,,45,0,0,0,0,0,4,2,13
,2015_38645,39.740003,-104.976142,10/17/2015 14:24,14:24,3,0,1,COLFAX AVE E & EMERSON ST N (WRONG W,1,1,0,0,1,1,,,15,0,0,0,0,2,2,2,10
,2015_38646,39.623866,-104.901444,10/8/2015 7:22,7:22,12,0,0,I-25 & BELLEVIEW AVE E,1,1,0,0,1,4,,,65,0,0,0,0,0,1,2,3
,2015_38647,39.655852,-104.919522,12/2/2015 19:06,19:06,12,0,0,I-25 NB ON RAMP & HAMPDEN AVE E,1,3,0,0,1,8,,,65,0,0,0,0,1,1,2,1
,2015_38651,39.66762,-104.92561,12/27/2015 5:30,5:30,3,0,1,YALE AVE E & I-25 NB OFF RAMP,1,3,0,0,1,1,,,30,0,0,0,0,3,1,2,4
,2015_38652,39.684921,-104.959154,9/16/2015 10:00,10:00,12,0,0,I-25 NB OFF RAMP & UNIVERSITY BLVD S,1,1,0,0,1,8,,,30,0,0,0,0,0,1,2,13
,2015_38653,39.692284,-104.976903,11/13/2015 7:56,7:56,12,0,1,I-25 & EMERSON ST S,1,1,0,0,1,4,,,60,0,0,0,0,3,1,2,16
,2015_38654,39.701452,-104.987435,12/10/2015 13:37,13:37,15,0,0,BROADWAY S & I-25,1,1,0,0,1,4,,,30,0,0,0,0,0,1,2,3
,2015_38655,39.731289,-105.015462,9/8/2015 6:02,6:02,12,0,0,I-25 & 8TH AVE SB OFF LOOP RAMP,1,1,0,0,1,8,,,55,0,0,0,0,1,1,2,14
,2015_38657,39.74011,-104.958745,9/9/2015 21:47,21:47,12,0,0,COLFAX AVE 2300 BLK E & JOSEPHINE ST N,1,3,1,0,1,3,,,30,0,0,0,0,1,2,2,13
,2015_38658,39.753132,-105.015258,10/23/2015 6:38,6:38,15,0,0,I-25 & SPEER BLVD SB ON RAMP,1,2,0,0,1,4,,,55,0,0,0,0,0,1,2,8
,2015_38659,39.754948,-105.012976,12/29/2015 12:05,12:05,15,0,0,I-25 SB ON RAMP & SPEER BLVD N,1,1,1,0,1,8,,,35,0,0,0,0,0,1,2,8
,2015_38660,39.760997,-105.004275,8/31/2015 14:06,14:06,12,0,0,I-25 & 20TH ST,1,1,1,0,1,4,,,55,0,0,0,0,0,1,2,13
,2015_38661,39.760997,-105.004275,9/10/2015 6:00,6:00,12,0,0,I-25 & 20TH ST,1,2,0,0,1,4,,,55,0,0,0,0,0,1,2,1
,2015_38664,39.693099,-105.025036,11/8/2015 20:30,20:30,12,0,0,LOUISIANA AVE W & FEDERAL BLVD S,1,3,0,0,1,1,,,35,0,0,0,0,0,2,2,13
,2015_38673,0,0,11/17/2015 4:15,4:15,12,0,0,6TH AVE W & FOX ST N,6,2,0,2,1,4,,,35,0,0,0,0,0,4,2,5
,2015_38674,0,0,12/5/2015 9:46,9:46,12,0,0,MONACO PKWY N & 6TH AVE E,1,1,0,0,1,1,,,30,0,0,0,0,0,4,2,13
,2015_38675,0,0,10/12/2015 16:00,16:00,14,0,0,POPLAR ST N & 14TH AVE E,1,1,0,0,1,4,,,25,0,0,0,0,0,4,2,16
,2015_38680,39.775623,-104.865778,10/20/2015 15:55,15:55,12,0,0,I-70 & HAVANA ST N,2,1,3,0,1,4,,,55,0,0,0,0,0,1,2,16
,2015_38688,0,0,10/13/2015 23:03,23:03,11,0,0,14TH AVE E & N LAFAYETTE ST,1,3,0,0,1,3,,,30,0,1,0,0,1,4,2,13
,2015_38689,0,0,10/10/2015 12:35,12:35,6,0,0,HUMBOLDT ST 1300 BLK N & 14TH AVE E,1,1,0,7,1,4,,,25,0,0,0,0,0,4,2,16
,2015_38690,0,0,10/20/2015 17:44,17:44,12,0,0,PLATTE ST & 15TH ST,1,1,1,0,1,1,,,30,0,0,0,0,0,4,2,16
,2015_38692,39.71124,-104.998918,11/6/2015 13:50,13:50,12,0,0,I-25 & ALAMEDA AVE W,1,1,0,0,1,4,,,55,0,0,0,0,0,1,4,1