id,drcog_id,latitude,longitude,crashtime,time,crashtype,numbkilled,numbinjurd,drcoglocat,rdconditin,lightngcon,roadcntgrd,weatherco,location,roaddescrp,schoolzone,constrzone,splimit,bikeinv,pedinv,sctrinv,motoinv,svrty,rdsystem,ttlvehcls,hcf
,2015_38693,39.700274,-104.908215,11/5/2015 9:40,9:40,12,0,0,LEETSDALE DR E & ONEIDA ST S,2,1,0,0,1,4,,,35,0,0,0,0,0,2,3,3
,2015_38696,39.761878,-104.940511,10/31/2015 11:05,11:05,12,0,0,COLORADO BLVD N & MLK BLVD E,1,1,0,0,1,4,,,35,0,0,0,0,0,2,2,1
,2015_38697,0,0,10/31/2015 13:34,13:34,12,0,0,8TH PL E & QUEBEC ST N,1,1,0,0,1,1,,,35,0,0,0,0,1,4,3,16
,2015_38698,0,0,8/16/2015 19:30,19:30,6,0,0,BROADWAY ST 100 BLK N & 1ST AVE N,1,3,0,0,1,4,,,30,0,0,0,0,0,4,2,5
,2015_38699,0,0,12/1/2015 10:25,10:25,12,0,0,PEORIA ST & 3800 BLK N,1,1,0,0,1,2,,,25,0,0,0,0,0,4,2,13
,2015_38704,0,0,7/26/2015 19:30,19:30,3,0,1,YATES ST S & MORRISON RD,1,1,0,0,1,5,,,35,0,0,0,0,3,4,2,13
,2015_38705,39.739999,-104.990376,11/25/2015 19:20,19:20,12,0,0,COLFAX AVE W & BANNOCK ST,1,3,0,0,1,1,,,30,0,0,0,0,0,2,2,16
,2015_38708,0,0,7/30/2015 18:25,18:25,12,0,0,GVR BLVD E & ORLEANS ST N,1,1,0,0,1,4,,,40,0,0,0,0,0,4,2,1
,2015_38709,39.725457,-105.032462,8/6/2015 22:35,22:35,12,0,0,6TH AVE W & LOWELL BLVD N,1,3,0,0,1,4,,,55,0,0,0,0,0,2,2,14
,2015_38714,39.777393,-104.903402,8/25/2015 23:20,23:20,1,0,1,QUEBEC ST 4300 BLK N & I-70 EB RAMPS,1,3,1,0,1,1,,,45,0,0,0,0,2,2,2,12
,2015_38716,39.782059,-104.901541,10/21/2015 14:00,14:00,15,0,0,QUEBEC ST N & SAND CREEK DR N,2,1,1,1,1,3,,,35,0,0,0,0,0,2,2,8
,2015_38719,0,0,6/26/2015 8:40,8:40,12,0,0,ALAMEDA AVE 5700 BLK E & IVY ST S,1,1,1,0,1,4,,,35,0,0,0,0,0,4,2,14
,2015_38720,0,0,9/19/2015 20:57,20:57,3,0,0,EVANS AVE & 2800 BLK W,1,3,0,0,1,1,,,35,0,0,0,0,1,4,2,13
,2015_38721,0,0,7/20/2015 17:30,17:30,15,0,0,LINCOLN ST N & 6TH AVE E,1,3,0,0,1,1,,,30,0,0,0,0,0,4,2,14
,2015_38723,0,0,12/3/2015 8:00,8:00,5,0,0,BILLING ST N & 5324,1,4,0,0,2,4,,,25,0,0,0,0,0,4,1,13
,2015_38727,39.779677,-104.989165,9/15/2015 7:30,7:30,12,0,0,I-25 & I-70,1,1,0,0,1,4,,,55,0,0,0,0,0,1,2,16
,2015_38728,39.725039,-105.02512,10/17/2015 13:12,13:12,12,0,0,FEDERAL BLVD N & 6TH AVE EB OFF RAMP,1,1,1,0,1,4,,,35,0,0,0,0,0,2,2,16
,2015_38738,0,0,9/12/2015 12:00,12:00,6,0,0,22ND AVE & DAHLIA ST,1,1,0,7,1,4,,,20,0,0,0,0,0,4,2,16
,2015_38739,0,0,9/4/2015 7:53,7:53,12,0,0,19TH ST & 700 BLK,1,1,0,0,1,4,,,30,0,0,0,0,0,4,2,13
,2015_38741,0,0,12/12/2015 23:22,23:22,5,0,0,1ST AVE W & MEADE ST N,6,3,0,0,3,5,,,35,0,0,0,0,0,4,1,1
,2015_38745,39.740356,-105.052111,9/3/2015 16:25,16:25,15,0,0,COLFAX AVE & ZENOBIA ST N,2,1,0,1,1,1,,,35,0,0,0,0,0,2,2,13
,2015_38747,0,0,11/5/2015 6:30,6:30,15,0,0,14TH AVE & 8400 BLK E,2,1,0,1,1,4,,,30,0,0,0,0,0,4,2,8
,2015_38749,0,0,12/20/2015 23:00,23:00,12,0,0,17TH AVE 2000 BLK E & VINE ST N,5,3,0,0,1,4,,,30,0,0,0,0,0,4,2,13
,2015_38750,39.740002,-104.976839,10/21/2015 6:45,6:45,12,0,0,COLFAX AVE 800 BLK E & CLARKSON ST N,2,1,0,1,1,4,,,30,0,0,0,0,0,2,2,13
,2015_38760,0,0,10/22/2015 17:10,17:10,12,0,0,CHAMPA ST & 1700 BLK,2,1,0,1,1,1,,,30,0,0,0,0,0,4,2,16
,2015_38761,0,0,7/7/2015 16:15,16:15,12,0,0,KALAMATH ST 200 BLK S & CEDAR AVE W,2,1,0,0,1,4,,,30,0,0,0,0,0,4,2,13
,2015_38762,0,0,10/5/2015 16:09,16:09,11,0,0,PEORIA ST N & ALBROOK DR E,1,1,1,0,1,1,,,,0,1,0,0,0,4,2,13
,2015_38777,0,0,10/12/2015 1:07,1:07,12,0,0,8TH AVE 4700 BLK W & WINONA CT N,1,3,0,0,1,4,,,25,0,0,0,0,0,4,2,13
,2015_38778,0,0,9/1/2015 5:36,5:36,6,0,0,20TH AVE & 200 BLK E,1,3,0,7,1,4,,,25,0,0,0,0,0,4,3,16
,2015_38781,39.730198,-105.015132,12/1/2015 6:45,6:45,15,0,0,I-25 NB ON RAMP GORE PT & ENT FROM 6TH AVE,1,1,0,0,1,4,,,55,0,0,0,0,0,1,2,1
,2015_38782,39.653109,-104.903442,11/5/2015 18:15,18:15,12,0,0,HAMPDEN AVE E & POPLAR ST S,1,3,0,0,1,2,,,40,0,0,0,0,1,2,2,16
,2015_38801,0,0,11/9/2015 11:55,11:55,15,0,0,LINCOLN ST N & 14TH AVE E,1,1,0,0,1,4,,,30,0,0,0,0,0,4,2,16
,2015_38804,39.711182,-105.003917,11/5/2015 9:21,9:21,3,0,0,ALAMEDA AVE W & NAVAJO ST S,2,1,0,0,1,1,,,35,0,0,0,0,0,2,2,7
,2015_38805,39.776747,-104.878679,9/2/2015 12:37,12:37,15,0,0,I-70 & I-270  EB DIRECT CONN,1,1,0,0,1,4,,,55,0,0,0,0,0,1,2,1
,2015_38806,39.696604,-104.898214,10/17/2015 9:10,9:10,15,0,0,PARKER RD S 1000 BLK & MISSISSIPPI AVE E,1,1,0,0,1,4,,,40,0,0,0,0,0,2,2,13
,2015_38810,0,0,11/20/2015 21:00,21:00,12,0,0,CHAMPA ST 1600 BLK & 16TH ST,2,3,1,1,1,1,,,25,0,0,0,0,0,4,2,14
,2015_38814,39.783147,-105.006138,12/21/2015 9:59,9:59,12,0,0,I-70 & PECOS ST N EB RAMP ME,1,1,0,0,1,4,,,55,0,0,0,0,0,1,2,14
,2015_38815,39.780014,-104.959201,9/16/2015 18:45,18:45,12,0,0,I-70 & YORK ST N,1,1,0,0,1,4,,,55,0,0,0,0,0,1,2,13
,2015_38816,39.7783,-104.903459,8/7/2015 13:04,13:04,12,0,0,I-70 & QUEBEC ST N,1,1,1,0,1,4,,,65,0,0,0,0,0,1,2,1
,2015_38818,39.7783,-104.903459,11/3/2015 18:48,18:48,12,0,0,I-70 & QUEBEC ST N,1,3,0,0,1,4,,,55,0,0,0,0,0,1,2,3
,2015_38819,39.778271,-104.89681,10/5/2015 7:49,7:49,12,0,0,I-70 & I-270,1,1,0,0,1,4,,,55,0,0,0,0,0,1,2,3
,2015_38820,39.774005,-104.847034,11/22/2015 21:00,21:00,15,0,0,I-70 & PEORIA ST N,1,3,0,0,1,4,,,55,0,0,0,0,0,1,2,5
,2015_38828,39.779944,-104.940633,12/11/2015 17:30,17:30,12,0,0,I-70 & COLORADO BLVD N,1,1,0,0,1,4,,,55,0,0,0,0,0,1,2,13
,2015_38829,39.696696,-104.991872,10/12/2015 6:15,6:15,12,0,0,MISSISSIPPI AVE W & PLATTE RIVER DR S,1,2,0,0,1,1,,,35,0,0,0,0,0,2,2,16
,2015_38830,0,0,9/21/2015 16:00,16:00,2,0,0,ALAMEDA AVE 800 BLK E & EMERSON ST S,1,1,0,0,1,5,,,30,1,0,0,0,0,4,2,13
,2015_38831,0,0,12/17/2015 12:52,12:52,12,0,0,LOWELL BLVD & 4600 BLK N,2,1,1,0,1,4,,,30,0,0,0,0,0,4,3,16
,2015_38832,39.675025,-104.940643,11/17/2015 12:18,12:18,2,0,0,COLORADO BLVD 2200 BLOCK & ILIFF AVE E,2,1,0,0,1,2,,,35,1,0,0,0,0,2,2,10
,2015_38835,39.771495,-104.990376,9/29/2015 6:58,6:58,12,0,0,I-25 & 40TH AVE W (NOT IN TCORIS),1,1,0,0,1,4,,,55,0,0,0,0,0,1,2,13
,2015_38846,0,0,12/18/2015 21:06,21:06,3,0,0,15TH ST & LITTLE RAVEN ST,1,3,0,0,1,1,,,25,0,0,0,0,0,4,2,13
,2015_38847,0,0,8/16/2015 21:31,21:31,8,0,0,WYANDOT ST 2800 BLK N & 29TH AVE W,1,3,0,0,1,1,,,25,0,0,0,0,0,4,2,13
,2015_38848,39.75855,-105.025134,10/19/2015 20:32,20:32,12,0,0,29TH AVE W & FEDERAL BLVD N,1,3,0,0,1,1,,,30,0,0,0,0,0,2,2,1
,2015_38853,39.757199,-104.94053,12/19/2015 19:24,19:24,12,0,0,COLOADO BLVD N & 2800 BLK (MM APPROX),2,3,1,0,1,4,,,35,0,0,0,0,0,2,3,13
,2015_38855,39.696295,-104.897378,12/21/2015 18:11,18:11,12,0,1,PARKER RD 1000 BLK S & MISSISSIPPI AVE E,1,3,0,0,1,1,,,40,0,0,0,0,3,2,2,1
,2015_38856,39.698614,-104.903604,9/22/2015 16:00,16:00,15,0,0,PARKER RD S & QUEBEC ST S,1,1,0,0,1,3,,,40,0,0,0,0,0,2,2,1
,2015_38857,39.708103,-104.926681,9/18/2015 9:25,9:25,12,0,0,LEETSDALE DR 5200 BLK & FOREST ST S,1,1,0,0,1,3,,,35,0,0,0,0,0,2,2,1
,2015_38866,39.687208,-104.991945,12/15/2015 8:06,8:06,15,0,0,SANTA FE DR 1600 BLK S & IOWA AVE W,4,1,0,2,1,4,,,55,0,0,0,0,0,2,2,1
,2015_38872,39.729259,-105.02515,10/30/2015 14:29,14:29,15,0,0,8TH AVE W & FEDERAL BLVD N,1,1,1,0,1,1,,,35,0,0,0,0,0,2,2,16
,2015_38873,39.725617,-105.025121,10/18/2015 1:51,1:51,12,0,0,FEDERAL BLVD N & 6TH AVE W,1,3,0,0,1,4,,,20,0,0,0,0,0,2,2,5
,2015_38874,39.725493,-105.025119,12/7/2015 17:06,17:06,12,0,0,FEDERAL BLVD & 6TH AVE W,1,2,1,0,1,4,,,30,0,0,0,0,0,2,2,4
,2015_38875,39.686088,-105.025025,8/25/2015 16:17,16:17,15,0,0,FEDERAL BLVD S & MEXICO AVE W,1,5,1,0,1,4,,,40,0,0,0,0,0,2,2,14
,2015_38877,39.690017,-104.973363,10/27/2015 16:53,16:53,12,0,0,I-25 & DOWNING ST S,1,1,0,0,1,4,,,60,0,0,0,0,0,1,4,1
,2015_38878,39.676758,-105.025054,8/17/2015 17:20,17:20,3,0,0,FEDERAL BLVD S & WARREN AVE W,1,1,1,0,1,1,,,40,0,0,0,0,0,2,2,7
,2015_38879,39.666912,-105.025131,10/13/2015 10:15,10:15,12,0,0,FEDERAL BLVD S & YALE AVE W,1,1,0,0,1,1,,,35,0,0,0,0,0,2,2,10
,2015_38884,39.779997,-104.949807,11/7/2015 12:49,12:49,9,0,0,I-70 & STEELE ST N,1,1,0,0,1,4,,,55,0,0,0,0,0,1,3,16
,2015_38890,39.681658,-105.053261,8/27/2015 7:48,7:48,15,0,0,SHERIDAN BLVD S & JEWELL AVE W,1,1,0,0,1,4,,,40,0,0,0,0,0,2,2,13
,2015_38891,39.724098,-105.053261,11/16/2015 18:42,18:42,15,0,0,SHERIDAN BLVD N & 5TH AVE W,2,4,0,1,1,1,,,40,0,0,0,0,0,2,2,7
,2015_38893,39.689147,-104.991995,10/29/2015 7:24,7:24,12,0,0,SANTE FE DR 1500 BLK S & FLORIDA AVE W,1,1,0,0,1,3,,,45,0,0,0,0,0,2,3,13
,2015_38894,39.696607,-105.025062,11/25/2015 15:35,15:35,9,0,0,FEDERAL BLVD S & MISSISSIPPI AVE W,1,1,0,0,1,3,,,40,0,0,0,0,0,2,3,1
,2015_38901,0,0,11/16/2015 16:19,16:19,8,0,0,BROADWAY ST 500 BLK S & CENTER AVE E,2,1,0,1,1,2,,,30,0,0,0,0,0,4,3,14
,2015_38908,39.635523,-104.89346,9/12/2015 14:26,14:26,9,0,0,I-225 & TAMARAC ST S,1,1,0,0,1,4,,,55,0,0,0,0,1,1,3,16
,2015_38917,39.669946,-104.927171,7/7/2015 12:32,12:32,15,0,1,I-25 & MM 202,1,1,0,0,1,4,,,65,0,0,0,0,2,1,3,14
,2015_38933,39.629967,-104.904923,10/30/2015 17:41,17:41,15,0,0,I-225 NB OFF RAMP & I-25,1,1,1,0,1,8,,,45,0,0,0,0,0,1,2,5
,2015_38934,39.634215,-104.901612,9/26/2015 15:46,15:46,15,0,0,I-225 & I-25,1,1,0,0,1,4,,,55,0,0,0,0,0,1,2,7
,2015_38935,39.707347,-104.922286,11/3/2015 19:29,19:29,12,0,0,LEETSDALE DR & HOLLY ST S,1,3,0,0,1,1,,,,0,0,0,0,0,2,3,5
,2015_38936,39.707122,-104.996782,11/19/2015 6:43,6:43,15,0,0,I-25 & SANTA FE DR S,1,1,1,0,1,4,,,55,0,0,0,0,0,1,3,16
,2015_38937,39.731799,-105.015549,11/9/2015 18:13,18:13,12,0,0,I-25 & 8TH AVE W NB ON RAMP,1,3,1,0,1,4,,,55,0,0,0,0,1,1,3,5
,2015_38942,39.74035,-105.013939,10/21/2015 13:25,13:25,9,0,0,I-25 & COLFAX AVE W,2,1,0,1,1,4,,,55,0,0,0,0,0,1,3,16
,2015_38947,39.747545,-105.025216,8/17/2015 14:27,14:27,3,0,0,FEDERAL BLVD N & 20TH AVE W,1,1,1,0,1,1,,,35,0,0,0,0,0,2,2,13
,2015_38948,39.754855,-105.025129,8/20/2015 17:31,17:31,1,0,0,26TH AVE W & FEDERAL BLVD N,1,1,0,0,1,1,,,30,0,0,0,0,0,2,2,13
,2015_38949,39.703047,-104.913042,8/30/2015 20:00,20:00,12,0,0,LEETSDALE DR 6400 BLK & MONACO PKWY S,1,4,0,0,1,4,,,30,0,0,0,0,0,2,3,13
,2015_38950,39.725476,-104.940629,9/27/2015 13:09,13:09,12,0,0,COLORADO BLVD 500 BLK N & 6TH AVE E,1,1,0,0,1,1,,,40,0,0,0,0,0,2,3,13
,2015_38951,39.698627,-105.025068,9/9/2015 16:55,16:55,12,0,1,FEDERAL BLVD S & TENNESSEE AVE W,1,1,0,0,1,1,,,35,0,0,0,0,3,2,3,13
,2015_38952,39.783839,-105.025212,12/21/2015 10:18,10:18,1,0,0,FEDERAL BLVD N & I-70 EB RAMPS,1,5,0,0,1,1,,,35,0,0,0,0,0,2,2,1
,2015_38953,39.78466,-105.025209,10/3/2015 22:21,22:21,1,0,1,FEDERAL BLVD N & I-70 WB RAMPS,1,3,0,0,1,1,,,35,0,0,0,0,2,2,2,13
,2015_38957,0,0,8/28/2015 15:14,15:14,12,0,0,56TH AVE & 9700 BLK E,1,1,0,0,1,4,,,40,0,0,0,0,0,4,2,13
,2015_38959,0,0,12/30/2015 9:05,9:05,3,0,0,MLK BLVD & QUEBEC ST N,1,1,0,0,1,1,,,40,0,0,0,0,0,4,3,13
,2015_39062,0,0,10/25/2015 15:30,15:30,15,0,0,1ST AVE E & HIGH ST N,1,1,0,0,1,1,,,30,0,0,0,0,1,4,2,12
,2015_39063,0,0,9/14/2015 16:30,16:30,15,0,0,7TH AVE E & MONACO PKWY N,1,1,0,0,1,1,,,30,0,0,0,0,0,4,2,13
,2015_39064,0,0,10/14/2015 18:56,18:56,9,0,0,8TH AVE E & GAYLORD ST N,1,1,1,0,1,1,,,30,0,0,0,0,0,4,2,16
,2015_39065,0,0,9/20/2015 9:01,9:01,3,0,0,8TH AVE E & JOSEPHINE ST N,1,1,0,0,1,1,,,30,0,0,0,0,0,4,2,13
,2015_39066,0,0,10/15/2015 6:40,6:40,12,0,0,8TH AVE E & MONACO PKWY N,1,2,0,0,1,1,,,30,0,0,0,0,0,4,2,13
,2015_39067,0,0,10/29/2015 7:40,7:40,3,0,0,9TH AVE W & HOOKER ST N,1,1,0,0,1,1,,,25,0,0,0,0,0,4,2,13
,2015_39068,0,0,12/3/2015 20:14,20:14,15,0,0,14TH AVE E & ELM ST N,1,2,0,0,1,1,,,30,0,0,0,0,0,4,2,8
,2015_39069,0,0,12/19/2015 20:05,20:05,3,0,0,14TH AVE W & SPEER BLVD N,1,3,0,0,1,1,,,35,0,0,0,0,0,4,2,13
,2015_39070,0,0,9/4/2015 11:25,11:25,15,0,0,17TH AVE E & SHERMAN ST N,1,1,1,0,1,3,,,30,0,0,0,0,0,4,2,13
,2015_39071,0,0,11/6/2015 22:35,22:35,12,0,0,17TH AVE E & SYRACUSE ST N,1,3,0,0,1,3,,,30,0,0,0,0,0,4,2,12
,2015_39072,0,0,12/19/2015 14:38,14:38,10,0,0,23RD AVE E & HIGH ST N,1,1,0,0,1,1,,,30,0,0,0,0,0,4,2,13
,2015_39074,0,0,10/25/2015 13:34,13:34,10,0,0,23RD AVE E & STEELE ST N,1,1,0,0,1,1,,,30,0,0,0,0,1,4,2,13
,2015_39075,0,0,11/5/2015 7:47,7:47,3,0,0,26TH AVE E & GAYLORD ST N,2,1,0,1,1,1,,,25,0,0,0,0,0,4,2,16
,2015_39076,0,0,12/17/2015 9:40,9:40,12,0,0,36TH AVE E & SYRACUSE ST N,12,1,0,0,1,1,,,30,0,0,0,0,0,4,2,14
,2015_39077,0,0,12/10/2015 16:00,16:00,12,0,0,51ST AVE E & TITAN CT N,1,1,0,0,1,1,,,30,0,0,0,0,0,4,2,3
,2015_39078,0,0,9/3/2015 14:31,14:31,3,0,0,78TH AVE E & 24530,1,1,0,0,1,2,,,45,0,0,0,0,0,4,2,7
,2015_39079,0,0,11/18/2015 17:50,17:50,1,0,0,ALAMEDA AVE & 4200 E,1,2,0,0,1,1,,,35,0,0,0,0,0,4,2,16
,2015_39080,0,0,10/29/2015 11:25,11:25,12,0,1,ALAMEDA AVE E & CHERRY CREEK DR S,1,1,0,0,1,1,,,25,0,0,0,0,2,4,2,13
,2015_39081,0,0,11/12/2015 12:06,12:06,12,0,0,ALAMEDA AVE 4700 BLK E & DAHLIA ST S,1,1,0,0,1,1,,,35,0,0,0,0,0,4,2,14
,2015_39082,0,0,10/8/2015 9:30,9:30,12,0,0,ARAPAHOE ST 1900 BLK & 19TH ST,1,1,0,0,1,4,,,25,0,0,0,0,0,4,2,14
,2015_39083,0,0,12/29/2015 13:40,13:40,15,0,0,BANNOCK ST & 1300 BLK N,1,1,0,0,1,4,,,30,0,0,0,0,0,4,2,13
,2015_39084,0,0,11/12/2015 19:13,19:13,12,0,0,BATAVIA PL E & QUEBEC ST N,1,3,0,0,1,1,,,30,0,0,0,0,1,4,2,13
,2015_39085,0,0,8/28/2015 20:58,20:58,1,0,0,BELLEVIEW AVE E & DTC BLVD,1,3,0,0,1,1,,,35,0,0,0,0,0,4,2,7
,2015_39086,0,0,9/12/2015 17:47,17:47,3,0,0,BLACKHAWK WAY N & RANDOLPH PL E,1,1,0,0,1,1,,,25,0,0,0,0,0,4,2,8
,2015_39087,0,0,9/10/2015 6:40,6:40,3,0,0,BROADWAY ST & 1800 BLK N,1,2,0,0,1,2,,,30,0,0,0,0,0,4,2,13
,2015_39088,0,0,8/1/2015 21:06,21:06,6,0,0,LIPAN ST 1300 BLK & 14TH AVE W,1,3,0,7,1,4,,,25,0,0,0,0,0,4,2,16
,2015_39089,0,0,9/16/2015 17:05,17:05,15,0,0,BROADWAY ST & 2200 BLK S,1,1,0,0,1,4,,,35,0,0,0,0,0,4,2,1
,2015_39090,0,0,8/24/2015 16:50,16:50,15,0,0,BROADWAY ST 1000 BLK N & 10TH AVE E,1,1,0,0,1,1,,,30,0,0,0,0,0,4,2,1
,2015_39091,0,0,11/15/2015 11:25,11:25,12,0,0,BROADWAY N & 12TH AVE E,1,1,0,0,1,4,,,30,0,0,0,0,0,4,2,16
,2015_39092,0,0,10/18/2015 13:30,13:30,10,0,0,BROADWAY ST N & CALIFORNIA ST,1,1,0,0,1,1,,,30,0,0,0,0,0,4,2,13
,2015_39093,0,0,10/19/2015 18:43,18:43,10,0,0,CALIFORNIA ST 1600 BLK & 17TH ST,1,3,0,0,1,4,,,25,0,0,0,0,0,4,2,13
,2015_39094,0,0,10/12/2015 7:25,7:25,15,0,0,CALIFORNIA ST 2100 BLK & 22ND ST,1,1,0,0,1,4,,,30,0,0,0,0,1,4,2,3
,2015_39095,0,0,9/3/2015 17:00,17:00,3,0,0,CEDAR AVE & BROADWAY ST S,1,1,0,1,1,1,,,30,0,0,0,0,0,4,2,13
,2015_39096,0,0,10/15/2015 8:10,8:10,14,0,0,CENTRAL PARK BLVD & 3700 BLK N,1,1,1,0,1,4,,,30,0,0,0,0,0,4,2,13
,2015_39097,0,0,11/4/2015 12:10,12:10,6,0,0,COURT PL 1400 BLK & 14TH ST,1,1,0,7,1,4,,,30,0,0,0,0,0,4,2,14
,2015_39098,0,0,9/20/2015 15:15,15:15,3,0,0,DAHLIA ST S & EVANS AVE E,1,1,0,0,1,1,,,35,0,0,0,0,0,4,2,13
,2015_39099,0,0,8/18/2015 17:36,17:36,3,0,0,DAHLIA ST S & LOUISIANA AVE E,1,1,1,7,1,1,,,30,0,0,0,0,0,4,2,14
,2015_39100,0,0,10/22/2015 13:20,13:20,3,0,0,DARTMOUTH AVE 5100 BLK W & SHERIDAN BLVD S,2,1,0,1,1,2,,,30,0,0,0,0,0,4,2,13
,2015_39101,0,0,11/20/2015 21:50,21:50,3,0,0,DEPEW ST S & JEWELL AVE W,5,3,1,2,1,1,,,35,0,0,0,0,0,4,2,16
,2015_39102,0,0,11/9/2015 13:36,13:36,12,0,0,DOWNING ST N 1100 BLK & 12TH AVE E,1,1,0,0,1,4,,,30,0,0,0,0,0,4,2,3
,2015_39103,0,0,11/12/2015 6:22,6:22,3,0,0,EVANS AVE W & DEPEW ST S,1,1,0,0,1,1,,,25,0,0,0,0,0,4,2,7
,2015_39104,0,0,9/10/2015 12:40,12:40,15,0,0,EVANS AVE W & FEDERAL BLVD S,1,1,0,0,1,4,,,35,0,0,0,0,0,4,2,1
,2015_39105,0,0,12/2/2015 16:28,16:28,1,0,0,EVANS AVE E & HUDSON ST S,1,3,0,0,1,1,,,30,0,0,0,0,0,4,2,13
,2015_39106,0,0,10/26/2015 12:44,12:44,3,0,0,EVANS AVE 6400 BLK E & MONACO PKWY S,1,1,0,0,1,2,,,35,0,0,0,0,0,4,2,13
,2015_39107,0,0,9/28/2015 14:40,14:40,12,0,0,EVANS AVE 6800 BLK E & ONEIDA ST S,1,1,1,0,1,4,,,35,0,0,0,0,1,4,2,3
,2015_39108,0,0,11/27/2015 10:18,10:18,3,0,0,EXPOSITION AVE E & QUEBEC ST S,6,1,0,0,1,1,,,25,0,0,0,0,0,4,2,16
,2015_39109,0,0,12/9/2015 7:40,7:40,15,0,0,GVR BLVD E & ARGONNE ST N,1,1,0,0,1,4,,,35,0,0,0,0,0,4,2,1
,2015_39110,0,0,12/16/2015 15:30,15:30,3,0,0,HAZEL CT 2800 BLK N & 29TH AVE W,4,1,0,0,1,5,,,30,0,0,0,0,0,4,3,13
,2015_39111,0,0,9/30/2015 11:30,11:30,15,0,0,HIGH ST 3500 BLK N & 36TH AVE E,1,1,0,0,1,4,,,25,0,0,0,0,0,4,2,13
,2015_39112,0,0,11/18/2015 16:15,16:15,12,0,0,IOWA AVE E & LOGAN ST S,1,3,0,0,1,3,,,30,0,0,0,0,1,4,2,5
,2015_39113,0,0,8/24/2015 10:30,10:30,12,0,0,LARIMER ST & 3200 BLK,1,1,0,0,1,4,,,30,0,0,0,0,0,4,2,7
,2015_39114,0,0,8/21/2015 22:01,22:01,3,0,0,LINCOLN ST S & MAPLE AVE E,1,3,0,7,1,1,,,35,0,0,0,0,0,4,2,8
,2015_39115,0,0,9/9/2015 12:54,12:54,12,0,0,LOWELL BLVD & 4300 BLN N,1,1,1,0,1,4,,,30,0,0,0,0,0,4,2,13
,2015_39116,0,0,12/2/2015 10:09,10:09,12,0,0,MLK BLVD & ELIZABETH ST N,1,1,0,0,1,4,,,35,0,0,0,0,1,4,2,1
,2015_39117,0,0,12/11/2015 16:10,16:10,3,0,0,MAXWELL PL 19400 BLK E & DUNKIRK ST N,1,1,0,0,1,2,,,15,0,0,0,0,0,4,2,13
,2015_39118,0,0,8/27/2015 16:00,16:00,12,0,0,MISSISSIPPI AVE 9100 BLK & ALTON ST S,1,1,1,0,1,4,,,35,0,0,0,0,0,4,2,13
,2015_39119,0,0,10/24/2015 7:45,7:45,3,0,0,MISSISSIPPI AVE W & LIPAN ST S,1,1,1,0,1,1,,,35,0,0,0,0,0,4,2,13
,2015_39120,0,0,9/19/2015 15:18,15:18,1,0,0,MONTVIEW BLVD E & QUEBEC ST N,1,1,0,0,1,1,,,35,0,0,0,0,0,4,2,13
,2015_39121,0,0,11/10/2015 17:13,17:13,3,0,0,NEWTON ST N & 52ND AVE W,1,2,1,0,1,1,,,25,0,0,0,0,0,4,2,13
,2015_39122,0,0,8/16/2015 2:05,2:05,10,0,0,PARK AVE W & BLAKE ST,2,3,0,1,1,1,,,30,0,0,0,0,1,4,2,14
,2015_39123,0,0,10/29/2015 14:48,14:48,1,0,0,PECOS ST N & 39TH AVE W,1,1,0,0,1,1,,,25,0,0,0,0,1,4,2,13
,2015_39125,0,0,11/24/2015 12:40,12:40,12,0,0,QUEBEC ST N & 36TH AVE E,1,1,0,0,1,3,,,35,0,0,0,0,0,4,2,3
,2015_39126,0,0,11/22/2015 0:30,0:30,12,0,0,14TH ST & 1111,1,3,0,0,1,2,,,35,0,0,0,0,0,4,2,14
,2015_39127,0,0,10/12/2015 18:47,18:47,3,0,0,15TH ST & WEWATTA ST,1,2,0,0,1,1,,,30,0,0,0,0,0,4,2,13
,2015_39128,0,0,10/7/2015 8:07,8:07,15,0,0,17TH ST 1000 BLK & ARAPAHOE ST,1,1,0,0,1,4,,,25,0,0,0,0,0,4,2,13
,2015_39129,0,0,11/10/2015 15:55,15:55,3,0,0,24TH ST & BROADWAY N,1,1,0,0,1,1,,,25,0,0,0,0,1,4,2,3
,2015_39130,0,0,12/1/2015 8:00,8:00,12,0,0,32ND ST & LARMIER ST,1,1,0,0,1,1,,,30,0,0,0,0,0,4,2,13
,2015_39131,0,0,1/26/2015 10:35,10:35,3,0,0,COOK ST 3900 BLK N & 39TH AVE E,1,1,1,0,1,2,,,30,0,0,0,0,0,4,2,13
,2015_39132,0,0,8/28/2015 23:40,23:40,15,0,0,38TH ST & BRIGHTON BLVD N,1,3,0,0,1,1,,,35,0,0,0,0,0,4,2,13
,2015_39133,0,0,10/5/2015 15:15,15:15,15,0,0,SPEER BLVD & 700 BLK N,1,1,1,0,1,4,,,30,0,0,0,0,0,4,2,13
,2015_39134,0,0,8/24/2015 10:15,10:15,10,0,0,SPEER BLVD 900 BLK & CHAMPA ST,1,1,0,0,1,1,,,35,0,0,0,0,0,4,2,8
,2015_39135,0,0,8/17/2015 13:08,13:08,12,0,0,SPEER BLVD 1900 N & WEWATTA ST,1,1,1,7,1,4,,,35,0,0,0,0,0,4,2,16
,2015_39136,0,0,11/13/2015 14:16,14:16,3,0,0,STEELE ST S & ELLSWORTH AVE E,1,1,0,0,1,1,,,30,0,0,0,0,0,4,2,14