id,drcog_id,latitude,longitude,crashtime,time,crashtype,numbkilled,numbinjurd,drcoglocat,rdconditin,lightngcon,roadcntgrd,weatherco,location,roaddescrp,schoolzone,constrzone,splimit,bikeinv,pedinv,sctrinv,motoinv,svrty,rdsystem,ttlvehcls,hcf
,2015_39137,0,0,9/1/2015 15:35,15:35,12,0,0,YALE AVE 1200 BLK E & DOWNING ST S,1,1,0,0,1,3,,,30,0,0,0,0,0,4,2,13
,2015_39138,0,0,8/18/2015 18:05,18:05,3,0,0,YALE AVE W & ZURICH CT S,1,1,0,7,1,1,,,25,0,0,0,0,0,4,2,1
,2015_39185,0,0,8/29/2015 21:30,21:30,10,0,1,ALAMEDA AVE E & BROADWAY ST S,1,3,0,0,1,1,,,40,0,0,0,1,3,4,3,13
,2015_39215,39.707354,-104.940625,11/4/2015 6:35,6:35,10,0,0,CHERRY CREEK DR N & COLORADO BLVD S,1,2,0,0,1,1,,,35,0,0,0,0,0,2,2,16
,2015_39216,39.714614,-104.940629,12/16/2015 17:34,17:34,3,0,0,COLORADO BLVD S & BAYAUD AVE E,6,3,1,0,1,1,,,35,0,0,0,0,0,2,2,13
,2015_39217,39.660752,-104.940585,8/5/2015 16:28,16:28,3,0,0,COLORADO BLVD S & DARTMOUTH AVE E,1,1,0,0,1,1,,,35,0,0,0,0,0,2,2,13
,2015_39218,39.715508,-104.940627,11/17/2015 13:56,13:56,15,0,0,COLORADO BLVD S & BAYAUD AVE E,1,1,1,0,1,4,,,35,0,0,0,0,0,2,2,5
,2015_39219,39.727365,-104.940627,9/23/2015 10:27,10:27,15,0,0,COLORADO BLVD N & 7TH AVE E,1,1,0,0,1,4,,,35,0,0,0,0,0,2,2,13
,2015_39225,39.725552,-105.039373,10/27/2015 7:48,7:48,12,0,0,6TH AVE W & PERRY ST N,1,1,1,0,1,4,,,55,0,0,0,0,0,2,2,7
,2015_39226,39.72542,-105.025174,12/22/2015 14:59,14:59,3,0,0,W 6TH AVE & N FEDERAL BLVD,1,1,1,0,1,1,,,35,0,0,0,0,0,2,2,13
,2015_39227,0,0,11/24/2015 13:59,13:59,11,0,0,LAWRENCE ST & 17TH ST,1,1,0,0,1,4,,,,0,1,0,0,1,4,3,16
,2015_39228,39.725188,-105.018614,8/6/2015 6:41,6:41,12,0,0,6TH AVE W & BRYANT ST N,1,1,0,0,1,1,,,55,0,0,0,0,0,2,2,1
,2015_39245,39.632827,-104.906186,12/4/2015 14:15,14:15,12,0,0,I-25 & I-225 FLYOVER,1,1,0,0,1,4,,,65,0,0,0,0,0,1,2,1
,2015_39246,39.639097,-104.910179,12/2/2015 6:50,6:50,12,0,0,I-25 & QUINCY AVE E,1,2,0,0,1,4,,,65,0,0,0,0,0,1,2,1
,2015_39247,39.653075,-104.918243,12/22/2015 15:13,15:13,12,0,0,I-25 & HAMPDEN AVE,1,1,0,0,1,4,,,55,0,0,0,0,0,1,2,13
,2015_39248,39.674627,-104.9304,12/17/2015 11:39,11:39,12,0,0,I-25 & EVANS AV E NB EXIT GO,1,1,1,0,1,4,,,65,0,0,0,0,0,1,2,3
,2015_39249,39.690017,-104.973363,10/30/2015 8:59,8:59,12,0,0,I-25 & DOWNING ST S,1,5,0,0,1,4,,,60,0,0,0,0,0,1,2,16
,2015_39250,39.701452,-104.987435,9/9/2015 15:52,15:52,12,0,0,I-25 & BROADWAY S,1,1,0,0,1,4,,,55,0,0,0,0,0,1,2,14
,2015_39251,39.702477,-104.988767,10/15/2015 17:32,17:32,12,0,0,I-25 & BROADWAY S,1,1,0,0,1,4,,,55,0,0,0,0,0,1,2,14
,2015_39253,39.742182,-105.014789,10/5/2015 17:43,17:43,12,0,0,I-25 & AURARIA PKWY,2,1,0,1,1,4,,,55,0,0,0,0,0,1,2,1
,2015_39254,39.750236,-105.017032,11/29/2015 17:42,17:42,12,0,1,I-25 & 23RD AVE W,8,3,0,0,1,4,,,55,0,0,0,0,2,1,2,16
,2015_39255,39.760997,-105.004275,10/3/2015 18:42,18:42,15,0,0,I-25 & 20TH ST,1,3,0,0,1,4,,,55,0,0,0,0,0,1,2,14
,2015_39256,39.760997,-105.004275,10/12/2015 14:42,14:42,12,0,1,I-25 & 20TH ST,1,1,0,0,1,4,,,55,0,0,0,0,2,1,2,1
,2015_39264,39.711332,-105.053258,9/26/2015 8:54,8:54,15,0,0,ALAMEDA AVE W & SHERIDAN BLVD S,1,1,0,0,1,1,,,40,0,0,0,0,0,2,2,14
,2015_39265,39.711332,-105.053258,11/3/2015 22:15,22:15,1,0,0,ALAMEDA AVE W & SHERIDAN BLVD S,1,3,0,0,1,1,,,35,0,0,0,0,0,2,2,12
,2015_39266,39.711094,-105.029897,12/7/2015 15:39,15:39,12,0,0,IRVING ST S & ALAMEDA AVE W,1,1,0,0,1,1,,,35,0,0,0,0,0,2,2,7
,2015_39267,39.7112,-104.999749,9/1/2015 11:15,11:15,15,0,0,ALAMEDA AVE W & I-25 SB OFF RAMP,1,1,0,0,1,3,,,35,0,0,0,0,0,2,2,13
,2015_39268,39.65302,-104.875567,12/13/2015 13:03,13:03,12,0,0,HAMPDEN AVE E & DAYTON ST S,1,1,0,0,1,1,,,45,0,0,0,0,0,2,2,13
,2015_39269,39.653026,-104.872594,10/24/2015 20:22,20:22,12,0,0,HAMPDEN AVE & 10000 BLK E,1,3,0,0,1,4,,,45,0,0,0,0,0,2,2,13
,2015_39289,39.740009,-104.97298,11/6/2015 22:25,22:25,12,0,0,COLFAX AVE E & DOWNING ST N,1,3,0,0,1,1,,,30,0,0,0,0,0,2,2,5
,2015_39290,39.73998,-104.962295,11/14/2015 1:35,1:35,3,0,0,COLFAX AVE E & VINE ST N,1,3,1,0,1,1,,,30,0,0,0,0,0,2,2,7
,2015_39291,39.740146,-104.948986,11/30/2015 17:51,17:51,3,0,0,COLFAX AVE E & STEELE ST N (RD S),5,3,0,0,1,1,,,30,0,0,0,0,0,2,2,13
,2015_39292,39.740072,-104.940769,11/2/2015 19:04,19:04,1,0,0,COLFAX AVE E & COLORADO BLVD E,1,3,0,0,1,1,,,30,0,0,0,0,0,2,2,16
,2015_39293,39.740078,-104.901255,8/24/2015 18:00,18:00,12,0,0,COLFAX AVE E & ROSLYN ST N,1,1,0,0,1,4,,,35,0,0,0,0,0,2,2,13
,2015_39301,39.783357,-105.034565,12/10/2015 9:26,9:26,15,0,0,I-70 & LOWELL BLVD N,1,1,0,0,1,4,,,45,0,0,0,0,0,1,2,1
,2015_39302,39.784221,-105.025096,11/10/2015 7:43,7:43,15,0,0,I-70 & FEDERAL BLVD N,1,1,0,0,1,4,,,55,0,0,0,0,1,1,2,10
,2015_39303,39.783138,-105.006328,12/15/2015 18:53,18:53,12,0,0,PECOS ST & 4800 BLK N,4,3,0,2,1,6,,,30,0,0,0,0,1,1,2,5
,2015_39304,39.779435,-104.979009,10/13/2015 17:42,17:42,12,0,0,I-70 & WASHINGTON ST N,1,1,0,0,1,4,,,55,0,0,0,0,0,1,2,13
,2015_39305,39.779895,-104.967089,10/5/2015 11:52,11:52,12,0,0,I-70 & BRIGHTON BLVD N,1,1,0,0,1,4,,,55,0,0,0,0,0,1,2,3
,2015_39306,39.780014,-104.959404,8/22/2015 10:40,10:40,15,0,0,I-70 & YORK ST N,1,1,0,0,1,4,,,55,0,0,0,0,0,1,2,1
,2015_39307,39.779997,-104.949807,9/10/2015 7:06,7:06,12,0,0,I-70 & STEELE ST N,1,1,0,0,1,4,,,55,0,0,0,0,0,1,2,16
,2015_39308,39.778299,-104.901934,10/25/2015 13:57,13:57,12,0,0,I-70 & QUEBEC ST N,1,1,0,0,1,4,,,55,0,0,0,0,0,1,2,14
,2015_39309,39.777095,-104.882471,9/10/2015 7:01,7:01,12,0,0,I-70 & CENTRAL PARK BLVD N,1,1,0,0,1,4,,,55,0,0,0,0,0,1,2,13
,2015_39310,39.773607,-104.84234,12/23/2015 17:33,17:33,12,0,0,I-70 EB RAMP ENT GORE FROM & PEORIA ST,1,3,1,0,1,4,,,55,0,0,0,0,1,1,2,13
,2015_39334,39.696696,-104.991872,8/27/2015 12:18,12:18,15,0,0,SANTA FE DR 1000 BLK S & MISSISSIPPI AVE W,1,1,0,0,1,1,,,45,0,0,0,0,0,2,2,13
,2015_39335,39.698464,-104.991792,10/1/2015 12:36,12:36,15,0,0,PLATTE RIVER DR 900 BLK S & TENNESSEE AVE W,1,1,0,0,1,1,,,40,0,0,0,0,0,2,2,3
,2015_39343,39.737975,-105.025273,11/18/2015 20:56,20:56,3,0,0,FEDERAL BLVD N & HOWARD PL W,1,3,0,0,1,1,,,35,0,0,0,0,0,2,2,7
,2015_39344,39.733853,-105.025179,11/23/2015 14:30,14:30,3,0,0,11TH AVE W & FEDERAL BLVD N,1,1,0,0,1,1,,,25,0,0,0,0,1,2,2,7
,2015_39345,39.718099,-105.025158,11/20/2015 19:12,19:12,1,0,0,1ST AVE W & FEDERAL BLVD N,4,3,0,2,1,1,,,35,0,0,0,0,0,2,2,16
,2015_39346,39.703863,-105.025084,11/5/2015 11:11,11:11,3,0,0,FEDERAL BLVD S & EXPOSITION AVE W,1,1,0,0,1,1,,,35,0,0,0,0,0,2,2,7
,2015_39347,39.68985,-105.025057,11/6/2015 17:10,17:10,12,0,0,FEDERAL BLVD S & FLORIDA AVE W,1,3,0,0,1,4,,,45,0,0,0,0,0,2,3,3
,2015_39348,0,0,8/7/2015 21:50,21:50,5,0,0,45TH AVE 11200 BLK E & PARIS ST N,1,3,0,1,3,1,,,25,0,0,0,0,0,4,1,9
,2015_39349,39.68212,-105.025017,8/27/2015 14:50,14:50,12,0,0,FEDERAL BLVD S & COLORADO AVE W,1,1,1,0,1,4,,,40,0,0,0,0,0,2,2,3
,2015_39360,39.651763,-105.052959,11/12/2015 10:05,10:05,12,0,0,SHERIDAN BLVD S & HAMPDEN AVE SERVICE RD,1,1,1,0,1,1,,,35,0,0,0,0,0,2,2,14
,2015_39365,39.783543,-105.053279,8/18/2015 17:43,17:43,12,0,0,SHERIDAN BLVD N & I-70,1,1,1,0,1,4,,,35,0,0,0,0,0,2,2,13
,2015_39367,39.785677,-105.053258,10/13/2015 13:37,13:37,15,0,0,SHERIDAN 4900 BLK N & 4900 BLK N,1,1,0,0,1,4,,,30,0,0,0,0,1,2,2,14
,2015_39401,39.652993,-104.926111,9/30/2015 15:12,15:12,12,0,0,HAMPDEN AVE E & GLENCOE ST S,1,1,1,0,1,4,,,40,0,0,0,0,0,2,2,14
,2015_39498,0,0,11/18/2015 12:33,12:33,3,0,0,1ST AVE E & COOK ST N,1,1,0,0,1,1,,,25,0,0,0,0,0,4,2,16
,2015_39499,0,0,11/2/2015 19:10,19:10,15,0,0,8TH AVE E & BROADWAY ST N,1,3,0,0,1,1,,,30,0,0,0,0,0,4,2,7
,2015_39500,0,0,10/20/2015 19:11,19:11,3,0,0,9TH AVE E & GRAPE ST N,1,4,0,0,1,1,,,25,0,0,0,0,0,4,2,13
,2015_39501,0,0,9/10/2015 9:10,9:10,3,0,0,10TH AVE E & DOWNING ST N,1,1,0,0,1,1,,,25,0,0,0,0,0,4,2,13
,2015_39502,0,0,11/7/2015 16:00,16:00,12,0,0,12TH AVE E & BROADWAY ST N,1,1,0,0,1,1,,,30,0,0,0,0,0,4,2,13
,2015_39503,0,0,9/3/2015 17:37,17:37,3,0,0,13TH AVE 6000 BLK E & JASMINE ST N,1,1,0,0,1,1,,,30,0,0,0,0,0,4,2,7
,2015_39504,0,0,11/20/2015 10:55,10:55,10,0,0,14TH AVE & 1100 E,1,1,0,0,1,1,,,30,0,0,0,0,0,4,2,16
,2015_39505,0,0,11/12/2015 18:49,18:49,15,0,0,14TH AVE 3200 BLK W & IRVING ST N,1,3,0,0,1,4,,,25,0,0,0,0,0,4,2,13
,2015_39506,0,0,9/16/2015 11:45,11:45,3,0,2,14TH AVE E & LOCUST ST N,1,1,0,0,1,1,,,25,0,0,0,0,2,4,2,14
,2015_39507,0,0,11/19/2015 17:56,17:56,3,0,0,14TH AVE E & MONROE ST N,1,4,0,0,1,1,,,25,0,0,0,0,0,4,2,16
,2015_39508,0,0,8/21/2015 8:32,8:32,3,0,0,16TH AVE E & LOGAN ST N,1,1,0,7,1,1,,,30,0,0,0,0,1,4,2,16
,2015_39509,0,0,9/8/2015 16:32,16:32,3,0,0,17TH AVE E & SPRUCE ST N,1,1,0,0,1,1,,,25,0,0,0,0,0,4,2,1
,2015_39510,0,0,12/4/2015 16:05,16:05,3,0,0,18TH AVE E & GAYLORD ST N,1,2,0,0,1,1,,,25,0,0,0,0,0,4,2,13
,2015_39511,0,0,10/16/2015 10:40,10:40,15,0,0,29TH AVE 2900 BLK NW & ELIOT ST N,1,1,0,0,1,1,,,35,0,0,0,0,0,4,2,14
,2015_39512,0,0,9/3/2015 14:37,14:37,10,0,0,38TH AVE 4900 BLK E & EUDORA ST N,1,1,0,0,1,2,,,30,0,0,0,0,0,4,2,13
,2015_39513,0,0,12/17/2015 17:40,17:40,12,0,0,38TH AVE W & SHOSHONE ST N,5,3,0,0,1,4,,,35,0,0,0,0,0,4,2,13
,2015_39514,0,0,12/1/2015 16:01,16:01,3,0,0,38TH AVE W & TENNYSON ST N,1,1,1,0,1,1,,,30,0,0,0,0,0,4,2,13
,2015_39515,0,0,11/21/2015 14:30,14:30,3,0,0,38TH AVE W & ZUNI ST N,1,1,0,0,1,1,,,35,0,0,0,0,1,4,2,16
,2015_39516,0,0,11/13/2015 17:09,17:09,12,0,0,47TH AVE E & PARIS ST N,1,3,1,0,1,1,,,30,0,0,0,0,0,4,2,13
,2015_39517,0,0,10/15/2015 8:26,8:26,15,0,0,47TH AVE E & PEORIA ST N,1,1,0,0,1,1,,,35,0,0,0,0,0,4,2,13
,2015_39518,0,0,9/16/2015 16:15,16:15,12,0,0,49TH AVE E & SAND CREEK RD N,1,1,0,0,1,1,,,25,0,0,0,0,0,4,2,13
,2015_39519,0,0,12/28/2015 13:38,13:38,3,0,0,51ST AVE E & MOLINE ST N,5,1,0,0,1,1,,,25,0,0,0,0,0,4,2,13
,2015_39520,0,0,8/27/2015 17:05,17:05,3,0,0,52ND AVE E & EAGLE ST N,1,1,0,0,1,1,,,25,0,0,0,0,0,4,2,7
,2015_39521,0,0,12/5/2015 18:36,18:36,12,0,0,ALAMEDA AVE 5000 BLK E & ELM ST E,1,4,1,0,1,1,,,35,0,0,0,0,1,4,2,13
,2015_39522,0,0,9/10/2015 7:55,7:55,15,0,0,ALAMEDA AVE 1400 BLK E & LAFAYETTE ST S,1,1,0,0,1,1,,,30,0,0,0,0,0,4,2,13
,2015_39523,0,0,10/22/2015 20:50,20:50,6,0,0,17TH ST 1400 BLK & BLAKE ST,1,3,0,7,1,4,,,25,0,0,0,0,0,4,2,14
,2015_39524,0,0,11/17/2015 14:35,14:35,15,0,0,ALAMEDA AVE E & LOGAN ST S,2,1,0,0,1,4,,,30,0,0,0,0,1,4,2,16
,2015_39525,0,0,8/27/2015 6:51,6:51,1,0,0,ALAMEDA AVE W & SANTA FE DR S,1,1,0,0,1,1,,,25,0,0,0,0,0,4,2,13
,2015_39526,0,0,10/2/2015 11:09,11:09,15,0,0,CHERRY CREEK DR N & ALAMEDA AVE E,1,1,0,0,1,1,,,30,0,0,0,0,0,4,2,13
,2015_39527,0,0,12/18/2015 14:49,14:49,1,0,0,CHERRY CREEK S DR 5400 BL & MISSISSIPPI AVE E,1,1,0,0,1,1,,,30,0,0,0,0,1,4,2,13
,2015_39528,0,0,12/26/2015 17:56,17:56,3,0,0,ELLSWORTH AVE W & GROVE ST N,5,3,1,0,1,1,,,25,0,0,0,0,0,4,2,14
,2015_39529,0,0,10/13/2015 14:51,14:51,12,0,0,EVANS AVE E & BROADWAY ST S,1,1,0,0,1,1,,,30,0,0,0,0,0,4,2,10
,2015_39530,0,0,11/10/2015 13:10,13:10,3,0,0,EVANS AVE W & CLAY ST S,1,1,0,0,1,2,,,15,0,0,0,0,0,4,2,7
,2015_39531,0,0,12/21/2015 17:45,17:45,12,0,0,W EVANS AVE 2700 & CLAY ST S,1,3,0,0,1,2,,,35,0,0,0,0,0,4,2,13
,2015_39532,0,0,9/18/2015 17:18,17:18,3,0,0,EVANS AVE E & LOGAN ST S,1,1,0,0,1,1,,,35,0,0,0,0,0,4,2,3
,2015_39533,0,0,10/19/2015 9:18,9:18,12,0,0,EVANS AVE 3000 BLK E & MILWAUKEE ST S,1,1,0,0,1,3,,,30,0,0,0,0,0,4,2,1
,2015_39534,0,0,8/7/2015 0:50,0:50,3,0,0,EVANS AVE E & UNIVERSITY BLVD S,1,3,0,0,1,1,,,35,0,0,0,0,0,4,2,5
,2015_39535,0,0,10/3/2015 9:46,9:46,12,0,0,EXPOSITION AVE 6100 BLK E & KEARNEY ST S,1,1,0,0,1,1,,,25,0,0,0,0,0,4,2,3
,2015_39536,0,0,8/19/2015 13:51,13:51,3,0,0,MAXWELL PL 15300 BLK E & CHAMBERS RD N,1,1,0,0,1,2,,,25,0,0,0,0,0,4,2,1
,2015_39537,0,0,11/17/2015 18:41,18:41,3,0,0,MISSISSIPPI AVE E & YORK ST S,2,3,0,0,1,1,,,25,0,0,0,0,0,4,2,1
,2015_39538,0,0,12/12/2015 17:34,17:34,1,0,1,MONACO ST S & FLORIDA AVE E,4,3,0,2,1,1,,,35,0,0,0,0,3,4,2,13
,2015_39539,0,0,9/3/2015 11:47,11:47,12,0,0,MONACO ST 1100 BLK S & MISSISSIPPI AVE E,1,1,0,0,1,3,,,30,0,0,0,0,0,4,2,3
,2015_39540,0,0,8/23/2015 11:20,11:20,12,0,0,MORRISON RD & UTICA ST,1,1,0,0,1,1,,,35,0,0,0,0,0,4,2,7
,2015_39541,0,0,12/3/2015 7:15,7:15,15,0,0,NORTHFIELD BLVD N & CENTRAL PARK BLVD N,1,1,0,0,1,1,,,35,0,0,0,0,0,4,2,13
,2015_39542,0,0,9/2/2015 14:30,14:30,10,0,1,OSAGE ST 1400 BLK N & COLFAX AVE,1,1,0,0,1,2,,,30,0,0,0,0,2,4,4,1
,2015_39543,0,0,11/15/2015 7:51,7:51,3,0,0,PARK AVE W & WAZEE ST,1,1,0,0,1,1,,,30,0,0,0,0,0,4,2,3
,2015_39544,0,0,9/9/2015 8:02,8:02,3,0,0,PECOS ST S & NEVADA PL W,1,1,0,0,1,1,,,20,0,0,0,0,1,4,2,13
,2015_39545,0,0,8/13/2015 8:35,8:35,15,0,0,PENA BLVD 8300 BLK & 8400 BLK,1,1,1,0,1,4,,,35,0,0,0,0,0,4,2,1
,2015_39546,0,0,9/16/2015 17:55,17:55,12,0,0,PENA BLVD & GVR BLVD,1,1,0,0,1,1,,,45,0,0,0,0,0,4,2,13
,2015_39547,0,0,9/29/2015 4:48,4:48,15,0,0,QUEBEC ST N & 36TH AVE E,2,3,0,1,1,1,,,40,0,0,0,0,0,4,2,13
,2015_39548,0,0,11/23/2015 12:21,12:21,12,0,0,QUEBEC ST N & 36TH AVE E,1,1,0,0,1,1,,,45,0,0,0,0,1,4,2,16
,2015_39549,0,0,11/27/2015 16:57,16:57,1,0,0,QUEBEC ST N & LOWRY BLVD E,2,3,1,2,1,1,,,35,0,0,0,0,0,4,2,7
,2015_39550,0,0,11/21/2015 0:07,0:07,12,0,0,QUEBEC ST N & SANDOWN RD E,5,4,0,0,1,4,,,45,0,0,0,0,0,4,2,14
,2015_39551,0,0,10/24/2015 15:00,15:00,15,0,0,18TH ST & BROADWAY ST N,1,1,0,0,1,1,,,25,0,0,0,0,0,4,2,8
,2015_39552,0,0,11/3/2015 11:38,11:38,6,0,0,13TH AVE 1300 BLK E & MARION ST N,1,1,0,7,1,4,,,30,0,0,0,0,0,4,3,16
,2015_39553,0,0,8/5/2015 19:07,19:07,2,0,2,BROADWAY ST 300 BLK N & 3RD AVE E,1,1,0,0,1,4,,,35,1,0,0,1,3,4,3,1
,2015_39554,0,0,10/15/2015 16:18,16:18,12,0,0,20TH ST & STOUT ST,1,1,0,0,1,3,,,25,0,0,0,0,0,4,2,13
,2015_39555,0,0,11/3/2015 9:30,9:30,3,0,0,22ND ST & TREMONT PL,1,1,0,0,1,1,,,25,0,0,0,0,0,4,2,14
,2015_39556,0,0,9/14/2015 18:42,18:42,12,0,0,SPEER BLVD N & 29TH AVE W,1,3,1,0,1,4,,,35,0,0,0,0,0,4,2,14
,2015_39557,0,0,11/3/2015 15:48,15:48,12,0,0,SPEER BLVD & KALAMATH ST,1,1,0,0,1,1,,,35,0,0,0,0,0,4,2,16
,2015_39558,0,0,11/8/2015 7:24,7:24,1,0,0,SPEER BLVD N & MARKET ST,1,1,0,0,1,1,,,30,0,0,0,0,1,4,2,16
,2015_39559,0,0,10/18/2015 12:51,12:51,8,0,0,SPEER BLVD E & WASHINGTON ST N,1,1,0,0,1,1,,,30,0,0,0,0,0,4,2,13
,2015_39561,0,0,12/23/2015 13:40,13:40,12,0,0,STEELE ST S & ELLSWORTH AVE E,1,1,0,0,1,4,,,30,0,0,0,0,0,4,2,13
,2015_39562,0,0,8/22/2015 2:12,2:12,10,0,0,STOUT ST & 20TH ST,1,3,0,0,1,1,,,25,0,0,0,0,0,4,2,1
,2015_39563,0,0,12/7/2015 8:10,8:10,12,0,0,UINTA ST & 4900 BLK N,1,1,0,0,1,2,,,25,0,0,0,0,0,4,2,13
,2015_39564,0,0,9/17/2015 16:57,16:57,12,0,0,UNIVERSITY BLVD 100 BLK S & CHERRY CREEK DR S,1,1,0,0,1,3,,,30,0,0,0,0,0,4,2,3
,2015_39565,0,0,10/16/2015 14:25,14:25,15,0,0,UNIVERSITY BLVD 2000 BLK & EVANS AVE E,1,1,0,0,1,4,,,30,0,0,0,0,0,4,2,13
,2015_39566,0,0,9/23/2015 16:46,16:46,3,0,1,UNIVERSITY BLVD S & HARVARD AVE E,1,1,1,0,1,1,,,35,0,0,0,0,2,4,2,1
,2015_39567,0,0,8/23/2015 9:21,9:21,3,0,1,VIRGINIA AVE E & BROADWAY S,1,1,0,7,1,1,,,30,0,0,0,0,2,4,2,16
,2015_39568,0,0,12/17/2015 15:14,15:14,12,0,0,WASHINGTON ST & 4800 BLK N,5,1,1,0,1,4,,,35,0,0,0,0,0,4,2,13
,2015_39570,39.702201,-105.025063,8/24/2015 18:38,18:38,14,0,0,FEDERAL BLVD S & OHIO AVE W,1,1,0,0,1,3,,,40,0,0,0,0,1,2,2,1
,2015_39572,0,0,11/21/2015 11:44,11:44,6,0,0,ASBURY AVE E & LOGAN ST S,2,1,0,7,1,4,,,25,0,0,0,0,0,4,2,16
,2015_39573,39.755141,-105.012706,8/5/2015 15:50,15:50,12,0,0,I-25 & SPEER BLVD,1,1,0,0,1,4,,,55,0,0,0,0,0,1,2,7
,2015_39593,39.652977,-104.937746,8/6/2015 18:44,18:44,12,0,0,HAMPDEN AVE E & ASH ST S,1,1,1,0,1,4,,,45,0,0,0,0,0,2,2,3
,2015_39598,0,0,8/29/2015 15:58,15:58,15,0,0,WELTON ST & 15TH ST,1,1,0,0,1,4,,,30,0,0,0,0,0,4,2,14
,2015_39616,0,0,11/14/2015 20:38,20:38,6,0,0,11TH AVE 1000 BLK E & CORONA ST N,1,2,0,7,1,4,,,25,0,0,0,0,0,4,2,16
,2015_39617,0,0,1/26/2015 8:30,8:30,6,0,0,HUMBOLDT ST 1400 BLK N & 14TH AVE E,1,2,0,7,1,4,,,25,0,0,0,0,0,4,2,16
,2015_39622,39.725534,-105.038428,11/21/2015 8:40,8:40,5,0,0,6TH AVE FRONTAGE RD S & OSCEOLA ST N,4,1,0,1,3,4,,,25,0,0,0,0,0,4,1,14
,2015_39623,0,0,12/22/2015 13:26,13:26,12,0,0,YOSEMITE ST S & BELLEVIEW AVE E,1,1,1,0,1,1,,,30,0,0,0,0,1,4,2,14
,2015_39624,0,0,10/13/2015 11:45,11:45,12,0,0,YOSEMITE ST 3500 BLK S & JEFFERSON AVE E,1,1,0,0,1,3,,,30,0,0,0,0,0,4,2,12
,2015_39625,0,0,11/16/2015 7:20,7:20,15,0,0,ZUNI ST N & 28TH AVE W,1,1,0,0,1,1,,,35,0,0,0,0,0,4,2,13
,2015_39676,39.778106,-104.989193,8/16/2015 20:47,20:47,15,0,0,I-25 & I-70,1,3,0,0,1,4,,,55,0,0,0,0,0,1,2,5
,2015_39699,39.729589,-104.940624,9/30/2015 18:25,18:25,12,0,0,COLORADO BLVD 800 BLK N & 8TH AVE E,1,1,0,0,1,4,,,30,0,0,0,0,0,2,2,13
,2015_39700,39.747217,-104.940604,9/29/2015 12:10,12:10,12,0,0,COLORADO BLVD N & MONTVIEW BLVD E,1,1,0,0,1,3,,,35,0,0,0,0,0,2,2,13
,2015_39701,39.765639,-104.940496,11/24/2015 18:23,18:23,1,0,0,COLORADO BLVD N & 35TH AVE E,1,3,0,0,1,1,,,35,0,0,0,0,0,2,2,16
,2015_39707,39.725597,-105.043871,10/27/2015 7:28,7:28,15,0,0,6TH AVE W & TENNYSON ST N,1,1,0,0,1,4,,,55,0,0,0,0,0,2,2,3
,2015_39708,39.725552,-105.039373,12/3/2015 7:34,7:34,15,0,0,6TH AVE W & PERRY ST N,1,1,0,0,1,4,,,55,0,0,0,0,0,2,2,7
,2015_39721,39.632191,-104.90594,9/14/2015 13:30,13:30,15,0,0,I-25 & MM 200,1,1,0,0,1,4,,,65,0,0,0,0,0,1,2,1
,2015_39722,39.639852,-104.910645,11/17/2015 7:52,7:52,15,0,0,I-25 & QUINCY AVE E,6,1,0,2,1,4,,,65,0,0,0,0,0,1,2,7
,2015_39723,39.672949,-104.929198,10/19/2015 6:45,6:45,12,0,0,I-25 & DICKENSON PL E (NOT I,1,2,0,0,1,4,,,65,0,0,0,0,0,1,2,3
,2015_39724,39.684918,-104.950446,11/30/2015 10:52,10:52,12,0,0,I-25 & STEELE ST S,2,1,0,0,1,4,,,55,0,0,0,0,1,1,2,3
,2015_39725,39.697473,-104.982744,8/17/2015 16:39,16:39,15,0,0,I-25 & LOGAN ST S,1,1,0,0,1,4,,,60,0,0,0,0,0,1,2,3
,2015_39726,39.701452,-104.987435,9/30/2015 15:21,15:21,12,0,0,I-25 & BROADWAY S,1,1,0,0,1,4,,,55,0,0,0,0,0,1,2,14
,2015_39727,39.701665,-104.987686,11/21/2015 8:25,8:25,12,0,0,I-25 SB OFF RAMP & BROADWAY S,5,1,1,0,1,8,,,55,0,0,0,0,0,1,2,7
,2015_39728,39.71124,-104.998918,7/30/2015 17:44,17:44,12,0,0,I-25 & ALAMEDA AVE W,1,1,0,0,1,4,,,55,0,0,0,0,0,1,2,1
,2015_39729,39.730198,-105.015132,9/18/2015 17:08,17:08,15,0,0,I-25 NB ON RAMP GORE PT & ENT FROM 6TH AVE,1,1,1,0,1,4,,,55,0,0,0,0,0,1,2,13
,2015_39730,39.730336,-105.01518,12/21/2015 9:28,9:28,12,0,0,I-25 NB ON RAMP GORE PT & ENT FROM 6TH AVE,1,1,0,0,1,4,,,55,0,0,0,0,1,1,2,14
,2015_39731,39.751291,-105.016572,10/2/2015 11:42,11:42,15,0,0,I-25 & 23RD AVE W,1,1,0,0,1,4,,,55,0,0,0,0,0,1,2,16
,2015_39732,39.758148,-105.008564,11/14/2015 1:16,1:16,15,0,0,I-25 & 20TH ST SB ON RAMP GO,1,3,1,0,1,4,,,55,0,0,0,0,0,1,2,3
,2015_39733,39.760997,-105.004275,8/17/2015 12:07,12:07,15,0,0,I-25 & 20TH ST,1,1,1,0,1,4,,,55,0,0,0,0,0,1,2,16