id,drcog_id,latitude,longitude,crashtime,time,crashtype,numbkilled,numbinjurd,drcoglocat,rdconditin,lightngcon,roadcntgrd,weatherco,location,roaddescrp,schoolzone,constrzone,splimit,bikeinv,pedinv,sctrinv,motoinv,svrty,rdsystem,ttlvehcls,hcf
,2015_39734,39.760997,-105.004275,10/29/2015 7:32,7:32,12,0,0,I-25 & 20TH ST,1,1,0,0,1,4,,,55,0,0,0,0,0,1,2,7
,2015_39735,39.768039,-104.994788,11/24/2015 13:30,13:30,12,0,0,I-25 & PARK AVE WEST,1,1,1,0,1,4,,,55,0,0,0,0,1,1,2,16
,2015_39736,39.768295,-104.994198,9/10/2015 20:10,20:10,12,0,0,I-25 SB OFF RAMP & PARK AVE WEST,1,3,0,0,1,8,,,55,0,0,0,0,0,1,2,7
,2015_39737,39.779391,-104.989165,12/18/2015 13:40,13:40,15,0,5,I-25 & I-70,1,1,0,0,1,4,,,55,0,0,0,0,3,1,2,13
,2015_39751,39.653088,-104.915267,9/11/2015 16:19,16:19,3,0,0,HAMPDEN AVE E & LOCUST ST S,1,1,1,0,1,1,,,15,0,0,0,0,0,2,2,3
,2015_39752,39.653043,-104.883537,10/27/2015 15:09,15:09,12,0,0,HAMPDEN AVE 8900 BLK E & YOSEMITE ST S,1,1,0,0,1,2,,,40,0,0,0,0,0,2,2,13
,2015_39758,39.777233,-104.903406,8/24/2015 9:10,9:10,12,0,0,QUEBEC ST N & I-70 EB RAMPS,1,1,0,0,1,3,,,45,0,0,0,0,0,2,2,13
,2015_39759,39.778885,-104.903403,11/13/2015 19:02,19:02,12,0,0,QUEBEC ST & I-70,1,1,0,0,1,1,,,35,0,0,0,0,0,2,2,13
,2015_39772,39.740048,-104.999949,10/13/2015 11:16,11:16,12,0,0,KALAMATH ST N & COLFAX AVE,1,1,1,0,1,1,,,30,0,0,0,0,0,2,2,13
,2015_39773,39.740009,-104.96852,12/2/2015 10:20,10:20,3,0,0,COLFAX AVE E & PARK AVE WEST,1,1,0,0,1,1,,,30,0,0,0,0,0,2,2,13
,2015_39774,39.740144,-104.948426,9/3/2015 19:33,19:33,3,0,0,COLFAX AVE E & ADAMS ST N (RD S),1,3,0,0,1,1,,,30,0,0,0,0,1,2,2,13
,2015_39775,39.740129,-104.943187,12/13/2015 18:34,18:34,12,0,0,COLFAX AVE 3700 BLK E & GARFIELD ST N,1,3,0,0,1,4,,,30,0,0,0,0,0,2,2,3
,2015_39776,39.740071,-104.92043,12/27/2015 15:24,15:24,12,0,0,COLFAX AVE 5800 BLK E & IVY ST N,1,1,0,0,1,4,,,35,0,0,0,0,0,2,2,3
,2015_39777,39.740073,-104.918721,12/11/2015 16:21,16:21,12,0,0,COLFAX AVE E & JASMINE ST N,1,1,0,0,1,1,,,35,0,0,0,0,0,2,2,13
,2015_39797,39.783164,-105.001102,10/16/2015 17:43,17:43,12,0,0,I-70 & MM 273,1,1,1,0,1,4,,,55,0,0,0,0,0,1,2,16
,2015_39798,39.780052,-104.989434,12/1/2015 8:35,8:35,12,0,0,I-70 & I-25,1,1,0,0,1,4,,,55,0,0,0,0,0,1,2,1
,2015_39799,39.779431,-104.977941,9/10/2015 18:19,18:19,12,0,0,I-70 & WASHINGTON ST N,1,1,0,0,1,4,,,55,0,0,0,0,1,1,2,4
,2015_39800,39.780016,-104.953183,11/5/2015 15:03,15:03,1,0,0,FILLMORE ST & 46TH AVE E,1,1,0,0,1,1,,,35,0,0,0,0,0,4,2,16
,2015_39801,39.779997,-104.949807,12/9/2015 14:13,14:13,12,0,0,I-70 & STEELE ST,1,1,0,0,1,4,,,55,0,0,0,0,0,1,2,16
,2015_39802,39.779951,-104.941972,11/3/2015 17:55,17:55,12,0,0,I-70 & MM 276,1,3,0,0,1,4,,,55,0,0,0,0,1,1,2,2
,2015_39803,39.775606,-104.865585,10/7/2015 9:10,9:10,15,0,0,I-70 & HAVANA ST N,1,1,1,0,1,4,,,55,0,0,0,0,0,1,2,14
,2015_39804,39.774005,-104.847034,9/6/2015 19:22,19:22,15,0,0,I-70 & PEORIA ST N,1,2,0,0,1,4,,,35,0,0,0,0,0,1,2,16
,2015_39805,39.774005,-104.847034,9/30/2015 6:25,6:25,15,0,0,I-70 & PEORIA ST N,1,1,1,0,1,4,,,55,0,0,0,0,0,1,2,16
,2015_39821,39.672645,-104.868137,9/29/2015 16:32,16:32,1,0,0,PARKER RD S & HARVARD AVE E,1,1,1,0,1,1,,,35,0,0,0,0,0,2,2,3
,2015_39822,39.696548,-104.898063,12/9/2015 7:00,7:00,15,0,0,PARKER RD S & MISSISSIPPI AVE E,1,1,1,0,1,3,,,35,0,0,0,0,0,2,2,1
,2015_39823,39.698234,-104.902629,8/17/2015 13:22,13:22,12,0,0,LEETSDALE DR 7300 BLK E & QUEBEC ST S,1,1,1,0,1,3,,,35,0,0,0,0,1,2,2,3
,2015_39824,39.700274,-104.908215,9/28/2015 11:53,11:53,12,0,0,LEETSDALE DR E & ONEIDA ST S,1,1,1,0,1,1,,,35,0,0,0,0,0,2,2,3
,2015_39825,39.700274,-104.908215,12/14/2015 7:55,7:55,3,0,0,LEETSDALE DR 7000 BLK & ONEIDA ST S,1,1,1,0,1,1,,,40,0,0,0,0,0,2,2,13
,2015_39826,39.702877,-104.912743,9/16/2015 6:05,6:05,12,0,0,LEETSDALE DR 6500 BLK & MONACO PKWY S,1,2,0,0,1,3,,,35,0,0,0,0,1,2,2,13
,2015_39827,39.702965,-104.912888,10/4/2015 9:15,9:15,12,0,0,LEETSDALE DR 6500 BLK & MONACO PKWY S,1,1,0,0,1,3,,,35,0,0,0,0,1,2,2,2
,2015_39828,39.707382,-104.922467,12/13/2015 13:23,13:23,12,0,0,LEETSDALE DR 5600 BLK & HOLLY ST S,1,1,0,0,1,4,,,35,0,0,0,0,0,2,2,13
,2015_39832,39.734783,-105.025189,9/13/2015 20:45,20:45,1,0,0,12TH AVE W & FEDERAL BLVD N,1,3,0,0,1,1,,,35,0,0,0,0,1,2,2,13
,2015_39833,39.730036,-105.025163,12/14/2015 11:56,11:56,15,0,0,FEDERAL BLVD & 800 BLK N,1,1,1,0,1,4,,,35,0,0,0,0,0,2,2,13
,2015_39835,39.725493,-105.025119,8/26/2015 11:15,11:15,12,0,0,6TH AVE W & FEDERAL BLVD N,1,1,0,0,1,4,,,35,0,0,0,0,0,2,2,13
,2015_39836,39.725493,-105.025119,12/30/2015 21:24,21:24,3,0,6,6TH AVE W & FEDERAL BLVD N,1,3,0,0,1,1,,,30,0,0,0,0,3,2,2,13
,2015_39837,39.72255,-105.025198,11/3/2015 7:30,7:30,15,0,0,FEDERAL BLVD N & SHORT PL W,1,1,0,0,1,4,,,25,0,0,0,0,0,2,2,7
,2015_39838,39.696764,-105.025061,9/17/2015 11:40,11:40,1,0,0,FEDERAL BLVD & 1100 BLK S,1,1,1,0,1,2,,,35,0,0,0,0,0,2,2,13
,2015_39840,39.631417,-105.025493,10/3/2015 15:21,15:21,1,0,4,FEDERAL BLVD S & UNION AVE W,1,1,0,0,1,1,,,35,0,0,0,0,2,2,2,5
,2015_39842,39.624077,-104.911994,11/13/2015 7:15,7:15,12,0,0,MONACO ST 5000 BLK S & BELLEVIEW AVE E,1,1,0,0,1,1,,,35,0,0,0,0,0,2,2,2
,2015_39850,39.656175,-105.053223,9/28/2015 16:40,16:40,12,0,0,SHERIDAN BLVD S & DARTMOUTH AVE W,1,1,1,0,1,1,,,40,0,0,0,0,0,2,2,7
,2015_39887,39.635523,-104.89346,10/19/2015 13:42,13:42,12,0,0,I-225 WB OFF RAMP & S TAMARAC PKWY,1,1,0,0,1,1,,,30,0,0,0,0,0,1,2,3
,2015_39888,39.639112,-104.885435,11/4/2015 7:29,7:29,12,0,0,I-225 SB ON COLLECTOR RAMP FROM & YOSEMITE ST S,1,1,1,0,1,8,,,45,0,0,0,0,1,1,2,7
,2015_39889,39.639193,-104.885266,8/31/2015 7:55,7:55,12,0,0,I-225 WB ON RAMP & YOSEMITE,1,1,0,0,1,8,,,45,0,0,0,0,0,1,2,13
,2015_39895,39.783935,-104.901523,11/9/2015 18:30,18:30,12,0,0,I-270 & QUEBEC ST,1,3,0,0,1,4,,,60,0,0,0,0,0,1,2,16
,2015_39899,39.652988,-104.920564,12/21/2015 8:23,8:23,12,0,0,HAMPDEN AVE E & IVY WY S,1,1,1,0,1,4,,,45,0,0,0,0,0,2,3,1
,2015_39900,39.740883,-105.025174,10/10/2015 20:18,20:18,15,0,0,FEDERAL BLVD N & SB OFF LOOP RAMP FROM COLFAX,1,3,0,0,1,8,,,35,0,0,0,0,0,2,2,13
,2015_39901,39.75855,-105.025134,10/4/2015 18:50,18:50,1,0,0,29TH AVE W & FEDERAL BLVD N,1,2,0,0,1,1,,,35,0,0,0,0,1,2,2,13
,2015_39902,39.784196,-105.02521,9/24/2015 14:16,14:16,12,0,0,FEDERAL BLVD N & I-70,1,5,0,0,1,4,,,35,0,0,0,0,0,2,2,3
,2015_39903,39.784196,-105.02521,10/3/2015 12:15,12:15,12,0,0,FEDERAL BLVD N & I-70,1,1,0,0,1,3,,,30,0,0,0,0,0,2,2,14
,2015_40000,0,0,2/24/2015 2:00,2:00,5,0,0,VALLEJO ST S & GUNNISON PL W,5,3,1,7,4,4,,,25,0,0,0,0,0,4,1,5
,2015_40010,0,0,11/16/2015 13:43,13:43,12,0,0,1ST AVE E & GILPIN ST N,1,1,0,0,1,4,,,30,0,0,0,0,0,4,2,16
,2015_40011,0,0,11/13/2015 16:53,16:53,1,0,0,1ST AVE E & HARRISON ST N,1,3,1,0,1,1,,,35,0,0,0,0,0,4,2,13
,2015_40012,0,0,10/4/2015 2:00,2:00,12,0,0,1ST AVE E & STEELE ST N,1,3,0,0,1,3,,,30,0,0,0,0,0,4,2,5
,2015_40013,0,0,11/15/2015 19:00,19:00,3,0,0,2ND AVE E & STEELE ST N,1,3,1,0,1,5,,,25,0,0,0,0,0,4,2,1
,2015_40014,0,0,9/25/2015 8:39,8:39,3,0,0,6TH AVE W SERVICE RD (NOT CDOT) & RALEIGH ST N,1,1,0,0,1,1,,,30,0,0,0,0,0,4,2,14
,2015_40016,0,0,8/11/2015 11:11,11:11,10,0,0,8TH AVE E & COLORADO BLVD N,1,1,0,0,1,2,,,30,0,0,0,0,0,4,2,13
,2015_40017,0,0,8/23/2015 8:25,8:25,3,0,0,11TH AVE W & SPEER BLVD N,1,1,0,7,1,1,,,35,0,0,0,0,0,4,2,16
,2015_40018,0,0,9/26/2015 10:59,10:59,12,0,0,12TH AVE 300 BLK E & GRANT ST N,1,1,0,0,1,3,,,30,0,0,0,0,0,4,2,3
,2015_40019,0,0,11/15/2015 0:22,0:22,10,0,0,13TH AVE W & CHEROKEE ST N,1,3,0,0,1,1,,,30,0,0,0,0,0,4,2,8
,2015_40020,0,0,11/22/2015 17:25,17:25,3,0,0,14TH AVE E & MILWAUKEE ST N,1,3,0,0,1,1,,,35,0,0,0,0,0,4,2,5
,2015_40021,0,0,8/26/2015 15:40,15:40,6,0,0,18TH AVE W & LOWELL BLVD N,1,1,0,0,1,4,,,25,0,0,0,0,0,4,3,12
,2015_40022,0,0,11/16/2015 9:15,9:15,10,0,0,20TH AVE & WASHINGTON ST,1,1,0,0,1,1,,,30,0,0,0,0,0,4,2,16
,2015_40023,0,0,11/23/2015 14:31,14:31,10,0,0,23RD AVE E & YORK ST N,1,1,1,0,1,4,,,30,0,0,0,0,0,4,2,7
,2015_40024,0,0,11/25/2015 10:06,10:06,12,0,0,26TH AVE W & IRVING ST N,1,1,0,0,1,4,,,30,0,0,0,0,1,4,2,16
,2015_40025,0,0,11/24/2015 18:45,18:45,12,0,0,29TH AVE W & LOWELL BLVD N,1,3,0,0,1,4,,,30,0,0,0,0,0,4,2,8
,2015_40026,0,0,12/12/2015 23:35,23:35,3,0,0,29TH AVE W & ZUNI ST N,2,3,0,0,1,1,,,35,0,0,0,0,0,4,2,5
,2015_40027,0,0,8/16/2015 10:51,10:51,10,0,0,31ST AVE E & YORK ST N,1,1,0,0,1,1,,,30,0,0,0,0,0,4,2,13
,2015_40028,0,0,9/2/2015 14:23,14:23,15,0,0,35TH AVE 5200 BLK E & FOREST ST N,1,1,0,0,1,1,,,30,0,0,0,0,0,4,2,13
,2015_40029,0,0,11/17/2015 5:30,5:30,3,0,0,39TH AVE E & PEORIA ST N,4,3,0,2,1,1,,,45,0,0,0,0,0,4,2,16
,2015_40031,0,0,8/21/2015 17:07,17:07,12,0,0,40TH AVE E & YORK ST N,1,1,0,0,1,1,,,30,0,0,0,0,0,4,2,13
,2015_40032,0,0,9/11/2015 13:40,13:40,12,0,0,75TH AVE 24700 BLK E & JACKSON GAP ST N,1,1,0,0,1,1,,,45,0,0,0,0,0,4,2,2
,2015_40033,0,0,11/16/2015 10:20,10:20,15,0,0,56TH AVE E & DALLAS ST,1,1,0,0,1,4,,,45,0,0,0,0,0,4,2,13
,2015_40034,0,0,9/22/2015 14:59,14:59,1,0,0,ALAMEDA AVE E & WASHINGTON ST S,1,1,0,0,1,1,,,30,0,0,0,0,0,4,2,8
,2015_40035,0,0,7/4/2015 12:30,12:30,12,0,0,ARAPAHOE ST 1300 BLK & 13TH ST,1,1,0,0,1,1,,,30,0,0,0,0,0,4,2,13
,2015_40036,0,0,10/22/2015 6:21,6:21,15,0,0,ARAPAHOE ST 1900 BLK & 20TH ST,2,1,0,1,1,4,,,30,0,0,0,0,0,4,2,13
,2015_40037,0,0,11/6/2015 11:05,11:05,12,0,0,BAYAUD AVE W & SANTA FE DR S,1,1,0,0,1,3,,,25,0,0,0,0,0,4,2,3
,2015_40038,0,0,10/3/2015 19:04,19:04,10,0,0,BRIGHTON BLVD & 40TH ST,1,3,0,0,1,2,,,35,0,0,0,0,0,4,2,7
,2015_40039,0,0,9/5/2015 18:40,18:40,15,0,0,BROADWAY ST 900 BLK N & 9TH AVE E,1,1,1,0,1,4,,,30,0,0,0,0,0,4,2,7
,2015_40040,0,0,10/21/2015 17:21,17:21,12,0,0,E BUCHTEL BLVD & LOGAN ST S,1,2,0,1,1,1,,,30,0,0,0,0,1,4,2,14
,2015_40041,0,0,12/9/2015 17:02,17:02,3,0,0,DOWNING ST S & ILIFF AVE E,1,3,0,0,1,1,,,30,0,0,0,0,0,4,2,13
,2015_40042,0,0,11/1/2015 23:30,23:30,10,0,0,ALAMEDA AVE W & CHEROKEE ST S,1,3,1,0,1,1,,,35,0,0,0,0,0,4,2,16
,2015_40043,0,0,9/21/2015 15:45,15:45,12,0,0,CHERRY CREEK DR S E & MONACO PKWY S,1,1,0,0,1,1,,,30,0,0,0,0,1,4,2,7
,2015_40044,0,0,12/7/2015 7:35,7:35,3,0,0,DAHLIA ST 2000 BLK S & EVANS AVE E,1,1,0,0,1,2,,,25,0,0,0,0,0,4,2,7
,2015_40045,0,0,12/3/2015 16:20,16:20,12,0,0,DOWNING ST 100 BLK S & CEDAR AVE E,1,1,0,0,1,4,,,30,0,0,0,0,0,4,2,14
,2015_40046,0,0,10/26/2015 18:08,18:08,12,0,0,EVANS AVE E & JASMINE ST S,1,2,0,0,1,2,,,35,0,0,0,0,0,4,2,16
,2015_40047,0,0,9/15/2015 8:20,8:20,12,0,0,EVANS AVE 6900 BLK E & ONEIDA ST S,1,1,1,0,1,1,,,35,0,0,0,0,0,4,2,3
,2015_40048,0,0,10/16/2015 6:45,6:45,12,0,2,GVR BLVD E & TELLURIDE ST N,1,2,0,0,1,3,,,45,0,0,0,0,2,4,2,3
,2015_40049,0,0,12/21/2015 9:05,9:05,12,0,0,HAPPY CANYON RD 5500 BLK & GRAPE ST S,2,1,0,0,1,1,,,30,0,0,0,0,0,4,2,13
,2015_40050,0,0,10/11/2015 10:12,10:12,3,0,0,KALAMATH ST 500 BLK N & 6TH AVE W,1,1,0,0,1,3,,,30,0,0,0,0,0,4,2,1
,2015_40051,0,0,11/2/2015 11:35,11:35,12,0,0,LOGAN ST N & 11TH AVE E,1,1,1,0,1,4,,,30,0,0,0,0,1,4,2,16
,2015_40052,0,0,12/12/2015 11:53,11:53,12,0,0,LOGAN ST N & SPEER BLVD E,2,1,1,2,1,4,,,30,0,0,0,0,0,4,2,14
,2015_40053,0,0,12/24/2015 10:28,10:28,3,0,0,MADISON ST N & 1ST AVE E,1,1,0,0,1,1,,,25,0,0,0,0,0,4,2,13
,2015_40054,0,0,9/23/2015 16:23,16:23,15,0,0,MONACO ST PKWY & 2500 BLK S,1,1,0,0,1,4,,,35,0,0,0,0,1,4,2,13
,2015_40055,0,0,12/18/2015 9:45,9:45,15,0,0,MONACO ST & 4200 BLK N,2,1,0,0,1,4,,,30,0,0,0,0,0,4,2,13
,2015_40056,0,0,10/4/2015 14:55,14:55,15,0,0,MONACO PKWY 700 BLK S & EXPOSITION AVE E,1,1,1,0,1,4,,,35,0,0,0,0,0,4,2,13
,2015_40057,0,0,12/21/2015 5:45,5:45,8,0,1,NORTHFIELD BLVD E & DALLAS ST N,1,3,0,0,1,4,,,45,0,0,0,0,2,4,2,1
,2015_40058,0,0,11/7/2015 10:05,10:05,3,0,1,ONEIDA ST S & TENNESSEE AVE E,1,1,0,0,1,2,,,25,0,0,0,0,3,4,3,13
,2015_40059,0,0,11/9/2015 22:43,22:43,10,0,0,PARK AVE & HUMBOLDT ST N,1,3,0,0,1,1,,,30,0,0,0,0,1,4,2,7
,2015_40060,0,0,12/12/2015 14:25,14:25,10,0,0,PARK AVE W & LARIMER ST,2,1,0,2,1,1,,,30,0,0,0,0,0,4,2,13
,2015_40061,0,0,12/12/2015 16:08,16:08,15,0,0,PENA BLVD 7700 BLK & JACKSON GAP ST,5,2,0,2,1,4,,,55,0,0,0,0,0,4,2,7
,2015_40062,0,0,8/17/2015 11:43,11:43,1,0,0,PEORIA ST N & 45TH AVE E,1,1,1,7,1,1,,,40,0,0,0,0,0,4,2,16
,2015_40063,0,0,12/29/2015 11:27,11:27,3,0,0,PLATTE ST & 1800 BLK,1,1,1,0,1,2,,,30,0,0,0,0,1,4,2,13
,2015_40064,0,0,12/29/2015 11:30,11:30,12,0,0,QUEBEC ST & 2200 BLK N,1,1,0,0,1,4,,,35,0,0,0,0,0,4,2,7
,2015_40065,0,0,12/14/2015 10:25,10:25,3,0,0,QUINCE ST N & 14TH AVE E,1,1,0,0,1,1,,,30,0,0,0,0,0,4,2,8
,2015_40066,0,0,10/21/2015 13:20,13:20,3,0,0,RACE ST N & 18TH AVE E,2,1,0,1,1,1,,,25,0,0,0,0,0,4,2,13
,2015_40067,0,0,10/23/2015 13:16,13:16,3,0,0,RINGSBY CT & 3400 BLK,1,1,1,0,1,2,,,20,0,0,0,0,0,4,2,13
,2015_40068,0,0,10/4/2015 6:45,6:45,10,0,0,14TH ST 700 BLK & CALIFORNIA ST,1,1,0,0,1,2,,,25,0,0,0,0,0,4,2,8
,2015_40069,0,0,11/6/2015 18:25,18:25,12,0,0,14TH ST & CHAMPA ST,1,3,0,0,1,3,,,25,0,0,0,0,0,4,2,7
,2015_40070,0,0,9/12/2015 15:55,15:55,3,0,0,15TH ST & TREMONT ST,1,1,0,0,1,1,,,30,0,0,0,0,0,4,2,8
,2015_40071,0,0,12/14/2015 12:32,12:32,15,0,0,15TH ST & TREMONT PL,1,1,0,0,1,1,,,25,0,0,0,0,0,4,2,8
,2015_40072,0,0,10/21/2015 10:30,10:30,10,0,0,18TH ST & LARIMER ST,2,1,0,1,1,1,,,25,0,0,0,0,0,4,2,13
,2015_40074,0,0,9/2/2015 9:10,9:10,12,0,0,20TH ST & LITTLE RAVEN ST,1,1,0,0,1,1,,,30,0,0,0,0,0,4,2,13
,2015_40075,0,0,8/22/2015 17:50,17:50,15,0,0,31ST ST & WALNUT ST,1,1,0,7,1,1,,,35,0,0,0,0,0,4,2,16
,2015_40076,0,0,8/21/2015 9:40,9:40,12,0,0,38TH ST & WALNUT ST,1,1,1,7,1,4,,,30,0,0,0,0,0,4,2,16
,2015_40077,0,0,10/1/2015 13:35,13:35,12,0,0,SPEER BLVD 1400 BLK N & COLFAX AVE E,1,1,0,0,1,4,,,30,0,0,0,0,0,4,2,13
,2015_40078,0,0,10/14/2015 14:15,14:15,3,0,1,SPEER BLVD E & CORONA ST N,1,1,0,0,1,1,,,30,0,0,0,0,2,4,2,16
,2015_40079,0,0,11/10/2015 6:11,6:11,3,0,0,SPEER BLVD E & WASHINGTON ST N,1,3,0,0,1,1,,,35,0,0,0,0,1,4,2,13
,2015_40080,0,0,9/3/2015 7:40,7:40,15,0,0,SPEER BLVD N & ZUNI ST N,1,1,0,0,1,1,,,35,0,0,0,0,0,4,2,14
,2015_40081,0,0,12/29/2015 12:18,12:18,3,0,0,STEELE ST 100 BLK N & 1ST AVE E,1,1,0,0,1,2,,,25,0,0,0,0,0,4,2,13
,2015_40082,0,0,11/4/2015 13:39,13:39,15,0,0,TEJON ST & 3100 BLK N,1,1,1,0,1,4,,,30,0,0,0,0,0,4,2,16
,2015_40083,0,0,11/11/2015 17:18,17:18,12,0,0,TENNESSEE AVE 6500 BLK E & MONACO ST S,1,3,0,0,1,4,,,30,0,0,0,0,0,4,2,13
,2015_40084,0,0,11/8/2015 13:15,13:15,3,0,0,TOWER RD N & 49TH AVE E,1,1,0,0,1,1,,,25,0,0,0,0,0,4,2,16
,2015_40085,0,0,8/31/2015 18:23,18:23,15,0,0,UNIVERSITY BLVD N & 3RD AVE E,1,1,0,0,1,1,,,30,0,0,0,0,0,4,2,3
,2015_40086,0,0,12/18/2015 9:09,9:09,12,0,0,WASHINGTON ST 1200 BLK N & 13TH AVE,4,1,0,2,1,3,,,30,0,0,0,0,1,4,2,13
,2015_40087,0,0,12/13/2015 17:45,17:45,10,0,0,WELTON ST & BROADWAY ST N,1,3,0,0,1,1,,,35,0,0,0,0,0,4,2,13
,2015_40089,0,0,11/5/2015 20:40,20:40,3,0,0,ZUNI ST N & 31ST AVE W,1,3,0,0,1,1,,,25,0,0,0,0,0,4,2,16
,2015_40174,39.689321,-104.940549,9/29/2015 18:48,18:48,1,0,0,COLORADO BLVD S & FLORIDA AVE E,2,3,1,0,1,1,,,35,0,0,0,0,0,2,2,13
,2015_40176,39.704901,-104.940623,12/23/2015 8:11,8:11,12,0,0,COLORADO BLVD S & E EXPOSITION AVE,1,1,0,0,1,4,,,35,0,0,0,0,0,2,2,1
,2015_40179,39.717824,-104.940628,9/28/2015 21:45,21:45,1,0,0,COLORADO BLVD S & 1ST AVE E,1,3,0,0,1,1,,,35,0,0,0,0,0,2,2,13
,2015_40180,39.727365,-104.940627,12/31/2015 12:30,12:30,12,0,0,COLORADO BLVD & 7TH AVE E,1,1,0,0,1,1,,,35,0,0,0,0,0,2,2,13
,2015_40181,39.732118,-104.940621,9/2/2015 11:40,11:40,15,0,0,10TH AVE E & COLORADO BLVD N,1,1,0,0,1,4,,,35,0,0,0,0,0,2,2,13
,2015_40182,39.772893,-104.940506,9/15/2015 11:35,11:35,3,0,0,COLORADO BLVD N & 40TH AVE E,1,1,0,0,1,1,,,25,0,0,0,0,0,2,2,13
,2015_40184,39.725552,-105.039373,12/8/2015 17:09,17:09,12,0,0,6TH AVE W & PERRY ST N,1,3,1,0,1,1,,,45,0,0,0,0,0,2,2,1
,2015_40185,39.725553,-105.036205,10/23/2015 19:59,19:59,12,0,0,6TH AVE W & MEADE ST N OFFSET REF,1,3,1,0,1,4,,,45,0,0,0,0,0,2,2,13
,2015_40186,39.725457,-105.032462,12/1/2015 12:53,12:53,3,0,1,6TH AVE W & KNOX CT N,1,1,1,0,1,1,,,30,0,0,0,0,2,2,2,13
,2015_40212,39.623866,-104.901444,10/25/2015 14:57,14:57,12,0,0,I-25 & BELLEVIEW AVE E,1,1,0,0,1,4,,,65,0,0,0,0,0,1,2,16
,2015_40213,39.626939,-104.90325,9/12/2015 11:00,11:00,5,0,0,I-25 & I-225 NB OFF RAMP GOR,1,1,0,0,1,4,,,55,0,0,0,0,0,1,2,14
,2015_40214,39.666808,-104.925028,11/4/2015 8:45,8:45,12,0,0,I-25 & YALE AVE E,1,1,1,0,1,4,,,65,0,0,0,0,0,1,2,16
,2015_40215,39.68492,-104.959513,10/22/2015 18:25,18:25,12,0,0,I-25 & UNIVERSITY BLVD S,2,4,0,1,1,4,,,55,0,0,0,0,0,1,2,3
,2015_40216,39.695108,-104.980024,9/11/2015 6:52,6:52,12,0,0,I-25 & WASHINGTON ST S,1,1,0,0,1,8,,,60,0,0,0,0,0,1,2,8
,2015_40217,39.697043,-104.982249,8/19/2015 17:20,17:20,12,0,0,I-25 & LOGAN ST S,1,1,0,0,1,4,,,55,0,0,0,0,0,1,2,7
,2015_40218,39.700841,-104.986681,11/13/2015 13:54,13:54,1,0,0,BROADWAY ST S & KENTUCKY AVE W/I-25 S,1,1,0,0,1,1,,,30,0,0,0,0,1,1,2,13
,2015_40219,39.701452,-104.987435,12/7/2015 17:13,17:13,12,0,0,I-25 & BROADWAY S,1,2,0,0,1,4,,,55,0,0,0,0,0,1,2,16
,2015_40220,39.701452,-104.987435,9/11/2015 13:30,13:30,1,0,0,BROADWAY S & I-25 SB RAMP,1,1,1,0,1,1,,,35,0,0,0,0,0,1,2,13
,2015_40221,39.704008,-104.992907,8/20/2015 12:45,12:45,15,0,0,I-25 & SANTA FE DR S,1,1,1,0,1,4,,,55,0,0,0,0,0,1,2,3
,2015_40222,39.722563,-105.010032,12/11/2015 12:50,12:50,12,0,0,I-25 & 6TH AVE W,1,1,1,0,1,4,,,55,0,0,0,0,0,1,2,16
,2015_40223,39.725247,-105.012893,12/23/2015 16:21,16:21,12,0,0,I-25 & 6TH AVE W,1,3,0,0,1,4,,,55,0,0,0,0,0,1,2,13
,2015_40224,39.72543,-105.013021,9/1/2015 8:03,8:03,15,0,0,I-25 & 6TH AVE W,1,1,0,0,1,4,,,55,0,0,0,0,0,1,2,8
,2015_40225,39.737517,-105.013923,11/11/2015 21:55,21:55,12,0,0,I-25 & MM 210,1,3,0,0,1,4,,,55,0,0,0,0,0,1,2,3
,2015_40226,39.74035,-105.013939,9/30/2015 16:46,16:46,12,0,0,I-25 & COLFAX AVE,1,1,0,0,1,4,,,55,0,0,0,0,0,1,2,13
,2015_40227,39.751291,-105.016572,11/2/2015 9:30,9:30,12,0,0,I-25 & 23RD AVE W,1,1,0,0,1,4,,,55,0,0,0,0,0,1,2,16
,2015_40228,39.75823,-105.008449,10/19/2015 22:37,22:37,5,0,0,I-25 & 15TH ST,1,3,0,0,1,4,,,60,0,0,0,0,1,1,2,5
,2015_40229,39.760997,-105.004275,12/28/2015 17:33,17:33,12,0,0,I-25 & 20TH ST,1,3,1,0,1,4,,,55,0,0,0,0,0,1,2,13
,2015_40230,39.761227,-105.003985,11/23/2015 18:36,18:36,12,0,0,I-25 NB ON RAMP & 20TH ST,1,3,0,0,1,8,,,45,0,0,0,0,0,1,2,8
,2015_40231,39.768039,-104.994788,9/12/2015 16:36,16:36,12,0,0,38TH AVE 700 BLK W & FOX ST N,1,1,0,0,1,1,,,35,0,0,0,0,1,1,2,13
,2015_40232,39.778106,-104.989193,10/26/2015 15:30,15:30,15,0,0,I-25 NB OFF RAMP TO I-70 & RAMP SPLIT PT,1,1,0,0,1,8,,,55,0,0,0,0,0,1,2,16
,2015_40233,39.779391,-104.989165,8/26/2015 16:01,16:01,15,0,0,I-25 & I-70,1,1,1,0,1,4,,,55,0,0,0,0,0,1,2,8