id,drcog_id,latitude,longitude,crashtime,time,crashtype,numbkilled,numbinjurd,drcoglocat,rdconditin,lightngcon,roadcntgrd,weatherco,location,roaddescrp,schoolzone,constrzone,splimit,bikeinv,pedinv,sctrinv,motoinv,svrty,rdsystem,ttlvehcls,hcf
,2015_40234,39.779391,-104.989165,11/5/2015 16:00,16:00,12,0,1,I-25 & I-70,1,1,0,0,1,4,,,55,0,0,0,0,2,1,2,8
,2015_40235,39.785175,-104.989137,8/15/2015 23:25,23:25,12,0,0,I-25 & 48TH AVE W,2,3,0,1,1,4,,,55,0,0,0,0,1,1,2,14
,2015_40249,39.711183,-105.001877,8/19/2015 16:52,16:52,12,0,2,ALAMEDA AVE W & LIPAN ST S,1,1,0,0,1,3,,,35,0,0,0,0,2,2,2,1
,2015_40250,39.653083,-104.910503,11/5/2015 17:27,17:27,12,0,1,HAMPDEN AVE E & MONACO ST S,1,3,0,0,1,2,,,40,0,0,0,0,2,2,2,3
,2015_40251,39.653077,-104.898688,10/29/2015 14:59,14:59,15,0,0,TAMARAC DR S & HAMPDEN AVE E,1,1,0,0,1,1,,,30,0,0,0,0,0,2,2,13
,2015_40262,39.781956,-104.901624,11/20/2015 20:38,20:38,3,0,0,QUEBEC ST & I-270 EB OFF LOOP RAM,5,3,1,2,1,1,,,45,0,0,0,0,0,2,2,16
,2015_40274,39.740044,-104.999588,10/21/2015 6:55,6:55,15,0,0,COLFAX AVE 900 BLK W & KALAMATH ST N,2,1,0,1,1,4,,,35,0,0,0,0,0,2,2,13
,2015_40288,39.783531,-105.043983,11/3/2015 18:20,18:20,15,0,0,I-70 & TENNYSON ST N,1,3,0,0,1,4,,,55,0,0,0,0,0,1,2,1
,2015_40289,39.784206,-105.025519,12/8/2015 7:55,7:55,15,0,0,I-70 & FEDERAL BLVD N EB RAM,1,1,0,0,1,4,,,55,0,0,0,0,0,1,2,16
,2015_40290,39.782447,-104.9986,12/12/2015 20:25,20:25,15,0,0,I-70 & EB EXIT TO I-25 SB,5,3,1,0,1,4,,,55,0,0,0,0,1,1,2,13
,2015_40291,39.778287,-104.912805,9/24/2015 8:00,8:00,15,0,1,I-70 & MONACO PKWY N,1,1,0,0,1,4,,,55,0,0,0,0,2,1,2,13
,2015_40292,39.7783,-104.903459,9/10/2015 13:59,13:59,12,0,0,I-70 & QUEBEC ST N,1,1,1,0,1,4,,,55,0,0,0,0,0,1,2,13
,2015_40293,39.774005,-104.847034,9/9/2015 15:23,15:23,3,0,0,PEORIA ST N & I-70 WB RAMPS,1,1,1,0,1,1,,,35,0,0,0,0,0,1,2,3
,2015_40294,39.773624,-104.842528,12/3/2015 17:00,17:00,15,0,0,I-70 & MM 281,1,2,1,0,1,4,,,45,0,0,0,0,0,1,2,14
,2015_40300,0,0,5/9/2015 21:29,21:29,5,0,0,MONACO PKWY 3600 BLK N & 36TH AVE E,6,3,0,2,3,4,,,30,0,0,0,0,0,4,1,13
,2015_40309,39.698738,-104.903937,10/21/2015 8:05,8:05,12,0,0,LEETSDALE DR 7200 BLK & QUEBEC ST S,2,1,0,1,1,3,,,35,0,0,0,0,0,2,2,13
,2015_40317,39.678438,-104.993322,10/31/2015 17:11,17:11,15,0,0,SANTA FE DR S & EVANS AVE W,1,1,0,0,1,1,,,40,0,0,0,0,0,2,2,1
,2015_40318,39.696696,-104.991872,11/5/2015 11:49,11:49,1,0,0,MISSISSIPPI AVE W & PLATTE RIVER DR S,1,1,0,0,1,1,,,45,0,0,0,0,0,2,2,8
,2015_40322,39.725493,-105.025119,10/29/2015 14:45,14:45,10,0,0,6TH AVE W RAMP & FEDERAL BLVD N,1,1,1,0,1,1,,,30,0,0,0,0,0,2,2,13
,2015_40325,39.624078,-104.908974,12/8/2015 9:14,9:14,15,0,0,BELLEVIEW AVE E & NIAGRA ST S,1,1,0,0,1,2,,,40,0,0,0,0,0,2,2,16
,2015_40335,39.690092,-105.053248,12/10/2015 9:30,9:30,1,0,0,SHERIDAN BLVD S & FLORIDA AVE W,1,1,0,0,1,2,,,35,0,0,0,0,1,2,2,13
,2015_40336,39.690812,-105.053196,9/5/2015 8:00,8:00,1,0,0,SHERIDAN BLVD S & ARKANSAS AVE W,1,1,0,0,1,2,,,40,0,0,0,0,0,2,2,3
,2015_40348,39.616331,-105.091129,12/24/2015 11:53,11:53,12,0,0,HWY 121 & MM 5,1,1,0,0,1,4,,,45,0,0,0,0,0,2,2,13
,2015_40369,39.635523,-104.89346,11/11/2015 20:02,20:02,1,0,0,TAMARAC ST S & I-225 WB OFF RAMP,1,3,0,0,1,1,,,35,0,0,0,0,0,1,2,3
,2015_40370,39.641189,-104.881241,10/23/2015 12:35,12:35,12,0,0,I-225 SB EXIT GORE PT TO & YOSEMITE,1,1,0,0,1,4,,,55,0,0,0,0,0,1,2,3
,2015_40380,39.652989,-104.929526,11/10/2015 15:53,15:53,12,0,1,HAMPDEN AVE E & ELM ST S,1,1,1,0,1,4,,,40,0,0,0,0,2,2,2,13
,2015_40381,39.768094,-105.025186,12/28/2015 14:30,14:30,3,0,0,FEDERAL BLVD & 3700 BLK N,1,1,1,0,1,2,,,30,0,0,0,0,1,2,2,13
,2015_40382,39.780247,-105.025224,10/5/2015 18:35,18:35,1,0,0,FEDERAL BLVD N & 46TH AVE W,2,2,0,1,1,1,,,35,0,0,0,0,0,2,2,13
,2015_40383,39.791115,-105.025181,8/27/2015 7:45,7:45,3,0,0,52ND AVE W & FEDERAL BLVD N,1,1,0,0,1,1,,,35,0,0,0,0,0,2,2,14
,2015_40390,0,0,1/19/2015 4:27,4:27,5,0,0,10TH AVE & 5025 BLK W,1,3,0,0,2,4,,,30,0,0,0,0,0,4,1,13
,2015_40498,0,0,9/13/2015 9:45,9:45,10,0,0,1ST AVE E & ADAMS ST N,1,1,0,0,1,1,,,35,0,0,0,0,0,4,2,13
,2015_40499,0,0,12/17/2015 7:52,7:52,12,0,0,1ST AVE 2700 BLK E & CLAYTON LN N,5,1,0,0,1,4,,,30,0,0,0,0,0,4,2,7
,2015_40500,0,0,11/13/2015 16:12,16:12,3,0,0,1ST AVE E & MADISON ST N,1,1,0,0,1,1,,,30,0,0,0,0,0,4,2,14
,2015_40501,0,0,12/8/2015 11:14,11:14,10,0,0,5TH AVE E & LINCOLN ST N,1,1,0,0,1,1,,,30,0,0,0,0,0,4,2,13
,2015_40502,0,0,11/20/2015 7:22,7:22,3,0,0,6TH AVE E & CLARKSON ST N,1,1,0,6,1,1,,,35,0,0,0,0,0,4,2,13
,2015_40503,0,0,9/24/2015 9:16,9:16,15,0,0,6TH AVE E & LINCOLN ST N,1,1,1,0,1,1,,,30,0,0,0,0,0,4,2,13
,2015_40504,0,0,12/26/2015 16:55,16:55,3,0,0,6TH AVE E & LOGAN ST N,1,3,0,0,1,1,,,25,0,0,0,0,0,4,4,13
,2015_40505,0,0,9/14/2015 12:00,12:00,15,0,0,8TH AVE & 800 BLK W,1,1,1,0,1,4,,,35,0,0,0,0,0,4,2,13
,2015_40506,0,0,10/28/2015 12:50,12:50,10,0,0,8TH AVE 000 BLK W & ACOMA ST N,1,1,0,0,1,1,,,35,0,0,0,0,0,4,2,13
,2015_40507,0,0,10/23/2015 14:55,14:55,15,0,0,8TH AVE 800 BLK W & SANTA FE DR N,1,1,0,0,1,4,,,35,0,0,0,0,0,4,2,13
,2015_40508,0,0,9/13/2015 22:04,22:04,10,0,0,14TH AVE E & QUEBEC ST N,1,3,0,0,1,1,,,30,0,0,0,0,0,4,2,8
,2015_40509,0,0,8/11/2015 18:05,18:05,5,0,0,ILIFF AVE 2700 W & CLAY ST S,1,1,0,7,4,3,,,25,0,0,0,0,0,4,1,16
,2015_40510,0,0,12/2/2015 8:45,8:45,12,0,1,14TH AVE E & QUEBEC ST N,1,1,0,0,1,1,,,35,0,0,0,0,2,4,2,13
,2015_40511,0,0,11/13/2015 11:51,11:51,12,0,0,17TH AVE E & PARK AVE,1,1,0,0,1,1,,,30,0,0,0,0,1,4,2,3
,2015_40512,0,0,12/1/2015 6:07,6:07,15,0,0,18TH AVE E & YORK ST N,1,1,0,0,1,1,,,30,0,0,0,0,0,4,2,8
,2015_40513,0,0,10/21/2015 12:15,12:15,12,0,0,20TH AVE & 400 BLK E,2,1,0,1,1,4,,,30,0,0,0,0,0,4,2,13
,2015_40514,0,0,9/16/2015 9:07,9:07,1,0,0,23RD AVE E & YORK ST N,1,1,0,0,1,1,,,30,0,0,0,0,1,4,2,8
,2015_40515,0,0,10/22/2015 9:20,9:20,3,0,0,29TH AVE W & YATES ST N,2,1,0,1,1,1,,,25,0,0,0,0,0,4,2,13
,2015_40516,0,0,11/21/2015 9:15,9:15,12,0,0,32ND AVE W & IRVING ST N,5,1,0,0,1,4,,,25,0,0,0,0,0,4,2,7
,2015_40517,0,0,12/20/2015 11:25,11:25,10,0,0,32ND AVE W & NEWTON ST N,1,1,0,0,1,1,,,35,0,0,0,0,1,4,2,13
,2015_40518,0,0,9/1/2015 15:13,15:13,12,0,0,37TH AVE E & MARION ST N,1,1,0,0,1,1,,,30,0,0,0,0,0,4,2,14
,2015_40520,0,0,9/3/2015 2:34,2:34,1,0,1,40TH AVE E & AIRPORT BLVD N,1,3,0,0,1,1,,,45,0,0,0,0,2,4,2,1
,2015_40521,0,0,10/20/2015 13:00,13:00,15,0,0,40TH AVE E & MEMPHIS ST N,1,1,0,0,1,1,,,20,0,0,0,0,0,4,2,7
,2015_40522,0,0,12/1/2015 16:30,16:30,1,0,0,W 44TH AVE & LOWELL BLVD N,1,1,1,0,1,1,,,30,0,0,0,0,0,4,2,13
,2015_40523,0,0,12/15/2015 7:05,7:05,8,0,0,56TH AVE E & LAREDO ST N,4,2,0,2,1,1,,,45,0,0,0,0,0,4,2,7
,2015_40525,0,0,12/12/2015 16:53,16:53,3,0,0,78TH AVE E & 24050,4,3,0,2,1,2,,,45,0,0,0,0,0,4,2,7
,2015_40526,0,0,11/16/2015 22:44,22:44,3,0,0,ANDREWS DR E & CHAMBERS RD N,4,3,0,2,1,1,,,25,0,0,0,0,0,4,2,16
,2015_40527,0,0,12/10/2015 12:08,12:08,1,0,1,ANDREWS DR E & CHAMBERS RD N,1,1,0,0,1,1,,,40,0,0,0,0,3,4,2,7
,2015_40528,0,0,8/29/2015 23:11,23:11,12,0,0,BROADWAY ST 1100 BLK N & 11TH AVE E,1,3,0,0,1,1,,,30,0,0,0,0,0,4,2,14
,2015_40529,0,0,12/8/2015 13:35,13:35,12,0,0,BROADWAY ST 900 BLK S & KENTUCKY AVE W,1,1,0,0,1,4,,,35,0,0,0,0,0,4,2,13
,2015_40530,0,0,9/25/2015 11:54,11:54,12,0,0,BROADWAY ST N & LAWRENCE ST,1,1,0,0,1,1,,,30,0,0,0,0,0,4,2,13
,2015_40531,0,0,10/9/2015 20:20,20:20,3,0,0,25TH DR E & XANTHIA ST N,1,3,0,0,1,3,,,25,0,0,0,0,0,4,2,12
,2015_40532,0,0,11/6/2015 17:28,17:28,12,0,0,DOWNING ST 700 BLK N & 8TH AVE E,1,2,1,0,1,4,,,30,0,0,0,0,0,4,2,4
,2015_40533,0,0,11/4/2015 17:03,17:03,3,0,0,DOWNING ST S & ELLSWORTH AVE E,1,3,0,1,1,1,,,35,0,0,0,0,0,4,2,16
,2015_40534,0,0,12/28/2015 17:05,17:05,12,0,1,DTC BLVD 4500 BLK S & TUFTS AVE E,1,3,0,0,1,4,,,35,0,0,0,0,2,4,2,13
,2015_40535,0,0,11/17/2015 12:24,12:24,1,0,0,EVANS AVE & 5295 E,2,1,0,0,1,2,,,35,0,0,0,0,0,4,2,7
,2015_40536,0,0,12/14/2015 17:55,17:55,12,0,0,EVANS AVE 4000 BLK E & COLORADO BLVD S,1,3,0,0,1,4,,,35,0,0,0,0,0,4,2,1
,2015_40537,0,0,8/29/2015 10:56,10:56,12,0,0,EVANS AVE E & CORONA ST S,1,1,0,0,1,3,,,35,0,0,0,0,0,4,2,13
,2015_40538,0,0,12/29/2015 7:11,7:11,15,0,0,EVANS AVE 5400 BLK E & HUDSON ST S,1,2,0,0,1,4,,,35,0,0,0,0,0,4,2,13
,2015_40540,0,0,10/13/2015 15:25,15:25,12,0,0,EVANS AVE 7200 BLK E & QUEBEC ST S,1,1,0,0,1,1,,,35,0,0,0,0,1,4,2,14
,2015_40541,0,0,10/2/2015 15:00,15:00,15,0,0,EVANS AVE W & TEJON ST S,1,1,0,0,1,1,,,35,0,0,0,0,0,4,2,13
,2015_40542,0,0,12/23/2015 8:00,8:00,3,0,0,S FILLMORE ST & EVANS AVE E,2,1,0,0,1,1,,,25,0,0,0,0,0,4,2,13
,2015_40543,0,0,11/21/2015 9:03,9:03,12,0,0,FLORIDA AVE & 3500 BLK W,5,1,0,0,1,4,,,30,0,0,0,0,0,4,2,7
,2015_40544,0,0,8/24/2015 14:50,14:50,1,0,0,GILPIN ST N & 13TH AVE E,1,1,0,0,1,1,,,30,0,0,0,0,0,4,2,13
,2015_40545,0,0,9/9/2015 8:05,8:05,10,0,0,GRANT ST & 1400 BLK N,1,1,0,0,1,2,,,30,0,0,0,0,0,4,2,13
,2015_40546,0,0,11/3/2015 17:35,17:35,3,0,0,HOLLY ST & 1400 BLK S,1,2,0,0,1,2,,,,0,0,0,0,0,4,2,16
,2015_40547,0,0,9/22/2015 4:05,4:05,12,0,0,HOLLY ST S & CHERRY CREEK DR N E,1,3,0,0,1,1,,,35,0,0,0,0,0,4,2,5
,2015_40548,0,0,8/31/2015 17:45,17:45,3,0,0,HUMBOLDT ST N & PARK AVE,1,1,0,0,1,1,,,30,0,0,0,0,0,4,2,13
,2015_40549,0,0,12/14/2015 16:43,16:43,3,0,1,KENTUCKY AVE W & MORRISON RD,1,1,0,0,1,1,,,35,0,0,0,0,2,4,2,8
,2015_40550,0,0,8/23/2015 10:30,10:30,3,0,0,LOCUST ST N & 12TH AVE E,1,1,0,7,1,1,,,25,0,0,0,0,0,4,2,16
,2015_40551,0,0,11/17/2015 13:39,13:39,3,0,0,LOGAN ST S & EVANS AVE E,2,1,0,0,1,1,,,30,0,0,0,0,0,4,2,14
,2015_40552,0,0,9/12/2015 17:44,17:44,3,0,0,MAXWELL PL E & FAIRPLAY ST N,1,1,1,0,1,1,,,30,0,0,0,0,0,4,2,13
,2015_40553,0,0,8/24/2015 7:30,7:30,3,0,0,MISSISSIPPI AVE W & KALAMATH ST S,1,1,0,0,1,1,,,35,0,0,0,0,0,4,2,13
,2015_40555,0,0,12/7/2015 14:00,14:00,3,0,0,MONTVIEW BLVD E & SYRACUSE ST N,1,1,0,0,1,1,,,30,0,0,0,0,0,4,2,13
,2015_40556,0,0,9/15/2015 8:25,8:25,6,0,0,NORTHFIELD BLVD E & CENTRAL PARK BLVD N,1,1,0,7,1,1,,,35,0,0,0,0,0,4,2,16
,2015_40557,0,0,12/4/2015 12:04,12:04,3,0,0,NORTHFIELD BLVD E & VERBENA ST N,1,1,0,0,1,1,,,30,0,0,0,0,0,4,2,3
,2015_40558,0,0,9/12/2015 14:55,14:55,10,0,0,OGDEN ST N & 8TH AVE E,1,1,1,0,1,1,,,30,0,0,0,0,0,4,2,13
,2015_40559,0,0,11/13/2015 12:23,12:23,12,0,0,PEORIA ST & 3900 BLK N,1,1,1,0,1,3,,,35,0,0,0,0,0,4,2,3
,2015_40560,0,0,11/9/2015 18:23,18:23,3,0,0,QUIVAS ST N & 37TH AVE W,1,3,0,0,1,1,,,25,0,0,0,0,0,4,2,16
,2015_40561,0,0,9/30/2015 17:15,17:15,12,0,0,15TH ST 200 BLK & COURT PL,1,1,0,0,1,4,,,30,0,0,0,0,0,4,2,13
,2015_40562,0,0,11/5/2015 18:30,18:30,15,0,0,15TH ST & WELTON ST,1,2,0,0,1,4,,,25,0,0,0,0,0,4,2,16
,2015_40563,0,0,9/3/2015 16:15,16:15,15,0,0,17TH ST 1000 BLK & CURTIS ST,1,1,1,1,1,4,,,25,0,0,0,0,0,4,2,13
,2015_40564,0,0,10/26/2015 12:15,12:15,15,0,0,17TH ST 400 & TREMONT ST,1,1,0,0,1,5,,,25,0,0,0,0,0,4,2,7
,2015_40565,0,0,12/20/2015 0:45,0:45,3,0,0,19TH ST & CURTIS ST,6,3,0,0,1,1,,,25,0,0,0,0,0,4,2,8
,2015_40566,0,0,11/12/2015 12:20,12:20,3,0,0,26TH E & PONTIAC ST N,1,1,0,0,1,1,,,25,0,0,0,0,0,4,2,13
,2015_40567,0,0,10/28/2015 8:48,8:48,12,0,0,SANTA FE DR & 450 BLK S,1,1,0,0,1,1,,,25,0,0,0,0,0,4,2,13
,2015_40568,0,0,10/14/2015 12:15,12:15,3,0,0,SANTA FE DR N & 8TH AVE W,1,1,1,0,1,1,,,30,0,0,0,0,1,4,2,13
,2015_40570,0,0,12/17/2015 7:22,7:22,12,0,0,SPEER BLVD N & 14TH AVE W,6,1,0,0,1,1,,,35,0,0,0,0,0,4,2,14
,2015_40571,0,0,10/22/2015 20:22,20:22,1,0,0,SPEER BLVD N & 32ND AVE W,2,3,1,0,1,1,,,35,0,0,0,0,1,4,2,13
,2015_40572,0,0,11/18/2015 13:00,13:00,15,0,0,SPEER BLVD & ARAPAHOE ST,1,1,0,0,1,4,,,30,0,0,0,0,0,4,2,16
,2015_40573,0,0,12/27/2015 22:04,22:04,15,0,0,STOUT ST 1400 BLK & 15TH ST,5,3,0,0,1,4,,,30,0,0,0,0,0,4,2,8
,2015_40574,0,0,9/30/2015 11:22,11:22,3,0,0,ST PAUL ST & 100 BLK N,1,1,0,0,1,2,,,25,0,0,0,0,0,4,2,13
,2015_40575,0,0,11/3/2015 14:30,14:30,1,0,0,TAMARAC PKWY S & QUINCY AVE E,1,1,1,0,1,1,,,35,0,0,0,0,0,4,2,16
,2015_40576,0,0,9/24/2015 15:00,15:00,15,0,0,TENNYSON ST N & 46TH AVE W,1,1,0,0,1,1,,,25,0,0,0,0,0,4,2,13
,2015_40577,0,0,9/4/2015 20:10,20:10,3,0,0,TENNYSON ST S & FLORIDA AVE W,1,3,0,0,1,1,,,25,0,0,0,0,0,4,2,14
,2015_40578,0,0,9/12/2015 12:35,12:35,15,0,0,TENNYSON ST S & FLORIDA AVE W,1,1,1,0,1,1,,,30,0,0,0,0,0,4,2,13
,2015_40579,0,0,8/16/2015 9:56,9:56,10,0,0,YORK ST N & 6TH AVE E,1,1,1,0,1,1,,,30,0,0,0,0,0,4,2,8
,2015_40580,0,0,11/12/2015 6:50,6:50,12,0,0,YOSEMITE ST 4000 BLK S & OXFORD DR E,1,2,0,0,1,3,,,35,0,0,0,0,0,4,2,13
,2015_40627,0,0,1/7/2015 9:10,9:10,5,0,1,56TH AVE E & TOWER RD N,5,1,0,2,3,4,,,45,0,0,0,0,2,4,1,1
,2015_40666,39.687563,-104.940549,12/24/2015 21:25,21:25,1,0,0,S COLORADO BLVD & E IOWA AVE,1,3,0,0,1,1,,,35,0,0,0,0,0,2,2,13
,2015_40667,39.731968,-104.940622,12/27/2015 9:01,9:01,15,0,0,COLORADO BLVD N & 10TH AVE E,1,1,0,0,1,4,,,35,0,0,0,0,0,2,2,13
,2015_40668,39.738302,-104.940614,11/24/2015 15:05,15:05,15,0,0,14TH AVE E & COLORADO BLVD N,1,1,0,0,1,1,,,35,0,0,0,0,0,2,2,8
,2015_40669,39.739937,-104.940612,9/17/2015 12:27,12:27,12,0,0,COLORADO BLVD N & COLFAX AVE E,1,1,0,0,1,3,,,30,0,0,0,0,0,2,2,13
,2015_40670,39.740086,-104.940612,10/31/2015 13:16,13:16,12,0,0,COLFAX AVE E & COLORADO BLVD N,1,1,0,0,1,3,,,35,0,0,0,0,0,2,2,14
,2015_40671,39.765639,-104.940496,9/26/2015 22:07,22:07,3,0,1,35TH AVE E & COLORADO BLVD N,1,3,0,0,1,1,,,40,0,0,0,0,2,2,2,13
,2015_40672,39.781472,-104.940493,10/12/2015 20:50,20:50,15,0,0,I-70 WB RAMP & COLORADO BLVD N,1,3,0,0,1,1,,,25,0,0,0,0,0,2,2,13
,2015_40679,39.779518,-104.94972,11/14/2015 10:07,10:07,1,0,0,STEELE ST N & I-70 EB ON RAMP,1,1,0,0,1,1,,,30,0,0,0,0,0,2,2,13
,2015_40680,39.790815,-104.941496,12/12/2015 12:25,12:25,1,0,0,52ND AVE E & VASQUEZ BLVD N,2,1,0,2,1,1,,,30,0,0,0,0,0,2,2,13
,2015_40692,39.652653,-104.918038,12/9/2015 7:55,7:55,12,0,0,I-25 & HAMPDEN AVE E,1,1,0,0,1,4,,,55,0,0,0,0,0,1,2,2
,2015_40693,39.668066,-104.925899,10/2/2015 14:46,14:46,5,0,0,I-25 & YALE AVE E,1,1,0,0,2,4,,,65,0,0,0,0,0,1,2,14
,2015_40694,39.683106,-104.940515,9/13/2015 13:36,13:36,15,0,0,I-25 & COLORADO BLVD S,1,1,0,0,1,4,,,60,0,0,0,0,0,1,2,13
,2015_40695,39.69239,-104.977026,8/18/2015 7:30,7:30,12,0,1,I-25 & EMERSON ST S,1,1,0,0,1,4,,,60,0,0,0,0,3,1,2,3
,2015_40696,39.700841,-104.986681,9/10/2015 20:08,20:08,3,0,0,BROADWAY ST S & KENTUCKY AVE W/I-25 S,1,3,0,0,1,1,,,30,0,0,0,0,0,1,2,8
,2015_40697,39.71124,-104.998918,11/30/2015 5:36,5:36,15,0,1,I-25 & ALAMEDA AVE W,12,3,0,2,1,4,,,55,0,0,0,0,2,1,2,1
,2015_40698,39.74035,-105.013939,11/20/2015 14:29,14:29,12,0,0,I-25 & COLFAX AVE W,1,1,0,0,1,4,,,55,0,0,0,0,0,1,2,3
,2015_40699,39.751162,-105.01664,12/4/2015 10:35,10:35,12,0,0,I-25 NB OFF RAMP & 23RD AVE W,1,1,1,0,1,8,,,25,0,0,0,0,0,1,2,13
,2015_40700,39.755236,-105.012575,10/24/2015 18:00,18:00,12,0,0,I-25 & SPEER BLVD N,1,3,0,0,1,4,,,55,0,0,0,0,0,1,2,13
,2015_40701,39.759975,-105.005907,8/14/2015 19:00,19:00,15,0,0,I-25 & 20TH ST,1,2,0,0,1,4,,,55,0,0,0,0,0,1,2,16
,2015_40702,39.760997,-105.004275,12/7/2015 18:31,18:31,12,0,0,I-25 & 20TH ST,1,3,0,0,1,4,,,55,0,0,0,0,0,1,2,16
,2015_40703,39.760997,-105.004275,12/16/2015 12:20,12:20,12,0,0,I-25 & 20TH ST,2,1,0,0,1,4,,,55,0,0,0,0,0,1,2,13
,2015_40712,39.711332,-105.053258,12/23/2015 21:22,21:22,1,0,0,S SHERIDAN BLVD & W ALAMEDA AVE,1,3,1,0,1,1,,,35,0,0,0,0,0,2,2,13
,2015_40728,39.740009,-104.96852,9/30/2015 19:13,19:13,10,0,0,COLFAX AVE E & FRANKLIN ST N,1,3,1,0,1,1,,,30,0,0,0,0,0,2,2,8
,2015_40729,39.740147,-104.949393,11/23/2015 19:40,19:40,3,0,0,COLFAX AVE E & STEELE ST N (RD S),1,3,0,0,1,1,,,30,0,0,0,0,0,2,2,16
,2015_40730,39.740073,-104.918544,12/10/2015 16:56,16:56,6,0,0,COLFAX AVE 6000 BLK E & JASMINE ST N,1,3,0,0,1,4,,,35,0,0,0,0,0,2,2,13
,2015_40741,39.783138,-105.006328,12/5/2015 18:15,18:15,12,0,0,PECOS ST & I-70,1,3,0,0,1,1,,,25,0,0,0,0,0,1,2,13
,2015_40742,39.779895,-104.967089,9/25/2015 16:30,16:30,12,0,0,I-70 & BRIGHTON BLVD N,1,1,0,0,1,4,,,55,0,0,0,0,0,1,2,14
,2015_40743,39.780015,-104.956548,10/27/2015 14:05,14:05,12,0,0,I-70 & ELIZABETH ST N,1,1,0,0,1,4,,,55,0,0,0,0,0,1,2,1
,2015_40744,39.779944,-104.940633,8/17/2015 15:11,15:11,12,0,0,I-70 & COLORADO BLVD N,1,1,0,0,1,4,,,55,0,0,0,0,0,1,2,13
,2015_40745,39.780031,-104.93177,10/29/2015 6:48,6:48,12,0,0,I-70 & DAHLIA ST N,1,3,0,0,1,4,,,55,0,0,0,0,0,1,2,16
,2015_40746,39.777095,-104.882471,9/4/2015 21:59,21:59,1,0,0,CENTRAL PARK BLVD N & I-70 EB ON RAMP,1,3,1,0,1,1,,,35,0,0,0,0,1,1,2,13
,2015_40747,39.776699,-104.878163,10/19/2015 10:35,10:35,12,0,0,I-70 & CENTRAL PARK BLVD N,1,1,1,0,1,4,,,45,0,0,0,0,0,1,2,16
,2015_40748,39.776699,-104.878163,11/20/2015 20:25,20:25,15,0,0,I-70 & CENTRAL PARK BLVD N,1,3,0,2,1,4,,,55,0,0,0,0,0,1,2,16
,2015_40749,39.77559,-104.865391,10/26/2015 12:43,12:43,12,0,0,I-70 WB ON LOOP RAMP & HAVANA ST,1,1,0,0,1,8,,,35,0,0,0,0,0,1,2,16
,2015_40750,39.775572,-104.865191,11/20/2015 20:35,20:35,12,0,0,I-70 & HAVANA ST N,4,3,0,2,1,4,,,55,0,0,0,0,0,1,2,14
,2015_40751,39.774397,-104.851573,9/8/2015 7:26,7:26,12,0,0,I-70 & NOME ST N (NOT IN CORIS),1,1,1,0,1,4,,,55,0,0,0,0,0,1,2,3
,2015_40752,39.774005,-104.847034,11/13/2015 18:44,18:44,15,0,0,I-70 EB OFF RAMP & PEORIA ST N,1,3,0,0,1,1,,,40,0,0,0,0,0,1,2,8
,2015_40753,39.773166,-104.837273,8/24/2015 17:21,17:21,15,0,0,I-70 & PEORIA ST N,1,1,0,0,1,8,,,55,0,0,0,0,0,1,2,13
,2015_40763,39.69805,-104.902139,9/15/2015 7:30,7:30,1,0,0,PARKER RD S & QUINCE ST S,1,1,0,0,1,1,,,35,0,0,0,0,0,2,2,13
,2015_40764,39.698361,-104.902954,10/22/2015 8:00,8:00,3,0,0,PARKER RD 1000 BLK S & QUEBEC ST S,2,1,0,1,1,2,,,40,0,0,0,0,0,2,2,13
,2015_40765,39.699701,-104.906569,8/25/2015 7:16,7:16,12,0,0,LEETSDALE DR 7100 BLK & ONEIDA ST S,1,1,0,0,1,4,,,35,0,0,0,0,0,2,2,1
,2015_40766,39.700274,-104.908215,11/18/2015 18:07,18:07,12,0,0,LEETSDALE DR & ONEIDA ST S,1,3,0,0,1,3,,,40,0,0,0,0,1,2,2,16
,2015_40767,39.707347,-104.922286,12/16/2015 10:10,10:10,1,0,0,HOLLY ST S & LEETSDALE DR,4,1,1,0,1,1,,,30,0,0,0,0,0,2,2,13
,2015_40768,39.711213,-104.936338,9/3/2015 13:08,13:08,12,0,0,LEETSDALE DR 4300 BLK & ALAMEDA AVE E,1,1,0,0,1,3,,,35,0,0,0,0,0,2,2,1
,2015_40773,39.661273,-104.99813,12/15/2015 10:27,10:27,12,0,0,I-25 NB OFF RAMP GORE POI & SANTA FE DR,4,1,1,2,1,4,,,55,0,0,0,0,0,2,2,7
,2015_40775,39.706227,-104.996737,9/17/2015 14:23,14:23,15,0,0,SANTA FE DR S & I-25 SB ON RAMP,1,1,1,0,1,1,,,35,0,0,0,0,0,2,2,3
,2015_40779,39.737975,-105.025273,8/25/2015 12:59,12:59,15,0,0,FEDERAL BLVD N & 14TH AVE W,1,1,0,0,1,1,,,35,0,0,0,0,0,2,2,14
,2015_40780,39.682271,-105.025016,10/22/2015 19:25,19:25,1,0,0,FEDERAL BLVD S & JEWELL AVE W,2,3,0,1,1,1,,,40,0,0,0,0,0,2,2,13