id,drcog_id,latitude,longitude,crashtime,time,crashtype,numbkilled,numbinjurd,drcoglocat,rdconditin,lightngcon,roadcntgrd,weatherco,location,roaddescrp,schoolzone,constrzone,splimit,bikeinv,pedinv,sctrinv,motoinv,svrty,rdsystem,ttlvehcls,hcf
,2015_40781,39.675237,-105.02504,10/3/2015 13:40,13:40,1,0,0,FEDERAL BLVD S & ILIFF AVE W,1,1,0,0,1,1,,,40,0,0,0,0,0,2,2,13
,2015_40794,39.656175,-105.053223,11/21/2015 10:22,10:22,15,0,0,SHERIDAN BLVD S & DARTMOUTH AVE W,2,1,1,0,1,3,,,35,0,0,0,0,0,2,2,1
,2015_40796,39.733426,-105.053226,10/4/2015 12:04,12:04,12,0,0,SHERIDAN BLVD & 1000 BLK N,1,1,1,0,1,4,,,35,0,0,0,0,0,2,2,13
,2015_40843,39.639275,-104.885096,10/16/2015 12:34,12:34,1,0,1,I-225 SB RAMPS & YOSEMITE ST S,1,1,1,0,1,1,,,35,0,0,0,0,2,1,2,12
,2015_40851,39.652997,-104.92278,11/29/2015 9:14,9:14,12,0,0,HAMPDEN AVE E & HOLLY ST S,1,1,0,0,1,1,,,45,0,0,0,0,0,2,2,12
,2015_40852,39.776839,-105.025236,10/11/2015 13:13,13:13,12,0,0,FEDERAL BLVD N & 44TH AVE W,1,1,0,0,1,4,,,35,0,0,0,0,0,2,2,7
,2015_40911,0,0,6/1/2015 18:10,18:10,11,0,1,KNOX CT & 1200 BLK N,1,1,1,0,1,4,,,25,0,1,0,0,2,4,2,13
,2015_40962,0,0,9/20/2015 9:40,9:40,3,0,0,1ST AVE E & PENNSYLVANIA ST N,1,1,0,0,1,5,,,15,0,0,0,0,0,4,2,14
,2015_40963,0,0,8/26/2015 13:28,13:28,12,0,0,1ST AVE 3200 BLK E & STEELE ST N,1,1,0,0,1,3,,,30,0,0,0,0,0,4,2,14
,2015_40964,0,0,12/10/2015 17:16,17:16,12,0,0,3RD AVE E & LOGAN ST N,1,2,0,0,1,1,,,15,0,0,0,0,0,4,2,13
,2015_40965,0,0,8/25/2015 17:46,17:46,15,0,0,5TH AVE W & BROADWAY ST N,1,1,0,0,1,1,,,25,0,0,0,0,0,4,2,13
,2015_40966,0,0,9/19/2015 15:53,15:53,3,0,0,7TH AVE 3700 BLK E & GARFIELD ST N,1,1,0,0,1,1,,,30,0,0,0,0,0,4,2,13
,2015_40967,0,0,8/26/2015 14:35,14:35,15,0,0,8TH AVE W & DELAWARE ST N,1,1,0,0,1,1,,,35,0,0,0,0,0,4,2,13
,2015_40968,0,0,8/3/2015 12:45,12:45,6,0,0,10TH AVE 0 BLK E & BROADWAY N,1,1,0,0,1,4,,,30,0,0,0,0,0,4,2,13
,2015_40969,0,0,12/17/2015 13:05,13:05,15,0,0,13TH AVE 700 BLK E & CLARKSON ST N,6,1,0,0,1,4,,,30,0,0,0,0,0,4,2,13
,2015_40970,0,0,10/28/2015 10:20,10:20,3,0,0,14TH AVE W & SANTA FE DR N,1,1,0,0,1,3,,,35,0,0,0,0,0,4,2,13
,2015_40971,0,0,9/10/2015 7:55,7:55,3,0,0,14TH AVE E & XENIA ST N,1,1,0,0,1,1,,,25,0,0,0,0,0,4,2,8
,2015_40972,0,0,11/29/2015 8:36,8:36,3,0,0,16TH AVE E & PENNSYLVANIA ST N,1,1,0,0,1,1,,,25,0,0,0,0,0,4,2,14
,2015_40973,0,0,10/8/2015 12:50,12:50,15,0,0,17TH AVE & LINCOLN AVE,1,1,1,0,1,3,,,30,0,0,0,0,0,4,2,13
,2015_40974,0,0,11/30/2015 18:31,18:31,3,0,0,17TH AVE E & WILLOW ST N,5,3,0,0,1,1,,,25,0,0,0,0,0,4,2,13
,2015_40975,0,0,9/3/2015 20:58,20:58,10,0,0,18TH AVE E & LINCOLN ST N,1,3,1,0,1,1,,,30,0,0,0,0,0,4,2,12
,2015_40976,0,0,8/2/2015 17:30,17:30,10,0,0,18TH AVE E & SHERMAN ST N,1,1,0,0,1,1,,,30,0,0,0,0,0,4,2,13
,2015_40977,0,0,9/10/2015 17:20,17:20,3,0,0,23RD AVE 7200 BLK E & POPLAR ST N,1,1,0,0,1,1,,,30,0,0,0,0,1,4,2,13
,2015_40978,0,0,12/31/2015 11:07,11:07,12,0,0,29TH AVE E & QUEBEC ST N,1,1,0,0,1,1,,,35,0,0,0,0,0,4,2,3
,2015_40979,0,0,11/4/2015 7:58,7:58,3,0,0,30TH AVE W & WYANDOT ST N,1,5,1,0,1,1,,,25,0,0,0,0,0,4,2,16
,2015_40980,0,0,10/12/2015 14:07,14:07,15,0,0,32ND AVE & 2000 BLK W,1,1,1,0,1,4,,,30,0,0,0,0,0,4,2,13
,2015_40981,0,0,11/30/2015 17:57,17:57,3,0,0,33RD AVE E & QUEBEC ST N,1,3,0,0,1,1,,,30,0,0,0,0,0,4,2,13
,2015_40982,0,0,6/24/2015 22:51,22:51,6,0,0,47TH AVE 3700 BLK W & MEADE ST N,2,3,0,7,1,4,,,25,0,0,0,0,0,4,2,16
,2015_40983,0,0,10/10/2015 23:30,23:30,3,0,0,38TH AVE E & BRIGHTON BLVD N,1,3,0,0,1,1,,,35,0,0,0,0,0,4,2,2
,2015_40984,0,0,10/27/2015 15:21,15:21,3,0,0,38TH AVE W & BRYANT ST N,1,1,0,0,1,1,,,30,0,0,0,0,0,4,2,10
,2015_40985,0,0,9/21/2015 6:02,6:02,3,0,2,40TH AVE E & AIRPORT BLVD N,1,2,0,0,1,1,,,40,0,0,0,0,2,4,2,1
,2015_40986,0,0,12/1/2015 11:29,11:29,3,0,0,40TH AVE E & AIRPORT BLVD N,1,1,2,6,1,1,,,40,0,0,0,0,0,4,2,13
,2015_40987,0,0,10/9/2015 6:20,6:20,1,0,0,44TH AVE E & PEORIA ST N,1,2,0,0,1,1,,,35,0,0,0,0,0,4,2,16
,2015_40988,0,0,8/25/2015 13:30,13:30,12,0,0,47TH AVE E & PARIS ST N,1,1,0,0,1,1,,,25,0,0,0,0,0,4,2,7
,2015_40989,0,0,11/4/2015 8:15,8:15,12,0,0,56TH AVE E & PEORIA ST N,1,1,0,0,1,1,,,40,0,0,0,0,0,4,2,3
,2015_40990,0,0,10/22/2015 14:40,14:40,1,0,0,56TH AVE E & TOWER RD N,2,1,0,1,1,1,,,45,0,0,0,0,1,4,2,13
,2015_40991,0,0,12/11/2015 14:35,14:35,12,0,0,ALAMEDA AVE 3200 BLK E & CHERRY CREEK DR S,1,1,0,0,1,3,,,30,0,0,0,0,1,4,2,3
,2015_40992,0,0,12/25/2015 16:09,16:09,12,0,0,ALAMEDA AVE E & S EUDORA ST,5,2,0,0,1,1,,,35,0,0,0,0,0,4,2,5
,2015_40993,0,0,12/23/2015 22:30,22:30,1,0,0,ALAMEDA AVE E & MONACO ST S,1,3,0,0,1,1,,,35,0,0,0,0,0,4,2,13
,2015_40994,0,0,5/15/2015 21:58,21:58,12,0,0,ARCHER PL W & BROADWAY ST S,1,3,0,7,1,1,,,30,0,0,0,0,0,4,2,1
,2015_40995,0,0,11/10/2015 11:23,11:23,12,0,0,BROADWAY ST N 200 BLK & 2ND AVE,1,1,0,0,1,4,,,30,0,0,0,0,0,4,2,13
,2015_40996,0,0,11/11/2015 14:30,14:30,3,0,0,BROADWAY ST N & CHAMPA ST,1,1,0,0,1,1,,,30,0,0,0,0,0,4,2,13
,2015_40997,0,0,9/10/2015 16:08,16:08,12,0,0,BROADWAY ST 900 BLK S & TENNESSEE AVE,1,1,0,0,1,1,,,35,0,0,0,0,0,4,2,13
,2015_40998,0,0,10/22/2015 17:41,17:41,3,0,0,CHAMPA ST & 21ST ST,1,2,0,0,1,1,,,30,0,0,0,0,0,4,2,13
,2015_40999,0,0,12/16/2015 9:25,9:25,3,0,0,CHERRY CREEK DR & 2500 BLK E,5,1,0,0,1,2,,,35,0,0,0,0,0,4,2,13
,2015_41000,0,0,9/11/2015 8:15,8:15,15,0,0,CHERRY CREEK DR S E & MONACO PKWY S,1,1,0,0,1,1,,,35,0,0,0,0,0,4,2,13
,2015_41001,0,0,9/24/2015 17:02,17:02,12,0,0,COLORADO CENTER DR E & BIRCH ST S,1,1,1,0,1,1,,,25,0,0,0,0,0,4,2,13
,2015_41002,0,0,11/14/2015 14:46,14:46,3,0,0,CROSS DR W & WADSWORTH BLVD S,1,1,0,0,1,2,,,35,0,0,0,0,1,4,2,8
,2015_41003,0,0,11/21/2015 9:15,9:15,3,0,0,DACATUR ST S & ASBURY AVE W,5,1,0,0,1,1,,,25,0,0,0,0,0,4,2,16
,2015_41004,0,0,11/9/2015 13:27,13:27,1,0,0,DELAWARE ST N & 12TH AVE W,1,1,1,0,1,1,,,25,0,0,0,0,0,4,2,13
,2015_41005,0,0,12/11/2015 11:30,11:30,12,0,0,DOWNING ST 2100 BLK S & EVANS AVE E,1,1,0,0,1,4,,,30,0,0,0,0,1,4,2,13
,2015_41006,0,0,9/10/2015 10:20,10:20,12,0,0,EVANS AVE 6500 BLK E & MONACO PKWY S,1,1,0,0,1,4,,,35,0,0,0,0,0,4,2,13
,2015_41007,0,0,10/28/2015 12:05,12:05,12,0,0,FLORIDA AVE W & ELIOT ST S,1,1,1,0,1,1,,,35,0,0,0,0,0,4,2,3
,2015_41008,0,0,10/19/2015 9:00,9:00,3,0,0,GRANT ST & 8TH AVE E,1,1,0,0,1,5,,,10,0,0,0,0,0,4,2,13
,2015_41009,0,0,10/21/2015 12:35,12:35,3,0,0,GVR BLVD E & TELLURIDE ST N,2,1,0,1,1,1,,,45,0,0,0,0,1,4,2,7
,2015_41010,0,0,10/22/2015 12:15,12:15,15,0,0,KALAMATH ST 300 BLK N & 4TH AVE W,2,1,0,1,1,4,,,30,0,0,0,0,0,4,2,13
,2015_41011,0,0,11/3/2015 10:00,10:00,1,0,0,LARIMER ST & 3100 BLK,1,1,0,0,1,4,,,30,0,0,0,0,0,4,3,7
,2015_41012,0,0,9/4/2015 12:25,12:25,3,0,0,LAWRENCE ST & 22ND ST,1,1,0,0,1,1,,,30,0,0,0,0,0,4,2,13
,2015_41013,0,0,10/24/2015 8:58,8:58,3,0,0,LAYTON AVE W & WADSWORTH BLVD S,1,1,0,0,1,2,,,25,0,0,0,0,0,4,2,7
,2015_41014,0,0,12/18/2015 15:35,15:35,12,0,0,LOGAN ST 1600 BLK S & IOWA AVE E,2,5,0,1,1,1,,,30,0,0,0,0,0,4,2,13
,2015_41015,0,0,10/21/2015 17:35,17:35,3,0,0,MAGNOLIA ST S & ALAMEDA AVE E,2,2,0,1,1,1,,,35,0,0,0,0,0,4,2,13
,2015_41016,0,0,10/3/2015 15:20,15:20,12,0,0,MISISSIPPI AVE E & ALTON ST S,1,1,0,0,1,1,,,45,0,0,0,0,1,4,2,3
,2015_41017,0,0,9/17/2015 17:01,17:01,12,0,0,MISSISSIPPI AVE E 9100 BL & ALTON ST S,1,1,0,0,1,1,,,40,0,0,0,0,1,4,2,13
,2015_41018,0,0,9/22/2015 10:15,10:15,12,0,0,MONACO ST PKWY 300 BLK N & 4TH AVE E,1,1,0,0,1,3,,,30,0,0,0,0,0,4,2,13
,2015_41019,0,0,10/27/2015 17:12,17:12,12,0,0,MONACO PKWY N & 6TH AVE E,1,1,0,0,1,4,,,35,0,0,0,0,0,4,2,13
,2015_41020,0,0,8/26/2015 8:30,8:30,12,0,0,MONACO PKWY 1200 BLK S & ARIZONA AVE E,1,1,0,0,1,4,,,35,0,0,0,0,0,4,2,13
,2015_41021,0,0,12/10/2015 13:50,13:50,15,0,0,MONTVIEW BLVD 7600 BLK E & SYRACUSE ST N,1,1,0,0,1,4,,,35,0,0,0,0,0,4,2,13
,2015_41022,0,0,8/28/2015 7:55,7:55,12,0,0,MORRISON RD & NEVADA PL W,1,1,0,0,1,3,,,35,0,0,0,0,0,4,2,13
,2015_41023,0,0,9/25/2015 7:58,7:58,12,0,0,PARK AVE W & TREMONT ST,1,1,0,0,1,1,,,20,0,0,0,0,0,4,2,1
,2015_41024,0,0,10/3/2015 1:05,1:05,15,0,0,PARK AVE W 1500 BLK & WAZEE ST,1,3,0,0,1,4,,,30,0,0,0,0,0,4,2,8
,2015_41025,0,0,12/15/2015 12:58,12:58,15,0,0,PENA BLVD & TOWER RD N,4,1,1,2,1,4,,,65,0,0,0,0,0,4,2,14
,2015_41026,0,0,9/18/2015 15:23,15:23,15,0,0,PEORIA ST 3800 BLK N & 39TH AVE E,1,1,0,0,1,1,,,35,0,0,0,0,0,4,2,13
,2015_41027,0,0,9/8/2015 16:20,16:20,15,0,0,15TH ST & CURTIS ST,1,1,0,0,1,1,,,25,0,0,0,0,0,4,2,13
,2015_41028,0,0,12/31/2015 20:06,20:06,15,0,0,17TH ST 1100 BLK & ARAPAHOE ST,1,3,0,0,1,1,,,25,0,0,0,0,0,4,2,8
,2015_41029,0,0,8/26/2015 17:00,17:00,12,0,0,18TH ST & WELTON ST,1,1,0,0,1,3,,,25,0,0,0,0,1,4,2,13
,2015_41030,0,0,10/25/2015 2:04,2:04,12,0,0,20TH ST 1900 BLK & CHESTNUT PL,1,3,1,0,1,4,,,30,0,0,0,0,0,4,2,12
,2015_41031,0,0,11/18/2015 19:14,19:14,3,0,0,26TH ST & LAWRENCE ST,1,3,0,0,1,1,,,25,0,0,0,0,0,4,2,16
,2015_41032,0,0,8/19/2015 8:19,8:19,3,0,0,26TH ST & WELTON ST,1,1,0,0,1,1,,,30,0,0,0,0,0,4,2,13
,2015_41033,0,0,9/8/2015 12:49,12:49,12,0,0,SPEER BLVD & 2300 BLK N,1,1,1,0,1,4,,,30,0,0,0,0,0,4,2,13
,2015_41034,0,0,9/18/2015 10:07,10:07,10,0,0,SPEER BLVD N & CHAMPA ST,1,1,1,0,1,1,,,35,0,0,0,0,0,4,2,13
,2015_41035,0,0,10/12/2015 5:50,5:50,15,0,0,SPEER BLVD E & LINCOLN ST N,1,2,0,0,1,1,,,30,0,0,0,0,0,4,2,8
,2015_41036,0,0,10/27/2015 12:39,12:39,10,0,0,SPEER BLVD E & LINCOLN ST N,1,1,1,0,1,1,,,35,0,0,0,0,0,4,2,3
,2015_41037,0,0,10/5/2015 20:44,20:44,3,0,0,SPEER BLVD N & ZUNI ST N,2,2,0,1,1,1,,,35,0,0,0,0,0,4,2,13
,2015_41038,0,0,11/21/2015 10:11,10:11,3,0,0,ST PAUL ST S & EVANS AVE E,2,1,0,0,1,1,,,35,0,0,0,0,0,4,2,7
,2015_41039,0,0,12/10/2015 13:31,13:31,3,0,0,TAMARAC DR & 3300 BLK S,1,1,0,0,1,2,,,30,0,0,0,0,0,4,2,14
,2015_41040,0,0,12/19/2015 11:45,11:45,15,0,0,UNIVERSITY BLVD N & 1ST AVE E,2,1,0,0,1,4,,,35,0,0,0,0,0,4,2,13
,2015_41041,0,0,9/21/2015 14:39,14:39,1,0,0,UNIVERSITY BLVD S & CHERRY CREEK DR S,1,1,0,0,1,1,,,30,0,0,0,0,0,4,2,8
,2015_41042,0,0,12/17/2015 15:30,15:30,1,0,0,UNIVERSITY BLVD S & EXPOSITION AVE E,2,1,0,0,1,1,,,35,0,0,0,0,0,4,2,13
,2015_41043,0,0,8/23/2015 12:05,12:05,10,0,0,YORK ST 1000 BLK & 11TH AVE E,1,1,0,0,1,2,,,30,0,0,0,0,0,4,2,13
,2015_41044,0,0,11/3/2015 20:09,20:09,1,0,0,YORK ST N & 35TH AVE E,1,3,0,0,1,1,,,30,0,0,0,0,0,4,2,16
,2015_41081,0,0,3/13/2015 19:31,19:31,6,0,0,LINCOLN ST & 1600 BLK N,1,3,1,0,1,4,,,25,0,0,0,0,0,4,2,13
,2015_41098,0,0,8/11/2015 16:30,16:30,6,0,0,LOGAN ST 1400 BLK N & 14TH AVE E,2,1,0,7,1,4,,,30,0,0,0,0,0,4,2,14
,2015_41104,39.689321,-104.940549,9/11/2015 14:48,14:48,3,0,0,COLORADO BLVD S & FLORIDA AVE E,1,1,1,0,1,1,,,30,0,0,0,0,0,2,2,3
,2015_41106,39.711364,-104.940627,12/6/2015 15:37,15:37,15,0,0,COLORADO BLVD & ALAMEDA AVE E,1,1,1,0,1,4,,,35,0,0,0,0,0,2,2,13
,2015_41107,39.668679,-104.940614,8/6/2015 9:51,9:51,15,0,0,COLORADO BLVD S & YALE AVE E (RD E),1,1,0,0,1,4,,,35,0,0,0,0,0,2,2,15
,2015_41108,39.67194,-104.940626,9/18/2015 23:30,23:30,12,0,0,COLORADO BLVD S & DICKENSON PL E,1,3,0,0,1,1,,,30,0,0,0,0,0,2,2,8
,2015_41109,39.71958,-104.940628,11/20/2015 11:33,11:33,12,0,0,COLORADO BLVD N & 2ND AVE E,1,1,0,0,1,4,,,35,0,0,0,0,0,2,2,12
,2015_41110,39.74372,-104.940608,8/24/2015 8:15,8:15,15,0,0,17TH AVE E & COLORADO BLVD N,1,1,0,0,1,1,,,35,0,0,0,0,0,2,2,1
,2015_41111,39.75101,-104.940599,12/8/2015 9:46,9:46,1,0,0,COLORADO BLVD N & 23RD AVE E,1,1,0,0,1,1,,,35,0,0,0,0,0,2,2,13
,2015_41112,39.753665,-104.940596,11/22/2015 10:12,10:12,15,0,0,COLORADO BLVD N & 26TH AVE E,1,1,0,0,1,4,,,35,0,0,0,0,0,2,2,1
,2015_41113,0,0,2/27/2015 21:00,21:00,6,0,0,STUART ST 3100 BLK S & DARTMOUTH AVE W,5,4,0,2,1,4,,,25,0,0,0,0,0,4,2,16
,2015_41114,39.761878,-104.940511,10/13/2015 6:55,6:55,1,0,0,COLORADO BLVD N & MARTIN LUTHER KING JR,1,1,0,0,1,1,,,35,0,0,0,0,0,2,2,13
,2015_41115,39.772893,-104.940506,12/4/2015 10:02,10:02,15,0,0,40TH AVE E & COLORADO BLVD N,1,1,0,0,1,1,,,30,0,0,0,0,0,2,2,13
,2015_41124,39.725655,-105.052942,8/6/2015 14:00,14:00,12,0,0,6TH AVE & SHERIDAN BLVD N,1,1,0,0,1,8,,,55,0,0,0,0,1,2,2,7
,2015_41125,39.780507,-104.949717,10/2/2015 11:23,11:23,14,0,0,STEELE ST N & I-70 EB RAMP,1,1,0,0,1,4,,,35,0,0,0,0,0,2,2,14
,2015_41138,0,0,7/24/2015 14:00,14:00,6,0,0,LIPAN ST & 4400 BLK N,1,1,0,0,1,4,,,25,0,0,0,0,0,4,2,13
,2015_41144,39.684918,-104.950446,9/18/2015 16:27,16:27,12,0,0,I-25 & STEELE ST S,1,1,0,0,1,4,,,55,0,0,0,0,0,1,2,3
,2015_41145,39.68492,-104.959513,11/16/2015 18:17,18:17,12,0,0,I-25 & UNIVERSITY BLVD S,2,3,0,1,1,4,,,60,0,0,0,0,0,1,2,16
,2015_41146,39.72543,-105.013021,12/4/2015 13:40,13:40,12,0,0,I-25 & 6TH AVE W,1,1,0,0,1,4,,,55,0,0,0,0,0,1,2,3
,2015_41147,39.74035,-105.013939,9/8/2015 17:06,17:06,15,0,0,I-25 & COLFAX AVE W,1,1,0,0,1,4,,,55,0,0,0,0,0,1,2,13
,2015_41148,39.74035,-105.013939,10/13/2015 6:59,6:59,12,0,0,I-25 & COLFAX AVE W,1,1,0,0,1,4,,,55,0,0,0,0,0,1,2,16
,2015_41149,39.755141,-105.012706,9/15/2015 18:05,18:05,12,0,0,I-25 & SPEER BLVD N,1,1,0,0,1,4,,,55,0,0,0,0,0,1,2,13
,2015_41150,39.755141,-105.012706,10/31/2015 15:13,15:13,12,0,0,I-25 & SPEER BLVD N,1,1,0,0,1,4,,,55,0,0,0,0,0,1,2,16
,2015_41151,39.757148,-105.009912,9/29/2015 6:24,6:24,15,0,0,I-25 & 15TH ST,1,2,0,0,1,4,,,55,0,0,0,0,0,1,2,1
,2015_41152,39.760997,-105.004275,11/16/2015 18:10,18:10,12,0,0,I-25 & 20TH ST,2,4,0,1,1,4,,,55,0,0,0,0,0,1,2,3
,2015_41153,39.768039,-104.994788,12/20/2015 17:25,17:25,12,0,0,I-25 & PARK AVE WEST/ 38TH AVE,5,3,0,1,1,4,,,55,0,0,0,0,0,1,2,13
,2015_41164,39.71118,-105.006348,9/11/2015 21:53,21:53,12,0,0,ALAMEDA AVE W & PECOS ST S,1,3,1,0,1,1,,,35,0,0,0,0,1,2,2,14
,2015_41165,39.653093,-104.912695,11/2/2015 7:59,7:59,12,0,0,HAMPDEN AVE E & MONACO ST S,1,1,0,0,1,3,,,40,0,0,0,0,0,2,2,1
,2015_41166,39.653105,-104.90273,9/2/2015 15:20,15:20,12,0,0,HAMPDEN AVE 7300 BLK E & POPLAR ST S,1,1,0,0,1,4,,,40,0,0,0,0,0,2,2,3
,2015_41172,39.778312,-104.903406,12/4/2015 12:54,12:54,12,0,0,NORTHFIELD QUEBEC ST & I-70,1,1,0,0,1,3,,,35,0,0,0,0,0,2,2,3
,2015_41181,39.740048,-104.999949,9/22/2015 16:55,16:55,1,0,0,KALAMATH ST N & COLFAX AVE,1,1,0,0,1,1,,,35,0,0,0,0,0,2,2,13
,2015_41182,39.740006,-104.992919,10/18/2015 14:45,14:45,12,0,0,COLFAX AVE W & DELAWARE ST N,1,1,0,0,1,1,,,30,0,0,0,0,0,2,2,13
,2015_41193,39.779995,-104.965025,12/20/2015 2:30,2:30,15,0,0,I-70 & BRIGHTON BLVD N,1,3,0,0,1,4,,,55,0,0,0,0,0,1,2,5
,2015_41194,39.778287,-104.912805,10/28/2015 7:10,7:10,12,0,0,I-70 & MONACO ST N,1,1,0,0,1,4,,,55,0,0,0,0,0,1,2,1
,2015_41195,39.775314,-104.862194,9/18/2015 13:03,13:03,12,0,0,I-70 & MM 281,1,1,1,0,1,4,,,55,0,0,0,0,0,1,2,3
,2015_41196,39.774005,-104.847034,12/17/2015 13:23,13:23,15,0,0,I-70 WB RAMPS & PEORIA ST N,6,1,0,0,1,1,,,35,0,0,0,0,0,1,2,13
,2015_41212,39.700396,-104.908589,10/4/2015 10:58,10:58,12,0,0,LEETSDALE DR 6800 BLK & ONEIDA ST S,1,1,0,0,1,2,,,35,0,0,0,0,1,2,2,12
,2015_41213,39.704386,-104.915602,8/28/2015 14:28,14:28,12,0,0,LEETSDALE DR & 6200 BLK,1,1,0,0,1,2,,,35,0,0,0,0,1,2,2,13
,2015_41222,39.651763,-105.052959,9/21/2015 17:25,17:25,3,0,0,SHERIDAN BLVD S & HAMPDEN AVE W SERVICE,1,1,1,0,1,1,,,40,0,0,0,0,0,2,2,3
,2015_41223,39.696696,-104.991872,8/7/2015 19:38,19:38,15,0,0,SANTA FE DR S & MISSISSIPPI AVE W,1,2,0,0,1,1,,,45,0,0,0,0,0,2,2,13
,2015_41226,39.694884,-105.025057,9/20/2015 13:55,13:55,1,0,0,FEDERAL BLVD 1200 BLK S & ARIZONA AVE W,1,1,0,0,1,1,,,35,0,0,0,0,0,2,2,13
,2015_41227,39.682271,-105.025016,10/18/2015 11:04,11:04,1,0,1,JEWELL AVE W & FEDERAL BLVD S,1,1,0,0,1,1,,,40,0,0,0,0,2,2,2,13
,2015_41229,39.624077,-104.911994,10/22/2015 7:38,7:38,12,0,0,BELLEVIEW AVE E & MONACO ST S,2,1,0,1,1,1,,,40,0,0,0,0,0,2,2,12
,2015_41240,39.675292,-105.053263,12/29/2015 12:47,12:47,1,0,0,SHERIDAN BLVD S & WARREN AVE W,1,1,0,0,1,2,,,40,0,0,0,0,0,2,2,7
,2015_41255,39.61787,-105.091113,8/6/2015 14:29,14:29,12,0,0,WADSWORTH BLVD 5400 BLK S & CRESTLINE AVE W,1,1,0,0,1,4,,,45,0,0,0,0,0,2,2,14
,2015_41276,39.634128,-104.902062,10/17/2015 11:27,11:27,15,0,0,I-225 DIRECT CONNECT TO SB & I-25 RAMP SPLIT,1,1,0,0,1,4,,,55,0,0,0,0,0,1,2,1
,2015_41283,39.653227,-105.034017,11/9/2015 8:14,8:14,12,0,0,HWY 285 & 3500 BLK W,1,1,0,0,1,4,,,55,0,0,0,0,0,2,2,16
,2015_41290,39.752286,-105.025138,11/18/2015 18:30,18:30,15,0,0,FEDERAL BLVD N & 24TH AVE W,1,3,0,0,1,4,,,30,0,0,0,0,1,2,2,16
,2015_41291,39.772939,-105.025237,11/11/2015 19:08,19:08,10,0,0,FEDERAL BLVD N & 41ST AVE W,1,3,0,0,1,4,,,35,0,0,0,0,0,2,2,1
,2015_41379,0,0,10/1/2015 14:47,14:47,3,0,0,4TH AVE 000 BLK E & BROADWAY/LINCOLN ALLE,1,1,0,0,1,5,,,15,0,0,0,0,1,4,2,14
,2015_41380,0,0,11/5/2015 8:16,8:16,3,0,0,5TH AVE E & LINCOLN ST N,2,1,0,0,1,1,,,25,0,0,0,0,0,4,2,14
,2015_41381,0,0,11/19/2015 8:32,8:32,3,0,0,5TH AVE E & SPEER BLVD E,1,1,0,0,1,1,,,25,0,0,0,0,0,4,2,1
,2015_41382,0,0,10/20/2015 11:00,11:00,1,0,0,8TH AVE E & MONROE ST N,1,1,0,0,1,1,,,25,0,0,0,0,1,4,2,7
,2015_41383,0,0,12/15/2015 15:54,15:54,12,0,0,12TH AVE E & XENIA ST N,4,1,1,2,1,2,,,25,0,0,0,0,0,4,2,14
,2015_41384,0,0,12/2/2015 10:55,10:55,15,0,0,14TH AVE & 2600 BLK E,1,1,0,0,1,4,,,30,0,0,0,0,0,4,2,7
,2015_41386,0,0,10/1/2015 12:10,12:10,3,0,0,14TH AVE E & FRANKLIN ST N,1,1,0,0,1,1,,,30,0,0,0,0,0,4,2,13
,2015_41387,0,0,9/12/2015 15:50,15:50,3,0,0,14TH AVE W & PERRY ST N,1,1,1,0,1,1,,,20,0,0,0,0,0,4,2,13
,2015_41388,0,0,10/1/2015 17:43,17:43,15,0,0,17TH AVE E & LINCOLN ST N,1,1,0,0,1,1,,,30,0,0,0,0,0,4,2,14
,2015_41389,0,0,12/3/2015 13:58,13:58,12,0,0,17TH AVE 3500 BLK E & MADISON ST N,1,1,0,0,1,4,,,30,0,0,0,0,1,4,2,13
,2015_41390,0,0,11/13/2015 19:10,19:10,12,0,0,17TH AVE E & ST PAUL ST N,1,3,0,0,1,4,,,35,0,0,0,0,0,4,2,5
,2015_41391,0,0,9/11/2015 19:23,19:23,12,0,0,23RD AVE E & QUEBEC ST N,1,1,0,0,1,1,,,30,0,0,0,0,0,4,2,13
,2015_41392,0,0,12/24/2015 9:05,9:05,3,0,0,26TH AVE E & DOWNING ST N,1,1,0,0,1,1,,,25,0,0,0,0,1,4,2,13
,2015_41393,0,0,10/19/2015 15:35,15:35,1,0,0,29TH AVE W & YATES ST N,1,1,0,0,1,1,,,25,0,0,0,0,0,4,2,13
,2015_41394,0,0,8/26/2015 15:35,15:35,3,0,0,39TH AVE 12100 BLK E & PEORIA ST N,1,1,0,0,1,2,,,25,0,0,0,0,0,4,2,1
,2015_41395,0,0,11/21/2015 7:22,7:22,8,0,0,40TH AVE E & ADAMS ST N,5,1,1,0,1,4,,,35,0,0,0,0,0,4,2,13
,2015_41396,0,0,12/17/2015 15:39,15:39,12,0,0,51ST AVE E & PEORIA ST N,4,1,0,0,1,4,,,30,0,0,0,0,1,4,2,7
,2015_41397,0,0,12/4/2015 10:52,10:52,12,0,0,ALAMEDA AVE E & FRANKLIN ST S,5,1,0,0,1,1,,,35,0,0,0,0,0,4,2,7
,2015_41398,0,0,11/2/2015 17:40,17:40,3,0,0,ALAMEDA AVE E & MAGNOLIA ST S,1,1,0,0,1,1,,,,0,0,0,0,1,4,2,16
,2015_41399,0,0,12/17/2015 17:25,17:25,3,0,0,ALAMEDA AVE E & NEWPORT WAY S,11,1,0,2,1,1,,,35,0,0,0,0,0,4,2,13
,2015_41400,0,0,6/18/2015 10:20,10:20,5,0,0,HIGH ST S & 868,1,1,0,0,2,5,,,20,0,0,0,0,0,4,1,13