id,drcog_id,latitude,longitude,crashtime,time,crashtype,numbkilled,numbinjurd,drcoglocat,rdconditin,lightngcon,roadcntgrd,weatherco,location,roaddescrp,schoolzone,constrzone,splimit,bikeinv,pedinv,sctrinv,motoinv,svrty,rdsystem,ttlvehcls,hcf
,2015_41401,0,0,11/6/2015 13:52,13:52,3,0,0,ANDREWS DR E & CROWN BLVD N,1,1,1,0,1,1,,,25,0,0,0,0,0,4,2,13
,2015_41402,0,0,11/14/2015 23:00,23:00,3,0,0,ARAPAHOE ST & 20TH ST,1,3,0,0,1,1,,,35,0,0,0,0,1,4,2,5
,2015_41403,0,0,11/3/2015 15:50,15:50,12,0,0,BROADWAY ST N & 12TH AVE E,1,1,0,0,1,1,,,30,0,0,0,0,0,4,2,16
,2015_41404,0,0,11/1/2015 23:51,23:51,3,0,0,BROADWAY ST S & ALAMEDA AVE W,1,3,0,0,1,1,,,30,0,0,0,0,0,4,2,8
,2015_41405,0,0,12/18/2015 8:00,8:00,14,0,0,CENTRAL PARK BLVD N & 40TH AVE E,5,1,1,0,1,4,,,35,0,0,0,0,0,4,2,14
,2015_41406,0,0,9/19/2015 18:10,18:10,15,0,0,CENTRAL PARK BLVD 4500 BLK & I-70 WB RAMPS,1,1,1,0,1,4,,,35,0,0,0,0,0,4,2,13
,2015_41407,0,0,11/25/2015 17:09,17:09,3,0,0,CLINTON ST S & CENTER AVE E,1,3,0,0,1,1,,,25,0,0,0,0,0,4,2,16
,2015_41409,0,0,11/21/2015 9:45,9:45,15,0,0,DARTMOUTH AVE W & GOLDEN WY S,5,1,0,0,1,4,,,30,0,0,0,0,0,4,2,7
,2015_41410,0,0,10/21/2015 7:45,7:45,8,0,0,DARTMOUTH AVE W & SHERIDAN BLVD S,2,1,0,1,1,4,,,30,0,0,0,0,0,4,2,16
,2015_41411,0,0,11/5/2015 12:55,12:55,12,0,0,DELAWARE ST N & 6TH AVE W,1,1,0,0,1,4,,,25,0,0,0,0,0,4,2,7
,2015_41412,0,0,12/28/2015 11:10,11:10,3,0,0,DOWNING ST S & BUTCHEL BLVD E,2,1,0,0,1,1,,,35,0,0,0,0,0,4,2,13
,2015_41413,0,0,9/9/2015 7:41,7:41,12,0,0,EVANS AVE 4700 BLK E & DAHLIA ST S,1,1,0,0,1,4,,,35,0,0,0,0,0,4,2,14
,2015_41414,0,0,8/19/2015 7:25,7:25,15,0,0,EVANS AVE W & HAZEL CT S,1,1,0,0,1,1,,,25,0,0,0,0,0,4,2,7
,2015_41415,0,0,8/25/2015 11:59,11:59,12,0,0,EXPOSITION AVE 2300 BLK E & UNIVERSITY BLVD S,1,1,0,0,1,3,,,25,0,0,0,0,1,4,2,14
,2015_41416,0,0,8/12/2015 22:35,22:35,5,0,0,KENTUCKY AVE W & S ALCOTT ST,1,3,0,7,3,1,,,25,0,0,0,0,0,4,1,16
,2015_41417,0,0,12/13/2015 9:05,9:05,12,0,0,FLANDERS WAY N & GVR BLVD,5,1,0,0,1,1,,,25,0,0,0,0,0,4,2,13
,2015_41418,0,0,9/8/2015 18:46,18:46,1,0,0,FLORIDA AVE W & IRVING ST S,1,1,0,0,1,1,,,30,0,0,0,0,0,4,2,1
,2015_41419,0,0,10/16/2015 19:28,19:28,12,0,0,FLORIDA AVE 3700 BLK W & NEWTON ST S,1,3,0,0,1,3,,,30,0,0,0,0,1,4,2,4
,2015_41420,0,0,12/19/2015 20:50,20:50,8,0,0,FLORIDA AVE W & ZUNI ST S,1,3,0,0,1,1,,,35,0,0,0,0,1,4,2,5
,2015_41421,0,0,9/19/2015 11:33,11:33,3,0,0,GALENA ST S & ALAMEDA AVE E,1,1,0,0,1,2,,,25,0,0,0,0,0,4,2,13
,2015_41422,0,0,9/25/2015 12:15,12:15,3,0,0,GILPIN ST N & 18TH AVE E,1,1,0,0,1,1,,,25,0,0,0,0,0,4,2,13
,2015_41423,0,0,12/7/2015 14:26,14:26,3,0,0,GVR BLVD E & ARGONNE ST N,1,1,0,0,1,1,,,35,0,0,0,0,1,4,2,13
,2015_41424,0,0,10/12/2015 8:01,8:01,1,0,0,GVR BLVD 1 & PENA BLVD N,1,1,0,0,1,1,,,45,0,0,0,0,1,4,2,7
,2015_41425,0,0,8/3/2015 12:26,12:26,3,0,0,GROVE ST 3700 BLK N & 38TH AVE W,1,1,0,7,1,5,,,10,0,0,0,0,0,4,2,16
,2015_41426,0,0,11/24/2015 11:20,11:20,15,0,0,HAVANA ST N & 47TH AVE E,1,1,0,0,1,1,,,35,0,0,0,0,0,4,2,16
,2015_41427,0,0,10/22/2015 11:13,11:13,15,0,0,JASON ST S & MISSISSIPPI AVE W,2,1,3,1,1,1,,,30,0,0,0,0,0,4,2,1
,2015_41428,0,0,8/27/2015 22:45,22:45,15,0,0,LARIMER ST 2000 BLK & 21ST ST,1,3,0,0,1,4,,,35,0,0,0,0,0,4,2,14
,2015_41429,0,0,10/24/2015 8:05,8:05,3,0,0,LINCOLN ST N & 13TH AVE E,1,1,0,0,1,1,,,30,0,0,0,0,0,4,2,13
,2015_41430,0,0,10/20/2015 18:03,18:03,12,0,0,LOGAN ST 1700 BLK S & MEXICO AVE E,1,2,0,0,1,3,,,30,0,0,0,0,0,4,2,3
,2015_41431,0,0,5/7/2015 21:35,21:35,6,0,0,ST PAUL ST 1500 BLK & COLFAX AVE E,2,4,0,1,1,4,,,25,0,0,0,0,0,4,2,16
,2015_41432,0,0,11/4/2015 17:00,17:00,3,0,0,LOWELL BLVD N & 32ND AVE W,2,3,0,1,1,5,,,15,0,0,0,0,0,4,2,3
,2015_41433,0,0,12/27/2015 16:19,16:19,12,0,0,MANSFIELD AVE E & WABASH ST S,5,2,0,0,1,1,,,35,0,0,0,0,0,4,2,13
,2015_41434,0,0,12/1/2015 8:40,8:40,12,0,0,MISSISSIPPI AVE E & ONEIDA ST S,5,1,0,0,1,1,,,20,0,0,0,0,1,4,2,7
,2015_41435,0,0,12/17/2015 16:15,16:15,12,0,0,MONACO ST 1100 BLK N & RICHTHOFEN PL E,1,1,0,0,1,1,,,35,0,0,0,0,0,4,3,7
,2015_41436,0,0,9/1/2015 16:33,16:33,12,0,0,PARK AVE W & GLOBEVILLE RD,1,1,1,0,1,1,,,35,0,0,0,0,0,4,2,13
,2015_41437,0,0,12/31/2015 18:30,18:30,10,0,0,PARK AVE W & LARIMER ST,2,5,0,0,1,1,,,30,0,0,0,0,0,4,2,13
,2015_41438,0,0,12/10/2015 16:00,16:00,12,0,0,PENA BLVD & GVR BLVD,1,1,0,0,1,1,,,35,0,0,0,0,1,4,2,13
,2015_41439,0,0,12/31/2015 14:15,14:15,12,0,0,PEORIA ST N & 44TH AVE E,1,1,0,0,1,1,,,35,0,0,0,0,0,4,2,13
,2015_41440,0,0,9/28/2015 17:40,17:40,15,0,0,QUEBEC ST N & 29TH DR E,1,1,1,0,1,1,,,35,0,0,0,0,0,4,2,13
,2015_41441,0,0,9/10/2015 6:43,6:43,3,0,0,QUEBEC ST & SANDOWN RD E,1,1,0,0,1,1,,,30,0,0,0,0,0,4,2,5
,2015_41442,0,0,11/3/2015 12:22,12:22,3,0,0,36TH ST & BRIGHTON BLVD,1,1,0,0,1,3,,,35,0,0,0,0,0,4,2,3
,2015_41443,0,0,8/26/2015 17:50,17:50,15,0,0,38TH ST & BRIGHTON BLVD N,1,2,0,0,1,1,,,35,0,0,0,0,0,4,2,13
,2015_41444,0,0,8/22/2015 5:40,5:40,1,0,1,SANTA FE DR S & ALAMEDA AVE W,1,1,0,7,1,1,,,35,0,0,0,0,2,4,2,16
,2015_41445,0,0,8/27/2015 15:45,15:45,12,0,0,SPEER BLVD & 800 BLK N,1,1,0,0,1,4,,,30,0,0,0,0,0,4,2,13
,2015_41447,0,0,12/23/2015 14:28,14:28,15,0,0,SPEER BLVD N & 2600 BLK,1,1,1,0,1,4,,,30,0,0,0,0,0,4,2,13
,2015_41448,0,0,8/17/2015 16:50,16:50,3,0,0,SPEER BLVD N & 11TH AVE W,1,1,1,7,1,1,,,30,0,0,0,0,0,4,2,3
,2015_41449,0,0,9/10/2015 17:12,17:12,1,0,0,SPEER BLVD N & CLAY ST N,1,1,0,0,1,1,,,30,0,0,0,0,0,4,2,7
,2015_41450,0,0,12/4/2015 10:18,10:18,12,0,0,SPEER BLVD & ELITCH CIR,1,1,0,0,1,1,,,35,0,0,0,0,0,4,2,14
,2015_41452,0,0,8/18/2015 7:45,7:45,3,0,0,SPEER BLVD 600 BLK E & PEARL ST N,1,1,0,0,1,3,,,35,0,0,0,0,0,4,2,13
,2015_41453,0,0,12/1/2015 11:05,11:05,12,0,0,SPEER BLVD N & ZUNI ST N,1,1,0,0,1,1,,,35,0,0,0,0,0,4,2,13
,2015_41454,0,0,12/17/2015 8:15,8:15,12,0,0,STEELE ST 1000 BLK S & MISSISSIPPI AVE E,4,1,0,0,1,1,,,25,0,0,0,0,0,4,2,1
,2015_41455,0,0,8/19/2015 12:15,12:15,12,0,0,STOUT ST & 2200 BLK,1,1,0,0,1,4,,,30,0,0,0,0,0,4,2,13
,2015_41456,0,0,11/17/2015 10:00,10:00,3,0,0,SYRACUSE ST N & MONTVIEW BLVD,2,1,0,0,1,1,,,30,0,0,0,0,0,4,2,7
,2015_41457,0,0,12/5/2015 15:59,15:59,3,0,0,TENNYSON ST N & 45TH AVE W,1,1,0,0,1,2,,,5,0,0,0,0,0,4,2,13
,2015_41458,0,0,8/26/2015 11:54,11:54,15,0,0,TREMONT PL 1500 BLK & 16TH ST,1,1,0,0,1,4,,,30,0,0,0,0,0,4,2,13
,2015_41459,0,0,12/1/2015 16:34,16:34,12,0,0,UNIVERSITY BLVD N & 1ST AVE E,1,2,0,0,1,4,,,35,0,0,0,0,0,4,2,14
,2015_41460,0,0,11/2/2015 15:10,15:10,3,0,0,UNIVERSITY BLVD S & EVANS AVE E,1,1,0,0,1,2,,,35,0,0,0,0,0,4,2,14
,2015_41461,0,0,9/25/2015 7:45,7:45,12,0,0,UNIVERSITY BLVD S & MISSISSIPPI AVE E,1,1,0,0,1,1,,,30,0,0,0,0,0,4,2,13
,2015_41463,0,0,9/1/2015 16:56,16:56,10,0,0,UNIVERSITY BLVD 1700 BLK & I-25,1,1,0,0,1,4,,,30,0,0,0,0,0,4,2,13
,2015_41464,0,0,9/3/2015 15:48,15:48,12,0,0,YORK ST 2200 BLK N & 23RD AVE E,1,1,0,0,1,3,,,30,0,0,0,0,0,4,2,1
,2015_41465,0,0,9/9/2015 11:50,11:50,12,0,0,YOSEMITE ST 5000 BLK & BELLEVIEW AVE E,1,1,0,0,1,1,,,35,0,0,0,0,0,4,2,7
,2015_41466,0,0,8/21/2015 14:21,14:21,3,0,0,YOSEMITE ST S & JEFFERSON AVE E,1,1,0,7,1,1,,,35,0,0,0,0,1,4,2,3
,2015_41467,0,0,10/8/2015 8:00,8:00,12,0,0,ZUNI ST N & 8TH AVE W,1,1,0,0,1,1,,,30,0,0,0,0,0,4,2,14
,2015_41544,39.690637,-104.94055,8/25/2015 20:51,20:51,12,0,1,COLORADO BLVD S & ARKANSAS AVE E,1,3,1,0,1,4,,,35,0,0,0,0,2,2,2,13
,2015_41545,39.692997,-104.94055,11/12/2015 16:26,16:26,12,0,0,COLORADO BLVD 1300 BLK S & LOUISIANA AVE E,1,2,0,0,1,1,,,35,0,0,0,0,0,2,2,13
,2015_41546,39.700405,-104.940616,12/18/2015 14:55,14:55,15,0,0,COLORADO BLVD S & KENTUCKY AVE E,1,1,0,0,1,4,,,40,0,0,0,0,0,2,2,13
,2015_41547,39.707354,-104.940625,8/31/2015 15:22,15:22,14,0,0,COLORADO BLVD S & VIRGINIA AVE E,1,1,0,0,1,3,,,35,0,0,0,0,0,2,2,13
,2015_41548,39.707354,-104.940625,10/7/2015 13:08,13:08,12,0,0,VIRGINIA AVE E & COLORADO BLVD S,1,1,0,0,1,1,,,30,0,0,0,0,0,2,2,16
,2015_41549,39.758322,-104.940525,12/16/2015 12:31,12:31,12,0,0,COLORADO BLVD N & 29TH AVE E,2,1,0,0,1,1,,,35,0,0,0,0,0,2,2,3
,2015_41550,39.761878,-104.940511,12/28/2015 16:40,16:40,1,0,0,MARTIN LUTHER KING JR BLV & COLORADO BLVD N,1,3,0,0,1,1,,,35,0,0,0,0,0,2,2,13
,2015_41551,39.779118,-104.940517,12/14/2015 12:50,12:50,10,0,0,COLORADO BLVD N & I-70 EB OFF RAMP,1,1,0,0,1,1,,,35,0,0,0,0,0,2,2,13
,2015_41556,39.725457,-105.032462,11/16/2015 10:04,10:04,12,0,0,6TH AVE W & KNOX CT N,1,1,0,0,1,4,,,55,0,0,0,0,0,2,2,1
,2015_41557,39.725357,-105.021792,12/28/2015 6:30,6:30,3,0,0,6TH AVE W & FEDERAL BLVD NB OFF R,1,1,0,0,1,1,,,40,0,0,0,0,0,2,2,13
,2015_41571,39.634235,-104.90683,10/15/2015 17:08,17:08,12,0,0,I-25 & I-225 FLYOVER,1,1,0,0,1,4,,,65,0,0,0,0,0,1,2,7
,2015_41576,39.624401,-104.901756,11/18/2015 16:23,16:23,15,0,0,I-25 NB ON RAMP & BELLEVIEW AVE E,1,1,1,0,1,8,,,55,0,0,0,0,0,1,2,16
,2015_41577,39.625608,-104.902451,9/21/2015 16:39,16:39,12,0,0,I-25 & BELLEVIEW AVE E,1,1,0,0,1,4,,,65,0,0,0,0,0,1,2,3
,2015_41578,39.66762,-104.92561,10/28/2015 12:45,12:45,12,0,0,I-25 & YALE AVE E,1,1,0,0,1,4,,,65,0,0,0,0,0,1,2,16
,2015_41579,39.66762,-104.92561,9/23/2015 14:45,14:45,12,0,0,YALE AVE E & I-25,1,1,0,0,1,4,,,30,0,0,0,0,1,1,2,13
,2015_41580,39.67017,-104.927315,11/9/2015 18:06,18:06,12,0,0,I-25 NB ON RAMP & YALE AVE,1,3,1,0,1,4,,,15,0,0,0,0,0,1,2,14
,2015_41581,39.683307,-104.941372,9/8/2015 8:22,8:22,12,0,0,I-25 & COLORADO BLVD S,1,1,0,0,1,4,,,60,0,0,0,0,0,1,2,12
,2015_41583,39.697258,-104.982497,11/14/2015 17:45,17:45,12,0,0,I-25 & MM 206,1,3,0,0,1,4,,,55,0,0,0,0,1,1,2,13
,2015_41584,39.701452,-104.987435,12/27/2015 18:19,18:19,3,0,0,BROADWAY S & I-25 SB RAMPS,1,3,0,0,1,1,,,30,0,0,0,0,1,1,2,14
,2015_41585,39.712259,-104.999523,9/1/2015 12:13,12:13,15,0,0,I-25 SB OFF RAMP & ALAMEDA AVE W,1,1,0,0,1,8,,,25,0,0,0,0,0,1,2,13
,2015_41586,39.723679,-105.011476,8/14/2015 21:46,21:46,12,0,1,I-25 NB OFF RAMP & 6TH AVE W,1,3,0,0,1,8,,,55,0,0,0,1,2,1,3,14
,2015_41587,39.730198,-105.015132,8/23/2015 22:30,22:30,12,0,0,I-25 NB ON RAMP GORE PT & ENT FROM 6TH AVE,1,3,0,0,1,4,,,,0,0,0,0,0,1,2,7
,2015_41588,39.750765,-105.016809,8/19/2015 23:45,23:45,12,0,0,I-25 & 23RD AVE W,1,3,0,0,1,4,,,55,0,0,0,0,0,1,2,16
,2015_41599,39.711332,-105.053258,12/21/2015 22:00,22:00,1,0,0,S SHERIDAN BLVD & W ALAMEDA AVE,1,3,0,0,1,1,,,35,0,0,0,0,1,2,2,13
,2015_41600,39.71119,-105.0411,12/21/2015 14:20,14:20,12,0,0,ALAMEDA AVE W & S QUITMAN ST,6,1,0,0,1,4,,,35,0,0,0,0,0,2,2,13
,2015_41601,39.711181,-105.008597,12/8/2015 16:19,16:19,3,0,0,ALAMEDA AVE W & RARITAN ST S,1,2,0,0,1,1,,,30,0,0,0,0,0,2,2,5
,2015_41602,39.711208,-104.998391,11/4/2015 23:19,23:19,3,0,0,KALAMATH ST S & ALAMEDA AVE W,2,3,0,1,1,1,,,35,0,0,0,0,0,2,2,16
,2015_41603,39.653118,-104.904632,8/21/2015 14:00,14:00,1,0,0,HAMPDEN AVE E & POPLAR ST S,1,1,0,0,1,1,,,40,0,0,0,0,0,2,2,13
,2015_41604,39.670335,-104.866059,8/28/2015 10:30,10:30,12,0,0,HAVANA ST 2600 BLK S & PARKER RD S,1,1,0,0,1,3,,,45,0,0,0,0,0,2,2,7
,2015_41626,39.740009,-104.96852,9/30/2015 14:05,14:05,1,0,1,COLFAX AVE E & PARK AVE WEST,1,1,0,0,1,1,,,30,0,0,0,0,3,2,2,13
,2015_41627,39.740079,-104.912395,10/5/2015 5:41,5:41,3,0,1,COLFAX AVE E & MONACO ST N,1,2,0,0,1,1,,,30,0,0,0,0,2,2,2,14
,2015_41644,39.783138,-105.006328,9/15/2015 10:37,10:37,6,0,0,I-70 & PECOS ST N,1,1,0,0,3,4,,,55,0,0,0,0,0,1,2,12
,2015_41645,39.779936,-104.98866,8/25/2015 8:35,8:35,12,0,0,I-25 NB OFF RAMP TO & I-70 EB,1,1,0,0,1,8,,,55,0,0,0,0,0,1,2,13
,2015_41646,39.77974,-104.985971,8/17/2015 8:08,8:08,12,0,0,I-70 EB ON RAMP FROM NB & I-25,1,1,0,0,1,8,,,55,0,0,0,0,0,1,2,14
,2015_41647,39.779435,-104.979009,12/29/2015 6:02,6:02,12,0,0,I-70 & WASHINGTON ST N,1,3,0,0,1,4,,,40,0,0,0,0,0,1,2,13
,2015_41648,39.780016,-104.953933,12/13/2015 7:18,7:18,5,0,0,I-70 & FILLMORE ST,5,1,0,0,2,4,,,55,0,0,0,0,1,1,2,7
,2015_41649,39.7783,-104.903627,9/15/2015 18:33,18:33,15,0,0,I-70 EB OFF RAMP & QUEBEC ST N,1,1,1,0,1,8,,,45,0,0,0,0,0,1,2,13
,2015_41650,39.775623,-104.865778,9/26/2015 14:37,14:37,12,0,0,I-70 & HAVANA ST N,1,1,0,0,1,4,,,45,0,0,0,0,0,1,2,14
,2015_41651,39.775623,-104.865778,11/9/2015 16:27,16:27,15,0,0,I-70 & HAVANA ST N,1,1,0,0,1,4,,,55,0,0,0,0,0,1,2,1
,2015_41652,39.774005,-104.847034,12/21/2015 21:27,21:27,15,0,0,I-70 WB OFF RAMP & N PEORIA ST,1,3,0,0,1,3,,,40,0,0,0,0,0,1,2,14
,2015_41662,39.702965,-104.912888,10/27/2015 23:50,23:50,12,0,0,LEETSDALE DR & MONACO ST S,1,3,0,0,1,1,,,30,0,0,0,0,0,2,2,7
,2015_41663,39.709162,-104.931542,10/24/2015 18:50,18:50,12,0,0,LEETSDALE DR & DAHLIA ST S,1,3,0,0,1,1,,,35,0,0,0,0,0,2,2,13
,2015_41671,39.67084,-104.995123,10/15/2015 9:19,9:19,12,0,0,SANTA FE DR 2400 BLK S & HARVARD AVE W,1,1,0,0,1,1,,,55,0,0,0,0,1,2,2,14
,2015_41672,39.687663,-104.991938,8/11/2015 14:20,14:20,15,0,0,SANTA FE DR S & IOWA AVE W,1,1,0,0,1,4,,,50,0,0,0,0,0,2,2,13
,2015_41674,39.69705,-105.025062,9/17/2015 11:40,11:40,3,0,0,FEDERAL BLVD S & MISSISSIPPI AVE W,1,1,0,0,1,2,,,40,0,0,0,0,0,2,2,8
,2015_41675,39.684947,-105.025012,12/19/2015 17:30,17:30,12,0,0,FEDERAL BLVD S & COLORADO AVE W,1,3,0,0,1,1,,,35,0,0,0,0,0,2,2,5
,2015_41676,39.663786,-105.025152,10/7/2015 14:29,14:29,12,0,1,FEDERAL BLVD S & BATES AVE W,1,1,0,0,1,4,,,35,0,0,0,0,3,2,2,15
,2015_41692,39.656175,-105.053223,9/28/2015 15:05,15:05,1,0,0,SHERIDAN BLVD S & DARTMOUTH AVE W,1,1,0,0,1,1,,,35,0,0,0,0,0,2,2,13
,2015_41693,39.679174,-105.053262,12/4/2015 17:10,17:10,12,0,1,SHERIDAN BLVD S & EVANS AVE W,1,2,0,0,1,1,,,35,0,0,0,0,2,2,2,3
,2015_41728,39.639275,-104.885096,11/5/2015 11:10,11:10,3,0,0,YOSEMITE ST S & I-225 SB RAMPS,1,1,1,0,1,1,,,35,0,0,0,0,0,1,2,16
,2015_41731,39.652956,-104.944521,10/29/2015 14:33,14:33,12,0,0,HAMPDEN AVE E & COLORADO BLVD S,1,1,0,0,1,4,,,40,0,0,0,0,0,2,2,13
,2015_41862,0,0,10/31/2015 10:59,10:59,12,0,0,3RD AVE E & BROADWAY ST N,1,1,0,0,1,1,,,30,0,0,0,0,0,4,2,16
,2015_41863,0,0,12/27/2015 19:10,19:10,3,0,0,3RD AVE W & BROADWAY ST N,1,3,0,0,1,1,,,30,0,0,0,0,0,4,2,13
,2015_41864,0,0,12/30/2015 12:21,12:21,3,0,0,4TH AVE E & WASHINGTON ST N,2,1,0,0,1,1,,,25,0,0,0,0,1,4,2,3
,2015_41865,0,0,11/30/2015 16:02,16:02,3,0,0,5TH AVE W & ACOMA ST N,4,2,0,0,1,1,,,25,0,0,0,0,0,4,2,7
,2015_41866,0,0,8/26/2015 11:31,11:31,10,0,0,6TH AVE W & INCA ST N,1,1,0,0,1,1,,,35,0,0,0,0,0,4,2,1
,2015_41867,0,0,12/2/2015 15:30,15:30,10,0,0,6TH AVE E & LINCOLN ST N,1,1,0,0,1,1,,,30,0,0,0,0,0,4,2,3
,2015_41868,0,0,12/28/2015 14:25,14:25,1,0,0,6TH AVE E & QUEBEC ST N,1,1,1,0,1,1,,,30,0,0,0,0,0,4,2,13
,2015_41869,0,0,9/16/2015 8:06,8:06,3,0,0,7TH AVE W & SANTA FE DR N,1,1,0,0,1,1,,,35,0,0,0,0,0,4,2,14
,2015_41870,0,0,10/27/2015 19:03,19:03,3,0,0,7TH AVE E & YORK ST N,1,3,1,0,1,1,,,25,0,0,0,0,0,4,2,8
,2015_41871,0,0,10/21/2015 14:40,14:40,3,0,0,8TH AVE E & JOSEPHINE ST N,2,1,1,1,1,1,,,30,0,0,0,0,1,4,2,14
,2015_41872,0,0,11/9/2015 16:49,16:49,3,0,0,8TH AVE E & LEYDEN ST N,1,2,0,0,1,1,,,25,0,0,0,0,0,4,2,16
,2015_41873,0,0,8/31/2015 0:25,0:25,3,0,0,8TH AVE W & SPEER BLVD N,1,3,0,0,1,1,,,35,0,0,0,0,1,4,2,3
,2015_41874,0,0,10/13/2015 13:14,13:14,3,0,0,11TH AVE 100 BLK W & ACOMA ST,1,1,0,0,1,5,,,30,0,0,0,0,0,4,2,13
,2015_41875,0,0,12/26/2015 9:35,9:35,3,0,0,11TH AVE W & DELAWARE ST N,5,1,0,1,1,1,,,25,0,0,0,0,0,4,2,13
,2015_41876,0,0,8/20/2015 13:45,13:45,3,0,0,11TH AVE E & YOSEMITE ST N,1,1,0,7,1,1,,,30,0,0,0,0,0,4,2,7
,2015_41877,0,0,11/24/2015 10:03,10:03,3,0,0,13TH AVE E & ASH ST N,1,1,0,0,1,1,,,25,0,0,0,0,0,4,2,3
,2015_41878,0,0,8/20/2015 9:20,9:20,10,0,0,13TH AVE E & HARRISON ST N,1,1,0,0,1,1,,,30,0,0,0,0,1,4,2,8
,2015_41879,0,0,8/22/2015 8:56,8:56,10,0,0,16TH AVE E & LOGAN ST N,1,1,0,0,1,1,,,30,0,0,0,0,0,4,2,13
,2015_41880,0,0,8/21/2015 20:37,20:37,3,0,0,16TH AVE E & PENNSYLVANIA ST N,1,3,0,0,1,1,,,30,0,0,0,0,0,4,2,14
,2015_41881,0,0,11/30/2015 6:15,6:15,14,0,0,17TH AVE & 3900 BLK E,4,3,0,0,1,4,,,30,0,0,0,0,0,4,2,7
,2015_41882,0,0,8/24/2015 14:52,14:52,3,0,0,17TH AVE 1500 BLK E & FRANKLIN ST,1,1,0,0,1,5,,,30,0,0,0,0,0,4,2,13
,2015_41883,0,0,9/7/2015 14:48,14:48,1,0,0,18TH AVE E & PARK AVE,2,1,1,1,1,1,,,35,0,0,0,0,0,4,2,14
,2015_41884,0,0,9/19/2015 21:55,21:55,3,0,0,23RD AVE W & ELIOT ST N,1,3,0,0,1,1,,,25,0,0,0,0,0,4,2,13
,2015_41885,0,0,9/22/2015 8:33,8:33,3,0,0,23RD AVE E & EMERSON ST N,1,1,0,0,1,1,,,30,0,0,0,0,0,4,2,13
,2015_41886,0,0,12/27/2015 9:50,9:50,3,0,0,35TH AVE W & TEJON ST N,5,1,1,0,1,1,,,25,0,0,0,0,0,4,2,13
,2015_41887,0,0,9/3/2015 15:39,15:39,3,0,0,38TH AVE W & JULIAN ST N,1,1,0,0,1,2,,,35,0,0,0,0,0,4,2,13
,2015_41888,0,0,12/1/2015 13:06,13:06,3,0,0,38TH AVE W & LIPAN ST N,2,1,0,0,1,1,,,35,0,0,0,0,0,4,2,14
,2015_41889,0,0,12/28/2015 21:55,21:55,3,0,0,40TH AVE E & AIRPORT BLVD N,1,3,0,0,1,1,,,40,0,0,0,0,0,4,2,13
,2015_41890,0,0,9/24/2015 10:41,10:41,15,0,0,48TH AVE & 4000 BLK E,1,1,0,0,1,3,,,30,0,0,0,0,0,4,2,13
,2015_41891,0,0,11/5/2015 13:15,13:15,10,0,0,49TH AVE E & PARIS ST N,1,1,0,0,1,1,,,30,0,0,0,0,0,4,2,13
,2015_41892,0,0,10/14/2015 14:37,14:37,12,0,1,56TH AVE E & SPRUCE ST N,1,1,0,0,1,1,,,45,0,0,0,0,3,4,2,14
,2015_41893,0,0,12/2/2015 16:30,16:30,3,0,0,56TH AVE E & WABASH ST N,1,2,0,0,1,1,,,25,0,0,0,0,0,4,2,7
,2015_41894,0,0,8/20/2015 22:07,22:07,3,0,0,75TH AVE E & HARRY B COMBS ST,1,3,0,0,1,1,,,25,0,0,0,0,0,4,2,13
,2015_41895,0,0,11/2/2015 12:16,12:16,3,0,0,78TH AVE E & CALAWBA ST,1,1,0,0,1,2,,,45,0,0,0,0,0,4,2,1
,2015_41896,0,0,10/23/2015 12:22,12:22,1,0,0,ADAMS ST N & 2ND AVE E,1,1,1,0,1,1,,,25,0,0,0,0,0,4,2,8
,2015_41897,0,0,11/27/2015 15:10,15:10,12,0,0,ALAMEDA AVE E & MONACO ST S,1,1,0,0,1,1,,,35,0,0,0,0,0,4,2,14
,2015_41898,0,0,12/14/2015 14:54,14:54,12,0,0,AURARIA PKWY & 900 BLK,1,1,1,0,1,4,,,30,0,0,0,0,0,4,2,13
,2015_41899,0,0,10/1/2015 7:45,7:45,1,0,0,BELLEVIEW AVE 7800 BLK E & SYRACUSE ST S,1,1,0,0,1,2,,,35,0,0,0,0,1,4,2,13
,2015_41900,0,0,9/18/2015 10:25,10:25,12,0,0,BLAKE ST & 1700 BLK,1,1,0,0,1,4,,,30,0,0,0,0,0,4,2,13
,2015_41901,0,0,10/23/2015 22:17,22:17,15,0,0,BRIGHTON BLVD 4300 BLK N & 44TH ST,1,3,0,0,1,4,,,35,0,0,0,0,0,4,2,7
,2015_41902,0,0,11/7/2015 17:36,17:36,15,0,0,BROADWAY & 300 BLK S,1,3,0,0,1,4,,,30,0,0,0,0,0,4,2,16
,2015_41903,0,0,12/16/2015 11:10,11:10,12,0,0,BROADWAY ST N & 10TH AVE W,6,1,0,0,1,3,,,30,0,0,0,0,0,4,2,13
,2015_41904,0,0,10/26/2015 11:31,11:31,12,0,0,BROADWAY ST S & BAYAUD AVE E,1,1,0,0,1,1,,,30,0,0,0,0,0,4,2,1
,2015_41905,0,0,11/6/2015 23:05,23:05,10,0,0,BROADWAY ST S & MISSISSIPPI AVE W,1,3,0,0,1,1,,,30,0,0,0,0,0,4,2,1
,2015_41906,0,0,11/11/2015 15:09,15:09,12,0,0,BROADWAY ST 800 BLK S & OHIO AVE E,1,1,0,0,1,4,,,30,0,0,0,0,1,4,2,13