id,drcog_id,latitude,longitude,crashtime,time,crashtype,numbkilled,numbinjurd,drcoglocat,rdconditin,lightngcon,roadcntgrd,weatherco,location,roaddescrp,schoolzone,constrzone,splimit,bikeinv,pedinv,sctrinv,motoinv,svrty,rdsystem,ttlvehcls,hcf
,2015_41907,0,0,10/3/2015 23:45,23:45,10,0,0,BROADWAY ST N & 18TH ST,1,3,0,0,1,1,,,30,0,0,0,0,0,4,2,13
,2015_41908,0,0,10/23/2015 11:19,11:19,3,0,0,CHAMBERS RD N & 46TH AVE E,1,1,1,0,1,1,,,35,0,0,0,0,0,4,2,7
,2015_41909,0,0,9/1/2015 14:50,14:50,15,0,0,CHERRY CREEK S DR 3600 BL & COLORADO BLVD S,1,1,0,0,1,4,,,35,0,0,0,0,0,4,2,7
,2015_41910,0,0,9/12/2015 23:45,23:45,12,0,0,CLEVELAND PL 1500 BLK & 15TH ST,1,3,0,0,1,1,,,35,0,0,0,0,0,4,2,5
,2015_41911,0,0,12/25/2015 13:33,13:33,15,0,0,W CLYDE PL 3000 BLK & GROVE ST N,5,1,0,2,1,4,,,25,0,0,0,0,0,4,3,14
,2015_41912,0,0,10/30/2015 7:05,7:05,12,0,0,COLORADO CENTER DR 4400 B & BIRCH ST S,1,2,0,0,1,3,,,25,0,0,0,0,0,4,2,13
,2015_41913,0,0,11/27/2015 11:45,11:45,3,0,0,CROSS DR & 8601 BLK W,2,1,0,0,1,2,,,15,0,0,0,0,0,4,2,16
,2015_41914,0,0,8/25/2015 8:29,8:29,3,0,0,DAKOTA AVE 100 BLK E & LINCOLN ST S,1,1,0,0,1,1,,,25,0,0,0,0,0,4,2,14
,2015_41915,0,0,10/20/2015 17:37,17:37,3,0,0,EVANS AVE W & BANNOCK ST S,1,1,0,0,1,1,,,25,0,0,0,0,0,4,2,1
,2015_41916,0,0,12/2/2015 15:45,15:45,3,0,0,EVANS AVE 1300 BLK & DOWNING ST S,1,1,0,0,1,2,,,35,0,0,0,0,0,4,2,13
,2015_41917,0,0,9/2/2015 9:43,9:43,12,0,0,EVANS AVE 4500 BLK E & I-25 SB RAMPS,1,1,0,0,1,3,,,35,0,0,0,0,0,4,2,3
,2015_41918,0,0,12/5/2015 11:46,11:46,10,0,0,GLENCOE ST 3300 BLK N & 33RD AVE E,1,1,0,0,1,2,,,25,0,0,0,0,0,4,2,5
,2015_41919,0,0,11/20/2015 9:41,9:41,3,0,0,HARVARD AVE E & QUEBEC ST S,1,1,1,0,1,1,,,25,0,0,0,0,0,4,2,16
,2015_41921,0,0,11/24/2015 15:05,15:05,12,0,0,JOSEPHINE ST N & 7TH AVE E,1,1,1,0,1,1,,,30,0,0,0,0,1,4,2,16
,2015_41922,0,0,8/21/2015 10:30,10:30,3,0,0,KENTUCKY AVE E & UNIVERSITY BLVD S,1,1,0,0,1,1,,,25,0,0,0,0,0,4,2,14
,2015_41923,0,0,8/20/2015 8:02,8:02,3,0,0,KING ST N & 14TH AVE W,1,1,0,0,1,1,,,30,0,0,0,0,1,4,3,14
,2015_41924,0,0,11/5/2015 9:57,9:57,1,0,0,KNOX CT N & 5TH AVE W,2,1,0,0,1,1,,,25,0,0,0,0,1,4,2,7
,2015_41925,0,0,8/17/2015 11:36,11:36,14,0,0,LAFAYETTE ST & 800 BLK N,1,1,0,0,1,1,,,25,0,0,0,0,0,4,2,13
,2015_41926,0,0,10/3/2015 22:35,22:35,12,0,0,LARIMER ST 1400 BLK & 14TH ST,1,3,0,0,1,4,,,35,0,0,0,0,0,4,2,1
,2015_41927,0,0,10/3/2015 2:56,2:56,12,0,0,LARIMER ST & 18TH ST,1,3,0,0,1,1,,,35,0,0,0,0,0,4,2,5
,2015_41928,0,0,10/20/2015 7:29,7:29,3,0,0,LARIMER ST 1900 BLK & 20TH ST,1,1,1,0,1,1,,,30,0,0,0,0,0,4,2,3
,2015_41929,0,0,10/11/2015 2:36,2:36,15,0,0,LINCOLN ST N & 11TH AVE E,1,3,0,0,1,1,,,30,0,0,0,0,0,4,2,1
,2015_41930,0,0,12/17/2015 13:09,13:09,12,0,0,MONACO ST 500 BLK N & 6TH AVE E,1,1,0,0,1,4,,,30,0,0,0,0,0,4,2,14
,2015_41931,0,0,11/13/2015 8:10,8:10,15,0,0,MONACO ST N & 6TH AVE E,1,1,0,0,1,3,,,30,0,0,0,0,0,4,2,1
,2015_41932,0,0,11/10/2015 12:53,12:53,15,0,0,MONACO ST 200 BLK S & CEDAR AVE E,1,1,0,0,1,4,,,35,0,0,0,0,0,4,2,14
,2015_41933,0,0,8/20/2015 7:25,7:25,3,0,0,MONACO PKWY 3400 BLK S & GIRARD AVE E,1,1,0,0,1,2,,,35,0,0,0,0,0,4,2,13
,2015_41934,0,0,12/16/2015 21:54,21:54,3,0,1,MONACO ST N & STAPLETON S DR E,12,3,0,0,1,1,,,,0,0,0,0,2,4,2,13
,2015_41935,0,0,12/21/2015 12:40,12:40,3,0,0,NAVAJO ST N & 37TH AVE W,1,1,0,0,1,1,,,25,0,0,0,0,0,4,2,7
,2015_41936,0,0,12/1/2015 16:27,16:27,3,0,0,NEVADA PL W & STUART ST S,5,1,0,0,1,1,,,35,0,0,0,0,0,4,2,7
,2015_41937,0,0,9/9/2015 13:50,13:50,12,0,0,PARK AVE 1700 BLK & 17TH AVE E,1,1,0,0,1,4,,,30,0,0,0,0,0,4,2,13
,2015_41938,0,0,9/8/2015 16:10,16:10,15,0,0,PENA BLVD & 8500 BLK,1,1,0,0,1,4,,,10,0,0,0,0,0,4,2,1
,2015_41939,0,0,9/2/2015 15:55,15:55,12,0,0,PENA BLVD & GVR BLVD,1,1,1,0,1,8,,,45,0,0,0,0,0,4,2,13
,2015_41940,0,0,12/4/2015 20:10,20:10,12,0,0,PENA BLVD & GVR BLVD,1,3,0,0,1,1,,,55,0,0,0,0,0,4,2,13
,2015_41941,0,0,10/27/2015 17:45,17:45,12,0,0,PENNSYLVANIA ST 1800 BLK & 18TH AVE E,1,2,0,0,1,1,,,25,0,0,0,0,0,4,2,13
,2015_41942,0,0,11/9/2015 19:32,19:32,1,0,0,PEORIA ST N & ALBROOK DR E,1,3,0,0,1,1,,,35,0,0,0,0,0,4,2,7
,2015_41943,0,0,11/21/2015 21:48,21:48,12,0,1,PLATTE ST & 15TH ST,1,3,0,0,1,1,,,25,0,0,0,0,2,4,2,5
,2015_41944,0,0,9/20/2015 11:28,11:28,15,0,0,POPLAR ST 3400 BLK S & HAMPDEN AVE E,1,1,1,0,1,4,,,30,0,0,0,0,0,4,2,7
,2015_41945,0,0,9/10/2015 7:50,7:50,3,0,0,QUEBEC ST N & 12TH AVE E,1,1,0,0,1,1,,,25,0,0,0,0,0,4,2,3
,2015_41946,0,0,12/17/2015 13:45,13:45,10,0,0,QUEBEC ST 3600 BLK N & 36TH AVE E,4,1,0,0,1,1,,,35,0,0,0,0,0,4,2,13
,2015_41947,0,0,11/21/2015 0:59,0:59,8,0,0,QUEBEC ST S & VIRGINIA AVE E,5,3,0,2,1,3,,,30,0,0,0,0,0,4,2,16
,2015_41948,0,0,10/17/2015 16:14,16:14,15,0,0,17TH ST 1100 BLK & ARAPAHOE ST,1,1,0,0,1,4,,,25,0,0,0,0,0,4,2,13
,2015_41949,0,0,11/5/2015 6:24,6:24,3,0,0,19TH ST & LARIMER ST,2,1,0,1,1,1,,,35,0,0,0,0,0,4,2,16
,2015_41950,0,0,10/17/2015 18:28,18:28,12,0,0,SPEER BLVD 1300 BLK N & 13TH AVE W,1,2,0,0,1,4,,,35,0,0,0,0,0,4,2,13
,2015_41951,0,0,11/20/2015 11:56,11:56,12,0,0,SPEER BLVD N & 29TH AVE W,1,1,0,0,1,1,,,35,0,0,0,0,0,4,2,14
,2015_41952,0,0,11/30/2015 10:30,10:30,3,0,1,SPEER BLVD E & CORONA ST N,5,1,0,0,1,1,,,30,0,0,0,0,2,4,2,13
,2015_41953,0,0,8/26/2015 11:40,11:40,3,0,0,STAPLETON N DR E & DAHLIA ST N,1,1,0,0,1,1,,,30,0,0,0,0,0,4,2,13
,2015_41954,0,0,9/23/2015 13:13,13:13,15,0,0,STEELE ST S & BAYAUD AVE E,1,1,0,0,1,1,,,30,0,0,0,0,1,4,2,3
,2015_41955,0,0,11/20/2015 16:35,16:35,15,0,0,UNIVERSITY BLVD S & ALAMEDA AVE E,4,1,1,0,1,4,,,35,0,0,0,0,0,4,2,16
,2015_41956,0,0,10/1/2015 17:36,17:36,3,0,0,VIRGINIA AVE E & PEARL ST S,1,1,0,0,1,1,,,30,0,0,0,0,0,4,2,13
,2015_41957,0,0,12/10/2015 11:10,11:10,3,0,1,YALE AVE E & MONACO ST S,1,1,0,0,1,1,,,30,0,0,0,0,2,4,2,8
,2015_41958,0,0,12/18/2015 18:10,18:10,15,0,0,YOSEMITE ST 3600 BLK S & KENYON ST E,1,3,0,0,1,4,,,35,0,0,0,0,0,4,2,13
,2015_42028,39.687253,-104.940548,10/28/2015 12:27,12:27,12,0,0,COLORADO BLVD 1600 BLK S & IOWA AVE E,1,1,0,0,1,3,,,35,0,0,0,0,0,2,2,3
,2015_42029,39.696625,-104.940562,11/10/2015 17:24,17:24,12,0,0,MISSISSIPPI AVE 4000 BLK & COLORADO BLVD S,1,3,1,0,1,3,,,30,0,0,0,0,1,2,2,3
,2015_42031,39.71149,-104.940627,11/1/2015 18:10,18:10,1,0,0,ALAMEDA AVE E & COLORADO BLVD S,1,1,0,0,1,1,,,35,0,0,0,0,0,2,2,16
,2015_42032,39.714912,-104.940628,11/23/2015 10:25,10:25,15,0,0,COLORADO BLVD S & BAYAUD AVE E,1,1,1,0,1,3,,,35,0,0,0,0,0,2,2,1
,2015_42033,39.772893,-104.940506,9/25/2015 14:06,14:06,15,0,0,COLORADO BLVD N & 40TH AVE E,1,1,1,0,1,1,,,40,0,0,0,0,0,2,2,2
,2015_42042,39.725598,-105.044263,9/17/2015 20:35,20:35,15,0,0,6TH AVE W & VRAIN ST N,1,3,0,0,1,4,,,65,0,0,0,0,0,2,2,13
,2015_42043,39.725551,-105.036763,11/13/2015 16:06,16:06,12,0,0,6TH AVE W & LOWELL BLVD (OFFSET R,1,2,0,0,1,4,,,55,0,0,0,0,1,2,2,13
,2015_42063,39.68492,-104.959513,10/18/2015 17:30,17:30,12,0,0,I-25 NB OFF RAMP & UNIVERSITY BLVD S,1,5,0,0,1,1,,,25,0,0,0,0,1,1,2,13
,2015_42064,39.684898,-104.960282,8/28/2015 15:54,15:54,12,0,0,I-25 & MM 205,1,1,1,0,1,4,,,60,0,0,0,0,0,1,2,13
,2015_42065,39.690017,-104.973363,12/21/2015 9:58,9:58,12,0,0,I-25 & DOWNING ST,1,1,0,0,1,4,,,60,0,0,0,0,0,1,2,13
,2015_42066,39.749837,-105.017199,12/31/2015 10:09,10:09,15,0,0,I-25 & 23RD AVE W NB EXIT GORE PT,1,1,0,0,1,4,,,55,0,0,0,0,0,1,2,14
,2015_42067,39.751291,-105.016572,9/29/2015 5:34,5:34,15,0,0,I-25 & 23RD AVE W,1,2,0,0,1,4,,,55,0,0,0,0,0,1,2,3
,2015_42068,39.755141,-105.012706,11/16/2015 19:16,19:16,15,0,0,I-25 & SPEER BLVD N,2,3,0,1,1,4,,,55,0,0,0,0,0,1,2,16
,2015_42069,39.760997,-105.004275,9/4/2015 9:30,9:30,15,0,0,I-25 & 20TH ST,1,1,0,0,1,4,,,55,0,0,0,0,0,1,2,13
,2015_42070,39.760997,-105.004275,11/8/2015 14:24,14:24,12,0,0,I-25 & 20TH ST,1,1,0,0,1,4,,,55,0,0,0,0,0,1,2,16
,2015_42080,39.711181,-105.004478,10/22/2015 19:03,19:03,12,0,0,ALAMEDA AVE W & NAVAJO ST S,2,3,1,1,1,4,,,35,0,0,0,0,0,2,2,13
,2015_42081,39.65302,-104.875381,10/28/2015 8:00,8:00,12,0,0,E HAMPDEN AVE & DAYTON ST S,1,1,0,0,1,3,,,40,0,0,0,0,0,2,2,4
,2015_42082,39.667529,-104.866133,8/31/2015 7:38,7:38,1,0,1,HAVANA ST S & YALE AVE E,1,1,0,0,1,1,,,45,0,0,0,0,3,2,2,13
,2015_42085,39.781956,-104.901624,10/31/2015 20:31,20:31,3,0,0,QUEBEC ST & SAND CREEK DR S,1,3,0,0,1,1,,,35,0,0,0,0,0,2,2,4
,2015_42094,39.740038,-105.001467,9/20/2015 16:18,16:18,3,0,0,COLFAX AVE W & LIPAN ST,1,1,0,0,1,1,,,30,0,0,0,0,0,2,2,7
,2015_42095,39.740041,-104.983517,11/9/2015 9:26,9:26,15,0,0,COLFAX AVE EB E & GRANT ST N,1,1,0,0,1,3,,,35,0,0,0,0,0,2,2,14
,2015_42096,39.739983,-104.959843,12/2/2015 9:30,9:30,3,0,0,YORK ST N & COLFAX AVE E,1,1,0,0,1,1,,,30,0,0,0,0,0,2,2,13
,2015_42097,39.740164,-104.955256,9/14/2015 7:29,7:29,12,0,0,COLFAX AVE 2700 BLK E & DETROIT ST N (RD N),1,1,0,0,1,4,,,30,0,0,0,0,1,2,2,13
,2015_42098,39.740132,-104.943955,8/27/2015 8:10,8:10,3,0,0,COLFAX AVE E & GARFIELD ST N,1,1,0,0,1,1,,,35,0,0,0,0,0,2,2,7
,2015_42099,39.740056,-104.932161,9/9/2015 8:00,8:00,1,0,0,COLFAX AVE E & DAHLIA ST N,1,5,0,0,1,1,,,40,0,0,0,0,0,2,2,13
,2015_42113,39.783357,-105.034565,8/10/2015 8:11,8:11,12,0,0,I-70 & LOWELL BLVD N,1,1,0,0,1,4,,,55,0,0,0,0,0,1,2,1
,2015_42114,39.783138,-105.006328,11/10/2015 7:45,7:45,15,0,1,I-70 & PECOS ST N,1,1,0,0,1,4,,,55,0,0,0,0,2,1,2,1
,2015_42115,39.783138,-105.006328,10/21/2015 8:42,8:42,12,0,0,48TH AVE W & PECOS ST N,2,1,0,1,1,6,,,35,0,0,0,0,0,1,2,14
,2015_42116,39.78015,-104.989981,9/8/2015 7:37,7:37,12,0,0,I-70 WB OFF LOOP RAMP TO & I-25,1,1,0,0,1,8,,,55,0,0,0,0,0,1,2,14
,2015_42118,39.780052,-104.989434,9/18/2015 8:37,8:37,12,0,0,I-70 & I-25,1,1,0,0,1,4,,,55,0,0,0,0,0,1,2,16
,2015_42119,39.779944,-104.940633,9/22/2015 14:47,14:47,12,0,0,I-70 & COLORADO BLVD N,1,1,0,0,1,4,,,55,0,0,0,0,0,1,2,2
,2015_42120,39.777,-104.881437,12/18/2015 16:11,16:11,12,0,0,I-70 & CENTRAL PARK BLVD N,2,1,0,0,1,4,,,55,0,0,0,0,0,1,2,14
,2015_42121,39.775623,-104.865778,12/18/2015 12:12,12:12,12,0,0,I-70 & HAVANA ST N,1,1,0,0,1,4,,,55,0,0,0,0,0,1,2,5
,2015_42122,39.773054,-104.835964,10/14/2015 17:15,17:15,15,0,0,I-70 & I-225 SB OFF RAMP ENT,1,1,1,0,1,4,,,55,0,0,0,0,0,1,2,16
,2015_42123,39.772974,-104.835029,9/25/2015 7:58,7:58,12,0,0,I-70 & UVALDA ST N (NOT IN C,1,1,0,0,1,4,,,55,0,0,0,0,0,1,2,7
,2015_42138,39.696715,-104.898516,10/21/2015 9:25,9:25,12,0,0,PARKER RD 1000 BLK & MISSISSIPPI AVE E,2,1,0,1,1,4,,,35,0,0,0,0,0,2,2,13
,2015_42139,39.697493,-104.900626,12/10/2015 17:47,17:47,1,0,0,PARKER RD 1000 BLK S & ROSEMARY WAY S,1,3,1,7,1,2,,,40,0,0,0,0,1,2,2,14
,2015_42140,39.698738,-104.903937,8/19/2015 9:55,9:55,12,0,0,PARKER RD 1000 BLK S & QUEBEC ST S,1,1,1,0,1,3,,,40,0,0,0,0,0,2,2,8
,2015_42141,39.711328,-104.936473,12/14/2015 14:41,14:41,15,0,0,ALAMEDA AVE E & LEETSDALE DR,1,1,1,0,1,1,,,35,0,0,0,0,0,2,2,13
,2015_42147,39.696696,-104.991872,8/20/2015 2:44,2:44,3,0,0,MISSISSIPPI AVE W & PLATTE RIVER DR S,1,3,0,0,1,1,,,35,0,0,0,0,0,2,2,7
,2015_42148,39.696696,-104.991872,9/15/2015 14:29,14:29,1,0,0,MISSISSIPPI AVE W & SANTA FE DR S,1,1,0,0,1,1,,,30,0,0,0,0,0,2,2,13
,2015_42155,39.737975,-105.025273,10/17/2015 14:05,14:05,1,0,0,FEDERAL BLVD N & 14TH AVE W,1,1,0,0,1,1,,,25,0,0,0,0,0,2,3,13
,2015_42156,39.735058,-105.025259,12/31/2015 9:27,9:27,15,0,0,FEDERAL BLVD 1200 BLK N & 12TH AVE W,1,1,0,0,1,4,,,35,0,0,0,0,0,2,2,13
,2015_42157,39.693397,-105.025039,10/5/2015 6:28,6:28,12,0,0,FEDERAL BLVD S & LOUISIANA AVE W,1,2,0,0,1,4,,,35,0,0,0,0,1,2,2,3
,2015_42192,0,0,6/24/2015 7:30,7:30,6,0,0,14TH AVE 4600 BLK W & WINONA CT N,1,1,0,7,1,4,,,30,0,0,0,0,0,4,2,16
,2015_42202,39.780804,-104.966749,12/23/2015 11:56,11:56,1,0,0,BRIGHTON BLVD N & I-70 WB RAMPS,1,1,0,0,1,1,,,35,0,0,0,0,0,2,2,8
,2015_42207,39.769244,-105.025232,11/14/2015 21:39,21:39,12,0,0,38TH AVE W & FEDERAL BLVD N,1,3,0,0,1,3,,,35,0,0,0,0,0,2,2,14
,2015_42208,0,0,4/29/2015 11:35,11:35,5,0,0,HOLLY ST 2000 BLK S & ASBURY AVE E,1,1,0,7,3,4,,,30,0,0,0,0,0,4,1,16
,2015_42209,39.787612,-105.025221,12/30/2015 18:14,18:14,1,0,0,FEDERAL BLVD & 50TH AVE N,1,3,0,0,1,2,,,35,0,0,0,0,1,2,2,13
,2015_42269,0,0,2/24/2015 19:09,19:09,6,0,0,MAGNOLIA ST & 1340 N,5,3,0,7,1,4,,,25,0,0,0,0,0,4,2,14
,2015_42326,0,0,10/21/2015 12:20,12:20,12,0,0,1ST AVE 2300 BLK E & UNIVERSITY BLVD S,2,1,0,1,1,3,,,30,0,0,0,0,1,4,2,13
,2015_42327,0,0,9/3/2015 18:40,18:40,12,0,1,2ND AVE W & BRYANT ST N,2,1,1,0,1,1,,,30,0,0,0,0,2,4,2,3
,2015_42328,0,0,10/19/2015 13:52,13:52,15,0,0,3RD AVE 900 BLK W & SANTA FE DR,1,1,1,0,1,2,,,25,0,0,0,0,0,4,2,1
,2015_42329,0,0,10/29/2015 8:15,8:15,15,0,0,6TH AVE & 400 BLK W,1,1,0,0,1,4,,,30,0,0,0,0,0,4,2,13
,2015_42330,0,0,12/28/2015 13:43,13:43,10,0,0,6TH AVE E & BROADWAY ST N,1,1,0,0,1,1,,,30,0,0,0,0,0,4,2,1
,2015_42331,0,0,11/1/2015 23:05,23:05,3,0,0,6TH AVE E & DOWNING ST N,1,3,0,0,1,1,,,30,0,0,0,0,0,4,2,12
,2015_42332,0,0,11/27/2015 11:04,11:04,3,0,0,6TH AVE W & KALAMATH ST N,2,1,0,0,1,1,,,35,0,0,0,0,0,4,2,14
,2015_42333,0,0,10/29/2015 11:50,11:50,15,0,0,6TH AVE E & LINCOLN ST N,1,1,0,0,1,1,,,30,0,0,0,0,0,4,2,13
,2015_42334,0,0,11/17/2015 5:15,5:15,12,0,0,6TH AVE E & LINCOLN ST N,6,3,0,2,1,1,,,30,0,0,0,0,1,4,2,14
,2015_42335,0,0,11/28/2015 1:21,1:21,12,0,0,6TH AVE E & WASHINGTON ST N,5,3,0,0,1,4,,,30,0,0,0,0,0,4,2,14
,2015_42336,0,0,11/11/2015 11:55,11:55,12,0,0,8TH AVE & 2400 BLK E,1,1,0,0,1,4,,,30,0,0,0,0,0,4,2,3
,2015_42337,0,0,9/17/2015 14:26,14:26,3,0,0,8TH AVE W & SANTA FE DR N,1,1,0,0,1,1,,,30,0,0,0,0,1,4,2,7
,2015_42338,0,0,10/31/2015 15:30,15:30,15,0,0,8TH AVE E & YORK ST N,1,1,1,0,1,1,,,30,0,0,0,0,1,4,2,13
,2015_42339,0,0,10/15/2015 12:25,12:25,1,0,0,11TH AVE W & ACOMA ST N,1,1,0,0,1,1,,,30,0,0,0,0,0,4,2,13
,2015_42340,0,0,9/2/2015 7:30,7:30,3,0,0,13TH AVE W & OSAGE ST N,1,1,0,0,1,1,,,30,0,0,0,0,0,4,2,13
,2015_42341,0,0,12/24/2015 16:50,16:50,10,0,0,14TH AVE E & N COOK ST,1,1,0,0,1,1,,,30,0,0,0,0,0,4,2,13
,2015_42342,0,0,11/3/2015 19:00,19:00,3,0,0,14TH AVE E & UINTA ST N,1,3,1,0,1,1,,,25,0,0,0,0,0,4,2,16
,2015_42343,0,0,9/30/2015 14:05,14:05,3,0,0,16TH AVE 3900 BLK E & COLORADO BLVD N,1,1,0,0,1,5,,,30,0,0,0,0,0,4,2,13
,2015_42345,0,0,8/13/2015 8:05,8:05,12,0,0,17TH AVE E & GILPIN ST N,1,1,0,0,1,1,,,30,0,0,0,0,0,4,2,14
,2015_42346,0,0,11/10/2015 7:15,7:15,3,0,0,18TH AVE E & MARION ST N,1,1,0,0,1,1,,,25,0,0,0,0,0,4,2,13
,2015_42347,0,0,11/29/2015 8:39,8:39,15,0,0,19TH AVE & 500 BLK E,1,1,0,0,1,4,,,30,0,0,0,0,0,4,2,13
,2015_42349,0,0,12/28/2015 22:51,22:51,6,0,0,22ND AVE W & CLAY ST N,1,3,0,7,1,4,,,30,0,0,0,0,0,4,2,4
,2015_42350,0,0,12/13/2015 12:53,12:53,15,0,0,23RD AVE E & KEARNEY ST N,1,1,0,0,1,1,,,30,0,0,0,0,0,4,2,13
,2015_42351,0,0,10/25/2015 10:19,10:19,15,0,0,29TH AVE E & DOWNING ST N,1,1,0,0,1,1,,,25,0,0,0,0,0,4,2,8
,2015_42352,0,0,8/22/2015 21:38,21:38,1,0,0,30TH AVE W & LOWELL BLVD N,1,3,0,0,1,1,,,35,0,0,0,0,1,4,2,13
,2015_42353,0,0,12/8/2015 10:23,10:23,15,0,0,38TH AVE & BRIGHTON BLVD,1,1,0,0,1,4,,,30,0,0,0,0,0,4,2,13
,2015_42354,0,0,11/21/2015 15:30,15:30,1,0,0,38TH AVE W & MEADE ST N,5,4,0,2,1,1,,,35,0,0,0,0,0,4,2,13
,2015_42355,0,0,9/5/2015 12:40,12:40,3,0,0,38TH AVE W & PECOS ST N,1,1,0,0,1,1,,,30,0,0,0,0,0,4,2,13
,2015_42356,0,0,10/29/2015 13:18,13:18,1,0,0,38TH AVE W & QUITMAN ST N,1,1,1,0,1,1,,,30,0,0,0,0,0,4,2,13
,2015_42357,0,0,9/2/2015 6:45,6:45,1,0,0,39TH AVE E & PEORIA ST N,1,1,0,0,1,1,,,35,0,0,0,0,0,4,2,14
,2015_42358,0,0,9/9/2015 15:42,15:42,15,0,0,39TH AVE E & PEORIA ST N,1,1,1,0,1,1,,,35,0,0,0,0,0,4,2,13
,2015_42359,0,0,10/18/2015 10:40,10:40,3,0,0,39TH AVE E & WILLIAMS ST N,1,1,0,0,1,1,,,25,0,0,0,0,1,4,2,13
,2015_42360,0,0,12/16/2015 8:00,8:00,3,0,0,ALAMEDA AVE E & DAYTON ST S,5,1,0,0,1,1,,,25,0,0,0,0,0,4,2,13
,2015_42361,0,0,8/19/2015 15:26,15:26,1,0,0,ALAMEDA AVE E & MONACO ST S,1,1,0,7,1,1,,,35,0,0,0,0,1,4,2,3
,2015_42362,0,0,11/11/2015 17:30,17:30,3,0,0,ALAMEDA AVE E & QUEBEC ST S,1,2,0,0,1,1,,,35,0,0,0,0,0,4,2,13
,2015_42363,0,0,10/12/2015 12:16,12:16,10,0,0,ARIZONA AVE 3900 BLK E & COLORADO BLVD S,1,1,0,0,1,2,,,25,0,0,0,0,0,4,2,1
,2015_42364,0,0,11/4/2015 16:23,16:23,3,0,0,BELLAIRE ST S & EVANS AVE E,1,1,0,0,1,2,,,,0,0,0,0,0,4,2,3
,2015_42365,0,0,11/16/2015 18:27,18:27,15,0,0,BROADWAY N & 4TH AVE E,2,3,0,1,1,3,,,35,0,0,0,0,0,4,2,8
,2015_42366,0,0,11/18/2015 13:25,13:25,12,0,0,BROADWAY ST N & 14TH AVE W,1,1,0,0,1,4,,,30,0,0,0,0,0,4,2,13
,2015_42367,0,0,8/13/2015 16:00,16:00,3,0,0,BROADWAY ST N & ARAPAHOE ST,1,1,0,0,1,2,,,30,0,0,0,0,0,4,2,13
,2015_42368,0,0,9/2/2015 12:46,12:46,15,0,0,BROADWAY ST 500 BLK S & CENTER AVE E,1,1,0,0,1,4,,,30,0,0,0,0,0,4,2,8
,2015_42369,0,0,11/11/2015 12:43,12:43,10,0,0,BROADWAY ST N & ELLSWORTH AVE W,1,1,0,0,1,1,,,30,0,0,0,0,0,4,2,8
,2015_42370,0,0,12/4/2015 7:12,7:12,12,0,0,BROADWAY ST S & MEXICO AVE E,1,1,0,0,1,1,,,35,0,0,0,0,0,4,2,13
,2015_42371,0,0,10/1/2015 16:19,16:19,10,0,0,BRUCE RANDOLPH AVE 3900 B & HARRISON ST N,1,1,0,0,1,1,,,30,0,0,0,0,1,4,2,13
,2015_42372,0,0,10/28/2015 15:20,15:20,10,0,0,CEDAR AVE E & BROADWAY ST S,1,1,0,0,1,1,,,30,0,0,0,0,0,4,2,13
,2015_42373,0,0,10/29/2015 16:43,16:43,1,0,0,CENTER AVE E & LOGAN ST S,1,1,0,0,1,1,,,25,0,0,0,0,0,4,2,3
,2015_42374,0,0,8/18/2015 11:10,11:10,12,0,0,CLAY ST S & ALAMEDA AVE W,1,1,0,0,1,2,,,25,0,0,0,0,0,4,2,7
,2015_42376,0,0,8/27/2015 15:58,15:58,3,0,0,DOWNING ST S & ARKANSAS AVE E,1,1,0,0,1,1,,,25,0,0,0,0,1,4,2,3
,2015_42377,0,0,11/19/2015 8:38,8:38,12,0,0,DOWNING ST S & LOUISIANA AVE E,1,1,0,0,1,4,,,30,0,0,0,0,0,4,2,16
,2015_42378,0,0,9/14/2015 8:48,8:48,1,0,0,EVANS AVE E & BROADWAY ST S,1,1,0,0,1,1,,,35,0,0,0,0,0,4,2,13
,2015_42379,0,0,9/20/2015 16:55,16:55,3,0,0,EVANS AVE W & CLAY ST S,1,1,0,0,1,1,,,35,0,0,0,0,1,4,2,13
,2015_42380,0,0,8/18/2015 8:30,8:30,1,0,0,EVANS AVE E & PENNSYLVANIA ST S,1,1,1,0,1,1,,,35,0,0,0,0,0,4,2,13
,2015_42381,0,0,11/21/2015 10:50,10:50,12,0,0,EXPOSITION AVE E & LOGAN ST S,5,1,0,0,1,4,,,25,0,0,0,0,1,4,2,16
,2015_42382,0,0,9/2/2015 8:05,8:05,15,0,0,FAIRMOUNT DR E & LOWRY BLVD E,1,1,0,0,1,1,,,30,0,0,0,0,0,4,2,13
,2015_42383,0,0,8/30/2015 14:52,14:52,3,0,0,GVR BLVD 1 & CHAMBERS RD N,1,1,0,0,1,2,,,30,0,0,0,0,0,4,2,13
,2015_42384,0,0,12/8/2015 17:22,17:22,3,0,1,HARRISON LN S & EXPOSITION AVE E,1,3,1,0,1,1,,,25,0,0,0,0,2,4,2,13
,2015_42385,0,0,8/27/2015 16:48,16:48,3,0,0,IRVING ST S & ARKANSAS AVE W,1,1,0,0,1,1,,,25,0,0,0,0,0,4,2,8
,2015_42386,0,0,10/22/2015 8:29,8:29,6,0,0,LAFAYETTE ST 300 BLK S & ALAMEDA AVE E,2,1,0,1,1,4,,,25,0,0,0,0,0,4,2,16
,2015_42387,0,0,10/27/2015 12:59,12:59,15,0,0,LINCOLN ST 1700 BLK N & 17TH AVE E,1,1,1,0,1,1,,,30,0,0,0,0,0,4,2,8
,2015_42388,0,0,8/26/2015 13:40,13:40,10,0,0,LINCOLN ST N & 18TH AVE E,1,1,0,0,1,1,,,30,0,0,0,0,0,4,2,13