id,drcog_id,latitude,longitude,crashtime,time,crashtype,numbkilled,numbinjurd,drcoglocat,rdconditin,lightngcon,roadcntgrd,weatherco,location,roaddescrp,schoolzone,constrzone,splimit,bikeinv,pedinv,sctrinv,motoinv,svrty,rdsystem,ttlvehcls,hcf
,2015_42389,0,0,8/16/2015 2:38,2:38,3,0,3,LOGAN ST N & 17TH AVE E,2,3,0,0,1,1,,,30,0,0,0,0,3,4,5,5
,2015_42390,0,0,9/4/2015 15:34,15:34,12,0,0,LOGAN ST S & DAKOTA AVE E,1,1,0,0,1,1,,,30,0,0,0,0,0,4,2,3
,2015_42391,0,0,11/21/2015 9:42,9:42,3,0,0,LOWELL BLVD S & YALE AVE W,5,1,1,0,1,1,,,25,0,0,0,0,0,4,2,7
,2015_42392,0,0,11/9/2015 14:56,14:56,3,0,0,MLK BLVD & QUEBEC ST N,1,1,0,0,1,1,,,35,0,0,0,0,0,4,2,13
,2015_42393,0,0,10/11/2015 16:30,16:30,12,0,0,MISSISSIPPI AVE W & ZUNI ST S,1,1,0,0,1,1,,,30,0,0,0,0,0,4,2,3
,2015_42394,0,0,10/14/2015 19:10,19:10,1,0,0,MONACO PKWY & 6TH AVE E,1,3,0,0,1,1,,,35,0,0,0,0,0,4,2,13
,2015_42395,0,0,10/23/2015 9:13,9:13,6,0,0,NEWPORT ST & 1100 BLK N,1,1,0,0,1,4,,,25,0,0,0,0,0,4,2,7
,2015_42396,0,0,10/3/2015 13:40,13:40,3,0,0,OGDEN ST S & EVANS AVE E,1,1,0,0,1,1,,,25,0,0,0,0,0,4,2,1
,2015_42397,0,0,12/14/2015 9:10,9:10,3,0,0,PARK AVE W & GLENARM PL,1,1,1,1,1,1,,,15,0,0,0,0,0,4,2,14
,2015_42398,0,0,11/2/2015 14:59,14:59,12,0,0,QUEBEC ST & 2000 BLK S,1,1,0,0,1,2,,,35,0,0,0,0,0,4,2,1
,2015_42399,0,0,11/19/2015 18:10,18:10,3,0,0,QUEBEC ST N & 36TH AVE E,1,1,1,0,1,1,,,35,0,0,0,0,0,4,2,13
,2015_42400,0,0,8/17/2015 15:40,15:40,15,0,0,13TH ST & DELAWARE ST N,1,1,0,0,1,1,,,25,0,0,0,0,0,4,2,8
,2015_42401,0,0,8/17/2015 17:20,17:20,15,0,0,17TH ST & BROADWAY ST N,1,1,0,0,1,1,,,30,0,0,0,0,0,4,2,7
,2015_42402,0,0,8/25/2015 11:07,11:07,3,0,1,19TH ST & BLAKE ST,1,1,0,0,1,1,,,30,0,0,0,0,2,4,2,13
,2015_42403,0,0,12/2/2015 9:50,9:50,3,0,0,22ND ST & BLAKE ST,1,1,0,0,1,1,,,30,0,0,0,0,0,4,2,13
,2015_42404,0,0,11/24/2015 8:22,8:22,3,0,0,27TH ST & LARIMER ST,1,1,0,0,1,1,,,30,0,0,0,0,0,4,2,16
,2015_42405,0,0,9/24/2015 13:01,13:01,1,0,0,56TH AVE E & PENA BLVD,1,1,1,0,1,2,,,35,0,0,0,0,0,4,2,8
,2015_42406,0,0,8/31/2015 15:05,15:05,12,0,0,SANTA FE DR 300 N & 3RD AVE E,1,1,0,0,1,4,,,30,0,0,0,0,0,4,2,1
,2015_42407,0,0,9/20/2015 10:12,10:12,12,0,0,SANTA FE DR S & BYERS PL W,1,1,1,0,1,1,,,30,0,0,0,0,0,4,2,13
,2015_42408,0,0,12/8/2015 17:13,17:13,3,0,0,SMITH RD E & OLIVE ST,1,3,0,0,1,1,,,30,0,0,0,0,0,4,2,13
,2015_42409,0,0,11/3/2015 18:10,18:10,12,0,0,SPEER BLVD & BANNOCK ST,1,2,0,0,1,3,,,35,0,0,0,0,0,4,2,13
,2015_42410,0,0,12/17/2015 11:21,11:21,3,0,0,SPEER BLVD E & CORONA ST N,6,1,0,0,1,1,,,25,0,0,0,0,0,4,2,14
,2015_42411,0,0,9/12/2015 16:05,16:05,3,0,0,SPEER BLVD E & WASHINGTON ST N,1,1,1,0,1,1,,,30,0,0,0,0,0,4,2,3
,2015_42412,0,0,12/26/2015 9:13,9:13,12,0,0,TOWER RD N & 56TH AVE E,5,1,0,0,1,1,,,40,0,0,0,0,0,4,2,7
,2015_42413,0,0,11/16/2015 18:43,18:43,1,0,0,UNIVERSITY BLVD S & EVANS AVE E,2,3,0,1,1,1,,,30,0,0,0,0,0,4,2,7
,2015_42414,0,0,9/29/2015 13:08,13:08,12,0,0,UNIVERSITY BLVD S & WESLEY AVE E,1,1,1,0,1,1,,,30,0,0,0,0,0,4,2,13
,2015_42415,0,0,10/28/2015 9:01,9:01,3,0,0,VINE ST S & LOUISIANA AVE E,1,1,0,0,1,1,,,25,0,0,0,0,0,4,3,13
,2015_42416,0,0,12/16/2015 15:04,15:04,3,0,0,WARREN AVE E & LOGAN ST S,6,1,0,0,1,1,,,20,0,0,0,0,0,4,2,13
,2015_42417,0,0,7/16/2015 12:52,12:52,6,0,0,ARKANSAS AVE 800 BLK E & EMERSON ST S,1,1,0,7,1,4,,,25,0,0,0,0,0,4,2,16
,2015_42418,0,0,11/6/2015 22:23,22:23,3,0,0,WELTON ST & 17TH ST,1,3,1,0,1,1,,,30,0,0,0,0,0,4,2,3
,2015_42419,0,0,11/16/2015 17:53,17:53,15,0,0,YALE AVE 6500 BLK E & MONACO PKWY S,2,3,0,1,1,4,,,30,0,0,0,0,0,4,2,3
,2015_42420,0,0,11/13/2015 7:34,7:34,14,0,0,YORK ST & 3000 BLK N,5,1,0,0,1,4,,,30,0,0,0,0,0,4,2,13
,2015_42421,0,0,9/22/2015 21:40,21:40,3,0,0,YORK ST S & WESLEY AVE E,1,4,0,0,1,1,,,25,0,0,0,0,0,4,2,14
,2015_42422,0,0,12/14/2015 12:15,12:15,3,0,0,ZUNI ST N & 29TH AVE W,1,1,0,0,1,1,,,35,0,0,0,0,0,4,2,13
,2015_42423,0,0,10/31/2015 10:40,10:40,1,0,0,ZUNI ST N & 51ST AVE W,1,1,0,0,1,1,,,25,0,0,0,0,0,4,2,16
,2015_42488,39.725218,-105.017695,8/28/2015 6:55,6:55,12,0,0,6TH AVE W & I-25 SB EXIT,1,1,0,0,1,4,,,45,0,0,0,0,0,2,2,1
,2015_42505,39.687563,-104.940549,12/14/2015 12:40,12:40,1,0,0,COLORADO BLVD S & IOWA AVE E,1,1,0,0,1,1,,,35,0,0,0,0,0,2,2,13
,2015_42507,39.706129,-104.940624,11/3/2015 13:32,13:32,1,0,0,CHERRY CREEK DR S & COLORADO BLVD S,1,1,1,0,1,1,,,35,0,0,0,0,0,2,2,1
,2015_42508,39.676627,-104.940637,11/18/2015 10:58,10:58,1,0,0,COLORADO BLVD S & WARREN AVE E,1,1,0,0,1,1,,,35,0,0,0,0,0,2,2,14
,2015_42509,39.736767,-104.940616,8/7/2015 9:50,9:50,15,0,0,13TH AVE E & COLORADO BLVD N,1,1,0,0,1,1,,,35,0,0,0,0,0,2,2,13
,2015_42510,39.738302,-104.940614,12/3/2015 9:40,9:40,15,0,0,14TH AVE & COLORADO BLVD,1,1,0,0,1,1,,,35,0,0,0,0,0,2,2,13
,2015_42511,39.740086,-104.940612,12/23/2015 15:28,15:28,12,0,0,E COLFAX AVE & N COLORADO BLVD,1,1,0,0,1,1,,,35,0,0,0,0,0,2,2,13
,2015_42512,39.783831,-104.940459,9/18/2015 15:38,15:38,14,0,0,COLORADO BLVD N & 48TH AVE E,1,1,0,0,1,1,,,40,0,0,0,0,0,2,2,2
,2015_42513,39.787985,-104.940387,10/7/2015 16:10,16:10,12,0,0,COLORADO BLVD N & 50TH AVE E,1,1,0,0,1,1,,,40,0,0,0,0,0,2,2,1
,2015_42538,39.678363,-104.933558,9/25/2015 7:19,7:19,1,0,0,EVANS AVE E & I-25 SB RAMPS,1,1,0,0,1,1,,,35,0,0,0,0,0,1,2,13
,2015_42539,39.687712,-104.968747,12/14/2015 8:25,8:25,12,0,0,I-25 & FRANKLIN ST S,1,1,1,0,1,4,,,60,0,0,0,0,0,1,2,3
,2015_42540,39.697473,-104.982744,12/17/2015 17:20,17:20,12,0,0,I-25 & LOGAN ST S,2,3,0,0,1,4,,,55,0,0,0,0,0,1,2,13
,2015_42541,39.701452,-104.987435,9/17/2015 17:25,17:25,12,0,0,I-25 & BROADWAY,1,1,0,0,1,4,,,35,0,0,0,0,1,1,2,14
,2015_42542,39.701452,-104.987435,10/26/2015 9:08,9:08,10,0,0,I-25 SB RAMPS & BROADWAY ST S,1,1,0,0,1,1,,,40,0,0,0,0,0,1,2,12
,2015_42543,39.71124,-104.998918,11/9/2015 18:40,18:40,15,0,0,I-25 & ALAMEDA AVE W,1,2,0,0,1,4,,,55,0,0,0,0,0,1,2,16
,2015_42544,39.714394,-105.000843,10/23/2015 23:56,23:56,15,0,0,I-25 NB ON RAMP & ALAMEDA AVE W,1,3,1,0,1,8,,,55,0,0,0,0,0,1,2,13
,2015_42545,39.72448,-105.012285,11/9/2015 15:04,15:04,12,0,0,I-25 SB ON RAMP & 6TH AVE EB,1,1,0,0,1,4,,,55,0,0,0,0,0,1,2,3
,2015_42546,39.724691,-105.012469,11/23/2015 8:10,8:10,12,0,0,I-25 & 6TH AVE W,1,1,0,0,1,4,,,55,0,0,0,0,0,1,2,16
,2015_42547,39.724909,-105.012637,10/15/2015 15:05,15:05,12,0,0,I-25 SB ON RAMP SPLIT PT & 6TH AVE W,1,1,0,0,1,8,,,55,0,0,0,0,0,1,2,14
,2015_42548,39.729334,-105.014821,9/15/2015 9:40,9:40,12,0,0,I-25 & EXIT 209C,1,1,0,0,1,4,,,55,0,0,0,0,0,1,2,13
,2015_42549,39.729334,-105.014821,10/23/2015 6:36,6:36,15,0,0,8TH AVE W & WYANDOT ST,1,1,0,0,1,1,,,35,0,0,0,0,0,1,2,14
,2015_42550,39.751291,-105.016572,8/26/2015 1:17,1:17,15,0,0,I-25 & 23RD AVE W,1,3,0,0,1,4,,,45,0,0,0,0,0,1,2,14
,2015_42551,39.751291,-105.016572,10/20/2015 19:00,19:00,12,0,0,I-25 & 23RD AVE W,1,3,0,0,1,4,,,55,0,0,0,0,0,1,2,16
,2015_42552,39.768039,-104.994788,12/15/2015 12:19,12:19,12,0,0,38TH AVE W & FOX ST N/I-25 SB RAMP,4,1,0,2,1,1,,,35,0,0,0,0,0,1,2,13
,2015_42563,39.711096,-105.028619,10/22/2015 15:40,15:40,3,0,0,ALAMEDA AVE W & HOOKER ST S,2,1,0,1,1,2,,,35,0,0,0,0,0,2,2,1
,2015_42564,39.653112,-104.905385,8/24/2015 17:10,17:10,12,0,0,HAMPDEN AVE 7100 BLK E & POPLAR ST S,1,1,0,0,1,4,,,40,0,0,0,0,1,2,2,13
,2015_42565,39.667386,-104.866136,11/21/2015 8:02,8:02,15,0,0,HAVANA ST S & YALE AVE E,5,1,0,0,1,3,,,45,0,0,0,0,0,2,2,7
,2015_42571,39.777546,-104.903402,8/27/2015 10:48,10:48,5,0,0,NORTHFIELD QUEBEC ST N & I-70 EB RAMPS,1,1,1,0,1,3,,,35,0,0,0,0,0,2,2,13
,2015_42587,39.740322,-105.053272,8/21/2015 16:17,16:17,12,0,0,COLFAX AVE W & SHERIDAN BLVD,1,1,0,0,1,1,,,35,0,0,0,0,1,2,2,3
,2015_42588,39.74036,-105.050969,9/18/2015 12:10,12:10,3,0,0,COLFAX AVE W & YATES ST N,1,1,0,0,1,1,,,25,0,0,0,0,0,2,4,1
,2015_42589,39.740009,-104.96852,12/28/2015 20:05,20:05,12,0,0,COLFAX AVE E & FRANKLIN ST N,1,3,0,0,1,1,,,35,0,0,0,0,0,2,2,13
,2015_42590,39.740132,-104.944125,9/2/2015 11:00,11:00,1,0,0,COLFAX AVE E & GARFIELD ST N,1,1,0,0,1,1,,,30,0,0,0,0,0,2,2,8
,2015_42591,39.740072,-104.91987,9/4/2015 18:54,18:54,12,0,0,COLFAX AVE E & IVY ST N,1,1,0,0,1,4,,,35,0,0,0,0,0,2,2,3
,2015_42604,39.783571,-105.015887,10/16/2015 15:04,15:04,15,0,0,I-70 & ZUNI ST N,1,1,1,0,1,4,,,55,0,0,0,0,0,1,2,13
,2015_42605,39.779435,-104.979009,9/18/2015 7:45,7:45,15,0,0,I-70 WB OFF RAMP & WASHINGTON ST,1,1,0,0,1,1,,,35,0,0,0,0,0,1,2,14
,2015_42606,39.779984,-104.938639,8/25/2015 12:15,12:15,12,0,0,I-70 & COLORADO BLVD N,1,1,0,0,1,4,,,55,0,0,0,0,0,1,2,1
,2015_42607,39.778294,-104.909589,11/21/2015 8:54,8:54,15,0,1,I-70 WB OFF RAMP & STAPLETON N DR E,5,1,0,0,1,8,,,55,0,0,0,0,2,1,2,16
,2015_42608,39.7741,-104.848125,12/11/2015 16:45,16:45,12,0,0,I-70 & PEORIA ST N,7,2,1,0,1,4,,,55,0,0,0,0,0,1,2,16
,2015_42628,39.706355,-104.919413,10/13/2015 9:01,9:01,12,0,0,LEETSDALE DR 5900 BLK & JERSEY ST S,1,1,0,0,1,4,,,40,0,0,0,0,0,2,2,13
,2015_42636,39.732921,-105.02517,10/23/2015 14:38,14:38,1,0,0,FEDERAL BLVD N & 10TH AVE W,1,1,1,0,1,1,,,35,0,0,0,0,0,2,2,13
,2015_42637,39.725493,-105.025119,9/12/2015 22:50,22:50,3,0,0,6TH AVE W & FEDERAL BLVD N,1,3,0,0,1,1,,,35,0,0,0,0,0,2,2,13
,2015_42638,39.696764,-105.025061,10/22/2015 10:14,10:14,10,0,0,MISSISSIPPI AVE & FEDERAL BLVD,1,1,0,0,1,1,,,45,0,0,0,0,0,2,2,13
,2015_42639,39.689552,-105.02506,8/29/2015 13:13,13:13,1,0,0,FEDERAL BLVD S & FLORIDA AVE W,1,1,0,0,1,1,,,40,0,0,0,0,0,2,2,8
,2015_42654,39.682241,-105.053199,10/30/2015 16:45,16:45,12,0,0,SHERIDAN BLVD S & JEWELL AVE W,1,1,1,0,1,1,,,35,0,0,0,0,0,2,2,13
,2015_42657,39.746414,-105.053234,11/9/2015 14:40,14:40,12,0,3,SHERIDAN BLVD 1900 BLK N & 20TH AVE W,1,1,1,0,1,2,,,35,0,0,0,0,3,2,2,3
,2015_42697,39.763205,-105.025164,12/21/2015 12:05,12:05,12,0,0,FEDERAL BLVD N & HIGHLAND PARK PL W,1,1,0,0,1,1,,,35,0,0,0,0,0,2,2,14
,2015_42817,0,0,10/8/2015 14:37,14:37,15,0,0,8TH AVE & 2500 BLK W,1,1,1,0,1,4,,,35,0,0,0,0,0,4,2,13
,2015_42818,0,0,12/4/2015 18:20,18:20,12,0,0,8TH AVE 1300 BLK E & MARION ST N,1,3,0,0,1,4,,,30,0,0,0,0,0,4,2,12
,2015_42819,0,0,8/20/2015 16:10,16:10,1,0,0,10TH AVE & 2800 BLK W,1,1,1,0,1,4,,,25,0,0,0,0,0,4,2,13
,2015_42820,0,0,1/27/2015 21:30,21:30,5,0,0,OSCEOLA ST & 629 BLK N,1,4,0,0,3,5,,,10,0,0,0,0,0,4,1,13
,2015_42821,0,0,12/15/2015 17:27,17:27,12,0,0,14TH AVE E & FILLMORE ST N,4,3,0,2,1,1,,,30,0,0,0,0,0,4,2,13
,2015_42822,0,0,10/2/2015 21:30,21:30,15,0,0,14TH AVE 100 BLK E & LINCOLN ST N,1,3,0,0,1,4,,,30,0,0,0,0,0,4,2,13
,2015_42823,0,0,8/28/2015 14:20,14:20,3,0,0,17TH AVE E & ST PAUL ST N,1,1,0,0,1,5,,,10,0,0,0,0,0,4,2,13
,2015_42824,0,0,11/23/2015 12:26,12:26,12,0,0,23RD AVE W & CLAY ST N,1,1,1,0,1,1,,,30,0,0,0,0,1,4,5,10
,2015_42825,0,0,12/16/2015 18:34,18:34,1,0,0,23RD AVE E & DOWNING ST N,5,3,0,0,1,1,,,30,0,0,0,0,0,4,2,13
,2015_42826,0,0,9/21/2015 7:50,7:50,12,0,0,23RD AVE E & KEARNEY ST N,1,1,0,0,1,1,,,30,0,0,0,0,0,4,2,13
,2015_42827,0,0,10/13/2015 9:05,9:05,12,0,0,23RD AVE E & YORK ST N,1,1,0,0,1,4,,,25,0,0,0,0,1,4,2,13
,2015_42828,0,0,12/25/2015 13:13,13:13,12,0,0,29TH AVE E & CENTRAL PARK BLVD N,5,1,0,2,1,1,,,35,0,0,0,0,0,4,2,13
,2015_42829,0,0,9/21/2015 7:15,7:15,3,0,0,ALAMEDA AVE W & BANNOCK ST S,1,1,0,0,1,1,,,35,0,0,0,0,0,4,2,14
,2015_42830,0,0,11/30/2015 8:50,8:50,12,0,0,ALAMEDA AVE 3400 BLK E & CHERRY CREEK DR N E,4,1,0,0,1,1,,,30,0,0,0,0,0,4,2,1
,2015_42832,0,0,10/11/2015 9:47,9:47,3,0,0,ALAMEDA AVE E & DAYTON ST S,1,1,0,0,1,1,,,30,0,0,0,0,0,4,2,13
,2015_42833,0,0,11/13/2015 13:14,13:14,3,0,0,ALAMEDA AVE E & GRANT ST S,1,1,0,0,1,1,,,25,0,0,0,0,0,4,2,13
,2015_42834,0,0,11/26/2015 18:17,18:17,1,0,1,ALBROOK DR E & PEORIA ST N,4,3,0,2,1,1,,,35,0,0,0,0,3,4,2,16
,2015_42835,0,0,10/25/2015 13:57,13:57,3,0,0,ALBROOK DR E & TULSA CT N,1,1,0,0,1,1,,,30,0,0,0,0,0,4,2,1
,2015_42836,39.711126,-105.032047,1/18/2015 0:01,0:01,5,0,0,ALAMEDA AVE W & 3431 BLK W,1,3,1,0,3,3,,,35,0,0,0,0,0,2,1,5
,2015_42837,0,0,11/26/2015 11:25,11:25,15,0,0,ANDREWS DR E & TROY ST N,5,1,0,0,1,4,,,25,0,0,0,0,0,4,2,16
,2015_42838,0,0,11/21/2015 17:10,17:10,3,0,0,ARIZONA AVE E & EMERSON ST S,1,2,0,0,1,1,,,25,0,0,0,0,1,4,2,16
,2015_42839,0,0,10/22/2015 20:14,20:14,3,0,0,BROADWAY ST 100 BLK N & 2ND AVE,2,3,0,0,1,2,,,30,0,0,0,0,0,4,2,13
,2015_42840,0,0,9/15/2015 13:24,13:24,1,0,0,BROADWAY ST N & 5TH AVE E,1,1,0,0,1,1,,,25,0,0,0,0,0,4,2,3
,2015_42841,0,0,8/30/2015 19:36,19:36,12,0,0,BROADWAY ST 800 BLK S & OHIO AVE E,1,1,0,0,1,1,,,30,0,0,0,0,1,4,2,1
,2015_42842,0,0,10/25/2015 16:25,16:25,3,0,0,CENTER AVE W & KNOX CT S,1,1,0,0,1,1,,,25,0,0,0,0,0,4,2,13
,2015_42843,0,0,12/22/2015 19:57,19:57,3,0,0,CLARKSON ST N & 18TH AVE E,2,3,0,0,1,1,,,35,0,0,0,0,0,4,2,13
,2015_42844,0,0,8/2/2015 12:14,12:14,3,0,0,COLUMBINE ST N & 14TH AVE E,1,1,0,0,1,1,,,25,0,0,0,0,0,4,2,8
,2015_42845,0,0,12/22/2015 12:50,12:50,3,0,0,N DECATUR ST & 8TH AVE W,1,1,1,0,1,1,,,30,0,0,0,0,0,4,2,13
,2015_42846,0,0,4/18/2015 17:42,17:42,5,0,0,IRVING ST & 583 BLK S,1,1,0,0,2,2,,,25,0,0,0,0,0,4,1,13
,2015_42847,0,0,10/16/2015 13:28,13:28,15,0,0,DETROIT ST N & 1ST AVE E,1,1,0,0,1,1,,,25,0,0,0,0,0,4,2,13
,2015_42848,0,0,11/4/2015 17:29,17:29,12,0,0,DOWNING ST S & CENTER AVE E,2,3,0,1,1,4,,,30,0,0,0,0,0,4,2,12
,2015_42849,0,0,9/3/2015 18:27,18:27,12,0,0,DTC BLVD 4700 BLK S & TEMPLE DR E,2,1,0,0,1,4,,,40,0,0,0,0,0,4,2,13
,2015_42850,0,0,9/16/2015 16:05,16:05,1,0,0,EVANS AVE E & BANNOCK ST S,1,1,0,0,1,1,,,35,0,0,0,0,0,4,2,14
,2015_42851,0,0,10/13/2015 9:18,9:18,12,0,0,EVANS AVE 7000 BLK E & ONEIDA ST S,1,1,1,0,1,4,,,35,0,0,0,0,0,4,2,1
,2015_42852,0,0,9/24/2015 14:09,14:09,15,0,0,FAIRMOUNT DR E & LOWRY BLVD E,1,1,0,0,1,6,,,35,0,0,0,0,0,4,2,13
,2015_42853,0,0,10/1/2015 15:54,15:54,3,0,0,GRANT ST 500 BLK N & 6TH AVE E,1,1,0,0,1,2,,,,0,0,0,0,0,4,2,3
,2015_42854,0,0,9/10/2015 15:50,15:50,1,0,0,GVR BLVD E & TOWER RD N,1,1,0,0,1,2,,,35,0,0,0,0,0,4,2,13
,2015_42855,0,0,10/28/2015 14:58,14:58,3,0,0,HARVARD AVE 1100 BLK E & DOWNING ST S,1,1,0,0,1,5,,,15,0,0,0,0,0,4,2,14
,2015_42856,0,0,10/5/2015 12:05,12:05,14,0,0,HIGH ST 1400 BLK N & COLFAX AVE E,1,1,0,0,1,4,,,15,0,0,0,0,0,4,2,3
,2015_42857,0,0,12/16/2015 12:21,12:21,3,0,0,HUMBOLDT ST N & 25TH AVE E,4,1,0,0,1,1,,,25,0,0,0,0,0,4,2,13
,2015_42858,0,0,11/11/2015 17:49,17:49,15,0,0,LOGAN ST S & OHIO AVE E,1,3,0,0,1,1,,,30,0,0,0,0,0,4,2,3
,2015_42859,0,0,12/26/2015 10:40,10:40,10,0,0,LOWELL BLVD S & ILIFF AVE W,4,1,0,2,1,1,,,30,0,0,0,0,0,4,2,8
,2015_42860,0,0,10/21/2015 12:11,12:11,12,0,0,MLK BLVD & YORK ST N,2,1,1,1,1,1,,,35,0,0,0,0,0,4,2,13
,2015_42861,0,0,9/17/2015 14:43,14:43,3,0,3,MONACO PKWY N & 23RD AVE E,1,1,0,0,1,1,,,30,0,0,0,0,2,4,2,13
,2015_42862,0,0,10/17/2015 11:29,11:29,12,0,0,MONACO ST 1300 BLK S & CHERRY CREEK DR N E,1,1,0,0,1,4,,,35,0,0,0,0,0,4,2,14
,2015_42863,0,0,8/25/2015 8:25,8:25,15,0,0,MONACO ST 2600 BLK S & YALE AVE E,1,1,0,0,1,3,,,35,0,0,0,0,0,4,2,13
,2015_42864,0,0,9/16/2015 17:00,17:00,15,0,0,PARK AVE W & LARIMER ST,1,1,0,0,1,1,,,30,0,0,0,0,0,4,2,14
,2015_42865,0,0,10/20/2015 16:13,16:13,3,0,0,PECOS ST N & 44TH AVE W,1,1,0,0,1,1,,,30,0,0,0,0,0,4,2,13
,2015_42867,0,0,12/30/2015 19:14,19:14,15,0,0,PENA BLVD & 8000 BLK,1,3,0,0,1,4,,,45,0,0,0,0,0,4,2,8
,2015_42868,0,0,12/9/2015 12:07,12:07,12,0,0,PENA BLVD & GVR BLVD,1,1,0,0,1,3,,,40,0,0,0,0,0,4,2,8
,2015_42869,0,0,11/10/2015 17:40,17:40,1,0,0,QUEBEC WAY S & FLORIDA AVE E,1,2,1,0,1,1,,,30,0,0,0,0,0,4,2,13
,2015_42870,0,0,11/6/2015 16:00,16:00,15,0,0,QUEBEC ST S & ILIFF AVE E,1,2,0,0,1,4,,,35,0,0,0,0,0,4,2,3
,2015_42871,0,0,11/30/2015 17:03,17:03,12,0,2,QUEBEC ST 000 BLK S & IRVINGTON PL E,4,3,0,0,1,4,,,35,0,0,0,0,2,4,2,1
,2015_42872,0,0,11/20/2015 12:34,12:34,12,0,0,QUEBEC ST 900 BLK S & KENTUCKY AVE E,1,1,1,0,1,1,,,30,0,0,0,0,0,4,2,14
,2015_42873,0,0,11/21/2015 8:27,8:27,3,0,0,QUEBEC ST S & MISSISSIPPI AVE E,5,1,0,0,1,2,,,35,0,0,0,0,0,4,2,14
,2015_42874,0,0,10/11/2015 18:00,18:00,3,0,0,15TH ST & LARIMER ST,1,1,1,0,1,1,,,25,0,0,0,0,0,4,2,14
,2015_42876,0,0,9/9/2015 10:45,10:45,3,0,0,20TH ST & LAWRENCE ST,1,1,0,0,1,1,,,30,0,0,0,0,0,4,2,13
,2015_42877,0,0,8/22/2015 9:40,9:40,12,0,0,20TH ST & WELTON ST,1,1,0,0,1,1,,,30,0,0,0,0,0,4,2,13
,2015_42878,0,0,12/25/2015 11:11,11:11,3,0,0,22ND ST & LAWRENCE ST,1,1,0,0,1,1,,,30,0,0,0,0,0,4,2,13
,2015_42879,0,0,12/8/2015 15:41,15:41,3,0,0,27TH ST & LAWRENCE ST,1,1,0,0,1,1,,,25,0,0,0,0,0,4,2,13
,2015_42880,0,0,11/17/2015 21:00,21:00,3,0,2,38TH ST & BRIGHTON BLVD,1,3,0,0,1,1,,,35,0,0,0,0,2,4,2,3
,2015_42881,0,0,12/18/2015 23:06,23:06,12,0,0,SANTA FE DR 500 BLK N & 6TH AVE W,9,3,0,0,1,1,,,35,0,0,0,0,0,4,2,5
,2015_42883,0,0,9/16/2015 8:50,8:50,12,0,0,SANTA FE DR N & 10TH AVE W,1,1,0,0,1,4,,,35,0,0,0,0,0,4,2,3
,2015_42884,0,0,12/23/2015 9:30,9:30,3,0,0,SHERMAN ST N & 11TH AVE,1,1,0,0,1,1,,,30,0,0,0,0,0,4,2,13
,2015_42885,0,0,11/18/2015 17:21,17:21,15,0,0,SPEER BLVD & 900 BLK N,1,2,1,0,1,4,,,30,0,0,0,0,0,4,2,16
,2015_42886,0,0,8/31/2015 20:54,20:54,10,0,0,SPEER BLVD N & BLAKE ST,1,3,0,0,1,1,,,30,0,0,0,0,0,4,2,13
,2015_42887,0,0,8/17/2015 16:05,16:05,12,0,0,SPEER BLVD N & I-25 NB ON RAMP,1,1,1,0,1,4,,,45,0,0,0,0,0,4,2,13
,2015_42888,0,0,10/17/2015 19:25,19:25,3,0,0,SPEER BLVD E & WASHINTON ST N,1,3,0,0,1,1,,,30,0,0,0,0,0,4,2,4
,2015_42889,0,0,10/14/2015 16:52,16:52,12,0,0,STAPLETON N DR E & DAHLIA ST N,1,1,0,0,1,3,,,40,0,0,0,0,1,4,2,3
,2015_42890,0,0,9/11/2015 10:23,10:23,3,0,0,STEELE ST N & 14TH AVE E,1,1,1,0,1,1,,,30,0,0,0,0,0,4,2,13
,2015_42891,0,0,9/1/2015 8:40,8:40,3,0,2,STOLL PL W & PECOS ST N,1,1,0,0,1,1,,,25,0,0,0,0,3,4,2,13
,2015_42892,0,0,11/5/2015 18:00,18:00,3,0,0,TENNYSON ST N & 37TH AVE W,1,3,0,0,1,1,,,25,0,0,0,0,0,4,2,16
,2015_42893,0,0,10/21/2015 10:10,10:10,3,0,0,TOWER RD N & PENA BLVD,2,1,0,1,1,1,,,45,0,0,0,0,0,4,2,13
,2015_42894,0,0,8/20/2015 13:18,13:18,3,0,0,ULSTER ST S & TUFTS AVE E,1,1,1,7,1,1,,,35,0,0,0,0,0,4,2,16
,2015_42895,0,0,12/3/2015 12:59,12:59,12,0,0,UNIVERSITY BLVD S & OHIO AVE E,1,1,0,0,1,1,,,30,0,0,0,0,0,4,2,13
,2015_42896,0,0,10/22/2015 17:05,17:05,3,0,0,WESLEY AVE W & BROADWAY ST S,1,1,0,0,1,1,,,25,0,0,0,0,0,4,2,13
,2015_42898,0,0,8/8/2015 13:33,13:33,15,0,0,YALE AVE E & MONACO PKWY S,1,1,0,0,1,1,,,35,0,0,0,0,0,4,2,3
,2015_42899,0,0,12/17/2015 19:25,19:25,3,0,0,YORK ST N & 7TH AVE E,5,1,0,0,1,1,,,30,0,0,0,0,0,4,2,5
,2015_42984,39.696625,-104.940562,10/16/2015 10:30,10:30,12,0,0,COLORADO BLVD & 1100 BLK S,1,1,1,0,1,4,,,35,0,0,0,0,0,2,2,3
,2015_42986,39.704157,-104.940623,12/10/2015 17:59,17:59,12,0,0,COLORADO BLVD 600 BLK S & EXPOSITION AVE E,1,3,0,0,1,4,,,35,0,0,0,0,0,2,2,13