id,drcog_id,latitude,longitude,crashtime,time,crashtype,numbkilled,numbinjurd,drcoglocat,rdconditin,lightngcon,roadcntgrd,weatherco,location,roaddescrp,schoolzone,constrzone,splimit,bikeinv,pedinv,sctrinv,motoinv,svrty,rdsystem,ttlvehcls,hcf
,2015_42987,39.749244,-104.940601,12/12/2015 19:15,19:15,3,0,0,22ND AVE E & COLORADO BLVD N,2,3,0,2,1,1,,,25,0,0,0,0,0,2,2,3
,2015_42988,39.749244,-104.940601,12/19/2015 17:36,17:36,3,0,0,COLORADO BLVD N & 22ND AVE E,1,3,0,0,1,1,,,35,0,0,0,0,0,2,2,14
,2015_43004,39.632827,-104.906186,9/15/2015 18:03,18:03,12,0,0,I-25 & I-225 TUNNEL,1,1,0,0,1,4,,,65,0,0,0,0,0,1,2,3
,2015_43005,39.634235,-104.90683,9/18/2015 15:30,15:30,15,0,0,I-25 & I-225 FLYOVER,1,1,0,0,1,4,,,65,0,0,0,0,0,1,2,3
,2015_43006,39.68461,-104.946938,11/11/2015 17:36,17:36,12,0,0,I-25 NB ON RAMP & COLORADO BLVD,1,3,1,0,1,8,,,55,0,0,0,0,0,1,2,13
,2015_43007,39.684901,-104.953795,9/17/2015 16:18,16:18,12,0,0,I-25 NB OFF RAMP & UNIVERSITY BLVD S,1,1,1,0,1,8,,,45,0,0,0,0,0,1,2,3
,2015_43008,39.700108,-104.985755,9/2/2015 18:20,18:20,15,0,0,I-25 & BROADWAY S,1,1,0,0,1,4,,,60,0,0,0,0,0,1,2,13
,2015_43009,39.703072,-104.989834,11/21/2015 20:45,20:45,12,0,0,I-25 SB OFF RAMP & BROADWAY S,1,3,0,0,1,8,,,45,0,0,0,0,0,1,2,16
,2015_43010,39.71124,-104.998918,8/27/2015 7:25,7:25,15,0,0,I-25 & ALAMEDA AVE W,1,1,0,0,1,4,,,55,0,0,0,0,0,1,2,13
,2015_43011,39.722563,-105.010032,9/13/2015 12:18,12:18,12,0,0,I-25 & 6TH AVE W,1,1,0,0,1,4,,,55,0,0,0,0,0,1,2,13
,2015_43012,39.724909,-105.012637,12/1/2015 17:58,17:58,15,0,0,I-25 SB ON RAMP SPLIT PT & 6TH AVE W,1,3,0,0,1,8,,,55,0,0,0,0,0,1,2,1
,2015_43013,39.726925,-105.013916,11/24/2015 18:22,18:22,12,0,0,I-25 NB ON RAMP FROM EB/W & RAMP SPLIT PT,1,3,1,0,1,8,,,55,0,0,0,0,0,1,2,1
,2015_43014,39.771495,-104.990376,11/19/2015 9:37,9:37,12,0,0,I-25 & 40TH AVE W (NOT IN TCORIS),1,1,0,0,1,4,,,55,0,0,0,0,0,1,2,16
,2015_43016,39.774662,-104.989275,12/31/2015 6:55,6:55,6,0,0,I-25 & 44TH AVE W,1,2,0,0,1,4,,,55,0,0,0,0,0,1,2,1
,2015_43017,39.779391,-104.989165,9/20/2015 4:14,4:14,15,0,1,I-25 & I-70,1,3,1,0,1,4,,,55,0,0,0,0,2,1,2,5
,2015_43030,39.711183,-105.001877,10/23/2015 13:34,13:34,15,0,0,ALAMEDA AVE 1200 BLK W & LIPAN ST S,1,1,0,0,1,4,,,35,0,0,0,0,0,2,2,13
,2015_43031,39.660251,-104.866296,9/19/2015 2:03,2:03,15,0,0,DARTMOUTH AVE E & HAVANA ST S,1,3,0,0,1,1,,,40,0,0,0,0,0,2,2,13
,2015_43038,39.790242,-104.903311,12/7/2015 7:40,7:40,12,0,0,QUEBEC ST & 5100 BLK N,1,1,0,0,1,4,,,40,0,0,0,0,0,2,2,13
,2015_43050,39.740322,-105.053272,12/2/2015 18:31,18:31,15,0,0,SHERIDAN BLVD & COLFAX AVE W,1,3,0,0,1,4,,,40,0,0,0,0,0,2,2,13
,2015_43051,39.74003,-104.982271,9/19/2015 2:12,2:12,3,0,0,COLFAX AVE E & LOGAN ST N,1,3,0,0,1,1,,,30,0,0,0,0,1,2,2,5
,2015_43052,39.74003,-104.982271,10/20/2015 15:00,15:00,3,0,1,COLFAX AVE E & LOGAN ST N,1,1,0,0,1,1,,,30,0,0,0,0,2,2,2,12
,2015_43061,39.783138,-105.006328,10/27/2015 12:00,12:00,15,0,0,I-70 & PECOS ST N,1,1,0,0,1,4,,,55,0,0,0,0,0,1,2,7
,2015_43062,39.779565,-104.974824,11/13/2015 13:43,13:43,15,0,0,I-70 WB OFF COLLECTOR RAMP & I-25,1,1,1,0,1,8,,,55,0,0,0,0,1,1,2,16
,2015_43063,39.779849,-104.968015,8/6/2015 7:15,7:15,12,0,0,I-70 & BRIGHTON BLVD N,1,1,1,0,1,4,,,55,0,0,0,0,0,1,2,13
,2015_43064,39.780014,-104.959201,9/11/2015 11:51,11:51,1,0,0,46TH AVE E FRONTAGE RD & YORK ST N,1,1,1,0,1,1,,,30,0,0,0,0,0,4,2,13
,2015_43065,39.778287,-104.912805,9/16/2015 7:45,7:45,12,0,0,I-70 & NORTHFIELD QUEBEC ST,1,1,0,0,1,4,,,55,0,0,0,0,0,1,2,13
,2015_43066,39.777095,-104.882471,12/7/2015 20:40,20:40,1,0,0,CENTRAL PARK BLVD N & I-70,1,3,1,0,1,1,,,40,0,0,0,0,1,1,2,13
,2015_43083,39.678438,-104.993322,10/19/2015 16:29,16:29,15,0,0,EVANS AVE W & SANTA FE DR S,1,1,1,0,1,1,,,30,0,0,0,0,1,2,2,3
,2015_43088,39.727529,-105.025127,8/24/2015 15:10,15:10,15,0,0,7TH AVE W & FEDERAL BLVD N,1,1,0,0,1,1,,,35,0,0,0,0,1,2,2,13
,2015_43089,39.682859,-105.025021,9/16/2015 17:50,17:50,12,0,0,FEDERAL BLVD S & JEWELL AVE W,1,1,1,0,1,4,,,40,0,0,0,0,0,2,2,3
,2015_43098,39.651763,-105.052959,11/6/2015 11:40,11:40,1,0,0,SHERIDAN BLVD S & HWY 285 EB RAMPS,1,1,1,0,1,1,,,35,0,0,0,0,0,2,2,8
,2015_43099,39.655096,-105.053188,9/3/2015 16:20,16:20,3,0,0,SHERIDAN BLVD S & DARTMOUTH AVE W,2,1,0,1,1,2,,,40,0,0,0,0,0,2,2,1
,2015_43101,39.733137,-105.053226,11/24/2015 8:26,8:26,3,0,0,SHERIDAN BLVD & 10TH AVE W,1,1,0,0,1,3,,,35,0,0,0,0,0,2,2,14
,2015_43102,39.747566,-105.053233,11/10/2015 18:50,18:50,12,0,0,SHERIDAN BLVD & 20TH AVE,1,2,0,0,1,3,,,35,0,0,0,0,0,2,2,13
,2015_43129,39.639275,-104.885096,9/14/2015 15:00,15:00,1,0,0,TAMARAC ST S & I-225 NB RAMPS,1,1,0,0,1,1,,,40,0,0,0,0,0,1,2,13
,2015_43130,39.639808,-104.88401,11/9/2015 18:00,18:00,12,0,0,I-225 & MM 1,1,2,0,0,1,4,,,65,0,0,0,0,1,1,3,16
,2015_43138,39.783839,-105.025212,9/21/2015 20:35,20:35,3,0,0,FEDERAL BLVD N & I-70 EB RAMPS,1,3,0,0,1,1,,,35,0,0,0,0,0,2,2,1
,2015_43139,39.785685,-105.025205,9/8/2015 7:00,7:00,12,0,0,FEDERAL BLVD N & 49TH AVE W,1,1,0,0,1,1,,,35,0,0,0,0,0,2,2,13
,2015_43255,0,0,12/22/2015 17:30,17:30,3,0,0,3RD AVE E & SHERMAN ST N,1,4,0,0,1,1,,,25,0,0,0,0,0,4,2,13
,2015_43256,0,0,11/19/2015 17:50,17:50,15,0,0,6TH AVE E & LINCOLN ST N,1,3,0,0,1,1,,,35,0,0,0,0,0,4,2,8
,2015_43257,0,0,9/26/2015 11:35,11:35,1,0,0,7TH AVE E & WASHINGTON ST N,1,1,0,0,1,1,,,30,0,0,0,0,0,4,2,3
,2015_43258,0,0,11/21/2015 12:30,12:30,12,0,0,8TH AVE & 800 BLK E,5,1,0,0,1,4,,,30,0,0,0,0,0,4,2,16
,2015_43259,0,0,8/18/2015 13:42,13:42,15,0,0,8TH AVE & 800 BLK W,1,1,1,0,1,4,,,30,0,0,0,0,0,4,2,13
,2015_43260,0,0,11/16/2015 16:14,16:14,3,0,0,8TH AVE W & INCA ST N,2,2,0,1,1,1,,,25,0,0,0,0,0,4,2,16
,2015_43261,0,0,12/10/2015 8:50,8:50,12,0,0,13TH AVE 0000 BLK E & BROADWAY N,1,1,0,0,1,4,,,30,0,0,0,0,0,4,2,13
,2015_43262,0,0,11/13/2015 10:57,10:57,3,0,1,13TH AVE E & EUSORA ST N,1,1,0,0,1,1,,,30,0,0,0,0,2,4,2,12
,2015_43263,0,0,11/3/2015 12:35,12:35,1,0,0,13TH AVE W & UMATILLA ST N,1,1,0,0,1,1,,,35,0,0,0,0,1,4,2,14
,2015_43264,0,0,8/20/2015 18:09,18:09,3,0,0,14TH AVE E & OGDEN ST N,1,1,0,0,1,1,,,25,0,0,0,0,0,4,2,13
,2015_43265,0,0,12/11/2015 12:15,12:15,12,0,0,14TH AVE 100 BLK E & SHERMAN ST N,1,1,0,0,1,1,,,30,0,0,0,0,0,4,2,13
,2015_43266,0,0,12/1/2015 15:15,15:15,10,0,0,17TH AVE E & MARION ST N,1,1,1,0,1,1,,,30,0,0,0,0,0,4,2,13
,2015_43267,0,0,9/15/2015 17:00,17:00,3,0,0,17TH AVE E & WASHINGTON ST N,1,1,0,0,1,1,,,30,0,0,0,0,0,4,2,12
,2015_43268,0,0,11/24/2015 12:50,12:50,3,0,0,17TH AVE E & YOSEMITE ST N,1,1,0,0,6,1,,,30,0,0,0,0,0,4,2,16
,2015_43269,0,0,9/4/2015 14:10,14:10,10,0,0,18TH AVE & 300 BLK E,1,1,0,0,1,3,,,30,0,0,0,0,0,4,2,13
,2015_43270,0,0,9/9/2015 10:20,10:20,15,0,0,18TH AVE 1700 BLK E & GILPIN ST N,1,1,0,0,1,4,,,30,0,0,0,0,0,4,2,14
,2015_43271,0,0,9/20/2015 14:58,14:58,3,0,1,18TH AVE E & LINCOLN ST N,1,1,0,0,1,1,,,25,0,0,0,0,2,4,2,13
,2015_43272,0,0,11/10/2015 10:43,10:43,12,0,0,23RD AVE E & GILPIN ST N,1,1,0,0,1,4,,,25,0,0,0,0,0,4,2,13
,2015_43273,0,0,11/24/2015 17:24,17:24,15,0,0,40TH AVE E & HAVANA ST N,1,3,1,0,1,4,,,35,0,0,0,0,0,4,2,7
,2015_43274,0,0,12/12/2015 11:57,11:57,1,0,0,40TH AVE E & PENA BLVD,2,1,0,2,1,1,,,40,0,0,0,0,0,4,2,13
,2015_43275,0,0,8/25/2015 8:31,8:31,3,0,0,44TH AVE W & TENNYSON ST N,1,1,0,0,1,1,,,30,0,0,0,0,1,4,2,14
,2015_43276,0,0,6/21/2015 16:52,16:52,12,0,0,45TH AVE E & PEORIA ST N,1,1,0,0,1,1,,,40,0,0,0,0,0,4,2,13
,2015_43277,0,0,11/4/2015 16:35,16:35,15,0,0,45TH AVE E & PEORIA ST N,1,2,0,0,1,4,,,35,0,0,0,0,0,4,2,13
,2015_43278,0,0,8/27/2015 8:02,8:02,14,0,0,47TH AVE E & HAVANA ST N,1,1,0,0,1,1,,,35,0,0,0,0,0,4,2,13
,2015_43279,0,0,11/5/2015 13:26,13:26,1,0,0,ALAMEDA AVE E & FAIRMOUNT DR E,1,1,0,0,1,3,,,30,0,0,0,0,0,4,2,16
,2015_43280,0,0,11/3/2015 14:47,14:47,12,0,0,BROADWAY ST & 2200 BLK S,1,1,0,0,1,4,,,30,0,0,0,0,0,4,2,14
,2015_43281,0,0,10/25/2015 17:40,17:40,15,0,0,BROADWAY ST 900 BLK S & KENTUCKY AVE W,1,1,0,0,1,4,,,35,0,0,0,0,0,4,2,13
,2015_43282,0,0,10/16/2015 14:47,14:47,3,0,0,CEDAR AVE W & BANNCOCK ST S,1,1,0,0,1,1,,,25,0,0,0,0,0,4,2,1
,2015_43283,0,0,9/3/2015 16:23,16:23,3,0,0,CHEROKEE ST 200 BLK S & ALAMEDA BYERS ALLEY,1,1,0,0,1,5,,,15,0,0,0,0,0,4,2,14
,2015_43284,0,0,11/28/2015 10:21,10:21,3,0,0,CLAY ST S & CEDAR AVE W,8,1,0,0,1,1,,,25,0,0,0,0,1,4,2,16
,2015_43285,0,0,11/2/2015 7:57,7:57,3,0,0,COOK ST & 52ND AVE,1,1,0,0,1,1,,,30,0,0,0,0,0,4,2,3
,2015_43286,0,0,11/10/2015 17:33,17:33,3,0,0,CORONA ST S & ALAMEDA AVE E,1,3,0,0,1,1,,,25,0,0,0,0,0,4,2,13
,2015_43287,0,0,8/2/2015 4:44,4:44,3,0,0,CORONA ST N & SPEER BLVD E,1,3,0,7,1,1,,,30,0,0,0,0,0,4,2,16
,2015_43288,0,0,10/21/2015 17:30,17:30,15,0,0,CURTIS ST & 21ST ST,2,1,0,0,1,1,,,30,0,0,0,0,0,4,3,8
,2015_43289,0,0,10/6/2015 14:40,14:40,6,0,0,DECATUR ST S & 2675,1,1,0,0,1,3,,,20,0,0,0,0,0,4,2,14
,2015_43290,0,0,10/1/2015 16:09,16:09,3,0,0,DELAWARE ST S & ASBURY AVE W,1,1,0,0,1,1,,,25,0,0,0,0,0,4,2,13
,2015_43291,0,0,8/21/2015 14:40,14:40,3,0,0,DOWNING ST N & 1ST AVE E,1,1,0,7,1,1,,,30,0,0,0,0,0,4,2,16
,2015_43292,0,0,12/27/2015 10:37,10:37,12,0,0,DUNKIRK ST N & 56TH AVE E,5,1,0,0,1,1,,,35,0,0,0,0,0,4,2,13
,2015_43293,0,0,11/11/2015 11:51,11:51,15,0,0,ELLSWORTH AVE 3500 BLK E & MONROE ST S,1,1,0,0,1,5,,,25,0,0,0,0,0,4,2,13
,2015_43294,0,0,10/3/2015 12:43,12:43,3,0,0,EVANS AVE W & 2525,1,1,0,0,1,2,,,25,0,0,0,0,0,4,2,8
,2015_43295,0,0,10/30/2015 18:24,18:24,3,0,0,EVANS AVE E & JOSEPHINE ST S,1,2,0,0,1,1,,,30,0,0,0,0,0,4,2,16
,2015_43296,0,0,12/22/2015 16:56,16:56,3,0,0,EVANS AVE E & ONEIDA ST S,1,3,1,0,1,1,,,35,0,0,0,0,0,4,2,13
,2015_43297,0,0,10/11/2015 11:36,11:36,12,0,0,FAIRMONT DR E & BAYAUD AVE E,1,1,0,0,1,4,,,30,0,0,0,0,0,4,2,13
,2015_43298,0,0,8/20/2015 12:08,12:08,3,0,0,FRANKLIN ST S & VASSAR AVE E,1,1,1,7,1,1,,,25,0,0,0,0,0,4,2,3
,2015_43299,0,0,11/4/2015 18:00,18:00,3,0,0,GAYLORD ST N & 17TH AVE E,2,3,0,1,1,1,,,30,0,0,0,0,0,4,2,16
,2015_43300,0,0,8/28/2015 12:45,12:45,1,0,0,GILPIN ST N & 29TH AVE E,1,1,0,0,1,4,,,25,0,0,0,0,0,4,2,14
,2015_43301,0,0,9/8/2015 12:15,12:15,1,0,0,ILIFF AVE E & JASMINE ST S,1,1,0,0,1,1,,,30,0,0,0,0,0,4,2,1
,2015_43302,0,0,12/10/2015 17:56,17:56,3,0,0,IOWA AVE W & ACOMA ST S,1,4,0,0,1,1,,,25,0,0,0,0,0,4,2,13
,2015_43303,0,0,10/20/2015 11:01,11:01,15,0,0,JACKSON ST 200 BLK S & ALAMEDA AVE E,1,1,0,0,1,1,,,25,0,0,0,0,0,4,2,13
,2015_43304,0,0,12/17/2015 10:07,10:07,1,0,0,JEWELL AVE W & TENNYSON ST S,5,1,0,2,1,1,,,30,0,0,0,0,1,4,2,13
,2015_43305,0,0,10/26/2015 14:31,14:31,12,0,0,JOSEPHINE ST N & COLFAX AVE E,1,1,0,0,1,4,,,30,0,0,0,0,0,4,2,12
,2015_43306,0,0,10/26/2015 8:13,8:13,3,0,0,JULIAN ST 3400 BLK N & 35TH AVE W,1,1,0,0,1,1,,,30,0,0,0,0,0,4,2,14
,2015_43307,0,0,11/15/2015 13:03,13:03,15,0,0,KALAMATH ST N & 7TH AVE W,1,1,0,0,1,4,,,35,0,0,0,0,0,4,2,16
,2015_43308,0,0,11/25/2015 14:13,14:13,3,0,0,KENTUCKY AVE E & HOLLY ST S,1,1,0,0,1,1,,,25,0,0,0,0,0,4,2,16
,2015_43309,0,0,9/29/2015 17:38,17:38,3,0,0,KENTUCKY AVE E & PEARL ST S,2,1,0,0,1,1,,,30,0,0,0,0,0,4,2,13
,2015_43310,0,0,8/29/2015 17:09,17:09,12,0,0,LAWRENCE ST 3000 BLK & 30TH ST,1,1,0,0,1,1,,,30,0,0,0,0,1,4,2,1
,2015_43311,0,0,11/9/2015 8:20,8:20,15,0,0,LINCOLN ST N & 1ST AVE E,1,1,0,0,1,4,,,30,0,0,0,0,0,4,2,14
,2015_43312,0,0,9/18/2015 16:10,16:10,15,0,0,LINCOLN ST S & CEDAR AVE E,1,1,0,0,1,4,,,35,0,0,0,0,0,4,2,13
,2015_43313,0,0,9/28/2015 16:15,16:15,3,0,0,LOWELL BLVD S & LOUISIANA AVE W,1,1,0,0,1,1,,,20,0,0,0,0,0,4,2,13
,2015_43314,0,0,7/8/2015 14:35,14:35,3,0,0,MLK BLVD E & MONACO ST N,1,1,0,0,1,1,,,35,0,0,0,0,0,4,2,16
,2015_43315,0,0,10/21/2015 15:02,15:02,3,0,0,MEXICO AVE 4100 BLK E & S ALBION ST,2,1,0,1,1,2,,,,0,0,0,0,0,4,2,3
,2015_43316,0,0,10/15/2015 15:41,15:41,15,0,0,MISSISSIPPI AVE 7900 BLK & VALENTIA ST S,1,1,0,0,1,4,,,30,0,0,0,0,0,4,2,1
,2015_43317,0,0,11/16/2015 7:55,7:55,15,0,0,MONACO ST & 2500 BLK N,1,1,0,0,1,4,,,30,0,0,0,0,0,4,2,7
,2015_43318,0,0,8/20/2015 11:20,11:20,3,0,0,MONACO ST N & 6TH AVE E,1,1,0,7,1,1,,,30,0,0,0,0,0,4,2,7
,2015_43319,0,0,8/20/2015 11:48,11:48,15,0,0,MONACO ST N & 6TH AVE E,1,1,0,0,1,1,,,30,0,0,0,0,0,4,3,7
,2015_43320,0,0,10/20/2015 12:35,12:35,1,0,0,MONACO PKWY S & ALAMEDA AVE E,1,1,0,0,1,1,,,30,0,0,0,0,0,4,2,13
,2015_43321,0,0,11/9/2015 14:16,14:16,12,0,0,MONACO ST 200 BLK S & ALAMEDA AVE E,1,1,0,0,1,2,,,35,0,0,0,0,0,4,2,1
,2015_43322,0,0,12/7/2015 12:38,12:38,3,0,0,OHIO AVE 100 BLK E & SHERMAN ST S,1,1,0,0,1,5,,,15,0,0,0,0,0,4,2,3
,2015_43323,0,0,10/12/2015 15:10,15:10,15,0,0,PARK AVE W 1800 BLK & DELGANY ST,1,1,0,0,1,1,,,30,0,0,0,0,0,4,2,13
,2015_43324,0,0,8/18/2015 8:05,8:05,12,0,0,PARK AVE W & GLOBEVILLE RD N,1,1,1,7,1,1,,,35,0,0,0,0,0,4,2,16
,2015_43325,0,0,12/14/2015 12:15,12:15,12,0,0,PARK AVE & GLOBEVILLE RD,1,1,0,0,1,1,,,35,0,0,0,0,0,4,2,13
,2015_43326,0,0,12/4/2015 18:38,18:38,12,0,0,PENNSYLVANIA ST 1600 BLK & 17TH AVE E,1,3,1,0,1,1,,,30,0,0,0,0,0,4,2,7
,2015_43327,0,0,10/27/2015 15:15,15:15,12,0,0,PEORIA ST 4400 BLK N & 45TH AVE,1,1,0,0,1,4,,,40,0,0,0,0,0,4,2,14
,2015_43328,0,0,9/2/2015 13:10,13:10,3,0,0,QUEBEC ST & 2800 BLK N,1,1,1,0,1,2,,,,0,0,0,0,0,4,2,13
,2015_43329,0,0,12/3/2015 10:52,10:52,15,0,0,QUEBEC ST & 3500 BLK N,1,1,0,0,1,4,,,35,0,0,0,0,0,4,2,13
,2015_43330,0,0,12/14/2015 11:10,11:10,12,0,0,QUEBEC ST 800 BLK S & LEETSDALE DR,1,1,1,0,1,4,,,30,0,0,0,0,0,4,2,13
,2015_43331,0,0,8/25/2015 12:00,12:00,15,0,0,19TH ST & ARAPAHOE ST,1,1,0,0,1,1,,,30,0,0,0,0,0,4,2,13
,2015_43332,0,0,11/18/2015 17:28,17:28,1,0,0,20TH ST & BLAKE ST,1,3,0,0,1,1,,,30,0,0,0,0,0,4,2,16
,2015_43333,0,0,10/2/2015 21:27,21:27,12,0,0,20TH ST & LITTLE RAVEN ST,1,3,1,0,1,4,,,30,0,0,0,0,0,4,2,3
,2015_43334,0,0,11/26/2015 9:30,9:30,3,0,0,20TH ST & STOUT ST,5,1,0,2,1,1,,,30,0,0,0,0,0,4,2,16
,2015_43335,0,0,11/20/2015 17:57,17:57,3,0,0,22ND ST & CALIFORNIA ST,2,3,0,2,1,1,,,25,0,0,0,0,0,4,2,16
,2015_43336,0,0,10/30/2015 16:27,16:27,3,0,0,32ND ST & LARIMER ST,1,1,0,0,1,1,,,25,0,0,0,0,0,4,2,13
,2015_43337,0,0,8/21/2015 15:04,15:04,15,0,0,SPEER BLVD & CLARKSON ST N,1,1,0,0,1,1,,,30,0,0,0,0,0,4,2,13
,2015_43338,0,0,9/14/2015 13:45,13:45,12,0,0,SPEER BLVD E & DOWNING ST N,1,1,0,0,1,1,,,35,0,0,0,0,0,4,2,14
,2015_43339,0,0,10/26/2015 17:00,17:00,12,0,0,SPEER BLVD N & LARIMER ST,1,2,1,0,1,4,,,,0,0,0,0,1,4,2,14
,2015_43340,0,0,10/10/2015 22:36,22:36,12,0,0,SPEER BLVD N & LITTLE RAVEN ST,1,3,1,0,1,4,,,30,0,0,0,0,0,4,2,7
,2015_43341,0,0,10/14/2015 12:20,12:20,3,0,2,STAPLETON N DR E & DAHLIA ST N,1,1,0,0,1,1,,,30,0,0,0,0,2,4,2,13
,2015_43342,0,0,9/28/2015 7:46,7:46,15,0,0,TENNYSON ST 1300 BLK S & LOUISIANA AVE W,1,1,0,0,1,3,,,25,0,0,0,0,1,4,2,13
,2015_43343,0,0,12/29/2015 17:13,17:13,12,0,0,TOWER RD N & 56TH AVE E,1,2,0,0,1,1,,,45,0,0,0,0,0,4,2,13
,2015_43344,0,0,8/27/2015 16:56,16:56,12,0,0,UINTA ST N & NORTHFIELD BLVD E,1,1,0,0,1,1,,,25,0,0,0,0,0,4,2,8
,2015_43345,0,0,11/10/2015 7:28,7:28,12,0,0,UNIVERSITY BLVD N & 1ST AVE E,1,1,0,0,1,4,,,30,0,0,0,0,0,4,2,14
,2015_43346,0,0,11/6/2015 19:45,19:45,15,0,0,UNIVERSITY BLVD 2100 BLK & EVANS AVE E,1,4,0,0,1,4,,,35,0,0,0,0,0,4,2,13
,2015_43347,0,0,9/23/2015 14:06,14:06,3,0,0,WELTON ST & 14TH ST,1,1,0,0,1,1,,,30,0,0,0,0,0,4,2,3
,2015_43348,0,0,11/8/2015 17:21,17:21,12,0,0,WELTON ST & 15TH ST,1,3,0,0,1,4,,,30,0,0,0,0,0,4,2,16
,2015_43349,0,0,9/11/2015 11:20,11:20,12,0,0,WOLFF ST S & FLORIDA AVE W,1,1,1,0,1,4,,,20,0,0,0,0,0,4,2,3
,2015_43425,39.687411,-104.940549,12/22/2015 18:45,18:45,12,0,0,S COLORADO BLVD & E IOWA AVE,1,3,0,0,1,3,,,35,0,0,0,0,0,2,2,4
,2015_43426,39.687563,-104.940549,10/12/2015 10:30,10:30,3,0,0,COLORADO BLVD S & IOWA AVE E,1,1,0,0,1,1,,,35,0,0,0,0,0,2,2,13
,2015_43427,39.714614,-104.940629,12/1/2015 8:45,8:45,12,0,0,COLORADO BLVD S & BAYAUD AVE E,1,1,1,0,1,3,,,35,0,0,0,0,0,2,2,13
,2015_43428,39.740086,-104.940612,11/11/2015 21:40,21:40,12,0,0,COLFAX AVE E & COLORADO BLVD N,1,3,0,0,1,1,,,35,0,0,0,0,0,2,2,14
,2015_43429,39.783831,-104.940459,11/2/2015 7:22,7:22,12,0,0,48TH AVE E & COLORADO BLVD N,1,1,0,0,1,4,,,45,0,0,0,0,0,2,2,1
,2015_43436,39.790815,-104.941496,10/16/2015 16:33,16:33,1,0,0,52ND AVE E & VASQUEZ BLVD N,1,1,0,0,1,1,,,45,0,0,0,0,1,2,2,7
,2015_43458,39.623866,-104.901444,9/24/2015 9:45,9:45,12,0,0,I-25 & BELLEVIEW AVE E,1,1,0,0,1,4,,,65,0,0,0,0,1,1,2,3
,2015_43459,39.755141,-105.012706,11/10/2015 11:25,11:25,12,0,0,I-25 & SPEER BLVD N,1,1,0,0,1,4,,,55,0,0,0,0,0,1,2,3
,2015_43460,39.755141,-105.012706,11/13/2015 11:48,11:48,12,0,0,I-25 & SPEER BLVD N,1,1,0,0,1,4,,,55,0,0,0,0,0,1,2,14
,2015_43461,39.755698,-105.011927,12/13/2015 13:21,13:21,12,0,0,I-25 & SPEER BLVD,1,1,0,0,1,4,,,55,0,0,0,0,1,1,2,16
,2015_43462,39.768039,-104.994788,12/16/2015 12:00,12:00,12,0,0,I-25 & 38TH AVE W,2,1,0,0,1,4,,,55,0,0,0,0,0,1,2,7
,2015_43463,0,0,1/10/2015 21:22,21:22,3,0,0,JEWELL AVE W & IRVING ST S,1,3,0,7,1,1,,,30,0,0,0,0,0,4,2,16
,2015_43464,39.776458,-104.989213,10/21/2015 7:23,7:23,12,0,0,I-25 & 44TH AVE W,2,1,0,1,1,4,,,55,0,0,0,0,0,1,2,7
,2015_43473,39.711146,-105.020529,12/3/2015 14:22,14:22,12,0,0,ALAMEDA AVE W & CLAY ST S,1,1,0,0,1,3,,,35,0,0,0,0,0,2,2,7
,2015_43474,39.653094,-104.912878,11/26/2015 17:53,17:53,12,0,0,HAMPDEN AVE E & MONACO ST S,5,3,0,2,1,3,,,35,0,0,0,0,0,2,2,16
,2015_43497,39.740082,-105.005223,9/10/2015 17:02,17:02,10,0,0,COLFAX AVE W & OSAGE ST N,1,1,1,0,1,1,,,30,0,0,0,0,0,2,2,13
,2015_43498,39.740082,-105.005223,11/19/2015 16:27,16:27,3,0,0,COLFAX AVE W & 7TH ST,1,3,0,0,1,1,,,35,0,0,0,0,0,2,2,7
,2015_43499,39.739998,-104.978494,11/28/2015 16:06,16:06,12,0,0,COLFAX AVE 700 BLK E & WASHINGTON ST N,2,1,0,0,1,3,,,30,0,0,0,0,1,2,2,16
,2015_43500,39.74,-104.977603,9/15/2015 21:25,21:25,15,0,0,COLFAX AVE E & CLARKSON ST,1,3,0,0,1,1,,,30,0,0,0,0,0,2,2,14
,2015_43501,39.740008,-104.96833,10/14/2015 9:10,9:10,12,0,0,COLFAX AVE E & FRANKLIN ST N,1,1,0,0,1,4,,,30,0,0,0,0,1,2,2,13
,2015_43503,39.740178,-104.957275,12/4/2015 11:33,11:33,12,0,0,COLFAX AVE E & COLUMBINE ST N,1,1,0,0,1,4,,,30,0,0,0,0,0,2,2,13
,2015_43520,39.780083,-104.989627,12/14/2015 9:25,9:25,12,0,0,I-70 EB OFF RAMP & I-25,1,1,0,0,1,8,,,55,0,0,0,0,0,1,2,1
,2015_43521,39.779445,-104.979196,12/17/2015 15:15,15:15,15,0,0,I-70 & WASHINGTON ST,2,1,0,0,1,4,,,55,0,0,0,0,0,1,2,14
,2015_43522,39.779425,-104.978831,9/8/2015 7:15,7:15,15,0,0,I-70 & WASHINGTON ST N,1,1,1,0,1,4,,,55,0,0,0,0,0,1,2,16
,2015_43523,39.778299,-104.901743,11/20/2015 22:30,22:30,12,0,0,I-70 & QUEBEC ST N,5,3,0,2,1,4,,,55,0,0,0,0,1,1,2,14
,2015_43524,39.776485,-104.87573,10/5/2015 15:25,15:25,12,0,0,I-70 & MM 280,1,1,1,0,1,4,,,55,0,0,0,0,0,1,2,13
,2015_43525,39.774068,-104.847761,8/28/2015 18:06,18:06,12,0,0,I-70 EB OFF RAMP SPLIT & PEORIA ST N,1,1,0,0,1,8,,,40,0,0,0,0,1,1,2,13