id,drcog_id,latitude,longitude,crashtime,time,crashtype,numbkilled,numbinjurd,drcoglocat,rdconditin,lightngcon,roadcntgrd,weatherco,location,roaddescrp,schoolzone,constrzone,splimit,bikeinv,pedinv,sctrinv,motoinv,svrty,rdsystem,ttlvehcls,hcf
,2015_43535,39.702965,-104.912888,12/6/2015 15:00,15:00,15,0,0,MONACO ST 700 BLK S & LEETSDALE DR,1,1,1,0,1,1,,,35,0,0,0,0,0,2,2,13
,2015_43536,39.704544,-104.915908,12/17/2015 7:45,7:45,12,0,0,LEETSDALE DR 6100 BLK & EXPOSITION AVE E,5,1,0,0,1,4,,,35,0,0,0,0,0,2,2,1
,2015_43540,0,0,5/31/2015 14:40,14:40,3,0,0,CLAY ST N & 24TH AVE W,1,1,0,7,1,1,,,20,0,0,0,0,0,4,2,14
,2015_43545,39.689542,-104.992096,10/19/2015 8:22,8:22,12,0,0,SANTA FE DR 1400 BLK S & FLORIDA AVE W,1,1,0,0,1,3,,,45,0,0,0,0,0,2,2,1
,2015_43548,39.737975,-105.025273,11/27/2015 17:42,17:42,15,0,0,FEDERAL BLVD N & 14TH AVE W,2,2,1,2,1,1,,,30,0,0,0,0,0,2,2,16
,2015_43549,39.693099,-105.025036,12/23/2015 18:45,18:45,1,0,3,FEDERAL BLVD S & LOUISIANA AVE W,1,3,0,0,1,1,,,40,0,0,0,0,2,2,2,13
,2015_43550,39.684947,-105.025012,10/2/2015 7:41,7:41,15,0,0,COLORADO AVE W & FEDERAL BLVD S,1,1,0,0,1,1,,,25,0,0,0,0,0,2,2,7
,2015_43558,39.675721,-105.053261,9/14/2015 20:50,20:50,1,0,0,SHERIDAN BLVD S & WARREN AVE W,1,2,1,0,1,2,,,40,0,0,0,0,1,2,2,13
,2015_43567,39.619593,-105.091096,9/7/2015 15:16,15:16,15,0,0,WADSWORTH BLVD S & CRESTLINE AVE W,1,1,0,0,1,2,,,45,0,0,0,0,0,2,2,13
,2015_43597,39.652978,-104.919053,9/23/2015 21:55,21:55,15,0,0,HAMPDEN AVE E & I-25 SB RAMPS,1,3,1,1,1,4,,,30,0,0,0,0,0,2,2,8
,2015_43598,39.78466,-105.025209,11/2/2015 10:44,10:44,1,0,0,FEDERAL BLVD N & I-70 WB RAMPS,1,1,0,0,1,3,,,35,0,0,0,0,1,2,2,14
,2015_43714,0,0,8/4/2015 16:31,16:31,3,0,0,1ST AVE E & FILLMORE ST N,1,1,0,0,1,1,,,25,0,0,0,0,0,4,2,13
,2015_43715,0,0,11/3/2015 0:12,0:12,1,0,0,1ST AVE W & KNOX CT,1,3,0,0,1,1,,,35,0,0,0,0,0,4,2,16
,2015_43716,0,0,11/3/2015 12:33,12:33,3,0,0,2ND AVE W & DECATUR ST N,1,1,0,0,1,1,,,25,0,0,0,0,0,4,2,7
,2015_43717,0,0,9/13/2015 10:30,10:30,3,0,0,6TH AVE E & CLARKSON ST N,1,1,0,0,1,1,,,30,0,0,0,0,0,4,2,13
,2015_43718,0,0,11/5/2015 7:55,7:55,3,0,0,8TH AVE W & CANOSA CT,1,1,0,0,1,1,,,35,0,0,0,0,0,4,2,14
,2015_43719,0,0,8/20/2015 14:09,14:09,12,0,0,8TH AVE W & KALAMATH ST N,1,1,1,7,1,1,,,30,0,0,0,0,1,4,2,16
,2015_43720,0,0,10/24/2015 12:25,12:25,3,0,0,9TH AVE E 750 & WASHINGTON ST N,1,1,0,0,1,5,,,30,0,0,0,0,0,4,2,13
,2015_43721,0,0,12/31/2015 23:05,23:05,10,0,0,13TH AVE E & MONROE ST N,1,3,0,0,1,1,,,25,0,0,0,0,0,4,2,13
,2015_43722,0,0,8/19/2015 15:40,15:40,12,0,0,14TH AVE W & BANNOCK ST,1,1,0,7,1,4,,,30,0,0,0,0,0,4,2,16
,2015_43723,0,0,11/16/2015 19:15,19:15,10,0,0,14TH AVE E & FAIRFAX ST N,2,3,0,1,1,1,,,30,0,0,0,0,0,4,2,16
,2015_43724,0,0,12/19/2015 23:16,23:16,10,0,0,14TH AVE 1600 BLK E & FRANKLIN ST N,1,3,0,0,1,5,,,30,0,0,0,0,0,4,2,14
,2015_43725,0,0,8/29/2015 16:04,16:04,15,0,0,14TH AVE E & MAGNOLIA ST N,2,1,0,0,1,1,,,30,0,0,0,0,0,4,2,8
,2015_43726,0,0,10/23/2015 11:10,11:10,10,0,0,18TH AVE E & HUMBOLDT ST N,1,1,0,0,1,1,,,30,0,0,0,0,0,4,2,13
,2015_43727,0,0,2/1/2015 4:30,4:30,5,0,0,HURON ST & 1905 BLK S,4,4,0,2,3,4,,,25,0,0,0,0,0,4,1,13
,2015_43728,0,0,12/8/2015 16:35,16:35,15,0,0,22ND AVE E & MONACO ST N,1,3,0,0,1,1,,,30,0,0,0,0,0,4,2,14
,2015_43729,0,0,9/1/2015 8:40,8:40,3,0,0,22ND AVE E & WASHINGTON ST N,1,1,1,0,1,1,,,25,0,0,0,0,0,4,2,13
,2015_43730,0,0,12/3/2015 15:55,15:55,12,0,0,29TH AVE W & SPEER BLVD N,1,1,1,0,1,1,,,30,0,0,0,0,0,4,2,13
,2015_43731,0,0,9/27/2015 19:11,19:11,15,0,0,38TH AVE W & LOWELL BLVD N,1,4,0,0,1,4,,,35,0,0,0,0,0,4,2,13
,2015_43732,0,0,12/7/2015 15:10,15:10,15,0,0,40TH AVE E & HAVANA ST N,1,1,0,0,1,1,,,25,0,0,0,0,0,4,2,13
,2015_43733,0,0,10/13/2015 16:10,16:10,1,0,0,45TH AVE E & PEORIA ST N,1,1,1,0,1,2,,,25,0,0,0,0,0,4,2,7
,2015_43734,0,0,11/11/2015 15:25,15:25,3,0,0,47TH AVE E & ARGONNE ST N,1,1,0,0,1,1,,,25,0,0,0,0,0,4,2,7
,2015_43736,0,0,11/25/2015 17:05,17:05,1,0,0,56TH AVE E & DUNKIRK ST N,1,3,1,6,1,1,,,35,0,0,0,0,0,4,2,16
,2015_43737,0,0,11/3/2015 15:13,15:13,15,0,0,6TH AVE W & KALAMATH ST N,1,1,1,0,1,1,,,30,0,0,0,0,0,4,2,13
,2015_43738,0,0,12/1/2015 14:28,14:28,12,0,0,ALAMEDA AVE 3800 BLK E & HARRISON ST S,1,1,0,0,1,4,,,30,0,0,0,0,0,4,2,13
,2015_43739,0,0,11/11/2015 14:45,14:45,3,0,0,ASBURY AVE W & CLAY ST S,1,1,0,0,1,1,,,35,0,0,0,0,0,4,2,3
,2015_43740,0,0,9/10/2015 18:21,18:21,10,0,0,ASH ST & 14TH AVE E,1,1,1,0,1,1,,,30,0,0,0,0,0,4,2,13
,2015_43741,0,0,12/1/2015 10:32,10:32,3,0,0,BAYAUD AVE W & RARITAN ST S,1,1,0,0,1,1,,,30,0,0,0,0,0,4,2,12
,2015_43742,0,0,12/2/2015 17:07,17:07,15,0,0,BROADWAY ST 2200 BLK N & CURTIS ST,1,3,0,0,1,4,,,35,0,0,0,0,0,4,2,8
,2015_43743,0,0,12/14/2015 15:46,15:46,12,0,0,CHERRY CREEK DR 5500 BLK & HOLLY ST S,1,1,0,0,1,1,,,35,0,0,0,0,0,4,2,14
,2015_43744,0,0,12/7/2015 8:46,8:46,12,0,0,CHESTNUT PL & 20TH ST,1,1,0,0,1,4,,,35,0,0,0,0,0,4,2,7
,2015_43745,0,0,10/2/2015 18:44,18:44,3,0,0,CLARKSON ST S & IOWA AVE E,1,2,0,0,1,1,,,25,0,0,0,0,0,4,2,13
,2015_43746,0,0,9/18/2015 11:00,11:00,1,0,0,DENARGO ST N & WEWATTA WAY,1,1,0,0,1,1,,,30,0,0,0,0,0,4,2,13
,2015_43747,0,0,11/6/2015 17:03,17:03,3,0,0,EVANS AVE & 6400 BLK E,1,2,0,0,1,2,,,35,0,0,0,0,0,4,2,13
,2015_43748,0,0,10/3/2015 12:43,12:43,12,0,0,EVANS AVE E & DOWNING ST S,1,1,0,0,1,3,,,30,0,0,0,0,0,4,2,13
,2015_43749,0,0,8/21/2015 16:20,16:20,15,0,0,EVANS AVE W & FEDERAL BLVD S,1,1,0,7,1,4,,,35,0,0,0,0,0,4,2,16
,2015_43750,0,0,10/21/2015 8:19,8:19,12,0,0,EVANS AVE 1700 BLK E & GILPIN ST S,2,1,0,0,1,1,,,30,0,0,0,0,1,4,2,7
,2015_43751,0,0,9/9/2015 9:27,9:27,3,0,0,FILLMORE ST N & 5TH AVE E,1,1,0,0,1,1,,,25,0,0,0,0,0,4,2,7
,2015_43752,0,0,10/21/2015 10:25,10:25,10,0,0,GALAPAGO ST 1400 BLK N & 14TH AVE E,2,1,0,1,1,2,,,25,0,0,0,0,0,4,2,13
,2015_43753,0,0,9/7/2015 18:31,18:31,15,0,0,GRANT ST 1600 BLK N & 16TH AVE E,1,1,0,0,1,4,,,25,0,0,0,0,0,4,2,8
,2015_43754,0,0,11/18/2015 15:50,15:50,3,0,0,GRANT ST S & IOWA AVE E,1,1,0,0,1,1,,,30,0,0,0,0,0,4,2,1
,2015_43755,0,0,12/19/2015 10:30,10:30,12,0,0,GVR BLVD & PENA BLVD,1,1,0,0,1,3,,,45,0,0,0,0,1,4,2,3
,2015_43756,0,0,10/19/2015 9:30,9:30,15,0,0,HAVANA ST N & 45TH AVE E,1,1,0,0,1,4,,,25,0,0,0,0,0,4,2,13
,2015_43757,0,0,11/18/2015 14:54,14:54,12,0,0,HILLSIDE AVE & 2590 W,1,1,0,0,1,2,,,25,0,0,0,0,0,4,2,14
,2015_43758,0,0,11/20/2015 10:54,10:54,14,0,0,HOLLY ST S & EVANS AVE E,1,1,0,0,1,1,,,30,0,0,0,0,0,4,2,16
,2015_43759,0,0,10/23/2015 12:05,12:05,3,0,0,JACKSON ST N & 3RD AVE E,1,1,0,0,1,1,,,25,0,0,0,0,0,4,2,13
,2015_43760,0,0,12/2/2015 13:24,13:24,3,0,0,JEFFERSON AVE 8800 BLK E & YOSEMITE ST S,1,1,0,0,1,2,,,30,0,0,0,0,0,4,2,3
,2015_43761,0,0,12/27/2015 10:14,10:14,12,0,0,LINCOLN ST S & ALAMEDA AVE E,1,1,0,0,1,4,,,30,0,0,0,0,1,4,2,13
,2015_43762,0,0,10/27/2015 21:20,21:20,14,0,0,LOGAN ST 700 BLK N & 7TH AVE E,1,3,1,0,1,4,,,30,0,0,0,0,0,4,2,13
,2015_43763,0,0,11/4/2015 12:31,12:31,6,0,0,LOWELL BLVD & 4900 BLK N,1,1,1,0,1,4,,,30,0,0,0,0,0,4,2,13
,2015_43764,0,0,11/17/2015 18:15,18:15,15,0,0,LOWELL BLVD N & 38TH AVE W,1,3,0,0,1,1,,,25,0,0,0,0,0,4,2,16
,2015_43765,0,0,8/4/2015 14:51,14:51,15,0,0,LOWRY BLVD E & YOSEMITE ST N,1,1,0,0,1,6,,,30,0,0,0,0,0,4,2,13
,2015_43766,0,0,12/16/2015 13:13,13:13,12,0,0,MALAYA ST N & 45TH AVE E,4,1,0,0,1,1,,,30,0,0,0,0,0,4,2,7
,2015_43767,0,0,8/29/2015 14:39,14:39,3,0,0,MLK BLVD & ELMIRA ST N,1,1,0,0,1,1,,,35,0,0,0,0,0,4,2,13
,2015_43768,0,0,9/11/2015 13:18,13:18,12,0,0,MLK BLVD & LEYDEN ST N,1,1,1,0,1,1,,,35,0,0,0,0,0,4,2,1
,2015_43769,0,0,9/1/2015 14:35,14:35,14,0,0,MISSISSIPPI AVE W & 2510,1,1,0,0,1,4,,,35,0,0,0,0,0,4,2,2
,2015_43770,0,0,11/21/2015 13:04,13:04,12,0,0,MISSISSIPPI AVE E & LOGAN ST S,5,1,0,0,1,3,,,30,0,0,0,0,0,4,2,16
,2015_43771,0,0,12/14/2015 17:35,17:35,12,0,0,MONACO ST S & EVANS AVE E,1,3,0,0,1,4,,,35,0,0,0,0,1,4,2,1
,2015_43772,0,0,12/23/2015 13:55,13:55,1,0,0,S MONACO ST 2200 BLK & EVANS AVE E,1,1,0,0,1,2,,,35,0,0,0,0,1,4,2,13
,2015_43773,0,0,10/27/2015 15:13,15:13,12,0,0,MONACO ST 800 BLK S & OHIO AVE E,2,1,1,0,1,4,,,35,0,0,0,0,0,4,2,1
,2015_43774,0,0,9/22/2015 7:40,7:40,12,0,0,MONTVIEW BLVD & 5000 BLK,1,1,0,0,1,4,,,30,0,0,0,0,0,4,2,7
,2015_43775,0,0,9/2/2015 11:00,11:00,3,0,0,MONTVIEW BLVD & HOLLY ST N,1,1,0,0,1,1,,,25,0,0,0,0,0,4,2,13
,2015_43776,0,0,9/28/2015 12:22,12:22,15,0,0,MORRISON RD & 3500 BLK,1,1,0,0,1,4,,,35,0,0,0,0,0,4,2,5
,2015_43777,0,0,12/14/2015 13:15,13:15,12,0,0,PARK AVE W & 36TH AVE,1,1,0,0,1,1,,,20,0,0,0,0,0,4,2,13
,2015_43778,0,0,6/11/2015 22:50,22:50,6,0,0,GRANT ST S & ALAMEDA AVE E,1,4,0,7,1,4,,,25,0,0,0,0,0,4,2,1
,2015_43779,0,0,10/31/2015 0:01,0:01,15,0,0,PARK AVE W & LARIMER ST,1,3,0,0,1,3,,,30,0,0,0,0,0,4,2,5
,2015_43780,0,0,8/19/2015 5:17,5:17,15,0,0,19TH ST & CURTIS ST,1,1,0,0,1,1,,,25,0,0,0,0,0,4,2,13
,2015_43781,0,0,11/2/2015 21:30,21:30,15,0,0,20TH ST & LINCOLN ST N,1,3,0,0,1,1,,,30,0,0,0,0,0,4,2,7
,2015_43782,0,0,9/20/2015 18:28,18:28,3,0,0,26TH ST & LAWRENCE ST,1,1,0,0,1,1,,,20,0,0,0,0,0,4,2,13
,2015_43783,0,0,12/3/2015 10:15,10:15,10,0,0,38TH ST & WALNUT ST N,1,1,0,0,1,2,,,25,0,0,0,0,0,4,2,13
,2015_43784,0,0,12/20/2015 12:20,12:20,3,0,0,SPEER BLVD 2900 BLK N & FEDERAL BLVD N,1,1,0,0,1,2,,,10,0,0,0,0,0,4,2,13
,2015_43785,0,0,9/24/2015 9:37,9:37,12,0,0,SPEER BLVD N & ZUNI ST N,1,1,0,0,1,1,,,35,0,0,0,0,1,4,2,14
,2015_43786,0,0,10/13/2015 14:50,14:50,15,0,0,TOWER RD N & 72ND AVE E,1,1,0,0,1,1,,,45,0,0,0,0,0,4,2,16
,2015_43787,0,0,12/15/2015 16:37,16:37,3,0,0,UNION AVE 8800 BLK E & YOSEMITE ST S,4,3,1,0,1,3,,,30,0,0,0,0,0,4,2,13
,2015_43788,0,0,11/24/2015 16:30,16:30,12,0,0,UNIVERSITY BLVD 200 BLK N & 3RD AVE E,1,2,0,0,1,4,,,30,0,0,0,0,1,4,2,13
,2015_43789,0,0,12/25/2015 13:48,13:48,12,0,0,UNIVERSITY BLVD S & EVANS AVE E,5,1,0,2,1,1,,,30,0,0,0,0,1,4,2,13
,2015_43790,0,0,12/20/2015 13:50,13:50,12,0,0,UNIVERSITY BLVD S & EXPOSITION AVE E,4,1,0,0,1,4,,,30,0,0,0,0,0,4,2,1
,2015_43791,0,0,11/10/2015 7:23,7:23,1,0,0,WATER ST 700 & AQUARIUM PK LOT,1,1,0,0,1,1,,,35,0,0,0,0,0,4,2,14
,2015_43792,0,0,11/13/2015 7:20,7:20,3,0,0,WOLFF ST S & VASSAR AVE W,1,1,0,0,1,1,,,25,0,0,0,0,0,4,2,7
,2015_43794,0,0,11/16/2015 16:53,16:53,1,0,0,YALE AVE E & UNIVERSITY BLVD S,2,3,0,1,1,1,,,30,0,0,0,0,0,4,2,16
,2015_43795,0,0,9/4/2015 13:27,13:27,15,0,0,YORK ST N & 18TH AVE E,1,1,0,0,1,1,,,25,0,0,0,0,0,4,2,8
,2015_43867,39.682488,-104.940401,9/3/2015 19:24,19:24,15,0,0,COLORADO BLVD S & I-25 SB LOOP ON RAMP,2,1,1,0,1,8,,,35,0,0,0,0,0,2,2,13
,2015_43870,39.668531,-104.940613,11/5/2015 8:35,8:35,12,0,0,COLORADO BLVD S & YALE AVE E,2,1,0,0,1,3,,,35,0,0,0,0,0,2,2,16
,2015_43871,39.717824,-104.940628,8/25/2015 9:56,9:56,1,0,0,1ST AVE E & COLORADO BLVD N,1,1,1,0,1,1,,,35,0,0,0,0,0,2,2,13
,2015_43872,39.727365,-104.940627,11/20/2015 16:32,16:32,12,0,0,COLORADO BLVD N & 7TH AVE E,1,2,1,0,1,1,,,30,0,0,0,0,1,2,2,13
,2015_43873,39.731044,-104.940623,10/13/2015 15:34,15:34,10,0,0,9TH AVE E & COLORADO BLVD N,1,1,0,0,1,1,,,35,0,0,0,0,0,2,2,13
,2015_43874,39.734732,-104.940618,9/8/2015 6:05,6:05,12,0,0,COLORADO BLVD 1200 BLK N & 12TH AVE E,1,2,0,0,1,4,,,35,0,0,0,0,0,2,2,3
,2015_43875,39.740086,-104.940612,8/4/2015 3:40,3:40,12,0,0,COLFAX AVE E & COLORADO BLVD N,1,3,0,0,1,3,,,30,0,0,0,0,0,2,2,1
,2015_43876,39.779118,-104.940517,11/24/2015 6:54,6:54,15,0,0,I-70 EB OFF RAMP & COLORADO BLVD N,1,1,1,0,1,1,,,35,0,0,0,0,0,2,2,16
,2015_43896,39.661054,-104.921829,11/20/2015 17:05,17:05,12,0,1,I-25 & YALE AVE E,2,3,0,2,1,4,,,55,0,0,0,0,2,1,2,1
,2015_43897,39.683106,-104.940515,9/3/2015 14:40,14:40,12,0,0,I-25 & COLORADO BLVD S,1,1,0,0,1,4,,,35,0,0,0,0,0,1,2,3
,2015_43898,39.68492,-104.959513,9/4/2015 6:40,6:40,12,0,0,I-25 & UNIVERSITY BLVD S,1,1,0,0,1,4,,,55,0,0,0,0,1,1,2,1
,2015_43899,39.717423,-105.003826,10/29/2015 19:01,19:01,12,0,0,I-25 & IRVINGTON PL W (NOT I,1,4,0,0,1,4,,,55,0,0,0,0,0,1,2,16
,2015_43900,39.722563,-105.010032,11/23/2015 11:40,11:40,12,0,0,I-25 & 6TH AVE W,1,1,0,0,1,4,,,55,0,0,0,0,0,1,2,12
,2015_43901,39.723679,-105.011476,12/3/2015 17:49,17:49,12,0,0,I-25 & 6TH AVE W,1,3,0,0,1,4,,,60,0,0,0,0,0,1,2,16
,2015_43902,39.725704,-105.013212,10/28/2015 3:36,3:36,6,0,0,I-25 & 6TH AVE W,1,3,0,0,1,4,,,60,0,0,0,0,1,1,2,5
,2015_43903,39.725796,-105.013276,11/8/2015 19:41,19:41,12,0,0,I-25 & 6TH AVE W,1,5,0,0,1,4,,,,0,0,0,0,0,1,2,16
,2015_43904,39.74035,-105.013939,11/19/2015 18:30,18:30,12,0,0,I-25 & COLFAX AVE W,1,3,0,0,1,4,,,55,0,0,0,0,0,1,2,3
,2015_43905,39.74094,-105.014063,9/7/2015 21:07,21:07,12,0,0,I-25 & 17TH AVE W,1,3,1,0,1,4,,,55,0,0,0,0,0,1,2,13
,2015_43906,39.778106,-104.989193,10/11/2015 13:10,13:10,15,0,0,I-25 NB OFF RAMP TO I-70 & RAMP SPLIT PT,1,1,0,0,1,8,,,55,0,0,0,0,0,1,2,14
,2015_43907,39.783989,-104.989144,12/16/2015 10:50,10:50,12,0,1,I-25 & 48TH AVE,2,1,0,0,1,4,,,55,0,0,0,0,3,1,2,14
,2015_43919,39.711141,-105.019209,11/1/2015 1:39,1:39,12,0,0,CANOSA CT S & ALAMEDA AVE W,1,2,1,0,1,1,,,25,0,0,0,0,0,2,2,7
,2015_43920,39.653077,-104.898688,12/22/2015 14:21,14:21,15,0,0,S TAMARAC DR & E HAMPDEN AVE,1,1,0,0,1,1,,,30,0,0,0,0,0,2,2,13
,2015_43921,39.653025,-104.88149,12/4/2015 17:27,17:27,12,0,0,HAMPDEN AVE 9000 BLK E & AKRON ST S,1,3,0,0,1,1,,,45,0,0,0,0,0,2,2,13
,2015_43924,39.779506,-104.903351,12/4/2015 6:50,6:50,12,0,0,QUEBEC ST & I-70 WB RAMPS,1,1,0,0,1,1,,,40,0,0,0,0,0,2,2,13
,2015_43933,39.740336,-105.015419,9/9/2015 17:59,17:59,12,0,0,COLFAX AVE W & I-25 SB OFF RAMP 'D',1,1,1,0,1,1,,,35,0,0,0,0,0,2,2,13
,2015_43934,39.740336,-105.015419,11/20/2015 20:52,20:52,3,0,0,COLFAX AVE W & I-25 SB OFF RAMP 'D',4,3,0,2,1,1,,,35,0,0,0,0,0,2,2,14
,2015_43935,39.740013,-104.970799,9/3/2015 18:25,18:25,12,0,0,COLFAX AVE E & LAFAYETTE ST N (RD S) - APPROX,2,1,0,1,1,1,,,35,0,0,0,0,0,2,2,13
,2015_43936,39.740008,-104.96833,7/12/2015 11:40,11:40,15,0,0,COLFAX AVE & FRANKLIN ST N,1,1,0,0,1,4,,,30,0,0,0,0,0,2,2,13
,2015_43938,39.740059,-104.9304,10/29/2015 14:41,14:41,12,0,0,COLFAX AVE E & EUDORA ST N,1,1,0,0,1,1,,,25,0,0,0,0,0,2,2,13
,2015_43952,39.780052,-104.989434,9/21/2015 9:16,9:16,12,0,0,I-70 & I-25,1,1,0,0,1,4,,,55,0,0,0,0,0,1,2,7
,2015_43953,39.780052,-104.989434,9/8/2015 7:24,7:24,12,0,0,I-70 WB OFF RAMP TO & I-25 SB,1,1,0,0,1,8,,,55,0,0,0,0,0,1,2,14
,2015_43954,39.779435,-104.979009,12/25/2015 13:43,13:43,15,0,0,I-70 & WASHINGTON ST N,5,1,1,2,1,4,,,55,0,0,0,0,0,1,2,13
,2015_43955,39.779435,-104.979009,8/18/2015 14:32,14:32,3,0,0,WASHINGTON ST N & I-70,1,1,0,0,1,1,,,35,0,0,0,0,0,1,2,13
,2015_43956,39.779435,-104.979009,9/22/2015 6:18,6:18,15,0,0,I-70 EB RAMPS & WASHINGTON ST,1,1,0,0,1,1,,,35,0,0,0,0,0,1,2,14
,2015_43957,39.779895,-104.967089,11/12/2015 8:45,8:45,12,0,1,I-70 & BRIGHTON BLVD N,1,1,0,0,1,4,,,55,0,0,0,0,2,1,2,1
,2015_43958,39.7783,-104.903459,8/28/2015 8:10,8:10,12,0,0,I-70 & NORTHFIELD QUEBEC ST,1,1,0,0,1,4,,,40,0,0,0,0,0,1,2,13
,2015_43959,39.774005,-104.847034,11/9/2015 17:37,17:37,15,0,0,I-70 & PEORIA ST N,1,3,0,0,1,4,,,55,0,0,0,0,0,1,2,12
,2015_43960,39.773707,-104.843468,11/3/2015 6:30,6:30,12,0,0,I-70 & PEORIA ST N,1,2,0,0,1,4,,,55,0,0,0,0,1,1,2,1
,2015_43961,39.773607,-104.84234,12/23/2015 17:20,17:20,12,0,0,I-70 & PEORIA ST N,1,3,0,0,1,4,,,55,0,0,0,0,0,1,2,13
,2015_43962,39.773392,-104.839897,10/13/2015 6:33,6:33,12,0,0,I-70 & CROWN BLVD N (NOT IN,1,2,0,0,1,4,,,55,0,0,0,0,0,1,2,7
,2015_43981,39.707347,-104.922286,10/14/2015 10:37,10:37,12,0,1,LEETSDALE DR 5600 BLK & HOLLY ST S,1,1,0,0,1,3,,,35,0,0,0,0,2,2,2,1
,2015_43982,0,0,2/5/2015 11:29,11:29,11,0,0,IOWA AVE E & BROADWAY ST S,1,1,0,0,1,1,,,30,0,1,0,0,0,4,2,13
,2015_43987,39.678438,-104.993322,12/8/2015 9:50,9:50,12,0,0,EVANS AVE W & SANTA FE DR S,1,1,1,0,1,1,,,35,0,0,0,0,1,2,2,3
,2015_43988,39.693024,-104.99248,12/21/2015 6:19,6:19,3,0,0,PLATTE RIVER DR S & SANTA FE DR S,5,3,0,0,1,1,,,35,0,0,0,0,1,2,2,13
,2015_43995,39.707648,-105.025079,11/21/2015 12:14,12:14,1,0,0,FEDERAL BLVD S & VIRGINIA AVE W,1,1,0,0,1,1,,,40,0,0,0,0,0,2,2,7
,2015_43996,39.690448,-105.025052,8/23/2015 8:05,8:05,3,0,0,FEDERAL BLVD 1400 BLK S & ARKANSAS AVE W,1,1,0,0,1,2,,,35,0,0,0,0,0,2,2,13
,2015_44003,39.624076,-104.913346,9/2/2015 16:45,16:45,12,0,0,MONACO PKWY S & BELLEVIEW AVE E,1,1,0,0,1,1,,,30,0,0,0,0,0,2,2,3
,2015_44009,39.689516,-105.053251,12/4/2015 20:30,20:30,12,0,0,FLORIDA AVE W & SHERIDAN BLVD S,1,3,0,0,1,1,,,35,0,0,0,0,0,2,2,5
,2015_44048,39.635523,-104.89346,8/25/2015 14:48,14:48,5,0,1,I-225 & S TAMARAC ST,1,1,0,0,2,4,,,65,0,0,0,0,2,1,1,13
,2015_44049,39.640419,-104.882777,9/24/2015 18:47,18:47,12,0,0,I-225 NB ON RAMP AT METER FROM & YOSEMITE ST S,1,2,0,7,1,4,,,65,0,0,0,0,0,1,2,3
,2015_44060,39.652991,-104.928065,9/20/2015 14:08,14:08,12,0,0,HAMPDEN AVE & FAIRFAX ST S,1,1,0,0,1,4,,,35,0,0,0,0,0,2,2,4
,2015_44159,0,0,11/30/2015 6:37,6:37,3,0,0,4TH AVE E & MONACO ST N,4,1,0,2,1,1,,,35,0,0,0,0,0,4,2,13
,2015_44160,0,0,12/18/2015 22:51,22:51,3,0,0,4TH AVE W & SANTA FE DR N,5,3,0,0,1,1,,,30,0,0,0,0,0,4,2,5
,2015_44161,0,0,11/16/2015 11:49,11:49,3,0,0,6TH AVE E & CLERMONT ST N,1,1,0,0,1,1,,,25,0,0,0,0,0,4,2,8
,2015_44162,0,0,11/14/2015 17:42,17:42,1,0,0,8TH AVE E & ALBION ST N,1,1,0,0,1,1,,,30,0,0,0,0,0,4,2,13
,2015_44163,0,0,11/15/2015 20:10,20:10,10,0,0,8TH AVE & BROADWAY N,1,3,0,0,1,1,,,30,0,0,0,0,0,4,2,16
,2015_44164,0,0,12/5/2015 1:34,1:34,3,0,0,8TH AVE E & CORONA ST N,1,3,0,0,1,1,,,30,0,0,0,0,0,4,2,13
,2015_44165,0,0,10/2/2015 8:25,8:25,3,0,0,9TH AVE E & CORONA ST N,1,1,0,0,1,1,,,30,0,0,0,0,0,4,2,3
,2015_44166,0,0,8/24/2015 11:10,11:10,3,0,1,11TH AVE E & QUEBEC ST N,1,1,0,7,1,1,,,30,0,0,0,0,2,4,2,16
,2015_44167,0,0,10/31/2015 15:12,15:12,1,0,0,12TH AVE W & INCA ST N,1,1,0,0,1,1,,,25,0,0,0,0,0,4,2,3
,2015_44168,0,0,8/19/2015 23:05,23:05,3,0,0,13TH AVE 1800 BLK W & UMATILLA ST N,1,3,0,0,1,2,,,35,0,0,0,0,0,4,2,5
,2015_44169,0,0,10/24/2015 9:00,9:00,3,0,0,14TH AVE E & LOGAN ST N,1,1,0,0,1,1,,,30,0,0,0,0,0,4,2,13
,2015_44170,0,0,6/20/2015 18:59,18:59,15,0,0,14TH AVE 3000 BLK E & MILWAUKEE ST N,1,1,1,0,1,4,,,30,0,0,0,0,0,4,2,13
,2015_44172,0,0,11/13/2015 17:05,17:05,12,0,0,14TH AVE E & OGDEN ST N,1,1,0,0,1,1,,,30,0,0,0,0,0,4,2,3
,2015_44173,0,0,9/19/2015 20:18,20:18,3,0,0,14TH AVE E & WILLIAMS ST N,1,2,1,0,1,1,,,30,0,0,0,0,0,4,2,8
,2015_44174,0,0,11/19/2015 7:30,7:30,3,0,0,16TH AVE E & GILPIN ST N,1,1,0,0,1,1,,,30,0,0,0,0,0,4,2,12
,2015_44175,0,0,9/2/2015 17:06,17:06,3,0,0,17TH AVE E & GRANT ST N,1,1,1,0,1,1,,,30,0,0,0,0,0,4,2,1
,2015_44176,0,0,10/11/2015 2:25,2:25,3,0,0,17TH AVE E & LOGAN ST N,1,3,0,0,1,1,,,35,0,0,0,0,0,4,2,5