id,drcog_id,latitude,longitude,crashtime,time,crashtype,numbkilled,numbinjurd,drcoglocat,rdconditin,lightngcon,roadcntgrd,weatherco,location,roaddescrp,schoolzone,constrzone,splimit,bikeinv,pedinv,sctrinv,motoinv,svrty,rdsystem,ttlvehcls,hcf
,2015_44177,0,0,12/8/2015 11:00,11:00,10,0,0,18TH AVE E & GILPIN ST,1,1,0,0,1,1,,,30,0,0,0,0,0,4,2,8
,2015_44178,0,0,10/30/2015 14:15,14:15,3,0,0,33RD AVE W & ZUNI ST N,1,1,0,0,1,1,,,25,0,0,0,0,0,4,2,16
,2015_44179,0,0,12/12/2015 17:00,17:00,1,0,0,36TH AVE E & ROSLYN ST N,4,3,0,2,1,1,,,25,0,0,0,0,0,4,2,1
,2015_44180,0,0,10/22/2015 17:24,17:24,12,0,0,36TH AVE E & VINE ST N,2,3,0,0,1,1,,,25,0,0,0,0,0,4,2,13
,2015_44181,0,0,12/20/2015 17:40,17:40,1,0,0,40TH AVE 16900 BLK E & AIRPORT BLVD N,8,3,0,0,1,1,,,40,0,0,0,0,1,4,2,1
,2015_44182,0,0,3/23/2015 7:15,7:15,13,0,0,IRVING ST S & YALE AVE W,1,1,0,0,1,1,,,25,0,0,0,0,1,4,2,1
,2015_44183,0,0,10/28/2015 7:40,7:40,15,0,0,40TH AVE E & CHAMBERS RD N,1,1,0,0,1,1,,,35,0,0,0,0,0,4,2,13
,2015_44184,0,0,11/17/2015 15:50,15:50,1,0,0,50TH AVE E & WASHINGTON ST N,1,1,0,0,1,2,,,25,0,0,0,0,0,4,2,16
,2015_44185,0,0,11/16/2015 7:48,7:48,15,0,0,ALAMEDA AVE E & GRANT ST S,1,1,0,0,1,4,,,30,0,0,0,0,0,4,2,1
,2015_44186,0,0,11/20/2015 23:10,23:10,12,0,0,ALAMEDA AVE E & LEYDEN ST S,5,3,0,2,1,4,,,35,0,0,0,0,0,4,2,16
,2015_44188,0,0,10/24/2015 16:27,16:27,3,0,0,ASBURY AVE W & BROADWAY ST S,1,1,0,0,1,2,,,15,0,0,0,0,0,4,2,13
,2015_44189,0,0,5/21/2015 14:45,14:45,12,0,0,BUCHTEL BLVD E & LOGAN ST S,1,1,0,7,1,3,,,30,0,0,0,0,0,4,2,16
,2015_44190,0,0,10/23/2015 16:05,16:05,12,0,0,BYRON PL & 2900 BLK W,1,1,1,0,1,4,,,30,0,0,0,0,0,4,2,13
,2015_44191,0,0,11/17/2015 13:49,13:49,3,0,0,CENTRAL PARK BLVD N & MLK BLVD E,6,1,1,0,1,1,,,30,0,0,0,0,0,4,2,13
,2015_44192,0,0,11/7/2015 21:00,21:00,12,0,0,CHAMBERS RD N & 46TH AVE E,1,4,0,0,1,1,,,40,0,0,0,0,0,4,2,7
,2015_44193,0,0,9/29/2015 9:15,9:15,15,0,0,CHAMPA ST 1500 BLK & 16TH ST,1,1,0,0,1,4,,,30,0,0,0,0,0,4,2,13
,2015_44194,0,0,12/19/2015 13:35,13:35,10,0,0,CHAMPA ST & SPEER BLVD N,6,1,0,0,1,2,,,25,0,0,0,0,0,4,2,13
,2015_44195,0,0,10/12/2015 17:12,17:12,1,0,0,CHERRY CREEK DR S E & MISSISSIPPI AVE E,1,2,0,0,1,1,,,35,0,0,0,0,0,4,2,7
,2015_44196,0,0,11/4/2015 8:30,8:30,6,0,0,CURTIS ST & 16TH ST,1,1,0,0,1,4,,,25,0,0,0,0,0,4,2,3
,2015_44197,0,0,11/18/2015 15:11,15:11,3,0,0,29TH DR E & IOLA ST N,1,1,0,0,1,1,,,35,0,0,0,0,0,4,2,16
,2015_44198,0,0,10/20/2015 16:56,16:56,3,0,0,DAHLIA ST S & DARTMOUTH AVE E,1,1,0,0,1,1,,,30,0,0,0,0,1,4,2,1
,2015_44199,0,0,12/10/2015 16:11,16:11,3,0,0,DAHLIA ST S & JEWELL AVE E,1,2,0,0,1,1,,,25,0,0,0,0,0,4,2,13
,2015_44200,0,0,12/4/2015 12:21,12:21,12,0,0,DOWNING ST S & EVANS AVE E,1,1,0,0,1,4,,,30,0,0,0,0,1,4,2,13
,2015_44201,0,0,12/5/2015 1:42,1:42,12,0,0,ELLSWORTH AVE E & LINCOLN ST N,1,3,0,0,1,1,,,30,0,0,0,0,0,4,2,1
,2015_44203,0,0,12/25/2015 15:44,15:44,3,0,0,EUDORA ST 3500 BLK N & 35TH AVE E,5,1,0,2,1,1,,,25,0,0,0,0,0,4,2,14
,2015_44204,0,0,9/17/2015 16:02,16:02,3,0,1,EVANS AVE E & COOK ST S,1,1,0,0,1,1,,,25,0,0,0,0,2,4,2,13
,2015_44205,0,0,12/21/2015 10:48,10:48,12,0,0,EVANS AVE 5200 BLK E & GRAPE ST S,1,1,0,0,1,4,,,35,0,0,0,0,0,4,2,13
,2015_44206,0,0,12/24/2015 17:11,17:11,15,0,0,EVANS AVE E & HUDSON ST S,1,3,0,0,1,1,,,30,0,0,0,0,0,4,2,5
,2015_44207,0,0,9/10/2015 8:50,8:50,12,0,0,EVANS AVE 6300 BLK E & LEYDEN ST S,1,1,0,0,1,1,,,35,0,0,0,0,0,4,2,13
,2015_44208,0,0,9/11/2015 10:52,10:52,12,0,0,EVANS AVE 6500 BLK E & MONACO PKWY S,1,1,1,0,1,1,,,35,0,0,0,0,1,4,2,14
,2015_44209,0,0,11/21/2015 12:25,12:25,12,0,0,EVANS AVE W & TENNYSON ST S,5,1,0,0,1,3,,,30,0,0,0,0,0,4,2,7
,2015_44210,0,0,12/27/2015 8:40,8:40,3,0,0,GVR BLVD E & ARGONNE ST N,5,1,0,0,1,1,,,35,0,0,0,0,0,4,2,14
,2015_44211,0,0,12/11/2015 7:25,7:25,3,0,0,HOLLY ST 1500 BLK S & FLORIDA AVE E,1,1,0,0,1,2,,,30,0,0,0,0,0,4,2,13
,2015_44212,0,0,8/28/2015 9:56,9:56,10,0,0,ILIFF AVE E & QUEBEC ST,1,1,0,0,1,1,,,35,0,0,0,0,0,4,2,1
,2015_44213,0,0,10/27/2015 16:46,16:46,3,0,0,JASON ST S & VIRGINIA AVE W,1,1,1,0,1,1,,,25,0,0,0,0,0,4,2,1
,2015_44214,0,0,11/30/2015 13:10,13:10,3,0,0,KENTUCKY AVE E & CHERRY CREEK DR S,2,1,0,0,1,1,,,25,0,0,0,0,0,4,2,13
,2015_44215,0,0,11/16/2015 15:00,15:00,3,0,0,LIPAN ST S & VIRGINIA AVE W,2,1,0,1,1,1,,,30,0,0,0,0,0,4,2,7
,2015_44216,0,0,10/15/2015 10:40,10:40,3,0,0,LOGAN ST N & 18TH AVE E,1,1,0,0,1,1,,,35,0,0,0,0,0,4,2,7
,2015_44218,0,0,9/13/2015 14:30,14:30,15,0,0,MLK BLVD & HAVANA ST N,1,1,0,0,1,1,,,40,0,0,0,0,0,4,2,14
,2015_44219,0,0,11/21/2015 8:47,8:47,12,0,0,MISSISSIPPI AVE W & CANOSA CT S,5,1,0,0,1,1,,,30,0,0,0,0,0,4,2,1
,2015_44220,0,0,11/9/2015 17:26,17:26,3,0,0,MISSISSIPPI AVE E & DAHLIA ST S,1,2,0,0,1,1,,,25,0,0,0,0,0,4,2,13
,2015_44221,0,0,9/10/2015 15:13,15:13,12,0,0,MISSISSIPPI AVE E & MILWAUKEE ST S,1,1,0,0,1,4,,,30,0,0,0,0,0,4,2,3
,2015_44222,0,0,9/5/2015 10:49,10:49,12,0,0,MONACO PKWY N & 17TH AVE E,1,1,0,0,1,1,,,30,0,0,0,0,1,4,2,13
,2015_44223,0,0,9/3/2015 17:37,17:37,12,0,0,PEORIA ST 4600 BLK N & 47TH AVE E,2,1,0,1,1,4,,,40,0,0,0,0,0,4,2,3
,2015_44224,0,0,9/24/2015 16:04,16:04,1,0,0,PERRY ST N & 1ST AVE W,1,1,1,0,1,1,,,30,0,0,0,0,0,4,2,3
,2015_44225,0,0,9/22/2015 17:48,17:48,3,0,0,QUEBEC ST N & BATAVIA PL,1,1,0,0,1,1,,,40,0,0,0,0,0,4,2,13
,2015_44226,0,0,11/28/2015 19:15,19:15,3,0,0,11TH AVE E & LAFAYETTE ST N,10,3,0,0,1,1,,,25,0,0,0,0,0,4,2,13
,2015_44227,0,0,12/24/2015 1:25,1:25,3,0,0,15TH ST & WYNKOOP ST,1,3,1,0,1,1,,,30,0,0,0,0,1,4,2,4
,2015_44228,0,0,12/14/2015 12:05,12:05,3,0,0,20TH ST & BROADWAY ST N,1,1,0,0,1,1,,,30,0,0,0,0,0,4,2,13
,2015_44229,0,0,12/4/2015 20:44,20:44,12,0,0,20TH ST & CALIFORNIA ST,1,3,0,0,1,1,,,25,0,0,0,0,0,4,2,13
,2015_44230,0,0,10/22/2015 20:39,20:39,10,0,0,SPEER BLVD N & 8TH AVE W,2,3,1,0,1,1,,,30,0,0,0,0,0,4,2,7
,2015_44231,0,0,10/23/2015 2:09,2:09,15,0,0,SPEER BLVD 1300 BLK & MARKET ST,1,3,0,0,1,4,,,40,0,0,0,0,0,4,2,14
,2015_44233,0,0,9/23/2015 8:28,8:28,3,0,0,STAPLETON S DR 6500 BLK E & MONACO ST N,1,1,0,0,1,1,,,30,0,0,0,0,0,4,2,13
,2015_44234,0,0,8/25/2015 9:05,9:05,15,0,0,STEELE ST 800 BLK S & VIRGINA AVE E,1,1,0,0,1,4,,,25,0,0,0,0,0,4,2,13
,2015_44235,0,0,7/27/2015 8:54,8:54,15,0,0,STOUT ST & 26TH ST,1,1,0,0,1,1,,,25,0,0,0,0,0,4,2,13
,2015_44236,0,0,12/20/2015 2:59,2:59,3,0,0,TENNYSON ST S & KENTUCKY AVE W,4,3,0,2,1,1,,,25,0,0,0,0,0,4,2,1
,2015_44237,0,0,12/6/2015 6:50,6:50,15,0,0,TOWER RD N & PENA BLVD,1,1,1,0,1,1,,,40,0,0,0,0,0,4,2,3
,2015_44238,0,0,8/22/2015 14:23,14:23,12,0,0,ULSTER ST S & BELLEVIEW AVE E,1,1,0,0,1,2,,,30,0,0,0,0,1,4,2,3
,2015_44240,0,0,9/22/2015 13:05,13:05,15,0,0,UNIVERSITY BLVD 1800 BLK & BUCHTEL BLVD E,1,1,0,0,1,3,,,30,0,0,0,0,0,4,2,13
,2015_44241,0,0,11/5/2015 12:15,12:15,15,0,0,UNIVERSITY BLVD S & BUCHTEL BLVD S,1,1,1,0,1,3,,,30,0,0,0,0,0,4,2,16
,2015_44242,0,0,11/21/2015 2:20,2:20,3,0,1,WASHINGTON ST N & SPEER BLVD E,4,3,0,2,1,1,,,30,0,0,0,0,2,4,2,5
,2015_44243,0,0,12/6/2015 8:55,8:55,3,0,0,ZUNI ST N & 29TH AVE W,1,1,0,0,1,1,,,35,0,0,0,0,0,4,2,13
,2015_44346,39.679346,-104.940635,9/2/2015 10:00,10:00,12,0,0,COLORADO BLVD 1900 BLK S & EVANS AVE E,1,1,0,0,1,4,,,40,0,0,0,0,0,2,2,13
,2015_44347,39.725476,-104.940629,12/22/2015 12:06,12:06,15,0,0,COLORADO BLVD N & 6TH AVE E,1,1,1,0,1,1,,,30,0,0,0,0,1,2,2,13
,2015_44348,39.740086,-104.940612,9/20/2015 16:35,16:35,1,0,0,COLFAX AVE E & COLORADO BLVD N,1,1,0,0,1,1,,,30,0,0,0,0,1,2,2,13
,2015_44353,39.72542,-105.025174,8/19/2015 7:43,7:43,15,0,0,6TH AVE W & FEDERAL BLVD N,1,1,0,0,1,4,,,45,0,0,0,0,1,2,2,13
,2015_44354,39.72542,-105.025174,9/21/2015 6:16,6:16,15,0,0,6TH AVE W & FEDERAL BLVD N,1,1,0,0,1,4,,,55,0,0,0,0,0,2,2,1
,2015_44370,39.678363,-104.933558,11/26/2015 22:55,22:55,15,0,0,I-25 & EVANS AVE E,5,3,0,2,1,4,,,60,0,0,0,0,0,1,2,16
,2015_44371,39.68492,-104.959513,11/12/2015 18:24,18:24,12,0,0,I-25 & UNIVERSITY BLVD S,1,3,1,0,1,4,,,60,0,0,0,0,0,1,2,5
,2015_44372,39.701452,-104.987435,11/18/2015 9:49,9:49,12,0,0,BROADWAY S & I-25 SB RAMPS,1,1,0,0,1,3,,,35,0,0,0,0,0,1,2,1
,2015_44373,39.71124,-104.998918,8/22/2015 6:51,6:51,12,0,0,I-25 & ALAMEDA AVE W,1,1,0,0,1,4,,,55,0,0,0,0,0,1,2,13
,2015_44374,39.714262,-105.000757,10/22/2015 12:35,12:35,15,0,0,I-25 NB ON RAMP & CEDAR AVE W & KALAMATH ST S,2,1,0,1,1,8,,,30,0,0,0,0,0,1,2,1
,2015_44375,39.716832,-105.002967,9/1/2015 16:45,16:45,12,0,0,I-25 & MM 208,1,1,0,0,1,4,,,55,0,0,0,0,1,1,2,3
,2015_44376,39.717716,-105.004259,10/19/2015 19:09,19:09,15,0,0,I-25 & ALAMEDA AVE W,1,2,0,0,1,4,,,55,0,0,0,0,0,1,2,3
,2015_44377,39.725247,-105.012893,9/15/2015 18:30,18:30,15,0,0,I-25 NB ON FLYOVER RAMP & 6TH AVE W,1,3,1,0,1,8,,,45,0,0,0,0,0,1,2,13
,2015_44378,39.751291,-105.016572,10/17/2015 15:35,15:35,12,0,0,I-25 & 23RD AVE W,1,1,0,0,1,4,,,55,0,0,0,0,0,1,2,16
,2015_44379,39.751291,-105.016572,12/2/2015 17:08,17:08,15,0,0,I-25 & 23RD AVE W,1,2,1,0,1,4,,,55,0,0,0,0,0,1,2,16
,2015_44380,39.751291,-105.016572,12/20/2015 12:40,12:40,15,0,0,23RD AVE W & I-25 NB RAMP,1,1,1,0,1,4,,,30,0,0,0,0,0,1,2,13
,2015_44381,39.755141,-105.012706,12/19/2015 18:09,18:09,15,0,0,SPEER BLVD N & I-25,1,3,0,0,1,4,,,35,0,0,0,0,0,1,2,13
,2015_44382,39.757148,-105.009912,10/14/2015 14:12,14:12,12,0,0,I-25 & 15TH ST,1,1,0,0,1,4,,,55,0,0,0,0,0,1,2,14
,2015_44383,39.760997,-105.004275,10/13/2015 7:16,7:16,12,0,0,I-25 & 20TH ST,1,1,0,0,1,4,,,55,0,0,0,0,1,1,2,14
,2015_44392,39.711147,-105.02072,11/16/2015 16:57,16:57,3,0,0,ALAMEDA AVE W & DALE CT S,2,2,0,1,1,5,,,15,0,0,0,0,0,2,2,8
,2015_44393,39.711184,-105.000622,11/21/2015 12:58,12:58,12,0,0,PLATTE RIVER DR S & ALAMEDA AVE W,1,1,0,0,1,3,,,35,0,0,0,0,0,2,2,16
,2015_44394,39.711196,-104.999979,9/24/2015 7:31,7:31,12,0,0,ALAMEDA AVE & 1100 BLK W,1,1,0,0,1,4,,,30,0,0,0,0,0,2,2,14
,2015_44395,39.653094,-104.912878,9/1/2015 7:30,7:30,3,0,0,HAMPDEN AVE 6400 BLK E & MONACO PKWY S,1,1,0,0,1,1,,,40,0,0,0,0,0,2,2,13
,2015_44396,39.65308,-104.909772,12/23/2015 12:45,12:45,12,0,0,E HAMPDEN AVE 6700 BLK & S ONEIDA ST,1,1,0,0,1,4,,,40,0,0,0,0,0,2,2,1
,2015_44397,39.658154,-104.866361,8/21/2015 8:35,8:35,12,0,0,HAVANA ST 3300 BLK S & GIRARD AVE E,1,1,3,0,1,4,,,45,0,0,0,0,0,2,2,13
,2015_44400,39.782571,-104.901126,11/21/2015 1:35,1:35,12,0,0,NORTHFIELD QUEBEC ST N & SAND CREEK RD S,5,4,2,2,1,4,,,35,0,0,0,0,0,2,2,1
,2015_44416,39.740356,-105.052111,11/30/2015 11:48,11:48,3,0,0,COLFAX AVE W & ZENOBIA ST N,6,1,0,0,1,1,,,35,0,0,0,0,0,2,2,14
,2015_44417,39.740082,-105.005223,8/18/2015 10:08,10:08,3,0,0,COLFAX AVE W & 7TH ST,1,1,0,0,1,1,,,35,0,0,0,0,0,2,2,14
,2015_44418,39.740082,-105.005223,11/19/2015 19:12,19:12,12,0,0,COLFAX AVE W & 7TH ST,1,3,0,0,1,3,,,35,0,0,0,0,0,2,2,16
,2015_44419,39.739983,-104.959843,12/7/2015 19:18,19:18,12,0,0,COLFAX AVE E & YORK ST N,1,3,0,0,1,4,,,30,0,0,0,0,0,2,2,13
,2015_44428,39.783138,-105.006328,10/28/2015 9:29,9:29,12,0,0,I-70 & PECOS ST N,1,1,0,0,1,4,,,55,0,0,0,0,1,1,2,12
,2015_44429,39.7783,-104.906756,8/24/2015 10:06,10:06,12,0,0,I-70 WB OFF RAMP & QUEBEC ST,1,1,1,0,1,8,,,35,0,0,0,0,0,1,2,13
,2015_44430,39.7783,-104.903459,8/15/2015 9:10,9:10,5,0,0,I-70 & N NORTHFIELD QUEBEC S,1,1,0,0,1,4,,,55,0,0,0,0,0,1,1,13
,2015_44431,39.777095,-104.882471,8/29/2015 14:25,14:25,15,0,0,I-70 & CENTRAL PARK BLVD N,1,1,0,0,1,4,,,55,0,0,0,0,1,1,2,1
,2015_44432,39.777095,-104.882471,9/4/2015 22:24,22:24,1,0,0,CENTRAL PARK BLVD N & I-70,1,3,1,0,1,1,,,35,0,0,0,0,0,1,2,13
,2015_44444,39.702965,-104.912888,9/10/2015 18:10,18:10,14,0,0,MONACO ST S & LEETSDALE DR,1,1,0,0,1,1,,,30,0,0,0,0,0,2,2,3
,2015_44452,39.678438,-104.993322,10/30/2015 17:24,17:24,12,0,0,EVANS AVE W & SANTA FE DR S,1,3,1,0,1,4,,,30,0,0,0,0,0,2,2,13
,2015_44453,39.725493,-105.025119,9/28/2015 17:40,17:40,1,0,0,6TH AVE W & FEDERAL BLVD N,1,2,0,0,1,1,,,35,0,0,0,0,0,2,2,7
,2015_44454,39.723512,-105.025158,10/19/2015 9:00,9:00,12,0,0,5TH AVE & FEDERAL BLVD,1,1,1,0,1,1,,,25,0,0,0,0,0,2,2,7
,2015_44459,39.689516,-105.053251,11/4/2015 7:25,7:25,1,0,0,FLORIDA AVE W & SHERIDAN BLVD S,1,1,0,0,1,1,,,35,0,0,0,0,0,2,2,8
,2015_44484,39.636882,-104.889993,11/7/2015 15:21,15:21,12,0,0,I-225 & MM 1,1,1,0,0,1,4,,,65,0,0,0,0,0,1,2,16
,2015_44485,39.63813,-104.887467,9/8/2015 8:45,8:45,12,0,0,I-225 & S YOSEMITE ST,1,1,0,0,1,4,,,55,0,0,0,0,0,1,2,13
,2015_44486,39.639275,-104.885096,9/9/2015 8:00,8:00,12,0,0,YOSEMITE ST 4000 BLK S & I-225 SB OFF RAMP,1,1,0,0,1,3,,,35,0,0,0,0,0,1,2,1
,2015_44487,39.639429,-104.884782,3/30/2015 8:11,8:11,12,0,0,I-225 & 4000  S,1,1,0,0,1,4,,,65,0,0,0,0,0,1,2,5
,2015_44492,39.65315,-105.053716,8/4/2015 11:40,11:40,12,0,0,HWY 285 & SHERIDAN BLVD S,1,1,0,0,1,4,,,65,0,0,0,0,0,2,2,14
,2015_44521,0,0,6/24/2015 18:00,18:00,6,0,0,BAYAUD AVE W & RARITAN ST S,2,1,0,1,1,4,,,25,0,0,0,0,0,4,2,3
,2015_44599,0,0,11/5/2015 14:37,14:37,15,0,0,6TH AVE W & CHEROKEE ST N,1,1,0,0,1,4,,,30,0,0,0,0,0,4,2,3
,2015_44600,0,0,12/3/2015 12:55,12:55,10,0,0,6TH AVE W & ELATI ST N,1,1,0,0,1,1,,,35,0,0,0,0,1,4,2,13
,2015_44601,0,0,10/14/2015 8:00,8:00,3,0,0,8TH AVE E & EMERSON ST N,1,1,0,0,1,1,,,30,0,0,0,0,0,4,2,13
,2015_44602,0,0,12/9/2015 0:01,0:01,3,0,0,11TH AVE 1000 BLK E & EMERSON ST N,1,3,0,0,1,5,,,35,0,0,0,0,0,4,2,13
,2015_44603,0,0,12/3/2015 18:25,18:25,1,0,0,11TH AVE E & UINTA WAY N,1,3,0,0,1,1,,,35,0,0,0,0,0,4,2,13
,2015_44604,0,0,12/12/2015 21:39,21:39,10,0,0,13TH AVE E & GARFIELD ST N,2,3,0,0,1,1,,,30,0,0,0,0,0,4,2,8
,2015_44605,0,0,10/21/2015 13:12,13:12,3,0,0,13TH AVE E & JACKSON ST N,2,1,0,1,1,1,,,25,0,0,0,0,0,4,2,13
,2015_44606,0,0,12/17/2015 11:00,11:00,3,0,0,18TH AVE E & CLARKSON ST N,4,1,0,2,1,1,,,30,0,0,0,0,0,4,2,13
,2015_44607,0,0,10/23/2015 13:16,13:16,12,0,0,18TH AVE E & GILPIN ST N,1,1,0,0,1,4,,,30,0,0,0,0,0,4,2,8
,2015_44608,0,0,9/20/2015 15:20,15:20,15,0,0,20TH AVE & 600 BLK E,1,1,0,0,1,4,,,30,0,0,0,0,0,4,2,13
,2015_44609,0,0,1/9/2015 17:19,17:19,3,0,0,22ND AVE E & LOCUST ST N,5,4,0,0,1,1,,,25,0,0,0,0,0,4,2,14
,2015_44610,0,0,9/1/2015 12:40,12:40,12,0,0,23RD AVE E & LAFAYETTE ST N,1,1,0,0,1,1,,,30,0,0,0,0,0,4,2,13
,2015_44612,0,0,11/13/2015 9:25,9:25,3,0,0,23RD AVE E & OGDEN ST N,1,1,0,0,1,1,,,25,0,0,0,0,0,4,2,7
,2015_44613,0,0,12/13/2015 18:22,18:22,3,0,0,26TH AVE W & HOOKER ST N,1,4,0,0,1,1,,,25,0,0,0,0,0,4,2,13
,2015_44614,0,0,10/30/2015 14:14,14:14,10,0,0,31ST AVE E & RACE ST,1,1,0,0,1,1,,,35,0,0,0,0,0,4,2,13
,2015_44615,0,0,12/16/2015 20:53,20:53,1,0,0,40TH AVE E & HAVANA ST N,4,3,0,0,1,1,,,30,0,0,0,0,0,4,2,13
,2015_44616,0,0,11/17/2015 11:43,11:43,3,0,0,45TH AVE E & ANDREWS DR E,6,1,1,0,1,1,,,25,0,0,0,0,0,4,2,16
,2015_44617,0,0,10/26/2015 17:16,17:16,3,0,0,48TH AVE E & CLAYTON ST N,1,1,0,0,1,3,,,30,0,0,0,0,0,4,2,16
,2015_44618,0,0,11/21/2015 17:41,17:41,3,0,0,68TH AVE E & TOWER RD N,1,3,0,0,1,1,,,40,0,0,0,0,1,4,2,16
,2015_44619,0,0,9/18/2015 18:29,18:29,3,0,0,ALAMEDA AVE E & MONACO PKWY S,1,2,0,0,1,1,,,35,0,0,0,0,0,4,2,13
,2015_44620,0,0,10/25/2015 10:37,10:37,3,0,0,BLAKE ST & PARK AVE W,1,1,0,0,1,1,,,35,0,0,0,0,0,4,2,3
,2015_44621,0,0,9/19/2015 20:37,20:37,10,0,0,BLAKE ST & 26TH ST,1,3,0,0,1,1,,,30,0,0,0,0,0,4,2,8
,2015_44622,0,0,10/10/2015 10:38,10:38,10,0,0,BRIGHTON BLVD 3000 BLK N & 31ST ST,1,1,0,0,1,2,,,35,0,0,0,0,1,4,2,13
,2015_44623,0,0,10/21/2015 13:00,13:00,12,0,0,BROADWAY ST 200 BLK S & ALAMEDA AVE E,2,1,0,1,1,4,,,35,0,0,0,0,0,4,2,13
,2015_44624,0,0,11/22/2015 14:27,14:27,12,0,0,BROADWAY S & ALAMEDA AVE W,1,1,0,0,1,1,,,30,0,0,0,0,0,4,2,16
,2015_44625,0,0,9/1/2015 14:41,14:41,12,0,0,BROADWAY ST N & BLAKE ST,1,1,1,0,1,1,,,30,0,0,0,0,0,4,2,13
,2015_44626,0,0,3/2/2015 10:15,10:15,6,0,0,EXPOSITION AVE 100 BLK E & LINCOLN ST S,1,5,0,7,1,4,,,25,0,0,0,0,0,4,2,16
,2015_44627,0,0,11/30/2015 7:00,7:00,12,0,0,BROADWAY & LAWRENCE ST,4,1,0,2,1,1,,,30,0,0,0,0,0,4,2,13
,2015_44628,0,0,12/26/2015 21:19,21:19,10,0,0,BROADWAY ST 2000 BLK N & 20TH ST,1,3,1,0,1,4,,,35,0,0,0,0,0,4,2,1
,2015_44629,0,0,12/30/2015 11:54,11:54,12,0,0,BROADWAY ST 400 BLK S & VIRGINIA AVE W,1,1,0,0,1,1,,,30,0,0,0,0,1,4,2,12
,2015_44630,0,0,10/17/2015 14:35,14:35,12,0,1,BROADWAY ST 2600 BLK S & YALE AVE E,1,1,0,0,1,4,,,30,0,0,0,0,2,4,2,3
,2015_44631,0,0,10/28/2015 13:55,13:55,3,0,0,DECATUR ST S & OHIO AVE W,1,1,0,0,1,2,,,25,0,0,0,0,0,4,2,1
,2015_44632,0,0,11/19/2015 15:32,15:32,12,0,0,DOWNING ST N & SPEER BLVD E,1,1,0,0,1,4,,,35,0,0,0,0,0,4,2,16
,2015_44633,0,0,9/24/2015 7:25,7:25,12,0,0,EVANS AVE E & CLERMONT ST S,1,1,0,0,1,1,,,35,0,0,0,0,1,4,2,3
,2015_44634,0,0,10/16/2015 16:54,16:54,12,0,0,EVANS AVE 4800 BLK E & DAHLIA ST S,1,1,0,0,1,3,,,40,0,0,0,0,0,4,2,7
,2015_44635,0,0,10/5/2015 14:15,14:15,12,0,0,EVANS AVE W & SANTA FE DR S,1,1,0,0,1,3,,,35,0,0,0,0,0,4,2,13
,2015_44636,0,0,9/9/2015 9:13,9:13,15,0,0,EXPOSTION AVE 3500 BLK W & LOWELL BLVD,1,1,0,0,1,4,,,25,0,0,0,0,0,4,2,3
,2015_44637,0,0,7/3/2015 18:30,18:30,15,0,0,GAYLORD ST 2600 BLK N & YORK ST N,1,1,0,0,1,4,,,25,0,0,0,0,0,4,2,1
,2015_44638,0,0,9/16/2015 14:57,14:57,3,0,0,GVR BLVD E & PENA BLVD,1,1,0,0,1,1,,,40,0,0,0,0,1,4,2,13
,2015_44639,0,0,8/28/2015 16:17,16:17,3,0,0,HARVARD AVE E & CORONA ST S,1,1,0,0,1,1,,,30,0,0,0,0,0,4,2,13
,2015_44640,0,0,11/18/2015 9:10,9:10,3,0,0,HIGH ST N & 17TH AVE E,1,1,0,0,1,1,,,25,0,0,0,0,0,4,2,16
,2015_44641,0,0,9/11/2015 8:25,8:25,12,0,0,HOLLY ST 400 BLK S & LEETSDALE DR,1,1,1,0,1,3,,,25,0,0,0,0,1,4,2,13
,2015_44642,0,0,10/16/2015 13:30,13:30,12,0,0,JEWELL AVE W & LOWELL BLVD S,1,1,0,0,1,3,,,30,0,0,0,0,0,4,2,7
,2015_44643,0,0,11/7/2015 21:47,21:47,12,0,0,LAWRENCE ST 2000 BLK & 21ST ST,1,3,1,0,1,4,,,30,0,0,0,0,0,4,2,4
,2015_44644,0,0,9/8/2015 7:55,7:55,15,0,0,LOGAN ST 1200 BLK N & 13TH AVE E,1,1,0,0,1,4,,,25,0,0,0,0,0,4,2,13
,2015_44645,0,0,9/1/2015 12:04,12:04,10,0,0,MLK BLVD & 1300 BLK E,1,1,0,0,1,5,,,30,0,0,0,0,0,4,2,1
,2015_44646,0,0,12/8/2015 15:52,15:52,15,0,0,MISSISSIPPI AVE W & BRYANT ST S,1,1,0,0,1,1,,,35,0,0,0,0,0,4,2,1
,2015_44647,0,0,12/22/2015 17:20,17:20,1,0,0,MLK BLVD E & DAHLIA ST N,1,3,0,0,1,1,,,35,0,0,0,0,1,4,2,7
,2015_44648,0,0,8/21/2015 16:21,16:21,3,0,0,PARK AVE W & GLOBEVILLE RD N,1,1,1,7,1,1,,,35,0,0,0,0,0,4,2,16
,2015_44649,0,0,11/19/2015 14:00,14:00,12,0,0,PARK AVE W & WEWATTA ST,1,1,0,0,1,1,,,35,0,0,0,0,0,4,2,13
,2015_44650,0,0,8/25/2015 17:00,17:00,3,0,0,PEARL ST N & 10TH AVE E,1,1,0,0,1,1,,,30,0,0,0,0,0,4,2,13
,2015_44651,0,0,11/30/2015 17:10,17:10,6,0,0,PENNSYLVANIA ST 1600 BLK & 16TH AVE,1,3,0,0,1,4,,,15,0,0,0,0,1,4,2,1
,2015_44652,0,0,10/1/2015 17:05,17:05,15,0,0,PEORIA ST N & 45TH AVE E,1,1,0,0,1,4,,,35,0,0,0,0,0,4,2,13