id,drcog_id,latitude,longitude,crashtime,time,crashtype,numbkilled,numbinjurd,drcoglocat,rdconditin,lightngcon,roadcntgrd,weatherco,location,roaddescrp,schoolzone,constrzone,splimit,bikeinv,pedinv,sctrinv,motoinv,svrty,rdsystem,ttlvehcls,hcf
,2015_44653,0,0,12/21/2015 16:35,16:35,3,0,2,PEORIA ST 4400 BLK N & 45TH AVE E,1,1,0,0,1,1,,,40,0,0,0,0,2,4,2,8
,2015_44654,0,0,9/29/2015 16:18,16:18,12,0,0,PEORIA ST N & 47TH AVE E,1,1,1,0,1,1,,,35,0,0,0,0,0,4,2,7
,2015_44655,0,0,12/13/2015 12:13,12:13,15,0,0,PEORIA ST N & 47TH AVE E,1,3,0,0,1,1,,,35,0,0,0,0,0,4,2,13
,2015_44656,0,0,9/22/2015 17:20,17:20,12,0,0,QUEBEC ST N & 56TH AVE E,1,1,0,0,1,1,,,40,0,0,0,0,0,4,2,13
,2015_44657,0,0,8/21/2015 16:48,16:48,1,0,0,QUEBEC ST S & CHERRY CREEK DR E,1,1,1,0,1,1,,,35,0,0,0,0,0,4,2,13
,2015_44658,0,0,11/27/2015 18:15,18:15,1,0,0,QUEBEC WY S & MISSISSIPPI AVE E,4,3,0,2,1,2,,,25,0,0,0,0,0,4,2,3
,2015_44659,0,0,9/29/2015 6:36,6:36,3,0,0,15TH ST & TREMONT PL,1,1,0,0,1,1,,,30,0,0,0,0,0,4,2,13
,2015_44660,0,0,8/30/2015 20:15,20:15,15,0,0,17TH ST & WELTON ST,1,3,0,0,1,1,,,30,0,0,0,0,0,4,2,8
,2015_44661,0,0,11/23/2015 7:23,7:23,3,0,0,20TH ST & OSAGE ST N,1,1,0,0,1,1,,,35,0,0,0,0,0,4,2,14
,2015_44662,0,0,10/21/2015 14:40,14:40,3,0,1,26TH ST & STOUT ST,2,1,0,1,1,1,,,25,0,0,0,0,3,4,2,8
,2015_44663,0,0,10/29/2015 15:11,15:11,15,0,0,SANTA FE DR S & ALAMEDA AVE W,1,1,0,0,1,4,,,35,0,0,0,0,0,4,2,13
,2015_44664,0,0,9/23/2015 10:40,10:40,3,0,0,STAPLETON DR S & DAHLIA ST N,1,1,0,0,1,1,,,30,0,0,0,0,0,4,2,13
,2015_44665,0,0,11/25/2015 9:08,9:08,3,0,0,STAPLETON DR E & LEYDEN ST N,1,1,0,0,1,1,,,25,0,0,0,0,0,4,2,16
,2015_44666,0,0,10/13/2015 13:30,13:30,15,0,0,STOUT ST & 1600 BLK,1,1,0,0,1,4,,,30,0,0,0,0,0,4,2,13
,2015_44667,0,0,12/9/2015 16:18,16:18,3,0,0,STOUT ST & PARK AVE W,1,2,0,0,1,1,,,30,0,0,0,0,1,4,2,14
,2015_44668,0,0,10/12/2015 14:25,14:25,12,0,0,UNIVERSITY BLVD 000 BLK N & CHERRY CREEK DR N E,1,1,0,0,1,4,,,30,0,0,0,0,1,4,2,13
,2015_44669,0,0,3/12/2015 10:40,10:40,6,0,0,FAIRFAX ST & 3500 BLK N,1,1,0,0,1,4,,,25,0,0,0,0,0,4,2,13
,2015_44670,0,0,11/22/2015 11:11,11:11,15,0,0,VINE ST N & COLFAX AVE E,1,5,0,0,1,4,,,25,0,0,0,0,0,4,2,16
,2015_44671,0,0,12/24/2015 19:56,19:56,3,0,0,WENATCHEE ST N & 77TH AVE E,1,3,0,0,1,1,,,25,0,0,0,0,0,4,2,3
,2015_44672,0,0,12/17/2015 8:00,8:00,12,0,0,YALE AVE W & ZURICH CT S,5,1,1,0,1,1,,,25,0,0,0,0,0,4,2,13
,2015_44673,0,0,10/31/2015 13:40,13:40,12,0,0,YORK ST N & 14TH AVE E,1,1,0,0,1,4,,,30,0,0,0,0,1,4,2,16
,2015_44674,0,0,12/17/2015 15:05,15:05,3,0,0,YORK ST N & 26TH AVE E,4,1,0,0,1,1,,,30,0,0,0,0,0,4,2,8
,2015_44680,39.778006,-104.903404,5/5/2015 15:12,15:12,9,0,0,QUEBEC ST N & I-70,2,1,0,1,1,1,,,35,0,0,0,0,0,2,1,1
,2015_44685,0,0,3/27/2015 16:18,16:18,5,0,0,HOLLY ST S & E GILL PL,1,1,0,7,3,1,,,35,0,0,0,0,0,4,1,2
,2015_44729,0,0,2/13/2015 23:30,23:30,5,0,0,PLATTE RIVER DR 2400 BLK S & WESLEY AVE W,1,3,0,7,2,4,,,35,0,0,0,0,1,4,1,14
,2015_44744,0,0,4/28/2015 8:30,8:30,6,0,0,44TH AVE 100 E & LINCOLN ST,1,1,0,7,1,4,,,25,0,0,0,0,0,4,2,5
,2015_44752,39.720916,-104.940629,9/8/2015 14:10,14:10,1,0,0,COLORADO BLVD N & 3RD AVE E,1,1,1,0,1,1,,,35,0,0,0,0,0,2,2,13
,2015_44753,39.74372,-104.940608,10/12/2015 15:39,15:39,1,0,0,17TH AVE E & COLORADO BLVD N,1,1,1,0,1,1,,,35,0,0,0,0,0,2,2,13
,2015_44754,39.761878,-104.940511,11/17/2015 11:00,11:00,12,0,0,COLORADO BLVD N & MLK BLVD,2,1,0,0,1,3,,,35,0,0,0,0,0,2,2,7
,2015_44762,39.72542,-105.025174,8/18/2015 8:23,8:23,5,0,0,6TH AVE W & FEDERAL BLVD N,1,1,0,0,1,4,,,55,0,0,0,0,0,2,2,13
,2015_44782,39.690017,-104.973363,8/21/2015 16:45,16:45,12,0,0,I-25 & DOWNING ST S,1,1,0,0,1,4,,,60,0,0,0,0,0,1,2,14
,2015_44783,39.706359,-104.996335,9/25/2015 12:57,12:57,12,0,0,I-25 NB ON LOOP RAMP & SANTA FE DR S,1,1,0,0,1,8,,,45,0,0,0,0,0,1,2,13
,2015_44784,39.70817,-104.997289,11/10/2015 7:50,7:50,12,0,0,I-25 & ALAMEDA AVE W,1,1,0,0,1,4,,,55,0,0,0,0,0,1,2,16
,2015_44785,39.71124,-104.998918,10/22/2015 15:25,15:25,12,0,0,I-25 & ALAMEDA AVE W,1,1,0,0,1,4,,,55,0,0,0,0,0,1,2,3
,2015_44786,39.715575,-105.001637,8/22/2015 14:05,14:05,15,0,0,I-25 & ALAMEDA AVE W,2,1,0,1,1,4,,,55,0,0,0,0,0,1,2,3
,2015_44787,39.724909,-105.012637,9/8/2015 10:16,10:16,15,0,0,I-25 SB ON RAMP SPLIT PT & 6TH AVE W,1,1,0,0,1,8,,,25,0,0,0,0,0,1,2,13
,2015_44788,39.72543,-105.013021,8/18/2015 10:28,10:28,12,0,0,I-25 & 6TH AVE W,1,1,0,0,1,4,,,55,0,0,0,0,0,1,2,12
,2015_44790,39.72543,-105.013021,12/22/2015 5:45,5:45,15,0,0,I-25 & 6TH AVE W,1,3,0,0,1,4,,,55,0,0,0,0,0,1,2,13
,2015_44791,39.739012,-105.01385,11/4/2015 17:04,17:04,12,0,0,I-25 & COLFAX AVE W,1,3,0,0,1,4,,,55,0,0,0,0,1,1,2,16
,2015_44792,39.751291,-105.016572,8/4/2015 15:37,15:37,12,0,0,I-25 & 23RD AVE W,1,1,0,0,1,4,,,55,0,0,0,0,0,1,2,13
,2015_44804,39.711155,-105.022584,8/26/2015 15:05,15:05,3,0,0,ALAMEDA AVE W & DECATUR ST S,1,1,0,0,1,1,,,25,0,0,0,0,0,2,2,1
,2015_44823,39.740336,-105.015419,12/15/2015 11:37,11:37,3,0,0,I-25 SB OFF RAMP 'D' & COLFAX AVE W,5,1,0,2,1,1,,,35,0,0,0,0,0,2,2,14
,2015_44824,39.740051,-105.004656,10/28/2015 17:24,17:24,12,0,0,COLFAX AVE & OSAGE ST N,1,1,1,0,1,4,,,30,0,0,0,0,0,2,2,13
,2015_44825,39.740048,-104.999949,10/14/2015 18:14,18:14,15,0,0,COLFAX AVE W & KALAMATH,1,1,0,0,1,1,,,30,0,0,0,0,0,2,2,13
,2015_44826,39.7402,-104.988197,12/16/2015 9:34,9:34,12,0,0,COLFAX AVE W & 15TH ST,4,1,0,0,1,1,,,30,0,0,0,0,0,2,2,13
,2015_44827,39.74,-104.977603,10/24/2015 19:26,19:26,15,0,0,CLARKSON ST 1500 BLK N & COLFAX AVE E,1,3,0,0,1,3,,,30,0,0,0,0,0,2,2,13
,2015_44828,39.740002,-104.96702,10/12/2015 13:30,13:30,12,0,0,COLFAX AVE 1600 BLK & GILPIN ST N,1,1,0,0,1,4,,,35,0,0,0,0,0,2,2,2
,2015_44829,39.739974,-104.961015,10/22/2015 22:50,22:50,3,0,0,COLFAX AVE E & GAYLORD ST N,1,3,0,0,1,1,,,20,0,0,0,0,0,2,2,13
,2015_44830,39.740132,-104.943955,8/27/2015 8:45,8:45,10,0,0,COLFAX AVE E & GARFIELD ST,1,1,0,0,1,2,,,35,0,0,0,0,0,2,2,13
,2015_44859,39.783138,-105.006328,8/3/2015 16:16,16:16,5,0,0,I-70 & PECOS ST N,1,1,0,0,3,4,,,55,0,0,0,0,0,1,2,1
,2015_44860,39.783138,-105.006328,9/29/2015 8:00,8:00,12,0,0,I-70 & PECOS ST N,1,1,1,0,1,4,,,55,0,0,0,0,0,1,2,16
,2015_44861,39.783138,-105.006328,12/30/2015 14:52,14:52,15,0,0,48TH AVE W & PECOS ST N,1,1,0,0,1,6,,,20,0,0,0,0,0,1,2,13
,2015_44862,39.780052,-104.989434,9/17/2015 6:56,6:56,15,0,0,I-70 & I-25,1,1,0,0,1,4,,,55,0,0,0,0,0,1,2,13
,2015_44863,39.779718,-104.983523,9/24/2015 8:57,8:57,12,0,0,I-70 & GRANT ST N,1,1,0,0,1,4,,,45,0,0,0,0,0,1,2,8
,2015_44864,39.780022,-104.961664,7/2/2015 13:00,13:00,15,0,0,I-70 WB ON RAMP GORE PT & YORK ST N,1,1,0,0,1,4,,,55,0,0,0,0,0,1,2,10
,2015_44865,39.780016,-104.953558,12/8/2015 11:00,11:00,12,0,0,I-70 & VASQUEZ BLVD N,1,1,0,0,1,4,,,55,0,0,0,0,0,1,2,1
,2015_44866,39.779997,-104.949807,11/24/2015 10:43,10:43,12,0,0,I-70 & STEELE ST N,1,1,0,0,1,4,,,55,0,0,0,0,0,1,2,3
,2015_44867,39.779997,-104.949807,10/29/2015 6:25,6:25,12,0,0,I-70 & STEELE ST N,1,3,0,0,1,4,,,55,0,0,0,0,0,1,2,8
,2015_44868,39.779944,-104.940633,9/9/2015 9:59,9:59,15,0,0,I-70 & COLORADO BLVD N,1,1,0,0,1,4,,,55,0,0,0,0,0,1,2,1
,2015_44869,39.778271,-104.89681,8/18/2015 10:20,10:20,12,0,0,I-70 & I-270,1,1,0,0,1,4,,,55,0,0,0,0,1,1,2,13
,2015_44870,39.778033,-104.893221,12/6/2015 10:30,10:30,12,0,0,I-70 & I-270,1,1,1,0,1,4,,,55,0,0,0,0,1,1,2,1
,2015_44871,39.777111,-104.882643,9/25/2015 7:55,7:55,12,0,0,I-70 EB OFF RAMP & CENTRAL PARK BLVD N,1,1,0,0,1,8,,,35,0,0,0,0,0,1,2,13
,2015_44872,39.777095,-104.882471,10/5/2015 14:15,14:15,12,0,0,I-70 & CENTRAL PARK BLVD,1,1,0,0,1,4,,,55,0,0,0,0,0,1,2,14
,2015_44873,39.776937,-104.880747,8/17/2015 7:12,7:12,12,0,0,I-70 & CENTRAL PARK BLVD N,1,1,0,0,1,4,,,55,0,0,0,0,0,1,2,7
,2015_44874,39.776485,-104.87573,9/4/2015 12:38,12:38,12,0,0,I-70 & MM 280,1,1,1,0,1,4,,,55,0,0,0,0,0,1,2,13
,2015_44875,39.775623,-104.865778,10/30/2015 14:37,14:37,12,0,0,I-70 & HAVANA ST N,1,1,0,0,1,4,,,55,0,0,0,0,0,1,2,16
,2015_44876,39.77386,-104.845348,12/29/2015 6:35,6:35,12,0,0,I-70 WB OFF RAMP & PEORIA ST N,1,1,0,0,1,8,,,35,0,0,0,0,1,1,2,14
,2015_44889,39.697604,-104.900928,10/27/2015 15:20,15:20,1,0,1,PARKER RD S & 1060,1,1,1,0,1,2,,,40,0,0,0,0,2,2,2,7
,2015_44890,39.699236,-104.905299,9/18/2015 18:19,18:19,3,0,0,LEETSDALE DR & 7100 BLK,1,2,0,0,1,2,,,35,0,0,0,0,0,2,2,13
,2015_44908,39.679174,-105.053262,10/23/2015 18:38,18:38,1,0,0,EVANS AVE W & SHERIDAN BLVD S,1,2,0,0,1,1,,,10,0,0,0,0,0,2,2,13
,2015_44909,39.679174,-105.053262,11/3/2015 17:26,17:26,3,0,0,EVANS AVE W & SHERIDAN BLVD,1,1,0,0,1,1,,,45,0,0,0,0,0,2,2,7
,2015_44912,39.733137,-105.053226,8/20/2015 9:37,9:37,12,0,0,SHERIDAN BLVD 900 BLK N & 10TH AVE W,1,1,0,0,1,1,,,30,0,0,0,0,0,2,2,14
,2015_44925,39.614558,-105.091147,8/20/2015 17:10,17:10,1,0,1,WADSWORTH BLVD S & CROSS DR W,1,1,0,0,1,2,,,45,0,0,0,0,2,2,2,8
,2015_44926,39.629865,-105.087057,8/21/2015 7:15,7:15,12,0,0,WADSWORTH BLVD S & LAYTON AVE W,1,1,0,0,1,1,,,45,0,0,0,0,0,2,2,3
,2015_44951,39.780804,-104.966749,9/22/2015 7:54,7:54,12,0,0,46TH AVE E & BRIGHTON BLVD N,1,1,0,0,1,3,,,30,0,0,0,0,0,2,2,13
,2015_44953,39.784754,-104.902082,11/24/2015 2:22,2:22,12,0,2,I-270 & QUEBEC ST,1,4,0,1,1,4,,,55,0,0,0,0,3,1,2,5
,2015_44954,39.778382,-104.896877,8/26/2015 14:03,14:03,12,0,0,I-270 EB DIRECT CONNECT & I-70,1,1,1,0,1,4,,,55,0,0,0,0,1,1,2,13
,2015_44955,39.776962,-104.886016,10/29/2015 18:15,18:15,12,0,0,I-270/I-70 EB RAMP SPLIT & CENTRAL PARK BLVD,1,3,0,7,1,8,,,55,0,0,0,0,1,1,2,14
,2015_44964,39.652996,-104.92416,9/18/2015 11:25,11:25,12,0,0,HAMPDEN AVE E & HUDSON ST S,1,1,1,0,1,3,,,40,0,0,0,0,0,2,2,13
,2015_44965,39.75355,-105.025127,8/27/2015 14:10,14:10,12,0,0,25TH AVE W & FEDERAL BLVD N,1,1,0,0,1,1,,,30,0,0,0,0,1,2,2,13
,2015_44966,39.770229,-105.025234,9/10/2015 9:16,9:16,12,0,0,FEDERAL BLVD N & DENVER PL W,1,1,0,0,1,1,,,35,0,0,0,0,0,2,2,14
,2015_45077,0,0,10/10/2015 19:06,19:06,3,0,0,1ST AVE E & DOWNING ST N,1,3,0,0,1,1,,,30,0,0,0,0,0,4,2,13
,2015_45078,0,0,9/22/2015 16:48,16:48,12,0,0,1ST AVE 2400 BLK E & UNIVERSITY BLVD S,1,1,0,0,1,1,,,35,0,0,0,0,0,4,2,14
,2015_45079,0,0,9/22/2015 15:32,15:32,3,0,0,3RD AVE E & LINCOLN ST N,1,1,0,0,1,1,,,30,0,0,0,0,0,4,2,13
,2015_45080,0,0,12/30/2015 14:37,14:37,10,0,0,6TH AVE E & HIGH ST N,1,1,0,0,1,1,,,30,0,0,0,0,0,4,2,8
,2015_45081,0,0,6/28/2015 3:15,3:15,15,0,0,6TH AVE (NON-CDOT) & I-25,1,3,0,0,1,4,,,45,0,0,0,0,0,4,2,13
,2015_45082,0,0,12/14/2015 16:15,16:15,12,0,0,8TH AVE 4300 BLK E & BELLAIRE ST N,1,1,0,0,1,4,,,30,0,0,0,0,0,4,2,3
,2015_45083,0,0,12/16/2015 13:35,13:35,15,0,0,8TH AVE W & N CANOSA CT,2,1,1,0,1,1,,,30,0,0,0,0,0,4,2,13
,2015_45084,0,0,8/15/2015 11:29,11:29,15,0,0,13TH AVE 20 BLK W & CHEROKEE ST N,1,1,0,0,1,4,,,30,0,0,0,0,0,4,2,13
,2015_45085,0,0,10/28/2015 15:39,15:39,3,0,0,14TH AVE E & JACKSON ST N,1,1,0,0,1,1,,,25,0,0,0,0,0,4,2,13
,2015_45086,0,0,12/29/2015 13:05,13:05,3,0,0,14TH AVE E & LAFAYETTE ST N,1,1,0,0,1,1,,,30,0,0,0,0,0,4,2,7
,2015_45087,0,0,12/30/2015 17:15,17:15,3,0,0,14TH AVE W & PERRY ST N,1,3,0,0,1,1,,,25,0,0,0,0,0,4,2,13
,2015_45088,0,0,9/30/2015 15:06,15:06,10,0,0,14TH AVE 8600 BLK E & WILLOW ST N,1,1,0,0,1,1,,,30,0,0,0,0,0,4,2,7
,2015_45090,0,0,9/4/2015 11:30,11:30,15,0,0,18TH AVE & 100 BLK E,1,1,0,0,1,4,,,25,0,0,0,0,0,4,2,13
,2015_45091,0,0,11/25/2015 17:23,17:23,10,0,0,18TH AVE E & BROADWAY N,1,3,0,0,1,1,,,30,0,0,0,0,0,4,2,8
,2015_45092,0,0,12/16/2015 9:05,9:05,12,0,0,18TH AVE 300 BLK E & SHERMAN ST N,4,1,0,0,1,1,,,30,0,0,0,0,1,4,2,14
,2015_45093,0,0,10/30/2015 9:00,9:00,3,0,0,29TH AVE & 2100 BLK W,1,1,0,0,1,5,,,35,0,0,0,0,1,4,2,14
,2015_45094,0,0,11/16/2015 8:08,8:08,12,0,0,36TH AVE E & KEARNEY ST N,1,1,0,0,1,3,,,25,0,0,0,0,1,4,2,16
,2015_45095,0,0,1/23/2015 16:31,16:31,11,0,0,6TH AVE W & DELAWARE ST N,1,1,0,0,1,1,,,,0,1,0,0,1,4,2,13
,2015_45096,0,0,8/24/2015 14:00,14:00,3,0,1,37TH AVE W & IRVING ST N,1,1,0,0,1,1,,,25,0,0,0,0,2,4,3,3
,2015_45097,0,0,9/29/2015 8:59,8:59,3,0,0,38TH AVE W & BRYANT ST N,1,1,0,0,1,1,,,35,0,0,0,0,1,4,2,14
,2015_45098,0,0,8/17/2015 18:49,18:49,3,0,0,38TH AVE E & MONACO ST N,1,1,0,7,1,1,,,30,0,0,0,0,0,4,2,16
,2015_45099,0,0,10/30/2015 16:08,16:08,3,0,0,38TH AVE E & OLIVE ST N,1,1,0,0,1,1,,,25,0,0,0,0,0,4,2,3
,2015_45100,0,0,8/21/2015 19:40,19:40,1,0,0,38TH AVE W & ZUNI ST N,1,1,0,7,1,1,,,30,0,0,0,0,0,4,2,16
,2015_45101,0,0,12/17/2015 21:00,21:00,15,0,0,40TH AVE E & STEELE ST N,1,3,0,0,1,1,,,30,0,0,0,0,0,4,2,3
,2015_45102,0,0,9/9/2015 18:50,18:50,3,0,0,41ST AVE W & LOWELL BLVD N,1,1,1,0,1,1,,,35,0,0,0,0,1,4,2,13
,2015_45103,0,0,10/31/2015 15:55,15:55,12,0,0,45TH AVE 18500 BLK E & TOWER RD N,1,1,0,0,1,4,,,25,0,0,0,0,0,4,2,4
,2015_45104,0,0,10/24/2015 12:20,12:20,10,0,0,48TH AVE W & BANNOCK ST N,1,1,0,0,1,1,,,35,0,0,0,0,0,4,2,7
,2015_45106,0,0,11/24/2015 15:22,15:22,1,0,1,48TH AVE W & OSAGE ST N,1,1,1,0,1,1,,,35,0,0,0,0,2,4,2,16
,2015_45107,0,0,11/7/2015 18:18,18:18,15,0,0,6TH AVE W & KALAMATH ST N,1,3,0,0,1,1,,,30,0,0,0,0,0,4,2,3
,2015_45108,0,0,8/27/2015 8:35,8:35,10,0,0,78TH AVE 23500 BLK E & GUN CLUB RD,1,1,0,0,1,2,,,45,0,0,0,0,0,4,2,8
,2015_45109,0,0,8/25/2015 7:20,7:20,12,0,0,ALAMEDA AVE 6600 BLK E & MONACO PKWY S,1,1,0,0,1,4,,,35,0,0,0,0,0,4,2,13
,2015_45110,0,0,12/21/2015 11:30,11:30,12,0,0,ARAPAHOE ST 1900 BLK & 19TH ST,1,1,0,0,1,4,,,25,0,0,0,0,0,4,2,3
,2015_45111,0,0,11/16/2015 10:04,10:04,15,0,0,BROADWAY S & MISSISSIPPI AVE E,1,1,0,0,1,4,,,30,0,0,0,0,0,4,2,16
,2015_45112,0,0,12/30/2015 9:26,9:26,3,0,0,CHAMPA ST N & 32ND ST E,8,1,0,0,1,1,,,30,0,0,0,0,0,4,2,13
,2015_45113,0,0,9/8/2015 14:46,14:46,6,0,0,CHERRY CREEK DR N 6300 BL & KEARNEY ST S,1,1,0,0,1,1,,,35,0,0,0,0,0,4,2,13
,2015_45114,0,0,11/25/2015 17:15,17:15,12,0,0,CLAY ST S & JEWELL AVE W,1,4,0,0,1,3,,,25,0,0,0,0,0,4,2,12
,2015_45115,0,0,10/18/2015 10:25,10:25,12,0,0,DAKOTA AVE E & BROADWAY ST S,1,1,0,0,1,1,,,35,0,0,0,0,0,4,2,14
,2015_45116,0,0,12/17/2015 19:20,19:20,1,0,0,DAYTON WAY 2600 BLK S & VASSAR DR E,4,3,0,0,1,2,,,25,0,0,0,0,0,4,2,1
,2015_45117,0,0,11/9/2015 17:25,17:25,12,0,0,DOWNING ST S & ELLSWORTH AVE E,1,2,0,0,1,4,,,30,0,0,0,0,0,4,2,12
,2015_45118,0,0,10/24/2015 8:45,8:45,10,0,0,EVANS AVE 4000 BLK W & QUITMAN ST S,1,1,0,0,1,4,,,35,0,0,0,0,0,4,2,7
,2015_45119,0,0,11/9/2015 17:18,17:18,3,0,0,EXPOSITION AVE E & QUEBEC ST S,1,3,0,0,1,1,,,25,0,0,0,0,0,4,2,13
,2015_45121,0,0,10/23/2015 10:20,10:20,12,0,0,FILLMORE ST 1800 BLK S & COLORADO AVE E,1,1,1,0,1,4,,,25,0,0,0,0,0,4,2,13
,2015_45122,0,0,12/9/2015 14:05,14:05,3,0,0,GILPIN ST S & WESLEY AVE E,1,1,0,0,1,1,,,25,0,0,0,0,0,4,2,13
,2015_45123,0,0,9/15/2015 7:30,7:30,12,0,0,GVR BLVD E & KITTREDGE ST N,1,1,0,0,1,2,,,40,0,0,0,0,0,4,2,7
,2015_45124,0,0,8/31/2015 8:10,8:10,3,0,0,HUDSON ST N & 23RD AVE E,1,1,0,0,1,1,,,30,0,0,0,0,0,4,2,13
,2015_45125,0,0,9/18/2015 15:51,15:51,10,0,0,JASON ST S & EVANS AVE W,1,1,0,0,1,1,,,25,0,0,0,0,0,4,2,1
,2015_45126,0,0,10/21/2015 8:04,8:04,12,0,0,JERICHO ST 4100 BLK N & 41ST AVE E,2,1,0,1,1,1,,,20,0,0,0,0,0,4,2,13
,2015_45127,0,0,12/18/2015 15:26,15:26,12,0,0,JOSEPHINE ST N & 43RD AVE E,1,1,0,0,1,1,,,35,0,0,0,0,0,4,2,13
,2015_45128,0,0,10/8/2015 17:35,17:35,12,0,0,LINCOLN ST N & 16TH AVE E,1,1,0,0,1,4,,,30,0,0,0,0,0,4,2,1
,2015_45129,0,0,12/29/2015 15:22,15:22,3,0,2,LINCOLN ST S & VIRGINIA AVE E,1,1,0,0,1,1,,,30,0,0,0,0,2,4,2,14
,2015_45130,0,0,8/21/2015 14:35,14:35,3,0,0,LOGAN ST N & 13TH AVE E,1,1,0,7,1,1,,,30,0,0,0,0,1,4,2,16
,2015_45131,0,0,11/20/2015 15:43,15:43,6,0,1,LOWELL BLVD & 5100 BLK N,1,1,1,1,1,4,,,30,0,0,0,0,2,4,2,16
,2015_45132,0,0,9/22/2015 19:05,19:05,3,0,0,MISSISSIPPI AVE W & TEJON ST S,1,4,0,0,1,2,,,35,0,0,0,0,0,4,2,13
,2015_45133,0,0,11/21/2015 9:30,9:30,15,0,0,MONTVIEW BLVD E & VALENTIA ST N,5,1,0,0,1,1,,,30,0,0,0,0,0,4,2,16
,2015_45134,0,0,11/18/2015 10:50,10:50,3,0,0,PARK AVE W & DELGANY ST,1,1,0,0,1,1,,,35,0,0,0,0,0,4,2,12
,2015_45136,0,0,9/6/2015 19:04,19:04,15,0,0,PARK AVE W & LARIMER ST,1,1,0,0,1,3,,,30,0,0,0,0,0,4,2,13
,2015_45137,0,0,9/17/2015 7:07,7:07,1,0,0,PECOS ST N & 44TH AVE W,1,1,0,0,1,1,,,35,0,0,0,0,0,4,2,14
,2015_45138,0,0,10/23/2015 14:35,14:35,12,0,0,PENA BLVD 6900 BLK & 56TH AVE E,1,1,0,0,1,4,,,55,0,0,0,0,1,4,2,2
,2015_45139,0,0,11/20/2015 16:15,16:15,12,0,0,SPEER BLVD & 1300 BLK N,2,2,1,0,1,4,,,25,0,0,0,0,0,4,2,14
,2015_45140,0,0,12/4/2015 3:05,3:05,15,0,0,SPEER BLVD N & LAWRENCE ST,1,3,0,7,1,1,,,35,0,0,0,0,0,4,2,13
,2015_45141,0,0,12/27/2015 15:19,15:19,12,0,0,SPEER BLVD 1900 BLK N & WEWATTA ST,1,1,1,0,1,4,,,35,0,0,0,0,0,4,2,3
,2015_45142,0,0,12/1/2015 8:12,8:12,12,0,0,STAPLETON DR E & HOLLY ST N,8,1,0,0,1,1,,,40,0,0,0,0,0,4,2,13
,2015_45143,0,0,12/27/2015 22:30,22:30,3,0,0,STOUT ST & 15TH ST,1,3,0,0,1,1,,,30,0,0,0,0,0,4,2,2
,2015_45144,0,0,12/16/2015 14:30,14:30,3,0,0,TEJON ST N & 32ND AVE W,2,1,1,0,1,1,,,30,0,0,0,0,0,4,2,13
,2015_45145,0,0,9/5/2015 13:50,13:50,15,0,0,TOWER RD N & 69TH AVE E,1,1,0,0,1,4,,,45,0,0,0,0,0,4,2,8
,2015_45146,0,0,10/15/2015 17:15,17:15,15,0,0,TOWER RD N & PENA BLVD,1,1,0,0,1,3,,,45,0,0,0,0,0,4,2,13
,2015_45147,0,0,12/4/2015 22:02,22:02,15,0,0,TREMONT PL 1400 BLK & 14TH ST,1,3,1,0,1,1,,,35,0,0,0,0,0,4,2,8
,2015_45148,0,0,10/20/2015 12:28,12:28,3,0,0,WASHINGTON ST N & 45TH AVE E,1,1,1,0,1,1,,,35,0,0,0,0,0,4,2,13
,2015_45149,0,0,11/19/2015 19:10,19:10,3,0,0,WESLEY AVE W & DECATUR ST S,1,3,0,0,1,1,,,25,0,0,0,0,0,4,2,3
,2015_45151,0,0,10/28/2015 13:51,13:51,3,0,0,WESLEY AVE E & UNIVERSITY BLVD S,1,1,0,0,1,1,,,25,0,0,0,0,0,4,2,13
,2015_45152,0,0,7/8/2015 5:00,5:00,6,0,0,7TH AVE & 3400 BLK W,1,3,0,7,1,4,,,30,0,0,0,0,0,4,2,16
,2015_45153,0,0,9/4/2015 16:37,16:37,1,0,0,YALE AVE E & DAHLIA ST S,1,1,0,0,1,1,,,35,0,0,0,0,0,4,2,3
,2015_45154,0,0,10/2/2015 18:21,18:21,12,0,0,YALE AVE 6600 BLK E & MONACO PKWY S,1,2,0,0,1,3,,,35,0,0,0,0,0,4,2,7
,2015_45155,0,0,8/28/2015 12:14,12:14,12,0,0,YORK ST N & 48TH AVE E,1,1,0,0,1,1,,,25,0,0,0,0,0,4,2,4
,2015_45156,0,0,10/29/2015 9:10,9:10,3,0,0,YOSEMITE WAY N & LOERY BLVD E,1,1,0,0,1,1,,,10,0,0,0,0,0,4,2,1
,2015_45216,39.680122,-104.94064,11/19/2015 7:08,7:08,3,0,0,COLORADO BLVD S & BUCHTEL BLVD E,1,1,0,0,1,1,,,35,0,0,0,0,0,2,2,8
,2015_45217,39.729182,-104.940625,9/30/2015 10:53,10:53,15,0,0,COLORADO BLVD N & 8TH AVE E,1,1,0,0,1,1,,,35,0,0,0,0,0,2,2,13
,2015_45218,39.731044,-104.940623,8/17/2015 8:10,8:10,12,0,0,COLORADO BLVD & 9TH AVE E,1,1,0,0,1,4,,,35,0,0,0,0,1,2,2,7
,2015_45219,39.738302,-104.940614,9/29/2015 13:46,13:46,12,0,0,COLORADO BLVD 1400 BLK N & 14TH AVE E,1,1,0,0,1,3,,,30,0,0,0,0,0,2,2,13
,2015_45220,39.744162,-104.940607,11/19/2015 9:45,9:45,12,0,0,COLORADO BLVD & 1700 BLK N,1,1,1,0,1,4,,,35,0,0,0,0,0,2,2,3