id,drcog_id,latitude,longitude,crashtime,time,crashtype,numbkilled,numbinjurd,drcoglocat,rdconditin,lightngcon,roadcntgrd,weatherco,location,roaddescrp,schoolzone,constrzone,splimit,bikeinv,pedinv,sctrinv,motoinv,svrty,rdsystem,ttlvehcls,hcf
,2015_45221,39.749244,-104.940601,10/23/2015 15:23,15:23,12,0,0,COLORADO BLVD & 22ND AVE E,1,1,0,0,1,1,,,35,0,0,0,0,1,2,2,13
,2015_45222,39.754512,-104.940549,9/18/2015 12:44,12:44,3,0,0,26TH AVE E & COLORADO BLVD N,1,1,0,0,1,1,,,40,0,0,0,0,0,2,2,13
,2015_45226,39.725457,-105.032462,8/17/2015 16:20,16:20,5,0,0,6TH AVE W & KNOX CT N,1,1,0,0,1,4,,,55,0,0,0,0,0,2,2,13
,2015_45227,39.780043,-104.949712,12/19/2015 0:47,0:47,12,0,0,STEELE ST N & E 46TH AVE,5,3,0,0,1,1,,,30,0,0,0,0,0,2,2,14
,2015_45246,39.632827,-104.906186,11/16/2015 17:09,17:09,12,0,0,I-25 & I-225 FLYOVER,2,3,1,1,1,4,,,60,0,0,0,0,0,1,2,7
,2015_45247,39.652864,-104.918141,9/14/2015 16:32,16:32,12,0,1,I-25 SB ON RAMP & HAMPDEN AVE E,1,1,0,0,1,8,,,60,0,0,0,0,2,1,2,13
,2015_45248,39.701251,-104.987199,10/11/2015 1:23,1:23,10,0,0,LINCOLN ST S & OHIO AVE E,1,3,0,0,1,1,,,35,0,0,0,0,0,1,2,13
,2015_45249,39.701452,-104.987435,9/1/2015 5:55,5:55,1,0,0,BROADWAY S & I-25 SB RAMPS,1,2,0,0,1,1,,,35,0,0,0,0,1,1,2,13
,2015_45250,39.711855,-104.999283,10/3/2015 18:50,18:50,12,0,0,I-25 & ALAMEDA AVE W,1,2,0,0,1,4,,,55,0,0,0,0,0,1,2,13
,2015_45251,39.713064,-105.000002,12/18/2015 8:17,8:17,15,0,0,I-25 & CEDAR AVE W & KALAMATH ST S,1,1,0,0,1,4,,,55,0,0,0,0,0,1,2,7
,2015_45252,39.729334,-105.014821,10/24/2015 15:45,15:45,12,0,0,I-25 & 8TH AVE W,1,1,0,0,1,4,,,55,0,0,0,0,0,1,2,16
,2015_45253,39.74035,-105.013939,10/5/2015 14:38,14:38,12,0,0,I-25 & COLFAX AVE,1,1,0,0,1,4,,,55,0,0,0,0,0,1,2,13
,2015_45254,39.74035,-105.013939,10/28/2015 16:20,16:20,12,0,0,I-25 & COLFAX AVE W,1,1,1,0,1,4,,,55,0,0,0,0,0,1,2,16
,2015_45255,39.749837,-105.017199,12/19/2015 17:55,17:55,12,0,0,I-25 & 23RD AVE W NB EXIT GORE PT,9,3,0,0,1,4,,,55,0,0,0,0,1,1,2,13
,2015_45256,39.755141,-105.012706,10/23/2015 15:29,15:29,12,0,0,I-25 & SPEER BLVD,1,1,0,0,1,4,,,55,0,0,0,0,0,1,2,13
,2015_45257,39.759569,-105.006537,12/15/2015 10:50,10:50,15,0,0,I-25 & 20TH ST,5,1,0,2,1,4,,,55,0,0,0,0,0,1,2,16
,2015_45258,39.787403,-104.989105,10/9/2015 8:00,8:00,12,0,0,I-25 & 50TH AVE (NOT IN CORI,1,1,0,0,1,4,,,55,0,0,0,0,0,1,2,3
,2015_45269,39.653078,-104.909406,10/23/2015 8:20,8:20,12,0,1,HAMPDEN AVE 6800 BLK E & ONEIDA WAY S,1,1,0,0,1,3,,,40,0,0,0,0,2,2,2,1
,2015_45270,39.65302,-104.875567,8/28/2015 19:02,19:02,12,0,0,HAMPDEN AVE E & DAYTON ST S,1,1,0,0,1,1,,,45,0,0,0,0,0,2,2,3
,2015_45271,39.656992,-104.866396,8/31/2015 21:15,21:15,12,0,0,HAVANA ST S & GIRARD AVE E,1,3,0,0,1,1,,,35,0,0,0,0,0,2,2,3
,2015_45272,39.670857,-104.866047,9/9/2015 10:25,10:25,15,0,0,HAVANA ST S & PARKER RD S,1,1,1,0,1,3,,,45,0,0,0,0,0,2,2,3
,2015_45281,39.778885,-104.903403,12/14/2015 9:20,9:20,15,0,0,QUEBEC ST N & I-70,1,1,1,0,1,4,,,40,0,0,0,0,0,2,2,7
,2015_45282,39.782571,-104.901126,8/26/2015 12:45,12:45,15,0,0,NORTHFIELD QUEBEC ST N & I-270 WB OFF SLIP RAM,1,1,0,0,1,1,,,40,0,0,0,0,0,2,2,13
,2015_45299,39.740336,-105.015419,9/16/2015 18:40,18:40,12,0,0,COLFAX AVE W & I-25 SB OFF RAMP 'D',1,1,0,7,1,1,,,35,0,0,0,0,1,2,2,13
,2015_45300,39.740038,-104.983208,10/23/2015 14:05,14:05,15,0,0,COLFAX AVE 300 BLK E & GRANT ST,1,1,0,0,1,4,,,30,0,0,0,0,0,2,2,13
,2015_45301,39.739986,-104.963455,11/7/2015 9:00,9:00,1,0,1,COLFAX AVE E & RACE ST N,1,1,0,0,1,1,,,30,0,0,0,0,2,2,2,3
,2015_45302,39.739983,-104.959843,8/28/2015 14:14,14:14,10,0,0,COLFAX AVE 2300 BLK E & YORK ST N,1,1,0,0,1,1,,,30,0,0,0,0,1,2,2,8
,2015_45303,39.74014,-104.958565,9/25/2015 12:11,12:11,12,0,0,COLFAX AVE E & JOSEPHINE ST N,1,1,0,0,1,3,,,35,0,0,0,0,0,2,2,13
,2015_45304,39.740159,-104.95349,12/17/2015 16:38,16:38,1,0,0,COLFAX AVE E & FILLMORE ST N (RD N),5,2,0,0,1,1,,,35,0,0,0,0,0,2,2,13
,2015_45305,39.740085,-104.890588,12/17/2015 11:45,11:45,15,0,0,COLFAX AVE E & VERBENA ST N,5,1,0,0,1,1,,,20,0,0,0,0,0,2,2,7
,2015_45326,39.783135,-105.006547,11/30/2015 15:55,15:55,12,0,0,I-70 & PECOS ST WB ENT GORE,9,2,1,0,1,4,,,55,0,0,0,0,0,1,2,3
,2015_45327,39.783138,-105.006328,9/9/2015 8:52,8:52,12,0,0,I-70 & PECOS ST N,1,1,1,0,1,4,,,55,0,0,0,0,0,1,2,1
,2015_45328,39.783138,-105.006328,12/2/2015 17:50,17:50,12,0,0,I-70 & PECOS ST N,1,2,1,0,1,4,,,55,0,0,0,0,0,1,2,13
,2015_45329,39.779895,-104.967089,10/30/2015 7:48,7:48,12,0,0,I-70 & BRIGHTON BLVD N,1,1,0,0,1,4,,,55,0,0,0,0,0,1,2,16
,2015_45330,39.780014,-104.958231,8/19/2015 17:27,17:27,3,0,0,46TH AVE FRONTAGE RD & JOSEPHINE ST,1,1,0,0,1,1,,,30,0,0,0,0,0,4,2,12
,2015_45331,39.779946,-104.940965,9/2/2015 7:40,7:40,12,0,0,I-70 & COLORADO BLVD N,1,1,0,0,1,4,,,55,0,0,0,0,1,1,2,3
,2015_45332,39.778287,-104.912805,12/21/2015 8:52,8:52,15,0,0,I-70 & MONACO ST N,1,5,0,0,1,4,,,55,0,0,0,0,0,1,2,1
,2015_45333,39.778298,-104.897995,12/15/2015 9:15,9:15,12,0,0,I-70 & NORTHFIELD QUEBEC ST,4,1,0,2,1,4,,,55,0,0,0,0,0,1,2,13
,2015_45334,39.778282,-104.896979,10/13/2015 17:15,17:15,12,0,0,I-70 & I-270,1,1,0,0,1,4,,,55,0,0,0,0,1,1,2,16
,2015_45335,39.777095,-104.882471,8/25/2015 20:19,20:19,1,0,0,CENTRAL PARK BLVD N & I-70,1,3,0,0,1,1,,,35,0,0,0,0,0,1,2,13
,2015_45336,39.774005,-104.847034,9/10/2015 8:13,8:13,12,0,0,I-70 & PEORIA ST N,1,1,1,0,1,4,,,55,0,0,0,0,0,1,2,7
,2015_45338,39.774005,-104.847034,10/8/2015 14:41,14:41,15,0,0,I-70 & PEORIA ST N,1,1,1,0,1,4,,,35,0,0,0,0,0,1,2,13
,2015_45339,39.774005,-104.847034,9/8/2015 8:30,8:30,10,0,0,PEORIA ST N & I-70 WB RAMPS,1,1,0,0,1,1,,,30,0,0,0,0,1,1,2,7
,2015_45340,39.773492,-104.841025,10/23/2015 10:00,10:00,15,0,1,I-70 & SALEM ST N (NOT IN CORIS),1,1,0,0,1,4,,,55,0,0,0,0,3,1,2,16
,2015_45365,39.692553,-104.992451,9/15/2015 8:35,8:35,15,0,0,SANTA FE DR 1300 BLK S & FLORIDA AVE W,1,1,0,0,1,4,,,45,0,0,0,0,0,2,2,13
,2015_45366,39.707907,-104.996276,9/30/2015 10:14,10:14,12,0,0,SANTA FE DR & 500 BLK S,1,1,0,0,1,4,,,25,0,0,0,0,0,2,2,14
,2015_45368,39.725493,-105.025119,9/8/2015 18:30,18:30,3,0,0,FEDERAL BLVD N & 6TH AVE W,1,1,0,0,1,1,,,25,0,0,0,0,0,2,2,8
,2015_45369,39.689552,-105.02506,9/1/2015 7:40,7:40,1,0,1,FLORIDA AVE W & FEDERAL BLVD S,1,1,1,0,1,1,,,35,0,0,0,0,2,2,2,7
,2015_45370,39.68895,-105.025053,11/29/2015 17:20,17:20,12,0,0,FEDERAL BLVD S & FLORIDA AVE W,1,3,0,0,1,4,,,35,0,0,0,0,0,2,2,3
,2015_45371,39.687125,-105.025031,12/17/2015 8:00,8:00,15,0,0,FEDERAL BLVD S & IOWA AVE W,5,1,1,0,1,4,,,40,0,0,0,0,0,2,2,1
,2015_45372,39.667681,-105.025108,9/23/2015 6:55,6:55,12,0,0,FEDERAL BLVD S & YALE AVE W,1,1,0,0,1,1,,,40,0,0,0,0,0,2,2,13
,2015_45384,39.653374,-105.053079,12/7/2015 11:30,11:30,12,0,0,SHERIDAN BLVD S & HAMPDEN AVE W,1,1,1,0,1,1,,,40,0,0,0,0,0,2,2,13
,2015_45385,39.655522,-105.053215,12/17/2015 13:23,13:23,15,0,0,SHERIDAN BLVD 3100 BLK S & DARTMOUTH AVE W,4,1,0,0,1,4,,,35,0,0,0,0,0,2,2,14
,2015_45386,39.656175,-105.053223,8/28/2015 11:20,11:20,12,0,0,SHERIDAN BLVD S & DARTMOUTH AVE W,1,1,1,0,1,1,,,45,0,0,0,0,0,2,2,3
,2015_45402,39.624104,-105.09105,12/12/2015 14:25,14:25,12,0,0,WADSWORTH BLVD S & BELLEVIEW AVE W,4,1,0,2,1,1,,,45,0,0,0,0,0,2,2,14
,2015_45430,39.635523,-104.89346,8/26/2015 17:20,17:20,12,0,0,DTC BLVD 4500 BLK S & I-225 NB RAMPS,1,1,0,0,1,1,,,40,0,0,0,0,0,1,2,13
,2015_45436,39.780804,-104.966749,9/11/2015 8:26,8:26,15,0,0,BRIGHTON BLVD & 46TH AVE E,1,1,1,0,1,4,,,35,0,0,0,0,0,2,2,13
,2015_45438,39.652978,-104.919053,10/28/2015 18:17,18:17,12,0,0,I-25 SB RAMPS & HAMPDEN AVE E,1,1,1,0,1,1,,,35,0,0,0,0,0,2,2,13
,2015_45439,39.787289,-105.025222,12/4/2015 15:40,15:40,3,0,0,FEDERAL BLVD N & 50TH AVE W,1,1,0,0,1,2,,,35,0,0,0,0,1,2,2,13
,2015_45562,0,0,11/10/2015 11:56,11:56,15,0,0,1ST AVE E 3000 BLK & ST PAUL ST N,1,1,0,0,1,4,,,35,0,0,0,0,0,4,2,13
,2015_45563,0,0,8/27/2015 19:00,19:00,12,0,0,3RD AVE E & BROADWAY ST N,1,3,0,0,1,3,,,30,0,0,0,0,1,4,2,4
,2015_45564,0,0,10/2/2015 12:30,12:30,3,0,0,7TH AVE E & BIRCH ST N,1,1,0,0,1,1,,,20,0,0,0,0,0,4,2,7
,2015_45565,0,0,11/28/2015 10:24,10:24,3,0,1,8TH AVE E & JOSEPHINE ST N,1,1,0,0,1,1,,,30,0,0,0,0,2,4,2,16
,2015_45566,0,0,10/23/2015 10:35,10:35,6,0,0,9TH AVE 1000 BLK E & CORONA ST N,1,1,0,0,1,4,,,30,0,0,0,0,0,4,2,13
,2015_45567,0,0,8/27/2015 9:28,9:28,1,0,0,11TH AVE E & BROADWAY ST N,1,1,1,0,1,1,,,25,0,0,0,0,1,4,2,13
,2015_45568,0,0,12/18/2015 11:56,11:56,1,0,0,12TH AVE & 3200 BLK W,4,1,1,0,1,5,,,25,0,0,0,0,0,4,2,13
,2015_45569,0,0,9/18/2015 6:24,6:24,12,0,0,12TH AVE W & KALAMATH ST N,1,1,0,0,1,1,,,35,0,0,0,0,0,4,2,3
,2015_45570,0,0,10/2/2015 23:14,23:14,10,0,0,14TH AVE E & GARFIELD ST N,1,3,0,0,1,1,,,30,0,0,0,0,0,4,2,8
,2015_45571,0,0,8/17/2015 11:23,11:23,6,0,0,17TH AVE W & PERRY ST N,1,1,0,0,1,1,,,35,0,0,0,0,0,4,2,14
,2015_45572,0,0,8/13/2015 22:38,22:38,6,0,0,BLAKE ST 2200 BLK & PARK AVE W,1,3,0,7,1,4,,,,0,0,0,0,0,4,2,16
,2015_45573,0,0,10/31/2015 20:10,20:10,3,0,0,18TH AVE E & RACE ST N,1,3,0,0,1,1,,,25,0,0,0,0,0,4,2,16
,2015_45574,0,0,11/11/2015 7:30,7:30,3,0,0,22ND AVE E & HIGH ST,2,1,0,2,1,1,,,25,0,0,0,0,0,4,2,13
,2015_45575,0,0,8/22/2015 23:10,23:10,12,0,0,29TH AVE 3300 BLK W & IRVING ST N,1,3,0,7,1,3,,,30,0,0,0,0,0,4,2,2
,2015_45576,0,0,11/3/2015 17:53,17:53,12,0,0,29TH AVE W & KING ST N,1,3,0,0,1,1,,,30,0,0,0,0,1,4,2,5
,2015_45577,0,0,8/31/2015 17:33,17:33,12,0,0,38TH AVE W & OSCEOLA ST N,1,1,0,0,1,1,,,35,0,0,0,0,0,4,2,12
,2015_45578,0,0,9/9/2015 17:07,17:07,12,0,0,56TH AVE E & REVERE ST N,1,1,1,0,1,1,,,35,0,0,0,0,0,4,2,12
,2015_45579,0,0,11/5/2015 20:40,20:40,3,0,0,75TH AVE E & ELK ST N,1,3,0,0,1,1,,,45,0,0,0,0,0,4,2,8
,2015_45580,0,0,11/11/2015 12:20,12:20,15,0,0,13TH AVE E & QUEBEC ST N,1,1,0,0,1,1,,,30,0,0,0,0,0,4,2,8
,2015_45581,0,0,9/25/2015 7:50,7:50,3,0,0,ALAMEDA AVE E & PEARL ST S,1,1,1,0,1,1,,,30,0,0,0,0,0,4,2,13
,2015_45582,0,0,11/7/2015 9:45,9:45,3,0,0,ARKANSAS AVE W & IRVING ST S,1,1,0,0,1,1,,,25,0,0,0,0,0,4,2,7
,2015_45583,0,0,12/23/2015 12:26,12:26,3,0,0,ARKINS CT 3000 BLK & 31ST ST,1,1,0,0,1,2,,,35,0,0,0,0,0,4,2,13
,2015_45584,0,0,11/27/2015 9:20,9:20,3,0,0,BANNOCK ST & SPEER BLVD N,6,1,0,0,1,1,,,25,0,0,0,0,0,4,2,6
,2015_45585,0,0,12/16/2015 7:30,7:30,1,0,0,BAYAUD AVE 1100 BLK E & DOWNING ST S,4,1,0,0,1,2,,,25,0,0,0,0,0,4,2,13
,2015_45586,0,0,11/1/2015 14:30,14:30,3,0,0,BRYANT ST & 1600 BLK N,1,1,0,0,1,2,,,30,0,0,0,0,0,4,2,7
,2015_45588,0,0,11/18/2015 15:06,15:06,15,0,0,BRYANT ST S & MEXICO AVE W,1,1,0,0,1,4,,,25,0,0,0,0,0,4,2,14
,2015_45589,0,0,9/11/2015 8:40,8:40,3,0,0,CHAMPA ST & SPEER BLVD N,1,1,1,0,1,1,,,30,0,0,0,0,0,4,2,3
,2015_45590,0,0,12/17/2015 11:15,11:15,12,0,0,CHEROKEE ST 200 BLK S & CEDAR PL W,4,1,0,0,1,3,,,25,0,0,0,0,1,4,2,13
,2015_45591,0,0,9/13/2015 8:51,8:51,3,0,0,CLARKSON ST N & 12TH AVE E,1,1,0,0,1,1,,,30,0,0,0,0,0,4,2,13
,2015_45592,0,0,11/14/2015 13:20,13:20,12,0,0,EVANS AVE 6300 BLK E & LEYDEN ST S,1,1,0,0,1,4,,,35,0,0,0,0,0,4,2,2
,2015_45593,0,0,10/30/2015 12:50,12:50,1,0,0,EVANS AVE 6400 BLK E & MONACO PKWY S,1,1,0,0,1,2,,,35,0,0,0,0,0,4,2,7
,2015_45594,0,0,12/4/2015 12:35,12:35,1,0,0,EVANS AVE E & ST PAUL ST S,1,1,0,0,1,1,,,35,0,0,0,0,0,4,2,13
,2015_45595,0,0,10/15/2015 7:04,7:04,12,0,0,EVANS AVE 2200 BLK E & UNIVERSITY BLVD S,1,1,0,0,1,4,,,30,0,0,0,0,0,4,2,1
,2015_45596,0,0,11/3/2015 15:30,15:30,3,0,0,GARFIELD ST S & BAYAUD AVE E,1,1,0,0,1,1,,,25,0,0,0,0,0,4,2,14
,2015_45597,0,0,9/19/2015 12:29,12:29,1,0,0,GVR BLVD E & MEMPHIS ST N,1,1,0,0,1,1,,,35,0,0,0,0,0,4,2,13
,2015_45598,0,0,12/7/2015 12:32,12:32,1,0,0,GVR BLVD E & PENA BLVD,1,1,0,0,1,1,,,40,0,0,0,0,0,4,2,1
,2015_45599,0,0,12/11/2015 12:01,12:01,3,0,0,GVR BLVD E & TOWER RD N,1,1,0,0,1,1,,,15,0,0,0,0,0,4,2,1
,2015_45600,0,0,11/14/2015 9:57,9:57,1,0,0,GUN CLUB RD & 77TH AVE E,1,1,0,0,1,3,,,45,0,0,0,0,0,4,2,8
,2015_45601,0,0,12/23/2015 18:05,18:05,1,0,2,GVR BLVD E & PENA BLVD OUTBOUND,1,3,0,0,1,1,,,35,0,0,0,0,3,4,2,13
,2015_45602,0,0,10/26/2015 11:55,11:55,14,0,2,HARRY B COMBS PKWY 7500 B & UNDERGROVE ST,1,1,0,0,1,4,,,45,0,0,0,0,3,4,2,2
,2015_45603,0,0,12/14/2015 18:25,18:25,3,0,0,HOLLY ST S & CEDAR AVE E,1,3,0,0,1,1,,,25,0,0,0,0,0,4,2,13
,2015_45604,0,0,8/26/2015 10:10,10:10,3,0,0,IRVING ST S & MISSISSIPPI AVE W,1,1,0,0,1,1,,,25,0,0,0,0,0,4,2,1
,2015_45605,0,0,10/28/2015 17:32,17:32,3,0,0,IVANHOE ST N & 6TH AVE E,1,3,0,0,1,1,,,25,0,0,0,0,0,4,2,13
,2015_45606,0,0,8/21/2015 15:48,15:48,3,0,0,JEWELL AVE & BROADWAY ST S,1,1,0,0,1,1,,,35,0,0,0,0,0,4,2,13
,2015_45607,0,0,11/20/2015 14:51,14:51,1,0,0,JOLIET ST & 5125 N,1,3,1,6,1,2,,,25,0,0,0,0,0,4,2,16
,2015_45608,0,0,9/12/2015 10:20,10:20,15,0,0,JOSEPHINE ST & 2200 BLK N,1,1,1,0,1,4,,,15,0,0,0,0,0,4,2,7
,2015_45609,0,0,10/11/2015 9:21,9:21,12,0,0,KNOX CT & 3RD AVE W,1,1,1,0,1,1,,,30,0,0,0,0,0,4,2,14
,2015_45610,0,0,10/31/2015 1:40,1:40,12,0,0,LAWRENCE ST & 22ND ST,1,3,0,0,1,4,,,35,0,0,0,0,0,4,2,14
,2015_45611,0,0,10/15/2015 8:15,8:15,15,0,0,LINCOLN ST & 1700 N,1,1,0,0,1,1,,,30,0,0,0,0,0,4,2,16
,2015_45612,0,0,11/18/2015 18:35,18:35,12,0,0,LOGAN ST N & 9TH AVE E,1,3,0,0,1,4,,,30,0,0,0,0,0,4,2,16
,2015_45613,0,0,11/19/2015 15:45,15:45,15,0,0,LOWRY BLVD E & RAMPART WY N,1,1,0,0,1,6,,,15,0,0,0,0,0,4,2,8
,2015_45614,0,0,11/14/2015 14:15,14:15,15,0,0,LOWRY BLVD E & YOSEMITE ST N,1,1,0,0,1,6,,,30,0,0,0,0,0,4,2,13
,2015_45615,0,0,11/1/2015 17:32,17:32,12,0,0,MARKET ST & 18TH ST,1,3,0,0,1,4,,,30,0,0,0,0,0,4,2,5
,2015_45617,0,0,9/24/2015 11:52,11:52,12,0,0,MLK BLVD & COLORADO BLVD N,1,1,1,0,1,3,,,30,0,0,0,0,0,4,2,13
,2015_45618,0,0,11/4/2015 16:11,16:11,15,0,0,MLK BLVD E & MONACO PKWY,1,1,0,0,1,1,,,35,0,0,0,0,0,4,2,16
,2015_45619,0,0,10/30/2015 13:05,13:05,12,0,0,MISSISSIPPI AVE 3200 BLK & ADAMS ST S,1,1,0,0,1,1,,,30,0,0,0,0,0,4,2,12
,2015_45620,0,0,10/1/2015 17:11,17:11,14,0,0,MONACO ST 1400 BLK S & CHRRY CREEK DR N E,1,1,0,0,1,1,,,25,0,0,0,0,0,4,2,13
,2015_45621,0,0,11/17/2015 11:10,11:10,3,0,0,MONACO ST S & FLORIDA AVE E,6,1,0,0,1,1,,,35,0,0,0,0,0,4,2,14
,2015_45622,0,0,8/21/2015 23:28,23:28,8,0,7,MORRISON RD 3500 BLK & LOWELL BLVD,1,3,1,0,1,4,,,35,0,0,0,0,3,4,2,5
,2015_45623,0,0,12/14/2015 15:30,15:30,3,0,0,NORTHFIELD BLVD E & CENTRAL PARK BLVD N,1,1,0,0,1,1,,,35,0,0,0,0,0,4,2,8
,2015_45624,0,0,11/13/2015 16:07,16:07,12,0,0,NORTHFIELD BLVD E & VALENTIA ST N,1,2,1,0,1,3,,,35,0,0,0,0,0,4,2,15
,2015_45625,0,0,12/11/2015 14:51,14:51,15,0,0,PARK AVE W & 3500 BLK,1,3,0,0,1,1,,,30,0,0,0,0,0,4,2,13
,2015_45626,0,0,9/14/2015 17:15,17:15,12,0,0,PARK AVE W & COURT PL,1,1,0,0,1,1,,,25,0,0,0,0,0,4,2,7
,2015_45627,0,0,12/25/2015 21:21,21:21,15,0,0,PARK AVE WEST 800 BLK & STOUT ST,5,3,1,2,1,4,,,30,0,0,0,0,0,4,2,14
,2015_45628,0,0,12/18/2015 13:27,13:27,12,0,0,PENA BLVD & E-470,2,1,0,0,1,4,,,65,0,0,0,0,0,4,2,14
,2015_45629,0,0,9/8/2015 17:21,17:21,1,0,0,PEORIA ST & 4700 BLK N,1,1,1,0,1,2,,,35,0,0,0,0,0,4,2,13
,2015_45630,0,0,11/17/2015 16:46,16:46,15,0,0,QUEBECS ST N & 33RD AVE E,1,1,0,0,1,4,,,35,0,0,0,0,0,4,2,16
,2015_45631,0,0,7/11/2015 23:26,23:26,5,0,1,MORRISON RD & LOWELL BLVD S,1,3,0,7,3,1,,,35,0,0,0,0,2,4,1,5
,2015_45632,0,0,11/21/2015 12:07,12:07,10,0,0,QUEBEC ST N & 35TH AVE E,1,1,0,0,1,1,,,35,0,0,0,0,0,4,2,16
,2015_45633,0,0,9/23/2015 10:11,10:11,12,0,0,QUEBEC ST N & 36TH AVE E,1,1,0,0,1,1,,,35,0,0,0,0,0,4,2,13
,2015_45634,0,0,10/1/2015 8:57,8:57,12,0,0,QUEBEC ST S & ALAMEDA AVE E,1,1,0,0,1,4,,,35,0,0,0,0,0,4,2,7
,2015_45635,0,0,11/21/2015 23:05,23:05,12,0,0,14TH ST & MARKET ST,1,3,0,0,1,3,,,30,0,0,0,0,0,4,2,16
,2015_45636,0,0,11/1/2015 1:00,1:00,10,0,0,20TH ST & BROADWAY ST N,1,3,0,0,1,1,,,30,0,0,0,0,0,4,2,2
,2015_45637,0,0,8/20/2015 17:54,17:54,3,0,0,SANDOWN RD & 7000 BLK E,1,1,0,0,1,2,,,30,0,0,0,0,0,4,2,14
,2015_45638,0,0,12/27/2015 0:01,0:01,12,0,0,SPEER BLVD N & COLFAX AVE W,5,3,0,0,1,4,,,35,0,0,0,0,0,4,2,5
,2015_45639,0,0,10/2/2015 14:20,14:20,1,0,0,SPEER BLVD N & ZUNI ST,1,1,0,0,1,1,,,35,0,0,0,0,0,4,2,13
,2015_45640,0,0,11/23/2015 1:50,1:50,10,0,0,STAPLETON N DR E & MONACO ST N,1,3,0,0,1,3,,,30,0,0,0,0,0,4,2,16
,2015_45641,0,0,12/18/2015 10:00,10:00,12,0,0,STEELE ST 1100 BLK S & MISSISSIPI AVE E,4,1,0,0,1,1,,,30,0,0,0,0,0,4,2,13
,2015_45642,0,0,9/2/2015 8:26,8:26,10,0,0,SYRACUSE ST N & 25TH AVE E,1,1,0,0,1,2,,,20,0,0,0,0,1,4,2,8
,2015_45643,0,0,9/5/2015 11:20,11:20,12,0,0,TOWER RD 4500 BLK N & 45TH AVE E,1,1,0,0,1,4,,,40,0,0,0,0,0,4,2,13
,2015_45644,0,0,11/26/2015 21:30,21:30,15,0,0,UINTA ST N & NORTHFIELD BLVD E,4,3,0,2,1,1,,,35,0,0,0,0,0,4,2,7
,2015_45645,0,0,8/27/2015 15:31,15:31,3,0,0,ULSTER ST S & UNION AVE E,1,1,1,0,1,1,,,35,0,0,0,0,0,4,2,3
,2015_45647,0,0,12/24/2015 11:35,11:35,3,0,0,VASSAR AVE W & BANNOCK ST S,5,1,0,0,1,1,,,35,0,0,0,0,0,4,2,7
,2015_45648,0,0,12/24/2015 19:30,19:30,3,0,0,WENATCHEE ST N & 77TH AVE E,1,3,0,0,1,1,,,25,0,0,0,0,0,4,2,8
,2015_45649,0,0,10/4/2015 0:58,0:58,3,0,0,YORK ST N & 17TH AVE E,1,1,0,0,1,1,,,30,0,0,0,0,1,4,2,13
,2015_45728,39.680841,-104.940645,10/21/2015 13:50,13:50,12,0,0,COLORADO BLVD 1900 BLK S & BUCHTEL BLVD E,2,1,1,1,1,4,,,35,0,0,0,0,0,2,2,13
,2015_45729,39.692997,-104.94055,12/1/2015 17:26,17:26,1,0,0,COLORADO BLVD S & LOUISIANA AVE E,1,3,1,0,1,1,,,35,0,0,0,0,0,2,2,3
,2015_45730,39.707638,-104.940625,9/23/2015 12:54,12:54,12,0,0,COLORADO BLVD & CHERRY CREEK N DR E,1,1,0,0,1,3,,,30,0,0,0,0,0,2,2,13
,2015_45731,39.71099,-104.940627,11/7/2015 19:59,19:59,12,0,0,COLORADO BLVD & 300 BLK S,1,3,0,0,1,4,,,35,0,0,0,0,0,2,2,16
,2015_45732,39.67488,-104.940644,10/5/2015 17:01,17:01,3,0,0,ILIFF AVE E & COLORADO BLVD S,1,1,0,0,1,1,,,25,0,0,0,0,0,2,2,14
,2015_45733,39.717824,-104.940628,10/15/2015 16:46,16:46,3,0,0,1ST AVE E & COLORADO BLVD N,1,1,1,0,1,1,,,35,0,0,0,0,0,2,2,13
,2015_45734,39.746923,-104.940604,8/20/2015 10:18,10:18,12,0,0,COLORADO BLVD N & MONTVIEW BLVD E,1,1,0,0,1,4,,,35,0,0,0,0,0,2,2,13
,2015_45735,39.747364,-104.940604,9/16/2015 12:00,12:00,12,0,0,MONTVIEW BLVD E & COLORADO BLVD N,1,1,0,0,1,1,,,30,0,0,0,0,0,2,2,13
,2015_45736,39.747364,-104.940604,10/25/2015 15:52,15:52,12,0,0,MONTVIEW BLVD E & COLORADO BLVD N,1,1,0,0,1,1,,,35,0,0,0,0,0,2,2,13
,2015_45741,39.725457,-105.032462,10/22/2015 9:01,9:01,15,0,0,KNOX CT N & 6TH AVE W,2,1,0,1,1,3,,,30,0,0,0,0,0,2,2,1
,2015_45742,0,0,9/3/2015 18:37,18:37,12,0,0,6TH AVE W & OSAGE ST N,2,1,0,1,1,1,,,55,0,0,0,0,0,2,2,13
,2015_45743,39.780043,-104.949712,11/20/2015 16:35,16:35,1,0,0,46TH AVE E & STEELE ST N,2,3,0,1,1,1,,,30,0,0,0,0,0,2,2,16
,2015_45758,39.626549,-104.902989,11/18/2015 10:04,10:04,15,0,0,I-25 & MM 199,1,1,0,0,1,4,,,65,0,0,0,0,0,1,2,14