id,drcog_id,latitude,longitude,crashtime,time,crashtype,numbkilled,numbinjurd,drcoglocat,rdconditin,lightngcon,roadcntgrd,weatherco,location,roaddescrp,schoolzone,constrzone,splimit,bikeinv,pedinv,sctrinv,motoinv,svrty,rdsystem,ttlvehcls,hcf
,2015_45759,39.701452,-104.987435,8/17/2015 15:03,15:03,12,0,0,I-25 & BROADWAY ST S,2,1,0,1,1,4,,,55,0,0,0,0,0,1,2,13
,2015_45760,39.710625,-104.998552,12/7/2015 11:00,11:00,15,0,1,I-25 SB OFF RAMP & SANTA FE DR S,1,1,0,0,1,8,,,55,0,0,0,0,2,1,2,3
,2015_45761,39.713332,-105.000167,9/16/2015 9:15,9:15,12,0,0,I-25 & CEDAR AVE W (NOT IN TCORIS),1,1,0,0,1,4,,,55,0,0,0,0,0,1,2,13
,2015_45762,39.738593,-105.01383,8/18/2015 13:27,13:27,12,0,0,I-25 NB OFF RAMP & COLFAX AVE W,1,1,1,0,1,8,,,35,0,0,0,0,0,1,2,16
,2015_45763,39.74035,-105.013939,12/10/2015 15:38,15:38,12,0,0,I-25 & COLFAX AVE W,1,2,1,0,1,4,,,55,0,0,0,0,1,1,2,16
,2015_45764,39.751291,-105.016572,10/22/2015 18:25,18:25,12,0,0,I-25 & 23RD AVE W,2,3,0,1,1,4,,,55,0,0,0,0,1,1,2,16
,2015_45765,39.755141,-105.012706,9/22/2015 11:40,11:40,12,0,0,I-25 & SPEER BLVD N,1,1,0,0,1,4,,,55,0,0,0,0,0,1,2,13
,2015_45766,39.75533,-105.012447,9/18/2015 19:25,19:25,12,0,0,I-25 & SPEER BLVD N,1,2,0,0,1,8,,,55,0,0,0,0,0,1,2,13
,2015_45767,39.760997,-105.004275,11/8/2015 5:37,5:37,15,0,0,I-25 & 20TH ST,1,2,0,0,1,4,,,55,0,0,0,0,0,1,2,2
,2015_45768,39.768039,-104.994788,8/6/2015 15:56,15:56,15,0,0,I-25 & PARK AVE WEST,1,1,0,0,1,4,,,55,0,0,0,0,0,1,2,1
,2015_45769,39.768039,-104.994788,11/2/2015 17:18,17:18,12,0,0,I-25 & PARK AVE WEST,1,3,0,0,1,4,,,55,0,0,0,0,0,1,2,3
,2015_45770,39.779391,-104.989165,10/15/2015 6:50,6:50,12,0,0,I-25 & I-70,1,2,0,0,1,4,,,55,0,0,0,0,0,1,2,1
,2015_45771,39.779391,-104.989165,11/14/2015 13:39,13:39,12,0,0,I-25 & I-70,1,1,0,0,1,4,,,55,0,0,0,0,0,1,2,3
,2015_45785,39.711271,-105.051006,9/5/2015 8:50,8:50,15,0,0,ALAMEDA AVE W & YATES ST S,1,1,0,0,1,1,,,40,0,0,0,0,0,2,2,13
,2015_45786,39.711131,-105.032417,12/8/2015 22:30,22:30,3,0,0,ALAMEDA AVE W & MORRISON RD,1,3,0,0,1,1,,,35,0,0,0,0,0,2,2,3
,2015_45787,39.711077,-105.025062,12/31/2015 3:27,3:27,1,0,0,ALAMEDA AVE W & FEDERAL BLVD S,1,3,0,0,1,1,,,40,0,0,0,0,1,2,2,13
,2015_45788,39.653088,-104.915267,9/22/2015 10:19,10:19,1,0,0,HAMPDEN AVE E & LOCUST ST S,1,1,0,0,1,1,,,40,0,0,0,0,0,2,2,13
,2015_45789,39.653026,-104.872594,10/13/2015 17:32,17:32,12,0,0,HAMPDEN AVE 9900 BLK E & FLORENCE ST S,1,1,0,0,1,4,,,45,0,0,0,0,0,2,2,13
,2015_45790,39.65352,-104.868405,10/15/2015 12:51,12:51,12,0,0,HAVANA ST 3400 BLK S & GALENA ST S,1,1,0,0,1,1,,,45,0,0,0,0,0,2,3,14
,2015_45791,39.660251,-104.866296,11/12/2015 10:26,10:26,12,0,0,HAVANA ST 3200 BLK S & DARTMOUTH AVE E,1,1,1,0,1,1,,,55,0,0,0,0,0,2,2,14
,2015_45808,39.740429,-105.021845,11/15/2015 18:30,18:30,15,0,0,COLFAX AVE W & DECATUR ST OFFSET REF (NOT IN TCORIS),1,3,0,0,1,4,,,40,0,0,0,0,1,2,2,13
,2015_45809,39.740163,-105.007288,8/31/2015 13:00,13:00,12,0,0,COLFAX AVE 1600 BLK W & OSAGE ST N,1,1,1,0,1,4,,,40,0,0,0,0,0,2,2,1
,2015_45810,39.740082,-105.005223,11/13/2015 13:07,13:07,12,0,0,COLFAX AVE W & OSAGE ST N,1,1,0,0,1,1,,,30,0,0,0,0,0,2,2,13
,2015_45811,39.740035,-104.998869,11/19/2015 20:29,20:29,3,0,0,COLFAX AVE W & SPEER BLVD N,1,3,0,0,1,1,,,30,0,0,0,0,0,2,2,8
,2015_45812,39.74,-104.977411,10/24/2015 15:50,15:50,15,0,0,COLFAX AVE E & CLARKSON ST N,1,1,0,0,1,4,,,30,0,0,0,0,0,2,2,16
,2015_45813,39.739979,-104.962109,10/19/2015 13:14,13:14,12,0,0,COLFAX AVE 2000 BLK E & VINE ST N,1,1,1,0,1,4,,,35,0,0,0,0,0,2,2,3
,2015_45814,39.740174,-104.956897,11/5/2015 7:56,7:56,12,0,0,COLFAX AVE E & ESPLANADE ST N,1,1,0,0,1,4,,,35,0,0,0,0,0,2,2,16
,2015_45815,39.740074,-104.917594,11/6/2015 20:16,20:16,10,0,0,COLFAX AVE E & KEARNEY ST N,1,5,1,0,1,1,,,35,0,0,0,0,0,2,2,13
,2015_45816,39.740078,-104.91389,9/14/2015 12:36,12:36,12,0,0,COLFAX AVE E & LOCUST ST N,1,1,0,0,1,1,,,40,0,0,0,0,1,2,2,13
,2015_45817,39.740079,-104.912395,10/19/2015 8:00,8:00,3,0,0,COLFAX AVE E & MONACO PKWY N,1,1,0,0,1,1,,,30,0,0,0,0,0,2,2,13
,2015_45818,39.740081,-104.910482,9/26/2015 18:32,18:32,1,0,0,COLFAX AVE E & NIAGARA ST,1,1,0,0,1,1,,,35,0,0,0,0,0,2,2,13
,2015_45836,39.783653,-105.044628,9/19/2015 20:21,20:21,15,0,1,I-70 & SHERIDAN BLVD N,1,3,1,0,1,4,,,55,0,0,0,0,3,1,2,5
,2015_45837,39.783138,-105.006328,8/27/2015 19:19,19:19,3,0,0,I-70 & N PECOS ST,1,1,0,0,1,6,,,25,0,0,0,0,0,1,2,13
,2015_45838,39.775623,-104.865778,10/14/2015 7:12,7:12,12,0,1,I-70 & HAVANA ST N,1,1,0,0,1,4,,,55,0,0,0,0,2,1,2,7
,2015_45839,39.774005,-104.847034,12/21/2015 15:19,15:19,15,0,0,PEORIA ST N & I-70 WB RAMPS,1,1,0,0,1,1,,,35,0,0,0,0,0,1,2,13
,2015_45840,39.773805,-104.844595,8/5/2015 17:22,17:22,12,0,0,I-70 & PEORIA ST N,1,1,1,0,1,4,,,55,0,0,0,0,0,1,2,7
,2015_45865,39.696295,-104.897378,12/16/2015 12:20,12:20,15,0,0,PARKER RD S & MISSISSIPPI AVE E,4,1,0,0,1,1,,,35,0,0,0,0,0,2,2,13
,2015_45866,39.702965,-104.912888,11/17/2015 8:40,8:40,12,0,0,MONACO ST S & LEETSDALE DR,8,1,1,2,1,3,,,35,0,0,0,0,0,2,2,16
,2015_45867,39.704386,-104.915602,10/27/2015 15:34,15:34,12,0,0,LEETSDALE DR 6100 BLK & EXPOSITION AVE E,1,1,0,0,1,4,,,35,0,0,0,0,0,2,2,13
,2015_45871,39.67737,-104.993592,12/23/2015 8:20,8:20,12,0,0,SANTA FE DR S & W EVANS AVE,1,1,0,0,1,8,,,55,0,0,0,0,0,2,2,13
,2015_45872,39.678438,-104.993322,9/3/2015 13:10,13:10,12,0,0,SANTA FE DR 2000 BLK S & EVANS AVE E,1,1,0,0,1,4,,,55,0,0,0,0,0,2,2,5
,2015_45880,39.720254,-105.025191,10/23/2015 17:15,17:15,12,0,0,FEDERAL BLVD N & 2ND AVE W,1,1,0,0,1,4,,,35,0,0,0,0,0,2,2,13
,2015_45881,39.691359,-105.025048,8/26/2015 16:30,16:30,12,0,0,ARKANSAS AVE W & FEDERAL BLVD S,1,1,0,0,1,1,,,25,0,0,0,0,0,2,2,15
,2015_45882,39.660489,-105.025191,9/24/2015 16:22,16:22,1,0,0,FEDERAL BLVD S & DARTMOUTH AVE W,1,1,0,0,1,1,,,40,0,0,0,0,0,2,2,1
,2015_45886,39.653374,-105.053079,9/16/2015 11:15,11:15,12,0,0,HAMPDEN AVE W & SHERIDAN BLVD S,1,1,0,0,1,1,,,25,0,0,0,0,0,2,2,3
,2015_45887,39.689516,-105.053251,10/22/2015 18:40,18:40,1,0,1,FLORIDA AVE W & SHERIDAN BLVD S,2,3,0,1,1,1,,,40,0,0,0,0,2,2,2,7
,2015_45898,39.61833,-105.091109,8/25/2015 12:56,12:56,12,0,0,WADSWORTH BLVD 5400 BLK S & CRESTLINE AVE W,1,1,0,0,1,3,,,40,0,0,0,0,0,2,2,10
,2015_45921,39.635523,-104.89346,10/15/2015 13:59,13:59,1,0,1,TAMARAC ST S & I-225 NB RAMPS,1,1,0,0,1,1,,,30,0,0,0,0,2,1,2,1
,2015_45922,39.639275,-104.885096,9/8/2015 22:25,22:25,12,0,1,I-225 & S YOSEMITE ST,1,3,0,0,1,4,,,60,0,0,0,0,2,1,2,7
,2015_45930,39.780804,-104.966749,10/5/2015 16:27,16:27,6,0,0,46TH AVE E & BRIGHTON BLVD N,1,1,0,0,1,1,,,30,0,0,0,0,0,2,2,1
,2015_45938,39.78466,-105.025209,12/22/2015 17:45,17:45,10,0,0,I-70 WB OFF RAMP & FEDERAL BLVD N,1,2,1,0,1,1,,,35,0,0,0,0,0,2,2,13
,2015_45945,0,0,5/7/2015 17:04,17:04,6,0,0,14TH AVE 200 BLK W & BANNOCK ST N,2,1,0,1,1,4,,,30,0,0,0,0,0,4,2,16
,2015_45976,0,0,4/12/2015 15:26,15:26,5,0,0,39TH AVE 1000 BLK W & JASON ST N,1,1,0,0,3,4,,,30,0,0,0,0,0,4,1,13
,2015_46047,0,0,9/2/2015 13:09,13:09,1,0,0,1ST AVE W & SANTA FE DR N,1,1,1,0,1,1,,,25,0,0,0,0,0,4,2,13
,2015_46048,0,0,12/28/2015 23:25,23:25,12,0,0,6TH AVE E & WASHINGTON ST N,1,3,0,0,1,4,,,40,0,0,0,0,1,4,2,13
,2015_46049,0,0,12/26/2015 12:45,12:45,3,0,0,12TH AVE E & CLARKSON ST N,2,1,0,0,1,1,,,30,0,0,0,0,0,4,2,3
,2015_46050,0,0,9/11/2015 16:55,16:55,1,0,0,13TH AVE E & RACE ST N,1,1,0,0,1,1,,,25,0,0,0,0,0,4,2,13
,2015_46051,0,0,9/12/2015 16:12,16:12,15,0,0,14TH AVE E & NEWPORT ST,1,1,1,0,1,1,,,30,0,0,0,0,0,4,2,13
,2015_46052,0,0,11/6/2015 21:54,21:54,3,0,0,14TH AVE E & YORK ST N,1,3,0,0,1,1,,,30,0,0,0,0,0,4,3,13
,2015_46053,0,0,11/22/2015 1:36,1:36,12,0,0,17TH AVE E & YORK ST N,1,3,0,0,1,3,,,30,0,0,0,0,0,4,2,5
,2015_46054,0,0,12/25/2015 12:25,12:25,15,0,0,38TH AVE W & 2700 BLK,5,1,1,2,1,4,,,35,0,0,0,0,0,4,2,13
,2015_46055,0,0,11/21/2015 18:00,18:00,12,0,0,38TH AVE E & QUEBEC ST N,1,3,0,0,1,2,,,35,0,0,0,0,1,4,2,1
,2015_46056,0,0,11/2/2015 21:40,21:40,3,0,0,46TH AVE W & TEJON ST N,1,3,0,0,1,1,,,35,0,0,0,0,0,4,2,16
,2015_46057,0,0,8/26/2015 12:05,12:05,12,0,0,52ND AVE E & DURHAM CT N,1,1,0,0,1,1,,,25,0,0,0,0,0,4,2,14
,2015_46058,0,0,9/24/2015 16:07,16:07,12,0,0,56TH AVE E & PENA BLVD,1,1,0,0,1,4,,,40,0,0,0,0,0,4,2,13
,2015_46059,0,0,11/3/2015 15:20,15:20,1,0,0,ALBROOK DR E 12700 BLK & TULSA CT N,1,1,0,0,1,2,,,25,0,0,0,0,0,4,2,13
,2015_46060,0,0,9/17/2015 12:45,12:45,3,0,0,ARKANSAS AVE W & IRVING ST S,1,1,0,0,1,2,,,25,0,0,0,0,0,4,2,7
,2015_46061,0,0,8/27/2015 15:20,15:20,12,0,0,BROADWAY 700 BLK N & 8TH AVE,1,1,0,0,1,4,,,30,0,0,0,0,0,4,2,13
,2015_46062,0,0,9/22/2015 15:30,15:30,12,0,0,CHAMBERS RD 4500 BLK N & 46TH AVE E,1,1,0,0,1,3,,,40,0,0,0,0,1,4,2,13
,2015_46063,0,0,11/5/2015 6:57,6:57,12,0,0,CLARKSON ST N & 8TH AVE E,2,1,0,1,1,3,,,30,0,0,0,0,0,4,2,16
,2015_46065,0,0,9/23/2015 15:34,15:34,3,0,0,COOK ST N & 1ST AVE E,1,1,0,0,1,1,,,25,0,0,0,0,0,4,2,3
,2015_46066,0,0,9/25/2015 14:01,14:01,1,0,0,DOWNING ST N & PARK AVE,1,1,0,0,1,1,,,25,0,0,0,0,1,4,2,7
,2015_46067,0,0,9/3/2015 15:29,15:29,3,0,1,DAHLIA ST S & GIRARD AVE E,1,1,0,0,1,1,,,25,0,0,0,0,2,4,2,3
,2015_46068,0,0,12/18/2015 11:37,11:37,14,0,0,DAHLIA ST N & STAPLETON S DR,2,1,0,0,1,3,,,40,0,0,0,0,0,4,2,13
,2015_46069,0,0,12/18/2015 7:50,7:50,12,0,0,DAYTON ST 300 BLK S & ALAMEDA AVE E,4,1,0,0,1,1,,,30,0,0,0,0,0,4,2,1
,2015_46070,0,0,10/4/2015 10:35,10:35,3,0,0,DELAWARE ST N & 11TH AVE W,1,1,0,0,1,1,,,25,0,0,0,0,0,4,2,12
,2015_46071,0,0,8/21/2015 6:35,6:35,3,0,0,DTC BLVD S & UNION BLVD E,1,2,0,7,1,1,,,35,0,0,0,0,0,4,2,16
,2015_46072,0,0,11/24/2015 7:55,7:55,12,0,0,EMERSON ALLEY N & ELLSWORTH AVE E,1,1,0,0,1,5,,,15,0,0,0,0,0,4,2,16
,2015_46073,0,0,9/4/2015 17:06,17:06,12,0,0,EVANS AVE E & UNIVERSITY BLVD S,1,1,0,0,1,4,,,35,0,0,0,0,0,4,2,3
,2015_46074,0,0,10/24/2015 15:40,15:40,3,0,0,FLORIDA AVE W & CLAY ST S,1,1,0,0,1,1,,,25,0,0,0,0,0,4,2,14
,2015_46075,0,0,11/2/2015 15:16,15:16,1,0,0,FLORIDA AVE E & DAHLIA ST S,1,1,0,0,1,1,,,30,0,0,0,0,0,4,2,3
,2015_46076,0,0,10/12/2015 16:04,16:04,15,0,0,FLORIDA AVE E & MONACO PKWY S,1,1,0,0,1,1,,,35,0,0,0,0,0,4,2,13
,2015_46077,0,0,12/3/2015 13:40,13:40,15,0,0,FLORIDA AVE 500 BLK E & PENNSYLVANIA ST S,1,1,0,0,1,3,,,25,0,0,0,0,1,4,3,13
,2015_46078,0,0,12/1/2015 17:43,17:43,12,0,0,GLENARM ST 1600 BLK & 17TH ST,2,3,0,0,1,4,,,30,0,0,0,0,0,4,2,7
,2015_46080,0,0,9/17/2015 8:47,8:47,3,0,0,HOLLY ST N & STAPLETON S DR E,1,1,0,0,1,1,,,30,0,0,0,0,0,4,2,13
,2015_46081,0,0,12/12/2015 10:01,10:01,3,0,0,INCA ST N & 5TH AVE W,2,1,0,2,1,1,,,25,0,0,0,0,0,4,2,13
,2015_46082,0,0,12/6/2015 17:30,17:30,3,0,0,LINCOLN ST N & 13TH AVE E,1,3,0,0,1,1,,,35,0,0,0,0,0,4,2,13
,2015_46083,0,0,8/20/2015 8:05,8:05,12,0,0,MARKET ST 1500 BLK & 15TH ST,1,1,0,7,1,4,,,25,0,0,0,0,0,4,2,16
,2015_46084,0,0,12/23/2015 8:45,8:45,3,0,0,MARKET ST & NB SPEER BLVD,1,1,0,0,1,1,,,30,0,0,0,0,0,4,2,13
,2015_46085,0,0,11/5/2015 19:12,19:12,1,0,0,MLK BLVD E & IVY ST N,1,3,0,0,1,1,,,35,0,0,0,0,0,4,2,14
,2015_46086,0,0,10/26/2015 23:55,23:55,12,0,0,PENA BLVD 5600 BLK & 56TH AVE,1,3,0,0,1,4,,,45,0,0,0,0,0,4,2,13
,2015_46087,0,0,9/23/2015 17:27,17:27,12,0,0,PEORIA ST 4600 BLK N & 46TH AVE E,1,1,0,0,1,3,,,40,0,0,0,0,0,4,2,13
,2015_46088,0,0,8/21/2015 13:05,13:05,15,0,0,PEORIA ST N & 47TH AVE E,1,1,0,0,1,1,,,40,0,0,0,0,0,4,2,13
,2015_46089,0,0,10/24/2015 21:23,21:23,15,0,0,QUEBEC ST & 3500 N,1,3,0,0,1,4,,,40,0,0,0,0,0,4,2,8
,2015_46090,0,0,10/14/2015 7:58,7:58,1,0,0,QUEBEC ST N & 6TH AVE E,1,1,0,0,1,1,,,35,0,0,0,0,0,4,2,1
,2015_46091,0,0,9/30/2015 11:40,11:40,12,0,0,QUEBEC ST 5000 BLK S & BELLEVIEW AVE E,1,1,1,0,1,4,,,25,0,0,0,0,0,4,2,13
,2015_46092,0,0,10/22/2015 7:01,7:01,12,0,0,QUINCY AVE 8000 BLK E & TAMARAC ST S,2,3,0,1,1,4,,,30,0,0,0,0,0,4,2,13
,2015_46093,0,0,12/3/2015 8:01,8:01,3,0,0,QUITMAN ST S & JEWELL AVE W,1,1,0,0,1,1,,,25,0,0,0,0,0,4,2,3
,2015_46095,0,0,11/30/2015 8:25,8:25,5,0,0,RACE ST S & ALAMEDA AVE E,4,1,0,0,3,1,,,30,0,0,0,0,0,4,2,13
,2015_46096,0,0,12/12/2015 17:12,17:12,15,0,0,15TH ST & 700 BLK,2,3,0,2,1,4,,,5,0,0,0,0,0,4,2,13
,2015_46097,0,0,10/31/2015 21:42,21:42,15,0,0,15TH ST & BOULDER ST,1,3,1,0,1,1,,,30,0,0,0,0,0,4,2,14
,2015_46098,0,0,8/16/2015 1:09,1:09,12,0,0,20TH ST & LARIMER ST,2,3,0,1,1,1,,,25,0,0,0,0,0,4,2,14
,2015_46099,0,0,12/4/2015 15:50,15:50,3,0,0,SANTA FE DR N & 9TH AVE W,1,1,0,0,1,1,,,30,0,0,0,0,0,4,2,13
,2015_46100,0,0,8/26/2015 7:45,7:45,15,0,0,SPEER BLVD N & 14TH AVE W,1,1,0,0,1,4,,,35,0,0,0,0,0,4,2,14
,2015_46101,0,0,8/26/2015 11:20,11:20,15,0,0,SPEER BLVD 1300 BLK N & 14TH AVE W,1,1,0,0,1,4,,,35,0,0,0,0,0,4,2,13
,2015_46102,0,0,11/13/2015 14:41,14:41,12,0,0,SPEER BLVD & BROADWAY ST N,1,1,0,0,1,1,,,30,0,0,0,0,1,4,2,13
,2015_46103,0,0,11/18/2015 17:23,17:23,12,0,0,SPEER BLVD N & ZUNI ST N,1,2,0,0,1,1,,,35,0,0,0,0,0,4,2,16
,2015_46104,0,0,12/31/2015 16:55,16:55,12,0,0,STAPLETON S DR E & DAHLIA ST N,1,2,0,0,1,1,,,25,0,0,0,0,0,4,2,13
,2015_46105,0,0,9/3/2015 17:43,17:43,3,0,0,STEELE ST S & BAYAUD AVE E,2,1,0,1,1,1,,,30,0,0,0,0,0,4,2,14
,2015_46106,0,0,12/23/2015 7:38,7:38,15,0,0,N TEJON ST & 38TH AVE W,1,1,0,0,1,1,,,30,0,0,0,0,0,4,2,14
,2015_46107,0,0,8/19/2015 11:23,11:23,12,0,0,TENNYSON ST & 4200 BLK N,1,1,1,0,1,4,,,30,0,0,0,0,0,4,2,13
,2015_46108,0,0,11/12/2015 17:10,17:10,1,0,4,TOWER RD N & 45TH AVE E,1,2,0,0,1,1,,,35,0,0,0,0,3,4,2,13
,2015_46110,0,0,10/3/2015 12:40,12:40,12,0,0,TOWER RD N & 46TH AVE E,1,1,0,0,1,1,,,40,0,0,0,0,0,4,2,13
,2015_46111,0,0,9/2/2015 14:00,14:00,12,0,0,TOWER RD N & 59TH AVE E,1,1,0,0,1,2,,,15,0,0,0,0,0,4,2,13
,2015_46112,0,0,10/18/2015 15:04,15:04,12,0,0,UNIVERSITY BLVD & 2200 BLK S,1,1,0,0,1,5,,,15,0,0,0,0,0,4,2,13
,2015_46113,0,0,8/27/2015 9:01,9:01,15,0,0,UNIVERSITY BLVD S & BUCHTEL BLVD E,1,1,0,0,1,4,,,35,0,0,0,0,0,4,2,7
,2015_46114,0,0,12/18/2015 8:20,8:20,12,0,0,UNIVERSITY BLVD 2200 BLK & WARREN AVE W,4,1,0,0,1,4,,,30,0,0,0,0,0,4,2,13
,2015_46115,0,0,11/26/2015 11:50,11:50,3,0,0,WARREN AVE W & DECATUR ST S,5,1,1,2,1,1,,,30,0,0,0,0,0,4,2,1
,2015_46116,0,0,11/19/2015 8:58,8:58,12,0,0,YOSEMITE ST S & JEFFERSON AVE E,1,1,0,0,1,1,,,35,0,0,0,0,0,4,2,3
,2015_46117,0,0,6/29/2015 17:50,17:50,10,0,0,ZUNI ST S & JEWELL AVE W,1,1,0,0,1,2,,,25,0,0,0,0,0,4,2,1
,2015_46187,39.680122,-104.94064,12/2/2015 9:35,9:35,12,0,0,COLORADO BLVD 1900 BLK S & E COLORADO CENTER DR,1,1,0,0,1,1,,,30,0,0,0,0,1,2,2,14
,2015_46188,39.685667,-104.940548,11/21/2015 8:15,8:15,1,0,0,MEXICO AVE E & COLORADO BLVD S,2,1,0,0,1,1,,,35,0,0,0,0,0,2,2,3
,2015_46189,39.703863,-104.940623,10/4/2015 18:15,18:15,3,0,0,EXPOSITION AVE E & COLORADO BLVD S,1,1,0,0,1,1,,,30,0,0,0,0,0,2,2,13
,2015_46191,39.707496,-104.940625,9/21/2015 11:20,11:20,12,0,0,COLORADO BLVD 400 BLK S & CHERRY CREEK N DR E,1,1,0,0,1,3,,,35,0,0,0,0,0,2,2,1
,2015_46192,39.667466,-104.940609,8/27/2015 17:41,17:41,1,0,0,COLORADO BLVD S & YALE AVE E,1,1,0,0,1,1,,,35,0,0,0,0,0,2,2,13
,2015_46193,39.717824,-104.940628,10/23/2015 10:46,10:46,3,0,0,1ST AVE E & COLORADO BLVD N,1,1,0,0,1,1,,,35,0,0,0,0,0,2,2,13
,2015_46194,39.717824,-104.940628,12/22/2015 16:39,16:39,12,0,0,N COLORADO BLVD & E 1ST AVE,1,3,0,0,1,3,,,35,0,0,0,0,0,2,2,14
,2015_46195,39.740086,-104.940612,12/25/2015 21:52,21:52,1,0,0,E COLFAX AVE & N COLORADO BLVD,4,3,0,2,1,1,,,35,0,0,0,0,0,2,2,13
,2015_46196,39.74372,-104.940608,11/7/2015 14:20,14:20,10,0,0,COLORADO BLVD N & 17TH AVE E,1,1,0,0,1,1,,,35,0,0,0,0,0,2,2,7
,2015_46198,39.761878,-104.940511,11/13/2015 18:15,18:15,1,0,0,COLORADO BLVD N & MLK BLVD E,1,4,0,0,1,1,,,40,0,0,0,0,0,2,2,13
,2015_46199,39.763635,-104.940504,10/22/2015 6:55,6:55,15,0,0,COLORADO BLVD & 3300 BLK N,2,3,1,1,1,4,,,40,0,0,0,0,0,2,2,7
,2015_46200,39.783831,-104.940459,11/20/2015 15:16,15:16,3,0,0,48TH AVE E & COLORADO BLVD N,1,1,0,0,1,1,,,40,0,0,0,0,0,2,2,16
,2015_46206,39.779518,-104.94972,11/13/2015 17:21,17:21,15,0,0,I-70 EB OFF RAMP & STEELE ST N,1,4,0,0,1,1,,,35,0,0,0,0,0,2,2,13
,2015_46217,39.64665,-104.914574,10/7/2015 12:25,12:25,15,0,0,I-25 & HAMPDEN AVE E,1,1,0,0,1,4,,,65,0,0,0,0,0,1,2,16
,2015_46218,39.697473,-104.982744,10/1/2015 13:57,13:57,15,0,0,I-25 & LOGAN ST S,1,1,0,0,1,4,,,60,0,0,0,0,0,1,2,4
,2015_46219,39.701452,-104.987435,9/5/2015 11:51,11:51,5,0,0,I-25 & BROADWAY S,1,1,1,0,3,4,,,55,0,0,0,0,1,1,1,13
,2015_46220,39.708564,-104.99748,10/15/2015 23:31,23:31,12,0,0,I-25 & ALASKA PL W (NOT IN C,1,3,0,0,1,4,,,55,0,0,0,0,1,1,2,13
,2015_46221,39.71124,-104.998918,8/4/2015 17:54,17:54,12,0,0,I-25 & ALAMEDA AVE W,1,1,0,0,1,4,,,55,0,0,0,0,0,1,2,3
,2015_46222,39.740095,-105.013916,9/16/2015 12:46,12:46,12,0,0,I-25 NB OFF RAMP & COLFAX AVE,1,1,1,0,1,8,,,45,0,0,0,0,1,1,2,13
,2015_46223,39.741491,-105.014294,9/4/2015 20:50,20:50,12,0,0,I-25 & COLFAX AVE W,1,3,1,0,1,4,,,55,0,0,0,0,0,1,2,13
,2015_46224,39.743467,-105.016086,12/8/2015 13:33,13:33,15,0,0,I-25 & AURARIA PKWY,1,1,0,0,1,4,,,55,0,0,0,0,0,1,2,14
,2015_46225,39.751291,-105.016572,10/24/2015 14:54,14:54,12,0,0,I-25 & 23RD AVE W,1,1,0,0,1,4,,,55,0,0,0,0,0,1,2,4
,2015_46226,39.755141,-105.012706,11/16/2015 10:53,10:53,15,0,0,I-25 SB RAMPS & SPEER BLVD N,1,1,1,0,1,1,,,30,0,0,0,0,0,1,2,16
,2015_46227,39.760997,-105.004275,11/21/2015 14:36,14:36,12,0,0,I-25 & 20TH ST,1,1,0,0,1,4,,,55,0,0,0,0,0,1,2,8
,2015_46228,39.76658,-104.998524,12/18/2015 17:56,17:56,12,0,0,I-25 & INCA ST N (NOT IN COR,2,2,1,0,1,4,,,55,0,0,0,0,0,1,2,13
,2015_46240,39.711184,-105.001703,10/13/2015 12:28,12:28,1,0,0,ALAMEDA AVE W & LIPAN ST S,1,1,0,0,1,2,,,35,0,0,0,0,0,2,2,8
,2015_46241,39.653077,-104.898688,8/4/2015 7:56,7:56,12,0,0,HAMPDEN AVE E & TAMARAC DR S,1,1,1,0,1,1,,,40,0,0,0,0,0,2,2,13
,2015_46247,39.781956,-104.901624,12/28/2015 8:45,8:45,12,0,0,QUEBEC ST N & SAND CREEK RD S,1,1,0,0,1,1,,,35,0,0,0,0,1,2,2,1
,2015_46248,39.785534,-104.89964,11/16/2015 17:15,17:15,12,0,0,NORTHFIELD BLVD E & QUEBEC ST N,2,3,2,1,1,1,,,35,0,0,0,0,0,2,2,16
,2015_46258,39.740419,-105.019184,11/21/2015 1:40,1:40,15,0,0,COLFAX AVE W & MM 296,2,3,0,2,1,4,,,35,0,0,0,0,0,2,2,8
,2015_46259,39.740371,-105.017004,8/28/2015 7:59,7:59,12,0,0,COLFAX AVE W & I-25 SB ON RAMP,1,1,0,0,1,1,,,35,0,0,0,0,0,2,2,14
,2015_46260,39.740081,-104.910482,10/5/2015 22:42,22:42,1,0,0,COLFAX AVE E & NIAGRA ST N,1,3,0,0,1,1,,,35,0,0,0,0,0,2,2,13
,2015_46276,39.783138,-105.006328,12/29/2015 17:23,17:23,12,0,0,I-70 & PECOS ST N,1,1,1,0,1,4,,,55,0,0,0,0,0,1,2,3
,2015_46279,39.780014,-104.959201,9/1/2015 17:08,17:08,15,0,0,I-70 & YORK ST N,1,1,0,0,1,4,,,55,0,0,0,0,0,1,2,13