id,drcog_id,latitude,longitude,crashtime,time,crashtype,numbkilled,numbinjurd,drcoglocat,rdconditin,lightngcon,roadcntgrd,weatherco,location,roaddescrp,schoolzone,constrzone,splimit,bikeinv,pedinv,sctrinv,motoinv,svrty,rdsystem,ttlvehcls,hcf
,2015_46280,39.780016,-104.954122,10/12/2015 7:15,7:15,1,0,0,46TH AVE E FRONTAGE RD & CLAYTON ST N,1,1,0,0,1,1,,,35,0,0,0,0,0,4,2,13
,2015_46281,39.779948,-104.941356,9/19/2015 19:24,19:24,12,0,0,I-70 & COLORADO BLVD N,1,3,0,0,1,4,,,55,0,0,0,0,0,1,2,1
,2015_46282,39.779944,-104.940633,12/11/2015 11:55,11:55,12,0,0,I-70 & COLORADO BLVD N,1,1,0,0,1,4,,,55,0,0,0,0,0,1,2,16
,2015_46283,39.773558,-104.841776,12/2/2015 17:42,17:42,15,0,0,I-70 WB ON RAMP & I-225 NB,1,3,1,0,1,8,,,55,0,0,0,0,0,1,2,16
,2015_46296,39.70796,-104.925898,9/25/2015 10:15,10:15,1,0,0,LEETSDALE DR 5300 BLK & FOREST ST S,1,1,0,0,1,2,,,35,0,0,0,0,0,2,2,13
,2015_46301,39.69281,-105.025038,11/16/2015 13:00,13:00,15,0,0,FEDERAL BLVD S & LOUISIANA AVE W,1,1,0,0,1,4,,,40,0,0,0,0,0,2,2,16
,2015_46302,39.66192,-105.025163,11/20/2015 21:43,21:43,8,0,1,FEDERAL BLVD S & CORNELL AVE W,5,3,0,2,1,4,,,40,0,0,0,0,2,2,2,1
,2015_46351,0,0,2/16/2015 15:00,15:00,5,0,0,9TH ST & WALNUT ST,4,1,0,2,3,3,,,25,0,0,0,0,0,4,1,14
,2015_46357,39.779661,-104.967133,11/30/2015 8:48,8:48,1,0,0,BRIGHTON BLVD & I-70 EB RAMP,4,1,0,0,1,1,,,35,0,0,0,0,0,2,2,13
,2015_46365,39.652985,-104.920374,10/28/2015 8:55,8:55,12,0,0,HAMPDEN AVE E & IVY WY S,1,1,1,0,1,1,,,40,0,0,0,0,0,2,2,13
,2015_46366,39.757279,-105.025132,11/4/2015 18:31,18:31,12,0,0,FEDERAL BLVD & 2800 BLK N,2,3,0,1,1,4,,,30,0,0,0,0,1,2,2,12
,2015_46483,0,0,9/9/2015 17:06,17:06,12,0,0,1ST AVE E & UNIVERSITY BLVD N,1,1,0,0,1,1,,,30,0,0,0,0,1,4,2,3
,2015_46484,0,0,8/27/2015 16:37,16:37,15,0,0,3RD AVE E & OSAGE ST N,1,1,0,0,1,1,,,25,0,0,0,0,0,4,2,13
,2015_46485,0,0,12/10/2015 18:50,18:50,12,0,0,6TH AVE & 100 BLK W,1,3,0,0,1,4,,,35,0,0,0,0,0,4,2,13
,2015_46487,0,0,12/18/2015 11:31,11:31,3,0,0,6TH AVE W & DELAWARE ST N,2,1,0,0,1,1,,,30,0,0,0,0,0,4,2,13
,2015_46488,0,0,12/13/2015 19:23,19:23,3,0,1,6TH AVE W DR N & PERRY ST N,1,3,0,0,1,1,,,25,0,0,0,0,2,4,2,14
,2015_46489,0,0,11/5/2015 9:43,9:43,3,0,0,6TH AVE W & SANTA FE DR S,2,1,0,0,1,2,,,35,0,0,0,0,0,4,2,16
,2015_46490,0,0,11/12/2015 11:30,11:30,1,0,0,9TH AVE E & CLARKSON ST N,1,1,0,0,1,1,,,30,0,0,0,0,0,4,2,13
,2015_46491,0,0,12/22/2015 10:05,10:05,3,0,0,W 10TH AVE & BANNOCK ST N,1,1,3,0,1,1,,,30,0,0,0,0,0,4,2,13
,2015_46492,0,0,9/4/2015 12:40,12:40,12,0,0,11TH AVE 0000 BLK E & BROADWAY N,1,1,0,0,1,1,,,30,0,0,0,0,0,4,2,13
,2015_46493,0,0,12/7/2015 9:10,9:10,3,0,0,11TH AVE W & SANTA FE DR N,1,1,0,0,1,1,,,35,0,0,0,0,0,4,2,13
,2015_46494,0,0,9/18/2015 8:50,8:50,3,0,0,11TH AVE E & WASHINGTON ST N,1,1,0,0,1,1,,,30,0,0,0,0,0,4,2,13
,2015_46495,0,0,8/17/2015 19:34,19:34,15,0,1,13TH AVE E & CLERMONT ST N,1,1,0,0,1,1,,,30,0,0,0,0,3,4,2,14
,2015_46496,0,0,11/14/2015 9:09,9:09,15,0,0,13TH AVE E & GLENCOE ST N,1,1,0,0,1,1,,,30,0,0,0,0,0,4,2,13
,2015_46497,0,0,12/12/2015 11:30,11:30,10,0,0,14TH AVE E & VALENTIA ST N,2,1,0,2,1,1,,,30,0,0,0,0,0,4,2,7
,2015_46498,0,0,12/1/2015 9:20,9:20,3,0,0,16TH AVE E & ST PAUL ST N,5,1,0,0,1,1,,,25,0,0,0,0,0,4,2,7
,2015_46499,0,0,11/9/2015 7:47,7:47,3,0,0,16TH AVE E & PENNSYLVANIA ST N,1,1,0,0,1,1,,,30,0,0,0,0,0,4,2,16
,2015_46500,0,0,10/30/2015 13:55,13:55,3,0,0,16TH AVE E & VINE ST N,1,1,0,0,1,1,,,30,0,0,0,0,0,4,2,13
,2015_46502,0,0,10/30/2015 15:50,15:50,3,0,0,17TH AVE E & OGDEN ST N,1,1,0,0,1,1,,,30,0,0,0,0,0,4,2,16
,2015_46503,0,0,11/1/2015 12:39,12:39,3,0,1,27TH AVE W & CLAY ST N,1,1,0,0,1,1,,,25,0,0,0,0,2,4,2,16
,2015_46504,0,0,12/25/2015 12:23,12:23,10,0,0,29TH AVE E & CENTRAL PARK BLVD N,5,1,0,2,1,1,,,35,0,0,0,0,0,4,2,13
,2015_46505,0,0,12/21/2015 22:48,22:48,12,0,0,29TH AVE W & SPEER BLVD N,1,3,0,0,1,4,,,25,0,0,0,0,0,4,2,7
,2015_46506,0,0,9/2/2015 7:20,7:20,15,0,0,75TH AVE E & GUN CLUB RD,1,1,0,0,1,1,,,45,0,0,0,0,0,4,2,13
,2015_46507,0,0,9/21/2015 7:50,7:50,12,0,0,ALAMEDA AVE E & CHERRY ST S,1,1,1,0,1,3,,,35,0,0,0,0,0,4,2,13
,2015_46508,0,0,12/10/2015 17:08,17:08,12,0,0,ALAMEDA AVE 1400 BLK E & HUMBOLDT ST S,1,3,0,0,1,4,,,30,0,0,0,0,0,4,2,13
,2015_46509,0,0,11/24/2015 8:57,8:57,12,0,0,ALAMEDA AVE E & MONACO ST S,1,1,0,0,1,3,,,35,0,0,0,0,0,4,2,1
,2015_46510,0,0,12/4/2015 9:18,9:18,1,0,2,ALAMEDA AVE E & UNIVERSITY BLVD S,1,1,1,0,1,1,,,30,0,0,0,0,2,4,2,13
,2015_46511,0,0,9/9/2015 16:23,16:23,3,0,0,ALBION ST S & IOWA AVE E,1,1,0,0,1,1,,,25,0,0,0,0,0,4,2,13
,2015_46512,0,0,10/20/2015 8:31,8:31,3,0,0,ARIZONA AVE E & BIRCH ST S,1,1,0,0,1,1,,,25,0,0,0,0,1,4,2,1
,2015_46513,0,0,10/14/2015 9:19,9:19,1,0,0,AURARIA PKWY & 11TH ST,1,1,0,0,1,1,,,35,0,0,0,0,0,4,2,13
,2015_46514,0,0,9/18/2015 8:55,8:55,15,0,0,BROADWAY ST 1000 BLK S & MISSISSIPPI AVE E,1,1,0,0,1,1,,,35,0,0,0,0,0,4,2,13
,2015_46515,0,0,11/10/2015 7:33,7:33,3,0,0,BRUCE RANDOLPH AVE E & COLORADO BLVD N,1,1,0,0,1,2,,,10,0,0,0,0,0,4,2,13
,2015_46516,0,0,11/17/2015 11:15,11:15,8,0,1,BUCHTEL BLVD E & MONROE ST S,6,1,0,0,1,4,,,35,0,0,0,0,2,4,2,16
,2015_46517,0,0,10/12/2015 17:45,17:45,12,0,0,CHERRY CREEK DR & 6500 BLK,1,2,0,0,1,3,,,35,0,0,0,0,0,4,2,13
,2015_46518,0,0,12/19/2015 19:02,19:02,12,0,0,CLAY ST 000 BLK S & 1ST AVE E,1,3,0,0,1,1,,,15,0,0,0,0,0,4,2,13
,2015_46519,0,0,10/21/2015 7:25,7:25,3,0,0,COLORADO AVE E & DOWNING ST S,2,2,0,1,1,1,,,25,0,0,0,0,0,4,2,13
,2015_46520,0,0,8/22/2015 19:35,19:35,3,0,0,CRYSTAL ST N & ANDREWS DR E,1,2,0,7,1,1,,,25,0,0,0,0,0,4,2,1
,2015_46521,0,0,11/22/2015 11:20,11:20,12,0,0,CURTIS ST & 19TH ST,1,1,0,0,1,4,,,30,0,0,0,0,0,4,2,16
,2015_46522,0,0,12/7/2015 13:10,13:10,10,0,0,DELAWARE ST S & HARVARD AVE W,1,1,0,0,1,2,,,30,0,0,0,0,0,4,2,13
,2015_46523,0,0,9/11/2015 19:51,19:51,15,0,0,DEPEW ST S & JEWELL AVE W,1,3,1,0,1,1,,,25,0,0,0,0,0,4,2,1
,2015_46524,0,0,12/14/2015 7:24,7:24,15,0,0,EVANS AVE 200 BLK W & BANNOCK ST S,1,1,0,0,1,4,,,35,0,0,0,0,0,4,2,7
,2015_46525,0,0,11/2/2015 15:23,15:23,15,0,0,EVANS AVE W & NAVAJO ST S,1,1,0,0,1,1,,,35,0,0,0,0,0,4,2,7
,2015_46526,0,0,10/15/2015 16:50,16:50,14,0,0,EVANS AVE 2300 BLK E & UNIVERSITY BLVD S,1,1,0,0,1,5,,,35,0,0,0,0,0,4,2,7
,2015_46527,0,0,11/6/2015 10:55,10:55,12,0,0,FLORIDA AVE W & ZUNI ST S,1,1,0,0,1,3,,,35,0,0,0,0,0,4,2,7
,2015_46528,0,0,10/7/2015 6:55,6:55,12,0,0,GLENARM PL & 17TH ST,1,1,0,0,1,4,,,25,0,0,0,0,0,4,2,16
,2015_46529,0,0,9/9/2015 7:19,7:19,3,0,0,GVR BLVD E & FLANDERS WAY N,1,1,0,0,1,1,,,35,0,0,0,0,0,4,2,7
,2015_46530,0,0,11/3/2015 7:55,7:55,12,0,0,HAVANA ST N & SMITH RD E,1,1,0,0,1,3,,,35,0,0,0,0,0,4,2,16
,2015_46531,0,0,9/8/2015 8:44,8:44,3,0,0,HOLLAND ST S & BELLEVIEW AVE W,1,1,0,0,1,1,,,25,0,0,0,0,0,4,2,6
,2015_46532,0,0,11/21/2015 8:40,8:40,3,0,0,KENDALL ST S & HAMPDEN AVE W SERVICE (NOT CDOT),5,1,0,0,1,1,,,35,0,0,0,0,1,4,2,16
,2015_46533,0,0,12/24/2015 16:05,16:05,3,0,0,KNOX CT N & 10TH AVE W,1,1,1,0,1,1,,,30,0,0,0,0,1,4,2,13
,2015_46534,0,0,10/29/2015 13:45,13:45,15,0,0,LARIMER ST & 2300 BLK,1,1,0,0,1,4,,,30,0,0,0,0,0,4,2,13
,2015_46535,0,0,8/18/2015 20:10,20:10,10,0,0,LAWRENCE ST & SPEER BLVD,1,3,0,0,1,1,,,30,0,0,0,0,0,4,2,13
,2015_46536,0,0,8/29/2015 11:45,11:45,3,0,0,LINCOLN ST N & 7TH AVE E,1,1,1,0,1,1,,,25,0,0,0,0,0,4,2,13
,2015_46537,0,0,9/11/2015 8:15,8:15,10,0,0,LOGAN ST & 1500 BLK,1,1,0,0,1,2,,,25,0,0,0,0,0,4,2,13
,2015_46538,0,0,9/30/2015 10:58,10:58,1,0,0,LOGAN ST S & OHIO AVE E,1,1,0,0,1,1,,,30,0,0,0,0,0,4,2,1
,2015_46539,0,0,9/17/2015 7:08,7:08,1,0,0,LOUISIANA AVE E & HIGH ST S,1,1,0,0,1,1,,,30,0,0,0,0,0,4,2,1
,2015_46540,0,0,9/3/2015 21:20,21:20,3,0,4,MLK BLVD & QUEBEC ST N,1,3,0,0,1,1,,,45,0,0,0,0,3,4,2,5
,2015_46541,0,0,10/21/2015 13:18,13:18,3,0,0,MISSISSIPPI AVE 4000 BLK & COLORADO BLVD,2,1,1,1,1,2,,,,0,0,0,0,0,4,2,7
,2015_46542,0,0,11/13/2015 21:35,21:35,12,0,0,MISSISSIPPI AVE 2500 BLK & TEJON ST S,1,3,0,0,1,4,,,35,0,0,0,0,0,4,2,3
,2015_46543,0,0,11/26/2015 14:02,14:02,3,0,1,MLK BLVD & HAVANA ST N,2,1,0,2,1,1,,,35,0,0,0,0,3,4,2,3
,2015_46544,0,0,8/26/2015 7:00,7:00,3,0,0,MONTVIEW BLVD & QUEBEC ST,1,1,0,0,1,2,,,25,0,0,0,0,0,4,2,13
,2015_46545,0,0,12/16/2015 14:57,14:57,12,0,0,MONTVIEW BLVD & XENIA ST N,5,1,0,0,1,1,,,35,0,0,0,0,0,4,2,13
,2015_46546,0,0,9/10/2015 13:03,13:03,12,0,0,OSAGE ST & 2000 BLK N,1,1,1,0,1,4,,,25,0,0,0,0,0,4,2,13
,2015_46547,0,0,9/2/2015 16:30,16:30,12,0,0,PARK AVE W 800 BLK & STOUT ST,1,1,0,0,1,4,,,30,0,0,0,0,0,4,3,13
,2015_46548,0,0,10/20/2015 18:35,18:35,12,0,0,PENA BLVD 5500 BLK & 56TH AVE E,1,3,0,0,1,1,,,45,0,0,0,0,1,4,2,13
,2015_46549,0,0,10/2/2015 18:56,18:56,15,0,0,PEORIA ST 4600 BLK N & 46TH AVE E,1,3,0,0,1,1,,,40,0,0,0,0,0,4,2,13
,2015_46550,0,0,10/23/2015 18:25,18:25,15,0,0,QUEBEC ST 3500 BLK N & 36TH AVE E,1,3,0,0,1,4,,,35,0,0,0,0,0,4,2,13
,2015_46551,0,0,10/1/2015 9:28,9:28,12,0,0,QUEBEC ST S & VIRGINIA AVE E,1,1,1,0,1,4,,,30,0,0,0,0,1,4,2,13
,2015_46552,0,0,9/10/2015 8:40,8:40,1,0,0,QUINCY AVE E & HAPPY CANYON RD E,1,1,0,0,1,1,,,35,0,0,0,0,0,4,2,13
,2015_46553,0,0,8/7/2015 13:24,13:24,12,0,0,14TH ST 600 BLK & WELTON ST,1,1,0,0,1,4,,,30,0,0,0,0,0,4,2,13
,2015_46554,0,0,8/20/2015 18:03,18:03,12,0,0,17TH ST & ARAPAHOE ST,1,1,0,0,1,1,,,30,0,0,0,0,0,4,2,1
,2015_46555,0,0,10/20/2015 9:43,9:43,15,0,0,17TH ST & BROADWAY ST N,1,1,1,0,1,1,,,30,0,0,0,0,0,4,2,1
,2015_46556,0,0,11/25/2015 20:34,20:34,3,0,0,18TH ST & MARKET ST,1,3,0,0,1,1,,,30,0,0,0,0,0,4,2,12
,2015_46557,0,0,12/27/2015 14:46,14:46,3,0,0,20TH ST & WELTON ST,5,1,0,0,1,1,,,25,0,0,0,0,0,4,2,8
,2015_46558,0,0,8/16/2015 12:22,12:22,3,0,0,21ST ST & STOUT ST,1,1,0,7,1,1,,,30,0,0,0,0,0,4,2,16
,2015_46559,0,0,10/15/2015 9:00,9:00,12,0,0,22ND ST & LAWRENCE ST,1,1,0,0,1,1,,,30,0,0,0,0,0,4,2,14
,2015_46560,0,0,10/21/2015 7:08,7:08,12,0,0,31ST ST & BRIGHTON BLVD,2,1,0,1,1,1,,,35,0,0,0,0,0,4,2,13
,2015_46561,0,0,10/23/2015 7:30,7:30,3,0,1,SMITH RD E & QUEBEC ST N,1,2,0,0,1,1,,,35,0,0,0,0,2,4,2,13
,2015_46562,0,0,9/29/2015 18:00,18:00,15,0,0,SPEER BLVD 1400 BLK N & 14TH AVE W,1,2,0,0,1,1,,,30,0,0,0,0,0,4,2,13
,2015_46563,0,0,10/26/2015 16:22,16:22,15,0,0,SPEER BLVD E & DOWNING ST N,1,1,0,0,1,4,,,30,0,0,0,0,0,4,2,1
,2015_46564,0,0,7/8/2015 21:45,21:45,15,0,0,SPEER BLVD 300 BLK E & GRANT ST N,1,1,0,0,1,1,,,35,0,0,0,0,0,4,2,14
,2015_46565,0,0,11/2/2015 7:30,7:30,15,0,0,STEELE ST & 42ND AVE E,1,1,0,0,1,4,,,30,0,0,0,0,0,4,2,7
,2015_46566,0,0,10/17/2015 9:56,9:56,3,0,0,STEELE ST S & MEXICO AVE E,1,1,0,0,1,1,,,25,0,0,0,0,0,4,2,13
,2015_46567,0,0,10/1/2015 21:40,21:40,3,0,0,ULSTER ST N & 37TH PL E,1,3,0,0,1,1,,,30,0,0,0,0,1,4,2,13
,2015_46568,0,0,10/20/2015 11:15,11:15,12,0,1,UNIVERSITY BLVD 1211 & ARIZONA AVE E,1,1,0,0,1,4,,,30,0,0,0,0,2,4,2,12
,2015_46569,0,0,11/17/2015 12:57,12:57,15,0,0,UNIVERSITY BLVD S & MISSISSIPPI AVE E,2,1,0,0,1,4,,,35,0,0,0,0,0,4,2,1
,2015_46570,0,0,10/26/2015 9:30,9:30,15,0,0,WALSH PL E & LINCOLN ST S,1,1,0,0,1,1,,,30,0,0,0,0,0,4,2,8
,2015_46571,0,0,10/12/2015 17:45,17:45,12,0,1,YALE AVE W & LOWELL BLVD S,1,1,0,0,1,1,,,30,0,0,0,0,2,4,2,14
,2015_46629,39.721058,-104.940629,10/19/2015 13:18,13:18,12,0,0,COLORADO BLVD 300 BLK N & 3RD AVE E,1,1,0,0,1,4,,,40,0,0,0,0,0,2,2,13
,2015_46639,39.706129,-104.940624,11/6/2015 9:09,9:09,15,0,0,CHERRY CREEK DR S & COLORADO BLVD S,1,1,0,0,1,1,,,35,0,0,0,0,0,2,2,16
,2015_46640,39.662225,-104.94059,10/26/2015 15:14,15:14,3,0,0,COLORADO BLVD S & CORNELL AVE E,1,1,0,0,1,2,,,35,0,0,0,0,0,2,2,1
,2015_46641,39.665663,-104.940603,10/2/2015 9:10,9:10,12,0,0,COLORADO BLVD 2700 BLK S & AMHERST AVE E,1,1,0,0,1,4,,,30,0,0,0,0,1,2,2,14
,2015_46642,39.678261,-104.94063,8/24/2015 15:31,15:31,15,0,0,COLORADO BLVD 2100 BLK S & EVANS AVE S,1,1,0,0,1,4,,,35,0,0,0,0,0,2,2,13
,2015_46643,39.720916,-104.940629,11/23/2015 17:19,17:19,1,0,0,COLORADO BLVD N & E 3RD AVE,1,3,0,0,1,1,,,35,0,0,0,0,0,2,2,7
,2015_46644,39.744898,-104.940606,12/19/2015 19:06,19:06,3,0,0,COLORADO BLVD & 18TH AVE E,1,3,0,0,1,1,,,25,0,0,0,0,0,2,2,13
,2015_46645,39.754512,-104.940549,12/20/2015 18:26,18:26,1,0,0,N COLORADO BLVD & E 26TH AVE,2,3,0,0,1,1,,,35,0,0,0,0,1,2,2,14
,2015_46646,39.772605,-104.940505,11/8/2015 7:22,7:22,12,0,0,COLORADO BLVD N & 40TH AVE E,1,1,0,0,1,3,,,35,0,0,0,0,1,2,2,13
,2015_46654,39.725457,-105.032462,8/15/2015 16:27,16:27,12,0,0,6TH AVE W & KNOX CT N,1,1,0,0,1,1,,,35,0,0,0,0,1,2,2,13
,2015_46655,39.72542,-105.025174,12/16/2015 11:04,11:04,15,0,0,FEDERAL BLVD N & 6TH AVE W,6,1,0,0,1,4,,,35,0,0,0,0,0,2,2,13
,2015_46677,39.628413,-104.904125,8/20/2015 10:12,10:12,5,0,1,I-25 & UNION AVE E,1,1,0,0,2,4,,,65,0,0,0,0,3,1,2,7
,2015_46678,39.637461,-104.909056,7/22/2015 18:13,18:13,15,0,0,I-25 & QUINCY AVE E,1,1,0,0,1,4,,,65,0,0,0,0,0,1,2,16
,2015_46679,39.648027,-104.915378,12/18/2015 19:32,19:32,12,0,0,I-25 & HAMPDEN AVE E,5,3,0,0,1,4,,,55,0,0,0,0,1,1,2,13
,2015_46680,39.649863,-104.916442,12/25/2015 19:35,19:35,15,0,0,I-25 & MM 201,4,3,0,2,1,4,,,65,0,0,0,0,0,1,2,13
,2015_46681,39.651098,-104.917161,8/20/2015 9:11,9:11,15,0,0,I-25 & HAMPDEN AVE E,1,1,0,0,1,4,,,65,0,0,0,0,0,1,2,16
,2015_46682,39.692284,-104.976903,9/16/2015 17:15,17:15,12,0,0,I-25 & EMERSON ST S,1,1,0,0,1,4,,,60,0,0,0,0,0,1,2,13
,2015_46683,39.679016,-104.934132,12/16/2015 16:50,16:50,12,0,0,I-25 NB ON RAMP & EVANS AVE,5,4,0,0,1,8,,,35,0,0,0,0,0,1,2,14
,2015_46684,39.68492,-104.959513,9/16/2015 15:53,15:53,12,0,0,I-25 & UNIVERSITY BLVD S,1,1,0,0,1,4,,,60,0,0,0,0,0,1,2,13
,2015_46685,39.697473,-104.982744,11/30/2015 17:58,17:58,15,0,0,I-25 & LOGAN ST,1,3,0,0,1,4,,,55,0,0,0,0,0,1,2,3
,2015_46686,39.701452,-104.987435,11/4/2015 17:18,17:18,12,0,0,I-25 & BROADWAY S,2,2,1,1,1,4,,,55,0,0,0,0,0,1,2,16
,2015_46687,39.707122,-104.996782,11/25/2015 16:03,16:03,12,0,0,I-25 & SANTA FE DR,1,1,0,0,1,4,,,55,0,0,0,0,0,1,2,3
,2015_46688,39.72543,-105.013021,11/14/2015 14:36,14:36,12,0,0,I-25 & 6TH AVE W,1,1,0,0,1,4,,,55,0,0,0,0,0,1,2,16
,2015_46689,39.72543,-105.013021,11/19/2015 14:39,14:39,12,0,0,I-25 & 6TH AVE W,1,1,0,0,1,4,,,55,0,0,0,0,0,1,2,3
,2015_46690,39.760997,-105.004275,10/30/2015 14:14,14:14,12,0,0,I-25 & 20TH ST,1,1,0,0,1,4,,,55,0,0,0,0,0,1,2,3
,2015_46691,39.760997,-105.004275,9/13/2015 13:15,13:15,12,0,0,20TH ST & I-25 SB RAMPS,1,1,0,0,1,1,,,25,0,0,0,0,0,1,2,13
,2015_46692,39.760997,-105.004275,11/17/2015 21:31,21:31,1,0,0,20TH ST & I-25 SB RAMPS,1,3,0,0,1,1,,,30,0,0,0,0,1,1,2,1
,2015_46693,39.768039,-104.994788,9/16/2015 14:12,14:12,12,0,0,I-25 & PARK AVE WEST,1,1,0,0,1,4,,,55,0,0,0,0,0,1,2,3
,2015_46694,39.768039,-104.994788,11/19/2015 13:46,13:46,12,0,0,I-25 & PARK AVE WEST,1,1,0,0,1,4,,,55,0,0,0,0,0,1,2,3
,2015_46708,39.653094,-104.912878,8/20/2015 8:35,8:35,15,0,0,HAMPDEN AVE E & MONACO PKWY S,1,1,0,0,1,4,,,40,0,0,0,0,0,2,2,13
,2015_46709,39.656781,-104.866409,11/26/2015 19:03,19:03,15,0,0,HAVANA ST S & GIRARD AVE E,5,3,0,2,1,4,,,45,0,0,0,0,0,2,2,16
,2015_46720,39.740354,-105.049796,10/19/2015 18:08,18:08,10,0,0,COLFAX AVE W & XAVIER ST N,1,1,1,0,1,1,,,30,0,0,0,0,0,2,2,13
,2015_46721,39.740024,-105.003331,9/8/2015 19:51,19:51,12,0,0,COLFAX AVE W & MARIPOSA ST N,1,3,0,0,1,4,,,35,0,0,0,0,1,2,2,13
,2015_46722,39.740008,-104.97989,9/9/2015 18:42,18:42,15,0,0,COLFAX AVE 600 BLK E & PEARL ST N,1,2,0,0,1,1,,,30,0,0,0,0,0,2,2,13
,2015_46723,39.740064,-104.926807,11/18/2015 12:21,12:21,3,0,0,FOREST ST N & COLFAX AVE E,1,1,0,0,1,1,,,25,0,0,0,0,1,2,2,16
,2015_46724,39.740076,-104.915921,9/8/2015 16:44,16:44,15,0,0,KRAMERIA ST N & COLFAX AVE E,1,1,0,0,1,4,,,30,0,0,0,0,0,2,2,13
,2015_46725,39.740079,-104.903501,10/5/2015 20:05,20:05,1,0,0,COLFAX AVE E & QUEBEC ST N,1,3,0,0,1,1,,,35,0,0,0,0,0,2,2,13
,2015_46744,39.783296,-105.008608,10/5/2015 7:37,7:37,12,0,1,I-70 EB OFF RAMP & QUIVAS ST OFFSET REF,1,1,1,0,1,8,,,55,0,0,0,0,3,1,2,3
,2015_46745,39.783138,-105.006328,10/15/2015 7:54,7:54,15,0,0,PECOS ST N & 48TH AVE W,1,1,0,0,1,6,,,30,0,0,0,0,0,1,2,7
,2015_46746,39.779435,-104.979009,9/22/2015 9:21,9:21,15,0,0,I-70 EB OFF RAMP & WASHINGTON ST 4600 BL,1,1,0,0,1,1,,,35,0,0,0,0,0,1,2,14
,2015_46747,39.779944,-104.940633,12/2/2015 16:24,16:24,12,0,0,I-70 & COLORADO BLVD N,1,1,0,0,1,4,,,55,0,0,0,0,0,1,2,13
,2015_46748,39.777095,-104.882471,11/13/2015 6:06,6:06,12,0,0,I-70 EB ON RAMP & CENTRAL PARK BLVD,1,1,0,0,1,1,,,35,0,0,0,0,0,1,2,7
,2015_46749,39.776953,-104.880919,11/19/2015 16:52,16:52,12,0,2,I-70 & CENTRAL PARK BLVD N,1,3,0,0,1,4,,,55,0,0,0,0,3,1,2,16
,2015_46750,39.775623,-104.865778,11/3/2015 8:20,8:20,12,0,0,I-70 & HAVANA ST N,1,1,0,0,1,4,,,55,0,0,0,0,0,1,2,16
,2015_46751,39.775297,-104.861993,11/3/2015 8:00,8:00,12,0,0,I-70 & HAVANA ST N,1,1,0,0,1,4,,,55,0,0,0,0,1,1,2,1
,2015_46752,39.774005,-104.847034,9/25/2015 19:20,19:20,12,0,0,I-70 & PEORIA ST N,1,3,0,0,1,4,,,55,0,0,0,0,0,1,2,13
,2015_46753,39.774005,-104.847034,11/24/2015 21:32,21:32,15,0,0,I-70 & PEORIA ST N,1,3,1,0,1,4,,,55,0,0,0,0,0,1,2,12
,2015_46754,39.773525,-104.841401,12/18/2015 15:00,15:00,12,0,0,I-70 WB OFF RAMP & PEORIA ST N,2,1,1,0,1,8,,,55,0,0,0,0,1,1,2,13
,2015_46788,39.682241,-105.053199,9/29/2015 23:35,23:35,1,0,0,SHERIDAN BLVD S & JEWELL AVE W,1,3,0,0,1,1,,,30,0,0,0,0,1,2,2,13
,2015_46793,39.733137,-105.053226,8/11/2015 20:36,20:36,12,0,0,10TH AVE W & SHERIDAN BLVD,1,4,0,0,1,3,,,30,0,0,0,0,0,2,2,13
,2015_46805,39.624104,-105.09105,12/27/2015 20:10,20:10,1,0,0,BELLEVIEW AVE W & WADSWORTH BLVD S,1,3,0,0,1,1,,,35,0,0,0,0,0,2,2,3
,2015_46823,39.639275,-104.885096,11/2/2015 15:58,15:58,3,0,1,YOSEMITE ST S & I-225 SB RAMPS,1,5,0,0,1,1,,,40,0,0,0,0,2,1,2,7
,2015_46830,39.654312,-105.037374,11/4/2015 8:32,8:32,15,0,0,HWY 285 & 3800 BLK W,1,1,0,0,1,4,,,55,0,0,0,0,1,2,2,16
,2015_46835,39.652949,-104.94065,9/13/2015 7:04,7:04,1,0,0,HAMPDEN AVE E & COLORADO BLVD S,1,1,0,0,1,1,,,40,0,0,0,0,0,2,2,13
,2015_46836,39.756111,-105.025131,8/21/2015 15:30,15:30,12,0,1,FEDERAL BLVD N & 27TH AVE W,1,1,0,0,1,4,,,35,0,0,0,0,2,2,2,7
,2015_46837,39.783839,-105.025212,9/30/2015 14:40,14:40,1,0,0,FEDERAL BLVD N & I-70 EB RAMPS,1,1,0,0,1,1,,,35,0,0,0,0,0,2,2,14
,2015_46932,0,0,11/10/2015 8:19,8:19,1,0,0,1ST AVE E & CLAYTON LN N,1,1,0,0,1,1,,,35,0,0,0,0,0,4,2,14
,2015_46933,0,0,9/8/2015 12:40,12:40,10,0,0,1ST AVE E & FILLMORE ST N,1,1,0,0,1,1,,,30,0,0,0,0,0,4,2,8
,2015_46934,0,0,10/28/2015 16:00,16:00,3,0,0,2ND AVE W & KNOX CT N,1,1,0,0,1,1,,,25,0,0,0,0,1,4,2,1
,2015_46935,0,0,10/30/2015 14:25,14:25,15,0,0,6TH AVE W & BANNOCK ST N,1,1,0,0,1,1,,,35,0,0,0,0,0,4,2,13
,2015_46936,0,0,9/30/2015 11:17,11:17,15,0,0,6TH AVE E & BROADWAY ST N,1,1,0,0,1,1,,,30,0,0,0,0,0,4,2,14