id,drcog_id,latitude,longitude,crashtime,time,crashtype,numbkilled,numbinjurd,drcoglocat,rdconditin,lightngcon,roadcntgrd,weatherco,location,roaddescrp,schoolzone,constrzone,splimit,bikeinv,pedinv,sctrinv,motoinv,svrty,rdsystem,ttlvehcls,hcf
,2015_46937,0,0,11/8/2015 14:30,14:30,10,0,0,BROADWAY ST N & 6TH AVE W,1,1,0,0,1,2,,,35,0,0,0,0,0,4,2,8
,2015_46938,0,0,10/22/2015 16:40,16:40,12,0,0,6TH AVE E & JOSEPHINE ST N,2,1,0,1,1,4,,,30,0,0,0,0,1,4,2,13
,2015_46939,0,0,9/18/2015 9:00,9:00,3,0,0,10TH AVE E & JASMINE ST N,1,1,0,0,1,1,,,20,0,0,0,0,0,4,2,7
,2015_46940,0,0,9/2/2015 13:00,13:00,12,0,0,18TH AVE E & YORK ST N,1,1,0,0,1,1,,,30,0,0,0,0,0,4,2,1
,2015_46941,0,0,11/8/2015 17:43,17:43,3,0,0,29TH AVE W & SPEER BLVD N,1,3,0,0,1,1,,,35,0,0,0,0,0,4,2,13
,2015_46942,0,0,11/5/2015 9:03,9:03,3,0,0,37TH AVE W & TEJON ST N,2,1,0,1,1,1,,,20,0,0,0,0,1,4,2,16
,2015_46943,0,0,8/27/2015 16:27,16:27,3,0,0,41ST AVE 3300 BLK W & JULIAN ST N,1,1,0,0,1,5,,,25,0,0,0,0,0,4,2,13
,2015_46944,0,0,11/10/2015 16:50,16:50,3,0,0,35TH AVE E & QUEBEC ST N,1,2,0,0,1,1,,,35,0,0,0,0,0,4,2,8
,2015_46945,39.739998,-104.978671,6/6/2015 22:23,22:23,10,0,0,COLFAX AVE E & WASHINGTON ST N,1,3,0,0,1,1,,,25,0,0,0,0,0,2,2,13
,2015_46946,0,0,12/12/2015 10:43,10:43,1,0,0,ALAMEDA AVE E & MONACO ST S,2,1,0,2,1,1,,,35,0,0,0,0,0,4,2,13
,2015_46947,0,0,8/25/2015 14:03,14:03,1,0,0,ALAMEDA AVE W & SANTA FE DR S,1,1,0,0,1,1,,,30,0,0,0,0,0,4,2,13
,2015_46948,0,0,9/9/2015 8:23,8:23,12,0,0,ALAMEDA AVE 2200 BLK E & YORK ST S,1,1,1,0,1,4,,,30,0,0,0,0,1,4,2,1
,2015_46949,0,0,12/27/2015 13:42,13:42,15,0,0,BROADWAY ST 1000 BLK N & 10TH AVE E,1,1,0,0,1,4,,,30,0,0,0,0,1,4,2,13
,2015_46950,0,0,10/24/2015 19:50,19:50,10,0,0,BROADWAY ST 000 BLK S & ARCHER PL W,1,3,0,0,1,1,,,35,0,0,0,0,1,4,2,8
,2015_46951,0,0,11/16/2015 10:50,10:50,12,0,0,BROADWAY S & IOWA AVE E,1,1,1,0,1,3,,,35,0,0,0,0,0,4,2,16
,2015_46952,0,0,10/15/2015 11:50,11:50,3,0,0,BROADWAY ST 100 BLK S & MAPLE AVE W,1,1,0,0,1,1,,,35,0,0,0,0,0,4,2,13
,2015_46953,0,0,12/12/2015 9:45,9:45,14,0,0,BUCHTEL BLVD & EMERSON ST S,2,1,0,2,1,1,,,30,0,0,0,0,0,4,2,13
,2015_46954,0,0,10/6/2015 8:15,8:15,15,0,0,CHAMPA ST & 20TH ST,1,1,0,0,1,1,,,25,0,0,0,0,0,4,2,13
,2015_46955,0,0,12/4/2015 15:30,15:30,3,0,0,CRESTLINE AVE & 8200 BLK W,1,1,0,0,1,1,,,25,0,0,0,0,0,4,2,8
,2015_46956,0,0,12/9/2015 14:36,14:36,3,0,0,DAKOTA AVE E & FRANKLIN ST S,1,1,1,0,1,1,,,25,0,0,0,0,0,4,2,13
,2015_46957,0,0,12/13/2015 13:39,13:39,3,0,0,DTC BLVD S & CARRIAGE PL,1,1,0,0,1,1,,,15,0,0,0,0,0,4,2,1
,2015_46958,0,0,9/15/2015 18:21,18:21,3,0,0,EVANS AVE E & HOLLY ST S,1,1,0,0,1,1,,,35,0,0,0,0,0,4,2,13
,2015_46959,0,0,10/1/2015 13:55,13:55,3,0,0,EVANS AVE 5300 BLK E & LEYDEN ST S,1,1,0,0,1,2,,,35,0,0,0,0,0,4,2,13
,2015_46961,0,0,8/28/2015 15:12,15:12,3,0,0,EXPOSITION AVE E & KRAMERIA ST S,1,1,0,0,1,1,,,15,0,0,0,0,0,4,2,3
,2015_46962,0,0,9/26/2015 8:03,8:03,15,0,0,FONTANA CT N & 50TH DR E,1,1,0,0,1,4,,,15,0,0,0,0,0,4,2,14
,2015_46963,0,0,10/16/2015 17:55,17:55,12,0,0,FOX ST 4800 BLK N & 48TH AVE W,1,1,0,0,1,1,,,25,0,0,0,0,0,4,2,3
,2015_46964,0,0,10/20/2015 6:50,6:50,12,0,0,HAVANA ST 4600 BLK N & 47TH AVE,1,1,0,0,1,4,,,40,0,0,0,0,0,4,3,13
,2015_46965,0,0,10/21/2015 16:52,16:52,12,0,0,HOLLY ST 1100 BLK S & CHERRY CREEK DR S E,2,1,0,1,1,3,,,30,0,0,0,0,0,4,2,3
,2015_46966,0,0,10/21/2015 7:50,7:50,3,0,0,HUDSON ST S & YALE AVE E,2,1,1,1,1,1,,,30,0,0,0,0,0,4,2,13
,2015_46967,0,0,9/28/2015 12:25,12:25,12,0,0,ILIFF AVE 9800 BLK E & PARKER RD S,1,1,0,0,1,3,,,35,0,0,0,0,1,4,2,3
,2015_46968,0,0,10/4/2015 22:10,22:10,3,0,0,IRVING ST N & 21ST AVE W,1,4,0,0,1,1,,,25,0,0,0,0,0,4,2,13
,2015_46969,0,0,11/30/2015 11:13,11:13,12,0,0,KALAMATH ST N & 7TH AVE W,2,1,0,0,1,1,,,30,0,0,0,0,0,4,2,8
,2015_46970,0,0,9/2/2015 22:40,22:40,12,0,0,LARIMER ST & 2000 BLK,1,3,0,0,1,4,,,30,0,0,0,0,0,4,2,5
,2015_46971,0,0,10/21/2015 16:22,16:22,15,0,0,LINCOLN ST 500 BLK N & 5TH AVE E,2,1,0,1,1,4,,,30,0,0,0,0,0,4,2,8
,2015_46972,0,0,11/14/2015 3:30,3:30,10,0,0,LINCOLN ST N & 12TH AVE E,1,3,0,0,1,1,,,30,0,0,0,0,0,4,2,8
,2015_46973,0,0,11/6/2015 8:00,8:00,15,0,0,LINCOLN ST N & 17TH AVE E,1,1,0,0,1,4,,,30,0,0,0,0,0,4,2,16
,2015_46974,0,0,9/26/2015 16:34,16:34,12,0,0,LINCOLN ST N & ELLSWORTH AVE E,1,1,0,0,1,4,,,30,0,0,0,0,0,4,2,1
,2015_46975,0,0,7/18/2015 16:35,16:35,6,0,0,LITTLE RAVEN ST & 1900 BLK,1,1,1,7,1,4,,,25,0,0,0,0,0,4,2,14
,2015_46976,0,0,9/30/2015 17:20,17:20,12,0,0,LOGAN ST 100 BLK N & 1ST AVE,1,2,0,0,1,4,,,30,0,0,0,0,0,4,2,13
,2015_46977,0,0,12/21/2015 8:23,8:23,3,0,0,MLK BLVD & QUEBEC ST N,1,1,0,0,1,1,,,35,0,0,0,0,0,4,2,8
,2015_46978,0,0,9/18/2015 15:35,15:35,3,0,0,MAXWELL PL E & DUNKIRK ST N,1,5,0,0,1,1,,,35,0,0,0,0,1,4,2,13
,2015_46979,0,0,12/9/2015 9:10,9:10,12,0,0,MISSISSIPPI AVE W & BROADWAY ST S,1,1,1,0,1,4,,,30,0,0,0,0,0,4,3,13
,2015_46980,0,0,11/17/2015 16:20,16:20,3,0,0,MISSISSIPPI AVE E & ONEIDA ST S,5,1,0,0,1,1,,,,0,0,0,0,0,4,2,7
,2015_46981,0,0,12/3/2015 13:34,13:34,3,0,0,MISSISSIPPI AVE E & SHERMAN ST S,1,1,0,0,1,1,,,25,0,0,0,0,0,4,2,14
,2015_46982,0,0,8/17/2015 7:44,7:44,12,0,0,MLK BLVD E & CLAYTON ST N,1,1,0,7,1,4,,,30,0,0,0,0,1,4,2,16
,2015_46983,0,0,10/22/2015 15:50,15:50,12,0,0,MONTVIEW BLVD E & ROSLYN ST N,2,1,0,1,1,1,,,30,0,0,0,0,0,4,2,13
,2015_46984,0,0,9/8/2015 15:04,15:04,6,0,0,OSCEOLA ST & 2600 BLK N,1,1,1,0,1,4,,,25,0,0,0,0,0,4,2,13
,2015_46985,0,0,12/3/2015 17:18,17:18,12,0,0,PARK AVE W 1500 BLK & BLAKE ST,2,3,0,0,1,4,,,35,0,0,0,0,0,4,2,14
,2015_46986,0,0,9/2/2015 20:44,20:44,12,0,0,PARK AVE W & GLOBEVILLE RD N,1,3,1,0,1,1,,,35,0,0,0,0,1,4,2,13
,2015_46987,0,0,9/21/2015 18:17,18:17,15,0,0,PARK AVE W & WAZEE ST,1,1,0,0,1,2,,,30,0,0,0,0,0,4,2,8
,2015_46988,0,0,12/14/2015 17:27,17:27,12,0,0,PARK AVE W 1500 BLK & WAZEE ST,1,2,0,0,1,4,,,30,0,0,0,0,1,4,2,7
,2015_46989,0,0,9/9/2015 18:50,18:50,3,0,0,PECOS ST N & 38TH AVE W,1,1,1,0,1,1,,,30,0,0,0,0,0,4,2,13
,2015_46990,0,0,10/27/2015 16:20,16:20,12,0,0,PENA BLVD 4700 BLK & GVR BLVD,1,1,0,7,1,1,,,45,0,0,0,0,1,4,2,13
,2015_46991,0,0,8/27/2015 17:14,17:14,12,0,0,PEORIA ST N & 56TH AVE E,1,1,1,0,1,1,,,40,0,0,0,0,0,4,2,7
,2015_46992,0,0,12/12/2015 15:40,15:40,3,0,0,PEORIA ST 4600 BLK N & ALBROOK DR E,4,1,0,2,1,2,,,35,0,0,0,0,0,4,2,7
,2015_46993,0,0,11/21/2015 1:00,1:00,12,0,0,QUEBEC ST & 2300 BLK N,5,3,0,2,1,4,,,30,0,0,0,0,0,4,2,1
,2015_46994,0,0,10/5/2015 13:50,13:50,12,0,0,QUEBEC ST 200 BLK N & 3RD AVE E,1,1,0,0,1,3,,,30,0,0,0,0,0,4,2,1
,2015_46995,0,0,12/16/2015 13:37,13:37,3,0,0,QUEBEC ST S & MISSISSIPPI AVE E,2,1,0,0,1,1,,,35,0,0,0,0,0,4,2,2
,2015_46996,0,0,9/29/2015 17:33,17:33,3,0,0,RAMPART WAY N & ACADEMY BLVD E,1,1,0,0,1,1,,,25,0,0,0,0,1,4,2,3
,2015_46997,0,0,11/27/2015 9:15,9:15,15,0,0,RARITAN ST & 30 S,5,1,0,2,1,4,,,25,0,0,0,0,0,4,2,7
,2015_46998,0,0,9/5/2015 17:23,17:23,12,0,0,14TH ST & BLAKE ST,1,1,0,0,1,1,,,30,0,0,0,0,0,4,2,7
,2015_46999,0,0,8/25/2015 21:22,21:22,15,0,0,15TH ST & GLENARM ST,1,3,0,0,1,1,,,25,0,0,0,0,0,4,2,8
,2015_47000,0,0,8/26/2015 18:40,18:40,12,0,0,15TH ST 1200 BLK & LAWRENCE ST,1,1,0,0,1,4,,,25,0,0,0,0,0,4,2,1
,2015_47001,0,0,8/9/2015 13:20,13:20,12,0,0,15TH ST 2200 BLK & PLATTE ST,1,1,0,0,1,4,,,30,0,0,0,0,0,4,2,1
,2015_47002,0,0,11/16/2015 9:44,9:44,15,0,0,BROADWAY & 16TH AVE,1,1,0,0,1,1,,,30,0,0,0,0,0,4,2,16
,2015_47004,0,0,12/16/2015 10:00,10:00,12,0,0,17TH ST & CALIFORNIA ST,5,1,0,0,1,1,,,30,0,0,0,0,0,4,2,13
,2015_47005,0,0,9/9/2015 8:15,8:15,12,0,0,20TH ST 1900 BLK & CHESTNUT PL,1,1,0,0,1,3,,,30,0,0,0,0,0,4,2,13
,2015_47006,0,0,11/24/2015 14:00,14:00,15,0,0,SPEER BLVD & 3100 BLK N,1,1,0,0,1,4,,,30,0,0,0,0,0,4,2,3
,2015_47007,0,0,12/19/2015 9:44,9:44,3,0,0,SPEER BLVD 800 BLK N & 8TH AVE W,2,1,0,1,1,1,,,35,0,0,0,0,0,4,2,13
,2015_47008,0,0,8/17/2015 16:45,16:45,15,0,0,SPEER BLVD N & COLFAX AVE W,1,1,0,0,1,4,,,35,0,0,0,0,1,4,2,13
,2015_47009,0,0,10/28/2015 16:30,16:30,12,0,0,SPEER BLVD & STOUT ST,1,1,1,0,1,1,,,30,0,0,0,0,0,4,2,13
,2015_47010,0,0,9/12/2015 9:20,9:20,1,0,0,SPEER BLVD N & WEWATTA ST,1,1,1,0,1,1,,,35,0,0,0,0,0,4,2,13
,2015_47011,0,0,12/17/2015 11:32,11:32,15,0,0,ST PAUL ST 1900 BLK S & BUCHTEL BLVD E,4,1,0,0,1,1,,,25,0,0,0,0,0,4,2,1
,2015_47012,0,0,10/14/2015 12:50,12:50,3,0,0,TAMARAC DR S & EASTMAN AVE E,1,1,0,0,1,1,,,30,0,0,0,0,0,4,2,13
,2015_47013,0,0,11/9/2015 8:19,8:19,3,0,0,TAMARAC ST S & GIRARD AVE E,1,1,0,0,1,1,,,30,0,0,0,0,0,4,2,16
,2015_47014,0,0,12/11/2015 7:50,7:50,3,0,0,TEJON ST 3400 BLK N & 35TH AVE W,1,1,0,0,1,1,,,35,0,0,0,0,0,4,2,14
,2015_47015,0,0,9/26/2015 12:52,12:52,3,0,0,UNIVERSITY BLVD S & ALAMEDA AVE,1,1,1,0,1,1,,,30,0,0,0,0,1,4,2,13
,2015_47016,0,0,9/11/2015 21:57,21:57,1,0,1,UNIVERSITY BLVD S & VASSAR AVE E,1,3,0,0,1,1,,,30,0,0,0,0,2,4,2,7
,2015_47017,0,0,10/22/2015 19:10,19:10,15,0,0,UNIVERSITY BLVD S & WESLEY AVE E,2,3,0,1,1,4,,,25,0,0,0,0,0,4,2,13
,2015_47018,0,0,12/8/2015 17:51,17:51,12,0,0,UNIVERSITY BLVD S & WESLEY AVE E,1,3,1,0,1,1,,,35,0,0,0,0,1,4,2,3
,2015_47019,0,0,11/5/2015 8:25,8:25,8,0,0,WARREN AVE W & TENNYSON WAY S,2,1,1,0,1,4,,,25,0,0,0,0,1,4,2,1
,2015_47020,0,0,8/18/2015 8:34,8:34,12,0,0,WASHINGTON ST 5000 BLK N & 51ST AVE E,1,1,0,7,1,4,,,35,0,0,0,0,0,4,2,14
,2015_47021,0,0,9/25/2015 0:01,0:01,12,0,0,WAZEE ST 1500 BLK & 16TH ST,1,3,0,0,1,4,,,35,0,0,0,0,0,4,2,14
,2015_47094,39.696625,-104.940562,11/20/2015 12:36,12:36,12,0,0,MISSISSIPPI AVE E & COLORADO BLVD S,1,1,0,0,1,1,,,35,0,0,0,0,0,2,2,16
,2015_47096,39.714614,-104.940629,9/1/2015 16:58,16:58,12,0,0,COLORADO BLVD S & BAYAUD AVE E,1,1,0,0,1,1,,,40,0,0,0,0,0,2,2,13
,2015_47097,39.653245,-104.940593,11/3/2015 17:05,17:05,12,0,0,COLORADO BLVD SB OFF SLIP & HAMPDEN AVE E,1,1,3,0,1,1,,,35,0,0,0,0,0,2,2,3
,2015_47098,39.729182,-104.940625,8/3/2015 22:30,22:30,3,0,0,COLORADO BLVD N & 8TH AVE E,1,3,0,0,1,1,,,30,0,0,0,0,0,2,2,7
,2015_47099,39.729182,-104.940625,8/18/2015 13:40,13:40,3,0,0,8TH AVE E & COLORADO BLVD N,1,1,0,0,1,1,,,35,0,0,0,0,0,2,2,13
,2015_47100,39.736767,-104.940616,9/3/2015 12:25,12:25,12,0,0,COLORADO BLVD N & 13TH AVE E,1,1,0,0,1,1,,,10,0,0,0,0,0,2,2,13
,2015_47101,39.740086,-104.940612,8/23/2015 13:07,13:07,12,0,0,COLORADO BLVD N & COLFAX AVE E,1,1,0,0,1,1,,,35,0,0,0,0,0,2,2,13
,2015_47102,39.765639,-104.940496,11/15/2015 0:50,0:50,1,0,0,COLORADO BLVD N & 35TH AVE E,1,3,0,0,1,1,,,40,0,0,0,0,0,2,2,16
,2015_47103,39.772893,-104.940506,10/13/2015 9:40,9:40,15,0,0,40TH AVE E & COLORADO BLVD N,1,1,0,0,1,1,,,40,0,0,0,0,0,2,2,7
,2015_47110,39.725552,-105.039373,10/10/2015 10:35,10:35,3,0,0,PERRY ST N & 6TH AVE W,1,1,0,0,1,1,,,30,0,0,0,0,0,2,2,7
,2015_47111,39.725211,-105.017879,8/22/2015 9:45,9:45,12,0,0,6TH AVE W & I-25,1,1,0,0,1,4,,,55,0,0,0,0,0,2,2,8
,2015_47134,39.755141,-105.012706,11/19/2015 7:49,7:49,12,0,1,I-25 & SPEER BLVD N,1,1,0,0,1,4,,,55,0,0,0,0,2,1,2,1
,2015_47135,39.768039,-104.994788,12/7/2015 12:15,12:15,12,0,0,38TH AVE W & FOX ST N/I-25 SB RAMP,1,1,0,0,1,1,,,30,0,0,0,0,0,1,2,3
,2015_47142,39.711155,-105.022584,9/1/2015 18:10,18:10,1,0,0,ALAMEDA AVE W & DECATUR ST S,1,1,1,0,1,1,,,35,0,0,0,0,0,2,2,7
,2015_47143,39.653088,-104.915267,10/20/2015 0:05,0:05,1,0,0,LOCUST ST S & HAMPDEN AVE E,1,3,0,0,1,1,,,25,0,0,0,0,0,2,2,8
,2015_47144,39.653054,-104.884764,8/20/2015 12:53,12:53,14,0,0,HAMPDEN AVE E & YOSEMITE ST S,1,1,0,0,1,1,,,45,0,0,0,0,0,2,2,3
,2015_47145,39.670857,-104.866047,12/23/2015 9:34,9:34,1,0,0,S HAVANA ST & S PARKER RD,1,1,0,0,1,1,,,45,0,0,0,0,0,2,2,13
,2015_47149,39.781956,-104.901624,12/4/2015 22:00,22:00,10,0,0,NORTHFIELD QUEBEC ST N & SAND CREEK RD S,1,3,0,0,1,1,,,40,0,0,0,0,0,2,2,7
,2015_47150,39.782368,-104.901295,11/24/2015 16:38,16:38,15,0,0,NORTHFIELD QUEBEC ST N & I-270 EB/SB OFF LOOP,1,3,2,0,1,4,,,35,0,0,0,0,0,2,2,16
,2015_47157,39.740322,-105.053272,8/13/2015 13:41,13:41,12,0,0,COLFAX AVE W & SHERIDAN BLVD,1,1,0,0,1,1,,,35,0,0,0,0,0,2,2,4
,2015_47158,39.740306,-105.014081,11/20/2015 7:40,7:40,15,0,0,COLFAX AVE W & I-25,1,1,0,0,1,4,,,40,0,0,0,0,1,2,2,16
,2015_47159,39.740048,-104.999949,10/2/2015 17:57,17:57,14,0,0,COLFAX AVE W & KALAMATH ST N,1,1,0,0,1,1,,,35,0,0,0,0,0,2,2,13
,2015_47160,39.740013,-104.995597,9/13/2015 19:35,19:35,1,0,0,COLFAX AVE W & GLENARM PL,1,3,0,0,1,1,,,30,0,0,0,0,1,2,2,13
,2015_47161,39.740185,-104.957833,10/23/2015 22:01,22:01,12,0,0,COLFAX AVE 2400 BLK E & COLUMBINE ST N,1,3,0,0,1,4,,,30,0,0,0,0,1,2,2,5
,2015_47162,39.740157,-104.952763,11/18/2015 9:25,9:25,15,0,0,COLFAX AVE E & MILWAUKEE ST N (RD N),1,1,0,0,1,4,,,30,0,0,0,0,0,2,2,16
,2015_47163,39.740064,-104.926807,9/20/2015 12:37,12:37,3,0,0,COLFAX AVE E & FOREST ST N,1,1,0,0,1,1,,,35,0,0,0,0,0,2,2,13
,2015_47183,39.783653,-105.044628,9/20/2015 23:30,23:30,12,0,0,I-70 & SHERIDAN BLVD N,1,3,0,0,1,4,,,55,0,0,0,0,0,1,2,5
,2015_47184,39.784221,-105.025096,10/18/2015 12:40,12:40,15,0,0,I-70 & FEDERAL BLVD N,1,1,0,0,1,4,,,55,0,0,0,0,0,1,2,14
,2015_47185,39.777576,-104.887802,10/14/2015 16:55,16:55,12,0,0,I-70 & CENTRAL PARK BLVD N,1,1,0,0,1,4,,,55,0,0,0,0,0,1,2,14
,2015_47186,39.777095,-104.882471,9/13/2015 0:20,0:20,15,0,0,I-70 & CENTRAL PARK BLVD N,1,3,0,0,1,4,,,55,0,0,0,0,0,1,2,13
,2015_47187,39.777095,-104.882471,10/16/2015 12:56,12:56,1,0,2,CENTRAL PARK BLVD N & I-70,1,1,2,0,1,1,,,35,0,0,0,0,2,1,2,13
,2015_47195,39.702965,-104.912888,10/16/2015 10:35,10:35,1,0,0,LEETSDALE DR & MONACO PKWY S,1,1,0,0,1,1,,,35,0,0,0,0,0,2,2,13
,2015_47202,39.725493,-105.025119,8/23/2015 16:07,16:07,12,0,0,FEDERAL BLVD N & 6TH AVE W,1,1,0,0,1,4,,,35,0,0,0,0,0,2,2,3
,2015_47203,39.693397,-105.025039,11/19/2015 7:30,7:30,15,0,0,FEDERAL BLVD S & LOUISIANA AVE W,1,1,0,0,1,4,,,35,0,0,0,0,1,2,2,7
,2015_47208,39.656175,-105.053223,9/10/2015 14:10,14:10,15,0,0,DARTMOUTH AVE W & SHERIDAN BLVD S,1,1,0,0,1,1,,,30,0,0,0,0,0,2,2,2
,2015_47212,39.783855,-105.053278,9/25/2015 17:41,17:41,12,0,0,SHERIDAN BLVD & 4800 BLK N,1,1,1,0,1,4,,,35,0,0,0,0,1,2,2,13
,2015_47218,39.626791,-105.090093,10/2/2015 13:18,13:18,12,0,0,WADSWORTH BLVD & 4900 BLK S,1,1,1,1,1,4,,,40,0,0,0,0,0,2,2,1
,2015_47241,39.635523,-104.89346,9/6/2015 8:25,8:25,12,0,0,I-225 & TAMARAC ST S,1,1,0,0,1,4,,,55,0,0,0,0,0,1,2,1
,2015_47247,39.778382,-104.896877,9/2/2015 16:22,16:22,12,0,0,I-270 OVERPASS & I-70,1,1,1,0,1,4,,,55,0,0,0,0,1,1,2,13
,2015_47249,39.751249,-105.025139,11/14/2015 12:40,12:40,12,0,0,FEDERAL BLVD N & 23RD AVE W,1,1,0,0,1,1,,,35,0,0,0,0,0,2,2,13
,2015_47366,0,0,11/7/2015 19:56,19:56,15,0,0,6TH AVE W & FOX ST N,1,3,0,0,1,4,,,30,0,0,0,0,0,4,2,16
,2015_47367,0,0,12/8/2015 8:21,8:21,15,0,0,6TH AVE W & FOX ST N,1,1,0,0,1,1,,,35,0,0,0,0,0,4,2,13
,2015_47368,0,0,12/18/2015 11:40,11:40,12,0,0,10TH AVE E & QUEBEC ST N,5,1,0,0,1,1,,,30,0,0,0,0,0,4,2,7
,2015_47369,0,0,10/15/2015 17:12,17:12,3,0,0,11TH AVE & 900 BLK W,1,1,1,0,1,5,,,20,0,0,0,0,0,4,2,13
,2015_47370,0,0,12/19/2015 9:37,9:37,5,0,0,13TH AVE E & FILLMORE ST N,5,1,0,0,2,1,,,25,0,0,0,0,0,4,2,5
,2015_47371,0,0,9/21/2015 18:15,18:15,3,0,0,13TH AVE E & GILPIN ST N,1,1,0,0,1,1,,,25,0,0,0,0,0,4,2,13
,2015_47372,0,0,9/21/2015 12:36,12:36,6,0,0,13TH AVE E & HUMBOLDT ST N,1,1,0,0,1,1,,,25,0,0,0,0,1,4,2,13
,2015_47373,0,0,11/29/2015 19:50,19:50,3,0,0,14TH AVE E & FRANKLIN ST N,4,3,0,2,1,1,,,25,0,0,0,0,1,4,2,13
,2015_47374,0,0,12/11/2015 17:09,17:09,3,0,0,17TH AVE E & HUDSON ST N,1,3,0,0,1,1,,,25,0,0,0,0,1,4,2,13
,2015_47375,0,0,10/30/2015 13:44,13:44,3,0,0,17TH AVE E & UINTA ST N,1,1,0,0,1,1,,,25,0,0,0,0,0,4,2,2
,2015_47376,0,0,9/12/2015 11:50,11:50,10,0,0,18TH AVE & 300 BLK E,1,1,1,0,1,2,,,30,0,0,0,0,0,4,2,13
,2015_47378,0,0,11/8/2015 0:10,0:10,15,0,0,18TH AVE E & BROADWAY ST N,1,3,0,0,1,1,,,25,0,0,0,0,0,4,2,16
,2015_47379,0,0,11/20/2015 16:08,16:08,3,0,0,19TH AVE E & SYRACUSE ST N,2,3,0,1,1,1,,,25,0,0,0,0,0,4,2,16
,2015_47380,0,0,12/4/2015 12:16,12:16,3,0,0,25TH AVE E & CLARKSON ST N,1,1,0,0,1,1,,,25,0,0,0,0,0,4,2,14
,2015_47381,0,0,11/27/2015 16:05,16:05,1,0,0,29TH AVE E & QUEBEC ST N,5,2,0,2,1,1,,,35,0,0,0,0,1,4,2,14
,2015_47382,0,0,10/26/2015 16:21,16:21,3,0,0,36TH AVE E & NIAGARA ST N,1,1,0,0,1,1,,,25,0,0,0,0,0,4,2,16
,2015_47383,0,0,9/19/2015 12:20,12:20,1,0,0,38TH AVE W & LOWELL BLVD N,1,1,0,0,1,1,,,30,0,0,0,0,0,4,2,13
,2015_47384,0,0,10/28/2015 18:03,18:03,1,0,0,38TH AVE W & PECOS ST N,1,2,0,0,1,1,,,35,0,0,0,0,0,4,2,13
,2015_47385,0,0,9/12/2015 22:42,22:42,12,0,0,38TH AVE W & ZUNI ST N,1,3,0,0,1,1,,,40,0,0,0,0,0,4,2,13
,2015_47386,0,0,10/30/2015 9:36,9:36,1,0,2,40TH AVE E & AIRPORT BLVD,1,1,0,0,1,1,,,40,0,0,0,0,3,4,2,7
,2015_47387,0,0,11/17/2015 8:50,8:50,3,0,0,40TH AVE E & AIRPORT RD N,12,1,0,2,1,1,,,45,0,0,0,0,0,4,2,14
,2015_47388,0,0,8/16/2015 13:00,13:00,1,0,2,44TH AVE W & VALLEJO ST N,1,1,0,7,1,1,,,25,0,0,0,0,3,4,2,16
,2015_47389,0,0,12/9/2015 8:26,8:26,3,0,0,44TH AVE 2100 BLK W & VALLEJO ST N,1,1,0,0,1,5,,,35,0,0,0,0,1,4,2,14
,2015_47390,0,0,11/18/2015 13:02,13:02,1,0,0,45TH AVE E & IRONTON ST N,1,1,1,6,1,1,,,30,0,0,0,0,0,4,2,8
,2015_47391,0,0,10/2/2015 12:52,12:52,3,0,0,45TH AVE 1200 BLK E & PEORIA ST N,1,1,1,0,1,2,,,,0,0,0,0,0,4,2,13
,2015_47393,0,0,8/13/2015 16:25,16:25,12,0,0,47TH AVE E & WASHINGTON ST N,1,1,0,0,1,1,,,35,0,0,0,0,0,4,2,13
,2015_47394,0,0,10/23/2015 19:25,19:25,1,0,0,56TH AVE E & PENA BLVD EB ON RAMP,1,3,0,0,1,3,,,45,0,0,0,0,0,4,2,8
,2015_47395,0,0,12/8/2015 9:21,9:21,3,0,0,78TH AVE 25000 BLK E & JACKSON GAP ST N,1,1,1,0,1,2,,,45,0,0,0,0,0,4,2,7
,2015_47396,0,0,9/23/2015 16:37,16:37,12,0,0,ALAMEDA AVE 9800 BLK E & DAYTON ST S,1,1,0,0,1,1,,,35,0,0,0,0,0,4,2,13
,2015_47397,0,0,12/2/2015 17:55,17:55,8,0,2,ANDREWS DR E 14580 & DURHAM CT N,1,3,0,0,1,4,,,25,0,0,0,0,3,4,2,7
,2015_47398,0,0,9/5/2015 9:32,9:32,10,0,0,BANNOCK ST S & NEVADA PL W,1,1,0,0,1,1,,,25,0,0,0,0,0,4,2,13
,2015_47399,0,0,12/21/2015 11:57,11:57,12,0,0,BROADWAY ST 500 BLK N & 5TH AVE W,1,1,0,0,1,4,,,30,0,0,0,0,1,4,2,1
,2015_47400,0,0,9/16/2015 16:38,16:38,15,0,0,BROADWAY ST 1000 BLKK N & 10TH AVE E,1,1,1,0,1,4,,,30,0,0,0,0,1,4,2,1
,2015_47401,0,0,12/22/2015 18:05,18:05,12,0,0,S BROADWAY ST 700 BLK & OHIO AVE E,1,3,0,0,1,4,,,30,0,0,0,0,0,4,2,5
,2015_47402,0,0,11/29/2015 22:04,22:04,3,0,0,BROADWAY ST N & PARK AVE W,4,3,0,2,1,1,,,30,0,0,0,0,0,4,2,13
,2015_47403,0,0,12/17/2015 17:04,17:04,12,0,0,CHAMPA ST 1600 BLK & 16TH ST,4,3,0,0,1,4,,,25,0,0,0,0,0,4,2,8
,2015_47404,0,0,8/25/2015 16:04,16:04,12,0,0,CLARKSON ST N & 7TH AVE E,1,1,0,0,1,4,,,25,0,0,0,0,1,4,2,13
,2015_47405,0,0,11/5/2015 14:12,14:12,3,0,0,COLORADO AVE E & BROADWAY ST S,1,1,0,0,1,1,,,25,0,0,0,0,0,4,2,3
,2015_47406,0,0,12/26/2015 17:17,17:17,1,0,0,E DAKOTA AVE & BROADWAY ST S,2,3,0,0,1,1,,,25,0,0,0,0,0,4,2,13