id,drcog_id,latitude,longitude,crashtime,time,crashtype,numbkilled,numbinjurd,drcoglocat,rdconditin,lightngcon,roadcntgrd,weatherco,location,roaddescrp,schoolzone,constrzone,splimit,bikeinv,pedinv,sctrinv,motoinv,svrty,rdsystem,ttlvehcls,hcf
,2015_47407,0,0,11/14/2015 16:37,16:37,3,0,0,DAKOTA AVE E & IVY ST S,1,2,1,0,1,1,,,25,0,0,0,0,0,4,2,13
,2015_47408,0,0,9/2/2015 17:23,17:23,3,0,0,EVANS AVE E & BELLAIRE ST S,1,1,0,0,1,1,,,25,0,0,0,0,0,4,2,3
,2015_47409,0,0,10/28/2015 9:10,9:10,12,0,0,EVANS AVE 4800 BLK E & DAHLIA ST S,1,1,0,0,1,3,,,35,0,0,0,0,0,4,2,13
,2015_47410,0,0,9/10/2015 10:31,10:31,15,0,0,EVANS AVE 500 BLK W & SANTE FE DR S,1,1,1,0,1,4,,,35,0,0,0,0,0,4,2,1
,2015_47411,0,0,12/14/2015 21:46,21:46,12,0,0,GRANT ST 1300 BLK N & 13TH AVE E,1,3,0,0,1,3,,,30,0,0,0,0,0,4,2,3
,2015_47412,0,0,9/21/2015 8:08,8:08,12,0,0,HAPPY CANYON RD 6100 BLK & HILL CREST DR S,1,1,0,0,1,3,,,25,0,0,0,0,0,4,2,3
,2015_47413,0,0,11/17/2015 8:10,8:10,12,0,0,HAVANA ST N & SMITH RD E,5,1,0,2,1,1,,,35,0,0,0,0,0,4,2,14
,2015_47414,0,0,12/20/2015 14:47,14:47,3,0,0,HUMBOLDT ST N & 22ND AVE E,2,1,0,0,1,1,,,30,0,0,0,0,1,4,2,13
,2015_47415,0,0,12/3/2015 17:19,17:19,3,0,0,JEWELL AVE W & GROVE ST S,1,3,0,0,1,1,,,30,0,0,0,0,0,4,2,2
,2015_47416,0,0,9/25/2015 14:18,14:18,12,0,0,KENTUCKY AVE W & KNOX CT S,1,1,0,0,1,1,,,25,0,0,0,0,0,4,2,3
,2015_47417,0,0,10/12/2015 10:15,10:15,12,0,0,ALAMEDA AVE E & EMERSON ST S,1,1,0,0,1,1,,,30,0,0,0,0,0,4,2,13
,2015_47418,0,0,9/28/2015 18:08,18:08,6,0,0,LARIMER ST 1400 BLK & 15TH ST,1,1,0,0,1,4,,,30,0,0,0,0,0,4,2,13
,2015_47419,0,0,12/9/2015 1:30,1:30,3,0,0,LAWRENCE ST & 15TH ST,1,3,0,0,1,1,,,30,0,0,0,0,0,4,2,3
,2015_47420,0,0,9/21/2015 9:40,9:40,12,0,0,LINCOLN ST 700 BLK N & 7TH AVE E,1,1,0,0,1,4,,,30,0,0,0,0,1,4,2,13
,2015_47422,0,0,11/21/2015 22:34,22:34,3,0,0,LINCOLN ST & 7TH AVE E,1,3,0,0,1,1,,,30,0,0,0,0,0,4,2,16
,2015_47423,0,0,12/7/2015 20:40,20:40,10,0,0,LINCOLN ST N & SPEER BLVD E,1,3,0,0,1,1,,,30,0,0,0,0,0,4,2,7
,2015_47424,0,0,10/31/2015 10:15,10:15,15,0,0,LOWELL BLVD S & OXFORD AVE W,1,1,0,0,1,4,,,25,0,0,0,0,0,4,2,16
,2015_47425,0,0,11/1/2015 0:05,0:05,6,0,0,MARKET ST & 2100 BLK,1,3,1,7,1,4,,,25,0,0,0,0,0,4,2,14
,2015_47426,0,0,10/28/2015 13:22,13:22,12,0,0,MONACO ST N & 6TH AVE E,1,1,0,0,1,1,,,5,0,0,0,0,0,4,2,13
,2015_47427,0,0,8/31/2015 16:14,16:14,10,0,0,MONACO PKWY 300 BLK S & ALAMEDA AVE E,1,1,0,0,1,3,,,35,0,0,0,0,0,4,2,13
,2015_47428,0,0,10/2/2015 17:58,17:58,3,0,0,NEWTON ST N & 17TH AVE W,1,1,1,0,1,1,,,25,0,0,0,0,0,4,2,13
,2015_47429,0,0,9/4/2015 9:02,9:02,3,0,0,OHIO AVE W & LOGAN ST S,1,1,0,0,1,1,,,25,0,0,0,0,0,4,2,13
,2015_47430,0,0,12/22/2015 16:45,16:45,3,0,0,PARK AVE W & COURT PL,1,1,0,0,1,1,,,25,0,0,0,0,0,4,2,13
,2015_47431,0,0,12/29/2015 8:29,8:29,12,0,0,PARK AVE & DELGANY ST,1,1,0,0,1,1,,,45,0,0,0,0,1,4,2,14
,2015_47432,0,0,9/17/2015 12:50,12:50,12,0,0,PARK AVE W & GLOBEVILLE RD,1,1,0,0,1,1,,,35,0,0,0,0,0,4,2,14
,2015_47433,0,0,11/2/2015 17:31,17:31,3,0,0,PARK AVE & HUMBOLDT ST N,1,3,0,0,1,1,,,25,0,0,0,0,0,4,2,16
,2015_47434,0,0,11/9/2015 21:39,21:39,12,0,0,PENA BLVD & 56TH AVE E,1,3,0,0,1,4,,,45,0,0,0,0,1,4,2,1
,2015_47435,0,0,11/13/2015 8:12,8:12,1,0,0,PEORIA ST 4600 BLK N & 47TH AVE E,1,1,0,0,1,2,,,40,0,0,0,0,0,4,2,13
,2015_47437,0,0,9/25/2015 19:59,19:59,12,0,0,QUEBEC ST & 16TH AVE,1,1,0,0,1,1,,,30,0,0,0,0,0,4,2,13
,2015_47438,0,0,9/4/2015 17:30,17:30,12,0,0,QUEBEC ST N & 36TH AVE E,1,1,0,0,1,1,,,35,0,0,0,0,0,4,2,13
,2015_47439,0,0,9/5/2015 16:30,16:30,10,0,0,QUEBEC ST N & SMITH RD E,1,1,0,0,1,1,,,35,0,0,0,0,0,4,2,7
,2015_47440,0,0,12/26/2015 19:15,19:15,15,0,0,15TH ST & DELGANY ST,5,3,0,0,1,1,,,30,0,0,0,0,0,4,2,13
,2015_47441,0,0,12/11/2015 8:25,8:25,15,0,0,22ND ST & BROADWAY ST N,1,1,0,0,1,1,,,30,0,0,0,0,0,4,2,13
,2015_47442,0,0,10/14/2015 7:32,7:32,1,0,0,SMITH RD & 4000 BLK E,1,1,0,0,1,2,,,30,0,0,0,0,0,4,2,13
,2015_47443,0,0,9/15/2015 16:52,16:52,12,0,0,SMITH RD E & PONTIAC ST N,1,1,0,0,1,1,,,35,0,0,0,0,0,4,2,13
,2015_47444,0,0,10/29/2015 16:18,16:18,12,0,0,SPEER BLVD E & 6TH AVE E,1,1,0,0,1,4,,,35,0,0,0,0,0,4,2,13
,2015_47445,0,0,10/15/2015 15:14,15:14,3,0,0,SPEER BLVD N & CHAMPA ST,1,1,1,0,1,1,,,30,0,0,0,0,0,4,2,13
,2015_47446,0,0,12/23/2015 18:17,18:17,1,0,0,STEELE ST S & BAYAUD AVE E,1,3,0,0,1,1,,,30,0,0,0,0,0,4,2,13
,2015_47447,0,0,9/16/2015 16:19,16:19,12,0,0,STOUT ST & 19TH ST,1,1,0,0,1,4,,,25,0,0,0,0,1,4,2,13
,2015_47448,0,0,9/3/2015 13:46,13:46,12,0,0,UNIVERSITY BLVD S & KENTUCKY AVE E,1,1,1,0,1,1,,,30,0,0,0,0,0,4,2,3
,2015_47518,39.680374,-104.940642,10/2/2015 16:15,16:15,15,0,0,COLORADO BLVD 1900 BLK S & COLORADO CENTER DR E,1,1,0,0,1,4,,,40,0,0,0,0,0,2,2,13
,2015_47519,39.687563,-104.940549,12/24/2015 11:21,11:21,1,0,0,S COLORADO BLVD & E IOWA AVE,1,1,1,0,1,1,,,35,0,0,0,0,0,2,2,7
,2015_47520,39.687856,-104.940549,10/27/2015 7:49,7:49,12,0,0,COLORADO BLVD S & IOWA AVE E,1,1,0,0,1,4,,,35,0,0,0,0,0,2,2,14
,2015_47521,39.689613,-104.940549,11/19/2015 15:02,15:02,5,0,0,COLORADO BLVD S & FLORIDA AVE E,1,1,1,0,2,4,,,30,0,0,0,0,0,2,2,14
,2015_47522,39.676335,-104.940638,9/15/2015 9:41,9:41,12,0,0,COLORADO BLVD 2200 BLK S & WARREN AVE E,1,1,0,0,1,2,,,35,0,0,0,0,0,2,2,13
,2015_47523,39.716395,-104.940627,8/17/2015 17:40,17:40,12,0,0,COLORADO BLVD 000 BLK N & ELLSWORTH AVE E,1,1,0,0,1,4,,,35,0,0,0,0,1,2,2,13
,2015_47524,39.716538,-104.940627,12/31/2015 13:03,13:03,12,0,0,COLORADO BLVD 000 BLK N & ELLSWORTH AVE E,1,1,1,0,1,4,,,30,0,0,0,0,1,2,2,13
,2015_47526,39.772893,-104.940506,12/2/2015 21:03,21:03,12,0,0,40TH AVE E & COLORADO BLVD N,1,3,0,0,1,4,,,40,0,0,0,0,1,2,2,13
,2015_47527,39.785946,-104.940428,9/24/2015 13:43,13:43,12,0,0,COLORADO BLVD & 4900 BLK N,1,1,0,0,1,4,,,,0,0,0,0,0,2,2,13
,2015_47532,39.725218,-105.017695,9/27/2015 18:03,18:03,15,0,0,6TH AVE W & I-25 NB ON RAMP GORE,1,2,0,0,1,4,,,55,0,0,0,0,0,2,2,8
,2015_47543,39.656555,-104.91981,11/25/2015 7:05,7:05,12,0,1,I-25 & HAMPDEN AVE E,1,1,0,0,1,4,,,65,0,0,0,0,2,1,2,3
,2015_47544,39.687712,-104.968747,12/14/2015 7:58,7:58,12,0,0,I-25 & FRANKLIN ST S,1,1,1,0,1,4,,,60,0,0,0,0,0,1,2,16
,2015_47545,39.700841,-104.986681,8/14/2015 16:44,16:44,12,0,0,BROADWAY ST S & KENTUCKY AVE E,1,1,0,0,1,1,,,35,0,0,0,0,0,1,2,3
,2015_47546,39.701452,-104.987435,9/10/2015 16:24,16:24,12,0,0,BROADWAY ST 800 BLK S & KENTUCKY AVE,1,1,0,0,1,4,,,35,0,0,0,0,0,1,2,3
,2015_47547,39.71124,-104.998918,11/3/2015 12:15,12:15,15,0,0,I-25 & ALAMEDA AVE W,1,1,0,0,1,4,,,55,0,0,0,0,0,1,2,16
,2015_47548,39.72407,-105.011895,11/9/2015 8:27,8:27,12,0,0,I-25 NB OFF RAMP & 6TH AVE W,1,1,0,0,1,4,,,55,0,0,0,0,0,1,2,3
,2015_47549,39.725613,-105.013148,9/30/2015 16:03,16:03,12,0,0,I-25 SB OFF RAMP & 6TH AVE W,1,1,0,0,1,8,,,35,0,0,0,0,1,1,2,16
,2015_47550,39.729334,-105.014821,11/13/2015 23:35,23:35,15,0,0,I-25 & 8TH AVE W,1,3,0,7,1,4,,,55,0,0,0,0,0,1,2,16
,2015_47551,39.74035,-105.013939,11/3/2015 14:03,14:03,15,0,0,I-25 & COLFAX AVE W,1,1,1,0,1,4,,,55,0,0,0,0,0,1,2,16
,2015_47552,39.755141,-105.012706,8/11/2015 16:00,16:00,15,0,0,I-25 & SPEER BLVD N,1,1,1,0,1,4,,,55,0,0,0,0,0,1,2,14
,2015_47553,39.757148,-105.009912,9/29/2015 8:58,8:58,12,0,1,I-25 & 15TH ST,1,1,0,0,1,4,,,55,0,0,0,0,2,1,2,13
,2015_47554,39.768039,-104.994788,9/10/2015 7:15,7:15,12,0,0,I-25 & PARK AVE WEST,1,1,1,0,1,4,,,55,0,0,0,0,0,1,2,1
,2015_47564,39.711077,-105.025062,10/2/2015 11:50,11:50,12,0,0,ALAMEDA AVE W & FEDERAL BLVD S,1,1,0,0,1,1,,,35,0,0,0,0,1,2,2,14
,2015_47565,39.711077,-105.025062,12/16/2015 11:10,11:10,12,0,0,ALAMEDA AVE W & FEDERAL BLVD S,2,1,0,0,1,1,,,35,0,0,0,0,0,2,2,13
,2015_47566,39.711173,-105.011644,9/25/2015 7:54,7:54,3,0,0,ALAMEDA AVE W & TEJON ST,1,1,1,0,1,2,,,25,0,0,0,0,0,2,2,7
,2015_47567,39.6531,-104.906664,11/20/2015 14:50,14:50,15,0,0,HAMPDEN AVE E & OLEANDER CT S,1,1,0,0,1,4,,,40,0,0,0,0,0,2,2,14
,2015_47568,39.653038,-104.872038,8/20/2015 7:33,7:33,12,0,0,HAMPDEN AVE E & FLORENCE ST S,1,1,0,0,1,4,,,45,0,0,0,0,0,2,2,14
,2015_47579,39.78358,-104.900137,10/2/2015 17:30,17:30,15,0,0,QUEBEC ST 4800 BLK N & I-270 WB/NB ON RAMP,1,1,1,0,1,1,,,30,0,0,0,0,0,2,2,13
,2015_47591,39.740431,-105.021471,9/1/2015 17:00,17:00,15,0,0,COLFAX AVE W & MILE HIGH STADIUM CIR,1,1,0,0,1,1,,,30,0,0,0,0,0,2,2,13
,2015_47592,39.740007,-104.979686,11/18/2015 8:05,8:05,12,0,0,COLFAX AVE & 600 BLK E,1,1,0,0,1,4,,,30,0,0,0,0,0,2,3,2
,2015_47593,39.739998,-104.978671,10/20/2015 15:30,15:30,12,0,0,COLFAX AVE 600 BLK E & WASHINGTON ST N,1,1,0,0,1,1,,,35,0,0,0,0,0,2,2,14
,2015_47594,39.74011,-104.958745,8/7/2015 12:10,12:10,12,0,0,COLFAX AVE E & JOSEPHINE ST N,1,1,0,0,1,1,,,30,0,0,0,0,1,2,2,14
,2015_47595,39.740131,-104.942611,9/8/2015 8:54,8:54,12,0,0,COLFAX AVE 3800 BLK E & JACKSON ST N,1,1,1,0,1,4,,,30,0,0,0,0,1,2,2,13
,2015_47596,39.74008,-104.912198,5/7/2015 8:00,8:00,12,0,0,COLFAX AVE & MONACO PKWY N,1,1,0,0,1,4,,,35,0,0,0,0,0,2,2,14
,2015_47597,39.740087,-104.904624,11/13/2015 19:28,19:28,3,0,1,COLFAX AVE E & POPLAR ST N,1,3,0,0,1,1,,,35,0,0,0,0,2,2,2,1
,2015_47608,39.783357,-105.034565,12/15/2015 7:30,7:30,1,0,0,LOWELL BLVD N & 48TH AVE DR W,4,1,0,2,1,1,,,30,0,0,0,0,0,1,2,13
,2015_47609,39.784221,-105.024907,12/22/2015 7:30,7:30,15,0,0,I-70 & FEDERAL BLVD EB GORE,1,1,0,0,1,4,,,55,0,0,0,0,0,1,2,1
,2015_47610,39.783138,-105.006328,9/12/2015 2:25,2:25,5,0,0,I-70 & PECOS ST N,1,3,1,0,3,4,,,55,0,0,0,0,0,1,2,1
,2015_47611,39.779895,-104.967089,11/20/2015 21:26,21:26,15,0,0,I-70 & BRIGHTON BLVD N,4,3,0,2,1,4,,,55,0,0,0,0,0,1,2,7
,2015_47612,39.780014,-104.959201,11/19/2015 18:11,18:11,10,0,0,YORK ST N & 46TH AVE E,1,3,0,0,1,1,,,30,0,0,0,0,0,4,2,16
,2015_47613,39.776699,-104.878163,10/21/2015 4:50,4:50,12,0,0,I-70 & CENTRAL BLVD N,2,3,1,1,1,4,,,55,0,0,0,0,0,1,2,13
,2015_47614,39.775623,-104.865778,12/17/2015 6:45,6:45,12,0,0,I-70 & HAVANA ST N,5,2,0,0,1,4,,,55,0,0,0,0,0,1,2,1
,2015_47615,39.774005,-104.847034,11/9/2015 17:37,17:37,12,0,0,I-70 & PEORIA ST N,1,3,0,0,1,4,,,55,0,0,0,0,0,1,2,1
,2015_47626,39.674737,-104.870699,9/12/2015 20:13,20:13,3,0,0,PARKER RD S & ILIFF AVE E,1,3,0,0,1,1,,,40,0,0,0,0,1,2,2,13
,2015_47630,39.696154,-104.992095,9/15/2015 6:07,6:07,12,0,0,SANTA FE DR 1100 BLK S & MISSISSIPPI AVE W,1,1,0,0,1,4,,,45,0,0,0,0,0,2,2,1
,2015_47631,39.703081,-104.994798,9/16/2015 7:21,7:21,15,0,0,FEDERAL BLVD 700 BLK S & EXPOSITION AVE W,1,1,0,0,1,4,,,40,0,0,0,0,0,2,2,7
,2015_47637,39.729259,-105.02515,9/21/2015 10:12,10:12,3,0,0,FEDERAL BLVD N & 8TH AVE W,1,1,0,0,1,1,,,35,0,0,0,0,0,2,2,14
,2015_47638,39.725983,-105.025128,9/22/2015 20:35,20:35,1,0,0,FEDERAL BLVD N & 6TH AVE WB RAMP,1,3,0,0,1,1,,,35,0,0,0,0,0,2,2,13
,2015_47639,39.693546,-105.025041,11/12/2015 12:30,12:30,12,0,0,FEDERAL BLVD 1200 BLK S & LOUISIANA AVE W,1,1,0,0,1,4,,,40,0,0,0,0,0,2,2,7
,2015_47640,39.691054,-105.025049,8/27/2015 18:05,18:05,3,0,0,FEDERAL BLVD S & FLORIDA AVE W,1,1,1,0,1,2,,,40,0,0,0,0,0,2,2,13
,2015_47641,39.682271,-105.025016,12/3/2015 17:21,17:21,15,0,0,JEWELL AVE W & FEDERAL BLVD S,1,3,0,0,1,1,,,30,0,0,0,0,0,2,2,1
,2015_47642,39.68212,-105.025017,9/9/2015 17:30,17:30,12,0,0,FEDERAL BLVD & 1900 BLK S,1,1,0,0,1,4,,,40,0,0,0,0,0,2,2,13
,2015_47645,39.624076,-104.913346,10/30/2015 17:26,17:26,1,0,1,BELLEVIEW AVE E & MONACO ST S,1,5,0,0,1,1,,,35,0,0,0,0,2,2,2,16
,2015_47652,39.682241,-105.053199,7/31/2015 11:49,11:49,1,0,0,SHERIDAN BLVD S & JEWELL AVE W,1,1,0,0,1,1,,,35,0,0,0,0,1,2,2,7
,2015_47655,39.733137,-105.053226,8/24/2015 18:18,18:18,1,0,0,SHERIDAN BLVD N & 10TH AVE W,1,1,0,0,1,1,,,35,0,0,0,0,0,2,2,13
,2015_47656,39.783855,-105.053278,9/13/2015 13:15,13:15,1,0,0,SHERIDAN BLVD & 48TH AVE,1,1,0,0,1,1,,,35,0,0,0,0,0,2,2,7
,2015_47706,39.776877,-104.889359,10/7/2015 17:58,17:58,15,0,0,I-270 & CENTRAL PARK BLVD WB/,1,2,0,0,1,4,,,55,0,0,0,0,0,1,2,14
,2015_47713,39.747545,-105.025216,10/12/2015 9:27,9:27,3,0,0,20TH AVE W & FEDERAL BLVD N,1,1,0,0,1,5,,,30,0,0,0,0,0,2,2,14
,2015_47714,39.75855,-105.025134,12/27/2015 4:58,4:58,3,0,0,29TH AVE W & FEDERAL BLVD N,4,3,0,0,1,1,,,30,0,0,0,0,1,2,2,3
,2015_47802,0,0,9/15/2015 17:36,17:36,1,0,0,1ST AVE W & SANTA FE DR N,1,1,1,0,1,1,,,30,0,0,0,0,0,4,2,13
,2015_47803,0,0,12/28/2015 1:30,1:30,3,0,0,7TH AVE W & KALAMATH ST N,5,3,0,0,1,1,,,30,0,0,0,0,0,4,2,5
,2015_47804,0,0,10/29/2015 15:00,15:00,3,0,0,8TH AVE E & LINCOLN ST N,1,1,0,0,1,2,,,30,0,0,0,0,0,4,2,16
,2015_47805,0,0,12/4/2015 15:58,15:58,15,0,0,8TH AVE E & MAGNOLIA ST,1,1,0,0,1,1,,,30,0,0,0,0,0,4,2,13
,2015_47806,0,0,9/13/2015 7:35,7:35,3,0,0,14TH AVE E & FRANKLIN ST N,1,1,0,0,1,1,,,30,0,0,0,0,1,4,2,13
,2015_47807,0,0,11/19/2015 17:36,17:36,3,0,0,14TH AVE E & YORK ST N,1,3,0,0,1,5,,,30,0,0,0,0,0,4,2,16
,2015_47808,0,0,12/14/2015 17:30,17:30,3,0,0,17TH AVE E & GAYLORD ST N,1,3,0,0,1,1,,,25,0,0,0,0,0,4,2,13
,2015_47809,0,0,12/2/2015 20:34,20:34,12,0,0,18TH AVE E & GRANT ST N,1,3,0,0,1,1,,,25,0,0,0,0,0,4,2,13
,2015_47811,0,0,11/21/2015 16:01,16:01,3,0,0,18TH AVE E & MARION ST N,1,1,0,0,1,1,,,30,0,0,0,0,0,4,2,16
,2015_47812,0,0,12/14/2015 13:59,13:59,12,0,0,26TH AVE & 2900 BLK W,1,1,1,0,1,4,,,30,0,0,0,0,0,4,2,13
,2015_47813,0,0,12/2/2015 11:02,11:02,7,0,0,26TH AVE & WELTON ST,1,1,0,0,1,1,,,25,0,0,0,0,0,4,2,13
,2015_47814,0,0,12/10/2015 16:20,16:20,15,0,0,35TH AVE E & ELM ST N,1,2,0,0,1,1,,,25,0,0,0,0,1,4,2,4
,2015_47815,0,0,10/12/2015 18:10,18:10,1,0,0,36TH AVE & 7600 BLK E,1,2,1,0,1,2,,,30,0,0,0,0,0,4,2,7
,2015_47816,0,0,10/1/2015 8:30,8:30,12,0,0,36TH AVE E & QUEBEC ST N,1,1,0,0,1,1,,,40,0,0,0,0,0,4,2,7
,2015_47817,0,0,10/17/2015 18:15,18:15,15,0,0,36TH AVE 8300 BLK E & QUEBEC ST N,1,2,0,0,1,1,,,25,0,0,0,0,1,4,2,3
,2015_47818,0,0,9/1/2015 8:10,8:10,12,0,0,38TH AVE W & IRVING ST N,1,1,0,0,1,1,,,35,0,0,0,0,0,4,2,14
,2015_47819,0,0,8/26/2015 16:18,16:18,1,0,0,40TH AVE E & AIRPORT BLVD,1,1,0,0,1,1,,,40,0,0,0,0,0,4,2,13
,2015_47820,0,0,9/30/2015 17:46,17:46,3,0,0,40TH AVE 2500 BLK E & CLAYTON ST E,1,1,0,0,1,2,,,30,0,0,0,0,0,4,2,1
,2015_47821,0,0,12/14/2015 19:15,19:15,1,0,0,40TH AVE E & HIMALAYA RD N,1,3,0,0,1,1,,,35,0,0,0,0,1,4,2,13
,2015_47822,0,0,8/29/2015 10:50,10:50,12,0,0,43RD AVE E & TOWER RD N,1,1,0,0,1,1,,,45,0,0,0,0,1,4,2,16
,2015_47823,0,0,9/3/2015 14:54,14:54,1,0,0,44TH AVE E & PEORIA ST N,1,1,1,0,1,2,,,40,0,0,0,0,0,4,2,13
,2015_47824,0,0,10/30/2015 17:00,17:00,1,0,0,ALAMEDA AVE 4200 BLK E & 4200 BLK E,1,1,1,0,1,2,,,35,0,0,0,0,0,4,2,14
,2015_47826,0,0,12/28/2015 18:05,18:05,12,0,0,ALAMEDA AVE 1000 BLK E & CORONA ST S,1,3,0,0,1,4,,,30,0,0,0,0,1,4,3,13
,2015_47827,0,0,8/28/2015 21:49,21:49,1,0,0,ANDREWS DR E & CHAMBERS RD N,1,3,0,0,1,1,,,40,0,0,0,0,0,4,2,13
,2015_47828,0,0,9/15/2015 12:49,12:49,12,0,0,ASBURY AVE 2350 BLK E & UNIVERSITY BLVD S,1,1,0,0,1,1,,,30,0,0,0,0,0,4,2,3
,2015_47829,0,0,10/1/2015 12:27,12:27,12,0,0,BROADWAY ST 300 BLK N & 3RD AVE,1,1,0,0,1,1,,,30,0,0,0,0,0,4,2,13
,2015_47830,0,0,11/17/2015 17:40,17:40,12,0,0,BROADWAY N & 8TH AVE E,1,3,0,0,1,1,,,30,0,0,0,0,0,4,2,3
,2015_47831,0,0,11/14/2015 11:44,11:44,3,0,0,BROADWAY ST N & 19TH AVE E,1,1,0,0,1,1,,,35,0,0,0,0,0,4,2,8
,2015_47832,0,0,10/3/2015 16:20,16:20,12,0,0,BROADWAY ST S & FLORIDA AVE E,1,1,0,0,1,1,,,30,0,0,0,0,0,4,2,1
,2015_47833,0,0,10/23/2015 17:58,17:58,3,0,0,BROADWAY ST S & OHIO AVE E,1,2,0,0,1,1,,,25,0,0,0,0,0,4,2,14
,2015_47834,0,0,10/18/2015 10:15,10:15,1,0,0,BROADWAY ST N & PARK AVE W,1,1,0,0,1,1,,,30,0,0,0,0,0,4,2,13
,2015_47835,0,0,12/10/2015 17:54,17:54,3,0,0,BROADWAY ST S & VIRGINIA AVE E,1,3,0,0,1,1,,,35,0,0,0,0,0,4,2,8
,2015_47836,0,0,9/17/2015 9:47,9:47,3,0,0,COOK ST N & 2ND AVE E,1,1,0,0,1,1,,,25,0,0,0,0,0,4,2,1
,2015_47837,0,0,9/22/2015 12:25,12:25,12,0,0,DOWNING ST N & 33RD AVE E,1,1,0,0,1,1,,,30,0,0,0,0,0,4,2,13
,2015_47838,0,0,10/21/2015 7:53,7:53,15,0,0,DOWNING ST N & E 37TH AVE,2,1,0,1,1,1,,,30,0,0,0,0,0,4,2,13
,2015_47839,0,0,12/30/2015 11:55,11:55,15,0,0,DOWNING ST N & SPEER BLVD,1,1,0,0,1,4,,,30,0,0,0,0,0,4,2,8
,2015_47840,0,0,10/21/2015 13:15,13:15,3,0,0,EVANS AVE 000 BLK E & BROADWAY ST S,2,1,0,0,1,2,,,30,0,0,0,0,0,4,2,1
,2015_47841,0,0,12/28/2015 9:19,9:19,12,0,0,EVANS AVE 4800 BLK E & DAHLIA ST S,1,1,0,0,1,4,,,35,0,0,0,0,0,4,2,1
,2015_47842,0,0,10/1/2015 17:09,17:09,12,0,0,EVANS AVE 1400 BLK E & HUMBOLDT ST S,1,1,0,0,1,4,,,30,0,0,0,0,1,4,2,3
,2015_47843,0,0,12/14/2015 8:13,8:13,3,0,0,FILLMORE ST N & 12TH AVE E,1,1,0,0,1,1,,,25,0,0,0,0,0,4,2,13
,2015_47844,0,0,9/4/2015 11:05,11:05,3,0,0,GVR BLVD 1 & TOWER RD,1,1,0,0,1,2,,,35,0,0,0,0,0,4,2,7
,2015_47845,0,0,10/16/2015 7:45,7:45,3,0,1,HUMBOLDT ST N & 8TH AVE E,1,1,0,0,1,1,,,25,0,0,0,0,2,4,2,13
,2015_47846,0,0,11/18/2015 12:50,12:50,15,0,0,KALAMATH ST N & COLFAX AVE W,1,1,0,0,1,4,,,30,0,0,0,0,0,4,2,16
,2015_47847,0,0,9/8/2015 7:38,7:38,12,0,0,LOUISIANA AVE 1000 BLK E & OGDEN ST S,1,1,0,0,1,4,,,30,0,0,0,0,0,4,2,14
,2015_47848,0,0,10/5/2015 7:58,7:58,3,0,0,LOWELL BLVD S & EVANS AVE W,1,1,0,0,1,1,,,35,0,0,0,0,1,4,2,14
,2015_47849,0,0,11/12/2015 7:46,7:46,10,0,0,LOWRY BLVD E & YOSEMITE WAY N,1,1,0,0,1,6,,,35,0,0,0,0,0,4,2,8
,2015_47850,0,0,9/21/2015 16:00,16:00,3,0,0,MEXICO AVE E & HARRISON ST S,1,1,0,0,1,1,,,25,0,0,0,0,1,4,2,3
,2015_47851,0,0,10/14/2015 14:13,14:13,12,0,0,MISSISSIPPI AVE E & SHERMAN ST S,1,1,0,0,1,1,,,30,0,0,0,0,0,4,2,13
,2015_47852,0,0,10/12/2015 16:20,16:20,3,0,0,MISSISSIPPI AVE 2300 BLK & UNIVERSITY BLVD S,1,1,0,0,1,5,,,30,0,0,0,0,0,4,2,14
,2015_47853,0,0,11/11/2015 17:21,17:21,15,0,0,PARK AVE 1600 BLK & 16TH AVE E,1,2,1,0,1,4,,,30,0,0,0,0,0,4,2,7
,2015_47854,0,0,12/24/2015 12:57,12:57,3,0,0,PARK AVE W & WELTON ST,1,1,0,0,1,1,,,30,0,0,0,0,1,4,2,3
,2015_47855,0,0,12/25/2015 22:39,22:39,15,0,0,PENA BLVD 4800 BLK & 48TH AVE,11,3,0,2,1,4,,,65,0,0,0,0,0,4,2,13
,2015_47856,0,0,10/5/2015 18:17,18:17,12,0,0,27TH ST & WELTON ST,1,1,0,0,1,1,,,30,0,0,0,0,0,4,2,1
,2015_47857,0,0,8/21/2015 23:20,23:20,3,0,0,28TH ST & CURTIS ST,1,3,1,7,1,1,,,25,0,0,0,0,0,4,2,14
,2015_47858,0,0,11/23/2015 10:06,10:06,15,0,0,SPEER BLVD N & BANNOCK ST,1,1,0,0,1,3,,,35,0,0,0,0,0,4,2,14
,2015_47859,0,0,10/2/2015 16:58,16:58,3,0,0,SPEER BLVD N & MARKET ST,1,1,0,0,1,1,,,30,0,0,0,0,0,4,2,13
,2015_47860,0,0,9/3/2015 15:51,15:51,15,0,0,SPEER BLVD N & ZUNI ST N,1,1,0,0,1,1,,,35,0,0,0,0,0,4,2,13
,2015_47861,0,0,10/4/2015 0:35,0:35,1,0,0,STEELE ST N & ELLSWORTH AVE E,1,3,0,0,1,1,,,30,0,0,0,0,0,4,2,4
,2015_47862,0,0,12/18/2015 16:12,16:12,15,0,0,ST PAUL ST 2000 BLK S & EVANS AVE E,6,2,0,0,1,1,,,25,0,0,0,0,0,4,2,13