id,drcog_id,latitude,longitude,crashtime,time,crashtype,numbkilled,numbinjurd,drcoglocat,rdconditin,lightngcon,roadcntgrd,weatherco,location,roaddescrp,schoolzone,constrzone,splimit,bikeinv,pedinv,sctrinv,motoinv,svrty,rdsystem,ttlvehcls,hcf
,2015_47863,0,0,12/12/2015 15:12,15:12,10,0,0,TEJON ST S & TENNESSEE AVE W,6,1,0,2,1,2,,,25,0,0,0,0,0,4,2,3
,2015_47864,0,0,9/2/2015 16:46,16:46,1,0,2,TOWER RD N & 68TH AVE E,1,1,1,0,1,1,,,40,0,0,0,0,2,4,2,8
,2015_47865,0,0,12/1/2015 7:35,7:35,1,0,0,UNION AVE E & SYRACUSE ST S,1,1,0,0,1,1,,,35,0,0,0,0,0,4,2,13
,2015_47866,0,0,10/21/2015 12:19,12:19,10,0,0,N WILLIAMS ST & 37TH AVE E,2,1,0,1,1,2,,,25,0,0,0,0,1,4,2,7
,2015_47867,0,0,10/13/2015 16:47,16:47,12,0,0,YALE AVE 5500 BLK E & HUDSON ST S,1,1,1,0,1,1,,,30,0,0,0,0,0,4,2,13
,2015_47869,0,0,12/2/2015 15:43,15:43,12,0,0,YOSEMITE ST 5000 BLK S & BELLEVIEW AVE E,1,1,1,0,1,1,,,35,0,0,0,0,1,4,2,7
,2015_47942,39.678409,-104.940629,9/9/2015 14:33,14:33,6,0,0,EVANS AVE E & COLORADO BLVD S,1,1,0,0,1,3,,,35,0,0,0,0,0,2,2,1
,2015_47943,39.687563,-104.940549,9/8/2015 14:03,14:03,12,0,0,COLORADO BLVD S & IOWA AVE E,1,1,1,0,1,3,,,40,0,0,0,0,0,2,2,3
,2015_47944,39.696625,-104.940562,10/12/2015 9:00,9:00,1,0,0,COLORADO BLVD S & MISSISSIPPI AVE E,1,1,1,0,1,1,,,35,0,0,0,0,0,2,2,14
,2015_47945,39.653095,-104.940619,10/29/2015 18:40,18:40,12,0,0,COLORADO BLVD 3400 BLK S & HAMPDEN AVE E,1,3,0,0,1,4,,,35,0,0,0,0,1,2,2,13
,2015_47946,39.717824,-104.940628,10/25/2015 18:50,18:50,1,0,0,1ST AVE E & COLORADO BLVD N,1,3,0,0,1,1,,,30,0,0,0,0,0,2,2,13
,2015_47947,39.720916,-104.940629,12/9/2015 16:56,16:56,3,0,0,COLORADO BLVD N & 3RD AVE E,1,3,0,0,1,1,,,35,0,0,0,0,0,2,2,13
,2015_47954,39.72542,-105.025174,12/30/2015 11:05,11:05,15,0,0,6TH AVE EB OFF RAMP GORE & FEDERAL BLVD N,1,1,0,0,1,8,,,45,0,0,0,0,1,2,2,8
,2015_47973,39.690017,-104.973363,11/3/2015 11:40,11:40,12,0,0,I-25 NB OFF RAMP & DOWNING ST S,1,1,0,0,1,1,,,30,0,0,0,0,0,1,2,1
,2015_47974,39.707122,-104.996782,11/24/2015 16:30,16:30,12,0,0,I-25 & SANTA FE DR S,1,1,0,0,1,4,,,55,0,0,0,0,0,1,2,16
,2015_47975,39.715702,-105.001738,8/27/2015 16:58,16:58,12,0,0,I-25 & MM 208,1,1,0,0,1,4,,,55,0,0,0,0,0,1,2,16
,2015_47976,39.722989,-105.010632,11/18/2015 7:44,7:44,15,0,0,I-25 & 6TH AVE NB RAMP ENT P,1,1,0,0,1,4,,,55,0,0,0,0,0,1,2,14
,2015_47977,39.755141,-105.012706,11/13/2015 22:30,22:30,12,0,0,I-25 & SPEER BLVD N,1,3,0,0,1,4,,,55,0,0,0,0,0,1,2,12
,2015_47978,39.75626,-105.011156,11/22/2015 17:25,17:25,12,0,0,I-25 SB OFF RAMP & SPEER BLVD N,1,3,1,0,1,8,,,55,0,0,0,0,0,1,2,12
,2015_47979,39.761447,-105.003691,9/25/2015 17:15,17:15,12,0,0,I-25 & 20TH ST,1,1,0,0,1,4,,,55,0,0,0,0,0,1,2,12
,2015_47988,39.785226,-104.899553,8/24/2015 11:05,11:05,12,0,0,QUEBEC ST N & NORTHFIELD BLVD E,1,1,1,0,1,4,,,35,0,0,0,0,0,2,2,13
,2015_47995,39.740053,-104.984901,10/27/2015 6:57,6:57,1,0,0,COLFAX AVE E & SHERMAN ST N,1,1,1,0,1,1,,,30,0,0,0,0,0,2,2,2
,2015_47996,39.740041,-104.983517,11/4/2015 17:25,17:25,10,0,0,GRANT ST N & COLFAX AVE E,1,1,0,0,1,1,,,25,0,0,0,0,0,2,2,16
,2015_47997,39.74003,-104.982271,11/21/2015 20:00,20:00,12,0,0,LOGAN ST N & COLFAX AVE E,1,3,1,0,1,1,,,30,0,0,0,0,0,2,2,1
,2015_47998,39.740078,-104.900694,8/20/2015 17:22,17:22,12,0,0,COLFAX AVE 7500 BLK E & ROSLYN ST N,1,1,0,0,1,4,,,35,0,0,0,0,0,2,2,1
,2015_47999,39.740086,-104.889426,11/21/2015 3:01,3:01,12,0,0,COLFAX AVE E & WABASH ST N,5,3,0,0,1,1,,,35,0,0,0,0,0,2,2,7
,2015_48021,39.783403,-105.035332,12/6/2015 1:17,1:17,15,0,0,I-70 & FEDERAL BLVD N,1,3,0,0,1,4,,,65,0,0,0,0,0,1,2,5
,2015_48022,39.777095,-104.882471,8/21/2015 13:55,13:55,12,0,0,I-70 & CENTRAL PARK BLVD N,1,1,0,0,1,1,,,25,0,0,0,0,0,1,2,13
,2015_48023,39.777095,-104.882471,8/28/2015 9:32,9:32,12,0,0,QUEBEC ST N & I-70,1,1,1,0,1,1,,,35,0,0,0,0,0,1,2,13
,2015_48024,39.772547,-104.829979,11/12/2015 7:41,7:41,12,0,0,I-70 WB ON LOOP RAMP & I-225,2,1,0,0,1,8,,,55,0,0,0,0,0,1,2,7
,2015_48039,39.702965,-104.912888,11/14/2015 10:18,10:18,12,0,0,LEETSDALE DR & MONACO ST S,1,1,0,0,1,1,,,35,0,0,0,0,0,2,2,13
,2015_48049,39.725493,-105.025119,8/24/2015 15:43,15:43,1,0,0,FEDERAL BLVD N & 6TH AVE W,1,1,0,0,1,1,,,30,0,0,0,0,0,2,2,13
,2015_48050,39.70041,-105.025085,12/8/2015 8:10,8:10,3,0,0,FEDERAL BLVD S & KENTUCKY AVE W,1,1,0,0,1,1,,,25,0,0,0,0,0,2,2,7
,2015_48063,39.635297,-105.082331,9/30/2015 16:49,16:49,12,0,0,STANFORD AVE W & WADSWORTH WAY S,1,1,0,0,1,1,,,35,0,0,0,0,0,2,2,14
,2015_48089,39.635634,-104.89304,9/28/2015 15:31,15:31,12,0,0,I-225 SB OFF SLIP RAMP & TAMARAC ST S,1,1,0,0,1,8,,,35,0,0,0,0,0,1,2,16
,2015_48090,39.641035,-104.881548,11/22/2015 16:15,16:15,12,0,0,I-225 & YOSEMITE ST,1,1,1,0,1,4,,,65,0,0,0,0,1,1,2,14
,2015_48096,39.783704,-104.966692,9/21/2015 17:25,17:25,3,0,0,48TH AVE E & BRIGHTON BLVD N,1,1,0,0,1,1,,,30,0,0,0,0,0,2,2,13
,2015_48099,39.778382,-104.896877,8/15/2015 16:58,16:58,15,0,5,I-270 OVERPASS & I-70,1,1,0,0,1,4,,,55,0,0,0,0,3,1,2,8
,2015_48108,39.783839,-105.025212,10/17/2015 22:02,22:02,1,0,0,FEDERAL BLVD N & I-70 EB RAMPS,1,1,1,0,1,1,,,35,0,0,0,0,1,2,2,13
,2015_48228,0,0,12/3/2015 10:35,10:35,10,0,0,1ST AVE E & DOWNING ST N,1,1,0,0,1,1,,,30,0,0,0,0,0,4,2,13
,2015_48229,0,0,11/9/2015 13:42,13:42,12,0,0,2ND AVE W & YUMA ST N,1,1,0,0,1,1,,,35,0,0,0,0,0,4,2,12
,2015_48230,0,0,11/7/2015 18:01,18:01,3,0,0,6TH AVE W & KALAMATH ST N,1,3,0,0,1,1,,,35,0,0,0,0,0,4,2,16
,2015_48231,0,0,11/16/2015 16:55,16:55,12,0,0,6TH AVE W & KALAMATH ST,2,2,0,1,1,1,,,35,0,0,0,0,0,4,2,5
,2015_48232,0,0,10/16/2015 7:50,7:50,14,0,0,8TH AVE 3900 BLK E & COLORADO BLVD N,1,2,0,0,1,4,,,30,0,0,0,0,1,4,2,13
,2015_48233,0,0,11/6/2015 7:27,7:27,1,0,0,8TH AVE W 2800 BLK & DECATUR ST N,1,1,0,0,1,2,,,35,0,0,0,0,0,4,2,14
,2015_48234,0,0,11/29/2015 17:10,17:10,12,0,0,8TH AVE E & QUEBEC ST N,5,3,1,2,1,1,,,30,0,0,0,0,1,4,2,13
,2015_48235,0,0,8/19/2015 11:10,11:10,3,0,0,12TH AVE & WALNUT ST,1,1,0,0,1,1,,,10,0,0,0,0,0,4,2,13
,2015_48236,0,0,12/2/2015 16:25,16:25,15,0,0,13TH AVE & SPEER BLVD N,1,2,0,0,1,1,,,25,0,0,0,0,0,4,2,4
,2015_48237,0,0,11/30/2015 12:20,12:20,12,0,0,14TH AVE E & COLORADO BLVD N,2,1,0,0,1,4,,,30,0,0,0,0,0,4,2,5
,2015_48238,0,0,8/6/2015 14:04,14:04,10,0,0,14TH AVE 3100 BLK E & ST PAUL ST N,1,1,0,7,1,1,,,30,0,0,0,0,0,4,2,1
,2015_48239,0,0,8/18/2015 17:09,17:09,12,0,0,14TH AVE E & POPLAR ST N,1,1,0,0,1,1,,,30,0,0,0,0,0,4,2,13
,2015_48240,0,0,12/19/2015 2:50,2:50,3,0,0,14TH AVE E & RACE ST N,5,3,0,0,1,1,,,30,0,0,0,0,0,4,2,8
,2015_48241,0,0,10/31/2015 11:30,11:30,15,0,0,14TH AVE W & WINONA CT,1,1,0,0,1,4,,,30,0,0,0,0,0,4,2,16
,2015_48242,0,0,11/22/2015 13:50,13:50,15,0,0,BROADWAY S & ALASKA PL W,1,1,0,0,1,4,,,30,0,0,0,0,0,4,2,3
,2015_48243,0,0,8/23/2015 13:00,13:00,10,0,0,17TH AVE & 400 BLK E,1,1,0,0,1,2,,,30,0,0,0,0,0,4,2,13
,2015_48244,0,0,12/8/2015 15:25,15:25,3,0,0,37TH AVE W & CLAY ST N,1,1,0,0,1,1,,,35,0,0,0,0,0,4,2,14
,2015_48245,0,0,10/29/2015 20:31,20:31,1,0,1,38TH AVE W & NAVAJO ST N,1,3,0,0,1,1,,,30,0,0,0,0,2,4,2,7
,2015_48246,0,0,10/15/2015 5:42,5:42,1,0,0,39TH AVE E & PEORIA ST N,1,3,0,0,1,1,,,35,0,0,0,0,1,4,2,7
,2015_48247,0,0,9/11/2015 20:25,20:25,1,0,1,40TH AVE E & ANDREWS DR E,1,3,1,0,1,1,,,40,0,0,0,0,2,4,2,13
,2015_48248,0,0,10/22/2015 18:00,18:00,1,0,0,40TH AVE E & ANDREWS DR E,2,2,0,0,1,1,,,40,0,0,0,0,0,4,2,13
,2015_48249,0,0,12/16/2015 14:40,14:40,12,0,0,42ND AVE W & LIPAN ST N,4,1,0,0,1,1,,,30,0,0,0,0,0,4,2,14
,2015_48250,0,0,9/23/2015 15:29,15:29,10,0,0,78TH AVE 22500 BLK E & 76TH AVE E,1,1,1,0,1,4,,,45,0,0,0,0,0,4,2,8
,2015_48251,0,0,10/13/2015 17:08,17:08,3,0,3,78TH AVE 24800 BLK E & JACKSON GAP ST,1,1,0,0,1,2,,,45,0,0,0,0,2,4,2,1
,2015_48252,0,0,10/15/2015 8:00,8:00,12,0,0,ALAMEDA AVE E & CHERRY S DR E,1,1,0,0,1,1,,,30,0,0,0,0,0,4,2,16
,2015_48253,0,0,10/22/2015 9:05,9:05,12,0,0,ALAMEDA AVE 7800 BLK E & QUEBEC ST S,2,1,0,1,1,1,,,40,0,0,0,0,0,4,2,13
,2015_48254,0,0,10/6/2015 16:03,16:03,3,0,0,ASBURY AVE E & UNIVERSITY BLVD S,1,1,0,0,1,1,,,25,0,0,0,0,0,4,2,14
,2015_48255,0,0,11/2/2015 17:23,17:23,12,0,0,BELLEVIEW AVE & 8000 BLK E,1,3,0,0,1,4,,,40,0,0,0,0,0,4,2,3
,2015_48256,0,0,12/1/2015 18:08,18:08,12,0,0,BROADWAY ST & 6TH AVE W,1,3,0,0,1,1,,,30,0,0,0,0,1,4,2,13
,2015_48258,0,0,10/1/2015 14:17,14:17,12,0,0,BROADWAY ST 150 BLK S & CEDAR AVE,1,1,0,0,1,1,,,30,0,0,0,0,0,4,2,14
,2015_48259,0,0,9/2/2015 15:55,15:55,1,0,0,BROADWAY N & LARIMER ST,1,1,0,0,1,2,,,30,0,0,0,0,0,4,2,13
,2015_48260,0,0,11/15/2015 11:04,11:04,15,0,0,BROADWAY N & 17TH ST,1,1,0,0,1,4,,,30,0,0,0,0,0,4,2,3
,2015_48261,0,0,12/15/2015 15:02,15:02,15,0,0,BROADWAY ST 1000 BLK S & TENNESSEE AVE E,4,1,0,4,1,4,,,30,0,0,0,0,0,4,2,14
,2015_48262,0,0,10/31/2015 17:40,17:40,12,0,0,BROADWAY ST 400 BLK S & VIRGINIA AVE E,1,1,0,0,1,4,,,35,0,0,0,0,0,4,2,8
,2015_48263,0,0,9/29/2015 17:06,17:06,1,0,0,CENTRAL PARK BLVD N & 40TH AVE E,1,1,1,0,1,1,,,35,0,0,0,0,0,4,2,7
,2015_48264,0,0,12/20/2015 18:35,18:35,12,0,0,CLAY ST N & 38TH AVE W,1,3,0,0,1,2,,,5,0,0,0,0,0,4,2,13
,2015_48265,0,0,12/4/2015 11:35,11:35,10,0,0,COLUMBINE ST & 51ST AVE E,1,1,0,0,1,2,,,30,0,0,0,0,0,4,2,13
,2015_48266,0,0,11/21/2015 23:33,23:33,12,0,0,DOWNING ST S & BUCHTEL BLVD E,1,3,0,0,1,4,,,30,0,0,0,0,1,4,2,5
,2015_48267,0,0,10/30/2015 18:44,18:44,12,0,0,DOWNING ST S & ILIFF AVE E,1,3,0,0,1,4,,,35,0,0,0,0,0,4,2,16
,2015_48268,0,0,10/18/2015 7:48,7:48,3,0,0,ELATI ST N & 13TH AVE W,1,1,0,0,1,1,,,30,0,0,0,0,1,4,2,4
,2015_48269,0,0,10/14/2015 15:20,15:20,12,0,0,EVANS AVE E & DOWNING ST S,1,1,0,0,1,1,,,35,0,0,0,0,0,4,2,13
,2015_48270,0,0,12/11/2015 15:20,15:20,12,0,0,EXPOSITION AVE 3200 BLK E & BELCARO DR E,1,1,0,0,1,1,,,25,0,0,0,0,1,4,2,3
,2015_48271,0,0,11/2/2015 18:11,18:11,12,0,0,FRANKLIN ST 1400 BLK N & 14TH AVE E,1,1,0,0,1,1,,,25,0,0,0,0,0,4,2,14
,2015_48272,0,0,10/28/2015 8:18,8:18,1,0,0,ILIFF AVE 2300 BLK E & UNIVERSITY BLVD S,1,1,0,0,1,2,,,30,0,0,0,0,0,4,2,13
,2015_48273,0,0,12/19/2015 12:20,12:20,3,0,1,IOWA AVE W & IRVING ST S,6,1,1,0,1,1,,,25,0,0,0,0,2,4,2,13
,2015_48274,0,0,9/17/2015 16:41,16:41,3,0,0,IRVING ST N & CLYDE PL W,1,1,0,0,1,1,,,25,0,0,0,0,0,4,2,13
,2015_48275,0,0,12/2/2015 16:20,16:20,12,0,0,KING ST & 2400 BLK,1,1,0,0,1,4,,,25,0,0,0,0,0,4,2,14
,2015_48276,0,0,11/1/2015 0:46,0:46,15,0,0,LINCOLN ST & 700 BLK N,1,3,0,0,1,2,,,30,0,0,0,0,0,4,2,8
,2015_48277,0,0,9/9/2015 18:36,18:36,12,0,0,LOGAN ST S & TENNESSEE AVE E,1,1,0,0,1,1,,,30,0,0,0,0,0,4,2,3
,2015_48278,0,0,12/23/2015 20:36,20:36,15,0,0,MARKET ST 2000 BLK & 21ST ST,1,3,0,0,1,3,,,30,0,0,0,0,0,4,2,3
,2015_48279,0,0,12/27/2015 17:57,17:57,15,0,0,MONACO ST 2800 BLKS & BATES AVE E,1,3,1,0,1,4,,,35,0,0,0,0,0,4,2,14
,2015_48280,0,0,9/10/2015 8:40,8:40,3,0,0,MONTVIEW BLVD & LOCUST ST N,1,1,0,0,1,1,,,25,0,0,0,0,0,4,2,13
,2015_48281,0,0,9/26/2015 4:25,4:25,12,0,0,37TH PL E & UINTA ST N,1,3,0,0,1,1,,,25,0,0,0,0,0,4,2,13
,2015_48282,0,0,12/18/2015 17:40,17:40,15,0,0,PENA BLVD & 80TH AVE E,9,3,1,0,1,4,,,40,0,0,0,0,0,4,2,13
,2015_48283,0,0,12/26/2015 15:40,15:40,15,0,0,PENA BLVD INBOUND 7900 BL & 80TH AVE E,2,1,0,0,1,4,,,45,0,0,0,0,0,4,2,13
,2015_48284,0,0,11/28/2015 15:20,15:20,12,0,0,PENA BLVD & GVR BLVD,1,1,0,0,1,3,,,25,0,0,0,0,0,4,2,16
,2015_48285,0,0,11/5/2015 7:17,7:17,15,0,0,PEORIA ST N & 44TH AVE E,2,1,0,1,1,4,,,40,0,0,0,0,0,4,2,16
,2015_48286,0,0,10/14/2015 18:58,18:58,1,0,0,PEORIA ST 4400 BLK N & 45TH AVE E,1,1,0,0,1,2,,,35,0,0,0,0,0,4,2,8
,2015_48287,0,0,11/13/2015 9:30,9:30,15,0,0,PEORIA ST N & 45TH AVE E,1,1,0,0,1,1,,,40,0,0,0,0,0,4,2,13
,2015_48288,0,0,9/16/2015 19:13,19:13,12,0,0,PLATTE RIVER DR S & FLORIDA AVE W,1,2,0,0,1,1,,,35,0,0,0,0,1,4,2,8
,2015_48289,0,0,10/16/2015 10:00,10:00,3,0,0,QUEBEC ST S & YALE AVE E,1,1,1,0,1,1,,,30,0,0,0,0,0,4,2,13
,2015_48290,0,0,9/3/2015 23:09,23:09,14,0,0,20TH ST 2000 BLK & CHESTNUT PL,1,3,0,0,1,4,,,45,0,0,0,0,0,4,2,14
,2015_48291,0,0,9/17/2015 17:48,17:48,3,0,0,28TH ST & CHAMPA ST,1,1,1,0,1,1,,,30,0,0,0,0,1,4,2,13
,2015_48292,0,0,8/21/2015 18:08,18:08,3,0,0,30TH ST & STOUT ST,1,1,0,7,1,1,,,25,0,0,0,0,0,4,2,16
,2015_48293,0,0,12/30/2015 15:12,15:12,10,0,0,SPEER BLVD N & 11TH AVE W,1,1,0,0,1,1,,,35,0,0,0,0,0,4,2,13
,2015_48294,0,0,9/23/2015 17:19,17:19,10,0,0,SPEER BLVD E & LINCOLN ST N,1,1,0,0,1,1,,,30,0,0,0,0,0,4,2,5
,2015_48295,0,0,12/8/2015 17:03,17:03,15,0,0,SPEER BLVD N & LINCOLN AVE,1,1,0,0,1,1,,,25,0,0,0,0,0,4,2,13
,2015_48296,0,0,10/1/2015 20:05,20:05,12,0,0,STANFORD AVE 7700 BLK W & WADSWORTH BLVD S,1,3,0,0,1,2,,,35,0,0,0,0,0,4,2,1
,2015_48297,0,0,9/13/2015 16:13,16:13,1,0,0,STEELE ST N & ELLSWORTH AVE E,1,1,0,0,1,1,,,30,0,0,0,0,1,4,2,1
,2015_48298,0,0,10/3/2015 14:58,14:58,10,0,1,STOUT ST & 31ST ST,1,1,0,0,1,1,,,30,0,0,0,0,2,4,2,8
,2015_48299,0,0,11/7/2015 12:59,12:59,10,0,0,SYRACUSE ST S & QUINCY AVE E,1,1,0,0,1,3,,,35,0,0,0,0,0,4,2,1
,2015_48300,0,0,9/23/2015 10:40,10:40,12,0,0,TAMARAC DR 3100 BLK S & DARTMOUTH AVE E,1,1,0,0,1,3,,,30,0,0,0,0,0,4,2,13
,2015_48301,0,0,12/17/2015 10:30,10:30,12,0,0,UINTA WAY 000 BLK N & LOWRY BLVD E,4,1,0,0,1,6,,,30,0,0,0,0,1,4,2,7
,2015_48302,0,0,12/13/2015 13:51,13:51,12,0,0,WASHINGTON ST 1400 BLK N & COLFAX AVE E,1,1,0,0,1,5,,,30,0,0,0,0,0,4,2,13
,2015_48303,0,0,10/12/2015 8:12,8:12,12,0,0,YALE AVE 6600 BLK E & MAGNOLIA ST S,1,1,0,0,1,4,,,30,0,0,0,0,0,4,2,13
,2015_48304,0,0,9/18/2015 7:50,7:50,12,0,0,YORK ST 2000 BLK N & 20TH AVE E,1,1,0,0,1,1,,,30,0,0,0,0,1,4,2,13
,2015_48380,39.687563,-104.940549,8/20/2015 14:33,14:33,1,0,0,COLORADO BLVD S & IOWA AVE E,1,1,0,0,1,1,,,35,0,0,0,0,0,2,2,3
,2015_48381,39.687563,-104.940549,9/3/2015 14:40,14:40,12,0,0,IOWA AVE 4000 BLK E & COLORADO BLVD S,1,1,0,0,1,3,,,25,0,0,0,0,0,2,2,14
,2015_48382,39.69692,-104.940574,8/29/2015 15:55,15:55,12,0,0,COLORADO BLVD 1000 BLK S & MISSISSIPPI AVE E,1,1,0,0,1,4,,,35,0,0,0,0,1,2,2,12
,2015_48383,39.697362,-104.940609,10/26/2015 13:44,13:44,15,0,0,COLORADO BLVD S & MISSISSIPPI AVE E,1,1,0,0,1,4,,,35,0,0,0,0,0,2,2,7
,2015_48385,39.663462,-104.940595,10/20/2015 19:00,19:00,1,0,0,COLORADO BLVD S & CORNELL AVE E,1,3,0,0,1,1,,,40,0,0,0,0,1,2,2,13
,2015_48386,39.781472,-104.940493,8/21/2015 16:25,16:25,12,0,0,I-70  WB ON RAMP & N COLORADO BLVD,1,1,1,0,1,8,,,55,0,0,0,0,0,2,2,1
,2015_48392,39.725422,-105.02478,11/24/2015 17:16,17:16,12,0,0,6TH AVE W & FEDERAL BLVD N,1,3,0,0,1,4,,,40,0,0,0,0,0,2,2,7
,2015_48393,39.779518,-104.94972,11/26/2015 19:24,19:24,1,0,0,STEELE ST N & I-70 EB RAMPS,2,3,0,2,1,1,,,30,0,0,0,0,1,2,2,16
,2015_48409,39.627163,-104.903401,11/6/2015 9:20,9:20,12,0,0,I-25 & BELLEVIEW AVE E,1,1,0,0,1,4,,,65,0,0,0,0,0,1,2,16
,2015_48410,39.65297,-104.918192,10/29/2015 7:15,7:15,12,0,0,I-25 SB SLIP ON RAMP & HAMPDEN AVE,1,2,1,0,1,8,,,45,0,0,0,0,0,1,2,13
,2015_48411,39.68492,-104.959513,8/27/2015 15:29,15:29,12,0,0,I-25 & UNIVERSITY BLVD S,1,1,1,0,1,4,,,60,0,0,0,0,0,1,2,3
,2015_48412,39.68492,-104.959513,12/28/2015 15:23,15:23,12,0,0,I-25 NB OFF RAMP & UNIVERSITY BLVD S,1,1,0,0,1,3,,,30,0,0,0,0,1,1,2,14
,2015_48413,39.700212,-104.985887,9/11/2015 6:10,6:10,15,0,0,I-25 & LOGAN ST S,1,2,0,0,1,4,,,55,0,0,0,0,0,1,2,13
,2015_48414,39.707122,-104.996782,11/1/2015 17:51,17:51,15,0,0,I-25 & SANTA FE DR S,1,2,1,0,1,4,,,65,0,0,0,0,0,1,2,16
,2015_48415,39.739366,-105.01387,11/29/2015 22:30,22:30,15,0,0,I-25 SB ON RAMP & COLFAX AVE W,4,3,0,2,1,8,,,55,0,0,0,0,0,1,2,13
,2015_48417,39.755141,-105.012706,12/5/2015 14:50,14:50,12,0,0,I-25 & SPEER BLVD N,1,1,0,0,1,4,,,55,0,0,0,0,0,1,2,3
,2015_48418,39.760997,-105.004275,9/12/2015 15:40,15:40,15,0,0,I-25 & 20TH ST,1,1,0,0,1,4,,,55,0,0,0,0,0,1,2,13
,2015_48419,39.789234,-104.988857,11/12/2015 11:05,11:05,12,0,0,I-25 & 51ST AVE W (NOT IN CO,1,1,0,0,1,4,,,55,0,0,0,0,1,1,2,3
,2015_48425,39.711195,-105.043181,8/19/2015 19:51,19:51,3,0,1,ALAMEDA AVE W & STUART ST S,1,1,0,0,1,1,,,35,0,0,0,0,2,2,2,13
,2015_48426,39.711091,-105.0275,12/11/2015 8:30,8:30,3,0,0,ALAMEDA AVE W & HAZEL CT S,1,1,0,0,1,1,,,35,0,0,0,0,0,2,2,13
,2015_48427,39.711184,-105.000622,9/9/2015 10:35,10:35,10,0,0,ALAMEDA AVE W & PLATTE RIVER DR S,1,1,1,0,1,1,,,35,0,0,0,0,0,2,2,7
,2015_48428,39.653094,-104.912878,11/29/2015 18:53,18:53,3,0,0,MONACO ST 3500 BLK S & HAMPDEN AVE E,4,3,0,2,1,3,,,35,0,0,0,0,0,2,2,13
,2015_48429,39.653077,-104.898688,8/24/2015 9:20,9:20,3,0,0,HAMPDEN AVE E & TAMARAC ST S,1,1,0,0,1,1,,,45,0,0,0,0,1,2,2,13
,2015_48430,39.65302,-104.875567,10/26/2015 20:43,20:43,12,0,0,HAMPDEN AVE 9600 BLK E & DAYTON ST S,1,3,0,0,1,3,,,40,0,0,0,0,1,2,2,10
,2015_48443,39.777393,-104.903402,11/4/2015 19:56,19:56,12,0,0,QUEBEC ST N & I-70 EB RAMPS,2,3,1,0,1,1,,,40,0,0,0,0,0,2,2,14
,2015_48457,39.740082,-105.005223,11/16/2015 17:12,17:12,3,0,0,COLFAX AVE W & 7TH ST,2,2,1,1,1,1,,,30,0,0,0,0,0,2,2,16
,2015_48458,39.740029,-105.00258,10/4/2015 1:55,1:55,15,0,0,COLFAX AVE 1100 BLK W & MARIPOSA ST N,1,3,0,0,1,4,,,30,0,0,0,0,0,2,2,13
,2015_48459,39.74003,-104.982271,12/8/2015 15:03,15:03,3,0,0,COLFAX AVE E & LOGAN ST,1,1,0,0,1,1,,,30,0,0,0,0,0,2,2,13
,2015_48460,39.740084,-104.892883,10/4/2015 12:51,12:51,12,0,0,COLFAX AVE E & UINTA ST N,1,1,0,0,1,3,,,30,0,0,0,0,0,2,2,1
,2015_48482,39.783616,-105.053039,9/20/2015 23:30,23:30,6,0,0,I-70 WB OFF RAMP & SHERIDAN BLVD N,1,3,0,0,1,8,,,15,0,0,0,0,0,1,2,5
,2015_48483,0,0,8/30/2015 1:10,1:10,5,0,0,8TH AVE W & HAZEL CT N,1,3,1,0,2,4,,,25,0,0,0,0,0,4,1,5
,2015_48484,39.779859,-104.96782,12/18/2015 6:30,6:30,12,0,0,I-70 & BRIGHTON BLVD,2,2,0,0,1,4,,,55,0,0,0,0,0,1,2,13
,2015_48485,39.779895,-104.967089,11/3/2015 8:00,8:00,15,0,0,I-70 & BRIGHTON BLVD N,1,1,0,0,1,4,,,55,0,0,0,0,0,1,2,1
,2015_48486,39.780014,-104.959201,9/10/2015 7:36,7:36,10,0,0,YORK ST N & 46TH AVE E FRONTAGE R,1,1,0,0,1,1,,,30,0,0,0,0,0,4,2,13
,2015_48487,39.779945,-104.94044,11/2/2015 13:14,13:14,15,0,0,I-70 WB ON RAMP & COLORADO BLVD,1,1,0,0,1,4,,,55,0,0,0,0,0,1,2,14
,2015_48488,39.780031,-104.93177,8/21/2015 7:02,7:02,12,0,0,I-70 & MONACO ST,1,1,0,0,1,4,,,55,0,0,0,0,0,1,2,1
,2015_48489,39.778287,-104.912805,12/1/2015 8:36,8:36,12,0,0,I-70 & MONACO ST N,1,1,0,0,1,4,,,55,0,0,0,0,0,1,2,13
,2015_48490,39.775623,-104.865778,9/10/2015 16:01,16:01,15,0,0,I-70 & HAVANA ST N,1,1,1,0,1,4,,,55,0,0,0,0,0,1,2,14
,2015_48491,39.775623,-104.865778,11/6/2015 8:20,8:20,12,0,0,I-70 & HAVANA ST N,1,1,0,0,1,4,,,55,0,0,0,0,0,1,2,1
,2015_48498,39.698234,-104.902629,11/16/2015 16:30,16:30,12,0,0,PARKER RD S & QUEBEC ST S,2,2,0,1,1,4,,,35,0,0,0,0,0,2,2,16
,2015_48500,39.711328,-104.936473,12/2/2015 10:20,10:20,12,0,0,LEETSDALE DR 300 BLK & ALAMEDA AVE E,1,1,1,0,1,1,,,35,0,0,0,0,1,2,2,13