id,drcog_id,latitude,longitude,crashtime,time,crashtype,numbkilled,numbinjurd,drcoglocat,rdconditin,lightngcon,roadcntgrd,weatherco,location,roaddescrp,schoolzone,constrzone,splimit,bikeinv,pedinv,sctrinv,motoinv,svrty,rdsystem,ttlvehcls,hcf
,2015_48509,39.692553,-104.992451,9/4/2015 8:45,8:45,15,0,0,SANTA FE DR 1300 BLK S & FLORIDA AVE W,1,1,0,0,1,4,,,45,0,0,0,0,0,2,2,13
,2015_48510,39.696775,-104.991848,12/21/2015 11:45,11:45,15,0,0,SANTA FE BLVD 1000 BLK S & MISSISSIPPI AVE W,2,1,0,0,1,3,,,30,0,0,0,0,0,2,2,13
,2015_48511,39.725983,-105.025128,8/29/2015 14:57,14:57,3,0,0,FEDERAL BLVD N & 6TH AVE WB OFF RAMP,1,1,0,0,1,1,,,35,0,0,0,0,1,2,2,13
,2015_48512,39.719706,-105.025188,11/4/2015 18:15,18:15,1,0,0,FEDERAL BLVD N & 2ND AVE W,2,3,1,1,1,1,,,35,0,0,0,0,0,2,2,1
,2015_48513,39.676758,-105.025054,11/13/2015 17:25,17:25,1,0,0,FEDERAL BLVD S & WARREN AVE W,1,1,0,0,1,3,,,35,0,0,0,0,0,2,2,13
,2015_48527,39.675434,-105.053262,9/20/2015 13:55,13:55,12,0,0,SHERIDAN BLVD S & 2201,1,1,1,0,1,2,,,40,0,0,0,0,0,2,2,7
,2015_48528,39.682241,-105.053199,11/30/2015 17:44,17:44,14,0,0,SHERIDAN BLVD S & JEWELL AVE W,1,3,1,0,1,1,,,35,0,0,0,0,0,2,2,13
,2015_48561,39.635523,-104.89346,12/9/2015 18:10,18:10,1,0,0,TAMARAC ST S & I-225 SB RAMPS,1,3,0,0,1,1,,,30,0,0,0,0,0,1,2,7
,2015_48581,39.742606,-105.025153,12/4/2015 17:53,17:53,1,0,0,FEDERAL BLVD & 1600 BLK N,1,2,1,0,1,2,,,35,0,0,0,0,1,2,2,13
,2015_48582,39.754855,-105.025129,12/5/2015 17:44,17:44,12,0,0,FEDERAL BLVD & 2600 BLK N,1,3,0,0,1,4,,,35,0,0,0,0,0,2,2,13
,2015_48583,39.780247,-105.025224,12/4/2015 7:14,7:14,3,0,0,FEDERAL BLVD N & 46TH AVE W,1,1,0,0,1,1,,,35,0,0,0,0,0,2,2,14
,2015_48644,0,0,11/20/2015 7:05,7:05,12,0,0,CHAMBERS RD N & 40TH AVE E,1,1,1,0,1,3,,,40,0,0,0,0,0,4,2,12
,2015_48673,0,0,7/3/2015 1:28,1:28,6,0,0,PERRY ST 3700 BLK N & 38TH AVE W,1,3,0,7,1,4,,,25,0,0,0,0,0,4,2,16
,2015_48692,0,0,9/3/2015 12:35,12:35,10,0,0,5TH AVE W & BRYANT ST N,1,1,0,0,1,3,,,30,0,0,0,0,0,4,2,7
,2015_48693,0,0,8/21/2015 21:40,21:40,10,0,0,6TH AVE W & INCA ST N,1,3,0,0,1,1,,,30,0,0,0,0,0,4,2,13
,2015_48694,0,0,11/9/2015 7:53,7:53,15,0,0,6TH AVE E & LINCOLN ST N,1,1,0,0,1,3,,,30,0,0,0,0,0,4,2,1
,2015_48695,0,0,12/30/2015 15:54,15:54,12,0,0,6TH AVE 900 BLK E & OGDEN ST N,1,1,0,0,1,4,,,30,0,0,0,0,0,4,2,14
,2015_48696,0,0,10/22/2015 8:12,8:12,3,0,0,10TH AVE E & SHERMAN ST N,2,1,0,1,1,1,,,30,0,0,0,0,0,4,2,13
,2015_48697,0,0,10/1/2015 7:50,7:50,1,0,0,13TH AVE E & GILPIN ST N,1,1,0,0,1,1,,,30,0,0,0,0,0,4,2,13
,2015_48698,0,0,8/21/2015 10:27,10:27,3,0,0,13TH AVE W & SPEER BLVD N,1,1,1,7,1,1,,,30,0,0,0,0,0,4,2,16
,2015_48699,0,0,9/5/2015 11:30,11:30,10,0,2,14TH AVE E & ASH ST N,1,1,0,0,1,1,,,30,0,0,0,0,2,4,2,13
,2015_48700,0,0,12/12/2015 10:35,10:35,3,0,0,14TH AVE E & WASHINGTON ST N,2,1,0,2,1,1,,,30,0,0,0,0,0,4,2,13
,2015_48701,0,0,12/2/2015 17:36,17:36,3,0,0,17TH AVE E & GILPIN ST N,1,3,1,0,1,1,,,30,0,0,0,0,0,4,2,7
,2015_48702,0,0,9/23/2015 13:05,13:05,12,0,0,QUEBEC ST N & 36TH AVE E,1,1,0,0,1,1,,,40,0,0,0,0,0,4,2,13
,2015_48703,0,0,9/14/2015 10:00,10:00,3,0,0,17TH AVE E & SHERMAN ST N,1,1,1,0,1,1,,,25,0,0,0,0,0,4,2,13
,2015_48704,0,0,10/14/2015 15:40,15:40,12,0,0,20TH AVE 700 BLK E & WASHINGTON ST,1,1,0,0,1,1,,,30,0,0,0,0,0,4,2,13
,2015_48705,0,0,11/5/2015 8:03,8:03,12,0,0,26TH AVE W & ALCOTT ST N,2,1,0,0,1,1,,,35,0,0,0,0,0,4,2,14
,2015_48706,0,0,11/26/2015 18:56,18:56,3,0,0,31ST AVE W & UMATILLA ST N,4,3,0,2,1,1,,,25,0,0,0,0,0,4,2,16
,2015_48707,0,0,12/4/2015 15:44,15:44,10,0,0,32ND AVE W & VALLEJO ST N,1,2,1,0,1,1,,,30,0,0,0,0,0,4,2,13
,2015_48708,0,0,9/18/2015 16:20,16:20,3,0,0,38TH AVE W & ELIOT ST N,1,1,0,0,1,1,,,35,0,0,0,0,0,4,2,13
,2015_48709,0,0,10/26/2015 16:24,16:24,3,0,0,39TH AVE E & PEORIA ST N,1,1,1,0,1,1,,,25,0,0,0,0,0,4,2,13
,2015_48710,0,0,12/10/2015 17:20,17:20,3,0,0,48TH AVE W & LOWELL BLVD N,1,3,0,0,1,1,,,25,0,0,0,0,0,4,2,13
,2015_48711,0,0,11/28/2015 18:00,18:00,1,0,0,67TH AVE E & TOWER RD N,1,3,0,0,1,1,,,40,0,0,0,0,0,4,2,13
,2015_48712,0,0,12/21/2015 7:45,7:45,15,0,0,ALAMEDA AVE 200 BLK W & CHEROKEE ST W,1,1,1,0,1,3,,,30,0,0,0,0,0,4,2,13
,2015_48713,0,0,10/27/2015 18:00,18:00,12,0,0,ALAMEDA AVE E & HIGH ST S,1,2,0,0,1,4,,,30,0,0,0,0,0,4,2,14
,2015_48714,0,0,9/3/2015 22:20,22:20,6,0,0,ALBION ST & 1200 BLK N,1,4,0,7,1,4,,,25,0,0,0,0,0,4,2,5
,2015_48715,0,0,10/22/2015 13:40,13:40,3,0,0,ANDREWS DR E & DILLON ST N,2,1,0,1,1,1,,,25,0,0,0,0,0,4,2,13
,2015_48716,0,0,11/10/2015 8:05,8:05,10,0,0,DAHLIA ST S & EVANS AVE E,1,1,0,0,1,3,,,25,0,0,0,0,0,4,2,13
,2015_48717,0,0,11/6/2015 11:07,11:07,12,0,0,DOWNING ST 1500 BLK S & BUCHTEL BLVD E,1,1,1,0,1,4,,,30,0,0,0,0,1,4,2,3
,2015_48718,0,0,11/23/2015 7:29,7:29,1,0,2,DUNKIRK ST N & MAXWELL PL E,1,1,0,0,1,1,,,35,0,0,0,0,2,4,2,4
,2015_48719,0,0,11/21/2015 0:20,0:20,3,0,0,EVANS AVE & 2150 E,5,3,1,2,1,2,,,10,0,0,0,0,0,4,2,16
,2015_48720,0,0,10/15/2015 9:45,9:45,15,0,0,EVANS AVE 6300 BLK E & MONACO PKWY S,1,1,0,0,1,4,,,30,0,0,0,0,0,4,2,13
,2015_48721,0,0,9/16/2015 15:05,15:05,1,0,0,EVANS AVE W & TEJON ST S,1,1,1,0,1,1,,,35,0,0,0,0,0,4,2,1
,2015_48722,0,0,8/22/2015 12:15,12:15,12,0,0,FAIRMOUNT DR E & ALAMEDA AVE E,1,1,0,7,1,4,,,30,0,0,0,0,1,4,2,3
,2015_48723,0,0,11/10/2015 19:00,19:00,14,0,0,FLORIDA AVE E & HIGHLINE CANAL,1,4,1,0,1,1,,,30,0,0,0,0,0,4,2,1
,2015_48724,0,0,11/25/2015 0:14,0:14,1,0,0,JACKSON GAP RD & 75TH AVE E,1,3,0,0,1,1,,,35,0,0,0,0,0,4,2,16
,2015_48725,0,0,11/16/2015 7:32,7:32,15,0,0,KALAMATH ST & 13TH AVE W,1,1,0,0,1,4,,,35,0,0,0,0,0,4,2,14
,2015_48726,0,0,9/2/2015 7:53,7:53,1,0,0,LEYDEN ST S & ALAMEDA AVE E,1,1,0,0,1,1,,,25,0,0,0,0,1,4,2,1
,2015_48727,0,0,9/24/2015 12:45,12:45,12,0,0,LINCOLN ST 700 BLK N & 8TH AVE E,1,1,0,0,1,4,,,30,0,0,0,0,0,4,2,13
,2015_48728,0,0,9/22/2015 9:44,9:44,6,0,0,LIPAN ST 1100 BLK N & 11TH AVE W,1,1,0,7,1,4,,,25,0,0,0,0,0,4,2,14
,2015_48729,0,0,8/21/2015 15:55,15:55,10,0,0,LOWRY BLVD & FAIRMOUNT ST N,1,1,0,0,1,6,,,30,0,0,0,0,0,4,2,13
,2015_48730,0,0,10/12/2015 15:32,15:32,15,0,0,LOWRY BLVD E & YOSEMITE ST N,1,1,0,0,1,6,,,25,0,0,0,0,0,4,2,7
,2015_48731,0,0,11/2/2015 10:27,10:27,10,0,0,LOWRY BLVD E & YOSEMITE ST N,1,1,0,0,1,6,,,30,0,0,0,0,0,4,2,16
,2015_48732,0,0,11/1/2015 1:00,1:00,12,0,0,MARKET ST & PARK AVE W,1,3,0,0,1,3,,,25,0,0,0,0,0,4,2,14
,2015_48733,0,0,10/20/2015 7:25,7:25,3,0,0,MLK BLVD & HAVANA ST N,1,1,0,0,1,1,,,35,0,0,0,0,0,4,2,13
,2015_48734,0,0,11/23/2015 17:21,17:21,1,0,1,MLK BLVD E & MONACO ST N,1,3,0,0,1,1,,,35,0,0,0,0,2,4,2,16
,2015_48735,0,0,12/30/2015 11:57,11:57,3,0,0,MONACO ST & 26TH AVE,1,1,0,0,1,1,,,35,0,0,0,0,1,4,2,13
,2015_48736,0,0,8/31/2015 7:16,7:16,12,0,0,MONACO PKWY 1400 BLK S & CHERRY CREEK DR N E,1,1,0,0,1,3,,,30,0,0,0,0,0,4,2,13
,2015_48737,0,0,11/12/2015 9:00,9:00,3,0,0,MONACO ST S & CORNELL AVE E,1,1,0,0,1,1,,,35,0,0,0,0,0,4,2,13
,2015_48738,0,0,12/4/2015 17:24,17:24,3,0,0,OHIO AVE E & LOGAN ST S,1,3,0,0,1,1,,,30,0,0,0,0,0,4,2,8
,2015_48739,0,0,9/9/2015 16:26,16:26,12,0,0,PATTON CT S & CENTER AVE W,1,1,1,0,1,1,,,20,0,0,0,0,0,4,2,13
,2015_48740,0,0,10/20/2015 16:22,16:22,12,0,0,PENA BLVD & 56TH AVE E,1,1,0,0,1,1,,,40,0,0,0,0,0,4,2,13
,2015_48741,0,0,12/30/2015 17:03,17:03,12,0,0,PENA BLVD & GVR BLVD,1,3,0,0,1,1,,,35,0,0,0,0,0,4,2,13
,2015_48742,0,0,9/2/2015 14:02,14:02,12,0,2,PEORIA ST 4300 BLK N & 44TH AVE E,1,1,0,0,1,4,,,35,0,0,0,0,3,4,2,13
,2015_48743,0,0,11/20/2015 8:15,8:15,3,0,0,PEORIA ST N & 47TH AVE E,1,1,0,0,1,2,,,40,0,0,0,0,0,4,2,2
,2015_48744,0,0,9/30/2015 9:30,9:30,3,0,0,QUEBEC ST 3300 BLK N & 33RD AVE E,1,1,0,0,1,1,,,35,0,0,0,0,0,4,2,1
,2015_48745,0,0,10/5/2015 17:15,17:15,12,0,0,QUEBEC ST S & EXPOSITION AVE E,1,1,1,0,1,4,,,35,0,0,0,0,1,4,2,7
,2015_48746,0,0,11/24/2015 18:56,18:56,3,0,0,QUEBEC ST N & MLK BLVD E,1,3,0,0,1,1,,,35,0,0,0,0,0,4,2,16
,2015_48747,0,0,11/15/2015 12:34,12:34,12,0,0,QUEBEC ST N & SANDOWN RD E,1,1,0,0,1,3,,,35,0,0,0,0,0,4,2,16
,2015_48748,0,0,10/25/2015 20:45,20:45,3,0,0,15TH ST & PLATTE ST,1,3,0,0,1,1,,,30,0,0,0,0,0,4,2,8
,2015_48749,0,0,10/30/2015 3:30,3:30,3,0,0,22ND ST & LAWRENCE ST,1,3,0,0,1,1,,,30,0,0,0,0,1,4,2,4
,2015_48750,0,0,10/20/2015 21:14,21:14,3,0,0,32ND ST & LAWRENCE ST,1,3,0,0,1,1,,,30,0,0,0,0,0,4,2,13
,2015_48751,0,0,12/22/2015 12:36,12:36,1,0,0,40TH ST & WALNUT ST,1,1,0,0,1,4,,,30,0,0,0,0,0,4,2,13
,2015_48752,0,0,12/31/2015 8:45,8:45,3,0,0,SPEER BLVD N & 13TH AVE W,1,1,0,0,1,1,,,35,0,0,0,0,1,4,2,14
,2015_48753,0,0,10/17/2015 19:40,19:40,3,0,0,SPEER BLVD N & AURARIA PKWY,1,3,0,0,1,1,,,35,0,0,0,0,1,4,2,3
,2015_48754,0,0,11/25/2015 8:38,8:38,3,0,0,SPEER BLVD & AURARIA PKWY,1,1,0,0,1,1,,,25,0,0,0,0,0,4,2,16
,2015_48755,0,0,11/17/2015 18:55,18:55,15,0,0,SPEER BLVD N & CHOPPER CIR,1,3,1,0,1,1,,,35,0,0,0,0,0,4,2,13
,2015_48756,0,0,12/2/2015 9:05,9:05,12,0,0,SPEER BLVD N & CHOPPER CIR,1,1,0,0,1,1,,,35,0,0,0,0,0,4,2,14
,2015_48757,0,0,11/19/2015 13:11,13:11,3,0,0,SPEER BLVD E & GRANT ST N,1,1,0,0,1,1,,,35,0,0,0,0,0,4,2,14
,2015_48758,0,0,11/13/2015 17:56,17:56,12,0,0,SPEER BLVD S & WEWATTA ST N,1,3,0,0,1,4,,,35,0,0,0,0,1,4,2,13
,2015_48760,0,0,9/5/2015 18:01,18:01,12,0,0,STOUT ST 1400 BLK & 15TH ST,1,1,0,0,1,4,,,30,0,0,0,0,0,4,2,13
,2015_48761,0,0,12/14/2015 7:38,7:38,12,0,0,TOWER RD N & 45TH AVE E,1,1,0,0,1,1,,,40,0,0,0,0,1,4,2,5
,2015_48762,0,0,9/21/2015 12:50,12:50,12,0,0,UNIVERSITY BLVD 200 BLK S & ALAMEDA AVE E,1,1,0,0,1,3,,,30,0,0,0,0,0,4,2,14
,2015_48763,0,0,10/20/2015 18:53,18:53,12,0,0,UNIVERSITY BLVD 2200 BLK & EVANS AVE E,1,3,0,0,1,4,,,30,0,0,0,0,0,4,2,1
,2015_48764,0,0,11/4/2015 11:58,11:58,15,0,0,UNIVERSITY BLVD S & EVANS AVE E,1,1,0,0,1,3,,,30,0,0,0,0,0,4,2,8
,2015_48765,0,0,11/14/2015 11:10,11:10,12,0,0,VAUGHN WAY N & UVALDA ST N,1,1,0,0,1,1,,,25,0,0,0,0,0,4,2,1
,2015_48766,0,0,9/9/2015 16:42,16:42,12,0,0,WALNUT ST 2600 BLK & 27TH ST,1,1,0,0,1,4,,,30,0,0,0,0,0,4,2,13
,2015_48767,0,0,10/30/2015 11:08,11:08,12,0,0,WASHINGTON ST N & 47TH AVE E,1,1,0,0,1,4,,,35,0,0,0,0,0,4,2,14
,2015_48768,0,0,10/16/2015 13:00,13:00,15,0,0,YOSEMITE ST N & LOWRY BLVD E,1,1,0,0,1,6,,,25,0,0,0,0,0,4,2,13
,2015_48769,0,0,11/12/2015 6:53,6:53,12,0,0,YOSEMITE ST 4000 BLK S & OXFORD DR E,1,1,0,0,1,3,,,30,0,0,0,0,0,4,2,1
,2015_48867,39.683674,-104.940414,9/27/2015 17:20,17:20,3,0,0,COLORADO BLVD S & I-25 NB RAMPS,1,1,0,0,1,1,,,35,0,0,0,0,1,2,2,14
,2015_48868,39.686143,-104.940548,9/29/2015 11:20,11:20,12,0,0,COLORADO BLVD 1600 BLK S & MEXICO AVE E,1,1,0,0,1,4,,,35,0,0,0,0,0,2,2,14
,2015_48869,39.687563,-104.940549,12/18/2015 11:45,11:45,1,0,0,COLORADO BLVD S & IOWA AVE E,2,1,1,0,1,1,,,35,0,0,0,0,0,2,2,13
,2015_48870,39.689467,-104.940549,10/30/2015 11:30,11:30,12,0,0,COLORADO BLVD 1400 BLK S & FLORIDA AVE E,1,1,0,0,1,4,,,35,0,0,0,0,1,2,2,14
,2015_48872,39.706129,-104.940624,11/10/2015 14:13,14:13,15,0,0,COLORADO BLVD S & CHERRY CREEK DR S,1,1,0,0,1,1,,,35,0,0,0,0,0,2,2,16
,2015_48874,39.765639,-104.940496,12/29/2015 13:32,13:32,1,0,0,COLORADO BLVD N & 35TH AVE E,1,1,0,0,1,1,,,35,0,0,0,0,0,2,2,14
,2015_48875,39.772749,-104.940505,8/24/2015 8:36,8:36,12,0,0,COLORADO BLVD N & 40TH AVE E,1,1,0,0,1,3,,,35,0,0,0,0,0,2,2,13
,2015_48886,39.725552,-105.039373,10/22/2015 6:44,6:44,12,0,0,6TH AVE & PERRY ST N,2,3,1,1,1,4,,,55,0,0,0,0,0,2,2,7
,2015_48906,39.628413,-104.904125,9/23/2015 7:29,7:29,12,0,0,I-25 & UNION BLVD E,1,1,0,0,1,4,,,65,0,0,0,0,0,1,2,7
,2015_48907,39.66762,-104.92561,11/10/2015 17:33,17:33,12,0,0,I-25 & YALE AVE E,1,1,0,0,1,4,,,65,0,0,0,0,0,1,2,16
,2015_48908,39.66762,-104.92561,10/18/2015 19:45,19:45,3,0,0,YALE AVE E & I-25 NB RAMPS,1,3,0,0,1,1,,,35,0,0,0,0,0,1,2,16
,2015_48909,39.678363,-104.933558,9/11/2015 11:45,11:45,12,0,0,EVANS AVE E & I-25,1,1,0,0,1,4,,,35,0,0,0,0,0,1,2,13
,2015_48910,39.68492,-104.959513,12/8/2015 9:16,9:16,15,0,0,I-25 & UNIVERSITY BLVD,1,1,0,0,1,4,,,60,0,0,0,0,0,1,2,16
,2015_48911,39.684893,-104.960472,11/18/2015 16:59,16:59,15,0,0,I-25 SB OFF RAMP & UNIVERSITY BLVD S,1,3,1,0,1,8,,,50,0,0,0,0,0,1,2,14
,2015_48912,39.692284,-104.976903,8/11/2015 16:07,16:07,12,0,0,I-25 & EMERSON ST S,1,1,1,0,1,4,,,55,0,0,0,0,0,1,2,13
,2015_48913,39.701452,-104.987435,12/18/2015 8:50,8:50,15,0,0,I-25 & BROADWAY S,2,1,1,0,1,4,,,55,0,0,0,0,1,1,2,13
,2015_48914,39.701452,-104.987435,8/5/2015 21:50,21:50,1,0,0,BROADWAY S & I-25 SB RAMP,1,3,0,0,1,1,,,35,0,0,0,0,0,1,2,13
,2015_48915,39.72407,-105.011895,12/31/2015 11:30,11:30,12,0,0,I-25 & 5TH AVE W (NOT IN TCORIS),1,1,1,0,1,4,,,55,0,0,0,0,0,1,2,13
,2015_48916,39.72599,-105.013409,9/21/2015 1:12,1:12,15,0,0,I-25 & 6TH AVE W,1,3,1,0,1,4,,,55,0,0,0,0,0,1,2,13
,2015_48917,39.729334,-105.014821,10/6/2015 12:00,12:00,15,0,0,I-25 & 8TH AVE W,1,1,0,0,1,4,,,55,0,0,0,0,0,1,2,8
,2015_48918,39.730615,-105.015273,10/2/2015 21:19,21:19,15,0,0,I-25 & 8TH AVE W,1,3,0,0,1,4,,,55,0,0,0,0,0,1,2,16
,2015_48919,39.74035,-105.013939,10/20/2015 9:00,9:00,15,0,0,I-25 & COLFAX AVE W,1,1,0,0,1,4,,,55,0,0,0,0,0,1,2,16
,2015_48920,39.747497,-105.018116,10/12/2015 11:56,11:56,12,0,0,I-25 & 17TH AVE W/MILE HIGH,1,1,0,0,1,4,,,55,0,0,0,0,0,1,2,7
,2015_48921,39.751291,-105.016572,8/31/2015 14:36,14:36,12,0,0,I-25 & 23RD AVE W,1,1,0,0,1,4,,,55,0,0,0,0,0,1,2,12
,2015_48922,39.779391,-104.989165,9/25/2015 15:24,15:24,12,0,0,I-25 & I-70,1,1,0,0,1,4,,,55,0,0,0,0,0,1,2,13
,2015_48934,39.711332,-105.053258,10/21/2015 16:07,16:07,12,0,0,SHERIDAN BLVD S & ALAMEDA AVE W,1,1,0,0,1,3,,,35,0,0,0,0,0,2,2,3
,2015_48935,39.711145,-105.020337,8/20/2015 18:01,18:01,10,0,0,ALAMEDA AVE W & CLAY ST S,1,1,1,0,1,1,,,35,0,0,0,0,0,2,2,1
,2015_48936,39.65352,-104.868405,8/15/2015 2:15,2:15,1,0,3,HAMPDEN AVE E & GALENA ST S,1,3,0,0,1,1,,,45,0,0,0,0,3,2,2,1
,2015_48941,39.785534,-104.89964,12/15/2015 13:04,13:04,15,0,0,QUEBEC ST N & NORTHFIELD BLVD E,4,1,1,2,1,1,,,40,0,0,0,0,0,2,2,13
,2015_48949,39.740025,-104.998126,9/18/2015 15:30,15:30,12,0,0,COLFAX AVE 700 W & SPEER BLVD,1,1,0,0,1,1,,,30,0,0,0,0,0,2,2,3
,2015_48950,39.740007,-104.993607,11/4/2015 15:27,15:27,10,0,0,TREMONT PL & COLFAX AVE W,1,1,1,0,1,1,,,30,0,0,0,0,0,2,2,13
,2015_48951,39.740053,-104.984901,8/28/2015 8:20,8:20,15,0,0,COLFAX AVE BLK E & SHERMAN ST N,1,1,0,0,1,1,,,30,0,0,0,0,0,2,2,13
,2015_48952,39.740041,-104.983517,9/25/2015 9:57,9:57,15,0,0,COLFAX AVE E & GRANT ST N,1,1,0,0,1,1,,,35,0,0,0,0,0,2,2,14
,2015_48954,39.739998,-104.978494,11/15/2015 0:33,0:33,15,0,0,COLFAX AVE 700 BLK E & WASHINGTON ST N,1,3,1,0,1,4,,,30,0,0,0,0,0,2,2,5
,2015_48955,39.740008,-104.973453,11/3/2015 9:44,9:44,10,0,0,DOWNING ST N (RD N) & COLFAX AVE E,1,1,0,0,1,1,,,30,0,0,0,0,0,2,2,8
,2015_48956,39.740009,-104.97298,9/23/2015 16:31,16:31,15,0,0,COLFAX AVE E & DOWNING ST N,1,1,0,0,1,1,,,35,0,0,0,0,0,2,2,7
,2015_48957,39.740072,-104.919493,12/5/2015 19:26,19:26,3,0,0,JERSEY ST N & COLFAX AVE E,1,3,0,0,1,1,,,35,0,0,0,0,0,2,2,13
,2015_48958,39.740079,-104.91277,8/26/2015 14:34,14:34,3,0,0,COLFAX AVE 6500 BLK E & MONACO PKWY N,1,1,0,0,1,1,,,30,0,0,0,0,1,2,2,8
,2015_48959,39.740079,-104.912395,10/12/2015 9:30,9:30,3,0,0,COLFAX AVE E & MONACO ST N,1,1,0,0,1,1,,,30,0,0,0,0,0,2,2,13
,2015_48971,39.783162,-105.005948,10/8/2015 10:12,10:12,12,0,1,I-70 & PECOS ST N,1,1,1,0,1,4,,,55,0,0,0,0,3,1,2,1
,2015_48972,39.780013,-104.960371,12/21/2015 8:32,8:32,15,0,0,I-70 & BRIGHTON BLVD N,1,1,0,0,1,4,,,55,0,0,0,0,0,1,2,16
,2015_48973,39.780014,-104.959201,12/18/2015 12:51,12:51,12,0,0,I-70 & YORK ST N,2,1,0,0,1,4,,,55,0,0,0,0,0,1,2,13
,2015_48974,39.779993,-104.948665,9/3/2015 12:20,12:20,12,0,0,I-70 & ADAMS ST N,1,1,0,0,1,4,,,55,0,0,0,0,0,1,2,13
,2015_48975,39.7783,-104.905437,8/5/2015 15:44,15:44,12,0,0,I-70 & NORTHFIELD QUEBEC ST,1,5,0,0,1,4,,,55,0,0,0,0,0,1,2,3
,2015_48976,39.777425,-104.886068,11/21/2015 18:12,18:12,5,0,1,I-70 & CENTRAL PARK BLVD N,1,4,0,0,2,4,,,55,0,0,0,0,3,1,2,1
,2015_48977,39.777095,-104.882471,9/15/2015 16:32,16:32,12,0,0,I-70 & CENTRAL PARK BLVD N,1,1,0,0,1,4,,,55,0,0,0,0,0,1,4,16
,2015_48978,39.777095,-104.882471,11/4/2015 13:16,13:16,3,0,0,CENTRAL PARK BLVD N & I-70 WB RAMPS,1,1,2,0,1,1,,,35,0,0,0,0,0,1,2,16
,2015_48979,39.777095,-104.882471,8/26/2015 19:30,19:30,12,0,0,I-70 EB OFF RAMP & CENTRAL PARK BLVD N,1,2,0,0,1,1,,,45,0,0,0,0,0,1,2,13
,2015_48997,39.689147,-104.991995,10/19/2015 16:59,16:59,12,0,0,SANTA FE DR 1500 BLK S & FLORIDA AVE W,1,1,0,0,1,3,,,45,0,0,0,0,0,2,2,3
,2015_48998,39.696696,-104.991872,10/14/2015 9:00,9:00,1,0,0,MISSISSIPPI AVE W & SANTA FE DR S,1,1,0,0,1,1,,,30,0,0,0,0,0,2,2,13
,2015_48999,39.696696,-104.991872,12/1/2015 6:30,6:30,1,0,0,PLATTE RIVER DR S & MISSISSIPPI AVE W,1,1,0,0,1,1,,,35,0,0,0,0,0,2,2,13
,2015_49000,39.70189,-104.993862,11/9/2015 9:07,9:07,12,0,0,SANTA FE DR S & I-25,1,1,0,0,1,4,,,25,0,0,0,0,0,2,2,1
,2015_49040,39.635523,-104.89346,10/30/2015 16:53,16:53,12,0,0,I-225 & TAMARAC ST S,1,1,0,0,1,4,,,55,0,0,0,0,0,1,2,3
,2015_49041,39.635634,-104.89304,9/1/2015 19:50,19:50,1,0,0,TAMARAC ST S & I-225 NB RAMP,1,3,0,0,1,1,,,30,0,0,0,0,0,1,2,13
,2015_49042,39.639353,-104.884937,9/15/2015 7:15,7:15,12,0,0,I-225 & S YOSEMITE ST,1,1,0,0,1,4,,,55,0,0,0,0,0,1,2,13
,2015_49046,39.653153,-105.062842,9/17/2015 19:01,19:01,12,0,0,HWY 285 & HARLAN ST S (NOT IN CORIS),1,2,0,0,1,4,,,65,0,0,0,0,0,2,2,1
,2015_49052,39.652964,-104.949108,11/20/2015 15:07,15:07,12,0,0,HAMPDEN AVE E & SEDGWICK DR,1,1,0,0,1,4,,,40,0,0,0,0,0,2,2,16
,2015_49054,39.772939,-105.025237,8/24/2015 13:10,13:10,3,0,0,41ST AVE W & FEDERAL BLVD N,1,1,0,0,1,1,,,35,0,0,0,0,1,2,2,12
,2015_49055,39.784196,-105.02521,10/25/2015 13:10,13:10,12,0,0,FEDERAL BLVD N & I-70,1,1,0,0,1,4,,,35,0,0,0,0,0,2,2,7
,2015_49151,0,0,9/3/2015 18:37,18:37,12,0,0,6TH AVE 1500 BLK W & KALAMATH ST S,2,1,0,0,1,4,,,35,0,0,0,0,1,4,2,13
,2015_49152,0,0,9/12/2015 17:00,17:00,15,0,0,8TH AVE E & HUMBOLDT ST N,1,1,1,0,1,1,,,30,0,0,0,0,0,4,2,8
,2015_49153,0,0,9/9/2015 7:40,7:40,12,0,0,8TH AVE W & ZUNI ST N,1,1,0,0,1,4,,,35,0,0,0,0,0,4,2,14
,2015_49154,0,0,10/12/2015 18:39,18:39,3,0,0,11TH AVE & PEARL ST,1,1,0,0,1,1,,,20,0,0,0,0,0,4,2,13
,2015_49155,0,0,11/16/2015 12:43,12:43,3,0,0,11TH AVE E & QUEBEC ST N,1,1,0,0,1,1,,,25,0,0,0,0,1,4,2,16
,2015_49156,0,0,10/21/2015 14:55,14:55,12,0,1,11TH AVE E & XANTHIA ST N,2,1,0,0,1,1,,,35,0,0,0,0,3,4,2,1
,2015_49157,0,0,9/23/2015 17:31,17:31,3,0,0,13TH AVE 4500 BLK E & CLERMONT ST N,1,1,1,0,1,1,,,30,0,0,0,0,0,4,2,7
,2015_49158,0,0,8/29/2015 6:40,6:40,15,0,0,13TH AVE E & HARRISON ST N,1,1,0,0,1,1,,,30,0,0,0,0,0,4,2,13
,2015_49159,0,0,12/3/2015 7:40,7:40,3,0,0,16TH AVE E & JOSEPHINE ST N,1,1,0,0,1,1,,,30,0,0,0,0,0,4,2,13