id,drcog_id,latitude,longitude,crashtime,time,crashtype,numbkilled,numbinjurd,drcoglocat,rdconditin,lightngcon,roadcntgrd,weatherco,location,roaddescrp,schoolzone,constrzone,splimit,bikeinv,pedinv,sctrinv,motoinv,svrty,rdsystem,ttlvehcls,hcf
,2015_49160,0,0,11/19/2015 16:01,16:01,15,0,0,17TH AVE E & DETROIT ST N,1,1,0,0,1,4,,,30,0,0,0,0,0,4,2,16
,2015_49161,0,0,10/20/2015 17:30,17:30,1,0,0,17TH AVE E & DOWNING ST N,1,1,0,0,1,1,,,35,0,0,0,0,0,4,2,13
,2015_49162,0,0,9/17/2015 14:41,14:41,3,0,1,17TH AVE E & MONACO ST N,1,1,0,0,1,1,,,30,0,0,0,0,2,4,2,13
,2015_49163,0,0,12/18/2015 10:53,10:53,15,0,0,17TH AVE E & SHERMAN ST N,1,1,0,0,1,1,,,25,0,0,0,0,0,4,2,13
,2015_49164,0,0,10/2/2015 11:20,11:20,3,0,0,26TH AVE 2900 BLOCK W & FEDERAL BLVD N,1,1,0,0,1,2,,,30,0,0,0,0,0,4,2,13
,2015_49165,0,0,12/22/2015 16:12,16:12,3,0,0,26TH AVE E & QUEBEC ST N,1,2,0,0,1,2,,,30,0,0,0,0,0,4,2,13
,2015_49166,0,0,8/22/2015 22:30,22:30,3,0,0,29TH AVE E & STEELE ST N,1,3,0,7,1,1,,,25,0,0,0,0,1,4,2,8
,2015_49167,0,0,9/1/2015 11:44,11:44,3,0,0,32ND AVE 3400 BLK W & LOWELL BLVD N,1,1,0,0,1,2,,,35,0,0,0,0,0,4,2,14
,2015_49168,0,0,11/17/2015 15:39,15:39,15,0,0,48TH AVE E & NEWPORT ST N,1,1,0,0,1,2,,,30,0,0,0,0,0,4,2,16
,2015_49169,0,0,9/21/2015 17:20,17:20,12,0,0,48TH AVE W & OSAGE ST N,1,1,0,0,1,3,,,30,0,0,0,0,0,4,2,13
,2015_49170,0,0,12/15/2015 5:35,5:35,1,0,0,51ST AVE E & HAVANA ST N,4,3,1,2,1,1,,,40,0,0,0,0,0,4,2,13
,2015_49171,0,0,9/29/2015 13:25,13:25,3,0,0,51ST AVE E & PEORIA ST N,1,1,0,0,1,1,,,40,0,0,0,0,0,4,2,13
,2015_49172,0,0,11/19/2015 16:04,16:04,12,0,0,ALAMEDA AVE E & HOLLY ST S,1,1,0,0,1,1,,,35,0,0,0,0,1,4,2,16
,2015_49173,0,0,9/18/2015 16:31,16:31,3,0,0,ALAMEDA AVE E & QUEBEC ST S,1,1,0,0,1,1,,,35,0,0,0,0,0,4,2,14
,2015_49174,0,0,9/26/2015 8:22,8:22,15,0,0,ALAMEDA AVE E & QUEBEC ST S,1,1,0,0,1,4,,,40,0,0,0,0,0,4,2,13
,2015_49175,0,0,9/5/2015 9:30,9:30,3,0,0,ALBION ST 700 BLK N & 7TH AVE E,1,1,0,0,1,2,,,25,0,0,0,0,0,4,2,13
,2015_49176,0,0,12/11/2015 16:20,16:20,10,0,0,AURARIA PKWY & SPEER BLVD N,1,1,0,0,1,1,,,35,0,0,0,0,0,4,2,13
,2015_49177,0,0,11/26/2015 13:56,13:56,12,0,0,BANNOCK ST S & ALAMEDA AVE W,2,1,0,2,1,4,,,10,0,0,0,0,0,4,2,16
,2015_49178,0,0,10/1/2015 12:10,12:10,12,0,0,BANNOCK ST 1000 BLK N & BANNOCK ST N,1,1,0,0,1,4,,,25,0,0,0,0,0,4,2,13
,2015_49179,0,0,10/4/2015 14:15,14:15,15,0,0,BROADWAY ST N & 14TH AVE E,1,1,0,0,1,1,,,30,0,0,0,0,0,4,2,13
,2015_49180,0,0,9/4/2015 8:30,8:30,15,0,0,BROADWAY ST 300 BLK S & ALAMEDA AVE E,1,1,0,0,1,3,,,35,0,0,0,0,0,4,2,13
,2015_49181,0,0,12/16/2015 16:12,16:12,3,0,0,BROADWAY ST S & ALASKA PL W,5,3,0,2,1,2,,,25,0,0,0,0,0,4,2,13
,2015_49182,0,0,9/21/2015 22:35,22:35,15,0,0,BROADWAY ST 1000 BLK S & TENNESSEE AVE E,1,3,0,0,1,4,,,35,0,0,0,0,0,4,2,7
,2015_49183,0,0,11/2/2015 16:37,16:37,3,0,0,BRYANT ST N & VIRGINIA AVE W,1,1,0,0,1,1,,,30,0,0,0,0,0,4,2,16
,2015_49184,0,0,11/18/2015 15:03,15:03,3,0,0,BUCHTEL BLVD E & EMERSON ST S,1,1,0,0,1,1,,,25,0,0,0,0,0,4,2,16
,2015_49185,0,0,12/14/2015 18:44,18:44,3,0,0,CENTRAL PARK BLVD N & 40TH AVE E,1,3,0,0,1,1,,,40,0,0,0,0,0,4,2,7
,2015_49186,0,0,12/23/2015 12:20,12:20,3,0,0,CHEROKEE ST S & ARIZONA AVE W,4,1,1,0,1,1,,,25,0,0,0,0,0,4,2,13
,2015_49187,0,0,9/10/2015 17:33,17:33,12,0,0,CHERRY CREEK DR N E & KEARNEY ST S,1,1,0,0,1,1,,,30,0,0,0,0,0,4,2,3
,2015_49188,0,0,12/29/2015 15:08,15:08,3,0,0,DARTMOUTH AVE W & ZURICH ST S,1,1,0,0,1,2,,,15,0,0,0,0,0,4,2,7
,2015_49189,0,0,9/13/2015 15:25,15:25,3,0,0,EMERSON ST S & BUCHTEL BLVD E,1,1,0,0,1,2,,,25,0,0,0,0,1,4,2,13
,2015_49190,0,0,10/5/2015 7:56,7:56,12,0,0,EVANS AVE E & 6395,1,1,0,0,1,2,,,35,0,0,0,0,0,4,2,13
,2015_49191,0,0,8/21/2015 23:15,23:15,12,0,0,EVANS AVE & 7273 E,1,4,0,0,1,2,,,35,0,0,0,0,0,4,2,5
,2015_49192,0,0,11/14/2015 20:16,20:16,3,0,0,FILLMORE ST & 1600 BLK N,1,3,0,0,1,2,,,25,0,0,0,0,0,4,2,14
,2015_49193,0,0,11/17/2015 14:00,14:00,12,0,0,KIPLING ST S & STANFORD AVE W,1,1,0,0,1,3,,,45,0,0,0,0,0,4,2,7
,2015_49194,0,0,10/24/2015 14:38,14:38,12,0,0,LINCOLN ST S & CENTER AVE E,1,1,0,0,1,1,,,35,0,0,0,0,0,4,2,3
,2015_49195,0,0,9/1/2015 21:00,21:00,12,0,0,LOGAN ST N & 9TH AVE E,1,3,0,0,1,1,,,30,0,0,0,0,0,4,2,13
,2015_49196,0,0,11/24/2015 10:50,10:50,12,0,0,LOGAN ST S & BUCHTEL BLVD E,1,1,0,0,1,1,,,30,0,0,0,0,0,4,2,1
,2015_49197,0,0,10/23/2015 7:25,7:25,15,0,0,LOWRY BLVD E & YOSEMITE ST N,1,2,0,0,1,1,,,35,0,0,0,0,0,4,2,8
,2015_49198,0,0,12/31/2015 13:17,13:17,3,0,0,MISSISSIPPI AVE E & 6680,5,1,0,0,1,2,,,,0,0,0,0,0,4,2,14
,2015_49199,0,0,9/9/2015 17:27,17:27,1,0,0,MLK BLVD & PONTIAC ST N,1,1,0,0,1,1,,,35,0,0,0,0,0,4,2,13
,2015_49200,0,0,10/13/2015 10:15,10:15,15,0,0,29TH PL E & ROSLYN ST N,1,1,0,0,1,6,,,,0,0,0,0,0,4,2,13
,2015_49201,0,0,11/4/2015 7:40,7:40,12,0,0,PARK AVE W & GLENARM PL,1,1,0,0,1,4,,,35,0,0,0,0,0,4,2,16
,2015_49202,0,0,10/20/2015 19:00,19:00,12,0,0,PARK AVE W & GLOBEVILLE RD,1,3,0,0,1,1,,,35,0,0,0,0,0,4,2,13
,2015_49203,0,0,8/16/2015 10:30,10:30,3,0,0,PEARL ST N & 17TH AVE E,1,1,0,7,1,1,,,30,0,0,0,0,1,4,2,16
,2015_49204,0,0,12/14/2015 7:30,7:30,12,0,0,PENA BLVD & 56TH AVE E,2,1,1,0,1,1,,,35,0,0,0,0,0,4,2,13
,2015_49205,0,0,12/15/2015 7:00,7:00,12,0,0,PENA BLVD & JACKSON GAP ST N,4,1,1,2,1,4,,,65,0,0,0,0,0,4,2,14
,2015_49206,0,0,12/22/2015 10:00,10:00,12,0,0,PEORIA ST 4400 BLK N & 45TH AVE E,1,1,0,0,1,4,,,40,0,0,0,0,0,4,2,13
,2015_49207,0,0,12/14/2015 13:01,13:01,1,0,0,QUEBEC ST N & 8TH AVE E,1,1,1,0,1,1,,,30,0,0,0,0,0,4,2,13
,2015_49208,0,0,10/3/2015 9:32,9:32,3,0,0,QUEBEC ST N & 14TH AVE E,1,1,0,0,1,1,,,30,0,0,0,0,0,4,2,3
,2015_49209,0,0,12/5/2015 20:45,20:45,15,0,1,QUEBEC ST 5300 BLK N & 56TH AVE E,1,3,0,0,1,4,,,35,0,0,0,0,2,4,2,13
,2015_49210,0,0,10/21/2015 20:00,20:00,15,0,0,15TH ST & ARAPAHOE ST,1,3,0,0,1,4,,,30,0,0,0,0,0,4,2,5
,2015_49211,0,0,12/14/2015 17:37,17:37,10,0,0,15TH ST & MARKET ST,1,3,1,0,1,1,,,25,0,0,0,0,0,4,2,7
,2015_49212,0,0,10/28/2015 13:55,13:55,15,0,0,17TH ST 300 BLK & COURT PL,1,1,0,0,1,4,,,35,0,0,0,0,0,4,2,13
,2015_49214,0,0,11/30/2015 9:08,9:08,15,0,0,20TH ST & LITTLE RAVEN ST,5,1,0,2,1,1,,,35,0,0,0,0,0,4,2,14
,2015_49215,0,0,11/12/2015 7:55,7:55,15,0,0,SANTA FE DR S & 14TH AVE,1,1,0,0,1,1,,,30,0,0,0,0,0,4,2,13
,2015_49216,0,0,11/30/2015 1:15,1:15,1,0,0,SPEER BLVD N & 32ND AVE W,4,3,0,2,1,1,,,30,0,0,0,0,0,4,2,1
,2015_49217,0,0,10/30/2015 7:22,7:22,15,0,0,SPEER BLVD N & CHOPPER CIR,1,1,0,0,1,4,,,35,0,0,0,0,0,4,2,14
,2015_49218,0,0,9/15/2015 8:00,8:00,15,0,0,SPEER BLVD N & STOUT ST,1,1,0,0,1,1,,,35,0,0,0,0,0,4,2,14
,2015_49219,0,0,8/15/2015 23:50,23:50,12,0,0,SPEER BLVD E & WASHINGTON ST N,2,3,0,1,1,3,,,30,0,0,0,0,0,4,2,16
,2015_49220,0,0,12/16/2015 15:51,15:51,12,0,0,TEJON ST 3800 BLK N & 38TH AVE W,5,1,0,0,1,1,,,30,0,0,0,0,0,4,2,13
,2015_49221,0,0,11/3/2015 13:45,13:45,12,0,2,TOWER RD N & 43RD AVE E,1,1,0,0,1,1,,,40,0,0,0,0,2,4,2,16
,2015_49222,0,0,8/31/2015 8:16,8:16,10,0,0,TOWER RD N & 64TH AVE E,1,1,0,0,1,1,,,40,0,0,0,0,0,4,2,7
,2015_49223,0,0,10/31/2015 20:21,20:21,3,0,0,TOWER RD N & 69TH AVE E,1,3,0,0,1,1,,,45,0,0,0,0,0,4,2,3
,2015_49224,0,0,10/20/2015 12:49,12:49,12,0,0,ULSTER ST S & BELLEVIEW AVE E,1,1,0,0,1,1,,,40,0,0,0,0,0,4,2,3
,2015_49225,0,0,11/4/2015 15:29,15:29,3,0,0,WASHINGTON ST S & FLORIDA AVE E,1,1,0,0,1,1,,,25,0,0,0,0,1,4,2,16
,2015_49226,0,0,12/27/2015 2:30,2:30,6,0,0,WELTON ST & 2700 BLK,1,3,0,0,1,4,,,30,0,0,0,0,0,4,2,13
,2015_49227,0,0,9/18/2015 14:54,14:54,12,0,0,YORK ST 3900 BLK N & 40TH AVE E,1,1,0,0,1,3,,,30,0,0,0,0,0,4,2,5
,2015_49286,0,0,6/10/2015 19:47,19:47,14,0,0,2ND AVE E & PENNSYLVANIA ST N,1,2,0,0,1,1,,,25,0,0,0,0,0,4,2,13
,2015_49311,0,0,12/14/2015 16:14,16:14,12,0,0,56TH AVE E & PENA BLVD,1,2,0,0,1,4,,,40,0,0,0,0,0,4,3,3
,2015_49313,0,0,12/14/2015 14:04,14:04,6,0,0,13TH AVE 2100 BLK E & VINE ST N,1,1,1,7,1,4,,,30,0,0,0,0,0,4,3,14
,2015_49314,0,0,9/12/2015 17:56,17:56,6,0,0,OSCEOLA ST N & 29TH AVE W,1,1,1,0,1,4,,,25,0,0,0,0,0,4,2,5
,2015_49317,0,0,9/16/2015 7:16,7:16,12,0,1,13TH AVE & 4300 BLK E,1,1,0,0,1,4,,,30,0,0,0,0,2,4,2,3
,2015_49329,0,0,11/10/2015 10:33,10:33,3,0,3,CRESTLINE AVE 7990 W & WADSWORTH BLVD S,1,1,0,0,1,2,,,20,0,0,0,0,2,4,2,7
,2015_49330,0,0,9/16/2015 9:10,9:10,12,0,0,DOUGLAS PL & 2900 BLK W,1,1,0,0,1,1,,,25,0,0,0,0,0,4,2,13
,2015_49334,39.740276,-105.01251,10/20/2015 21:32,21:32,3,0,0,COLFAX AVE W & I-25 NB OFF RAMP,2,3,0,1,1,1,,,25,0,0,0,0,0,2,2,14
,2015_49336,0,0,10/23/2015 19:28,19:28,3,0,0,KENTUCKY AVE W & IRVING ST S,1,3,0,0,1,1,,,25,0,0,0,0,0,4,2,1
,2015_49337,0,0,12/11/2015 10:27,10:27,3,0,0,CROSS DR W & WADSWORTH BLVD S,1,1,0,0,1,2,,,30,0,0,0,0,0,4,2,13
,2015_49339,0,0,8/30/2015 20:30,20:30,1,0,0,UNIVERSITY BLVD S & EXPOSITION AVE E,1,3,0,0,1,2,,,30,0,0,0,0,0,4,2,7
,2015_49342,0,0,10/17/2015 11:08,11:08,12,0,0,QUEBEC ST N & 36TH AVE,1,1,0,0,1,1,,,35,0,0,0,0,0,4,2,13
,2015_49344,0,0,12/29/2015 7:54,7:54,1,0,0,HOOKER ST S & AMHERST AVE W,1,1,0,0,1,1,,,25,0,0,0,0,0,4,2,14
,2015_49345,39.678363,-104.933558,9/18/2015 15:48,15:48,15,0,0,I-25 & EVANS AVE E,1,1,0,0,1,4,,,60,0,0,0,0,0,1,2,16
,2015_49346,39.702201,-105.025063,9/25/2015 15:55,15:55,12,0,0,FEDERAL BLVD S & OHIO AVE W,1,1,0,0,1,1,,,40,0,0,0,0,0,2,2,13
,2015_49350,39.70817,-104.997289,11/5/2015 19:50,19:50,12,0,0,I-25 & ALAMEDA AVE W,1,1,2,0,1,4,,,60,0,0,0,0,0,1,2,14
,2015_49351,39.711141,-105.019043,12/27/2015 2:03,2:03,1,0,0,ALAMEDA AVE W & CANOSA CT S,1,3,0,0,1,2,,,35,0,0,0,0,0,2,2,13
,2015_49352,39.776693,-105.025236,10/20/2015 18:10,18:10,12,0,0,FEDERAL BLVD N & 44TH AVE W,1,1,0,0,1,1,,,35,0,0,0,0,0,2,2,13
,2015_49355,0,0,10/26/2015 8:31,8:31,12,0,0,15TH ST 2100 BLK & LITTLE RAVEN ST,1,1,0,0,1,4,,,30,0,0,0,0,0,4,2,14
,2015_49356,39.706859,-104.996654,12/9/2015 18:51,18:51,15,0,0,I-25 & SANTA FE DR NB RAMP E,1,3,0,0,1,4,,,55,0,0,0,0,0,1,2,1
,2015_49357,39.740041,-105.004468,10/27/2015 18:50,18:50,15,0,0,COLFAX AVE 1300 BLK W & OSAGE ST N,1,3,0,0,1,4,,,30,0,0,0,0,0,2,2,13
,2015_49358,39.70041,-105.025085,8/16/2015 1:57,1:57,12,0,0,FEDERAL BLVD S & KENTUCKY AVE W,2,3,0,1,1,1,,,40,0,0,0,0,0,2,2,5
,2015_49359,0,0,8/27/2015 18:00,18:00,15,0,0,KALAMATH ST & 700 BLK N,1,1,1,0,1,4,,,35,0,0,0,0,0,4,2,13
,2015_49360,0,0,9/3/2015 17:35,17:35,1,0,0,KENTUCKY AVE W & MORRISON RD,2,1,0,1,1,1,,,35,0,0,0,1,0,4,2,13
,2015_49361,39.755141,-105.012706,11/3/2015 14:15,14:15,12,0,0,I-25 & SPEER BLVD,1,1,0,0,1,4,,,55,0,0,0,0,0,1,2,1
,2015_49364,39.743467,-105.016086,11/4/2015 16:07,16:07,12,0,0,I-25 & 17TH AVE,1,2,0,0,1,4,,,55,0,0,0,0,0,1,2,5
,2015_49367,0,0,9/14/2015 20:26,20:26,1,0,0,MISSISSIPPI AVE 2900 BLK & ELIOT ST S,1,3,0,0,1,1,,,30,0,0,0,0,1,4,2,15
,2015_49370,39.713064,-105.000002,12/18/2015 15:58,15:58,12,0,0,I-25 & CEDAR AVE W & KALAMATH ST S,1,1,0,0,1,4,,,55,0,0,0,0,1,1,2,1
,2015_49373,39.71124,-104.998918,8/5/2015 15:57,15:57,12,0,0,I-25 & ALAMEDA AVE W,1,1,0,0,1,4,,,55,0,0,0,0,0,1,2,13
,2015_49374,0,0,12/17/2015 9:06,9:06,12,0,0,25TH ST & CALIFORNIA ST,5,1,0,0,1,1,,,25,0,0,0,0,0,4,2,13
,2015_49376,0,0,9/24/2015 8:46,8:46,12,0,0,22ND ST 1500 BLK & BLAKE ST,1,1,0,0,1,4,,,30,0,0,0,0,0,4,2,13
,2015_49377,39.740365,-105.024472,12/12/2015 19:00,19:00,12,0,0,FEDERAL BLVD N & COLFAX AVE W,2,3,0,2,1,4,,,35,0,0,0,0,0,2,2,13
,2015_49383,39.653054,-104.884764,11/1/2015 16:44,16:44,12,0,0,HAMPDEN AVE E & YOSEMITE ST S,1,2,0,0,1,1,,,45,0,0,0,0,0,2,2,1
,2015_49384,39.639431,-104.91039,9/1/2015 22:20,22:20,12,0,0,I-25 & I-225 NB EXIT GORE PT,1,4,0,0,1,4,,,65,0,0,0,0,1,1,2,1
,2015_49385,39.779391,-104.989165,8/23/2015 0:45,0:45,12,0,0,I-25 & I-70,1,3,0,0,1,4,,,55,0,0,0,0,0,1,2,13
,2015_49388,39.752817,-104.940597,10/23/2015 10:20,10:20,15,0,0,COLORADO BLVD & 25TH AVE E,1,1,0,0,1,1,,,35,0,0,0,0,0,2,2,13
,2015_49391,39.684921,-104.959331,7/27/2015 17:27,17:27,12,0,0,I-25 & UNIVERSITY BLVD S,1,1,0,0,1,4,,,60,0,0,0,0,1,1,2,16
,2015_49392,39.71124,-104.998918,12/3/2015 17:30,17:30,12,0,0,I-25 & ALAMEDA AVE W,1,3,0,0,1,4,,,55,0,0,0,0,1,1,2,14
,2015_49394,0,0,10/23/2015 16:30,16:30,6,0,0,MARION ST N & 23RD AVE,1,1,0,0,1,3,,,20,0,0,0,0,0,4,2,14
,2015_49395,0,0,9/11/2015 17:41,17:41,2,0,1,BYERS PL W & BROADWAY ST S,1,1,1,0,1,5,,,15,1,0,0,0,2,4,2,5
,2015_49396,0,0,9/24/2015 21:00,21:00,15,0,0,CALIFORNIA ST 1800 BLK & 18TH ST,1,3,0,0,1,3,,,25,0,0,0,0,0,4,2,13
,2015_49397,0,0,11/21/2015 8:50,8:50,12,0,0,CHAMBERS RD N & BOLLING DR E,5,1,0,0,1,1,,,25,0,0,0,0,0,4,2,1
,2015_49398,0,0,12/22/2015 12:09,12:09,15,0,0,JACKSON GAP ST N & 78TH AVE E,1,1,0,0,1,4,,,30,0,0,0,0,0,4,2,13
,2015_49399,0,0,12/18/2015 16:36,16:36,3,0,0,S YOSEMITE ST 3600 BLK & JEFFERSON AVE E,1,3,0,0,1,2,,,35,0,0,0,0,0,4,2,13
,2015_49401,0,0,12/2/2015 17:30,17:30,3,0,0,LOGAN ST S & WARREN AVE E,1,3,0,0,1,1,,,35,0,0,0,0,1,4,2,13
,2015_49404,39.764839,-104.940499,12/8/2015 11:29,11:29,11,0,1,COLORADO BLVD 3400 BLK N & BRUCE RANDOLPH AVE E,1,1,0,0,1,4,,,,0,1,0,0,3,2,2,13
,2015_49405,39.772605,-104.940505,12/17/2015 14:20,14:20,15,0,0,COLORADO BLVD 3900 BLK N & 40TH AVE E,2,1,0,0,1,4,,,30,0,0,0,0,0,2,2,14
,2015_49411,0,0,10/16/2015 16:35,16:35,2,0,1,28TH AVE E & ROSLYN ST N,1,2,1,0,1,1,,,,1,0,0,0,2,4,2,7
,2015_49412,0,0,10/8/2015 19:00,19:00,12,0,0,29TH AVE 3500 BLK W & LOWELL BLVD N,1,2,0,0,1,1,,,30,0,0,0,0,0,4,2,13
,2015_49413,0,0,8/28/2015 16:05,16:05,12,0,0,EVANS AVE E & ONEIDA ST,1,1,0,0,1,1,,,35,0,0,0,0,0,4,2,3
,2015_49414,0,0,11/12/2015 19:16,19:16,12,0,0,QUEBEC ST & 1300 N,1,3,0,0,1,4,,,30,0,0,0,0,1,4,2,2
,2015_49417,39.678409,-104.940629,10/27/2015 15:30,15:30,12,0,0,COLORADO BLVD 2100 BLK S & EVANS AVE E,1,1,0,0,1,1,,,35,0,0,0,0,1,2,2,13
,2015_49419,39.791115,-105.025181,11/13/2015 21:00,21:00,3,0,0,52ND AVE W & FEDERAL BLVD N,1,3,0,0,1,1,,,35,0,0,0,0,0,2,2,7
,2015_49424,39.77303,-104.940506,10/5/2015 17:40,17:40,11,0,0,40TH AVE E & COLORADO BLVD N,1,1,0,0,1,4,,,40,0,1,0,0,1,2,2,13
,2015_49425,39.7112,-105.042211,10/1/2015 15:15,15:15,12,0,0,ALAMEDA AVE W & RALEIGH ST S,1,1,0,0,1,4,,,45,0,0,0,0,0,2,2,14
,2015_49426,0,0,8/21/2015 16:45,16:45,12,0,0,20TH ST & 2000 BLK,1,1,1,0,1,4,,,35,0,0,0,0,0,4,2,13
,2015_49429,39.711332,-105.053258,10/3/2015 22:00,22:00,12,0,1,ALAMEDA AVE W & SHERIDAN BLVD S,1,3,1,0,1,2,,,35,0,0,0,0,2,2,2,5
,2015_49430,39.711145,-105.020337,10/14/2015 16:25,16:25,1,0,0,ALAMEDA AVE W & CLAY ST S,1,1,0,0,1,1,,,40,0,0,0,0,0,2,2,13
,2015_49431,39.7741,-104.848125,10/26/2015 19:29,19:29,15,0,0,I-70 & PEORIA ST N,1,3,0,0,1,4,,,55,0,0,0,0,0,1,2,16
,2015_49432,39.70041,-105.025085,10/21/2015 18:27,18:27,1,0,0,FEDERAL BLVD S & KENTUCKY AVE W,2,3,0,1,1,1,,,40,0,0,0,0,0,2,2,13
,2015_49435,0,0,9/12/2015 16:00,16:00,3,0,0,18TH ST & STOUT ST,1,1,0,0,1,1,,,30,0,0,0,0,0,4,2,13
,2015_49437,39.72543,-105.013021,10/26/2015 17:11,17:11,12,0,0,I-25 & 6TH AVE W,1,1,0,0,1,4,,,55,0,0,0,0,0,1,2,16
,2015_49438,39.75355,-105.025127,10/3/2015 14:48,14:48,14,0,0,FEDERAL BLVD & 2500 BLK N,1,1,0,0,1,4,,,35,0,0,0,0,0,2,2,5
,2015_49439,0,0,6/15/2015 13:15,13:15,15,0,0,47TH AVE E & HAVANA ST N,1,1,0,0,1,1,,,35,0,0,0,0,0,4,2,13
,2015_49440,0,0,9/25/2015 2:08,2:08,2,0,1,BROADWAY ST 1200 BLK N & 13TH AVE E,1,3,1,0,1,1,,,30,1,0,0,0,2,4,2,5
,2015_49441,0,0,9/18/2015 18:17,18:17,11,0,1,BROADWAY ST S & ARCHER PL W,1,1,0,0,1,1,,,30,0,1,0,0,3,4,2,13
,2015_49442,0,0,11/10/2015 8:30,8:30,15,0,0,HOBART WAY & 3000 BLK S,1,1,1,0,1,4,,,25,0,0,0,0,0,4,2,3
,2015_49446,0,0,12/23/2015 15:35,15:35,15,0,0,QUEBEC ST N & SMITH RD E,1,1,0,0,1,4,,,30,0,0,0,0,0,4,2,13
,2015_49447,0,0,12/31/2015 18:40,18:40,6,0,0,14TH ST & CURTIS ST,1,3,0,7,1,1,,,30,0,0,0,0,0,4,2,16
,2015_49451,0,0,12/3/2015 15:58,15:58,11,0,0,BRUCE RANDOLPH AVE & FRANKLIN ST,1,1,0,0,1,1,,,,0,1,0,0,1,4,2,13
,2015_49452,39.740222,-105.009738,11/24/2015 14:29,14:29,15,0,0,COLFAX AVE W & I-25 NB ON RAMP ENT G,1,1,0,0,1,4,,,35,0,0,0,0,0,2,2,3
,2015_49453,39.740002,-104.987332,10/4/2015 14:51,14:51,3,0,0,COLFAX AVE E & BROADWAY ST N,1,1,0,0,1,1,,,35,0,0,0,0,0,2,2,14
,2015_49459,0,0,12/23/2015 15:24,15:24,12,0,0,S KNOX CT & HAMILTON AVE W,1,1,0,0,1,2,,,35,0,0,0,0,1,4,2,13
,2015_49460,0,0,9/4/2015 16:32,16:32,12,0,0,LARIMER ST 1800 BLK & 18TH ST,1,1,1,0,1,1,,,30,0,0,0,0,0,4,2,1
,2015_49463,39.77521,-104.860994,9/15/2015 18:50,18:50,9,0,1,I-70 EB ON RAMP GORE PT & HAVANA ST N,1,1,0,0,1,4,,,55,0,0,0,1,3,1,2,13
,2015_49464,0,0,12/3/2015 17:56,17:56,15,0,0,32ND AVE 2200 BLK W & VALLEJO ST N,1,3,0,0,1,1,,,30,0,0,0,0,0,4,2,5
,2015_49467,0,0,8/26/2015 7:31,7:31,3,0,0,17TH AVE E & COOK ST N,1,1,0,0,1,5,,,35,0,0,0,0,0,4,2,13
,2015_49468,0,0,9/8/2015 21:25,21:25,12,0,0,17TH AVE W & RALEIGH ST N,1,3,0,0,1,1,,,30,0,0,0,0,0,4,2,14
,2015_49469,0,0,11/20/2015 7:35,7:35,12,0,0,MONTVIEW BLVD E & CENTRAL PARK BLVD N,1,2,0,0,1,1,,,30,0,0,0,0,0,4,2,13
,2015_49470,39.740001,-104.96683,8/21/2015 18:50,18:50,12,0,0,COLFAX AVE & GILPIN ST,1,1,0,0,1,4,,,30,0,0,0,0,0,2,2,1
,2015_49471,39.775623,-104.865778,9/17/2015 14:20,14:20,12,0,0,HAVANA ST N & I-70,1,1,1,0,1,1,,,35,0,0,0,0,0,1,2,13
,2015_49475,0,0,10/23/2015 15:48,15:48,15,0,0,38TH AVE W & LOWELL BLVD N,1,1,0,0,1,1,,,35,0,0,0,0,0,4,2,13
,2015_49476,0,0,11/4/2015 11:30,11:30,3,0,0,CHAMPA ST & 25TH ST,1,1,0,0,1,1,,,30,0,0,0,0,0,4,3,16
,2015_49477,0,0,12/5/2015 2:10,2:10,14,0,0,CLAY ST & 600 BLK S,1,4,0,0,1,4,,,25,0,0,0,0,0,4,2,13
,2015_49481,39.760997,-105.004275,10/29/2015 6:56,6:56,15,0,0,I-25 & 20TH ST,1,1,0,0,1,4,,,55,0,0,0,0,0,1,2,16
,2015_49482,39.768039,-104.994788,9/19/2015 21:48,21:48,12,0,0,I-25 & PARK AVE WEST,1,3,0,0,1,4,,,55,0,0,0,0,0,1,2,14
,2015_49485,0,0,9/2/2015 21:30,21:30,15,0,0,LINCOLN ST N & 20TH ST,1,1,1,0,1,1,,,30,0,0,0,0,0,4,2,13
,2015_49487,39.67488,-104.940644,11/5/2015 15:02,15:02,3,0,0,ILIFF AVE E & COLORADO BLVD S,1,1,0,0,1,1,,,30,0,0,0,0,0,2,2,16
,2015_49488,0,0,9/26/2015 13:00,13:00,12,0,0,PEORIA ST N & ALBROOK DR E,1,1,0,0,1,3,,,40,0,0,0,0,0,4,2,16
,2015_49491,39.65302,-104.875567,12/28/2015 16:30,16:30,15,0,0,HAMPDEN AVE E & DAYTON ST S,1,1,0,0,1,1,,,45,0,0,0,0,0,2,2,3
,2015_49493,0,0,10/23/2015 19:08,19:08,3,0,0,45TH AVE E & JOSEPHINE ST N,1,3,0,0,1,1,,,30,0,0,0,0,0,4,2,1
,2015_49494,39.740025,-104.998126,12/4/2015 1:57,1:57,3,0,0,COLFAX AVE W & SPEER BLVD N,1,3,0,0,1,1,,,35,0,0,0,0,0,2,2,13
,2015_49499,39.740013,-104.980434,10/31/2015 14:03,14:03,11,0,0,COLFAX AVE 500 BLK E & PENNSYLVANIA ST N,1,1,0,0,1,4,,,30,0,1,0,0,1,2,2,13
,2015_49502,39.710793,-105.025082,9/15/2015 16:55,16:55,11,0,1,FEDERAL BLVD S & ALAMEDA AVE W,1,1,0,0,1,1,,,,0,1,0,0,3,2,2,13