id,drcog_id,latitude,longitude,crashtime,time,crashtype,numbkilled,numbinjurd,drcoglocat,rdconditin,lightngcon,roadcntgrd,weatherco,location,roaddescrp,schoolzone,constrzone,splimit,bikeinv,pedinv,sctrinv,motoinv,svrty,rdsystem,ttlvehcls,hcf
,2015_49506,0,0,12/9/2015 7:40,7:40,12,0,0,FRANKLIN ST 1300 BLK S & LOUISIANA AVE E,1,1,0,0,1,3,,,25,0,0,0,0,0,4,2,1
,2015_49507,0,0,9/3/2015 14:50,14:50,15,0,0,SPEER BLVD N & ARAPAHOE ST,1,1,0,0,1,4,,,30,0,0,0,0,0,4,2,1
,2015_49508,0,0,12/9/2015 22:45,22:45,12,0,0,DECATUR ST S & CENTER AVE W,1,4,0,0,1,4,,,25,0,0,0,0,0,4,2,1
,2015_49510,39.740341,-105.0393,9/25/2015 17:49,17:49,15,0,0,COLFAX AVE W & PERRY ST N,1,1,0,0,1,4,,,35,0,0,0,0,0,2,2,1
,2015_49521,0,0,11/11/2015 5:50,5:50,5,0,0,51ST AVE E & WORCHESTER ST N,4,4,0,2,2,1,,,25,0,0,0,0,0,4,1,14
,2015_49524,39.768039,-104.994788,10/17/2015 15:45,15:45,5,0,1,I-25 & PARK AVE WEST,1,1,1,0,3,4,,,55,0,0,0,0,2,1,1,4
,2015_49531,0,0,9/28/2015 21:55,21:55,6,0,0,NAVAJO ST 3600 BLK N & 37TH AVE W,1,3,0,7,1,4,,,25,0,0,0,0,0,4,2,16
,2015_49535,0,0,10/10/2015 19:39,19:39,5,0,0,ULSTER ST N & 14TH AVE E,1,3,0,0,2,3,,,25,0,0,0,0,0,4,1,5
,2015_49542,0,0,8/20/2015 4:12,4:12,5,0,0,COLORADO AVE & 7700 BLK E,1,3,1,0,2,4,,,,0,0,0,0,0,4,1,5
,2015_49546,0,0,11/13/2015 22:21,22:21,6,0,0,CLAYTON ST 3500 BLK N & 36TH AVE E,1,3,0,7,1,4,,,25,0,0,0,0,1,4,4,5
,2015_49547,0,0,11/23/2015 6:00,6:00,6,0,0,LOWELL BLVD 3200 BLK N & 32ND AVE W,1,3,0,7,1,4,,,25,0,0,0,0,0,4,3,16
,2015_49558,0,0,8/7/2015 20:00,20:00,6,0,0,9TH AVE E & OGDEN ST N,1,2,0,0,1,1,,,25,0,0,0,0,0,4,2,14
,2015_49570,39.740008,-104.973453,10/20/2015 11:48,11:48,15,0,0,COLFAX AVE E & DOWNING ST N (RD N),1,1,0,0,1,1,,,35,0,0,0,0,0,2,2,13
,2015_49583,0,0,10/15/2015 11:00,11:00,11,0,1,47TH AVE E & CLAYTON ST N,1,1,0,0,1,4,,,30,0,1,0,0,2,4,2,13
,2015_49590,0,0,12/13/2015 11:41,11:41,3,0,0,22ND ST & BLAKE ST,1,1,0,0,1,1,,,35,0,0,0,0,0,4,2,8
,2015_49592,39.740062,-104.928695,10/24/2015 15:25,15:25,6,0,0,FAIRFAX ST N & COLFAX AVE E,1,1,0,0,1,4,,,5,0,0,0,0,0,2,2,5
,2015_49596,0,0,8/17/2015 2:15,2:15,12,0,0,TENNYSON ST S & LOUISIANA AVE W,2,4,0,1,1,4,,,25,0,0,0,0,0,4,2,5
,2015_49611,0,0,11/25/2015 20:01,20:01,5,0,0,25TH AVE E & LOCUST ST N,2,3,0,0,3,1,,,25,0,0,0,0,0,4,1,14
,2015_49612,0,0,9/26/2015 23:30,23:30,6,0,0,27TH AVE W & ALCOTT ST N,1,3,1,7,1,4,,,25,0,0,0,0,0,4,2,16
,2015_49613,0,0,12/18/2015 20:00,20:00,6,0,0,PEARL ST 1000 BLK N & 10TH AVE E,4,3,0,2,1,2,,,30,0,0,0,0,0,4,2,16
,2015_49614,0,0,10/6/2015 14:18,14:18,5,0,1,TENNYSON ST N & 4881,1,1,1,0,3,5,,,10,0,0,0,0,2,4,1,9
,2015_49615,0,0,10/14/2015 17:30,17:30,10,0,0,STOUT ST 1900 BLK & 20TH ST,1,1,0,0,1,1,,,30,0,0,0,0,0,4,2,13
,2015_49616,0,0,10/23/2015 16:00,16:00,6,0,0,STUART ST 3600 BLK N & 37TH AVE W,1,1,0,7,1,4,,,25,0,0,0,0,0,4,2,16
,2015_49627,0,0,11/20/2015 19:30,19:30,6,0,0,NEWTON ST & 1300 BLK N,2,2,0,2,1,4,,,15,0,0,0,0,0,4,2,16
,2015_49640,39.834236,-104.746855,11/12/2015 20:20,20:20,4,0,0,PENA BLVD 7000 BLK & E-470,1,3,0,0,1,4,,,65,0,0,0,0,0,2,1,13
,2015_49648,0,0,11/6/2015 15:39,15:39,11,0,1,JEWELL AVE W & CLAY ST S,1,1,0,0,1,1,,,25,0,1,0,0,3,4,2,7
,2015_49649,0,0,8/28/2015 22:15,22:15,6,0,0,JOSEPHINE ST 700 BLK N & 7TH AVE E,1,3,0,7,1,4,,,30,0,0,0,0,0,4,2,5
,2015_49650,0,0,10/25/2015 12:50,12:50,5,0,0,KEARNEY ST N & SMITH RD,1,1,0,0,2,1,,,25,0,0,0,0,0,4,1,2
,2015_49653,0,0,10/1/2015 14:54,14:54,5,0,0,GVR BLVD E & KITREDGE ST N,1,1,1,0,4,1,,,35,0,0,0,0,0,4,1,14
,2015_49654,0,0,11/26/2015 9:21,9:21,6,0,0,HARVARD AVE 9995 BLK E & S PARKER RD,5,1,0,2,1,4,,,25,0,0,0,0,0,4,3,7
,2015_49655,0,0,8/12/2015 7:10,7:10,5,0,0,HIMALAYA RD N & 47TH AVE E,1,1,0,0,3,1,,,30,0,0,0,0,0,4,1,2
,2015_49661,0,0,11/16/2015 18:43,18:43,6,0,0,DOWNING ST 600 BLK S & CENTER AVE E,2,3,0,1,1,4,,,,0,0,0,0,0,4,3,16
,2015_49662,0,0,11/5/2015 22:20,22:20,5,0,0,HIGH ST 2000 BLK N & 20TH AVE,1,3,0,0,1,4,,,25,0,0,0,0,0,4,1,14
,2015_49663,0,0,12/16/2015 21:45,21:45,6,0,0,IRVING ST & 200 BLK S,4,3,1,7,1,2,,,25,0,0,0,0,0,4,2,16
,2015_49664,0,0,12/4/2015 7:35,7:35,6,0,0,JEWELL AVE W & RARITAN ST S,1,1,1,7,1,4,,,30,0,0,0,0,0,4,3,3
,2015_49665,0,0,12/16/2015 13:30,13:30,6,0,0,MARION ST 3500 BLK N & 36TH AVE E,4,1,0,7,1,3,,,25,0,0,0,0,0,4,2,1
,2015_49666,0,0,12/4/2015 17:39,17:39,6,0,0,MARKET ST 1600 BLK & 17TH ST,1,2,0,7,1,4,,,30,0,0,0,0,0,4,2,3
,2015_49704,0,0,12/12/2015 18:50,18:50,5,0,0,LOWELL BLVD S & AMHERST AVE W,4,3,1,0,3,1,,,25,0,0,0,0,1,4,1,14
,2015_49705,0,0,11/27/2015 12:33,12:33,3,0,0,MISSISSIPPI AVE W & QUIVAS ST S,1,1,0,0,1,1,,,30,0,0,0,0,0,4,2,16
,2015_49706,0,0,12/20/2015 22:40,22:40,6,0,0,MLK BLVD E & BIRCH ST N,5,3,0,7,1,4,,,35,0,0,0,0,0,4,2,1
,2015_49707,0,0,9/7/2015 17:14,17:14,6,0,0,PLATTE ST & 19TH ST,1,1,0,7,1,4,,,25,0,0,0,0,0,4,2,16
,2015_49708,0,0,12/2/2015 8:35,8:35,6,0,0,14TH ST 1000 BLK & ARAPAHOE ST,1,1,0,7,1,4,,,25,0,0,0,0,0,4,2,3
,2015_49709,0,0,12/5/2015 23:45,23:45,5,0,0,29TH ST & 1121,1,3,0,0,3,5,,,5,0,0,0,0,0,4,1,6
,2015_49728,39.742025,-105.014654,11/27/2015 11:45,11:45,5,0,0,I-25 SB ON LOOP RAMP & COLFAX AVE W,2,1,1,0,3,8,,,35,0,0,0,0,0,1,1,2
,2015_49734,0,0,9/19/2015 1:25,1:25,5,0,1,KNOX CT S & 2095,1,3,0,0,2,4,,,30,0,0,0,0,2,4,1,5
,2015_49739,0,0,11/29/2015 22:21,22:21,5,0,0,RARITAN ST 1000 BLK S & MISSISSIPPI AVE W,4,3,1,2,3,5,,,35,0,0,0,0,0,4,1,13
,2015_49741,39.672148,-104.867525,11/21/2015 16:35,16:35,12,0,0,PARKER RD S & HARVARD AVE E,1,2,0,0,1,4,,,45,0,0,0,0,0,2,2,16
,2015_49745,0,0,7/14/2015 22:58,22:58,6,0,0,EMERSON ST 1400 BLK N & COLFAX AVE E,1,3,0,7,1,2,,,30,0,0,0,0,0,4,2,14
,2015_49746,0,0,11/25/2015 22:30,22:30,6,0,0,GARFIELD ST & 3755 N,1,5,0,7,1,4,,,25,0,0,0,0,0,4,2,1
,2015_49747,0,0,10/24/2015 19:10,19:10,6,0,0,KING ST & 3914 N,1,3,0,7,1,4,,,25,0,0,0,0,0,4,2,16
,2015_49748,0,0,11/10/2015 22:00,22:00,6,0,0,MARKET ST 1500 & 15TH ST,1,1,0,7,1,4,,,30,0,0,0,0,0,4,2,16
,2015_49749,0,0,8/18/2015 6:21,6:21,6,0,0,MLK BLVD & SYRACUSE ST N,1,1,0,0,1,1,,,25,0,0,0,0,0,4,2,5
,2015_49750,0,0,10/9/2015 12:53,12:53,6,0,0,MILWAUKEE ST 200 BLK N & 3RD AVE E,1,5,0,7,1,4,,,25,0,0,0,0,0,4,2,14
,2015_49751,0,0,9/19/2015 15:55,15:55,3,0,1,MONACO PKWY S & EVANS AVE E,1,1,0,0,1,2,,,35,0,0,0,0,2,4,2,4
,2015_49752,0,0,10/2/2015 6:25,6:25,5,0,0,PENA BLVD & 56TH AVE E,1,3,0,0,3,4,,,45,0,0,0,0,0,4,1,2
,2015_49755,39.7783,-104.90327,12/24/2015 7:02,7:02,5,0,0,I-70 WB OFF RAMP & NORTHFIELD QUEBEC ST,1,1,0,0,3,8,,,55,0,0,0,0,0,1,1,5
,2015_49757,0,0,8/25/2015 18:03,18:03,6,0,0,11TH AVE E & KEARNEY ST N,1,1,0,0,1,1,,,25,0,0,0,0,0,4,2,14
,2015_49758,0,0,8/18/2015 23:58,23:58,2,0,1,16TH AVE E & CLARKSON ST N,2,3,0,1,1,1,,,,1,0,0,0,3,4,2,13
,2015_49759,0,0,11/21/2015 11:45,11:45,6,0,0,17TH AVE E & FILLMORE ST N,5,1,0,2,1,4,,,30,0,0,0,0,0,4,2,14
,2015_49760,0,0,9/23/2015 12:50,12:50,6,0,0,ALASKA PL W & 3549,1,1,0,7,1,4,,,15,0,0,0,0,0,4,2,14
,2015_49761,0,0,8/6/2015 15:22,15:22,12,0,1,KALAMATH ST & 7TH AVE W,1,1,0,0,1,1,,,35,0,0,0,0,2,4,2,13
,2015_49762,0,0,12/2/2015 7:50,7:50,6,0,0,PEARL ST & 1400 BLK N,5,1,0,7,1,4,,,25,0,0,0,0,0,4,2,1
,2015_49763,0,0,10/24/2015 19:38,19:38,6,0,0,PEARL ST 500 BLK N & 5TH AVE E,1,4,0,7,1,4,,,25,0,0,0,0,0,4,2,5
,2015_49773,0,0,9/27/2015 2:50,2:50,6,0,0,BEOADWAY ST 2300 BLK S & ILIFF AVE E,1,1,0,7,1,4,,,35,0,0,0,0,0,4,3,1
,2015_49774,0,0,12/31/2015 12:00,12:00,6,0,0,GAYLORD ST 1600 BLK N & 17TH AVE E,1,1,0,7,1,4,,,30,0,0,0,0,0,4,2,14
,2015_49775,0,0,12/31/2015 12:00,12:00,6,0,0,LOGAN ST N & 17TH AVE E,1,1,0,7,1,4,,,30,0,0,0,0,0,4,2,16
,2015_49776,0,0,8/22/2015 2:08,2:08,5,0,0,MONTVIEW BLVD E & CENTRAL PARK AVE N,1,3,0,0,3,1,,,35,0,0,0,0,0,4,1,5
,2015_49786,0,0,11/13/2015 14:00,14:00,6,0,0,ELATI ST 1200 BLK N & 13TH AVE W,1,1,0,7,1,3,,,25,0,0,0,0,0,4,2,16
,2015_49787,0,0,8/24/2015 19:39,19:39,6,0,0,LINCOLN ST 1000 BLK N & 10TH AVE E,1,2,0,7,1,4,,,30,0,0,0,1,0,4,2,14
,2015_49789,39.711091,-105.0275,9/21/2015 1:18,1:18,5,0,0,ALAMEDA AVE W & HAZEL CT S,1,3,0,0,3,1,,,35,0,0,0,0,0,2,1,5
,2015_49793,0,0,12/21/2015 16:30,16:30,2,0,0,1ST AVE W & BANNOCK ST N,1,2,0,0,1,1,,,25,1,0,0,0,0,4,2,12
,2015_49794,0,0,7/21/2015 2:30,2:30,6,0,0,N CARSON ST & E ELK PL,1,3,1,7,1,4,,,25,0,0,0,0,0,4,2,7
,2015_49795,0,0,11/20/2015 18:50,18:50,11,0,0,CLAY ST N & 41ST AVE W,4,3,0,2,1,4,,,25,0,1,0,0,0,4,3,14
,2015_49796,0,0,12/16/2015 17:30,17:30,6,0,0,COLUMBINE ST N & 47TH AVE E,4,3,0,1,1,4,,,25,0,0,0,0,0,4,2,3
,2015_49797,0,0,9/10/2015 6:50,6:50,2,0,1,DARTMOUTH AVE & 5700 BLK W,1,1,1,0,1,4,,,30,1,0,0,0,3,4,2,1
,2015_49798,0,0,9/19/2015 21:20,21:20,6,0,0,PENNSYLVANIA ST 1000 BLK & 12TH AVE E,1,3,0,7,1,4,,,30,0,0,0,0,0,4,2,16
,2015_49803,39.730058,-105.015082,11/23/2015 1:50,1:50,5,0,0,I-25 & 8TH AVE W,1,3,1,0,2,4,,,55,0,0,0,0,0,1,1,16
,2015_49809,0,0,7/25/2015 13:13,13:13,6,0,0,GAYLORD ST 1500 BLK N & 16TH AVE E,1,1,0,0,1,4,,,30,0,0,0,0,0,4,2,13
,2015_49810,0,0,9/4/2015 14:50,14:50,6,0,0,NAVAJO ST & 300 BLK S,1,1,0,0,1,4,,,25,0,0,0,0,0,4,2,13
,2015_49811,0,0,11/20/2015 18:30,18:30,6,0,0,PEARL ST 1000 BLK N & 10TH AVE E,5,2,1,2,1,4,,,25,0,0,0,0,0,4,2,5
,2015_49815,39.760997,-105.004275,11/21/2015 2:53,2:53,5,0,0,20TH ST' & I-25 NB RAMPS,5,3,1,0,2,1,,,30,0,0,0,0,0,1,1,14
,2015_49817,39.711079,-105.025238,10/20/2015 13:15,13:15,15,0,0,ALAMEDA AVE 3000 BLK W & FEDERAL BLVD S,1,1,0,0,1,2,,,35,0,0,0,0,0,2,2,13
,2015_49822,0,0,10/18/2015 21:00,21:00,6,0,0,CLARKSON ST 1200 BLK N & 12TH AVE E,1,3,0,7,1,4,,,30,0,0,0,0,0,4,2,14
,2015_49823,0,0,11/21/2015 7:30,7:30,6,0,0,MISSISSIPPI AVE & 4805 W,1,3,0,7,1,4,,,25,0,0,0,0,0,4,2,16
,2015_49824,0,0,10/3/2015 11:30,11:30,6,0,0,SHERMAN ST N & 4301,1,1,0,7,1,4,,,25,0,0,0,0,0,4,2,16
,2015_49825,0,0,11/20/2015 16:25,16:25,12,0,0,YALE AVE E & HUDSON ST S,2,2,1,2,1,1,,,30,0,0,0,0,0,4,2,16
,2015_49838,0,0,8/2/2015 15:00,15:00,5,0,0,31ST AVE & 9900 BLK E,1,1,0,0,1,5,,,25,0,0,0,0,0,4,1,14
,2015_49839,0,0,10/8/2015 15:00,15:00,6,0,0,GATEWAY AVE 14750 BLK E & EAGLE CT,1,1,0,7,1,4,,,20,0,0,0,0,0,4,2,16
,2015_49840,0,0,11/13/2015 17:37,17:37,6,0,0,HAZEL CT S & CEDAR AVE W,1,1,0,7,1,4,,,30,0,0,0,0,0,4,2,16
,2015_49841,0,0,7/26/2015 22:00,22:00,6,0,0,LINCOLN ST S1564 & 1500 BLK S,1,3,0,0,1,4,,,25,0,0,0,0,0,4,2,5
,2015_49853,0,0,10/2/2015 22:00,22:00,6,0,0,KENYON AVE & 3800 BLK W,1,3,0,7,1,4,,,25,0,0,0,0,0,4,2,14
,2015_49854,0,0,10/4/2015 13:15,13:15,15,0,0,KALAMATH ST N & 8TH AVE W,1,1,0,0,1,1,,,35,0,0,0,0,0,4,2,3
,2015_49855,0,0,10/29/2015 11:26,11:26,6,0,0,OSCEOLA ST & 2626 N,1,1,1,7,1,7,,,20,0,0,0,0,0,4,2,16
,2015_49856,0,0,10/29/2015 7:30,7:30,6,0,0,STUART ST 1200 BLK N & 13TH AVE W,1,1,1,7,1,4,,,,0,0,0,0,0,4,2,16
,2015_49857,0,0,12/20/2015 15:54,15:54,5,0,0,STOUT ST 1200 BLK & 13TH ST,1,1,0,0,2,4,,,30,0,0,0,0,0,4,1,13
,2015_49858,0,0,11/11/2015 11:15,11:15,6,0,0,TENNESSEE AVE 4600 BLK E & S CHERRY ST,2,1,0,7,1,4,,,30,0,0,0,0,0,4,2,7
,2015_49860,0,0,11/14/2015 11:30,11:30,5,0,0,17TH AVE E & 1025,1,1,0,0,3,5,,,15,0,0,0,0,0,4,1,13
,2015_49877,0,0,12/4/2015 12:10,12:10,12,0,0,17TH AVE 6000 BLK E & KEARNEY ST N,1,1,0,0,1,1,,,30,0,0,0,0,0,4,2,13
,2015_49878,0,0,9/2/2015 15:50,15:50,5,0,1,SPEER BLVD 1200 BLK E & MARION ST S,1,1,0,0,2,4,,,30,0,0,0,1,2,4,1,14
,2015_49881,39.740018,-104.99668,10/20/2015 6:40,6:40,12,0,0,COLFAX AVE W & GALAPAGO ST N,1,1,0,0,1,1,,,35,0,0,0,1,0,2,2,14
,2015_49886,0,0,8/18/2015 19:51,19:51,6,0,0,16TH AVE E & GARFIELD ST N,1,3,0,7,1,4,,,25,0,0,0,0,0,4,2,14
,2015_49887,0,0,12/7/2015 5:02,5:02,10,0,0,75TH AVE E & GUN CLUB RD N,1,3,0,0,1,1,,,25,0,0,0,0,0,4,2,7
,2015_49888,0,0,11/21/2015 19:30,19:30,5,0,0,OSCEOLA ST & 1285 S,1,4,1,0,3,5,,,10,0,0,0,0,0,4,1,5
,2015_49891,39.740349,-105.048711,9/19/2015 16:10,16:10,2,0,0,COLFAX AVE W & WOLFF ST N,1,1,0,0,1,1,,,35,1,0,0,0,0,2,2,13
,2015_49892,39.761982,-105.025164,11/11/2015 3:07,3:07,5,0,0,32ND AVE W & FEDERAL BLVD N,2,3,0,2,3,1,,,35,0,0,0,0,0,2,1,1
,2015_49894,0,0,11/30/2015 7:00,7:00,6,0,0,14TH AVE & 1300 BLK E,4,1,0,7,1,4,,,30,0,0,0,0,0,4,2,16
,2015_49900,0,0,7/22/2015 12:41,12:41,6,0,0,BANNOCK ST 00 BLK S & ELLSWORTH AVE W,1,1,0,7,1,4,,,25,0,0,0,0,0,4,2,14
,2015_49901,0,0,10/14/2015 14:35,14:35,6,0,0,LIPAN ST 1400 BLK S & FLORIDA AVE W,1,1,0,7,1,4,,,25,0,0,0,0,0,4,2,14
,2015_49904,39.691076,-104.94055,10/17/2015 18:45,18:45,11,0,0,COLORADO BLVD S & ARKANSAS AVE E,1,2,0,0,1,1,,,35,0,1,0,0,0,2,2,13
,2015_49911,0,0,9/5/2015 15:45,15:45,5,0,0,ILIFF AVE E & COOK ST S,1,1,1,0,3,1,,,35,0,0,0,0,0,4,1,1
,2015_49913,0,0,8/27/2015 19:17,19:17,6,0,0,OGDEN ST 1300 BLK N & 14TH AVE E,1,1,0,7,1,4,,,30,0,0,0,0,0,4,2,16
,2015_49914,0,0,10/16/2015 7:50,7:50,6,0,0,SANTA FE DR & 900 BLK N,1,5,1,7,1,4,,,30,0,0,0,0,0,4,2,16
,2015_49915,0,0,8/27/2015 19:26,19:26,6,0,0,N VALLEJO ST & 32ND AVE W,1,2,0,7,1,4,,,30,0,0,0,0,0,4,2,16
,2015_49921,0,0,11/30/2015 11:34,11:34,5,0,0,CHERRY CREEK DR & 7300 BLK E,2,1,0,0,2,4,,,30,0,0,0,0,0,4,1,13
,2015_49927,0,0,7/11/2015 14:07,14:07,5,0,0,BANNOCK ST N & 48TH AVE W,1,1,0,0,4,1,,,30,0,0,0,0,0,4,1,8
,2015_49928,0,0,7/9/2015 8:00,8:00,6,0,0,10TH AVE E & LOGAN ST N,1,1,0,0,1,1,,,25,0,0,0,0,0,4,2,1
,2015_49929,0,0,7/31/2015 14:11,14:11,5,0,0,BROADWAY ST 100 BLK S & MAPLE AVE E,1,1,0,0,2,1,,,35,0,0,0,0,0,4,1,3
,2015_49930,0,0,12/21/2015 10:00,10:00,5,0,0,MLK BLVD E & N ULSTER ST,5,1,0,0,3,5,,,5,0,0,0,0,0,4,1,8
,2015_49931,0,0,8/15/2015 20:24,20:24,5,0,0,18TH ST & WELTON ST,1,3,0,7,2,4,,,30,0,0,0,0,0,4,1,5
,2015_49934,39.739974,-104.960819,10/18/2015 16:30,16:30,6,0,0,COLFAX AVE E & GAYLORD ST N,1,1,0,0,1,4,,,30,0,0,0,0,0,2,2,13
,2015_49938,0,0,9/26/2015 16:40,16:40,15,0,0,MLK BLVD & QUEBEC ST N,1,1,0,0,1,1,,,35,0,0,0,1,0,4,2,1
,2015_49939,0,0,9/21/2015 22:00,22:00,2,0,0,15TH ST & PLATTE ST,1,3,0,0,1,4,,,30,1,0,0,0,1,4,2,14
,2015_49948,0,0,8/25/2015 16:54,16:54,6,0,0,35TH AVE E & N OLIVE ST,1,1,0,7,1,4,,,25,0,0,0,0,0,4,2,14
,2015_49949,0,0,12/22/2015 18:28,18:28,6,0,0,36TH AVE & 4900 BLK W,5,4,0,7,1,3,,,25,0,0,0,0,0,4,2,1
,2015_49950,0,0,11/20/2015 16:56,16:56,5,0,0,45TH AVE E & HAVANA ST N,1,2,0,0,3,1,,,35,0,0,0,0,0,4,1,1
,2015_49951,0,0,9/15/2015 14:38,14:38,15,0,0,EVANS AVE 100 BLK W & BANNOCK ST S,1,1,0,0,1,1,,,30,0,0,0,0,0,4,2,13
,2015_49952,0,0,9/30/2015 0:47,0:47,6,0,0,GRANT ST 1500 BLK N & 16TH AVE E,1,2,0,7,1,4,,,30,0,0,0,0,0,4,2,5
,2015_49953,0,0,11/6/2015 22:35,22:35,6,0,0,N HANNIBAL CT & E MARCH PL,1,3,0,7,1,4,,,20,0,0,0,0,0,4,2,16
,2015_49954,0,0,10/22/2015 1:55,1:55,5,0,0,14TH ST 1300 BLK & LARIMER ST,1,3,0,0,2,4,,,30,0,0,0,0,1,4,1,5
,2015_49960,39.634066,-104.902281,10/2/2015 18:45,18:45,15,0,0,I-225 SB OFF  RAMP TO I-25 & RAMP SPLIT,1,2,0,0,1,8,,,65,0,0,0,0,0,1,2,16
,2015_49961,39.63996,-104.883701,12/4/2015 17:10,17:10,12,0,0,I-225 & YOSEMITE ST S,1,3,0,0,1,4,,,65,0,0,0,0,0,1,2,16
,2015_49967,0,0,11/26/2015 10:00,10:00,6,0,0,4TH AVE E & FILLMORE ST N,4,5,0,2,1,4,,,25,0,0,0,0,0,4,2,3
,2015_49968,0,0,12/20/2015 5:03,5:03,5,0,0,4TH AVE W & PERU ST N,5,3,0,0,2,1,,,30,0,0,0,0,0,4,1,14
,2015_49969,0,0,12/30/2015 8:35,8:35,6,0,0,BRIGHTON BLVD & 3200 BLK,1,4,0,7,1,4,,,,0,0,0,0,0,4,2,16
,2015_49970,0,0,12/8/2015 9:03,9:03,11,0,1,IRVING ST S & LAYTON AVE W,1,1,0,0,1,3,,,25,0,1,0,0,3,4,3,3
,2015_49971,0,0,10/10/2015 18:05,18:05,12,0,1,LOUISIANA AVE E & EUDORA ST S,1,1,0,0,1,4,,,30,0,0,0,1,3,4,2,5
,2015_49980,0,0,9/10/2015 9:00,9:00,6,0,0,EMPORIA WY S & DAYTON ST S,1,3,0,0,1,4,,,25,0,0,0,0,0,4,2,3
,2015_49982,0,0,9/18/2015 2:11,2:11,5,0,0,8TH AVE E & ALBION ST N,1,3,0,0,3,4,,,30,0,0,0,0,1,4,1,5
,2015_49983,0,0,11/12/2015 20:34,20:34,6,0,0,PEARL ST 1110 BLK S & MISSISSIPPI AVE E,1,3,1,7,1,4,,,30,0,0,0,0,0,4,3,16
,2015_49984,0,0,11/8/2015 7:50,7:50,5,0,0,PERRY ST & 700 BLK N,1,1,1,0,1,5,,,15,0,0,0,0,0,4,1,13
,2015_49989,0,0,9/24/2015 6:30,6:30,6,0,0,14TH AVE 3100 BLK W & GROVE ST N,1,2,0,7,1,4,,,30,0,0,0,0,0,4,2,14
,2015_49990,0,0,10/2/2015 1:15,1:15,5,0,0,DECATUR ST S & WESLEY AVE W,1,3,0,0,3,4,,,25,0,0,0,0,0,4,1,5
,2015_49991,0,0,8/16/2015 22:00,22:00,6,0,0,LARIMER ST 1900 BLK & 20TH ST,1,3,0,0,1,4,,,30,0,0,0,0,0,4,2,13
,2015_49992,0,0,6/20/2015 23:11,23:11,15,0,0,PENA BLVD & 8000 BLK,1,3,0,0,1,4,,,45,0,0,0,0,0,4,2,13
,2015_49997,0,0,10/31/2015 3:36,3:36,6,0,0,22ND AVE W & LOWELL BLVD N,1,3,0,7,1,4,,,25,0,0,0,0,0,4,3,14
,2015_49998,0,0,9/29/2015 18:40,18:40,6,0,0,24TH AVE E & HUMBOLDT ST N,1,1,0,7,1,4,,,25,0,0,0,0,0,4,2,14
,2015_49999,0,0,10/2/2015 2:00,2:00,6,0,0,LAFAYETTEST & 2600 BLK N,1,3,0,7,1,4,,,25,0,0,0,0,0,4,2,14
,2015_50000,0,0,9/29/2015 22:04,22:04,5,0,1,QUEBEC ST 500 BLK S & VIRGINIA AVE E,1,3,1,0,3,4,,,35,0,0,0,0,2,4,1,5
,2015_50001,0,0,11/6/2015 9:00,9:00,6,0,0,QUITMAN ST & 1300 S,1,3,0,0,2,2,,,25,0,0,0,0,0,4,2,13
,2015_50002,0,0,9/14/2015 19:22,19:22,9,0,1,REVERE ST N & 56TH AVE E,1,1,0,0,1,1,,,40,0,0,0,1,3,4,1,7
,2015_50003,0,0,10/14/2015 19:10,19:10,5,0,0,25TH ST & CURTIS ST,1,3,0,0,3,3,,,30,0,0,0,0,0,4,1,9
,2015_50004,0,0,8/17/2015 11:30,11:30,6,0,0,29TH ST 1200 BLK & LAWRENCE ST,1,1,0,7,1,4,,,20,0,0,0,0,0,4,2,16
,2015_50005,0,0,10/14/2015 17:30,17:30,12,0,0,YORK ST N & 14TH AVE E,1,1,0,0,1,4,,,30,0,0,0,0,0,4,2,16
,2015_50016,39.683106,-104.940515,11/6/2015 15:00,15:00,9,0,0,I-25 & COLORADO BLVD S,1,1,0,0,1,4,,,60,0,0,0,1,1,1,2,1
,2015_50017,39.740011,-104.968907,12/18/2015 23:55,23:55,2,0,0,COLFAX AVE 1500 BLK E & PARK AVE WEST,12,3,0,0,1,4,,,30,1,0,0,0,0,2,2,7
,2015_50021,0,0,1/18/2015 2:09,2:09,5,0,1,TENNESSEE AVE 5000 BLK W & MORRISON RD,1,3,0,7,3,4,,,25,0,0,0,0,3,4,1,5
,2015_50024,0,0,12/20/2015 6:00,6:00,5,0,0,11TH AVE W & DELAWARE ST N,4,1,0,0,1,1,,,30,0,0,0,0,0,4,1,7
,2015_50025,0,0,11/29/2015 4:49,4:49,3,0,1,11TH AVE E & SHERMAN ST N,1,3,0,0,1,1,,,30,0,0,0,1,3,4,5,9
,2015_50026,0,0,9/9/2015 17:00,17:00,6,0,0,GRANT ST 0 BLK N & 1ST AVE E,1,1,0,7,1,4,,,30,0,0,0,0,0,4,2,16
,2015_50027,0,0,9/7/2015 23:22,23:22,5,0,0,EVANS AVE W & VRAIN ST S,1,3,0,0,3,4,,,35,0,0,0,0,0,4,1,14
,2015_50028,0,0,11/17/2015 8:00,8:00,6,0,0,E 41ST PL & N ARGONNE ST,4,3,0,2,1,3,,,25,0,0,0,0,0,4,2,16
,2015_50029,0,0,9/29/2015 6:00,6:00,5,0,0,48TH AVE & VASQUEZ BLVD 4810 N,1,4,0,0,3,4,,,30,0,0,0,0,0,4,1,14
,2015_50033,39.738384,-105.013839,10/18/2015 15:05,15:05,12,0,0,I-25 & COLFAX AVE W,1,1,1,0,1,3,,,35,0,0,0,0,1,1,2,8
,2015_50036,39.639275,-104.885096,9/9/2015 21:50,21:50,5,0,0,I-225 & S YOSEMITE ST,1,3,0,0,2,4,,,65,0,0,0,0,0,1,1,13
,2015_50037,0,0,4/18/2015 23:54,23:54,5,0,0,TENNYSON ST N & 44TH AVE W,1,3,0,0,2,1,,,25,0,0,0,0,0,4,1,1
,2015_50046,0,0,12/30/2015 6:38,6:38,5,0,0,26TH AVE E & PONTIAC ST N,5,1,0,0,3,1,,,25,0,0,0,0,0,4,1,13
,2015_50047,0,0,8/29/2015 15:33,15:33,6,0,0,ARAPAHOE ST 2700 BLK & 27TH ST,1,1,0,7,1,4,,,30,0,0,0,0,0,4,2,16