id,drcog_id,latitude,longitude,crashtime,time,crashtype,numbkilled,numbinjurd,drcoglocat,rdconditin,lightngcon,roadcntgrd,weatherco,location,roaddescrp,schoolzone,constrzone,splimit,bikeinv,pedinv,sctrinv,motoinv,svrty,rdsystem,ttlvehcls,hcf
,2015_50048,0,0,11/5/2015 11:30,11:30,6,0,0,20TH ST & 900 BLK,1,1,0,7,1,4,,,30,0,0,0,0,0,4,2,16
,2015_50052,0,0,8/23/2015 0:15,0:15,6,0,0,44TH AVE 3600 BLK W & NEWTON ST N,1,3,0,0,1,4,,,25,0,0,0,0,0,4,2,13
,2015_50053,0,0,10/11/2015 2:15,2:15,15,0,0,20TH ST & CHESTNUT PL,1,3,1,0,1,4,,,30,0,0,0,1,0,4,2,5
,2015_50054,0,0,12/26/2015 8:35,8:35,3,0,0,20TH ST & LARIMER ST,4,1,0,0,1,1,,,25,0,0,0,0,0,4,2,7
,2015_50055,0,0,12/20/2015 22:00,22:00,6,0,0,YUMA ST S & W BYERS PL,5,3,0,7,1,4,,,25,0,0,0,0,0,4,3,1
,2015_50065,0,0,9/21/2015 13:22,13:22,12,0,0,17TH AVE E & ELM ST N,1,1,0,0,1,1,,,25,0,0,0,0,1,4,2,13
,2015_50070,39.740035,-104.998869,10/28/2015 8:10,8:10,3,0,0,SPEER BLVD N & COLFAX AVE W,1,1,0,0,1,1,,,35,0,0,0,0,0,2,2,14
,2015_50071,39.782164,-104.997589,10/12/2015 11:39,11:39,5,0,1,I-70 & INCA ST N OFFSET REF,1,1,1,0,1,4,,,55,0,0,0,1,3,1,2,13
,2015_50078,0,0,11/22/2015 17:30,17:30,6,0,0,14TH AVE 1100 BLK E & OGDEN ST N,1,3,0,7,1,4,,,30,0,0,0,0,0,4,2,16
,2015_50079,0,0,12/16/2015 8:55,8:55,3,0,0,CEDAR AVE W & IRVING ST S,4,1,0,0,1,1,,,25,0,0,0,0,0,4,2,13
,2015_50080,0,0,12/18/2015 8:16,8:16,6,0,0,CUSTER PL & 3340 W,5,1,0,7,1,4,,,25,0,0,0,0,0,4,2,1
,2015_50081,0,0,9/16/2015 23:00,23:00,5,0,0,GAYLORD 1200 BLK N & YORK ST ALLEY,1,3,0,0,2,5,,,10,0,0,0,0,0,4,1,13
,2015_50082,0,0,11/16/2015 18:50,18:50,11,0,0,20TH ST N & LAWRENCE ST,2,3,0,1,1,4,,,30,0,1,0,0,1,4,2,14
,2015_50085,39.634235,-104.90683,11/17/2015 4:55,4:55,15,0,0,I-25 & I-225 NB FLYOVER,4,3,0,2,1,4,,,65,0,0,0,0,0,1,3,7
,2015_50092,0,0,8/17/2015 22:30,22:30,6,0,0,CLAY ST 300 BLK S & ALAMEDA AVE W,1,1,0,0,1,4,,,25,0,0,0,0,0,4,2,13
,2015_50093,0,0,12/26/2015 8:10,8:10,5,0,0,KNOX CT N & 10TH AVE W,4,1,0,0,2,1,,,30,0,0,0,0,0,4,1,5
,2015_50094,0,0,11/30/2015 11:11,11:11,6,0,0,N YATES ST & 13TH AVE W,5,1,0,7,1,1,,,25,0,0,0,0,0,4,2,7
,2015_50109,39.711154,-105.034865,11/4/2015 0:57,0:57,5,0,0,LOWELL BLVD S & ALAMEDA AVE W,1,4,1,0,3,3,,,,0,0,0,0,0,2,1,1
,2015_50119,0,0,10/2/2015 0:44,0:44,6,0,0,N CHERRY ST & 8TH AVE E,1,4,0,7,1,4,,,25,0,0,0,0,0,4,5,5
,2015_50120,0,0,11/2/2015 22:30,22:30,6,0,0,S LOWEL BLVD & EVANS AVE W,1,3,0,7,1,4,,,25,0,0,0,0,0,4,3,1
,2015_50121,0,0,12/20/2015 20:15,20:15,6,0,0,PEARL ST 1400 BLK N & 14TH AVE E,5,3,0,0,1,4,,,30,0,0,0,0,0,4,2,14
,2015_50122,0,0,10/10/2015 1:19,1:19,11,0,0,20TH 1400 BLK & MARKET ST,1,3,1,0,1,1,,,35,0,1,0,0,0,4,2,3
,2015_50123,0,0,9/13/2015 23:06,23:06,5,0,0,20TH ST & OSAGE ST N,1,3,0,0,3,1,,,25,0,0,0,0,1,4,1,5
,2015_50124,0,0,9/17/2015 16:42,16:42,9,0,1,20TH ST & OSAGE ST N,1,1,0,0,1,1,,,25,0,0,0,1,2,4,1,1
,2015_50125,0,0,10/19/2015 0:31,0:31,6,0,0,ZENIA ST 1100 BLK N & 11TH AVE E,1,3,0,7,1,4,,,25,0,0,0,0,0,4,3,16
,2015_50126,0,0,11/27/2015 3:00,3:00,6,0,0,ZUNI ST 200 BLK S & ALAMEDA AVE W,5,3,0,2,1,4,,,25,0,0,0,0,0,4,2,3
,2015_50127,0,0,9/5/2015 5:40,5:40,6,0,0,ZUNI ST S & COLORADO AVE W,1,2,0,0,1,4,,,30,0,0,0,0,0,4,2,5
,2015_50131,0,0,1/31/2015 22:00,22:00,5,0,0,TENNYSON ST N & 52ND AVE W,4,3,1,2,2,1,,,25,0,0,0,0,0,4,1,14
,2015_50137,0,0,12/25/2015 14:00,14:00,6,0,0,29TH DR 10400 BLK E & GENEVA CT N,4,1,0,7,1,4,,,30,0,0,0,0,0,4,2,16
,2015_50138,0,0,12/18/2015 23:58,23:58,11,0,2,WASHINGTON ST N & 6TH AVE E,5,3,0,0,1,1,,,30,0,1,0,0,2,4,3,1
,2015_50140,39.740342,-105.035719,11/11/2015 10:30,10:30,6,0,0,MEADE ST 1500 BLK N & COLFAX AVE W,1,2,0,0,1,4,,,30,0,0,0,0,0,2,2,14
,2015_50152,0,0,10/5/2015 0:15,0:15,6,0,0,S DECATUR ST & OHIO AVE W,1,4,0,7,1,4,,,25,0,0,0,0,0,4,4,14
,2015_50159,0,0,1/21/2015 2:07,2:07,6,0,0,14TH AVE 5900 BLK E & JASMINE ST N,2,3,3,7,1,4,,,25,0,0,0,0,0,4,2,16
,2015_50160,0,0,1/26/2015 21:30,21:30,6,0,0,16TH AVE 8600 BLK & WILLOW ST N,1,1,0,7,6,4,,,25,0,0,0,0,0,4,2,14
,2015_50161,0,0,2/28/2015 13:50,13:50,6,0,0,ELLSWORTH AVE W & BANNOCK ST N,5,1,0,7,1,1,,,20,0,0,0,0,0,4,2,7
,2015_50165,39.678409,-104.940629,12/31/2015 20:20,20:20,1,0,0,COLORADO BLVD S & EVANS AVE E,1,3,0,0,1,1,,,35,0,0,0,0,1,2,2,3
,2015_50166,39.680122,-104.94064,1/28/2015 7:10,7:10,3,0,0,BUCHTEL BLVD E & COLORADO BLVD S,1,1,0,0,1,1,,,35,0,0,0,0,0,2,2,13
,2015_50167,39.680122,-104.94064,4/3/2015 21:46,21:46,3,0,0,COLORADO BLVD S & BUCHTEL AVE E,1,3,0,0,1,1,,,5,0,0,0,0,0,2,2,14
,2015_50168,39.684789,-104.940541,5/8/2015 19:30,19:30,15,0,0,COLORADO BLVD 1800 BLK S & MEXICO AVE E,2,1,0,1,1,4,,,35,0,0,0,0,0,2,2,7
,2015_50169,39.687411,-104.940549,7/13/2015 6:07,6:07,5,0,0,COLORADO BLVD 1600 BLK S & IOWA AVE E,1,4,0,0,2,4,,,35,0,0,0,0,0,2,1,13
,2015_50170,39.691372,-104.94055,2/5/2015 7:38,7:38,12,0,0,COLORADO BLVD 1300 BLK S & ARKANSAS AVE E,1,1,1,0,1,4,,,35,0,0,0,0,0,2,2,1
,2015_50171,39.703863,-104.940623,8/30/2015 11:15,11:15,12,0,0,COLORADO BLVD S & EXPOSITION AVE E,1,1,0,0,1,1,,,35,0,0,0,0,0,2,2,13
,2015_50172,39.706129,-104.940624,5/7/2015 2:28,2:28,1,0,0,COLORADO BLVD S & CHERRY CREEK N DR E,1,3,0,0,1,1,,,35,0,0,0,0,0,2,2,5
,2015_50175,39.721749,-104.940629,5/26/2015 13:54,13:54,12,0,0,COLORADO BLVD & 300 BLK S,1,1,0,0,1,4,,,30,0,0,0,0,0,2,2,14
,2015_50176,39.726027,-104.940628,7/26/2015 14:00,14:00,12,0,0,COLORADO BLVD 600 BLK N & 6TH AVE E,1,1,0,0,1,3,,,35,0,0,0,0,0,2,4,13
,2015_50177,39.741355,-104.940611,1/2/2015 12:55,12:55,15,0,0,COLORADO BLVD N & 16TH AVE (RD E),2,1,1,0,1,3,,,35,0,0,0,0,0,2,2,3
,2015_50178,39.741355,-104.940611,4/29/2015 14:21,14:21,12,0,0,COLORADO BLVD 1600 BLK N & 16TH AVE E,1,1,0,0,1,3,,,30,0,0,0,0,0,2,2,13
,2015_50179,39.761878,-104.940511,6/28/2015 18:20,18:20,12,0,0,COLORADO BLVD N & MLK JR BLVD,1,1,0,0,1,1,,,35,0,0,0,0,1,2,2,13
,2015_50180,39.762025,-104.94051,6/27/2015 14:35,14:35,12,0,0,COLORADO BLVD 3200 BLK N & MARTIN LUTHER KING JR BLVD E,1,1,0,0,1,4,,,30,0,0,0,0,0,2,2,13
,2015_50181,39.76452,-104.940501,3/10/2015 16:20,16:20,12,0,0,COLORADO BLVD 3300 BLK N & BRUCE RANDOLPH AVE E,1,1,0,0,1,1,,,35,0,0,0,0,0,2,2,14
,2015_50190,39.725655,-105.053326,12/29/2015 7:30,7:30,15,0,0,6TH AVE W & SHERIDAN BLVD,1,2,1,0,1,4,,,65,0,0,0,0,1,2,2,13
,2015_50193,39.725655,-105.051629,7/2/2015 18:49,18:49,5,0,0,6TH AVE & SHERIDAN BLVD N,1,1,0,0,2,4,,,55,0,0,0,0,1,2,1,5
,2015_50194,39.773908,-104.845911,4/4/2015 21:50,21:50,15,0,0,I-70 EB ON RAMP MERGE & PEORIA ST N,1,3,1,0,1,8,,,55,0,0,0,0,0,1,2,14
,2015_50195,39.725357,-105.021792,10/11/2015 18:20,18:20,15,0,0,6TH AVE W & FEDERAL BLVD N,1,3,0,0,1,4,,,45,0,0,0,0,1,2,2,8
,2015_50196,39.725218,-105.017695,7/26/2015 20:25,20:25,12,0,0,6TH AVE W & I-25 SB RAMP,1,2,0,1,1,4,,,50,0,0,0,0,0,2,2,13
,2015_50197,39.725486,-105.013543,6/2/2015 10:34,10:34,15,0,0,6TH AVE W & I-25,1,1,1,0,1,4,,,45,0,0,0,0,0,2,2,13
,2015_50228,39.623866,-104.901444,1/12/2015 21:05,21:05,12,0,0,I-25 & BELLEVIEW AVE E,2,3,0,1,1,4,,,65,0,0,0,0,0,1,4,6
,2015_50229,39.623866,-104.901444,10/28/2015 6:43,6:43,12,0,0,I-25 & BELLEVIEW AVE E,1,1,0,0,1,4,,,65,0,0,0,0,0,1,2,14
,2015_50230,39.652864,-104.918141,4/25/2015 2:50,2:50,12,0,1,I-25 SB RAMPS & HAMPDEN AVE E,1,3,1,0,1,1,,,45,0,0,0,0,2,1,2,5
,2015_50231,39.653075,-104.918243,6/10/2015 9:32,9:32,12,0,1,I-25 & HAMPDEN AVE E,1,1,0,0,1,4,,,65,0,0,0,0,3,1,2,10
,2015_50232,39.653075,-104.918243,2/1/2015 2:55,2:55,5,0,1,I-25 SB & HAMPDEN AVE E,4,3,0,2,3,4,,,55,0,0,0,0,2,1,1,14
,2015_50233,39.678363,-104.933558,8/5/2015 22:00,22:00,12,0,0,EVANS AVE E & I-25 SB RAMPS (APPROX),1,3,0,0,1,3,,,35,0,0,0,0,0,1,2,7
,2015_50234,39.683106,-104.940515,1/24/2015 14:00,14:00,15,0,0,I-25 & COLORADO BLVD S,1,1,1,0,1,4,,,55,0,0,0,0,0,1,2,13
,2015_50235,39.683106,-104.940515,5/4/2015 7:00,7:00,12,0,0,COLORADO BLVD S OVERPASS & I-25,2,1,0,0,1,4,,,40,0,0,0,0,1,1,2,1
,2015_50236,39.700841,-104.986681,3/31/2015 6:20,6:20,1,0,0,BROADWAY ST 800 BLK S & KENTUCKY AVE W,1,2,0,0,1,1,,,35,0,0,0,0,0,1,2,12
,2015_50237,39.701452,-104.987435,3/6/2015 16:56,16:56,12,0,0,I-25 & BROADWAY S,1,1,0,0,1,4,,,55,0,0,0,0,0,1,2,13
,2015_50238,39.718407,-105.005258,3/25/2015 11:24,11:24,12,0,0,I-25 & 1ST AVE W (NOT IN CORIS),2,1,0,2,1,4,,,55,0,0,0,0,1,1,2,13
,2015_50239,39.719966,-105.007026,7/4/2015 22:36,22:36,12,0,0,I-25 & MM 208,1,3,0,0,1,4,,,65,0,0,0,0,0,1,3,13
,2015_50240,39.721864,-105.009103,3/10/2015 9:20,9:20,15,0,1,I-25 & 6TH AVE W,1,1,0,0,1,4,,,55,0,0,0,0,2,1,2,7
,2015_50241,39.71124,-104.998918,12/3/2015 7:47,7:47,12,0,0,I-25 & ALAMEDA AVE W,1,1,0,0,1,4,,,55,0,0,0,0,0,1,2,16
,2015_50242,39.72543,-105.013021,5/28/2015 14:54,14:54,12,0,1,I-25 & 6TH AVE W,1,1,0,0,1,4,,,55,0,0,0,0,2,1,3,8
,2015_50243,39.72543,-105.013021,6/8/2015 15:50,15:50,12,0,0,I-25 & 6TH AVE W,1,1,0,0,1,4,,,55,0,0,0,0,0,1,2,13
,2015_50244,39.726299,-105.013589,4/4/2015 13:50,13:50,12,0,0,I-25 SB OFF RAMP & 6TH AVE W,1,1,0,0,1,8,,,55,0,0,0,0,0,1,2,13
,2015_50245,39.72543,-105.013021,8/29/2015 16:35,16:35,15,0,0,I-25 & 6TH AVE W,1,1,0,0,1,4,,,55,0,0,0,0,0,1,2,13
,2015_50246,39.74035,-105.013939,1/28/2015 18:15,18:15,12,0,0,I-25 & COLFAX AVE W,1,3,0,0,1,4,,,55,0,0,0,0,0,1,3,13
,2015_50247,39.741741,-105.014441,2/13/2015 20:36,20:36,5,0,0,AURARIA PKWY & I-25,1,3,1,0,2,8,,,35,0,0,0,0,0,1,1,3
,2015_50248,39.743081,-105.015682,3/9/2015 9:00,9:00,15,0,0,I-25 & COLFAX AVE W,1,1,0,0,1,4,,,55,0,0,0,0,0,1,3,14
,2015_50250,39.755141,-105.012706,10/15/2015 14:11,14:11,15,0,0,I-25 & SPEER BLVD N,1,1,1,0,1,4,,,55,0,0,0,0,0,1,2,16
,2015_50251,39.760997,-105.004275,6/29/2015 5:30,5:30,15,0,0,I-25 SB RAMPS & 20TH ST,1,1,0,0,1,1,,,40,0,0,0,0,0,1,2,13
,2015_50252,39.768039,-104.994788,3/20/2015 15:27,15:27,12,0,0,I-25 & PARK AVE WEST,1,1,0,0,1,4,,,55,0,0,0,0,0,1,4,14
,2015_50253,39.768039,-104.994788,1/19/2015 6:43,6:43,1,0,0,PARK AVE WEST & I-25,1,2,0,0,1,1,,,35,0,0,0,0,0,1,2,14
,2015_50254,39.783989,-104.989144,5/28/2015 16:22,16:22,12,0,0,I-25 & 48TH AVE W,1,1,0,0,1,4,,,55,0,0,0,0,1,1,2,13
,2015_50255,39.787141,-104.989115,2/17/2015 21:12,21:12,5,0,0,I-70 EB OFF RAMP & I-25 NB ON RAMP MERGE PT,2,3,0,0,2,8,,,35,0,0,0,0,1,1,1,5
,2015_50272,39.711077,-105.025062,8/10/2015 11:55,11:55,12,0,0,ALAMEDA AVE W & FEDERAL BLVD S,1,1,1,0,1,1,,,40,0,0,0,0,0,2,2,2
,2015_50273,39.711141,-105.019209,4/25/2015 2:24,2:24,3,0,0,ALAMEDA AVE W & CANOSA CT S,1,3,0,0,1,3,,,25,0,0,0,0,1,2,3,5
,2015_50274,39.653054,-104.884764,5/17/2015 17:00,17:00,3,0,0,YOSEMITE ST S & HAMPDEN AVE E,1,1,0,0,1,1,,,40,0,0,0,0,0,2,2,13
,2015_50285,39.779316,-104.903391,2/9/2015 15:00,15:00,15,0,0,QUEBEC ST N & I-70,1,1,0,0,1,4,,,35,0,0,0,0,0,2,2,14
,2015_50286,39.78358,-104.900137,1/19/2015 11:12,11:12,12,0,0,QUEBEC ST N & I-270 WB,1,1,1,0,1,1,,,40,0,0,0,0,0,2,2,13
,2015_50301,39.740422,-105.023152,12/29/2015 22:45,22:45,12,0,0,COLFAX AVE W & MILE HIGH STADIUM CIR,1,3,0,0,1,4,,,35,0,0,0,0,1,2,2,13
,2015_50302,39.740336,-105.015419,11/25/2015 18:01,18:01,12,0,0,COLFAX AVE W & I-25 SB OFF RAMP 'D',1,3,0,0,1,1,,,35,0,0,0,0,0,2,2,13
,2015_50303,39.740349,-105.016013,4/5/2015 21:06,21:06,12,0,2,COLFAX AVE W & ZUNI ST N,1,3,0,0,1,1,,,40,0,0,0,1,3,2,2,1
,2015_50304,39.740306,-105.014081,8/14/2015 13:57,13:57,12,0,0,COLFAX AVE & I-25,1,1,1,0,1,4,,,40,0,0,0,0,1,2,2,13
,2015_50305,39.740025,-104.998126,4/10/2015 22:14,22:14,3,0,0,SPEER BLVD N & COLFAX AVE W,1,3,0,0,1,1,,,35,0,0,0,0,1,2,2,1
,2015_50306,39.740018,-104.99668,1/17/2015 23:50,23:50,1,0,0,COLFAX AVE E & WELTON ST,1,3,0,0,1,1,,,35,0,0,0,0,0,2,2,13
,2015_50307,39.740053,-104.984901,6/22/2015 8:35,8:35,1,0,0,COLFAX AVE E & SHERMAN ST N,1,1,0,0,1,1,,,30,0,0,0,0,1,2,2,13
,2015_50308,39.740012,-104.980254,2/28/2015 13:26,13:26,11,0,0,COLFAX AVE 500 BLK E & PEARL ST N,2,1,0,0,1,4,,,30,0,1,0,0,1,2,2,3
,2015_50309,39.739993,-104.965127,6/3/2015 22:25,22:25,11,0,1,COLFAX AVE 1800 BLK E & HIGH ST N,2,3,0,0,1,4,,,30,0,1,0,0,2,2,2,14
,2015_50310,39.74001,-104.968713,5/17/2015 18:28,18:28,15,0,0,COLFAX AVE 1600 BLK E & FRANKLIN ST N,2,1,0,1,1,3,,,30,0,0,0,0,0,2,2,7
,2015_50312,39.739998,-104.966067,3/5/2015 8:50,8:50,3,0,0,COLFAX AVE E & WILLIAMS ST,1,1,0,0,1,1,,,30,0,0,0,0,0,2,2,13
,2015_50313,39.740079,-104.912395,3/29/2015 17:15,17:15,1,0,0,MONACO ST N & COLFAX AVE E,1,1,0,0,1,1,,,35,0,0,0,0,0,2,2,14
,2015_50314,39.740079,-104.903501,1/2/2015 12:25,12:25,12,0,0,COLFAX AVE E & QUEBEC ST N,2,1,1,0,1,1,,,25,0,0,0,0,0,2,2,13
,2015_50315,39.740084,-104.892494,11/14/2015 21:10,21:10,6,0,0,COLFAX AVE E & UINTA ST N,1,3,0,0,1,4,,,30,0,0,0,0,0,2,2,14
,2015_50342,39.783138,-105.006328,5/28/2015 14:45,14:45,12,0,0,PECOS ST & 4700 BLK N,1,1,1,0,1,6,,,20,0,0,0,0,0,1,2,13
,2015_50343,39.77971,-104.98258,11/17/2015 11:46,11:46,5,0,0,I-70 EB COLLECTORS RAMP T & RAMP SPLIT PT (BEG B,2,1,0,0,2,8,,,55,0,0,0,0,0,1,1,16
,2015_50344,39.780083,-104.989627,1/3/2015 15:55,15:55,5,0,0,I-25 SB OFF RAMP TO & I-70 WB,4,1,1,2,2,8,,,45,0,0,0,0,1,1,1,13
,2015_50345,39.779606,-104.981076,1/31/2015 19:36,19:36,12,0,1,I-70 & MM 274.5,1,2,1,0,1,4,,,55,0,0,0,0,2,1,2,5
,2015_50346,39.779455,-104.97705,7/6/2015 10:12,10:12,12,0,0,I-70 & WASHINGTON ST N,2,1,0,0,1,8,,,35,0,0,0,0,0,1,2,13
,2015_50347,39.779895,-104.967089,6/26/2015 17:35,17:35,12,0,0,I-70 & BRIGHTON BLVD N,1,1,1,0,1,4,,,55,0,0,0,0,0,1,2,13
,2015_50348,39.77969,-104.929635,7/22/2015 10:38,10:38,12,0,0,I-70 & DAHLIA ST N,1,1,1,0,1,4,,,55,0,0,0,0,0,1,2,13
,2015_50349,39.778283,-104.914705,2/12/2015 14:34,14:34,12,0,0,I-70 WB & MM 277.95,1,1,0,0,1,4,,,55,0,0,0,0,1,1,3,13
,2015_50350,39.778299,-104.898841,5/9/2015 2:55,2:55,5,0,0,I-70 & NORTHFIELD ST/QUEBEC ST N,2,3,0,1,3,4,,,55,0,0,0,0,1,1,1,5
,2015_50351,39.776699,-104.878163,5/11/2015 16:38,16:38,12,0,0,I-70 & CENTRAL PARK BLVD N,1,1,0,0,1,4,,,55,0,0,0,0,1,1,4,14
,2015_50352,39.775623,-104.865778,12/10/2015 7:12,7:12,12,0,0,I-70 & HAVANA ST N,1,1,0,0,1,4,,,55,0,0,0,0,0,1,2,13
,2015_50353,39.775654,-104.866133,2/16/2015 17:58,17:58,15,0,1,I-70 & HAVANA ST N,5,4,1,2,1,4,,,55,0,0,0,0,2,1,3,7
,2015_50354,39.775623,-104.865778,4/13/2015 10:46,10:46,15,0,0,I-70 & HAVANA ST N,1,1,0,0,1,4,,,55,0,0,0,0,0,1,2,1
,2015_50357,39.772813,-104.833157,2/1/2015 10:20,10:20,6,0,2,I-70 EB OFF RAMP ENT PT & I-225,6,1,0,0,1,8,,,55,0,0,0,0,3,1,2,14
,2015_50358,39.772573,-104.830353,2/8/2015 13:45,13:45,12,0,0,I-70 EB & I-225 SB,1,1,0,0,1,8,,,55,0,0,0,0,1,1,2,13
,2015_50359,39.773607,-104.84234,11/10/2015 2:27,2:27,4,0,0,I-70 & PEORIA ST N,1,3,0,0,1,4,,,55,0,0,0,0,0,1,1,16
,2015_50384,39.698487,-104.903279,6/25/2015 15:33,15:33,12,0,0,PARKER RD 1000 BLK S & QUEBEC ST S,1,1,0,0,1,3,,,35,0,0,0,0,1,2,4,13
,2015_50385,39.698614,-104.903604,2/17/2015 19:05,19:05,12,0,0,LEETSDALE AVE E & QUEBEC ST S,1,1,0,0,1,1,,,35,0,0,0,0,0,2,2,13
,2015_50390,39.687549,-104.99194,1/4/2015 11:10,11:10,3,0,0,S SANTA FE DR & W IOWA AVE,4,1,1,0,1,1,,,45,0,0,0,0,0,2,2,13
,2015_50397,39.693099,-105.025036,6/22/2015 17:40,17:40,12,0,0,FEDERAL BLVD S & LOUISIANA AVE W,1,1,0,0,1,1,,,35,0,0,0,0,0,2,2,7
,2015_50398,39.711449,-105.025096,4/2/2015 18:01,18:01,12,0,0,FEDERAL BLVD 200 BLK S & ALAMEDA AVE,2,2,0,2,1,4,,,35,0,0,0,0,0,2,2,3
,2015_50400,39.709425,-105.025076,1/7/2015 18:10,18:10,1,0,0,FEDERAL BLVD S & DAKOTA AVE W,2,2,1,0,1,1,,,35,0,0,0,0,0,2,2,1
,2015_50401,39.694884,-105.025057,6/18/2015 18:00,18:00,1,0,0,FEDERAL BLVD S & ARIZONA AVE W,1,1,0,0,1,1,,,40,0,0,0,0,0,2,2,7
,2015_50402,39.691649,-105.025046,7/17/2015 16:08,16:08,12,0,1,FEDERAL BLVD 1400 BLK S & ARKANSAS AVE W,1,1,0,0,1,4,,,40,0,0,0,0,2,2,4,13
,2015_50403,39.689552,-105.02506,5/23/2015 12:16,12:16,1,0,0,FEDERAL BLVD S & FLORIDA AVE W,1,1,0,0,1,1,,,35,0,0,0,0,0,2,2,7
,2015_50404,39.685944,-105.025024,5/23/2015 11:05,11:05,12,0,2,FEDERAL BLVD S & MEXICO AVE W,1,1,1,0,1,1,,,35,0,0,0,0,3,2,2,7
,2015_50407,39.624077,-104.911994,8/7/2015 17:19,17:19,5,0,0,MONACO ST & BELLEVIEW AVE 6500 E,1,5,0,0,3,1,,,25,0,0,0,0,0,2,1,14
,2015_50408,39.624078,-104.908786,6/17/2015 16:53,16:53,1,0,0,BELLEVIEW AVE E & NIAGARA ST,1,1,0,0,1,1,,,30,0,0,0,0,0,2,2,3
,2015_50420,39.689516,-105.053251,7/28/2015 21:30,21:30,12,0,0,SHERIDAN BLVD S & W FLORIDA AVE,1,3,0,7,1,3,,,35,0,0,0,0,0,2,2,14
,2015_50422,39.769363,-105.053248,7/10/2015 9:05,9:05,12,0,0,SHERIDAN BLVD N & 38TH AVE W,1,1,0,0,1,3,,,35,0,0,0,0,0,2,3,13
,2015_50423,39.78095,-105.053257,1/13/2015 17:55,17:55,15,0,0,SHERIDAN BLVD & 4700 BLK N,2,3,1,2,1,4,,,35,0,0,0,0,0,2,2,13
,2015_50434,39.624104,-105.09105,1/7/2015 12:08,12:08,12,0,0,WADSWORTH S & BELLEVIEW AVE W,2,1,0,0,1,4,,,45,0,0,0,0,1,2,2,5
,2015_50435,39.634574,-105.08262,8/11/2015 13:45,13:45,15,0,0,WADSWORTH BLVD S & STANFORD AVE W,1,1,0,0,1,4,,,45,0,0,0,0,0,2,2,5
,2015_50464,39.635523,-104.89346,7/2/2015 8:45,8:45,1,0,0,TAMARAC ST S & I-225 SB RAMPS,1,1,0,0,1,1,,,35,0,0,0,0,0,1,2,13
,2015_50465,39.63556,-104.893319,3/16/2015 15:00,15:00,12,0,0,I-225 & 3500 S,1,1,0,0,1,4,,,65,0,0,0,0,0,1,2,3
,2015_50466,39.635937,-104.892083,4/17/2015 1:17,1:17,5,0,0,I-225 & TAMARAC ST S,6,3,0,2,2,4,,,65,0,0,0,0,0,1,1,7
,2015_50480,39.782844,-104.966689,1/20/2015 11:05,11:05,12,0,0,BRIGHTON BLVD & 4700 BLK,1,1,0,0,1,4,,,30,0,0,0,0,0,2,2,3
,2015_50483,39.782701,-104.900681,2/23/2015 14:55,14:55,14,0,0,I-270 & QUEBEC ST/NORTHFIELD,2,1,0,0,1,4,,,55,0,0,0,0,0,1,2,13
,2015_50490,39.652973,-104.954457,3/5/2015 11:20,11:20,12,0,0,HAMPDEN AVE 2600 BLK E & UNIVERSITY BLVD S,1,1,0,0,1,4,,,45,0,0,0,0,1,2,3,13
,2015_50492,39.652978,-104.919053,4/6/2015 14:48,14:48,15,0,0,HAMPDEN AVE E & I-25 SB RAMPS,1,1,1,0,1,1,,,35,0,0,0,0,0,2,2,13
,2015_50493,39.652979,-104.917736,8/17/2015 10:04,10:04,12,0,0,HAMPDEN AVE & I-25 NB OFF RAMP,1,1,0,0,1,1,,,35,0,0,0,0,0,2,2,13
,2015_50494,39.758704,-105.025134,8/11/2015 14:30,14:30,12,0,0,FEDERAL BLVD N & 29TH AVE W,1,1,0,0,1,4,,,35,0,0,0,0,1,2,2,13
,2015_50495,39.763205,-105.025164,1/8/2015 15:09,15:09,12,0,0,FEDERAL BLVD & 3300 N,1,1,1,0,1,4,,,35,0,0,0,0,0,2,3,13
,2015_50496,39.769244,-105.025232,4/20/2015 16:20,16:20,12,0,0,FEDERAL BLVD N & 38TH AVE W,1,1,0,0,1,4,,,35,0,0,0,0,0,2,2,13
,2015_50497,39.770229,-105.025234,4/16/2015 16:47,16:47,15,0,0,FEDERAL BLVD N & DENVER PL W,2,1,0,2,1,3,,,35,0,0,0,0,1,2,2,13
,2015_50685,0,0,4/12/2015 21:56,21:56,12,0,0,1ST AVE W & PERRY ST N,1,3,0,7,1,1,,,25,0,0,0,0,0,4,2,16
,2015_50686,0,0,1/21/2015 16:47,16:47,14,0,0,1ST AVE W & WOLFF ST N,5,2,1,2,1,1,,,30,0,0,0,0,1,4,3,1
,2015_50687,0,0,6/7/2015 23:52,23:52,5,0,1,3RD AVE & 1200 BLK W,1,3,2,0,3,4,,,35,0,0,0,0,2,4,1,13