id,drcog_id,latitude,longitude,crashtime,time,crashtype,numbkilled,numbinjurd,drcoglocat,rdconditin,lightngcon,roadcntgrd,weatherco,location,roaddescrp,schoolzone,constrzone,splimit,bikeinv,pedinv,sctrinv,motoinv,svrty,rdsystem,ttlvehcls,hcf
,2015_50688,0,0,3/31/2015 7:54,7:54,12,0,0,7TH AVE W & KALAMATH ST N,1,1,0,7,1,4,,,25,0,0,0,0,0,4,2,14
,2015_50689,0,0,1/3/2015 16:14,16:14,12,0,0,7TH AVE W & PERRY ST N,4,2,1,2,1,4,,,35,0,0,0,0,0,4,2,16
,2015_50690,0,0,9/29/2015 8:30,8:30,3,0,0,8TH AVE & 2500 BLK W,1,1,1,0,1,2,,,30,0,0,0,0,0,4,3,13
,2015_50691,0,0,4/24/2015 20:58,20:58,3,0,0,8TH AVE W & BROADWAY ST N,1,3,0,7,1,1,,,35,0,0,0,0,0,4,2,16
,2015_50692,0,0,7/11/2015 15:00,15:00,15,0,0,8TH AVE E & BROADWAY ST N,1,1,0,0,1,1,,,30,0,0,0,0,0,4,2,13
,2015_50693,0,0,4/9/2015 9:40,9:40,11,0,1,9TH AVE E & CHERRY ST N,1,1,0,0,1,1,,,25,0,1,0,0,2,4,2,7
,2015_50694,0,0,2/11/2015 7:49,7:49,8,0,0,9TH AVE W & MEADE ST N,2,1,0,0,1,1,,,25,0,0,0,0,0,4,2,14
,2015_50695,0,0,6/20/2015 14:20,14:20,12,0,0,11TH AVE & 400 BLK W,1,1,0,0,1,3,,,30,0,0,0,0,0,4,2,13
,2015_50696,0,0,5/8/2015 8:35,8:35,3,0,0,10TH AVE E & PEARL ST N,2,1,0,0,1,1,,,30,0,0,0,0,0,4,3,13
,2015_50697,0,0,3/17/2015 11:30,11:30,3,0,0,13TH AVE E & LEYDEN ST N,1,1,0,0,1,1,,,25,0,0,0,0,0,4,2,3
,2015_50698,0,0,5/28/2015 12:57,12:57,3,0,0,13TH AVE E & LINCOLN ST N,1,1,0,7,1,1,,,30,0,0,0,0,0,4,2,16
,2015_50699,0,0,8/13/2015 2:55,2:55,5,0,0,W ADA PL & KNOX CT S,1,3,0,0,3,1,,,25,0,0,0,0,0,4,1,1
,2015_50700,0,0,5/12/2015 14:20,14:20,15,0,0,13TH AVE W & SPEER BLVD,1,1,0,7,1,1,,,30,0,0,0,0,0,4,2,16
,2015_50701,0,0,1/28/2015 16:57,16:57,3,0,0,13TH AVE W & VRAIN ST N,1,2,1,7,1,1,,,25,0,0,0,0,0,4,2,16
,2015_50702,0,0,5/29/2015 13:00,13:00,12,0,0,14TH AVE E & MONACO ST,1,1,0,7,1,3,,,30,0,0,0,0,1,4,3,16
,2015_50703,0,0,3/5/2015 6:27,6:27,3,0,0,14TH AVE W & OSCEOLA ST N,5,2,0,7,1,1,,,30,0,0,0,0,0,4,2,14
,2015_50704,0,0,5/15/2015 8:10,8:10,15,0,0,17TH AVE E 00 BLK & LINCOLN ST N,1,1,0,0,1,3,,,30,0,0,0,0,0,4,2,14
,2015_50705,0,0,7/4/2015 13:24,13:24,3,0,0,17TH AVE E & OGDEN ST N,1,1,0,7,1,1,,,30,0,0,0,0,0,4,2,16
,2015_50706,0,0,2/28/2015 22:45,22:45,10,0,0,18TH AVE E & LINCOLN ST N,2,3,0,0,1,1,,,30,0,0,0,0,0,4,2,13
,2015_50707,0,0,3/12/2015 16:40,16:40,6,0,0,22ND AVE & 2200 BLK E,1,1,0,0,1,3,,,25,0,0,0,0,0,4,2,10
,2015_50708,0,0,6/8/2015 18:25,18:25,10,0,0,24TH AVE & STOUT ST,1,1,0,0,1,1,,,35,0,0,0,0,0,4,2,3
,2015_50709,0,0,3/2/2015 17:01,17:01,6,0,0,25TH AVE & 2600 BLK W,1,1,1,0,1,4,,,25,0,0,0,0,0,4,2,13
,2015_50710,0,0,3/8/2015 8:30,8:30,6,0,1,28TH AVE E & CENTRAL PARK BLVD N,1,1,0,7,1,4,,,35,0,0,0,0,2,4,2,16
,2015_50711,0,0,6/10/2015 12:18,12:18,12,0,0,38TH AVE & 3000 BLK W,1,1,1,0,1,4,,,30,0,0,0,0,1,4,3,13
,2015_50712,0,0,4/14/2015 15:12,15:12,1,0,0,38TH AVE & 5000 BLK W,1,1,0,0,1,2,,,35,0,0,0,0,0,4,2,3
,2015_50713,0,0,5/12/2015 17:51,17:51,6,0,0,38TH AVE E & ELM ST N,1,1,0,0,1,4,,,30,0,0,0,0,0,4,2,14
,2015_50714,0,0,3/15/2015 16:44,16:44,3,0,1,38TH AVE W & TEJON ST N,1,1,0,7,1,1,,,35,0,0,0,1,2,4,2,16
,2015_50715,0,0,2/27/2015 6:18,6:18,3,0,0,40TH AVE E & KITTREDGE ST N,5,1,0,2,1,1,,,35,0,0,0,0,0,4,2,7
,2015_50716,0,0,2/2/2015 13:25,13:25,3,0,0,40TH AVE E & SALIDA ST N,1,1,0,0,1,1,,,30,0,0,0,0,1,4,2,13
,2015_50717,0,0,4/1/2015 19:50,19:50,6,0,0,41ST AVE W & HOOKER ST N,1,4,0,7,1,4,,,30,0,0,0,0,0,4,3,16
,2015_50718,0,0,1/9/2015 15:06,15:06,10,0,0,44TH AVE E & JOSEPHINE ST N,2,1,1,0,1,1,,,30,0,0,0,0,0,4,2,13
,2015_50719,0,0,6/11/2015 10:05,10:05,5,0,0,45TH AVE E & HAVANA ST N,1,1,0,0,3,1,,,45,0,0,0,0,0,4,1,13
,2015_50720,0,0,2/17/2015 14:01,14:01,12,0,0,47TH AVE E & HAVANA ST N,1,1,0,7,1,1,,,35,0,0,0,0,0,4,2,16
,2015_50721,0,0,4/22/2015 6:55,6:55,12,0,0,47TH AVE E & HAVANA ST N,1,1,1,7,1,1,,,40,0,0,0,0,0,4,2,16
,2015_50722,0,0,3/30/2015 9:59,9:59,3,0,0,ALAMEDA AVE W & CHEROKEE ST S,1,1,0,0,1,1,,,30,0,0,0,0,0,4,2,1
,2015_50723,0,0,7/17/2015 17:47,17:47,12,0,0,ALAMEDA AVE 4900 BLK E & ELM ST S,1,1,1,7,1,4,,,35,0,0,0,0,0,4,2,16
,2015_50724,0,0,1/4/2015 11:47,11:47,3,0,0,ALAMEDA AVE E & EMERSON ST S,5,1,1,7,1,1,,,35,0,0,0,0,0,4,2,16
,2015_50725,0,0,1/11/2015 4:35,4:35,3,0,0,ALAMEDA AVE E & LINCOLN ST S,1,3,0,7,1,1,,,30,0,0,0,0,0,4,2,3
,2015_50726,0,0,2/20/2015 15:38,15:38,12,0,0,ANDREWS DR 14500 BLK E & DURHAM CT,1,1,0,0,1,4,,,25,0,0,0,0,0,4,2,13
,2015_50727,0,0,2/13/2015 18:16,18:16,12,0,0,ARAPAHOE ST 1300 BLK & 14TH ST,1,3,1,7,1,4,,,30,0,0,0,0,1,4,3,16
,2015_50728,0,0,6/18/2015 13:00,13:00,12,0,0,BRIGHTON BLVD & 3700 BLK N,1,1,0,0,1,4,,,35,0,0,0,0,0,4,2,13
,2015_50729,0,0,4/12/2015 2:00,2:00,15,1,0,BROADWAY ST (100 BLK N) & 2ND AVE W,2,3,0,0,1,4,,,30,0,0,0,1,4,4,2,1
,2015_50730,0,0,10/9/2015 18:20,18:20,6,0,0,ARAPAHOE ST 1400 BLK & 14TH ST,1,2,1,7,1,4,,,25,0,0,0,0,0,4,2,14
,2015_50731,0,0,3/25/2015 18:07,18:07,3,0,0,BROADWAY ST S & ARIZONA AVE E,1,1,0,7,1,1,,,25,0,0,0,0,1,4,2,3
,2015_50732,0,0,8/3/2015 8:00,8:00,6,0,0,BROADWAY ST S & BAYAUD AVE E,1,1,0,7,1,4,,,30,0,0,0,0,0,4,2,16
,2015_50733,0,0,12/25/2015 0:41,0:41,6,0,0,CEDAR AVE & 6790 E,1,3,0,0,5,7,,,15,0,0,0,0,0,3,2,1
,2015_50734,0,0,1/22/2015 8:45,8:45,12,0,0,CEDAR AVE W & CLAY ST,5,1,1,0,1,1,,,25,0,0,0,0,0,4,2,7
,2015_50735,0,0,7/29/2015 2:32,2:32,5,0,0,CENTRAL PARK 2400 BLK N & VERBENA ST,1,3,0,0,3,4,,,35,0,0,0,0,0,4,1,13
,2015_50736,0,0,6/3/2015 13:39,13:39,15,0,0,CLINTON ST S & ALTON WAY S,1,1,0,0,1,4,,,20,0,0,0,0,0,4,2,3
,2015_50737,0,0,8/1/2015 8:20,8:20,6,0,0,COLUMBINE ST N & 29TH AVE E,1,3,0,7,1,4,,,25,0,0,0,0,0,4,2,16
,2015_50738,0,0,3/31/2015 10:12,10:12,12,0,0,DAHLIA ST N & 48TH AVE E,1,1,0,7,1,3,,,25,0,0,0,0,0,4,2,16
,2015_50739,0,0,11/21/2015 14:56,14:56,10,0,0,DOWNING ST & SPEER BLVD,1,1,0,1,1,4,,,30,0,0,0,0,0,4,2,13
,2015_50740,0,0,2/24/2015 7:07,7:07,15,0,0,DOWNING ST & 1100 BLK,5,1,0,0,1,4,,,25,0,0,0,0,0,4,2,13
,2015_50741,0,0,3/2/2015 9:50,9:50,12,0,0,DOWNING ST & 1800 BLK N,1,1,1,0,1,4,,,30,0,0,0,0,0,4,2,13
,2015_50742,0,0,8/28/2015 1:00,1:00,6,0,0,EMERSON ST N 1020 & 10TH AVE E,1,1,0,7,1,4,,,30,0,0,0,0,0,4,2,16
,2015_50743,0,0,1/16/2015 21:30,21:30,12,0,0,DOWNING ST N & LAWRENCE ST,1,3,0,7,1,1,,,25,0,0,0,0,0,4,2,16
,2015_50744,0,0,9/11/2015 16:00,16:00,6,0,0,EMERSON ST S & WARREN AVE E,1,1,0,7,1,4,,,25,0,0,0,0,0,4,2,16
,2015_50745,0,0,6/11/2015 18:18,18:18,3,0,0,EVANS AVE & 5800 BLK E,2,1,0,1,1,2,,,35,0,0,0,0,1,4,2,13
,2015_50746,0,0,5/30/2015 11:31,11:31,12,0,1,EVANS AVE E & DAHLIA ST S,1,1,0,0,1,4,,,30,0,0,0,1,2,4,3,3
,2015_50747,0,0,2/1/2015 0:23,0:23,8,0,0,EVANS AVE E & JASMINE ST S,4,3,1,2,1,4,,,35,0,0,0,0,0,4,3,7
,2015_50748,0,0,3/31/2015 16:55,16:55,3,0,0,EVANS AVE 2300 BLK E & UNIVERSITY BLVD S,1,1,0,0,1,5,,,25,0,0,0,0,0,4,2,13
,2015_50749,0,0,4/9/2015 4:45,4:45,5,0,0,FAIRPLAY ST N & 56TH AVE E,1,4,0,0,3,4,,,35,0,0,0,0,0,4,1,2
,2015_50750,0,0,6/20/2015 15:22,15:22,6,0,0,FILBERT COURT 1500 BLK N & 16TH AVE E,1,1,0,7,1,1,,,25,0,0,0,0,0,4,2,10
,2015_50751,0,0,7/30/2015 9:20,9:20,6,0,0,GILPIN ST 900 BLK S & KENTUCKY AVE E,1,1,0,7,1,4,,,25,0,0,0,0,0,4,2,16
,2015_50752,0,0,2/6/2015 9:11,9:11,12,0,0,GLOBEVILLE RD 500 BLK W & PARK AVE W,1,1,0,7,1,4,,,30,0,0,0,0,0,4,2,16
,2015_50753,0,0,3/2/2015 11:34,11:34,3,0,0,GLOBEVILLE RD N & PARK AVE W,2,1,1,0,1,1,,,30,0,0,0,0,0,4,2,13
,2015_50754,0,0,4/3/2015 7:15,7:15,12,0,0,HAVANA WAY 11200 BLK & LIMA ST,2,1,0,0,1,3,,,30,0,0,0,0,1,4,2,8
,2015_50755,0,0,2/23/2015 13:52,13:52,3,0,1,HAVANA ST N & MLK BLVD E,6,1,1,7,1,1,,,30,0,0,0,0,2,4,2,14
,2015_50756,0,0,3/27/2015 14:30,14:30,12,0,0,HOLLY ST 1500 BLK S & IOWA AVE E,1,1,0,7,1,4,,,30,0,0,0,1,0,4,2,14
,2015_50757,0,0,3/9/2015 13:40,13:40,5,0,0,HOLLY ST N & SMITH RD E,1,1,0,7,1,1,,,30,0,0,0,0,0,4,1,16
,2015_50758,0,0,9/10/2015 15:43,15:43,1,0,0,ILIFF AVE E & JOSEPHINE ST S,1,1,0,0,1,1,,,30,0,0,0,0,1,4,2,1
,2015_50759,0,0,6/20/2015 23:00,23:00,6,0,0,INCA ST 500 BLK N & 6TH AVE W,1,3,0,7,1,4,,,25,0,0,0,0,0,4,2,16
,2015_50760,0,0,1/2/2015 13:16,13:16,6,0,0,IRVING ST & 800 N,5,1,1,0,1,4,,,25,0,0,0,0,0,4,2,13
,2015_50761,0,0,3/29/2015 19:20,19:20,12,0,0,JACKSON GAP ST N & PENA BLVD,1,3,0,7,1,1,,,30,0,0,0,0,1,4,2,16
,2015_50762,0,0,7/10/2015 18:01,18:01,12,0,0,JEWELL AVE W & STUART ST S,1,1,0,7,1,1,,,35,0,0,0,0,0,4,2,16
,2015_50763,0,0,10/5/2015 23:38,23:38,6,0,0,JOSEPHINE ST & 1095 S,1,3,0,7,1,4,,,25,0,0,0,0,0,4,2,5
,2015_50764,0,0,1/10/2015 22:39,22:39,3,0,0,N JULIAN ST & 32ND AVE W,1,3,0,7,1,1,,,30,0,0,0,0,0,4,2,16
,2015_50765,0,0,6/21/2015 21:53,21:53,14,0,0,JULIAN ST S & MISSISSIPPI AVE W,1,4,0,7,1,4,,,25,0,0,0,0,1,4,2,5
,2015_50766,0,0,5/5/2015 15:35,15:35,10,0,0,KALAMATH ST N & 6TH AVE W,2,1,0,1,1,1,,,30,0,0,0,0,0,4,2,8
,2015_50767,0,0,5/9/2015 11:55,11:55,12,0,0,KNOX CT N & 1ST AVE W,1,1,1,7,1,4,,,30,0,0,0,0,0,4,2,3
,2015_50768,0,0,2/26/2015 3:45,3:45,5,0,0,KNOX CT S & ALAMEDA AVE W,5,1,1,2,3,4,,,30,0,0,0,0,0,4,1,1
,2015_50769,0,0,1/10/2015 3:00,3:00,5,0,0,KRAMERIA ST & 2801 BLK N,5,3,0,0,2,4,,,25,0,0,0,0,0,4,1,1
,2015_50770,0,0,6/2/2015 6:02,6:02,3,0,2,LAFAYETTE ST N & PARK AVE,1,1,0,0,1,1,,,25,0,0,0,0,3,4,2,14
,2015_50771,0,0,3/6/2015 10:07,10:07,10,0,0,LINCOLN ST N & 6TH AVE E,1,1,0,0,1,1,,,35,0,0,0,0,0,4,2,8
,2015_50772,0,0,11/1/2015 0:00,0:00,11,0,0,MARKET ST & 15TH ST,1,3,0,0,1,1,,,25,0,1,0,0,1,4,3,1
,2015_50773,0,0,4/4/2015 21:32,21:32,12,0,0,MAXWELL PL E & CHAMBERS RD N,1,3,0,7,1,1,,,25,0,0,0,0,0,4,2,16
,2015_50774,0,0,1/6/2015 7:33,7:33,12,0,0,MEXICO AVE E & S GARFIELD ST,5,1,0,7,1,1,,,30,0,0,0,0,0,4,2,16
,2015_50775,0,0,1/21/2015 7:20,7:20,15,0,0,MISSISSIPPI AVE & 900 BLK W,1,5,0,0,1,1,,,30,0,0,0,0,0,4,2,13
,2015_50776,0,0,3/14/2015 3:14,3:14,12,0,0,MISSISSIPPI AVE W & CHEROKEE ST S,1,3,3,7,1,1,,,25,0,0,0,0,1,4,2,16
,2015_50777,0,0,8/28/2015 19:52,19:52,5,0,0,MAXWELL PL E & BILLINGS ST N,1,3,0,0,2,1,,,30,0,0,0,0,0,4,1,13
,2015_50778,0,0,1/9/2015 6:52,6:52,12,0,0,MISSISSIPPI AVE 6400 BLK E & MONACO ST,5,2,0,2,1,3,,,30,0,0,0,0,0,4,2,13
,2015_50779,0,0,4/11/2015 17:14,17:14,12,0,0,MISSISSIPPI AVE E & UNIVERSITY BLVD S,1,1,0,7,1,4,,,25,0,0,0,0,0,4,3,5
,2015_50780,0,0,2/19/2015 12:40,12:40,12,0,0,MONACO ST S & EXPOSITION AVE W,1,1,0,7,1,4,,,30,0,0,0,0,0,4,2,3
,2015_50781,0,0,1/7/2015 1:07,1:07,12,0,0,MONTVIEW BLVD & 7200 E,2,1,0,0,1,4,,,30,0,0,0,0,0,4,2,13
,2015_50782,0,0,4/1/2015 10:10,10:10,12,0,0,MONTVIEW BLVD E & BEELER ST N,1,1,0,7,1,4,,,20,0,0,0,0,0,4,2,3
,2015_50783,0,0,2/21/2015 0:14,0:14,11,0,0,OGDEN ST 1400 BLK N & 14TH AVE E,2,4,0,2,1,4,,,25,0,1,0,0,1,4,2,13
,2015_50784,0,0,6/25/2015 16:48,16:48,11,0,0,OHIO AVE E & UNIVERSITY BLVD S,1,1,0,0,1,1,,,25,0,1,0,0,1,4,2,4
,2015_50785,0,0,1/7/2015 9:05,9:05,1,0,1,PEORIA ST 4600 BLK N & 47TH AVE E,5,1,0,2,1,1,,,35,0,0,0,0,3,4,2,16
,2015_50786,0,0,2/20/2015 13:25,13:25,5,0,0,PEORIA ST N & ALBROOK DR E,1,1,1,0,3,1,,,40,0,0,0,0,0,4,2,13
,2015_50787,0,0,4/27/2015 14:42,14:42,12,0,0,QUEBEC ST 5400 BLK N & 53RD PL E,1,1,0,7,1,4,,,40,0,0,0,0,0,4,2,16
,2015_50788,0,0,3/28/2015 21:50,21:50,1,0,0,QUEBEC ST S & S QUEBEC WAY,1,3,0,7,1,1,,,35,0,0,0,0,0,4,3,7
,2015_50789,0,0,4/13/2015 7:18,7:18,3,0,0,RANDOLPH PL E & WORCHESTER ST N,1,1,0,7,1,1,,,25,0,0,0,0,1,4,3,14
,2015_50790,0,0,2/27/2015 9:03,9:03,10,0,0,14TH ST 700 BLK & CALIFORNIA ST,5,1,0,2,1,5,,,30,0,0,0,0,0,4,2,8
,2015_50792,0,0,6/25/2015 15:56,15:56,15,0,0,14TH ST 800 BLK & STOUT ST,1,1,0,0,1,4,,,25,0,0,0,0,0,4,2,13
,2015_50793,0,0,6/15/2015 17:50,17:50,14,0,0,17TH ST 400 BLK & GLENARM PL,2,2,0,1,1,5,,,30,0,0,0,0,0,4,2,1
,2015_50794,0,0,3/31/2015 0:28,0:28,12,0,0,17TH ST 1200 BLK & LAWRENCE ST,1,3,0,7,1,1,,,30,0,0,0,0,0,4,2,1
,2015_50795,0,0,1/3/2015 0:05,0:05,12,0,0,17TH ST & WAZEE ST,5,3,1,0,1,4,,,30,0,0,0,0,0,4,2,5
,2015_50796,0,0,5/10/2015 0:35,0:35,12,0,0,17TH ST & WYNKOOP ST,4,3,0,2,1,1,,,25,0,0,0,0,0,4,2,14
,2015_50797,0,0,5/24/2015 2:06,2:06,12,0,0,20TH ST & LITTLE RAVEN ST,1,3,1,7,1,4,,,30,0,0,0,0,0,4,2,14
,2015_50798,0,0,3/12/2015 20:23,20:23,10,0,0,20TH ST & WELTON ST,1,3,0,0,1,1,,,30,0,0,0,0,0,4,2,8
,2015_50799,0,0,3/20/2015 8:15,8:15,3,0,0,21ST ST & CURTIS ST,1,1,0,7,1,1,,,25,0,0,0,0,0,4,2,8
,2015_50800,0,0,1/26/2015 18:12,18:12,3,0,0,25TH ST & LARIMER ST,1,3,0,7,1,1,,,25,0,0,0,0,1,4,3,16
,2015_50801,0,0,2/20/2015 8:20,8:20,12,0,0,SANTA FE DR 300 BLK S & ALAMEDA AVE W,1,1,0,0,1,4,,,25,0,0,0,0,0,4,2,13
,2015_50802,0,0,2/17/2015 7:40,7:40,8,0,0,SMITH RD 10800 BLK E & HAVANA ST N,5,1,0,7,1,4,,,35,0,0,0,0,0,4,2,16
,2015_50803,0,0,6/10/2015 15:56,15:56,3,0,0,SPEER BLVD N & BANNOCK ST N,1,1,0,7,1,1,,,30,0,0,0,0,0,4,2,3
,2015_50804,0,0,7/22/2015 15:34,15:34,12,0,0,SPEER BLVD 1200 BLK E & DOWNING ST N,1,1,1,7,1,3,,,30,0,0,0,0,0,4,2,3
,2015_50805,0,0,4/17/2015 17:48,17:48,15,0,0,STOUT ST 2200 BLK & PARK AVE W,1,1,0,0,1,4,,,30,0,0,0,0,0,4,2,1
,2015_50806,0,0,3/8/2015 21:00,21:00,12,0,0,SYRACUSE ST 3100 BLK N & MLK BLVD E,1,3,0,7,1,4,,,30,0,0,0,0,1,4,2,5
,2015_50807,0,0,1/3/2015 17:55,17:55,3,0,0,UNIVERSITY BLVD & 1ST AVE E,5,3,0,2,1,1,,,30,0,0,0,0,0,4,2,13
,2015_50808,0,0,1/20/2015 21:30,21:30,3,0,0,UNIVERSITY BLVD S & ARKANSAS AVE E,1,3,0,0,1,1,,,30,0,0,0,0,0,4,2,13
,2015_50809,0,0,3/22/2015 16:14,16:14,12,0,0,UNIVERSITY BLVD 100 S & CHERRY CREEK DR N E,1,1,0,7,1,1,,,30,0,0,0,0,1,4,2,14
,2015_50810,0,0,8/22/2015 13:50,13:50,15,0,0,WASHINGTON ST N & 47TH AVE W,1,1,0,0,1,3,,,30,0,0,0,0,0,4,2,13
,2015_50811,0,0,1/20/2015 14:40,14:40,6,0,0,WASHINGTON ST 1100 BLK S & 1152 S WASHINGTON ST,1,2,0,7,1,4,,,25,0,0,0,0,0,4,2,5
,2015_50812,0,0,2/27/2015 8:20,8:20,12,0,0,WASHINGTON ST & 4500 BLK,1,1,0,2,1,4,,,30,0,0,0,0,0,4,2,13
,2015_50813,0,0,4/27/2015 16:23,16:23,12,0,0,YATES ST N & 38TH AVE W,1,1,0,0,1,1,,,25,0,0,0,0,0,4,2,13
,2015_50814,0,0,4/22/2015 23:35,23:35,10,0,0,YORK ST N & 14TH AVE E,1,3,0,0,1,1,,,30,0,0,0,0,0,4,2,8
,2015_50815,0,0,5/3/2015 2:05,2:05,5,0,0,YOSEMITE ST & 3100 BLK S,1,3,0,0,3,4,,,35,0,0,0,0,1,4,1,14
,2015_50884,0,0,12/26/2015 14:00,14:00,6,0,0,34TH AVE & 3300 BLK W,1,1,1,7,1,4,,,25,0,0,0,0,0,4,2,16
,2015_50943,39.688003,-104.940549,2/9/2015 17:53,17:53,12,0,0,COLORADO BLVD 1500 BLK S & IOWA AVE E,1,3,1,0,1,4,,,40,0,0,0,0,0,2,2,3
,2015_50944,39.689028,-104.940549,7/10/2015 12:18,12:18,12,0,0,COLORADO BLVD 1500 BLK S & FLORIDA AVE E,1,1,1,0,1,4,,,30,0,0,0,0,0,2,2,3
,2015_50945,39.696625,-104.940562,5/11/2015 18:12,18:12,11,0,0,COLORADO BLVD S & MISSISSIPPI AVE E,1,1,0,0,1,1,,,30,0,1,0,0,1,2,2,13
,2015_50946,39.703432,-104.940622,4/22/2015 12:05,12:05,3,0,0,COLORADO BLVD 700 BLK S & EXPOSITION AVE E,1,1,1,0,1,2,,,30,0,0,0,0,0,2,2,14
,2015_50947,39.71149,-104.940627,9/17/2015 15:35,15:35,12,0,0,COLORADO BLVD S & ALAMEDA AVE E,1,1,0,0,1,1,,,35,0,0,0,0,0,2,2,3
,2015_50948,39.717824,-104.940628,2/25/2015 19:19,19:19,3,0,0,1ST AVE E & COLORADO BLVD N,4,3,1,2,1,1,,,30,0,0,0,0,0,2,2,13
,2015_50949,39.726797,-104.940628,1/8/2015 16:05,16:05,12,0,0,COLORADO BLVD 700 N & 7TH AVE E,1,1,0,0,1,1,,,30,0,0,0,0,0,2,2,13
,2015_50950,39.729182,-104.940625,6/3/2015 14:45,14:45,2,0,1,COLORADO BLVD N & 8TH AVE E,1,1,0,0,1,1,,,35,1,0,0,0,3,2,2,7
,2015_50951,39.74372,-104.940608,7/6/2015 23:38,23:38,12,0,1,17TH AVE E & COLORADO BLVD N,1,3,0,0,1,1,,,30,0,0,0,0,2,2,2,5
,2015_50952,39.747364,-104.940604,2/21/2015 15:52,15:52,1,0,0,COLORADO BLVD N & MONTVIEW BLVD E,4,1,0,2,1,1,,,35,0,0,0,0,0,2,2,13
,2015_50953,39.779118,-104.940517,4/17/2015 8:20,8:20,15,0,0,COLORADO BLVD N & I-70 EB OFF RAMP,2,1,0,1,1,1,,,40,0,0,0,0,0,2,2,7
,2015_50955,39.725457,-105.032462,7/14/2015 15:12,15:12,15,0,0,6TH AVE W & KNOX CT N,1,1,0,0,1,4,,,45,0,0,0,0,0,2,2,1
,2015_50960,39.725655,-105.053326,4/6/2015 7:13,7:13,12,0,0,6TH AVE W & SHERIDAN BLVD,1,1,1,0,1,4,,,65,0,0,0,0,0,2,2,3
,2015_50981,39.645733,-104.914039,8/3/2015 7:26,7:26,5,0,1,I-25 & MANSFIELD AVE E (NOT IN TCORIS,1,1,0,0,3,4,,,65,0,0,0,0,3,1,1,10
,2015_50982,39.651616,-104.917467,2/16/2015 5:55,5:55,15,0,0,I-25 & HAMPDEN AVE E,4,3,0,2,1,4,,,65,0,0,0,0,0,1,2,7
,2015_50983,39.653075,-104.918243,7/29/2015 13:05,13:05,12,0,0,I-25 & HAMPDEN AVE E,1,1,0,0,1,4,,,55,0,0,0,0,0,1,4,2
,2015_50985,39.682026,-104.937582,2/28/2015 11:26,11:26,12,0,0,I-25 & MM 203,1,1,0,0,1,4,,,60,0,0,0,0,0,1,2,12
,2015_50986,39.683106,-104.940515,6/7/2015 12:40,12:40,15,0,0,I-25 & COLORADO BLVD,1,1,0,0,1,4,,,60,0,0,0,0,1,1,2,14
,2015_50987,39.68492,-104.959513,7/21/2015 18:30,18:30,12,0,0,I-25 & UNIVERSITY BLVD S,1,1,0,0,1,4,,,55,0,0,0,0,0,1,2,13
,2015_50988,39.684898,-104.960282,1/14/2015 7:45,7:45,12,0,0,I-25 & UNIVERSITY BLVD S,2,2,1,0,1,8,,,30,0,0,0,0,0,1,2,13
,2015_50989,39.685459,-104.963911,7/12/2015 0:50,0:50,15,0,0,I-25 NB ON RAMP & UNIVERSITY BLVD S,1,3,0,0,1,8,,,55,0,0,0,0,0,1,2,13
,2015_50990,39.704227,-104.993574,4/12/2015 13:13,13:13,15,0,0,I-25 & SANTA FE DR S SB RAMP ENT PT,1,1,1,0,1,4,,,55,0,0,0,0,0,1,2,14
,2015_50991,39.707122,-104.996782,9/10/2015 15:14,15:14,12,0,0,I-25 NB ON RAMP FLYOVER & SANTA FE DR S,1,1,1,7,1,8,,,55,0,0,0,0,0,1,2,1
,2015_50992,39.707122,-104.996782,10/15/2015 5:10,5:10,11,0,1,I-25 & SANTA FE DR S,1,3,1,0,1,4,,,,0,1,0,0,3,1,2,13
,2015_50993,39.720423,-105.007516,6/29/2015 11:54,11:54,12,0,0,I-25 & 2ND AVE W (NOT IN CORIS),1,1,0,0,1,4,,,55,0,0,0,0,0,1,2,13
,2015_50994,39.721072,-105.008211,7/16/2015 8:52,8:52,12,0,0,I-25 & 3RD AVE W,1,1,1,0,1,4,,,55,0,0,0,0,0,1,2,13
,2015_50995,39.72543,-105.013021,10/8/2015 19:10,19:10,15,0,0,I-25 & 6TH AVE W,1,3,0,0,1,4,,,55,0,0,0,0,0,1,2,16
,2015_50996,39.724909,-105.012637,6/23/2015 15:42,15:42,15,0,0,I-25 NB/SB OFF RAMP & 6TH AVE,1,1,1,0,1,8,,,35,0,0,0,0,0,1,2,13
,2015_50997,39.72543,-105.013021,3/10/2015 6:00,6:00,15,0,0,I-25 & 6TH AVE W,1,2,1,0,1,4,,,55,0,0,0,0,0,1,2,1
,2015_50998,39.731543,-105.015521,6/19/2015 11:20,11:20,15,0,0,I-25 & MULBERRY PL W,1,1,1,0,1,4,,,55,0,0,0,0,0,1,2,13
,2015_50999,39.743467,-105.016086,8/21/2015 17:28,17:28,12,0,0,I-25 & 17TH AVE W,1,1,1,0,1,4,,,55,0,0,0,0,1,1,3,13
,2015_51000,39.74035,-105.013939,4/1/2015 17:13,17:13,12,0,0,I-25 & COLFAX AVE W,1,1,0,0,1,4,,,55,0,0,0,0,0,1,2,13
,2015_51001,39.751291,-105.016572,4/30/2015 9:45,9:45,12,0,0,I-25 SB RAMPS & 23RD AVE W,1,1,1,0,1,1,,,35,0,0,0,0,0,1,2,13
,2015_51002,39.758562,-105.007989,12/29/2015 12:30,12:30,6,0,0,I-25 SB ON RAMP & 20TH ST,1,1,0,0,1,8,,,,0,0,0,0,0,1,2,13
,2015_51003,39.755141,-105.012706,7/18/2015 19:45,19:45,12,0,0,SPEER BLVD N & I-25 SB RAMPS,1,1,0,0,1,3,,,35,0,0,0,0,0,1,2,5
,2015_51004,39.760997,-105.004275,3/9/2015 17:26,17:26,12,0,1,I-25 & 20TH ST,1,1,0,0,1,4,,,55,0,0,0,0,2,1,3,3