id,drcog_id,latitude,longitude,crashtime,time,crashtype,numbkilled,numbinjurd,drcoglocat,rdconditin,lightngcon,roadcntgrd,weatherco,location,roaddescrp,schoolzone,constrzone,splimit,bikeinv,pedinv,sctrinv,motoinv,svrty,rdsystem,ttlvehcls,hcf
,2015_51005,39.760997,-105.004275,5/18/2015 6:40,6:40,15,0,0,I-25 & 20TH ST,2,1,0,1,1,4,,,55,0,0,0,0,1,1,2,2
,2015_51006,39.768039,-104.994788,1/16/2015 15:41,15:41,15,0,0,I-25 SB & PARK AVE WEST,1,1,0,0,1,4,,,55,0,0,0,0,0,1,2,13
,2015_51007,39.768039,-104.994788,7/10/2015 9:04,9:04,12,0,0,I-25 & FOX ST N,1,1,0,0,1,4,,,55,0,0,0,0,0,1,3,7
,2015_51023,39.711271,-105.051006,1/23/2015 15:30,15:30,12,0,0,ALAMEDA AVE W & YATES ST S,1,1,0,0,1,1,,,35,0,0,0,0,0,2,2,1
,2015_51024,39.711242,-105.049153,1/31/2015 23:15,23:15,15,0,0,ALAMEDA AVE W & WEIR DR,4,3,1,2,1,4,,,30,0,0,0,0,0,2,2,13
,2015_51025,39.653077,-104.90904,7/7/2015 15:37,15:37,1,0,0,HAMPDEN AVE E & ONEIDA ST S,1,1,0,0,1,1,,,40,0,0,0,0,0,2,2,7
,2015_51026,39.653087,-104.900115,6/5/2015 13:45,13:45,1,0,4,HAMPDEN AVE & 7500 BLK E,2,1,1,1,1,1,,,45,0,0,0,0,3,2,2,8
,2015_51034,39.786511,-104.900374,2/16/2015 17:55,17:55,8,0,0,NORTHFIELD BLVD E & QUEBEC ST,9,3,0,2,1,8,,,35,0,0,0,0,0,2,3,5
,2015_51036,39.785534,-104.89964,6/23/2015 20:00,20:00,15,0,0,NORTHFIELD QUEBEC ST N & NORTHFIELD BLVD E,1,3,0,1,1,3,,,40,0,0,0,0,0,2,2,13
,2015_51061,39.740349,-105.048558,1/17/2015 8:41,8:41,12,0,0,COLFAX AVE 4700 BLK W & WOLFF ST N,1,1,0,0,1,3,,,30,0,0,0,0,1,2,2,10
,2015_51062,39.740222,-105.009738,4/17/2015 23:40,23:40,12,0,0,COLFAX AVE W & I-25 NB ON RAMP,2,3,0,1,1,1,,,35,0,0,0,0,0,2,2,14
,2015_51063,39.740025,-104.998126,4/13/2015 18:47,18:47,15,0,0,COLFAX AVE 700 BLK W & SPEER BLVD N,1,1,0,0,1,1,,,35,0,0,0,0,0,2,2,13
,2015_51065,39.740041,-104.983517,4/20/2015 11:33,11:33,6,0,0,GRANT ST 1505 N & COLFAX AVE E,1,1,0,0,1,4,,,10,0,0,0,0,0,2,3,13
,2015_51066,39.740145,-104.948789,3/10/2015 7:36,7:36,1,0,0,COLFAX AVE E & ADAMS ST N (RD N),1,2,0,0,1,1,,,30,0,0,0,0,0,2,2,13
,2015_51100,39.783138,-105.006328,3/26/2015 12:11,12:11,3,0,0,48TH AVE W & PECOS ST N,1,5,0,0,1,6,,,35,0,0,0,0,0,1,2,14
,2015_51101,39.779895,-104.967089,3/22/2015 11:55,11:55,15,0,2,I-70 & BRIGHTON BLVD N,1,1,0,0,1,4,,,55,0,0,0,0,2,1,3,13
,2015_51102,39.779984,-104.946211,8/13/2015 6:42,6:42,12,0,0,I-70 EB ON RAMP MERGE LANE FROM & STEELE ST,1,1,1,0,1,4,,,35,0,0,0,0,1,1,2,1
,2015_51103,39.779944,-104.940633,5/6/2015 14:37,14:37,15,0,0,I-70 & COLORADO BLVD N,1,1,0,0,1,4,,,55,0,0,0,0,0,1,2,1
,2015_51104,39.779945,-104.94044,9/11/2015 18:00,18:00,12,0,0,I-70 & COLORADO BLVD N,1,1,0,0,1,4,,,55,0,0,0,0,0,1,2,13
,2015_51105,39.778289,-104.911859,6/5/2015 18:08,18:08,12,0,0,I-70 & MM 278,1,1,0,0,1,4,,,55,0,0,0,0,0,1,2,7
,2015_51106,39.7783,-104.903459,1/25/2015 10:59,10:59,5,0,0,I-70 & QUEBEC ST N,1,1,0,0,2,4,,,55,0,0,0,0,1,1,3,13
,2015_51107,39.778286,-104.897148,9/2/2015 1:55,1:55,6,0,0,I-70 & I-270,1,3,0,0,1,4,,,55,0,0,0,0,1,1,2,7
,2015_51108,39.776621,-104.877299,6/14/2015 21:52,21:52,12,0,1,I-70 & MM 280,1,3,0,0,1,4,,,55,0,0,0,0,2,1,3,12
,2015_51109,39.775623,-104.865778,2/27/2015 16:15,16:15,12,0,0,I-70 & HAVANA ST,1,1,0,0,1,4,,,55,0,0,0,0,0,1,2,14
,2015_51110,39.775623,-104.865778,3/18/2015 14:20,14:20,12,0,0,I-70 & HAVANA ST N,1,1,0,0,1,4,,,55,0,0,0,0,0,1,4,1
,2015_51111,39.775623,-104.865778,4/24/2015 13:21,13:21,12,0,0,I-70 WB OFF RAMP & HAVANA ST N,1,1,0,0,1,3,,,45,0,0,0,0,0,1,2,13
,2015_51112,39.774005,-104.847034,6/22/2015 15:05,15:05,12,0,1,I-70 & PEORIA ST N,1,1,1,0,1,4,,,55,0,0,0,0,2,1,2,13
,2015_51141,39.697938,-104.901833,5/5/2015 12:40,12:40,12,0,0,PARKER RD 1000 BLK S & QUEBEC ST S,2,1,1,1,1,4,,,40,0,0,0,0,0,2,3,13
,2015_51151,39.696853,-104.991825,7/28/2015 8:50,8:50,15,0,0,SANTA FE DR S & MISSISSIPPI AVE W,1,1,0,0,1,4,,,35,0,0,0,0,0,2,2,13
,2015_51152,39.699873,-104.992295,5/5/2015 8:05,8:05,12,0,0,SANTA FE DR S & CHEROKEE ST S,1,1,0,0,1,3,,,45,0,0,0,0,0,2,3,13
,2015_51157,39.731957,-105.025186,4/10/2015 22:56,22:56,15,0,0,FEDERAL BLVD 900 BLK N & 10TH AVE W,1,3,0,0,1,4,,,35,0,0,0,0,0,2,2,13
,2015_51158,39.731315,-105.025182,2/20/2015 11:55,11:55,3,0,0,FEDERAL BLVD 900 BLK N & 9TH AVE W,1,1,0,0,1,2,,,35,0,0,0,0,0,2,2,13
,2015_51159,39.730345,-105.025166,6/25/2015 13:55,13:55,12,0,0,FEDERAL BLVD N & BARBERRY PL W,1,1,0,0,1,3,,,35,0,0,0,0,0,2,2,13
,2015_51160,39.718099,-105.025158,6/11/2015 13:25,13:25,15,0,0,1ST AVE W & FEDERAL BLVD N,1,1,0,0,1,1,,,35,0,0,0,0,0,2,2,13
,2015_51161,39.691359,-105.025048,6/30/2015 16:20,16:20,12,0,0,FEDERAL BLVD S & ARKANSAS AVE W,1,1,0,0,1,1,,,25,0,0,0,0,0,2,2,13
,2015_51162,39.689251,-105.025057,6/11/2015 16:23,16:23,12,0,0,FEDERAL BLVD 1500 BLK S & FLORIDA AVE W,1,1,0,0,1,4,,,40,0,0,0,0,0,2,2,13
,2015_51163,39.687745,-105.025035,6/26/2015 21:40,21:40,12,0,1,FEDERAL BLVD S & IOWA AVE W,1,3,0,0,1,1,,,40,0,0,0,0,2,2,2,5
,2015_51164,39.675237,-105.02504,3/5/2015 0:15,0:15,12,0,0,ILIFF AVE W & FEDERAL BLVD S,1,3,0,0,1,1,,,40,0,0,0,0,0,2,2,1
,2015_51165,39.674978,-105.025042,3/16/2015 8:00,8:00,13,0,0,ILIFF AVE 3000 BLK W & FEDERAL BLVD S,1,1,0,0,1,4,,,,0,0,0,0,1,2,2,13
,2015_51166,39.664077,-105.025149,2/16/2015 18:03,18:03,8,0,2,FEDERAL BLVD S & BATES AVE W,5,3,1,2,1,4,,,40,0,0,0,0,3,2,2,1
,2015_51167,39.660202,-105.025244,6/3/2015 10:15,10:15,12,0,0,FEDERAL BLVD 3100 BLK S & DARTMOUTH AVE W,1,1,1,0,1,4,,,45,0,0,0,0,0,2,2,13
,2015_51170,39.624078,-104.909915,1/29/2015 14:25,14:25,15,0,0,BELLEVIEW AVE & 6700 BLK E,1,1,1,0,1,4,,,40,0,0,0,0,0,2,2,14
,2015_51177,39.675721,-105.053261,4/10/2015 17:00,17:00,12,0,0,SHERIDAN BLVD S & WARREN AVE W,1,1,0,0,1,3,,,35,0,0,0,0,0,2,3,13
,2015_51178,39.679174,-105.053262,1/1/2015 10:25,10:25,12,0,0,SHERIDAN BLVD S & EVANS AVE W,2,1,1,0,1,3,,,40,0,0,0,0,0,2,2,1
,2015_51179,39.708149,-105.053265,2/4/2015 23:21,23:21,5,0,1,SHERIDAN BLVD S & ALASKA PL W,1,3,1,0,3,4,,,35,0,0,0,0,3,2,1,5
,2015_51180,39.737719,-105.053216,5/18/2015 18:45,18:45,15,0,0,SHERIDAN BLVD & 1300 BLK N,1,1,0,0,1,4,,,25,0,0,0,0,0,2,2,13
,2015_51199,39.634991,-105.082368,9/7/2015 22:50,22:50,5,0,1,WADSWORTH BLVD S & STANFORD AVE W,1,3,0,0,3,4,,,45,0,0,0,0,2,2,1,12
,2015_51231,39.635523,-104.89346,6/10/2015 10:40,10:40,1,0,0,TAMARAC ST S & I-225 SB RAMPS,1,1,0,0,1,1,,,35,0,0,0,0,0,1,2,13
,2015_51232,39.635671,-104.8929,4/2/2015 16:44,16:44,12,0,0,I-225 SB OFF RAMP & TAMARAC ST,1,1,0,0,1,4,,,35,0,0,0,0,0,1,2,3
,2015_51248,39.776839,-104.890932,9/16/2015 7:15,7:15,12,0,1,I-270 EB DIRECT CONNECT & CENTRAL PARK BLVD RAM,1,1,1,7,1,4,,,55,0,0,0,1,3,1,2,14
,2015_51255,39.65315,-105.053133,1/27/2015 10:05,10:05,12,0,0,HAMPDEN AVE W & SHERIDAN BLVD S,1,1,0,0,1,8,,,25,0,0,0,0,1,2,2,7
,2015_51257,0,0,1/12/2015 22:36,22:36,11,0,0,JOSEPHINE ST N & 44TH AVE E,1,4,0,0,1,4,,,,0,1,0,0,1,4,2,13
,2015_51268,39.652994,-104.925705,6/3/2015 11:52,11:52,12,0,0,HAMPDEN AVE 5300 BLK E & GRAPE ST S,1,1,0,0,1,4,,,40,0,0,0,0,0,2,5,3
,2015_51269,39.652993,-104.921698,5/3/2015 9:00,9:00,12,0,0,IVANHOE WAY S & HAMPDEN AVE E,1,1,1,0,1,3,,,35,0,0,0,0,0,2,2,13
,2015_51270,39.761982,-105.025164,5/18/2015 0:13,0:13,12,0,0,FEDERAL BLVD N & 32ND AVE W,1,3,0,0,1,1,,,35,0,0,0,0,0,2,2,13
,2015_51271,39.761982,-105.025164,6/24/2015 18:08,18:08,12,0,0,FEDERAL BLVD & 3200 BLK N,2,1,1,1,1,4,,,35,0,0,0,0,1,2,3,13
,2015_51272,39.783839,-105.025212,7/22/2015 18:52,18:52,12,0,0,FEDERAL BLVD N & I-70 EB RAMPS,1,3,0,0,1,1,,,35,0,0,0,0,0,2,3,14
,2015_51299,39.834236,-104.746855,4/18/2015 0:48,0:48,12,0,0,E-470 SB COLLECTOR RAMP TO PENA & INTERCHANGE STR (APPROX),1,3,1,0,1,8,,,50,0,0,0,0,0,2,2,14
,2015_51342,0,0,5/25/2015 21:00,21:00,6,0,0,15TH ST 2200 BLK & LITTLE RAVEN ST,1,3,1,7,1,4,,,30,0,0,0,0,0,4,2,16
,2015_51470,0,0,1/12/2015 8:27,8:27,3,0,0,5TH AVE E & LINCOLN ST N,1,1,0,0,1,1,,,25,0,0,0,0,0,4,2,14
,2015_51471,0,0,7/12/2015 13:35,13:35,12,0,0,6TH AVE & 3900 BLK E,1,1,1,0,1,4,,,45,0,0,0,0,0,4,2,7
,2015_51472,0,0,1/21/2015 8:25,8:25,15,0,0,6TH AVE & 6200 BLK E,4,1,0,2,1,4,,,30,0,0,0,0,0,4,2,7
,2015_51473,0,0,12/16/2015 18:24,18:24,12,0,0,6TH AVE 900 BLK W & SANTA FE DR N,2,3,0,0,1,4,,,35,0,0,0,0,0,4,2,13
,2015_51474,0,0,8/7/2015 16:23,16:23,3,0,0,8TH AVE E & ELIZABETH ST N,1,1,0,0,1,1,,,35,0,0,0,0,0,4,3,7
,2015_51475,0,0,8/13/2015 15:30,15:30,12,0,0,8TH AVE E & YORK ST N,1,1,0,0,1,1,,,30,0,0,0,0,0,4,2,13
,2015_51476,0,0,1/26/2015 18:20,18:20,3,0,1,8TH AVE W & KNOX CT N,1,1,0,7,1,1,,,25,0,0,0,1,3,4,2,16
,2015_51477,0,0,7/21/2015 16:58,16:58,15,0,0,8TH AVE E & YORK ST N,1,1,0,0,1,4,,,30,0,0,0,0,0,4,2,5
,2015_51478,0,0,5/8/2015 19:13,19:13,10,0,0,11TH AVE E & GRANT ST N,2,3,0,1,1,1,,,30,0,0,0,0,1,4,2,14
,2015_51479,0,0,1/25/2015 11:28,11:28,3,0,0,11TH AVE E & STEELE ST N,1,1,0,7,1,1,,,25,0,0,0,0,0,4,2,16
,2015_51480,0,0,6/28/2015 12:01,12:01,6,0,0,12TH AVE E & CLAYTON ST N,1,1,0,7,1,4,,,25,0,0,0,0,0,4,2,16
,2015_51481,0,0,2/22/2015 12:30,12:30,3,0,0,12TH AVE E & PEARL ST N,4,1,1,2,1,1,,,25,0,0,0,0,0,4,2,16
,2015_51482,0,0,3/27/2015 12:30,12:30,10,0,0,13TH AVE E & CLERMONT ST N,1,1,1,0,1,1,,,30,0,0,0,0,0,4,2,7
,2015_51483,0,0,8/8/2015 21:39,21:39,6,0,1,13TH AVE 3400 BLK E & MONROE ST N,1,3,0,7,1,4,,,30,0,0,0,0,3,4,2,5
,2015_51484,0,0,5/23/2015 21:43,21:43,10,0,0,14TH AVE E & VINE ST N,2,3,0,0,1,1,,,30,0,0,0,0,0,4,2,13
,2015_51485,0,0,2/21/2015 12:44,12:44,12,0,0,14TH AVE E & COLORADO BLVD N,1,1,0,7,1,3,,,30,0,0,0,0,1,4,2,16
,2015_51486,0,0,1/31/2015 10:21,10:21,3,0,0,14TH AVE E & WASHINGTON N,1,1,0,7,1,1,,,30,0,0,0,0,0,4,2,16
,2015_51487,0,0,3/6/2015 9:00,9:00,3,0,0,16TH AVE E & FRANKLIN ST N,1,1,0,7,1,1,,,30,0,0,0,0,0,4,2,16
,2015_51488,0,0,5/19/2015 17:20,17:20,3,0,0,17TH AVE E & HIGH ST N,1,1,0,7,1,1,,,30,0,0,0,0,0,4,2,16
,2015_51489,0,0,4/26/2015 4:07,4:07,5,0,0,19TH AVE 1200 BLK E & MARION ST N,2,2,0,1,3,4,,,25,0,0,0,0,0,4,1,13
,2015_51490,0,0,8/31/2015 17:00,17:00,11,0,0,18TH AVE E & LINCOLN ST N,1,1,0,0,1,3,,,35,0,1,0,0,0,4,2,13
,2015_51491,0,0,3/13/2015 18:58,18:58,6,0,0,23RD AVE E & PONTIAC ST N,1,2,0,7,1,4,,,25,0,0,0,0,0,4,2,2
,2015_51492,0,0,6/13/2015 15:39,15:39,6,0,0,24TH AVE & 3000 BLK W,1,1,0,0,1,4,,,25,0,0,0,0,0,4,2,13
,2015_51494,0,0,3/27/2015 17:47,17:47,3,0,0,30TH AVE W & VALLEJO ST N,1,1,1,7,1,1,,,25,0,0,0,0,0,4,2,16
,2015_51495,0,0,1/6/2015 8:42,8:42,3,0,0,E 31ST AVE & DOWNING ST N,2,1,0,7,1,1,,,30,0,0,0,0,0,4,2,16
,2015_51496,0,0,4/4/2015 9:55,9:55,3,0,0,31ST AVE E & HIGH ST N,1,1,0,7,1,1,,,25,0,0,0,0,1,4,2,16
,2015_51497,0,0,6/14/2015 19:25,19:25,6,0,0,36TH AVE 1300 BLK E & MARION ST N,1,1,0,7,1,4,,,25,0,0,0,0,0,4,2,16
,2015_51499,0,0,2/17/2015 16:00,16:00,3,0,0,38TH AVE & 2700 BLK W,1,1,0,0,1,2,,,35,0,0,0,0,0,4,2,13
,2015_51500,0,0,8/1/2015 9:58,9:58,12,0,0,38TH AVE W & CLAY ST N,1,1,0,7,1,3,,,35,0,0,0,0,0,4,3,1
,2015_51501,0,0,8/30/2015 9:00,9:00,3,0,0,38TH AVE W & LIPAN ST N,1,1,0,0,1,2,,,35,0,0,0,0,0,4,2,13
,2015_51502,0,0,1/23/2015 21:45,21:45,3,0,0,47TH AVE E & HAVANA ST N,1,3,0,0,1,1,,,35,0,0,0,0,1,4,2,7
,2015_51503,0,0,12/25/2015 3:15,3:15,5,0,0,56TH AVE E & 13600 BLK,1,3,0,0,2,4,,,45,0,0,0,0,1,4,1,5
,2015_51504,0,0,11/4/2015 14:45,14:45,14,0,0,ALAMEDA AVE 1200 BLK E & DOWNING ST S,1,1,0,0,1,1,,,20,0,0,0,0,0,4,2,1
,2015_51505,0,0,2/17/2015 17:21,17:21,1,0,0,ALAMEDA AVE W & BANNOCK ST S,1,3,0,7,1,1,,,30,0,0,0,0,0,4,3,16
,2015_51506,0,0,3/6/2015 17:26,17:26,15,0,0,ALAMEDA AVE W & BANNOCK ST S,1,2,0,7,1,4,,,30,0,0,0,0,0,4,2,16
,2015_51507,0,0,2/6/2015 16:22,16:22,3,0,0,ALAMEDA AVE W & BROADWAY ST S,1,1,0,0,1,2,,,10,0,0,0,0,0,4,2,13
,2015_51508,0,0,4/14/2015 10:35,10:35,12,0,0,ALAMEDA AVE 5600 BLK E & HOLLY ST S,1,1,1,7,1,4,,,35,0,0,0,0,1,4,2,1
,2015_51509,0,0,3/7/2015 16:35,16:35,12,0,0,ALAMEDA AVE E & LINCOLN ST S,1,1,0,7,1,4,,,30,0,0,0,0,0,4,3,7
,2015_51510,0,0,2/8/2015 14:18,14:18,12,0,1,ALAMEDA AVE E & QUEBEC ST S,1,1,0,7,1,1,,,40,0,0,0,0,3,4,2,16
,2015_51511,0,0,8/1/2015 2:30,2:30,6,0,0,BANNOCK ST S & ARCHER PL W,1,3,0,7,1,4,,,25,0,0,0,0,0,4,2,16
,2015_51512,0,0,5/1/2015 12:23,12:23,1,0,0,BANNOCK ST S & ALAMEDA AVE W,1,1,0,7,1,1,,,35,0,0,0,0,1,4,2,14
,2015_51513,0,0,6/18/2015 2:15,2:15,6,0,0,BATES AVE 2600 BLK W & BRYANT ST,1,3,0,7,1,4,,,25,0,0,0,0,0,4,2,16
,2015_51514,0,0,4/2/2015 11:55,11:55,15,0,0,BELLEVIEW AVE 7800 BLK E & ULSTER ST S,1,1,0,0,1,4,,,35,0,0,0,0,0,4,3,1
,2015_51515,0,0,3/31/2015 0:50,0:50,15,0,0,BROADWAY ST N & 10TH AVE E,1,3,0,0,1,4,,,35,0,0,0,0,0,4,2,4
,2015_51516,0,0,6/21/2015 2:18,2:18,11,0,0,BROADWAY 1000 BLK N & ACOMA ST,1,3,1,0,1,5,,,20,0,1,0,1,0,4,3,1
,2015_51517,0,0,7/3/2015 21:30,21:30,15,0,0,BROADWAY ST N & CLEVELAND PL,1,3,0,7,1,1,,,30,0,0,0,0,0,4,2,16
,2015_51518,0,0,3/31/2015 15:55,15:55,11,0,0,BROADWAY ST 2100 BLK N & 21ST ST,1,1,0,0,1,3,,,,0,1,0,0,1,4,2,13
,2015_51519,0,0,7/16/2015 8:22,8:22,12,0,0,BUCHTEL BLVD 1500 BLK E & FRANKLIN ST S,1,1,0,7,1,3,,,30,0,0,0,0,0,4,2,3
,2015_51520,0,0,2/23/2015 12:10,12:10,5,0,0,CHAMPA ST & 3200 BLK,3,1,0,2,3,4,,,30,0,0,0,0,0,4,1,13
,2015_51521,0,0,6/9/2015 8:30,8:30,12,0,0,CHAMPA ST 1800 BLK & 19TH ST,1,1,0,7,1,3,,,30,0,0,0,0,0,4,3,7
,2015_51522,0,0,7/14/2015 11:45,11:45,15,0,0,CHAMPA ST 1900 BLK & 19TH ST,1,1,0,7,1,4,,,30,0,0,0,0,0,4,2,16
,2015_51523,0,0,5/1/2015 11:30,11:30,6,0,0,COLUMBINE ST 1300 BLK N & 14TH AVE E,1,1,0,7,1,3,,,25,0,0,0,0,0,4,2,14
,2015_51524,0,0,4/12/2015 18:36,18:36,3,0,0,COOK ST N & 2ND AVE E,1,1,0,7,1,1,,,25,0,0,0,0,0,4,2,16
,2015_51525,0,0,4/7/2015 19:45,19:45,1,0,0,DECATUR ST & 1300 BLK N,1,1,0,0,1,4,,,30,0,0,0,0,0,4,2,14
,2015_51526,0,0,5/30/2015 19:49,19:49,6,0,0,DECATUR ST 800 BLK N & 8TH AVE W,1,1,0,7,1,4,,,25,0,0,0,0,0,4,2,16
,2015_51527,0,0,4/1/2015 9:30,9:30,6,0,0,DOWNING ST & 1600 BLK N,1,1,1,0,1,2,,,30,0,0,0,0,0,4,2,13
,2015_51528,0,0,11/24/2015 20:20,20:20,6,0,0,DEEPHAVEN CT 4300 BLK N & E 43RD AVE,1,2,0,7,1,4,,,25,0,0,0,0,0,4,2,16
,2015_51529,0,0,12/21/2015 8:00,8:00,12,0,0,ELIOT ST S & TENNESSEE AVE W,5,1,0,2,1,1,,,25,0,0,0,0,0,4,2,13
,2015_51530,0,0,12/5/2015 8:48,8:48,6,0,0,N EMERSON & 10TH AVE E,1,1,0,7,1,4,,,30,0,0,0,0,0,4,2,16
,2015_51531,0,0,1/6/2015 11:31,11:31,6,0,0,ERIE ST & 3100,5,1,1,0,1,4,,,30,0,0,0,0,0,4,2,13
,2015_51532,0,0,4/30/2015 14:53,14:53,12,0,0,EVANS AVE & 6300 BLK E,1,1,0,0,1,4,,,30,0,0,0,0,1,4,2,13
,2015_51533,0,0,1/24/2015 13:40,13:40,3,0,0,EVANS AVE 2900 BLK W & FEDERAL BLVD S,1,1,0,0,1,2,,,35,0,0,0,0,0,4,2,13
,2015_51534,0,0,3/25/2015 18:20,18:20,15,0,0,EVANS AVE E & GRANT ST S,1,2,0,7,1,4,,,35,0,0,0,0,0,4,2,3
,2015_51535,0,0,7/2/2015 18:50,18:50,12,0,0,EVANS AVE E & MONACO PKWY S,2,2,0,1,1,1,,,35,0,0,0,0,0,4,2,16
,2015_51536,0,0,9/16/2015 7:10,7:10,12,0,0,FLORIDA AVE W & NAVAJO ST S,1,1,1,0,1,1,,,30,0,0,0,0,0,4,2,7
,2015_51537,0,0,7/31/2015 7:31,7:31,12,0,0,2300 BLK E EVANS AVE & UNIVERSITY BLVD S,1,1,0,7,1,3,,,35,0,0,0,0,0,4,2,16
,2015_51538,0,0,2/27/2015 2:00,2:00,6,0,0,FOX ST & 300 BLK N,4,4,0,2,1,4,,,25,0,0,0,0,0,4,4,13
,2015_51539,0,0,7/16/2015 17:04,17:04,6,0,0,HIGH ST & 1900 BLK S,1,1,0,0,1,3,,,25,0,0,0,0,0,4,2,13
,2015_51540,0,0,3/10/2015 19:42,19:42,11,0,1,HIGH ST S & BUCHTEL BLVD E,1,3,0,0,1,1,,,25,0,1,0,0,2,4,2,13
,2015_51541,0,0,8/28/2015 15:30,15:30,3,0,0,IRVING ST S & ARKANSAS AVE W,1,1,0,0,1,1,,,25,0,0,0,0,0,4,2,9
,2015_51542,0,0,4/11/2015 13:32,13:32,5,0,0,IRVING ST 400 BLK S & ALASKA PL W,1,1,1,7,2,4,,,25,0,0,0,0,0,4,1,5
,2015_51543,0,0,3/19/2015 22:30,22:30,6,0,0,JERSEY ST N & 13TH AVE E,1,4,0,7,1,4,,,25,0,0,0,0,0,4,2,5
,2015_51544,0,0,7/17/2015 12:43,12:43,6,0,1,JOSEPHINE ST 2300 BLK S & WESLEY AVE E,1,1,0,7,1,4,,,25,0,0,0,0,2,4,4,2
,2015_51545,0,0,11/21/2015 23:36,23:36,12,0,0,LINCOLN ST N & 4TH AVE E,1,3,0,0,1,1,,,30,0,0,0,0,0,4,2,14
,2015_51546,0,0,5/15/2015 15:30,15:30,6,0,0,KENTUCKY AVE 5100 W & SHERIDAN BLVD S,1,1,0,7,1,2,,,25,0,0,0,0,0,4,2,16
,2015_51547,0,0,5/20/2015 18:06,18:06,3,0,0,KENYON AVE E & YOSEMITE ST S,2,1,0,1,1,1,,,40,0,0,0,0,0,4,2,13
,2015_51548,0,0,5/28/2015 0:30,0:30,6,0,0,KNOX CT N & 465,1,3,1,0,3,4,,,30,0,0,0,0,0,4,2,14
,2015_51549,0,0,2/22/2015 17:35,17:35,3,0,0,LINCOLN ST N & 18TH AVE E,5,3,1,2,1,1,,,35,0,0,0,0,0,4,2,14
,2015_51550,0,0,7/25/2015 9:49,9:49,6,0,0,LOGAN ST N & 610,1,3,1,0,1,4,,,,0,0,0,0,0,4,2,13
,2015_51551,0,0,2/19/2015 7:50,7:50,12,0,1,LOGAN ST & 1200 BLK N,1,1,0,0,1,4,,,30,0,0,0,0,2,4,3,7
,2015_51552,0,0,9/24/2015 17:15,17:15,3,0,0,LOWELL BLVD S & GIRARD AVE W,1,1,1,0,1,1,,,25,0,0,0,0,0,4,2,1
,2015_51553,0,0,1/29/2015 20:00,20:00,12,0,0,LOWELL BLVD N & 32ND AVE W,1,3,0,7,1,4,,,30,0,0,0,0,0,4,2,16
,2015_51554,0,0,5/20/2015 18:15,18:15,10,0,0,LOWELL BLVD 2600 BLK S & VASSAR AVE W,2,1,0,1,1,1,,,30,0,0,0,0,0,4,2,13
,2015_51555,0,0,4/24/2015 15:45,15:45,12,0,0,MARION ST 3700 BLK N & 37TH AVE E,1,1,0,0,1,4,,,30,0,0,0,0,0,4,2,12
,2015_51556,0,0,8/17/2015 8:50,8:50,15,0,0,MARKET ST 2000 BLK & 20TH ST,1,1,0,0,1,4,,,20,0,0,0,0,0,4,2,13
,2015_51557,0,0,12/1/2015 7:58,7:58,15,0,1,LOWRY BLVD E & FAIRMONT DR E,5,1,1,0,1,6,,,25,0,0,0,0,2,4,2,13
,2015_51558,0,0,7/27/2015 17:20,17:20,2,0,0,MISSISSIPPI AVE W & JASON ST S,1,5,0,0,1,1,,,30,1,0,0,0,0,4,2,13
,2015_51559,0,0,8/8/2015 15:00,15:00,3,0,0,MISSISSIPPI AVE W & S JASON ST,1,1,0,7,1,1,,,35,0,0,0,0,0,4,2,16
,2015_51560,0,0,7/8/2015 15:53,15:53,3,0,0,MONACO PKWY 3400 BLK S & HAMPDEN AVE E,2,1,0,0,1,2,,,30,0,0,0,0,1,4,2,3
,2015_51561,0,0,1/4/2015 19:16,19:16,1,0,0,PARK AV & DOWNING ST N,2,3,1,7,1,1,,,30,0,0,0,0,0,4,2,7
,2015_51562,0,0,6/18/2015 15:19,15:19,1,0,1,PARK AVE & DOWNING ST N,1,1,0,7,1,1,,,30,0,0,0,0,2,4,2,16
,2015_51563,0,0,2/21/2015 17:23,17:23,5,0,0,PENA BLVD OUTBOUND 7500 BLK & JACKSON GAP ST N,10,3,0,2,3,8,,,65,0,0,0,0,0,4,1,7
,2015_51564,0,0,4/29/2015 17:30,17:30,15,0,0,JACKSON GAP RD & PENA BLVD ON RAMP,1,1,1,0,1,4,,,45,0,0,0,0,0,4,2,8
,2015_51565,0,0,4/28/2015 8:00,8:00,12,0,0,POPLAR ST 3500 BLK S & JARVIS PL E,1,1,1,7,1,4,,,25,0,0,0,0,1,4,2,16
,2015_51566,0,0,5/22/2015 10:27,10:27,15,0,0,QUEBEC ST N & 7TH AVE E,2,1,1,7,1,1,,,30,0,0,0,0,0,4,2,16
,2015_51567,0,0,1/13/2015 8:10,8:10,12,0,0,QUEBEC ST 300 BLK S & ALAMEDA AVE E,1,2,0,7,1,3,,,35,0,0,0,0,0,4,2,3
,2015_51568,0,0,6/14/2015 10:39,10:39,3,0,0,QUEBEC ST N & COLFAX AVE E,1,1,0,0,1,2,,,35,0,0,0,0,0,4,3,8
,2015_51569,0,0,10/8/2015 23:00,23:00,6,0,0,PERRY ST 4400 BLK N & 44TH AVE W,1,3,0,7,1,4,,,25,0,0,0,0,0,4,2,5
,2015_51570,0,0,5/29/2015 15:21,15:21,3,0,0,QUEBEC ST 500 BLK S & VIRGINIA AVE E,1,1,1,0,1,2,,,30,0,0,0,0,0,4,2,14
,2015_51571,0,0,1/23/2015 10:00,10:00,15,0,0,15TH ST & 800 BLK,1,1,0,0,1,4,,,30,0,0,0,0,0,4,2,13