id,drcog_id,latitude,longitude,crashtime,time,crashtype,numbkilled,numbinjurd,drcoglocat,rdconditin,lightngcon,roadcntgrd,weatherco,location,roaddescrp,schoolzone,constrzone,splimit,bikeinv,pedinv,sctrinv,motoinv,svrty,rdsystem,ttlvehcls,hcf
,2015_51572,0,0,1/17/2015 20:00,20:00,6,0,0,RARITAN ST 1100 BLK S & MOSIER PL W,1,3,0,7,1,4,,,25,0,0,0,0,0,4,2,16
,2015_51573,0,0,1/10/2015 21:35,21:35,12,0,0,12TH AVAE 300 BLK E & LOGAN ST N,1,3,0,7,1,3,,,30,0,0,0,0,0,4,2,5
,2015_51574,0,0,5/4/2015 23:04,23:04,12,0,0,15TH ST & PLATTE ST,2,3,0,1,1,4,,,30,0,0,0,0,0,4,2,8
,2015_51575,0,0,2/24/2015 15:40,15:40,10,0,0,15TH ST & STOUT ST,1,1,0,0,1,1,,,30,0,0,0,0,0,4,2,1
,2015_51576,0,0,9/4/2015 17:25,17:25,15,0,0,17TH ST 400 BLK & GLENARM PL,1,1,0,0,1,4,,,25,0,0,0,1,1,4,2,1
,2015_51577,0,0,6/3/2015 17:12,17:12,3,0,0,17TH ST & LAWRENCE ST,2,1,0,1,1,1,,,25,0,0,0,0,0,4,2,1
,2015_51578,0,0,8/30/2015 2:23,2:23,6,0,0,18TH ST 1300 BLK & LARIMER ST,1,3,0,0,1,3,,,30,0,0,0,0,1,4,4,5
,2015_51579,0,0,1/9/2015 11:50,11:50,3,0,0,22ND ST & LAWRENCE ST,2,1,0,7,1,1,,,25,0,0,0,0,0,4,2,16
,2015_51580,0,0,4/24/2015 17:40,17:40,15,0,0,22ND ST 1300 & MARKET ST,1,1,1,0,1,4,,,25,0,0,0,0,1,4,2,8
,2015_51581,0,0,7/27/2015 12:56,12:56,3,0,0,26TH ST & WALNUT ST,1,1,0,7,1,5,,,25,0,0,0,0,0,4,2,16
,2015_51582,0,0,11/29/2015 21:30,21:30,6,0,0,22ND ST & MARKET ST,4,3,0,2,1,4,,,30,0,0,0,0,0,4,2,14
,2015_51583,0,0,5/11/2015 8:42,8:42,2,0,0,SPEER BLVD N & AURARIA PKWY,1,1,0,0,1,1,,,,1,0,0,0,1,4,2,7
,2015_51584,0,0,7/29/2015 13:46,13:46,3,0,0,SPEER BLVD N & BANNOCK ST N,1,1,0,0,1,1,,,35,0,0,0,0,0,4,2,8
,2015_51585,0,0,5/11/2015 11:30,11:30,12,0,0,TELLURIDE ST 4800 N & 48TH AVE E,1,1,1,7,1,7,,,5,0,0,0,0,0,4,2,1
,2015_51586,0,0,8/8/2015 4:21,4:21,5,0,1,TENNYSON ST N & 48TH S DR W,1,4,1,7,3,1,,,25,0,0,0,0,2,4,1,16
,2015_51587,0,0,8/15/2015 10:00,10:00,15,0,0,17TH ST 300 BLK & TREMONT PL,1,1,0,7,1,4,,,30,0,0,0,0,0,4,2,3
,2015_51588,0,0,5/28/2015 22:20,22:20,12,0,0,TOWER RD N & 43RD AVE E,2,3,0,7,1,3,,,35,0,0,0,0,0,4,2,16
,2015_51589,0,0,4/8/2015 14:05,14:05,12,0,0,UINTAH ST N & 56TH AVE E,1,1,0,7,1,1,,,25,0,0,0,0,0,4,2,16
,2015_51590,0,0,3/24/2015 13:10,13:10,12,0,0,UNIVERSITY BLVD 300 BLK S & ALAMEDA AVE E,1,1,0,7,1,4,,,30,0,0,0,0,0,4,3,16
,2015_51591,0,0,5/5/2015 10:24,10:24,12,0,0,UNIVERSITY BLVD S & ASBURY AVE E,2,1,0,1,1,1,,,30,0,0,0,0,0,4,3,3
,2015_51592,0,0,5/22/2015 15:08,15:08,12,0,0,UNIVERSITY BLVD S & CHERRY CREEK DR S E,1,1,0,7,1,3,,,25,0,0,0,0,0,4,2,16
,2015_51593,0,0,2/7/2015 2:17,2:17,6,0,0,VINE ST S & ARIZONA AVE E,1,3,0,7,1,4,,,25,0,0,0,0,0,4,2,5
,2015_51594,0,0,4/3/2015 20:01,20:01,3,0,0,WALNUT ST & 35TH ST,1,3,0,7,1,1,,,30,0,0,0,0,0,4,2,16
,2015_51595,0,0,5/29/2015 7:40,7:40,3,0,0,WASHINGTON ST N & 11TH AVE E,1,1,0,7,1,1,,,30,0,0,0,0,0,4,2,16
,2015_51596,0,0,3/17/2015 23:30,23:30,6,0,0,WELTON ST & 2600 BLK,1,3,0,1,1,4,,,,0,0,0,0,0,4,2,5
,2015_51597,0,0,1/1/2015 12:40,12:40,10,0,0,WEWATTA ST 1500 & 15TH ST,2,1,0,0,1,4,,,25,0,0,0,0,0,4,2,13
,2015_51598,0,0,3/28/2015 16:20,16:20,3,0,1,WILLOW ST 1100 BLK N & E RICHOFTEN PL,1,1,0,7,1,1,,,30,0,0,0,0,2,4,2,16
,2015_51599,0,0,12/31/2015 0:35,0:35,6,0,0,WILLIAMS ST 1300 BLK N & 13TH AVE E,1,4,0,7,1,4,,,25,0,0,0,0,1,4,2,5
,2015_51600,0,0,7/2/2015 21:15,21:15,6,0,0,WYNKOOP ST & 17TH ST,1,3,0,7,1,4,,,25,0,0,0,0,0,4,2,16
,2015_51601,0,0,6/29/2015 9:49,9:49,1,0,1,YALE AVE 4000 BLK E & COLORADO BLVD S,1,1,0,7,1,2,,,30,0,0,0,0,2,4,2,14
,2015_51602,0,0,4/22/2015 12:32,12:32,12,0,0,YALE AVE E & COLUMBINE ST S,1,1,0,7,1,1,,,30,0,0,0,0,0,4,2,3
,2015_51604,0,0,11/4/2015 18:50,18:50,12,0,0,ZUNI ST N & 28TH AVE W,2,3,1,1,1,3,,,30,0,0,0,0,0,4,3,8
,2015_51731,39.678409,-104.940629,10/31/2015 23:53,23:53,12,0,0,EVANS AVE E & COLORADO BLVD S,1,3,0,0,1,1,,,30,0,0,0,0,0,2,2,16
,2015_51733,39.685667,-104.940548,6/19/2015 10:09,10:09,12,0,0,COLORADO BLVD S & MEXICO AVE E,1,1,0,0,1,1,,,35,0,0,0,0,0,2,2,13
,2015_51734,39.688882,-104.940549,1/12/2015 17:26,17:26,15,0,0,COLORADO BLVD 1500 BLK S & FLORIDA AVE E,1,1,0,0,1,4,,,35,0,0,0,0,0,2,2,13
,2015_51735,39.692997,-104.94055,7/22/2015 10:20,10:20,12,0,0,COLORADO BLVD 1300 BLK S & LOUISIANA AVE,1,1,1,0,1,3,,,35,0,0,0,0,0,2,2,13
,2015_51736,39.709313,-104.940626,5/6/2015 18:11,18:11,12,0,0,COLORADO BLVD S & DAKOTA AVE E,1,1,0,0,1,1,,,35,0,0,0,0,0,2,2,13
,2015_51737,39.652949,-104.940686,6/17/2015 11:02,11:02,12,0,0,COLORADO BLVD S & HAMPDEN AVE E,1,1,0,0,1,1,,,30,0,0,0,0,0,2,3,3
,2015_51738,39.727365,-104.940627,8/28/2015 9:30,9:30,12,0,0,COLORADO BLVD & 7TH AVE E,1,1,0,0,1,1,,,35,0,0,0,0,0,2,2,13
,2015_51739,39.74372,-104.940608,8/13/2015 2:40,2:40,1,0,0,COLORADO BLVD N & 17TH AVE E,1,3,1,0,1,1,,,30,0,0,0,0,0,2,2,8
,2015_51740,39.75129,-104.940599,2/7/2015 15:35,15:35,12,0,0,COLORADO BLVD 2300 BLK N & 23RD AVE E,1,1,0,0,1,4,,,30,0,0,0,0,0,2,2,7
,2015_51741,39.756496,-104.940532,4/18/2015 17:38,17:38,12,0,0,28TH AVE E & COLORADO BLVD N,1,1,0,0,1,1,,,25,0,0,0,0,0,2,2,7
,2015_51749,39.725598,-105.044263,5/22/2015 17:26,17:26,12,0,0,6TH AVE W & 6600 W BLK,1,1,0,0,1,4,,,55,0,0,0,0,0,2,2,14
,2015_51750,39.725591,-105.04152,6/24/2015 6:45,6:45,12,0,0,6TH AVE W & RALEIGH ST N,1,1,0,0,1,4,,,55,0,0,0,0,0,2,2,13
,2015_51751,39.725549,-105.035093,1/6/2015 17:41,17:41,12,0,0,6TH AVE W & LOWELL BLVD N,2,1,1,0,1,4,,,55,0,0,0,0,0,2,2,1
,2015_51752,39.725412,-105.022985,7/1/2015 12:18,12:18,12,0,0,6TH AVE & KNOX CT,1,1,0,0,1,4,,,45,0,0,0,0,0,2,2,13
,2015_51753,39.725398,-105.014898,9/5/2015 11:40,11:40,12,0,0,6TH AVE W & I-25,1,1,0,0,1,4,,,35,0,0,0,0,0,2,2,1
,2015_51754,39.783189,-104.948363,3/20/2015 7:45,7:45,12,0,0,VASQUEZ BLVD & 4700 BLK N,1,1,0,0,1,4,,,40,0,0,0,0,0,2,3,7
,2015_51780,39.638186,-104.909578,6/26/2015 8:00,8:00,15,0,0,I-25 & BELLEVIEW AVE E,1,1,0,0,1,4,,,65,0,0,0,0,0,1,3,13
,2015_51781,39.656555,-104.91981,2/22/2015 14:26,14:26,15,0,0,I-25 & HAMPDEN AVE E,4,1,0,2,1,4,,,60,0,0,0,0,0,1,3,13
,2015_51782,39.664703,-104.923564,6/25/2015 8:54,8:54,12,0,0,I-25 & YALE AVE E,1,1,1,0,1,4,,,65,0,0,0,0,0,1,4,8
,2015_51783,39.66762,-104.92561,6/9/2015 18:34,18:34,15,0,0,I-25 & YALE AVE E,1,1,0,0,1,4,,,65,0,0,0,0,0,1,2,13
,2015_51784,39.682981,-104.939981,6/22/2015 12:40,12:40,12,0,0,I-25 NB OFF RAMP & COLORADO BLVD S,1,1,1,0,1,8,,,30,0,0,0,0,0,1,2,13
,2015_51785,39.690307,-104.973949,2/16/2015 9:35,9:35,15,0,0,UNIVERSITY BLVD S & I-25 NB RAMP,12,1,0,4,1,8,,,30,0,0,0,0,0,1,2,13
,2015_51786,39.697473,-104.982744,7/8/2015 17:04,17:04,12,0,0,I-25 & LOGAN ST S,1,1,0,0,1,4,,,55,0,0,0,0,1,1,2,3
,2015_51787,39.697473,-104.982744,2/16/2015 17:38,17:38,5,0,0,I-25 & LOGAN ST S,5,2,1,0,2,8,,,55,0,0,0,0,0,1,2,7
,2015_51788,39.707122,-104.996782,6/2/2015 8:09,8:09,12,0,0,I-25 UNDERPASS & SANTA FE DR S,1,1,1,0,1,4,,,55,0,0,0,0,0,1,2,13
,2015_51789,39.711855,-104.999283,1/4/2015 17:45,17:45,12,0,0,I-25 & ALAMEDA AVE W,5,4,0,0,1,4,,,55,0,0,0,0,0,1,2,13
,2015_51790,39.71413,-105.00067,3/6/2015 13:52,13:52,12,0,0,I-25 & ALAMEDA AVE W,1,1,0,0,1,4,,,55,0,0,0,0,0,1,3,13
,2015_51791,39.740095,-105.013916,3/9/2015 16:04,16:04,5,0,0,I-25 NB ON LOOP RAMP & COLFAX AVE E,1,1,0,0,3,8,,,35,0,0,0,0,0,1,1,13
,2015_51792,39.72543,-105.013021,10/22/2015 15:07,15:07,12,0,0,I-25 & 6TH AVE W,2,1,0,0,1,4,,,55,0,0,0,0,0,1,2,1
,2015_51794,39.742182,-105.014789,7/7/2015 6:12,6:12,15,0,0,I-25 & AURARIA PKWY,1,1,0,0,1,4,,,55,0,0,0,0,0,1,2,13
,2015_51795,39.753468,-105.014936,3/3/2015 13:15,13:15,12,0,0,I-25 SB ON RAMP & SPEER BLVD S,11,1,1,2,1,8,,,40,0,0,0,0,0,1,2,13
,2015_51796,39.755141,-105.012706,1/23/2015 13:21,13:21,12,0,0,I-25 & SPEER BLVD N,1,1,0,0,1,4,,,55,0,0,0,0,0,1,3,13
,2015_51797,39.760615,-105.004878,1/28/2015 15:23,15:23,12,0,0,I-25 NB & 20TH ST,1,1,0,0,1,4,,,55,0,0,0,0,0,1,3,13
,2015_51799,39.760997,-105.004275,6/19/2015 10:34,10:34,15,0,0,I-25 & 20TH ST,1,1,0,0,1,4,,,55,0,0,0,0,0,1,2,13
,2015_51800,39.768039,-104.994788,3/27/2015 8:42,8:42,12,0,0,I-25 & 38TH AVE W,1,1,0,0,1,4,,,55,0,0,0,0,0,1,2,8
,2015_51801,39.779677,-104.989165,5/28/2015 4:31,4:31,5,0,0,I-25 & I-70,1,2,0,0,2,4,,,55,0,0,0,0,0,1,1,5
,2015_51802,39.767924,-104.995083,10/5/2015 2:49,2:49,5,0,0,I-25 NB OFF LOOP RAMP & PARK AVE WEST,1,3,0,0,3,8,,,25,0,0,0,0,0,1,1,5
,2015_51821,39.711099,-105.022962,4/1/2015 12:25,12:25,12,0,0,ALAMEDA AVE W & DECATUR ST S,1,1,1,0,1,4,,,35,0,0,0,0,0,2,2,3
,2015_51822,39.65308,-104.899164,1/4/2015 9:38,9:38,3,0,0,HAMPDEN AVE E & TAMARAC ST S,6,1,1,0,1,2,,,35,0,0,0,0,0,2,2,13
,2015_51823,39.653078,-104.898797,2/3/2015 18:46,18:46,12,0,0,HAMPDEN AVE & 7600 BLK E,1,3,1,0,1,4,,,40,0,0,0,0,1,2,3,12
,2015_51861,39.74036,-105.050969,1/12/2015 16:33,16:33,3,0,0,COLFAX AVE W & YATES ST N,1,1,0,0,1,1,,,30,0,0,0,0,0,2,2,13
,2015_51862,39.740284,-105.026285,3/23/2015 14:32,14:32,15,0,0,COLFAX AVE & 3000 BLK W,1,1,1,0,1,4,,,30,0,0,0,0,0,2,2,13
,2015_51863,39.740318,-105.014594,2/10/2015 7:20,7:20,12,0,0,COLFAX AVE & I-25,1,1,0,0,1,4,,,40,0,0,0,0,0,2,2,13
,2015_51864,39.740025,-104.998126,4/4/2015 14:53,14:53,15,0,0,SPEER BLVD N & COLFAX AVE W,1,1,0,0,1,1,,,35,0,0,0,0,0,2,2,13
,2015_51865,39.740007,-104.993436,1/22/2015 18:05,18:05,15,0,0,COLFAX AVE 300 BLK W & TREMONT ST,1,3,0,0,1,4,,,35,0,0,0,0,0,2,2,7
,2015_51866,39.740018,-104.99668,10/27/2015 15:05,15:05,12,0,0,COLFAX AVE W & GALAPAGO ST/WELTON ST,1,1,0,0,1,4,,,25,0,0,0,0,0,2,2,16
,2015_51867,39.74003,-104.982271,1/30/2015 2:30,2:30,12,0,0,COLFAX AVE 400 BLK E & LOGAN ST,1,3,0,0,1,3,,,35,0,0,0,0,0,2,3,7
,2015_51868,39.74003,-104.982271,6/21/2015 18:30,18:30,1,0,0,COLFAX AVE E & LOGAN ST N,1,1,0,0,1,1,,,30,0,0,0,0,0,2,2,13
,2015_51869,39.740013,-104.969489,1/7/2015 18:20,18:20,6,0,0,COLFAX AVE 1500 E & HUMBOLDT ST N,1,3,0,0,1,4,,,30,0,0,0,0,0,2,3,7
,2015_51870,39.739974,-104.961015,7/28/2015 11:50,11:50,12,0,0,COLFAX AVE E & GAYLORD ST N,1,1,0,0,1,1,,,30,0,0,0,0,0,2,2,13
,2015_51871,39.739974,-104.961015,8/9/2015 21:00,21:00,3,0,0,COLFAX AVE E & GAYLORD ST N,2,3,0,1,1,1,,,30,0,0,0,0,1,2,2,1
,2015_51872,39.74016,-104.953884,6/7/2015 1:33,1:33,6,0,0,COLFAX AVE 2800 BLK E & DETROIT ST N (RD S),1,3,0,0,1,4,,,30,0,0,0,0,0,2,2,5
,2015_51873,39.74008,-104.897513,3/22/2015 2:11,2:11,12,0,0,COLFAX AVE E & SPRUCE ST N,1,3,0,0,1,1,,,35,0,0,0,0,0,2,2,13
,2015_51906,39.780083,-104.989627,11/5/2015 15:35,15:35,12,0,0,I-70 WB OFF LOOP RAMP TO & SB I-25 INTERCHANGE,1,1,0,0,1,8,,,55,0,0,0,0,0,1,2,1
,2015_51910,39.783138,-105.006328,1/5/2015 0:33,0:33,5,0,0,I-70 & PECOS ST N,2,3,1,0,3,1,,,40,0,0,0,0,0,1,1,1
,2015_51911,39.779895,-104.967089,6/17/2015 11:17,11:17,15,0,0,I-70 & BRIGHTON BLVD N,1,1,0,0,1,4,,,55,0,0,0,0,0,1,2,13
,2015_51912,39.780015,-104.963318,7/4/2015 2:05,2:05,12,0,2,I-70 EB ON  RAMP GORE PT FROM & BRIGHTON BLVD N,1,3,0,0,1,4,,,55,0,0,0,0,2,1,2,14
,2015_51913,39.779944,-104.940633,5/5/2015 10:05,10:05,15,0,0,I-70 & COLORADO BLVD N,2,1,0,0,1,4,,,55,0,0,0,0,0,1,2,3
,2015_51914,39.779945,-104.94044,4/17/2015 11:24,11:24,12,0,0,I-70 WB OFF RAMP TO NB & COLORADO BLVD,2,1,1,1,1,8,,,45,0,0,0,0,0,1,2,10
,2015_51915,39.778289,-104.911859,5/6/2015 19:32,19:32,15,0,0,I-70 & MM 278,1,2,0,1,1,4,,,55,0,0,0,0,0,1,2,13
,2015_51916,39.7783,-104.903459,2/17/2015 18:00,18:00,12,0,0,I-70 & NORTHFIELD N/QUEBEC ST,1,3,1,0,1,4,,,55,0,0,0,0,0,1,2,13
,2015_51917,39.775193,-104.860795,3/9/2015 8:26,8:26,12,0,0,I-70 & HAVANA ST N,1,1,0,0,1,4,,,55,0,0,0,0,1,1,2,13
,2015_51918,39.7783,-104.903459,7/16/2015 10:51,10:51,12,0,0,I-70 & QUEBEC ST N,1,1,0,0,1,4,,,55,0,0,0,0,0,1,2,13
,2015_51919,39.774335,-104.850848,4/21/2015 7:10,7:10,15,0,0,I-70 WB ON RAMP AT METER & PEORIA ST N,1,1,0,0,1,8,,,45,0,0,0,0,0,1,2,13
,2015_51920,39.774068,-104.847761,3/3/2015 9:20,9:20,12,0,1,I-70 EB OFF SLIP RAMP & PEORIA ST N,1,1,1,2,1,8,,,45,0,0,0,0,3,1,2,3
,2015_51921,39.774005,-104.847034,6/30/2015 18:36,18:36,12,0,0,I-70 & PEORIA ST N,1,2,1,0,1,4,,,55,0,0,0,0,0,1,3,13
,2015_51944,39.698614,-104.903604,4/6/2015 12:59,12:59,1,0,1,LEETSDALE DR & QUEBEC ST S,1,1,0,0,1,1,,,40,0,0,0,0,2,2,3,1
,2015_51945,39.698614,-104.903604,4/16/2015 8:05,8:05,15,0,0,QUEBEC ST S & LEETSDALE DR,4,1,1,2,1,1,,,35,0,0,0,0,1,2,2,7
,2015_51946,39.700274,-104.908215,1/9/2015 11:19,11:19,3,0,0,LEETSDALE DR 7000 & ONEIDA ST S,2,1,0,0,1,2,,,35,0,0,0,0,1,2,2,7
,2015_51957,39.689371,-104.992053,5/26/2015 11:22,11:22,10,0,0,FLORIDA AVE W & SANTA FE DR S,1,1,0,0,1,1,,,45,0,0,0,0,0,2,2,13
,2015_51958,39.695091,-104.992448,2/12/2015 11:26,11:26,5,0,0,SANTA FE DR 1100 BLK S & ARIZONA AVE W,1,1,0,0,2,4,,,40,0,0,0,0,0,2,1,10
,2015_51959,39.695597,-104.992335,1/30/2015 16:39,16:39,3,0,0,PLATTE RIVER DR S & SANTA FE DR S,1,1,0,0,1,1,,,30,0,0,0,0,0,2,2,13
,2015_51964,39.728975,-105.02514,8/25/2015 20:53,20:53,1,0,0,FEDERAL BLVD & 8TH AVE W,1,3,0,0,1,2,,,35,0,0,0,0,1,2,2,13
,2015_51965,39.727529,-105.025127,7/31/2015 14:42,14:42,12,0,0,FEDERAL BLVD 700 BLK N & 7TH AVE W,1,1,1,0,1,1,,,35,0,0,0,0,1,2,2,13
,2015_51966,39.72328,-105.02517,3/14/2015 11:55,11:55,3,0,0,FEDERAL BLVD N & 5TH AVE W,1,1,0,0,1,2,,,25,0,0,0,0,0,2,2,7
,2015_51967,39.695855,-105.025065,3/19/2015 14:40,14:40,1,0,0,FEDERAL BLVD 1100 BLK S & MISSISSIPPI AVE W,1,1,0,0,1,3,,,35,0,0,0,0,1,2,2,13
,2015_51968,39.690448,-105.025052,8/10/2015 18:25,18:25,1,0,0,FEDERAL BLVD S & FLORIDA AVE W,1,1,1,0,1,2,,,40,0,0,0,0,1,2,2,7
,2015_51986,39.679174,-105.053262,6/6/2015 16:11,16:11,1,0,0,SHERIDAN BLVD S & EVANS AVE W,1,1,0,0,1,1,,,40,0,0,0,0,1,2,2,13
,2015_51987,39.682698,-105.053196,5/7/2015 10:44,10:44,12,0,1,SHERIDAN BLVD S & JEWELL AVE W,1,1,1,0,1,3,,,40,0,0,0,0,2,2,2,3
,2015_51990,39.733137,-105.053226,5/8/2015 15:40,15:40,3,0,0,10TH AVE W & SHERIDAN BLVD,1,1,0,0,1,2,,,30,0,0,0,0,0,2,2,13
,2015_51994,39.770089,-105.053248,5/30/2015 14:25,14:25,3,0,0,SHERIDAN BLVD N & 3820,1,1,0,0,1,2,,,35,0,0,0,0,0,2,2,14
,2015_52009,39.778365,-104.922574,1/16/2015 18:15,18:15,12,0,0,I-70 & MM 277.5,1,3,0,0,1,4,,,55,0,0,0,0,0,1,2,13
,2015_52011,39.614558,-105.091147,3/15/2015 13:15,13:15,12,0,0,WADSWORTH BLVD S & CROSS DR W,1,1,0,0,1,4,,,45,0,0,0,0,0,2,2,12
,2015_52012,39.614838,-105.091144,6/24/2015 14:30,14:30,12,0,0,WADSWORTH BLVD S & CROSS DR W,1,1,0,0,1,4,,,45,0,0,0,0,0,2,3,3
,2015_52013,39.616946,-105.091122,2/13/2015 17:45,17:45,12,0,0,WADSWORTH BLVD 5400 BLK S & CRESTLINE AVE W,1,2,0,0,1,4,,,45,0,0,0,0,0,2,2,13
,2015_52014,39.61833,-105.091109,4/9/2015 16:13,16:13,1,0,1,WADSWORTH BLVD S & CRESTLINE AVE W,1,1,0,0,1,1,,,30,0,0,0,0,2,2,2,1
,2015_52067,39.791611,-104.959285,6/19/2015 16:11,16:11,3,0,0,BRIGHTON BLVD N & YORK ST N,1,1,0,0,1,1,,,45,0,0,0,0,1,2,2,13
,2015_52071,39.776947,-104.881674,4/10/2015 7:17,7:17,12,0,0,I-270 EB DIRECT CONNECT TO EB & I-70 RAMP GORE PT,1,1,0,0,1,4,,,55,0,0,0,0,0,1,2,13
,2015_52081,39.652979,-104.917736,4/18/2015 13:35,13:35,15,0,0,HAMPDEN AVE E & I-25 NB RAMPS,2,1,0,1,1,1,,,40,0,0,0,0,0,2,2,13
,2015_52082,39.757279,-105.025132,12/14/2015 16:59,16:59,12,0,0,FEDERAL BLVD & 2800 BLK N,1,1,1,0,1,4,,,35,0,0,0,0,0,2,2,13
,2015_52083,39.765544,-105.025174,7/30/2015 15:27,15:27,12,0,0,FEDERAL BLVD N & 35TH AVE W,1,1,0,0,1,1,,,35,0,0,0,0,1,2,2,12
,2015_52084,39.791115,-105.025181,2/11/2015 14:25,14:25,1,0,0,FEDERAL BLVD N & 52ND AVE W,1,1,0,0,1,1,,,35,0,0,0,0,0,2,2,13
,2015_52266,0,0,11/24/2015 17:04,17:04,3,0,0,8TH AVE W & SANTA FE DR N,1,2,1,0,1,1,,,30,0,0,0,0,0,4,2,13
,2015_52297,0,0,1/9/2015 6:34,6:34,11,0,0,8TH AVE E & LINCOLN ST N,5,3,0,0,1,1,,,35,0,1,0,0,1,4,2,8
,2015_52298,0,0,3/10/2015 11:50,11:50,10,0,0,8TH AVE E & MARION ST N,1,1,0,0,1,1,,,30,0,0,0,0,0,4,2,13
,2015_52299,0,0,3/16/2015 12:23,12:23,3,0,0,8TH AVE W & SANTA FE DR N,1,1,0,7,1,1,,,30,0,0,0,0,1,4,2,7
,2015_52300,0,0,2/24/2015 7:15,7:15,5,0,0,8TH AVE W & VALLEJO ST N,5,1,2,2,3,4,,,25,0,0,0,0,1,4,1,13
,2015_52301,0,0,2/1/2015 0:20,0:20,14,0,0,8TH AVE 5000 BLK W & YATES ST N,4,3,1,2,1,3,,,25,0,0,0,0,0,4,2,5
,2015_52302,0,0,7/15/2015 13:30,13:30,6,0,0,9TH AVE W & ACOMA ST N,1,1,1,0,1,4,,,25,0,0,0,0,0,4,2,13
,2015_52303,0,0,4/27/2015 12:10,12:10,3,0,0,11TH AVE E & WASHINGTON ST N,1,1,1,0,1,1,,,35,0,0,0,0,0,4,5,3
,2015_52304,0,0,1/22/2015 15:37,15:37,6,0,0,13TH AVE & ELATI ST N,1,1,0,7,1,4,,,25,0,0,0,0,0,4,2,16
,2015_52305,0,0,5/5/2015 11:36,11:36,12,0,0,13TH AVE E & HUDSON ST N,2,1,0,1,1,1,,,30,0,0,0,0,0,4,2,14
,2015_52306,0,0,3/25/2015 3:25,3:25,6,0,0,13TH AVE 3100 BLK E & STEELE ST N,1,3,1,7,1,4,,,30,0,0,0,0,0,4,3,16
,2015_52307,0,0,5/1/2015 16:44,16:44,6,0,0,13TH AVE 3100 BLK E & STEELE ST,1,1,0,7,1,4,,,30,0,0,0,0,0,4,2,2
,2015_52308,0,0,11/20/2015 8:30,8:30,3,0,0,16TH AVE E & COOK ST N,1,1,0,0,1,1,,,25,0,0,0,0,0,4,2,13
,2015_52309,0,0,4/29/2015 21:26,21:26,6,0,0,16TH AVE 1700 BLK E & GILPIN ST N,1,3,0,7,1,4,,,25,0,0,0,0,0,4,3,14
,2015_52310,0,0,2/23/2015 12:11,12:11,12,0,0,16TH AVE E & PARK AVE,4,1,0,7,1,4,,,30,0,0,0,0,0,4,2,16
,2015_52311,0,0,5/14/2015 18:15,18:15,3,0,0,16TH AVE E & RACE ST N,1,1,1,7,1,1,,,30,0,0,0,0,1,4,2,7
,2015_52312,0,0,6/22/2015 14:10,14:10,15,0,0,18TH AVE E & 17TH AVE E,1,1,0,7,1,4,,,30,0,0,0,0,0,4,2,1
,2015_52313,0,0,12/22/2015 14:55,14:55,3,0,1,20TH AVE E & CLARKSON ST N,5,1,0,0,1,2,,,30,0,0,0,0,3,4,2,13
,2015_52314,0,0,4/14/2015 11:08,11:08,3,0,0,18TH AVE E & DOWNING ST N,1,1,0,7,1,1,,,35,0,0,0,0,0,4,2,7
,2015_52315,0,0,4/9/2015 9:41,9:41,3,0,0,23RD AVE E & GRAPE ST N,1,1,0,0,1,1,,,25,0,0,0,0,0,4,2,13
,2015_52316,0,0,1/9/2015 10:42,10:42,6,0,0,LINCOLN ST & 1500 BLK S,5,1,0,0,1,4,,,25,0,0,0,0,0,4,2,13
,2015_52317,0,0,2/7/2015 12:46,12:46,15,0,0,23RD AVE E & COLORADO BLVD N,1,1,0,7,1,1,,,30,0,0,0,0,0,4,2,16
,2015_52318,0,0,2/4/2015 21:16,21:16,6,0,0,23RD AVE 2800 BLK W & DECATUR ST N,1,3,0,7,1,4,,,25,0,0,0,0,0,4,2,14
,2015_52319,0,0,1/5/2015 8:14,8:14,3,0,0,W 30TH AVE & WYANDOT ST N,5,1,0,0,1,1,,,30,0,0,0,0,0,4,3,14
,2015_52320,0,0,7/7/2015 21:18,21:18,3,0,0,31ST AVE E & MARION ST N,1,3,0,7,1,1,,,30,0,0,0,0,1,4,2,16
,2015_52321,0,0,4/24/2015 15:51,15:51,10,0,0,32ND AVE 3400 BLK W & LOWELL BLVD N,2,1,0,1,1,3,,,30,0,0,0,0,0,4,2,14
,2015_52322,0,0,5/6/2015 17:15,17:15,1,0,0,35TH AVE E & CENTRAL PARK BLVD N,1,1,0,0,1,1,,,30,0,0,0,0,1,4,2,13
,2015_52323,0,0,5/26/2015 14:16,14:16,15,0,0,38TH AVE & 3300 BLK W,1,1,1,0,1,4,,,35,0,0,0,0,0,4,2,13
,2015_52324,0,0,6/18/2015 9:10,9:10,1,0,1,40TH AVE E & AIRPORT RD N,1,1,0,0,1,1,,,45,0,0,0,0,2,4,2,13
,2015_52325,0,0,1/30/2015 8:22,8:22,12,0,0,40TH AVE E & HAVANA ST N,1,1,0,7,1,1,,,25,0,0,0,0,0,4,2,16
,2015_52326,0,0,3/15/2015 16:45,16:45,6,0,0,47TH AVE E & 1650,1,1,0,0,1,4,,,25,0,0,0,0,0,4,2,13