id,drcog_id,latitude,longitude,crashtime,time,crashtype,numbkilled,numbinjurd,drcoglocat,rdconditin,lightngcon,roadcntgrd,weatherco,location,roaddescrp,schoolzone,constrzone,splimit,bikeinv,pedinv,sctrinv,motoinv,svrty,rdsystem,ttlvehcls,hcf
,2015_52327,0,0,2/8/2015 21:01,21:01,7,0,0,46TH AVE E & DAHLIA ST N,1,4,0,0,1,1,,,30,0,0,0,0,0,4,1,13
,2015_52328,0,0,2/27/2015 17:20,17:20,1,0,1,46TH AVE E & PEORIA ST N,9,2,0,7,1,3,,,35,0,0,0,0,2,4,2,8
,2015_52329,0,0,4/20/2015 18:43,18:43,12,0,0,51ST AVE & 11909 BLK E,1,1,0,0,1,3,,,15,0,0,0,0,0,4,2,13
,2015_52330,0,0,7/27/2015 14:28,14:28,12,0,0,78TH AVE E & 24050,1,1,0,0,1,4,,,45,0,0,0,0,0,4,2,7
,2015_52331,0,0,4/25/2015 17:15,17:15,3,0,0,ALAMEDA AVE W & BANNOCK ST S,1,1,0,7,1,1,,,30,0,0,0,0,0,4,2,14
,2015_52332,0,0,6/30/2015 11:50,11:50,1,0,0,ALAMEDA AVE W & CHEROKEE ST S,1,1,0,7,1,1,,,35,0,0,0,0,1,4,2,16
,2015_52333,0,0,2/25/2015 16:24,16:24,12,0,0,ALAMEDA AVE 4400 BLK E & CLERMONT ST S,6,1,1,2,1,4,,,35,0,0,0,0,1,4,2,3
,2015_52334,0,0,6/16/2015 13:45,13:45,12,0,1,ALAMEDA AVE W & SANTA FE DR S,1,1,0,7,1,1,,,30,0,0,0,0,3,4,2,16
,2015_52335,0,0,12/22/2015 22:30,22:30,15,0,0,ALAMEDA AVE E & QUEBEC ST S,1,3,0,0,1,1,,,30,0,0,0,0,0,4,2,13
,2015_52336,0,0,6/5/2015 16:54,16:54,12,0,0,BRIGHTON BLVD 3700 BLK N & 38TH ST,2,1,0,1,1,3,,,35,0,0,0,0,0,4,2,16
,2015_52337,0,0,6/8/2015 12:45,12:45,3,0,0,ALBROOK DR 12800 BLK E & TULSA CT N,1,1,0,0,1,2,,,,0,0,0,0,0,4,2,7
,2015_52338,0,0,3/3/2015 14:00,14:00,6,0,0,ALCOTT ST N & ELLSWORTH AVE W,5,1,1,7,1,4,,,25,0,0,0,0,0,4,2,7
,2015_52339,0,0,2/21/2015 14:11,14:11,6,0,1,ARIZONA AVE 3400 BLK E & COOK ST S,2,1,0,2,1,4,,,30,0,0,0,0,2,4,3,5
,2015_52340,0,0,6/12/2015 11:48,11:48,12,0,0,BRIGHTON BLVD 2800 BLK N & 29TH ST,1,1,0,7,1,4,,,30,0,0,0,0,0,4,2,16
,2015_52341,0,0,1/13/2015 19:05,19:05,12,0,0,BROADWAY ST 300 BLK N & 3RD AVE W,2,3,0,2,1,4,,,30,0,0,0,0,0,4,2,12
,2015_52342,0,0,1/28/2015 13:09,13:09,11,0,1,BROADWAY ST S & ALAMEDA AVE E,1,1,0,0,1,1,,,35,0,1,0,0,3,4,2,14
,2015_52343,0,0,4/4/2015 13:17,13:17,15,0,0,BROADWAY ST S & ARCHER PL W,1,1,0,7,1,4,,,30,0,0,0,0,0,4,2,16
,2015_52344,0,0,2/14/2015 17:41,17:41,15,0,0,BROADWAY ST 300 BLK S & DAKOTA AVE E,1,2,0,7,1,4,,,30,0,0,0,0,1,4,2,16
,2015_52345,0,0,7/18/2015 7:44,7:44,6,0,0,BROADWAY ST S & IOWA AVE E,1,1,0,7,1,4,,,35,0,0,0,0,1,4,2,10
,2015_52346,0,0,5/23/2015 18:10,18:10,3,0,0,BROADWAY ST N & LAWRENCE ST,1,2,0,0,1,1,,,30,0,0,0,0,1,4,2,13
,2015_52347,0,0,3/10/2015 17:00,17:00,12,0,0,BROADWAY S & OHIO AVE E,1,1,0,7,1,3,,,30,0,0,0,0,0,4,2,16
,2015_52348,0,0,5/4/2015 5:50,5:50,15,0,0,BROADWAY ST 2400 BLK N & LAWRENCE ST,2,2,0,7,1,4,,,5,0,0,0,0,0,4,2,1
,2015_52349,0,0,7/22/2015 11:28,11:28,6,0,0,BRUCE RANDOLPH AVE E & BIRCH ST,1,1,1,0,1,4,,,25,0,0,0,0,0,4,2,13
,2015_52350,0,0,1/3/2015 14:33,14:33,12,0,0,CHAMBERS BLVD 4000 BLK N & 40TH AVE E,4,1,1,2,1,4,,,40,0,0,0,0,1,4,2,16
,2015_52351,0,0,6/13/2015 18:09,18:09,6,0,0,CHANDLER CT & 5500 BLK N,1,1,0,0,1,4,,,25,0,0,0,0,0,4,2,4
,2015_52352,0,0,1/7/2015 9:46,9:46,8,0,0,CHERRY CREEK DR S 2400 & UNIVERSITY BLVD S,5,1,0,7,1,4,,,35,0,0,0,0,1,4,2,7
,2015_52353,0,0,6/20/2015 0:51,0:51,12,0,0,CLARKSON ST 1100 BLK N & 12TH AVE E,1,3,0,7,1,4,,,30,0,0,0,0,0,4,2,5
,2015_52354,0,0,10/26/2015 16:45,16:45,5,0,0,CLERMONT ST & 2692 N,1,1,0,0,3,4,,,25,0,0,0,0,0,4,1,7
,2015_52355,0,0,8/3/2015 10:45,10:45,3,0,0,N CORONA ST & 9TH AVE E,1,1,0,7,1,1,,,30,0,0,0,0,0,4,2,16
,2015_52356,0,0,7/15/2015 11:49,11:49,11,0,1,DAHLIA ST 800 BLK N & 8TH AVE E,1,1,0,0,1,1,,,25,0,1,0,0,3,4,2,3
,2015_52357,0,0,10/16/2015 5:55,5:55,6,0,0,DALE CT S & 155,1,3,1,7,1,4,,,25,0,0,0,0,0,4,2,1
,2015_52358,0,0,4/13/2015 7:30,7:30,3,0,0,DAHLIA ST N & STAPLETON DR S,1,1,0,7,1,1,,,30,0,0,0,0,1,4,2,7
,2015_52359,0,0,7/8/2015 18:48,18:48,3,0,0,DAKOTA AVE W & BROADWAY ST S,2,1,0,1,1,2,,,10,0,0,0,0,0,4,2,16
,2015_52360,0,0,8/16/2015 20:35,20:35,5,0,0,DARTMOUTH AVE & 10700 BLK E,1,2,0,1,3,1,,,35,0,0,0,0,0,4,1,7
,2015_52361,0,0,3/6/2015 15:52,15:52,14,0,0,DARTMOUTH AVE E & EUDORA ST S,12,1,0,0,1,3,,,20,0,0,0,0,0,4,2,13
,2015_52362,0,0,7/30/2015 14:44,14:44,3,0,0,DOWNING ST S & DAKOTA AVE E,1,1,0,0,1,1,,,25,0,0,0,1,1,4,3,12
,2015_52363,0,0,7/30/2015 14:15,14:15,6,0,0,DOWNING ST S & WESLEY AVE E,1,1,0,7,1,1,,,30,0,0,0,0,0,4,2,7
,2015_52364,0,0,4/24/2015 21:30,21:30,6,0,0,DULUTH CT 4900 BLK N & BOLLING DR E,1,3,0,7,1,4,,,25,0,0,0,0,0,4,3,5
,2015_52365,0,0,8/15/2015 19:00,19:00,3,0,0,N ENID WAY & E GATEWAY AVE,1,2,0,7,1,1,,,35,0,0,0,0,1,4,2,16
,2015_52366,0,0,10/24/2015 19:40,19:40,14,0,0,EMERSON ST 1700 BLK & 17TH AVE,1,3,0,0,1,4,,,20,0,0,0,0,0,4,2,14
,2015_52367,0,0,7/27/2015 12:41,12:41,12,0,0,EVANS AVE & 1700 BLK E,1,1,0,0,1,4,,,35,0,0,0,0,0,4,3,13
,2015_52368,0,0,4/23/2015 7:45,7:45,1,0,0,EVANS AVE E & DOWNING ST S,1,1,0,7,1,1,,,35,0,0,0,0,0,4,2,16
,2015_52369,0,0,7/22/2015 16:00,16:00,15,0,0,EVANS AVE E & DOWNING ST S,1,1,0,0,1,3,,,35,0,0,0,0,0,4,2,13
,2015_52370,0,0,8/21/2015 18:09,18:09,8,0,1,EVANS AVE & 3440 BLK W,1,1,0,0,1,4,,,25,0,0,0,1,2,4,2,5
,2015_52371,0,0,6/11/2015 6:25,6:25,12,0,0,EVANS AVE 100 BLK E & SHERMAN ST S,1,2,0,0,1,2,,,35,0,0,0,0,0,4,2,13
,2015_52372,0,0,7/3/2015 18:50,18:50,3,0,0,EVANS AVE W & TENNYSON ST S,1,1,0,0,1,1,,,30,0,0,0,0,0,4,2,13
,2015_52373,0,0,2/21/2015 18:59,18:59,15,0,0,EVANS AVE W & ZUNI ST S,5,3,1,2,1,4,,,35,0,0,0,0,0,4,2,14
,2015_52374,0,0,2/28/2015 7:00,7:00,6,0,0,GRAPE ST 700 BLK S & EXPOSITION AVE E,4,1,0,2,1,3,,,25,0,0,0,0,0,4,2,16
,2015_52375,0,0,2/24/2015 17:00,17:00,3,0,0,GROVE ST S & BAYAUD AVE W,1,1,0,7,1,1,,,25,0,0,0,0,0,4,2,7
,2015_52376,0,0,4/1/2015 10:59,10:59,12,0,0,GVR BLVD E & TOWER RD N,1,1,0,7,1,3,,,40,0,0,0,0,0,4,2,3
,2015_52377,0,0,1/2/2015 11:29,11:29,6,0,0,HALIFAX WY N & FUNDY ST N,4,1,1,0,1,4,,,25,0,0,0,0,0,4,2,10
,2015_52378,0,0,11/30/2015 14:30,14:30,6,0,0,HIGHLAND PARK PL & 3000 BLK W,5,1,1,7,1,4,,,25,0,0,0,0,0,4,2,16
,2015_52379,0,0,6/1/2015 11:58,11:58,3,0,0,HIGH ST S & CENTER AVE E,1,1,0,7,1,1,,,25,0,0,0,0,0,4,2,16
,2015_52380,0,0,1/21/2015 7:30,7:30,6,0,0,JULIAN WAY 1800 BLK S & IOWA AVE W,1,3,0,7,1,4,,,25,0,0,0,0,0,4,2,1
,2015_52381,0,0,5/29/2015 10:35,10:35,3,0,0,HOLLY ST S & YALE AVE E,1,1,0,7,1,1,,,30,0,0,0,0,0,4,2,16
,2015_52382,0,0,1/15/2015 14:55,14:55,3,0,0,JOSEPHINE 800 BLK N & 8TH AVE E,1,1,0,0,1,1,,,30,0,0,0,0,0,4,2,13
,2015_52383,0,0,1/18/2015 2:08,2:08,6,0,1,KALAMATH ST & 3816 BLK N,1,4,0,0,1,4,,,25,0,0,0,0,2,4,2,5
,2015_52384,0,0,6/29/2015 10:31,10:31,3,0,0,KENYON AVE E & YOSEMITE ST S,1,1,0,0,1,1,,,35,0,0,0,0,0,4,2,13
,2015_52385,0,0,2/13/2015 16:35,16:35,3,0,1,MEADE ST N & 20TH AVE W,1,1,1,7,1,1,,,25,0,0,0,0,2,4,2,16
,2015_52386,0,0,4/2/2015 13:51,13:51,6,0,0,MEXICO AVE 3000 BLK W & FEDERAL BLVD 1701 S,1,1,2,7,1,4,,,15,0,0,0,0,0,4,2,14
,2015_52387,0,0,4/22/2015 7:52,7:52,15,0,0,MISSISSIPPI AVE 100 BLK W & BROADWAY ST S,1,1,0,7,1,4,,,30,0,0,0,0,0,4,2,1
,2015_52388,0,0,5/13/2015 0:59,0:59,6,0,0,MISSOURI AVE E & DAHLIA ST S,1,3,0,7,1,4,,,30,0,0,0,0,0,4,2,5
,2015_52389,0,0,3/12/2015 8:22,8:22,12,0,0,MLK BLVD E & MONACO ST N,1,1,1,7,1,3,,,35,0,0,0,0,0,4,2,16
,2015_52390,0,0,7/23/2015 16:52,16:52,12,0,0,MLK BLVD E & MONACO PKWY N,1,1,0,7,1,4,,,35,0,0,0,0,1,4,4,16
,2015_52391,0,0,5/5/2015 15:24,15:24,15,0,0,MLK BLVD E & ST PAUL ST N,1,1,0,7,1,4,,,35,0,0,0,0,0,4,2,16
,2015_52392,0,0,10/28/2015 18:52,18:52,10,0,0,MORRISON RD & NEWTON ST S,1,3,0,0,1,4,,,35,0,0,0,1,1,4,2,16
,2015_52393,0,0,9/17/2015 18:28,18:28,6,0,0,OGDEN ST 1000 BLK N & 11TH AVE E,1,1,0,7,1,4,,,30,0,0,0,0,0,4,2,1
,2015_52394,0,0,4/14/2015 14:04,14:04,12,0,0,MONTVIEW AVE E & QUEBEC ST N,1,1,0,7,1,4,,,30,0,0,0,0,1,4,2,16
,2015_52395,0,0,7/2/2015 6:17,6:17,3,0,0,PARK AVE W & GLOBEVILLE RD,2,1,1,1,1,1,,,35,0,0,0,0,0,4,2,13
,2015_52396,0,0,8/4/2015 19:34,19:34,15,0,0,PARK AVE W 1300 BLK & LARIMER ST,1,1,0,0,1,4,,,30,0,0,0,0,0,4,2,14
,2015_52397,0,0,6/28/2015 1:45,1:45,1,0,0,PARK AVE W & WASHINGTON ST N,1,3,0,0,1,1,,,35,0,0,0,0,1,4,2,1
,2015_52398,0,0,7/11/2015 8:12,8:12,15,0,0,PENA BLVD N & TOWER RD OFF RAMP,1,1,0,7,1,3,,,55,0,0,0,0,0,4,2,1
,2015_52399,0,0,4/25/2015 16:36,16:36,15,0,0,PEORIA ST 3800 BLK N & 39TH AVE E,1,1,0,7,1,4,,,35,0,0,0,0,0,4,2,16
,2015_52400,0,0,6/30/2015 20:09,20:09,12,0,0,PEORIA ST N & 39TH AVE E,1,3,1,7,1,4,,,35,0,0,0,0,1,4,2,16
,2015_52401,0,0,4/1/2015 15:40,15:40,3,0,0,QUEBEC ST S & MISSISSIPPI AVE E,1,1,0,7,1,1,,,30,0,0,0,0,1,4,2,3
,2015_52402,0,0,11/29/2015 21:50,21:50,6,0,0,QUITMAN ST & 246 N,2,4,0,2,1,4,,,25,0,0,0,0,0,4,2,5
,2015_52403,0,0,5/23/2015 10:50,10:50,4,0,0,RARITAN ST S & KENTUCKY AVE W,1,1,0,7,1,4,,,25,0,0,0,0,0,4,1,16
,2015_52404,0,0,7/12/2015 12:53,12:53,3,0,0,RICHTOFEN & YOSEMITE ST,1,1,0,7,1,1,,,25,0,0,0,0,1,4,2,8
,2015_52405,0,0,2/22/2015 17:49,17:49,5,0,0,SPEER BLVD 1000 BLK N & 11TH AVE W,4,4,0,2,2,4,,,35,0,0,0,0,0,4,1,7
,2015_52406,0,0,7/23/2015 6:00,6:00,10,0,0,17TH ST 400 BLK & TREMONT PL,1,1,0,0,1,4,,,25,0,0,0,0,0,4,2,8
,2015_52407,0,0,5/23/2015 9:30,9:30,12,0,0,18TH ST 800 BLK & CHAMPA,1,1,0,7,1,4,,,30,0,0,0,0,0,4,2,3
,2015_52408,0,0,3/14/2015 17:48,17:48,3,0,0,32ND ST 1100 BLK & LAWRENCE ST,1,1,0,0,1,1,,,30,0,0,0,0,0,4,2,13
,2015_52409,0,0,2/24/2015 23:08,23:08,6,0,0,32ND ST 800 BLK & STOUT ST,5,3,0,7,1,5,,,25,0,0,0,0,0,4,2,16
,2015_52410,0,0,1/11/2015 11:07,11:07,1,0,0,38TH ST & ARKINS CT,10,1,0,7,1,1,,,30,0,0,0,0,0,4,2,16
,2015_52411,0,0,10/25/2015 18:30,18:30,12,0,0,SANTA FE DR 200 BLK N & 3RD AVE W,1,3,0,0,1,4,,,35,0,0,0,0,0,4,2,13
,2015_52412,0,0,3/31/2015 13:38,13:38,12,0,0,SANTA FE DR & 1200 BLK N,1,1,1,0,1,4,,,30,0,0,0,0,0,4,2,13
,2015_52413,0,0,4/3/2015 9:40,9:40,1,0,0,SHERIDAN BLVD S & KENYON AVE W,1,1,0,0,1,1,,,35,0,0,0,0,0,4,2,13
,2015_52414,0,0,5/29/2015 20:25,20:25,15,0,0,SHERMAN ST 900 BLK N & 9TH AVE E,2,2,0,0,1,4,,,25,0,0,0,0,0,4,2,5
,2015_52415,0,0,5/11/2015 20:50,20:50,3,0,1,SPEER BLVD N & 8TH AVE W,1,3,0,7,1,1,,,35,0,0,0,0,2,4,2,5
,2015_52416,0,0,3/25/2015 7:15,7:15,6,0,0,STEELE ST 100 BLK N & 1ST AVE E,2,1,0,1,1,4,,,25,0,0,0,0,0,4,2,16
,2015_52417,0,0,4/6/2015 7:45,7:45,3,0,0,ST PAUL ST S & EVANS AVE E,1,1,0,7,1,1,,,35,0,0,0,0,0,4,3,16
,2015_52418,0,0,5/3/2015 13:11,13:11,1,0,0,UNIVERSITY BLVD S & TENNESSEE AVE E,1,1,0,7,1,1,,,30,0,0,0,0,0,4,2,16
,2015_52419,0,0,7/6/2015 9:00,9:00,1,0,0,UNIVERSITY BLVD S & VIRGINA AVE E,2,1,0,1,1,1,,,30,0,0,0,0,0,4,2,16
,2015_52420,0,0,9/23/2015 2:25,2:25,15,0,0,WASHINGTON ST N & 4TH AVE E,1,3,0,0,1,4,,,30,0,0,0,0,0,4,2,16
,2015_52421,0,0,7/21/2015 22:22,22:22,10,0,0,WALNUT ST & BROADWAY ST N,1,3,0,0,1,1,,,30,0,0,0,0,0,4,2,8
,2015_52422,0,0,2/19/2015 12:25,12:25,6,0,0,WARREN AVE W & DEPEW ST S,1,1,0,7,2,4,,,25,0,0,0,0,0,4,4,10
,2015_52423,0,0,1/7/2015 16:25,16:25,3,0,0,WASHINGTON ST N & 9TH AVE E,1,2,1,0,1,1,,,25,0,0,0,0,0,4,2,13
,2015_52424,0,0,2/17/2015 11:54,11:54,3,0,0,WASHINGTON ST S & LOUISIANA AVE E,1,1,0,0,1,1,,,25,0,0,0,0,0,4,2,13
,2015_52425,0,0,1/2/2015 10:21,10:21,12,0,0,WELTON ST & 18TH ST,5,1,1,7,1,1,,,30,0,0,0,0,0,4,2,14
,2015_52426,0,0,2/20/2015 1:05,1:05,5,0,0,WESLEY AVE W & HIGH ST S,1,3,0,0,4,1,,,25,0,0,0,0,0,4,1,5
,2015_52428,0,0,6/4/2015 12:02,12:02,3,0,0,YOSEMITE ST 3500 BLK S & HAMPDEN AVE E,1,1,1,0,1,2,,,35,0,0,0,0,0,4,2,13
,2015_52562,39.652949,-104.940686,1/5/2015 18:03,18:03,1,0,0,COLORADO BLVD S & HAMPDEN AVE E,2,4,0,0,1,1,,,30,0,0,0,0,0,2,2,13
,2015_52564,39.685667,-104.940548,7/24/2015 14:11,14:11,12,0,0,COLORADO BLVD 1500 BLK S & MEXICO AVE E,1,1,1,0,1,1,,,35,0,0,0,0,0,2,2,13
,2015_52565,39.692853,-104.94055,5/12/2015 9:56,9:56,12,0,0,COLORADO BLVD 1300 BLK S & LOUISIANA AVE E,1,1,0,0,1,3,,,40,0,0,0,0,1,2,3,3
,2015_52567,39.667466,-104.940609,7/22/2015 7:15,7:15,3,0,0,COLORADO BLVD S & YALE AVE E,1,1,0,0,1,1,,,35,0,0,0,0,0,2,2,13
,2015_52568,39.725476,-104.940629,7/16/2015 16:44,16:44,15,0,0,6TH AVE E & COLORADO BLVD N,1,1,0,0,1,3,,,30,0,0,0,0,0,2,2,13
,2015_52569,39.725835,-104.940629,3/2/2015 21:09,21:09,15,0,0,COLORADO BLVD N & 6TH AVE E,1,3,0,0,1,4,,,35,0,0,0,0,0,2,2,13
,2015_52571,39.747364,-104.940604,4/25/2015 15:25,15:25,12,0,0,COLORADO BLVD 2000 BLK N & MONTVIEW BLVD E,1,1,0,0,1,1,,,30,0,0,0,0,0,2,2,7
,2015_52572,39.754512,-104.940549,6/9/2015 16:05,16:05,1,0,0,26TH AVE E & COLORADO BLVD N,1,1,0,0,1,1,,,35,0,0,0,0,0,2,3,13
,2015_52573,39.758322,-104.940525,3/30/2015 14:23,14:23,3,0,0,29TH AVE E & COLORADO BLVD N,1,1,0,0,1,1,,,35,0,0,0,0,0,2,2,13
,2015_52579,39.72542,-105.025174,1/7/2015 16:31,16:31,12,0,0,6TH AVE W & FEDERAL BLVD N,1,1,1,0,1,4,,,55,0,0,0,0,0,2,2,14
,2015_52580,39.725218,-105.017695,3/23/2015 17:55,17:55,5,0,0,6TH AVE W & I-25 EB ON RAMP GORE PT,1,1,0,0,3,4,,,45,0,0,0,0,1,2,2,8
,2015_52581,39.725289,-105.016595,1/28/2015 13:53,13:53,15,0,0,6TH AVE W & MM 284.3,1,1,0,0,1,4,,,45,0,0,0,0,0,2,2,13
,2015_52582,39.781462,-104.949708,6/7/2015 21:50,21:50,12,0,0,VASQUEZ BLVD N & N STEELE ST,2,3,0,0,1,1,,,45,0,0,0,0,0,2,2,14
,2015_52611,39.64665,-104.914574,11/17/2015 5:00,5:00,15,0,0,I-25 & HAMPDEN AVE E,4,3,0,2,1,4,,,65,0,0,0,0,0,1,2,1
,2015_52612,39.623866,-104.901444,6/22/2015 16:35,16:35,12,0,0,I-25 & BELLEVIEW AVE E,1,1,0,0,1,4,,,65,0,0,0,0,0,1,3,13
,2015_52613,39.639097,-104.910179,4/27/2015 17:35,17:35,12,0,0,I-25 & QUINCY AVE E,1,1,0,0,1,4,,,65,0,0,0,0,0,1,2,13
,2015_52614,39.656555,-104.91981,2/16/2015 18:17,18:17,15,0,2,I-25 & HAMPDEN AVE E,5,3,0,2,1,4,,,65,0,0,0,0,2,1,2,7
,2015_52615,39.667387,-104.925448,6/18/2015 16:40,16:40,12,0,0,I-25 NB OFF RAMP & YALE AVE E,1,1,0,0,1,8,,,65,0,0,0,0,0,1,2,13
,2015_52616,39.66762,-104.92561,2/22/2015 18:30,18:30,15,0,0,I-25 & YALE AVE E,4,3,0,2,1,4,,,65,0,0,0,0,0,1,2,7
,2015_52617,39.68492,-104.959513,5/27/2015 12:55,12:55,12,0,0,I-25 NB OFF RAMP & UNIVERSITY BLVD S,1,1,1,0,1,1,,,45,0,0,0,0,0,1,2,13
,2015_52618,39.692284,-104.976903,3/21/2015 12:39,12:39,12,0,0,I-25 & EMERSON ST S,1,1,0,0,1,4,,,55,0,0,0,0,0,1,2,3
,2015_52619,39.694462,-104.979284,8/14/2015 17:44,17:44,12,0,0,I-25 & WASHINGTON ST S,1,1,0,0,1,4,,,60,0,0,0,0,0,1,2,13
,2015_52620,39.697473,-104.982744,7/9/2015 17:16,17:16,12,0,0,I-25 & LOGAN ST S,1,1,0,0,1,4,,,60,0,0,0,0,0,1,2,7
,2015_52621,39.684957,-104.961742,10/7/2015 18:35,18:35,15,0,0,I-25 SB OFF RAMP & UNIVERSITY BLVD S,1,1,0,0,1,8,,,25,0,0,0,0,0,1,2,16
,2015_52622,39.707122,-104.996782,3/31/2015 8:34,8:34,12,0,0,I-25 & SANTA FE DR S,1,1,1,0,1,4,,,55,0,0,0,0,0,1,2,1
,2015_52623,39.707122,-104.996782,6/4/2015 16:04,16:04,12,0,0,I-25 & SANTA FE DR S,1,1,0,0,1,4,,,45,0,0,0,0,0,1,2,12
,2015_52624,39.711855,-104.999283,4/1/2015 7:25,7:25,5,0,0,I-25 SB OFF RAMP & ALAMEDA AVE W,1,1,0,0,3,8,,,55,0,0,0,0,0,1,1,7
,2015_52626,39.751291,-105.016572,2/3/2015 23:15,23:15,5,0,1,I-25 & 23RD AVE W,1,3,0,0,2,4,,,55,0,0,0,0,2,1,1,5
,2015_52627,39.731543,-105.015521,10/29/2015 18:46,18:46,9,0,0,I-25 & MULBERRY PL W,1,3,1,0,1,4,,,55,0,0,0,0,0,1,3,16
,2015_52628,39.740506,-105.013959,9/28/2015 21:45,21:45,12,0,0,I-25 & EXIT 210A,1,3,1,0,1,4,,,55,0,0,0,0,0,1,3,8
,2015_52630,39.740095,-105.013916,8/17/2015 17:10,17:10,15,0,1,I-25 & COLFAX AVE W,1,1,0,0,1,4,,,55,0,0,0,0,2,1,2,16
,2015_52631,39.768039,-104.994788,12/5/2015 13:30,13:30,5,0,0,I-25 & FOX ST N,1,1,0,0,2,1,,,30,0,0,0,0,0,1,1,13
,2015_52632,39.766869,-104.997803,7/25/2015 5:32,5:32,15,0,0,I-25 & 20TH ST,1,1,1,0,1,4,,,55,0,0,0,0,0,1,3,3
,2015_52633,39.768039,-104.994788,5/25/2015 18:13,18:13,1,0,2,38TH AVE W & FOX ST N,1,1,0,0,1,1,,,35,0,0,0,0,2,1,2,13
,2015_52634,39.768039,-104.994788,5/24/2015 1:18,1:18,15,0,0,PARK AVE WEST & I-25 NB RAMPS,1,3,0,0,1,1,,,35,0,0,0,0,0,1,2,13
,2015_52635,39.779391,-104.989165,1/15/2015 17:30,17:30,12,0,0,I-25 & I-70,1,3,0,0,1,4,,,55,0,0,0,0,0,1,2,12
,2015_52651,39.711184,-105.000622,4/16/2015 9:08,9:08,10,0,0,ALAMEDA AVE W & PLATTE RIVER DR S,2,1,0,2,1,3,,,35,0,0,0,0,0,2,2,13
,2015_52652,39.653078,-104.898797,12/24/2015 16:30,16:30,12,0,0,HAMPDEN AVE & 4000 E,1,2,0,0,1,1,,,40,0,0,0,0,1,2,2,13
,2015_52653,39.65308,-104.891791,6/19/2015 22:15,22:15,3,0,0,HAMPDEN AVE E & VERBENA ST S,1,3,0,0,1,3,,,45,0,0,0,0,0,2,2,2
,2015_52654,39.653054,-104.884764,6/3/2015 15:17,15:17,14,0,0,HAMPDEN AVE E & YOSEMITE ST S,1,1,0,0,1,1,,,40,0,0,0,0,0,2,2,13
,2015_52655,39.653077,-104.898688,12/29/2015 3:30,3:30,5,0,0,TAMARAC DR S & HAMPDEN AVE E,1,3,1,0,3,1,,,35,0,0,0,0,0,2,1,13
,2015_52656,39.656992,-104.866396,2/2/2015 14:07,14:07,3,0,0,HAVANA ST S & GIRARD AVE E,1,1,0,0,1,1,,,45,0,0,0,0,0,2,2,13
,2015_52657,39.670857,-104.866047,6/24/2015 15:58,15:58,12,0,0,HAVANA ST S & PARKER RD S,1,1,0,0,1,4,,,35,0,0,0,0,0,2,2,3
,2015_52684,39.738642,-105.151303,3/1/2015 14:28,14:28,4,0,0,COLFAX AVE W & ORCHARD RD N,1,1,0,0,1,4,,,45,0,0,0,0,0,2,3,13
,2015_52687,39.740354,-105.049796,11/25/2015 17:03,17:03,3,0,0,XAVIER ST N & COLFAX AVE W,1,3,0,0,1,1,,,30,0,0,0,1,0,2,2,1
,2015_52688,39.740322,-105.053272,2/25/2015 22:19,22:19,12,0,0,COLFAX AVE W & SHERIDAN BLVD,4,3,0,2,1,1,,,35,0,0,0,0,0,2,2,13
,2015_52689,39.740336,-105.015419,7/21/2015 17:11,17:11,3,0,0,COLFAX AVE & I-25 SB OFF RAMP 'D',1,1,0,0,1,2,,,40,0,0,0,0,0,2,2,13
,2015_52690,39.740002,-104.991611,7/8/2015 14:20,14:20,11,0,1,COLFAX AVE W & CHEROKEE ST N,2,1,0,1,1,1,,,30,0,1,0,0,2,2,2,8
,2015_52691,39.740041,-104.983517,1/10/2015 12:20,12:20,12,0,0,COLFAX AVE 200 E & GRANT ST,1,1,0,0,1,4,,,35,0,0,0,0,0,2,2,8
,2015_52692,39.74003,-104.982271,4/17/2015 8:45,8:45,12,0,0,COLFAX AVE E & LOGAN ST N,2,1,0,1,1,4,,,30,0,0,0,0,0,2,2,14
,2015_52693,39.740008,-104.973453,1/25/2015 9:17,9:17,10,0,0,COLFAX AVE E & DOWNING ST N,1,1,0,0,1,1,,,30,0,0,0,0,0,2,2,13
,2015_52694,39.740011,-104.972037,2/18/2015 14:20,14:20,12,0,0,COLFAX AVE & MARION ST N (RD N),1,1,0,0,1,4,,,30,0,0,0,0,0,2,2,1
,2015_52695,39.740142,-104.947688,4/17/2015 13:15,13:15,3,0,0,COLFAX AVE E & COOK ST N (RD N),1,1,0,0,1,1,,,25,0,0,0,0,0,2,2,13
,2015_52696,39.740087,-104.904624,6/19/2015 11:36,11:36,15,0,0,POPLAR ST N & COLFAX AVE E,1,1,0,0,1,1,,,25,0,0,0,0,0,2,2,1
,2015_52715,39.783531,-105.043983,9/29/2015 14:15,14:15,15,0,0,I-70 & TENNYSON ST N,1,1,0,0,1,4,,,55,0,0,0,0,0,1,2,8
,2015_52719,39.783138,-105.006328,5/6/2015 17:01,17:01,12,0,0,I-70 & PECOS ST N,2,1,0,1,1,4,,,55,0,0,0,0,0,1,2,13
,2015_52720,39.783138,-105.006328,2/19/2015 10:15,10:15,12,0,0,PECOS ST 4700 BLK N & 48TH AVE W,1,1,0,0,1,6,,,35,0,0,0,0,0,1,2,14
,2015_52721,39.783138,-105.006328,5/27/2015 9:22,9:22,3,0,0,48TH AVE W & PECOS ST N,1,1,0,0,1,6,,,20,0,0,0,0,0,1,2,13
,2015_52722,39.779895,-104.967089,1/28/2015 12:20,12:20,15,0,0,I-70 & BRIGHTON BLVD N,1,1,0,0,1,4,,,55,0,0,0,0,0,1,2,14