id,drcog_id,latitude,longitude,crashtime,time,crashtype,numbkilled,numbinjurd,drcoglocat,rdconditin,lightngcon,roadcntgrd,weatherco,location,roaddescrp,schoolzone,constrzone,splimit,bikeinv,pedinv,sctrinv,motoinv,svrty,rdsystem,ttlvehcls,hcf
,2015_52723,39.779895,-104.967089,2/23/2015 4:35,4:35,15,0,0,I-70 & BRIGHTON BLVD N,4,3,0,2,1,4,,,55,0,0,0,0,0,1,2,7
,2015_52724,39.778278,-104.920109,8/10/2015 8:11,8:11,12,0,1,I-70 & IVY ST OFFSET REF,1,1,0,0,1,4,,,55,0,0,0,0,2,1,3,13
,2015_52725,39.778287,-104.912805,4/6/2015 9:41,9:41,12,0,0,I-70 & MONACO ST N,1,1,0,0,1,4,,,55,0,0,0,0,0,1,2,13
,2015_52726,39.7783,-104.903459,1/18/2015 15:40,15:40,12,0,0,I-70 & QUEBEC ST,1,1,0,0,1,4,,,55,0,0,0,0,0,1,2,13
,2015_52727,39.7783,-104.903459,4/24/2015 15:47,15:47,12,0,0,I-70 & NORTHFIELD N/QUEBEC ST N,1,1,0,0,1,4,,,55,0,0,0,0,0,1,2,13
,2015_52728,39.777095,-104.882471,6/1/2015 5:40,5:40,3,0,0,CENTRAL PARK BLVD N & I-70 WB RAMPS,1,1,0,0,1,3,,,35,0,0,0,0,0,1,2,13
,2015_52729,39.774005,-104.847034,2/13/2015 16:30,16:30,15,0,0,I-70 & PEORIA ST ON RAMP,1,1,0,0,1,4,,,55,0,0,0,0,0,1,2,13
,2015_52731,39.773989,-104.846848,4/26/2015 6:44,6:44,5,0,0,I-70 WB OFF RAMP & PEORIA ST N,2,2,2,1,3,8,,,35,0,0,0,0,0,1,1,13
,2015_52759,39.698614,-104.903604,6/7/2015 18:00,18:00,3,0,0,LEETSDALE DR & QUEBEC ST S,2,1,0,1,1,1,,,35,0,0,0,0,1,2,2,13
,2015_52760,39.699764,-104.906751,6/2/2015 7:25,7:25,3,0,0,LEETSDALE DR 7000 BLK & ONEIDA ST S,1,1,0,0,1,2,,,35,0,0,0,0,0,2,2,13
,2015_52768,39.693174,-104.992487,3/19/2015 7:00,7:00,10,0,0,HAVANA ST 2700 BLK S & YALE AVE E,2,2,0,1,1,4,,,45,0,0,0,0,0,2,2,13
,2015_52769,39.696696,-104.991872,1/20/2015 9:05,9:05,15,0,0,SANTA FE DR S & MISSISSIPPI AVE W,1,1,0,0,1,4,,,45,0,0,0,0,0,2,2,13
,2015_52770,39.708369,-104.996221,11/6/2015 14:07,14:07,12,0,0,SANTA FE DR S & I-25,1,1,0,0,1,4,,,25,0,0,0,0,0,2,2,13
,2015_52781,39.737975,-105.025273,8/1/2015 11:50,11:50,15,0,0,14TH AVE W & FEDERAL BLVD N,1,1,1,0,1,1,,,35,0,0,0,0,0,2,2,13
,2015_52782,39.735632,-105.025306,11/13/2015 13:33,13:33,11,0,0,HOLDEN PL W & FEDERAL BLVD N,1,1,1,0,1,1,,,35,0,1,0,0,1,2,2,13
,2015_52783,39.731186,-105.025182,1/3/2015 16:35,16:35,1,0,0,FEDERAL BLVD 900 N & 9TH AVE W,4,1,1,2,1,1,,,35,0,0,0,0,0,2,2,13
,2015_52784,39.725983,-105.025128,5/23/2015 10:59,10:59,3,0,0,6TH AVE WB RAMP & FEDERAL BLVD N,1,1,1,0,1,1,,,25,0,0,0,0,0,2,2,8
,2015_52785,39.682271,-105.025016,7/30/2015 18:00,18:00,1,0,0,FEDERAL BLVD S & JEWELL AVE W,1,1,0,0,1,1,,,35,0,0,0,0,1,2,2,7
,2015_52796,39.651763,-105.052959,1/21/2015 11:00,11:00,3,0,0,SHERIDAN BLVD S & DRIVEWAY ACCESS,4,1,0,2,1,1,,,40,0,0,0,0,0,2,2,13
,2015_52797,39.654916,-105.053144,2/23/2015 16:25,16:25,15,0,0,SHERIDAN BLVD S & HAMPDEN AVE W,5,1,0,0,1,1,,,25,0,0,0,0,0,2,2,7
,2015_52798,39.667487,-105.053254,4/13/2015 20:21,20:21,12,0,1,SHERIDAN BLVD & YALE AVE,1,3,1,0,1,4,,,40,0,0,0,0,2,2,3,5
,2015_52799,39.729576,-105.053227,5/9/2015 18:00,18:00,3,0,0,SHERIDAN BLVD 700 BLK N & 8TH AVE W,2,1,0,1,1,2,,,35,0,0,0,0,0,2,2,13
,2015_52813,39.616946,-105.091122,5/2/2015 11:30,11:30,1,0,0,WADSWORTH BLVD S & CRESTLINE AVE W,1,1,0,0,1,2,,,45,0,0,0,0,0,2,2,3
,2015_52814,39.630249,-105.086667,6/9/2015 12:09,12:09,12,0,0,WADSWORTH BLVD 4700 BLK S & LAYTON AVE W,1,1,0,0,1,4,,,45,0,0,0,0,0,2,2,14
,2015_52815,39.665722,-105.081441,7/14/2015 19:18,19:18,9,0,1,WADSWORTH BLVD 2700 BLK S & AMHERST AVE W,1,1,0,0,1,4,,,40,0,0,0,1,3,2,1,13
,2015_52844,39.630175,-104.90502,1/12/2015 22:17,22:17,15,0,1,I-225 NB DIR CONNECT FROM NB & I-25,2,3,1,4,1,4,,,,0,0,0,0,3,1,2,13
,2015_52845,39.635523,-104.89346,4/13/2015 7:58,7:58,12,0,0,I-225 & TAMARAC ST S,1,1,0,0,1,4,,,55,0,0,0,0,0,1,2,13
,2015_52873,39.652982,-104.918617,1/5/2015 10:03,10:03,12,0,0,HAMPDEN AVE E & I-25,2,1,0,0,1,1,,,40,0,0,0,0,0,2,2,7
,2015_53000,0,0,9/3/2015 18:59,18:59,5,0,0,DURHAM CT N & 4546,1,1,0,0,4,4,,,25,0,0,0,0,0,4,1,14
,2015_53053,0,0,3/19/2015 18:09,18:09,12,0,0,1ST AVE E & FILLMORE ST N,1,1,0,7,1,1,,,35,0,0,0,0,0,4,3,16
,2015_53054,0,0,2/6/2015 10:39,10:39,15,0,0,3RD AVE 2300 BLK E & JOSEPHINE ST S,1,1,0,0,1,4,,,25,0,0,0,0,0,4,2,13
,2015_53055,0,0,3/25/2015 17:00,17:00,6,0,0,3RD AVE W & LOWELL BLVD N,1,1,0,7,1,4,,,25,0,0,0,0,0,4,2,3
,2015_53056,0,0,10/22/2015 13:30,13:30,3,0,0,2ND AVE W & YUMA ST N,2,1,0,1,1,1,,,35,0,0,0,0,0,4,2,7
,2015_53057,0,0,6/23/2015 6:58,6:58,12,0,0,6TH AVE 000 BLK W & BROADWAY ST N,1,1,0,7,1,3,,,30,0,0,0,0,0,4,2,3
,2015_53058,0,0,11/10/2015 15:30,15:30,3,0,0,7TH AVE W & BRYANT ST N,1,1,0,0,1,1,,,25,0,0,0,0,0,4,2,13
,2015_53059,0,0,3/2/2015 17:38,17:38,12,0,0,6TH AVE 900 BLK E & OGDEN ST N,1,2,0,7,1,4,,,30,0,0,0,0,0,4,2,16
,2015_53060,0,0,10/5/2015 13:28,13:28,12,0,0,8TH AVE W & SPEER BLVD N,1,1,1,0,1,1,,,30,0,0,0,0,0,4,2,13
,2015_53061,0,0,7/25/2015 13:08,13:08,12,0,0,8TH AVE 1700 BLK E & WILLIAMS ST,1,1,0,7,1,4,,,30,0,0,0,0,1,4,3,16
,2015_53062,0,0,8/5/2015 23:06,23:06,10,0,0,8TH AVE W & ZUNI ST N,1,3,0,7,1,1,,,30,0,0,0,0,0,4,2,8
,2015_53063,0,0,4/21/2015 11:00,11:00,10,0,0,11TH AVE E & QUINCE ST N,1,1,0,0,1,1,,,30,0,0,0,0,0,4,1,14
,2015_53064,0,0,6/11/2015 17:12,17:12,1,0,0,11TH AVE E & SHERMAN ST N,2,1,0,1,1,1,,,30,0,0,0,0,0,4,2,13
,2015_53065,0,0,3/27/2015 1:50,1:50,5,0,0,12TH AVE & 100 BLK W,1,3,0,0,4,4,,,,0,0,0,0,0,4,1,5
,2015_53066,0,0,3/21/2015 5:06,5:06,5,0,0,13TH AVE 2500 BLK W & ZUNI ST N,1,3,1,7,3,4,,,30,0,0,0,0,1,4,1,16
,2015_53067,0,0,3/27/2015 0:43,0:43,15,0,2,14TH AVE E & MONACO ST N,1,3,0,7,1,1,,,30,0,0,0,0,2,4,2,16
,2015_53068,0,0,5/5/2015 19:09,19:09,3,0,0,14TH AVE E & COLUMBINE ST N,2,1,0,1,1,1,,,25,0,0,0,0,0,4,2,16
,2015_53069,0,0,1/20/2015 10:35,10:35,11,0,1,14TH AVE E & GARFIELD ST N,1,1,0,0,1,1,,,25,0,1,0,0,3,4,2,13
,2015_53070,0,0,2/13/2015 17:21,17:21,3,0,0,17TH AVE E & GAYLORD ST N,1,1,0,0,1,1,,,25,0,0,0,0,1,4,4,13
,2015_53071,0,0,5/26/2015 14:07,14:07,15,0,0,17TH AVE E & HIGH ST N,1,1,0,7,1,3,,,30,0,0,0,0,0,4,2,16
,2015_53072,0,0,8/3/2015 8:15,8:15,12,0,0,17TH AVE E & MAGNOLIA ST,1,1,0,7,1,3,,,30,0,0,0,0,0,4,2,3
,2015_53073,0,0,1/28/2015 17:03,17:03,11,0,0,26TH AVE E & FULTON ST N,1,2,0,0,1,1,,,25,0,1,0,0,0,4,2,3
,2015_53074,0,0,12/28/2015 9:05,9:05,3,0,0,35TH AVE E & PONTIAC ST N,5,1,0,0,1,1,,,25,0,0,0,0,0,4,2,13
,2015_53075,0,0,9/15/2015 17:41,17:41,12,0,0,38TH AVE 5000 BLK W & ZENOBIA ST N,1,1,0,0,1,1,,,35,0,0,0,1,1,4,2,7
,2015_53076,0,0,1/2/2015 12:44,12:44,12,0,0,36TH AVE E & QUEBEC ST N,2,1,1,7,1,4,,,45,0,0,0,0,0,4,2,16
,2015_53077,0,0,5/18/2015 17:13,17:13,3,0,0,36TH AVE 7800 BLK E & ULSTER ST N,1,1,0,7,1,2,,,25,0,0,0,0,0,4,2,7
,2015_53078,0,0,7/9/2015 17:55,17:55,2,0,0,39TH AVE W & CLAY ST N,1,1,0,0,1,1,,,25,1,0,0,0,1,4,2,13
,2015_53079,0,0,1/25/2015 3:15,3:15,3,0,0,39TH AVE E & PARIS ST N,1,3,0,0,1,1,,,25,0,0,0,0,0,4,2,5
,2015_53080,0,0,3/14/2015 10:55,10:55,10,0,0,39TH AVE E & PEORIA WAY N,1,1,0,0,1,4,,,25,0,0,0,0,0,4,2,1
,2015_53081,0,0,3/20/2015 11:18,11:18,1,0,0,40TH AVE 16800 BLK E & AIRPORT BLVD,1,1,0,0,1,1,,,40,0,0,0,0,1,4,2,13
,2015_53082,0,0,4/12/2015 16:40,16:40,12,0,0,44TH AVE E & JOSEPHINE ST N,1,1,0,7,1,4,,,30,0,0,0,0,0,4,2,16
,2015_53083,0,0,7/10/2015 13:40,13:40,1,0,0,44TH AVE E & JOSEPHINE ST N,1,1,0,0,1,3,,,30,0,0,0,0,0,4,2,13
,2015_53084,0,0,1/13/2015 7:57,7:57,5,1,1,46TH AVE & 1900 BLK E,8,1,1,0,3,4,,,25,0,0,0,0,4,4,1,9
,2015_53085,0,0,7/9/2015 8:43,8:43,3,0,1,47TH AVE E & JOLIET ST N,1,1,0,7,1,1,,,25,0,0,0,0,2,4,2,16
,2015_53086,0,0,11/21/2015 2:25,2:25,3,0,0,78TH AVE E & 26000 BLK,1,3,0,0,1,2,,,45,0,0,0,0,0,4,2,13
,2015_53087,0,0,1/4/2015 19:08,19:08,1,0,0,E 53RD AVE & CHAMBERS RD N,6,3,1,7,1,1,,,40,0,0,0,0,0,4,2,1
,2015_53088,0,0,1/23/2015 14:19,14:19,3,0,0,55TH AVE 11000 BLK E & JOLIET ST N,1,1,1,0,1,2,,,25,0,0,0,0,0,4,2,13
,2015_53089,0,0,12/7/2015 19:38,19:38,5,0,0,53RD AVE E & DUNKIRK ST N,1,3,0,0,2,1,,,35,0,0,0,0,0,4,1,7
,2015_53090,0,0,11/14/2015 13:50,13:50,15,0,0,ALAMEDA AVE W & BANNOCK ST S,1,1,0,0,1,4,,,35,0,0,0,0,0,4,3,16
,2015_53091,0,0,6/5/2015 11:15,11:15,3,0,0,ALAMEDA AVE W & BANNOCK ST S,2,1,0,1,1,1,,,30,0,0,0,0,0,4,2,16
,2015_53092,0,0,6/26/2015 13:57,13:57,15,0,0,ALAMEDA AVE 000 BLK W & BANNOCK ST S,1,1,0,7,1,4,,,30,0,0,0,0,0,4,2,16
,2015_53093,0,0,7/17/2015 14:42,14:42,12,0,0,ALAMEDA AVE 3500 BLK E & MONROE ST S,1,1,0,7,1,3,,,30,0,0,0,0,0,4,2,16
,2015_53094,0,0,6/25/2015 8:01,8:01,15,0,0,ALAMEDA AVE E & PEARL ST S,1,1,0,7,1,4,,,30,0,0,0,0,0,4,2,16
,2015_53095,0,0,3/17/2015 8:00,8:00,12,0,0,ALAMEDA AVE 800 BLK W & SANTA FE DR S,1,1,1,7,1,4,,,35,0,0,0,0,0,4,3,3
,2015_53096,0,0,1/8/2015 13:45,13:45,14,0,0,ANDREWS DR E & CHAMBERS RD N,1,1,1,0,1,1,,,40,0,0,0,0,0,4,2,14
,2015_53097,0,0,2/27/2015 17:46,17:46,3,0,0,ARGONNE ST N & GVR BLVD E,1,3,0,7,1,1,,,35,0,0,0,0,1,4,2,3
,2015_53098,0,0,7/23/2015 17:20,17:20,10,0,0,ARKINS CT 3000 BLK & 31ST ST,1,1,0,0,1,4,,,30,0,0,0,0,0,4,2,13
,2015_53099,0,0,6/28/2015 12:30,12:30,12,0,0,AURARIA PKWY & 7TH ST,1,1,0,7,1,4,,,35,0,0,0,0,0,4,2,16
,2015_53100,0,0,5/7/2015 15:01,15:01,3,0,0,BANNOCK ST S & DAKOTA AVE W,1,1,0,7,1,1,,,20,0,0,0,0,0,4,2,8
,2015_53102,0,0,3/2/2015 17:46,17:46,12,0,0,BROADWAY ST 2100 BLK N & CHAMPA ST,1,3,0,7,1,4,,,30,0,0,0,0,0,4,3,7
,2015_53103,0,0,5/22/2015 11:55,11:55,15,0,0,BROADWAY ST 2100 BLK N & CHAMPA ST,1,1,0,7,1,4,,,25,0,0,0,0,0,4,2,16
,2015_53104,0,0,1/5/2015 14:11,14:11,15,0,0,BROADWAY ST 400 BLK S & VIRGINIA AVE E,2,1,0,0,1,4,,,30,0,0,0,0,0,4,2,13
,2015_53105,0,0,2/17/2015 11:50,11:50,15,0,0,CALIFORNIA ST & 21ST ST,1,1,0,7,1,1,,,30,0,0,0,0,0,4,2,16
,2015_53106,0,0,2/16/2015 16:22,16:22,3,0,0,CEDAR AVE E & BROADWAY ST S,4,1,0,2,1,1,,,20,0,0,0,0,0,4,2,13
,2015_53107,0,0,5/22/2015 22:00,22:00,3,0,0,CLAY ST S & ASBURY AVE W,2,3,0,1,1,1,,,30,0,0,0,0,0,4,2,1
,2015_53108,0,0,1/18/2015 3:33,3:33,6,0,0,COLORADO AVE W & WOLCOTT CT S,1,3,0,7,1,4,,,25,0,0,0,0,0,4,2,16
,2015_53109,0,0,6/5/2015 22:20,22:20,12,0,0,COURT PL 1600 BLK & BROADWAY ST N,2,3,0,1,1,4,,,25,0,0,0,0,1,4,2,1
,2015_53110,0,0,2/8/2015 13:10,13:10,1,0,0,CRESTLINE AVE W & WADSWORTH BLVD S,1,1,0,0,1,2,,,30,0,0,0,0,0,4,2,3
,2015_53111,0,0,11/6/2015 15:35,15:35,13,0,0,CROWN BLVD N & 51ST AVE E,1,1,1,0,1,4,,,,0,0,0,0,0,4,2,16
,2015_53112,0,0,2/16/2015 8:45,8:45,6,0,0,DAKOTA AVE 10400 BLK E & HAVANA ST S,4,1,0,2,1,4,,,25,0,0,0,0,0,4,3,1
,2015_53113,0,0,12/8/2015 10:36,10:36,6,0,0,DOWNING ST 2200 BLK S & DOWNING ST S,1,1,0,0,1,4,,,25,0,0,0,0,0,4,2,14
,2015_53114,0,0,6/15/2015 20:30,20:30,6,0,0,ELIOT ST N & 26TH AVE W,1,2,0,7,1,4,,,35,0,0,0,0,0,4,2,16
,2015_53115,0,0,4/16/2015 20:22,20:22,5,0,0,ELLSWORTH AVE & 3200 BLK E,6,3,0,2,2,4,,,25,0,0,0,0,0,4,1,15
,2015_53116,0,0,12/26/2015 9:52,9:52,12,0,0,EVANS AVE E & PEARL ST S,5,1,0,0,1,1,,,30,0,0,0,0,0,4,2,13
,2015_53117,0,0,7/13/2015 17:06,17:06,3,0,0,EVANS AVE 6300 BLK E & MONACO PKWY S,1,1,0,0,1,2,,,35,0,0,0,0,0,4,2,13
,2015_53118,0,0,4/4/2015 16:24,16:24,6,0,0,EXPOSITION AVE W & FEDERAL BLVD S,1,1,0,7,1,4,,,30,0,0,0,0,0,4,2,7
,2015_53119,0,0,7/28/2015 12:28,12:28,2,0,0,FLANDERS WY N & GVR BLVD,1,1,1,0,1,1,,,35,1,0,0,0,0,4,2,13
,2015_53120,0,0,6/2/2015 11:50,11:50,2,0,1,GLENARM ST & 1450,1,1,0,0,1,4,,,25,1,0,0,0,2,4,2,13
,2015_53121,0,0,3/18/2015 15:30,15:30,10,0,0,GRANT ST & 1200 BLK N,1,1,0,0,1,2,,,30,0,0,0,0,0,4,2,13
,2015_53122,0,0,2/13/2015 23:30,23:30,6,0,0,GRANT ST 600 BLK N & 7TH AVE E,1,3,0,7,1,4,,,25,0,0,0,0,0,4,2,16
,2015_53123,0,0,7/28/2015 8:19,8:19,3,0,0,GREEN CT 3200 BLK N & 32ND AVE W,1,1,0,7,1,5,,,20,0,0,0,0,0,4,2,16
,2015_53124,0,0,9/18/2015 9:00,9:00,6,0,0,GRAND AVE & 4257 W,1,1,1,7,6,4,,,25,0,0,0,0,0,4,2,1
,2015_53125,0,0,6/7/2015 16:27,16:27,12,0,0,GVR BLVD 17500 BLK E & TELLURIDE ST N,1,1,0,7,1,1,,,40,0,0,0,0,1,4,2,7
,2015_53126,0,0,2/19/2015 8:30,8:30,12,0,0,GVR BLVD E & TOWER RD N,1,1,0,7,1,1,,,40,0,0,0,0,0,4,2,16
,2015_53127,0,0,2/2/2015 8:00,8:00,3,0,0,HALE PKWY & GLENCOE ST N,5,1,0,0,1,1,,,20,0,0,0,0,0,4,2,7
,2015_53128,0,0,6/18/2015 21:00,21:00,9,0,1,HAVANA WAY N & MLK BLVD E,1,4,0,0,1,4,,,35,0,0,0,1,2,4,1,13
,2015_53129,0,0,3/30/2015 17:45,17:45,12,0,0,ILIFF AVE E & PARKER RD S,1,1,0,7,1,3,,,40,0,0,0,0,0,4,2,16
,2015_53130,0,0,4/3/2015 14:59,14:59,5,0,0,IOWA AVE E & LOGAN ST S,1,1,0,0,3,1,,,30,0,0,0,0,0,4,1,13
,2015_53131,0,0,4/27/2015 15:30,15:30,6,0,0,IRVING ST 500 BLK S & CUSTER PL W,2,1,0,1,1,4,,,25,0,0,0,0,0,4,2,7
,2015_53132,0,0,4/27/2015 11:27,11:27,12,0,0,MONACO ST N & 6TH AVE E,2,1,0,7,1,1,,,30,0,0,0,0,0,4,2,1
,2015_53133,0,0,6/30/2015 7:30,7:30,6,0,0,KNOX CT N & 3RD AVE W,1,1,0,7,1,4,,,35,0,0,0,0,0,4,3,3
,2015_53134,0,0,2/3/2015 1:50,1:50,5,0,0,KNOX CT N & 13TH AVE W,1,3,1,0,3,3,,,25,0,0,0,0,0,4,1,5
,2015_53135,0,0,4/5/2015 2:05,2:05,6,0,0,LAFAYETTE ST N & COLFAX AVE E,1,3,0,0,1,4,,,25,0,0,0,0,0,4,2,5
,2015_53136,0,0,9/15/2015 21:25,21:25,11,0,0,KENTUCKY AVE W & BRYANT ST S,1,4,0,0,1,4,,,25,0,1,0,0,1,4,2,13
,2015_53137,0,0,3/26/2015 8:54,8:54,12,0,0,LINCOLN ST S & BAYAUD AVE E,1,1,0,7,1,4,,,30,0,0,0,0,0,4,2,1
,2015_53138,0,0,6/4/2015 14:26,14:26,15,0,0,LINCOLN ST S & BAYAUD AVE E,1,1,0,7,1,4,,,35,0,0,0,0,0,4,2,3
,2015_53139,0,0,5/28/2015 11:43,11:43,15,0,0,LOGAN ST & 1300 BLK,1,1,0,0,1,4,,,30,0,0,0,0,0,4,2,1
,2015_53140,0,0,3/14/2015 0:15,0:15,6,0,0,LOGAN ST 672 N & 7TH AVE E,1,3,0,7,1,4,,,30,0,0,0,0,0,4,2,7
,2015_53141,0,0,7/7/2015 17:10,17:10,15,0,0,LOWELL BLVD 1300 BLK N & 14TH AVE W,1,1,0,0,1,4,,,25,0,0,0,0,0,4,3,14
,2015_53142,0,0,7/25/2015 0:42,0:42,6,0,0,LOWELL BLVD 4900 BLK N & 49TH AVE W,1,3,1,7,1,4,,,25,0,0,0,0,1,4,2,2
,2015_53143,0,0,8/10/2015 8:36,8:36,3,0,0,LOWRY BLVD E & N RAMPART WAY,1,1,0,7,1,5,,,30,0,0,0,0,0,4,2,16
,2015_53144,0,0,1/29/2015 5:50,5:50,6,0,0,MARKET ST 2200 BLK & PARK AVE W,1,2,1,7,1,4,,,30,0,0,0,0,0,4,2,5
,2015_53145,0,0,3/1/2015 2:00,2:00,3,0,0,MEADE ST N & 23RD AVE W,5,3,0,7,1,1,,,25,0,0,0,0,1,4,2,5
,2015_53146,0,0,2/9/2015 7:15,7:15,3,0,1,MLK BLVD E & CENTRAL PARK BLVD N,1,1,0,7,1,1,,,30,0,0,0,0,2,4,2,3
,2015_53147,0,0,1/2/2015 12:37,12:37,12,0,0,MONACO ST & 200 S,2,1,1,0,1,4,,,30,0,0,0,0,0,4,2,14
,2015_53148,0,0,5/5/2015 12:05,12:05,2,0,1,OLIVE WAY 300 BLK S & ALAMEDA AVE E,2,1,0,2,1,4,,,25,1,0,0,0,2,4,2,13
,2015_53149,0,0,2/16/2015 19:44,19:44,3,0,0,ONEIDA ST S & TENNESSEE AVE E,5,3,1,2,1,1,,,,0,0,0,0,0,4,2,16
,2015_53150,0,0,5/22/2015 4:00,4:00,6,0,0,OSAGE ST & 3600 BLK N,1,1,1,0,1,4,,,25,0,0,0,0,0,4,2,13
,2015_53151,0,0,2/16/2015 6:42,6:42,8,0,0,PECOS ST N & STOLL PL W,5,2,0,2,1,4,,,35,0,0,0,0,0,4,2,14
,2015_53152,0,0,2/7/2015 0:22,0:22,12,0,0,PENA BLVD & 8400,1,3,0,0,1,4,,,10,0,0,0,0,0,4,2,4
,2015_53153,0,0,10/29/2015 10:42,10:42,6,0,0,PECOS ST 1700 BLK S & MEXICO AVE W,1,4,1,7,1,4,,,25,0,0,0,0,0,4,2,14
,2015_53154,0,0,3/25/2015 14:50,14:50,15,0,0,PENA BLVD 7900 BLK & 80TH AVE E,2,1,0,2,1,4,,,45,0,0,0,0,0,4,2,8
,2015_53155,0,0,1/6/2015 18:08,18:08,1,0,0,PEORIA ST N & ALBROOK DR E,1,3,0,7,1,3,,,35,0,0,0,0,0,4,2,16
,2015_53156,0,0,1/30/2015 19:57,19:57,9,1,0,PERRY ST & 2000 BLOCK N,1,3,1,0,1,3,,,25,0,0,0,1,4,4,2,1
,2015_53157,0,0,4/28/2015 19:20,19:20,6,0,0,PERRY ST S & ELLSWORTH AVE W,1,2,2,7,1,4,,,30,0,0,0,0,0,4,2,16
,2015_53158,0,0,5/1/2015 18:42,18:42,3,0,0,QUEBEC ST 3200 BLK N & MLK BLVD E,1,1,0,7,1,1,,,30,0,0,0,0,0,4,2,16
,2015_53159,0,0,6/13/2015 16:39,16:39,12,0,0,QUEBEC ST 4000 BLK N & SMITH RD E,1,1,0,7,1,3,,,30,0,0,0,0,1,4,2,14
,2015_53160,0,0,8/25/2015 21:33,21:33,5,0,0,14TH ST 300 BLK & COURT PL,1,3,0,0,3,4,,,30,0,0,0,0,0,4,1,5
,2015_53161,0,0,3/15/2015 21:00,21:00,5,0,0,RALEIGH ST & 2955 BLK S,1,1,1,0,3,4,,,25,0,0,0,0,0,4,1,10
,2015_53162,0,0,6/24/2015 12:32,12:32,10,0,0,13TH AVE E & CLERMONT ST N,1,1,0,0,1,1,,,35,0,0,0,0,0,4,2,13
,2015_53163,0,0,6/28/2015 16:19,16:19,2,0,0,15TH ST 2400 BLK & PLATTE ST,1,1,2,0,1,1,,,30,1,0,0,0,1,4,2,13
,2015_53164,0,0,1/30/2015 11:31,11:31,15,0,0,17TH ST 1200 BLK & LAWRENCE ST,1,1,0,7,1,4,,,30,0,0,0,0,0,4,2,16
,2015_53165,0,0,3/23/2015 11:05,11:05,12,0,0,19TH ST 1100 BLK & ARAPAHOE ST,1,1,0,7,1,4,,,30,0,0,0,0,0,4,2,16
,2015_53166,0,0,7/9/2015 7:10,7:10,12,0,0,22ND ST & 1100 BLK,1,1,0,0,1,4,,,25,0,0,0,0,0,4,2,13
,2015_53167,0,0,1/21/2015 18:45,18:45,15,0,0,22ND ST & ARAPAHOE ST,4,3,0,2,1,1,,,25,0,0,0,0,0,4,2,16
,2015_53168,0,0,11/30/2015 19:40,19:40,15,0,0,22ND ST 1400 BLK & LARIMER ST,5,3,1,0,1,1,,,25,0,0,0,0,0,4,2,14
,2015_53169,0,0,4/24/2015 14:46,14:46,12,0,0,27TH ST 1200 BLK & LAWRENCE ST,1,1,1,0,1,4,,,25,0,0,0,0,0,4,2,13
,2015_53170,0,0,8/10/2015 11:00,11:00,3,0,0,SPEER BLVD N & 11TH AVE W,1,1,0,0,1,1,,,30,0,0,0,0,0,4,3,3
,2015_53171,0,0,7/25/2015 1:49,1:49,5,1,0,SPEER BLVD (1200 BLK E) & DOWNING ST N,1,3,0,0,2,4,,,30,0,0,0,1,4,4,1,1
,2015_53172,0,0,5/8/2015 16:20,16:20,10,0,0,SPEER BLVD N & AURARIA PKWY,2,1,1,1,1,1,,,30,0,0,0,0,0,4,3,13
,2015_53173,0,0,5/29/2015 16:51,16:51,12,0,0,STAPLETON DR 6400 BLK & MONACO ST N,1,1,0,7,1,3,,,40,0,0,0,0,0,4,2,16
,2015_53174,0,0,8/17/2015 7:51,7:51,12,0,0,STAPLETON S DR E & HOLLY ST N,1,1,0,0,1,3,,,40,0,0,0,0,0,4,2,14
,2015_53175,0,0,4/11/2015 19:17,19:17,12,0,0,STOUT ST 1300 BLK & 14TH ST,1,3,0,7,1,4,,,25,0,0,0,0,1,4,2,5
,2015_53176,0,0,1/21/2015 0:38,0:38,6,0,0,SYRACUSE ST N & 13TH AVE E,1,3,0,7,1,4,,,35,0,0,0,0,0,4,2,5
,2015_53177,0,0,2/11/2015 13:41,13:41,6,0,1,TUCSON WY 5000 BLK N & TITAN CT N,1,1,1,7,1,4,,,25,0,0,0,0,2,4,2,5
,2015_53178,0,0,10/31/2015 2:54,2:54,6,0,0,TENNESSEE AVE & 4501 W,1,3,0,7,1,4,,,25,0,0,0,0,0,4,2,5
,2015_53179,0,0,7/4/2015 20:12,20:12,3,0,0,UNIVERSITY BLVD N & CHERRY CREEK DR N E,1,1,0,0,1,1,,,25,0,0,0,0,1,4,2,13
,2015_53180,0,0,1/27/2015 11:15,11:15,3,0,0,UNIVERSITY BLVD S & LOUISIANA AVE E,1,1,0,7,1,1,,,30,0,0,0,0,0,4,2,1
,2015_53181,0,0,3/16/2015 10:08,10:08,2,0,0,VIRGINIA AVE E & MARION ST S,1,1,0,0,1,1,,,25,1,0,0,0,1,4,2,13
,2015_53182,0,0,8/21/2015 23:05,23:05,6,0,0,WINONA CT N & 176 N WINONA CT,1,3,1,1,1,4,,,25,0,0,0,0,0,4,2,13
,2015_53183,0,0,4/30/2015 13:54,13:54,12,0,0,YALE AVE W & KNOX CT S,1,1,0,7,1,1,,,30,0,0,0,0,0,4,2,3
,2015_53290,39.682677,-104.940387,2/17/2015 10:59,10:59,15,0,0,COLORADO BLVD S & I-25 SB RAMPS,1,1,0,0,1,1,,,20,0,0,0,0,0,2,2,8
,2015_53292,39.704746,-104.940623,4/7/2015 13:19,13:19,15,0,0,COLORADO BLVD S & EXPOSITION AVE E,1,1,0,0,1,3,,,35,0,0,0,0,0,2,2,14
,2015_53293,39.701997,-104.940621,9/18/2015 17:00,17:00,2,0,0,OHIO AVE E & COLORADO BLVD S,1,1,1,0,1,1,,,25,1,0,0,0,1,2,2,13
,2015_53294,39.709349,-104.940626,8/2/2015 14:35,14:35,12,0,0,COLORADO BLVD 300 BLK S & DAKOTA AVE E,2,1,0,1,1,4,,,35,0,0,0,0,0,2,2,13