id,drcog_id,latitude,longitude,crashtime,time,crashtype,numbkilled,numbinjurd,drcoglocat,rdconditin,lightngcon,roadcntgrd,weatherco,location,roaddescrp,schoolzone,constrzone,splimit,bikeinv,pedinv,sctrinv,motoinv,svrty,rdsystem,ttlvehcls,hcf
,2015_53295,39.711364,-104.940627,2/8/2015 16:40,16:40,12,0,0,COLORADO BLVD 300 BLK S & ALAMEDA AVE E,1,2,0,0,1,4,,,30,0,0,0,0,0,2,2,14
,2015_53296,39.67194,-104.940626,2/10/2015 8:30,8:30,6,0,0,COLO BLVD 2400 BLK S & DICKENSON PL E,1,1,0,0,1,3,,,35,0,0,0,0,0,2,2,13
,2015_53297,39.676627,-104.940637,1/21/2015 13:41,13:41,15,0,0,COLORADO BLVD 2100 BLK S & WARREN AVE E,2,1,0,0,1,2,,,35,0,0,0,0,0,2,2,1
,2015_53298,39.71521,-104.940627,3/20/2015 13:24,13:24,15,0,0,COLORADO BLVD & 000 BLK S,1,1,1,0,1,3,,,35,0,0,0,0,0,2,2,13
,2015_53300,39.721058,-104.940629,10/14/2015 8:42,8:42,15,0,0,COLORADO BLVD 300 BLK N & 3RD AVE E,1,1,0,0,1,4,,,35,0,0,0,0,0,2,2,13
,2015_53301,39.741505,-104.94061,1/23/2015 12:35,12:35,15,0,0,COLORADO BLVD & 1500 BLK N,1,1,0,0,1,4,,,35,0,0,0,0,0,2,2,3
,2015_53302,39.74372,-104.940608,3/5/2015 7:24,7:24,12,0,1,COLORADO BLVD N & 17TH AVE E,1,1,0,0,1,4,,,35,0,0,0,0,2,2,2,13
,2015_53303,39.747364,-104.940604,7/14/2015 16:28,16:28,12,0,0,COLORADO BLVD N & MONTVIEW BLVD E,1,1,0,0,1,1,,,35,0,0,0,0,0,2,2,13
,2015_53304,39.756496,-104.940532,3/5/2015 10:15,10:15,12,0,0,COLORADO BLVD & 2600 BLK N,1,1,0,0,1,4,,,35,0,0,0,0,1,2,2,7
,2015_53305,39.761878,-104.940511,7/1/2015 22:50,22:50,1,0,3,COLORADO BLVD N & MARTIN LUTHER KING JR BLVD E,1,3,0,0,1,1,,,35,0,0,0,0,3,2,2,5
,2015_53315,39.725413,-105.023384,10/4/2015 21:51,21:51,12,0,0,6TH AVE WB OFF RAMP & SHERIDAN BLVD N,1,4,1,0,1,8,,,25,0,0,0,0,0,2,2,13
,2015_53316,39.725651,-105.049943,1/8/2015 7:10,7:10,15,0,0,6TH AVE W & EB ON RAMP FROM SHERIDAN BLVD N,2,1,0,0,1,4,,,55,0,0,0,0,0,2,2,13
,2015_53317,39.725651,-105.049943,3/9/2015 9:06,9:06,12,0,0,6TH AVE 4900 BLK W & SHERIDAN BLVD N,1,1,0,0,1,8,,,45,0,0,0,0,1,2,2,13
,2015_53318,39.72542,-105.025174,1/8/2015 16:09,16:09,12,0,0,6TH AVE W & FEDERAL BLVD N,1,1,1,0,1,4,,,55,0,0,0,0,0,2,2,14
,2015_53319,39.78374,-104.947842,2/10/2015 15:35,15:35,12,0,0,VASQUEZ BLVD N & 48TH AVE E,1,1,0,0,1,3,,,35,0,0,0,0,0,2,2,7
,2015_53349,39.639767,-104.910596,11/29/2015 18:30,18:30,12,0,0,I-25 & HAMPDEN AVE E,6,3,0,2,1,1,,,65,0,0,0,0,0,1,2,13
,2015_53350,39.650993,-104.9171,4/13/2015 9:08,9:08,5,0,0,I-25 & HAMPDEN AVE E NB RAMP ENT PT,1,1,0,0,3,4,,,45,0,0,0,0,0,1,4,5
,2015_53351,39.678363,-104.933558,4/25/2015 16:05,16:05,15,0,0,I-25 & EVANS AVE E,1,1,0,0,1,4,,,60,0,0,0,0,0,1,2,3
,2015_53352,39.678363,-104.933558,4/6/2015 7:38,7:38,12,0,0,I-25 SB RAMPS & EVAN AVE E,1,1,1,0,1,3,,,35,0,0,0,0,0,1,2,13
,2015_53353,39.683106,-104.940515,5/8/2015 14:54,14:54,12,0,0,I-25 & COLORADO BLVD S,2,1,0,1,1,4,,,55,0,0,0,0,0,1,2,12
,2015_53354,39.683106,-104.940515,7/1/2015 16:40,16:40,12,0,0,I-25 & COLORADO BLVD S,1,1,0,0,1,4,,,60,0,0,0,0,0,1,2,13
,2015_53355,39.678363,-104.933558,8/20/2015 10:30,10:30,15,0,0,I-25 & EVANS AVE E,1,1,0,0,1,4,,,65,0,0,0,0,0,1,2,1
,2015_53356,39.68491,-104.950838,1/6/2015 17:51,17:51,12,0,0,I-25 & STEELE ST S,1,3,0,0,1,4,,,60,0,0,0,0,0,1,2,7
,2015_53357,39.692107,-104.976673,4/20/2015 8:02,8:02,15,0,0,I-25 & EMERSON ST S,1,1,0,0,1,4,,,60,0,0,0,0,0,1,2,1
,2015_53358,39.71124,-104.998918,9/2/2015 16:31,16:31,12,0,0,I-25 & ALAMEDA AVE W,1,1,0,0,1,4,,,55,0,0,0,0,0,1,2,3
,2015_53359,39.71293,-104.999922,5/7/2015 17:17,17:17,12,0,0,I-25 & ALAMEDA AVE W,1,1,1,0,1,4,,,55,0,0,0,0,1,1,2,3
,2015_53360,39.713599,-105.000331,11/7/2015 20:57,20:57,12,0,1,I-25 & CEDAR AVE W (NOT IN TCORIS),1,3,0,0,1,4,,,65,0,0,0,0,2,1,2,16
,2015_53361,39.74035,-105.013939,1/19/2015 17:30,17:30,12,0,0,I-25 & COLFAX AVE W,1,2,0,0,1,4,,,55,0,0,0,0,0,1,3,13
,2015_53362,39.74035,-105.013939,3/26/2015 17:45,17:45,12,0,0,I-25 & COLFAX AVE,1,1,0,0,1,4,,,55,0,0,0,0,0,1,3,14
,2015_53363,39.741081,-105.014114,7/9/2015 17:03,17:03,5,0,0,I-25 NB OFF COLLECTOR RAMP & AURARIA PKWY,1,1,1,0,2,8,,,40,0,0,0,0,0,1,1,1
,2015_53364,39.760025,-105.005827,9/15/2015 23:35,23:35,12,0,0,I-25 & MM 212,1,3,0,0,1,4,,,55,0,0,0,0,0,1,2,5
,2015_53365,39.768039,-104.994788,4/4/2015 14:55,14:55,12,0,0,I-25 OVERPASS & PARK AVE WEST,1,1,1,0,1,4,,,55,0,0,0,0,0,1,3,3
,2015_53366,39.770342,-104.991278,5/9/2015 6:20,6:20,12,0,0,I-25 & PARK AVE WEST,2,1,0,1,1,4,,,55,0,0,0,0,0,1,2,13
,2015_53367,39.772325,-104.98993,5/28/2015 22:03,22:03,15,0,0,I-25 SB RAMP SPLIT & PARK AVE WEST,1,3,0,0,1,8,,,40,0,0,0,0,0,1,2,13
,2015_53393,39.711178,-105.036925,4/9/2015 14:15,14:15,12,0,0,HAMPDEN AVE W & LOWELL BLVD S,1,1,0,0,1,4,,,55,0,0,0,0,1,2,3,3
,2015_53394,39.711149,-105.021486,4/28/2015 16:20,16:20,1,0,0,ALAMEDA AVE W & DALE CT S,1,1,1,0,1,1,,,35,0,0,0,0,0,2,4,1
,2015_53395,39.711131,-105.014469,1/25/2015 17:30,17:30,12,0,0,ALAMEDA AVE W & YUMA ST S,1,2,0,0,1,1,,,35,0,0,0,0,0,2,2,7
,2015_53396,39.653088,-104.915267,6/18/2015 9:32,9:32,3,0,0,HAMPDEN AVE E & LOCUST ST S,1,1,0,0,1,1,,,45,0,0,0,0,0,2,3,13
,2015_53397,39.653077,-104.898745,8/3/2015 12:48,12:48,12,0,0,HAMPDEN AVE E & TAMARAC ST S,1,1,1,0,1,3,,,40,0,0,0,0,0,2,2,3
,2015_53398,39.653077,-104.898688,2/7/2015 13:59,13:59,1,0,0,HAMPDEN AVE E & TAMARAC ST S,1,1,1,0,1,1,,,40,0,0,0,0,0,2,2,13
,2015_53399,39.653052,-104.871771,8/13/2015 7:19,7:19,15,0,0,HAMPDEN AVE 10000 BLK E & FLORENCE ST S,1,1,0,0,1,4,,,35,0,0,0,0,0,2,2,13
,2015_53400,39.660251,-104.866296,5/26/2015 16:23,16:23,11,0,1,HAVANA ST S & DARTMOUTH AVE E,1,1,0,0,1,1,,,,0,1,0,0,3,2,2,13
,2015_53414,39.777393,-104.903402,9/28/2015 0:43,0:43,5,0,0,NORTHFIELD QUEBEC ST N & I-70 EB RAMPS,1,3,0,0,2,1,,,30,0,0,0,0,0,2,1,5
,2015_53415,39.781956,-104.901624,3/30/2015 15:20,15:20,12,0,0,SAND CREEK RD N & QUEBEC ST N,1,1,0,0,1,1,,,35,0,0,0,0,0,2,2,13
,2015_53438,39.740322,-105.053272,2/28/2015 21:45,21:45,12,0,0,SHERIDAN BLVD 1400 N & COLFAX AVE W,5,3,0,0,1,4,,,35,0,0,0,0,0,2,2,5
,2015_53439,39.74036,-105.051731,4/10/2015 14:54,14:54,12,0,0,COLFAX AVE & 5000 BLK WC,1,1,1,0,1,4,,,30,0,0,0,0,0,2,2,13
,2015_53440,39.740028,-105.002765,2/17/2015 12:20,12:20,1,0,0,COLFAX AVE W & MARIPOSA ST N,1,1,1,0,1,1,,,30,0,0,0,0,0,2,2,13
,2015_53441,39.740038,-105.001467,2/20/2015 7:29,7:29,12,0,0,COLFAX AVE W & LIPAN ST N,1,1,0,0,1,4,,,35,0,0,0,0,0,2,2,14
,2015_53442,39.740018,-104.99668,2/21/2015 9:01,9:01,15,0,0,COLFAX AVE W & WELTON ST,2,1,0,2,1,1,,,25,0,0,0,0,0,2,2,8
,2015_53443,39.740149,-104.950102,1/19/2015 11:54,11:54,12,0,0,STEELE ST N (RD N) & COLFAX AVE E,1,1,0,0,1,1,,,25,0,0,0,0,1,2,2,13
,2015_53444,39.740145,-104.948789,2/17/2015 13:00,13:00,12,0,0,COLFAX AVE E & ADAMS ST N (RD N),2,1,0,0,1,1,,,30,0,0,0,0,1,2,2,13
,2015_53445,39.740132,-104.942226,1/30/2015 1:56,1:56,12,0,1,COLFAX AVE 3800 BLK E & HARRISON ST N,1,3,0,0,1,4,,,30,0,0,0,0,2,2,2,5
,2015_53446,39.740063,-104.929838,5/2/2015 15:32,15:32,3,0,2,COLFAX AVE 5000 BLK & ELM ST N,1,1,0,0,1,1,,,35,0,0,0,0,2,2,2,1
,2015_53447,39.740068,-104.92347,7/8/2015 21:20,21:20,12,0,0,COLFAX AVE & HUDSON ST N,2,3,0,0,1,3,,,35,0,0,0,0,0,2,2,13
,2015_53475,39.78356,-105.053209,1/9/2015 11:22,11:22,12,0,0,I-70 & SHERIDAN BLVD N,5,1,1,2,1,4,,,55,0,0,0,0,1,1,2,13
,2015_53476,39.780901,-104.993077,1/8/2015 19:50,19:50,15,0,0,I-70 & I-25,2,3,0,2,1,4,,,55,0,0,0,0,0,1,2,13
,2015_53477,39.780016,-104.962976,4/10/2015 22:56,22:56,15,0,0,I-70 EB ON RAMP & BRIGHTON BLVD N RAMP MERGE PT,1,3,0,0,1,4,,,55,0,0,0,0,0,1,2,3
,2015_53478,39.779997,-104.949807,8/13/2015 7:50,7:50,12,0,0,I-70 & STEELE ST N,1,1,0,0,1,4,,,55,0,0,0,0,0,1,2,13
,2015_53479,39.779996,-104.949617,4/10/2015 16:50,16:50,12,0,0,I-70 EB ON RAMP & STEELE ST,1,1,1,0,1,8,,,15,0,0,0,0,0,1,2,13
,2015_53480,39.780014,-104.959201,10/2/2015 7:35,7:35,12,0,0,I-70 & YORK ST N,1,1,0,0,1,4,,,55,0,0,0,0,0,1,3,13
,2015_53481,39.779944,-104.940633,6/9/2015 12:53,12:53,12,0,0,I-70 & COLORADO BLVD N,1,1,0,0,1,4,,,55,0,0,0,0,0,1,2,13
,2015_53482,39.7783,-104.903459,1/16/2015 15:26,15:26,12,0,0,I-70 & QUEBEC ST,1,2,1,0,1,4,,,55,0,0,0,0,0,1,2,13
,2015_53483,39.7783,-104.903459,1/28/2015 17:43,17:43,12,0,0,I-70 & QUEBEC ST N,1,3,0,0,1,4,,,55,0,0,0,0,0,1,2,13
,2015_53484,39.7783,-104.903459,3/9/2015 7:41,7:41,12,0,0,I-70 & QUEBEC ST N,1,1,0,0,1,4,,,55,0,0,0,0,0,1,2,13
,2015_53485,39.777063,-104.882126,2/16/2015 7:50,7:50,5,0,0,I-70 & QUEBEC ST N,12,1,1,2,3,4,,,55,0,0,0,0,0,1,2,13
,2015_53486,39.776002,-104.870154,7/8/2015 20:27,20:27,15,0,0,I-70 & HAVANA ST N,1,3,0,0,1,4,,,55,0,0,0,0,0,1,2,13
,2015_53487,39.775623,-104.865778,4/1/2015 15:24,15:24,12,0,0,I-70 & HAVANA ST N,1,1,0,0,1,4,,,55,0,0,0,0,0,1,2,13
,2015_53488,39.774382,-104.851392,6/21/2015 1:35,1:35,5,0,0,I-70 & HAVANA ST N,1,3,0,0,3,4,,,55,0,0,0,0,1,1,1,1
,2015_53489,39.774005,-104.847034,1/1/2015 19:10,19:10,5,0,0,I-70 & PEORIA ST N,6,3,0,2,2,4,,,55,0,0,0,0,0,1,1,13
,2015_53490,39.774005,-104.847034,7/6/2015 20:59,20:59,12,0,0,PEORIA ST N & I-70 EB RAMPS,1,3,0,0,1,1,,,35,0,0,0,0,0,1,2,13
,2015_53491,39.77256,-104.830166,2/1/2015 12:27,12:27,15,0,1,I-70 & I-225,9,1,0,0,1,4,,,55,0,0,0,0,3,1,2,13
,2015_53492,39.772547,-104.829979,5/13/2015 6:18,6:18,15,0,0,I-70 & I-225 NB FLYOVER,1,1,0,0,1,4,,,55,0,0,0,0,0,1,2,7
,2015_53521,39.69917,-104.905118,1/26/2015 17:20,17:20,12,0,0,LEETSDALE DR & QUEBEC ST S,1,1,0,0,1,4,,,30,0,0,0,0,1,2,2,13
,2015_53522,39.702788,-104.912601,5/5/2015 11:59,11:59,12,0,0,LEETSDALE DR 6500 BLK & MONACO PKWY S,2,1,0,1,1,3,,,35,0,0,0,0,0,2,2,13
,2015_53523,39.702965,-104.912888,7/27/2015 15:04,15:04,12,0,0,LEETSDALE DR 6500 BLK E & MONACO ST S,1,1,1,0,1,1,,,35,0,0,0,0,0,2,2,2
,2015_53524,39.704307,-104.91545,8/15/2015 13:04,13:04,12,0,0,E LEETSDALE DR & E EXPOSITION AVE,1,5,0,7,1,4,,,35,0,0,0,0,0,2,2,16
,2015_53533,39.693024,-104.99248,7/9/2015 9:53,9:53,12,0,0,SANTA FE DR 1300 BLK S & LOUISIANA AVE E,1,1,0,0,1,1,,,5,0,0,0,0,0,2,2,14
,2015_53534,39.695091,-104.992448,6/1/2015 14:45,14:45,15,0,0,SANTA FE DR 1300 BLK S & PLATTE RIVER DR S,1,1,0,0,1,4,,,45,0,0,0,0,0,2,2,13
,2015_53535,39.696696,-104.991872,4/19/2015 12:06,12:06,10,0,0,MISSISSIPPI AVE W & SANTA FE DR S,1,1,0,0,1,1,,,35,0,0,0,0,0,2,2,13
,2015_53536,39.697415,-104.991753,4/18/2015 17:20,17:20,12,0,0,SANTA FE BLVD 500 BLK S & MM 210,1,1,0,0,1,4,,,35,0,0,0,0,0,2,2,13
,2015_53540,39.735776,-105.025324,8/18/2015 12:40,12:40,15,0,0,FEDERAL BLVD & 1200 BLK N,1,1,1,0,1,4,,,35,0,0,0,0,0,2,2,13
,2015_53541,39.733853,-105.025179,6/18/2015 17:45,17:45,1,0,0,11TH AVE W & FEDERAL BLVD N,1,1,0,0,1,2,,,35,0,0,0,0,0,2,2,13
,2015_53542,39.732921,-105.02517,1/9/2015 16:00,16:00,15,0,0,10TH AVE W & FEDERAL BLVD N,1,1,0,0,1,1,,,35,0,0,0,0,0,2,2,13
,2015_53543,39.729259,-105.02515,3/4/2015 23:47,23:47,12,0,0,FEDERAL BLVD N & 8TH AVE W,1,3,0,0,1,1,,,25,0,0,0,0,1,2,2,14
,2015_53544,39.696764,-105.025061,6/30/2015 15:36,15:36,3,0,0,FEDERAL BLVD S & MISSISSIPPI AVE W,1,1,0,0,1,1,,,35,0,0,0,0,0,2,2,3
,2015_53545,39.679495,-105.025038,6/19/2015 19:15,19:15,15,0,1,FEDERAL BLVD S & EVANS AVE W,1,1,0,0,1,4,,,40,0,0,0,1,3,2,2,12
,2015_53546,39.696907,-105.025062,12/8/2015 8:16,8:16,15,0,0,FEDERAL BLVD S & MISSISSIPPI AVE W,1,1,0,0,1,3,,,40,0,0,0,0,0,2,2,13
,2015_53563,39.692406,-105.053209,2/28/2015 19:02,19:02,15,0,0,SHERIDAN BLVD S & WYOMING PL W,4,1,0,0,1,4,,,30,0,0,0,0,0,2,2,13
,2015_53564,39.700374,-105.053249,7/22/2015 10:00,10:00,12,0,0,SHERIDAN BLVD S & KENTUCKY AVE W,1,1,0,0,1,1,,,25,0,0,0,0,0,2,2,13
,2015_53565,39.724098,-105.053261,6/16/2015 21:30,21:30,12,0,0,SHERIDAN BLVD N & 5TH AVE W,1,3,0,0,1,1,,,35,0,0,0,0,0,2,2,3
,2015_53566,39.725746,-105.053134,5/1/2015 17:00,17:00,3,0,0,6TH AVE W & SHERIDAN BLVD N,1,1,0,0,1,1,,,30,0,0,0,0,0,2,2,13
,2015_53567,39.72635,-105.053139,1/22/2015 7:47,7:47,15,0,0,6TH AVE WB OFF RAMP SLIP & SHERIDAN BLVD N,5,1,1,0,1,1,,,30,0,0,0,0,0,2,2,13
,2015_53644,39.652993,-104.926111,6/2/2015 15:14,15:14,12,0,0,HAMPDEN AVE E & GLENCOE ST S,1,1,0,0,1,1,,,35,0,0,0,0,0,2,2,3
,2015_53645,39.65298,-104.919997,4/25/2015 18:00,18:00,12,0,0,HAMPDEN AVE & 5800 BLK E,1,1,1,0,1,3,,,35,0,0,0,0,0,2,3,13
,2015_53646,39.75855,-105.025134,3/4/2015 18:34,18:34,1,0,0,FEDERAL BLVD N & 29TH AVE W,1,2,0,0,1,1,,,35,0,0,0,0,0,2,2,1
,2015_53647,39.772939,-105.025237,4/9/2015 7:29,7:29,12,0,0,FEDERAL BLVD 4100 BLK N & 41ST AVE W,1,1,0,0,1,1,,,35,0,0,0,0,0,2,2,14
,2015_53648,39.772939,-105.025237,10/14/2015 15:30,15:30,12,0,0,41ST AVE W & FEDERAL BLVD W,1,1,0,0,1,1,,,35,0,0,0,0,0,2,2,13
,2015_53649,39.776693,-105.025236,6/16/2015 17:13,17:13,14,0,0,FEDERAL BLVD N & 44TH AVE W,1,1,0,0,1,1,,,35,0,0,0,0,0,2,2,13
,2015_53793,0,0,1/23/2015 7:33,7:33,6,0,0,WALNUT ST & 34TH ST,1,1,0,7,1,4,,,30,0,0,0,0,0,4,2,14
,2015_53808,39.770223,-104.991394,6/7/2015 19:10,19:10,5,0,0,I-25 & 39TH AVE W,2,1,0,1,2,4,,,55,0,0,0,0,0,1,1,7
,2015_53834,0,0,3/28/2015 15:00,15:00,5,0,0,11TH AVE 1000 BLK E & OGDEN ST N,1,1,0,0,3,4,,,30,0,0,0,0,0,4,1,13
,2015_53838,0,0,6/22/2015 17:20,17:20,3,0,0,3RD AVE W & CHEROKEE ST N,1,1,0,7,1,1,,,30,0,0,0,0,0,4,2,14
,2015_53839,0,0,11/30/2015 17:14,17:14,11,0,1,3RD AVE W & SANTA FE DR N,1,3,1,0,1,1,,,,0,1,0,0,3,4,2,13
,2015_53840,0,0,7/9/2015 13:08,13:08,3,0,0,4TH AVE W & ACOMA ST N,1,1,0,7,1,1,,,25,0,0,0,0,0,4,2,3
,2015_53841,0,0,1/6/2015 6:45,6:45,3,0,1,4TH AVE E & WASHINGTON ST N,5,2,0,7,1,1,,,25,0,0,0,0,2,4,2,1
,2015_53842,0,0,3/25/2015 8:07,8:07,15,0,0,6TH AVE 00 BLK E & BROADWAY ST N,4,1,0,2,1,4,,,30,0,0,0,0,0,4,2,13
,2015_53843,0,0,3/24/2015 20:15,20:15,10,0,0,6TH AVE W & KALAMATH ST N,1,3,0,0,1,1,,,30,0,0,0,0,0,4,3,13
,2015_53844,0,0,1/16/2015 12:49,12:49,1,0,0,6TH AVE E & MONACO ST N,1,1,0,7,1,1,,,30,0,0,0,0,0,4,2,3
,2015_53845,0,0,1/23/2015 7:15,7:15,3,0,0,7TH AVE E & CLARKSON ST N,1,1,1,7,1,1,,,30,0,0,0,0,0,4,2,16
,2015_53846,0,0,5/8/2015 13:40,13:40,12,0,0,8TH AVE W & SANTA FE DR N,2,1,0,1,1,1,,,35,0,0,0,0,0,4,2,16
,2015_53847,0,0,7/20/2015 21:26,21:26,5,0,0,8TH AVE 2000 BLK W & WYANDOT ST N,1,3,1,0,3,4,,,25,0,0,0,0,0,4,1,5
,2015_53848,0,0,2/24/2015 8:15,8:15,3,0,0,9TH AVE E & MAGNOLIA ST N,4,1,0,0,1,1,,,25,0,0,0,0,0,4,2,7
,2015_53849,0,0,4/20/2015 20:40,20:40,3,0,0,10TH AVE E & WASHINGTON ST N,1,3,0,7,1,1,,,30,0,0,0,0,0,4,2,8
,2015_53850,0,0,2/12/2015 4:18,4:18,5,0,1,11TH AVE 400 BLK W & DELAWARE ST N,1,3,0,7,2,3,,,25,0,0,0,0,3,4,1,1
,2015_53851,0,0,9/18/2015 14:52,14:52,12,0,0,14TH AVE 4000 BLK E & ALBION ST N,1,1,1,0,1,1,,,30,0,0,0,0,1,4,3,13
,2015_53852,0,0,8/5/2015 17:27,17:27,3,0,0,12TH AVE E & PENNSYLVANIA ST N,1,1,0,7,1,1,,,30,0,0,0,0,0,4,2,8
,2015_53853,0,0,7/1/2015 15:25,15:25,6,0,0,13TH AVE W & 3465,1,1,1,0,1,2,,,20,0,0,0,0,0,4,2,13
,2015_53854,0,0,11/18/2015 10:05,10:05,10,0,1,14TH AVE E & RACE ST N,1,1,0,0,1,1,,,35,0,0,0,1,2,4,2,16
,2015_53855,0,0,12/29/2015 17:14,17:14,3,0,0,17TH AVE E & KRAMERIA ST N,1,4,0,0,1,1,,,25,0,0,0,0,0,4,2,14
,2015_53856,0,0,6/2/2015 7:50,7:50,2,0,0,16TH AVE 2400 BLK E & JOSEPHINE ST N,1,1,1,0,1,2,,,15,1,0,0,0,0,4,2,14
,2015_53857,0,0,7/28/2015 7:45,7:45,2,0,1,16TH AVE E & LOGAN ST N,1,1,0,0,1,1,,,30,1,0,0,0,2,4,2,14
,2015_53858,0,0,10/17/2015 20:36,20:36,15,0,0,18TH AVE E & GRANT ST N,1,3,0,0,1,1,,,,0,0,0,0,0,4,2,13
,2015_53859,0,0,1/27/2015 13:00,13:00,3,0,0,17TH AVE E & PEARL ST N,1,1,0,7,1,1,,,20,0,0,0,0,0,4,2,3
,2015_53860,0,0,6/22/2015 20:29,20:29,2,0,1,23RD AVE W & BRYANT ST N,1,1,1,0,1,4,,,30,1,0,0,0,2,4,2,8
,2015_53861,0,0,1/17/2015 13:45,13:45,3,0,0,23RD AVE E & CLARKSON ST N,1,1,0,7,1,1,,,25,0,0,0,0,1,4,2,16
,2015_53862,0,0,12/4/2015 20:00,20:00,6,0,0,32ND AVE W & WYANDOT ST N,1,2,0,7,1,4,,,15,0,0,0,0,0,4,2,16
,2015_53863,0,0,4/21/2015 8:07,8:07,3,0,0,29TH AVE E & WILLIAMS ST N,1,1,0,7,1,1,,,25,0,0,0,0,0,4,2,16
,2015_53864,0,0,8/5/2015 16:55,16:55,12,0,0,29TH AVE W & ZUNI ST N,1,1,0,7,1,4,,,30,0,0,0,0,0,4,2,16
,2015_53865,0,0,4/22/2015 17:00,17:00,1,0,1,38TH AVE W & OSAGE ST N,1,1,0,0,1,1,,,35,0,0,0,1,3,4,2,13
,2015_53866,0,0,5/26/2015 9:10,9:10,1,0,0,39TH AVE E & PEORIA ST N,1,1,0,0,1,1,,,25,0,0,0,0,1,4,2,13
,2015_53867,0,0,8/15/2015 10:14,10:14,3,0,0,40TH AVE E & CHAMBERS RD N,1,1,0,7,1,1,,,40,0,0,0,0,0,4,2,7
,2015_53868,0,0,11/6/2015 10:47,10:47,5,0,0,40TH AVE & 2100 BLK E,1,1,0,0,3,2,,,25,0,0,0,0,0,4,1,7
,2015_53869,0,0,6/21/2015 22:40,22:40,6,0,0,41ST AVE 2700 BLK W & ELIOT ST N,1,3,0,7,1,4,,,20,0,0,0,0,0,4,3,16
,2015_53870,0,0,5/12/2015 10:00,10:00,5,0,0,45TH AVE & 1150 BLK E,1,1,0,0,3,4,,,35,0,0,0,0,0,4,1,5
,2015_53871,0,0,2/17/2015 8:00,8:00,12,0,0,45TH AVE E & 44TH AVE E,5,1,0,0,1,1,,,30,0,0,0,0,0,4,2,13
,2015_53872,0,0,7/2/2015 17:52,17:52,6,0,0,45TH AVE 19300 BLK E & ENSENADA ST N,1,1,1,7,1,4,,,25,0,0,0,0,0,4,2,12
,2015_53873,0,0,1/9/2015 8:15,8:15,5,0,0,50TH AVE W & FOX ST N,5,2,0,2,3,2,,,35,0,0,0,0,0,4,1,14
,2015_53874,0,0,2/18/2015 11:21,11:21,12,0,0,ALAMEDA AVE W & BROADWAY ST S,1,1,0,7,1,4,,,30,0,0,0,0,0,4,3,3
,2015_53875,0,0,1/25/2015 16:25,16:25,1,0,0,ALAMEDA AVE E & CLINTON ST S,1,1,0,7,1,1,,,40,0,0,0,0,0,4,2,16
,2015_53876,0,0,2/19/2015 7:20,7:20,12,0,0,ALAMEDA AVE E & LOCUST ST S,1,1,0,7,1,1,,,35,0,0,0,0,0,4,2,16
,2015_53877,0,0,4/2/2015 15:27,15:27,3,0,0,ALCOTT ST & 50TH AVE W,2,1,0,2,1,2,,,25,0,0,0,0,0,4,2,14
,2015_53879,0,0,3/26/2015 15:15,15:15,1,0,0,ASBURY AVE E & UNIVERSITY BLVD S,1,1,0,0,1,1,,,25,0,0,0,0,0,4,2,3
,2015_53880,0,0,5/21/2015 11:55,11:55,12,0,0,BROADWAY ST 200 BLK S & ALAMEDA AVE E,1,1,0,0,1,4,,,35,0,0,0,0,1,4,3,3
,2015_53881,0,0,6/15/2015 13:31,13:31,12,0,0,BROADWAY ST 2100 BLK S & EVANS AVE E,1,1,0,7,1,4,,,30,0,0,0,0,0,4,2,3
,2015_53882,0,0,5/7/2015 13:15,13:15,1,0,0,BROADWAY ST N & PARK AVE W,1,1,0,7,1,1,,,30,0,0,0,0,0,4,2,16
,2015_53883,0,0,1/21/2015 18:19,18:19,15,0,0,BROADWAY ST 100 BLK & 2ND ST,2,3,0,7,1,4,,,35,0,0,0,0,0,4,2,8
,2015_53884,0,0,3/12/2015 16:41,16:41,3,0,0,BYERS PL W & BANNOCK ST S,1,1,0,7,1,1,,,25,0,0,0,0,1,4,2,16
,2015_53885,0,0,5/20/2015 18:39,18:39,8,0,2,CLAY ST S & MISSISSIPPI AVE W,2,1,0,0,1,4,,,20,0,0,0,0,3,4,3,5
,2015_53886,0,0,7/10/2015 18:05,18:05,6,0,0,CLAYTON ST 1100 BLK S & MISSISSIPPI AVE E,1,1,0,7,1,4,,,25,0,0,0,0,0,4,2,12
,2015_53887,0,0,10/26/2015 14:14,14:14,6,0,0,CLAY ST 2100 BLK S & EVANS AVE W,1,1,0,7,1,2,,,25,0,0,0,0,0,4,2,16
,2015_53888,0,0,3/18/2015 23:50,23:50,5,0,0,CROWN BLVD 5500 BLK N & MAXWELL PL E,2,4,0,1,2,4,,,25,0,0,0,0,1,4,1,14
,2015_53889,0,0,5/5/2015 7:45,7:45,12,0,0,DAHLIA ST 2000 BLK S & EVANS AVE E,2,1,0,7,1,4,,,30,0,0,0,0,0,4,3,1
,2015_53890,0,0,4/3/2015 6:55,6:55,12,0,0,DELGANY ST & PARK AVE W,5,1,0,7,1,4,,,30,0,0,0,0,0,4,2,16