id,drcog_id,latitude,longitude,crashtime,time,crashtype,numbkilled,numbinjurd,drcoglocat,rdconditin,lightngcon,roadcntgrd,weatherco,location,roaddescrp,schoolzone,constrzone,splimit,bikeinv,pedinv,sctrinv,motoinv,svrty,rdsystem,ttlvehcls,hcf
,2015_53891,0,0,6/11/2015 11:43,11:43,6,0,0,DETROIT ST 200 BLK N & 2ND AVE E,1,1,0,7,1,4,,,25,0,0,0,0,0,4,2,1
,2015_53892,0,0,8/7/2015 7:20,7:20,11,0,0,DARTMOUTH AVE E & KENTON ST S,1,1,0,0,1,1,,,35,0,1,0,0,1,4,2,13
,2015_53893,0,0,6/25/2015 17:19,17:19,3,0,0,DILLON ST N & ALBROOK DR E,1,1,1,7,1,1,,,25,0,0,0,0,0,4,2,16
,2015_53894,0,0,4/3/2015 7:34,7:34,12,0,0,DOWNING ST S & BUCHTEL BLVD E,5,1,0,7,1,3,,,30,0,0,0,0,0,4,3,16
,2015_53895,0,0,11/18/2015 16:28,16:28,3,0,0,EMERSON ST S & DAKOTA AVE E,1,2,0,0,1,1,,,25,0,0,0,0,0,4,2,5
,2015_53896,0,0,1/7/2015 17:09,17:09,12,0,0,DOWNING ST 2600 BLK S & YALE AVE E,1,3,0,7,1,4,,,30,0,0,0,0,0,4,2,16
,2015_53897,0,0,1/16/2015 16:16,16:16,12,0,0,EVANS AVE E & GAYLORD ST S,1,1,0,7,1,4,,,30,0,0,0,0,0,4,2,16
,2015_53899,0,0,1/16/2015 0:39,0:39,5,0,2,FRANKLIN ST & 2555 BLK N,1,3,0,0,3,5,,,30,0,0,0,0,3,4,2,5
,2015_53900,0,0,2/25/2015 8:17,8:17,15,0,0,FRANKLIN ST 1700 BLK N & 18TH AVE E,4,1,0,1,1,4,,,30,0,0,0,0,0,4,2,13
,2015_53901,0,0,4/23/2015 17:58,17:58,3,0,0,FRANKLIN ST S & ALAMEDA AVE E,1,1,1,0,1,1,,,25,0,0,0,0,1,4,2,3
,2015_53902,0,0,1/9/2015 12:51,12:51,3,0,0,GAYLORD ST N & 17TH AVE E,2,1,0,0,1,1,,,25,0,0,0,0,0,4,3,13
,2015_53903,0,0,3/14/2015 0:57,0:57,12,0,0,GVR BLVD E & TOWER RD N,1,3,0,7,1,1,,,40,0,0,0,0,0,4,2,16
,2015_53904,0,0,2/9/2015 21:50,21:50,12,0,0,GVR BLVD E & WALDEN ST N,1,4,0,7,1,4,,,45,0,0,0,0,0,4,2,14
,2015_53905,0,0,1/16/2015 16:46,16:46,3,0,0,HIGHLAND PARK PL & FEDERAL BLVD N,1,1,0,0,1,5,,,25,0,0,0,0,1,4,2,9
,2015_53906,0,0,6/27/2015 12:56,12:56,15,0,0,IRVING ST S & EVANS AVE W,1,1,0,0,1,1,,,25,0,0,0,0,0,4,2,13
,2015_53907,0,0,5/2/2015 15:25,15:25,11,0,0,IRVING ST S & VIRGINIA AVE W,1,1,0,0,1,1,,,25,0,1,0,0,1,4,2,13
,2015_53908,0,0,6/15/2015 12:59,12:59,6,0,0,JACKSON ST N & 1ST AVE E,1,1,0,7,1,2,,,25,0,0,0,0,0,4,2,16
,2015_53909,0,0,3/29/2015 3:39,3:39,6,0,0,JAVA WAY S & COLORADO AVE W,1,3,1,7,1,4,,,25,0,0,0,0,0,4,2,5
,2015_53910,0,0,11/11/2015 8:24,8:24,3,0,0,JEWELL AVE W & KNOX CT S,6,1,0,0,1,1,,,25,0,0,0,0,1,4,2,13
,2015_53911,0,0,8/9/2015 14:10,14:10,14,0,0,JEWELL AVE W & RARITAN ST S,1,1,0,0,1,1,,,30,0,0,0,0,0,4,2,13
,2015_53912,0,0,2/10/2015 14:38,14:38,3,0,0,JEWELL AVE W & TEJON ST S,1,1,0,7,1,1,,,25,0,0,0,0,0,4,2,8
,2015_53913,0,0,4/29/2015 15:55,15:55,10,0,0,JOSEPHINE ST N & 12TH AVE E,1,1,0,0,1,1,,,35,0,0,0,0,0,4,2,8
,2015_53914,0,0,8/16/2015 12:55,12:55,12,0,0,KNOX CT & 100 BLK N,1,1,1,0,1,4,,,30,0,0,0,0,0,4,2,7
,2015_53915,0,0,6/1/2015 17:48,17:48,12,0,0,KNOX CT N & 4TH AVE W,1,1,1,7,1,1,,,30,0,0,0,0,0,4,2,16
,2015_53916,0,0,2/18/2015 1:04,1:04,14,0,0,LAFAYETTE ST 1400 BLK N & 14TH AVE E,4,2,0,7,1,4,,,20,0,0,0,0,0,4,2,1
,2015_53917,0,0,1/6/2015 20:15,20:15,6,0,0,LARIMER ST 1900 BLK & 19TH ST,1,3,0,7,1,4,,,30,0,0,0,0,0,4,2,14
,2015_53919,0,0,3/8/2015 16:21,16:21,10,0,0,LINCOLN ST N & 18TH AVE E,1,1,0,0,1,1,,,30,0,0,0,0,0,4,2,14
,2015_53920,0,0,6/4/2015 11:15,11:15,3,0,0,LOGAN ST 700 BLK S & EXPOSITION AVE E,1,1,0,0,1,5,,,30,0,0,0,0,0,4,2,13
,2015_53921,0,0,7/1/2015 17:42,17:42,3,0,0,LOGAN ST S & JEWELL AVE E,1,1,0,7,1,1,,,30,0,0,0,0,0,4,2,16
,2015_53922,0,0,7/25/2015 10:19,10:19,12,0,0,LOGAN ST N & SPEER BLVD E,1,1,0,7,1,1,,,30,0,0,0,0,0,4,2,16
,2015_53923,0,0,8/27/2015 6:50,6:50,5,0,0,MLK BLVD & GLENCOE ST N,1,1,0,0,2,4,,,35,0,0,0,0,0,4,1,5
,2015_53924,0,0,7/17/2015 17:17,17:17,3,0,0,MISSISSIPPI AVE W & ELIOT ST S,1,1,0,0,1,1,,,30,0,0,0,0,0,4,2,1
,2015_53926,0,0,11/9/2015 8:20,8:20,1,0,0,MONACO ST S & CHERRY CREEK DR S E,1,1,0,0,1,1,,,35,0,0,0,0,0,4,2,16
,2015_53927,0,0,7/2/2015 16:30,16:30,12,0,0,MONACO PKWY & 1600 BLK S,1,1,0,0,1,4,,,45,0,0,0,0,1,4,2,14
,2015_53928,0,0,6/28/2015 1:47,1:47,12,0,0,MONACO ST S & ALAMEDA AVE E,1,3,0,7,1,1,,,35,0,0,0,0,0,4,2,16
,2015_53929,0,0,6/12/2015 18:56,18:56,2,0,0,MONACO PKWY S & CHERRY CREEK DR N E,1,1,0,0,1,1,,,35,1,0,0,0,1,4,2,3
,2015_53930,0,0,8/20/2015 17:25,17:25,6,0,0,ST PAUL ST & 3435 N,1,1,0,7,1,4,,,20,0,0,0,0,0,4,2,1
,2015_53931,0,0,2/23/2015 18:20,18:20,6,0,0,OSCEOLA ST N & 1ST AVE W,5,4,1,7,3,4,,,25,0,0,0,0,0,4,2,1
,2015_53932,0,0,2/4/2015 20:30,20:30,6,0,0,PATTON CT 500 BLK S & MORRISON RD,1,3,0,7,1,4,,,25,0,0,0,0,1,4,2,9
,2015_53933,0,0,6/15/2015 17:38,17:38,12,0,0,PENA BLVD & GVR BLVD,1,1,0,0,1,4,,,65,0,0,0,0,0,4,2,7
,2015_53934,0,0,1/6/2015 15:00,15:00,12,0,0,NB PENA BLVD & GVR BLVD E,1,1,0,7,1,4,,,40,0,0,0,0,0,4,2,16
,2015_53935,0,0,12/28/2015 2:00,2:00,6,0,0,PEATH CT 5000 BLK N & 50TH AVE E,4,3,0,7,1,4,,,30,0,0,0,0,0,4,2,16
,2015_53937,0,0,3/1/2015 20:30,20:30,6,0,0,QUEBEC ST & 400 BLK N,5,3,0,0,1,4,,,20,0,0,0,0,0,4,3,5
,2015_53938,0,0,3/30/2015 12:13,12:13,10,0,0,15TH ST 300 & COURT PL,1,1,0,0,1,4,,,25,0,0,0,0,0,4,2,13
,2015_53939,0,0,6/24/2015 22:15,22:15,3,0,0,15TH ST & GLENARM PL,1,3,0,7,1,1,,,30,0,0,0,0,0,4,2,8
,2015_53940,0,0,7/22/2015 23:55,23:55,15,0,0,15TH ST 1300 BLK & MARKET ST,1,3,0,7,1,4,,,25,0,0,0,0,0,4,2,5
,2015_53941,0,0,1/3/2015 17:00,17:00,12,0,0,SANTA FE DR 1000 BLK N & 11TH AVE W,5,3,1,2,1,4,,,30,0,0,0,0,0,4,2,16
,2015_53942,0,0,4/29/2015 4:29,4:29,12,0,0,SANTA FE DR 1300 BLK N & 13TH AVE W,1,1,0,0,1,3,,,30,0,0,0,0,0,4,2,13
,2015_53943,0,0,4/16/2015 12:35,12:35,12,0,0,SHADY GROVE ST 7700 BLK N & PENA BLVD,2,1,1,2,1,1,,,25,0,0,0,0,0,4,2,14
,2015_53944,0,0,2/3/2015 14:11,14:11,12,0,0,SPEER BLVD 1600 BLK N & AURARIA PKWY,1,1,0,7,1,4,,,35,0,0,0,0,0,4,2,16
,2015_53945,0,0,7/11/2015 14:39,14:39,12,0,0,SPEER BLVD E & DOWNING ST N,1,1,0,7,1,3,,,30,0,0,0,0,0,4,2,16
,2015_53946,0,0,5/4/2015 10:21,10:21,3,0,1,SPEER BLVD & LARIMER ST,1,1,0,7,1,1,,,35,0,0,0,0,2,4,2,16
,2015_53947,0,0,6/18/2015 19:25,19:25,15,0,0,SPEER BLVD N & WEWATTA ST,1,1,0,7,1,1,,,35,0,0,0,0,0,4,2,16
,2015_53948,0,0,7/19/2015 0:13,0:13,2,0,1,STEELE ST 4100 BLK N & 41ST AVE E,1,3,0,0,3,2,,,30,1,0,0,0,2,4,2,5
,2015_53949,0,0,1/2/2015 12:18,12:18,5,0,0,STOUT ST & 1961,5,1,1,2,1,4,,,30,0,0,0,0,0,4,1,14
,2015_53950,0,0,9/5/2015 2:05,2:05,5,0,1,SYRACUSE WAY S & DARTMOUTH AVE E,1,3,0,0,3,4,,,35,0,0,0,0,2,4,1,5
,2015_53951,0,0,1/14/2015 13:12,13:12,3,0,0,TAMARAC DR S & GIRARD AVE E,1,1,0,7,1,1,,,30,0,0,0,0,0,4,2,16
,2015_53952,0,0,3/15/2015 21:29,21:29,3,0,1,TOWER RD N & 56TH AVE E,1,3,0,7,1,1,,,45,0,0,0,0,2,4,2,7
,2015_53953,0,0,1/6/2015 22:16,22:16,15,0,0,TOWER RD N & E 71ST AVE,1,3,0,7,1,4,,,45,0,0,0,0,0,4,2,8
,2015_53954,0,0,1/6/2015 8:00,8:00,12,0,0,N UINTA ST & NORTHFIELD BLVD E,5,1,0,7,1,1,,,30,0,0,0,0,0,4,2,5
,2015_53955,0,0,7/29/2015 16:24,16:24,12,0,0,UNIVERSITY BLVD 1900 BLK S & ASBURY AVE E,1,1,0,7,1,3,,,30,0,0,0,0,0,4,2,16
,2015_53956,0,0,2/5/2015 10:27,10:27,12,0,0,UNIVERSITY BLVD 2600 BLK S & YALE AVE E,1,1,1,7,1,1,,,30,0,0,0,0,0,4,2,14
,2015_53957,0,0,1/6/2015 7:50,7:50,3,0,0,VALENTIA ST 1000 S & MISSISSIPPI AVE E,5,1,0,0,1,2,,,30,0,0,0,0,0,4,2,1
,2015_53958,0,0,1/9/2015 18:55,18:55,6,0,0,VASSAR DR & 9888 E,5,4,1,0,1,4,,,35,0,0,0,0,0,4,2,7
,2015_53959,0,0,6/30/2015 15:02,15:02,12,0,0,WELTON ST & 1700 BLK,1,1,0,0,1,4,,,30,0,0,0,0,0,4,2,13
,2015_53960,0,0,6/20/2015 0:30,0:30,1,0,0,WAZEE ST 1900 BLK & 19TH ST,1,3,0,0,1,2,,,25,0,0,0,0,0,4,2,7
,2015_53961,0,0,1/31/2015 20:40,20:40,6,0,0,WYANDOT ST 3600 BLK N & 36TH AVE W,1,3,0,2,1,4,,,25,0,0,0,0,0,4,2,3
,2015_53962,0,0,8/24/2015 14:38,14:38,5,0,0,WILSON CT N & 3095,1,1,0,0,3,4,,,25,0,0,0,0,0,4,1,13
,2015_53963,0,0,7/28/2015 7:28,7:28,5,0,0,ZUNI ST S & BATES AVE W,1,3,0,0,4,3,,,25,0,0,0,0,0,4,1,13
,2015_53964,0,0,9/6/2015 23:30,23:30,6,0,0,YUMA ST S & ALAMEDA AVE W,1,3,0,0,1,4,,,25,0,0,0,0,0,4,2,5
,2015_54076,39.708065,-104.940625,5/20/2015 11:54,11:54,12,0,0,COLORADO BLVD & 500 BLK S,1,1,0,0,1,4,,,35,0,0,0,0,0,2,2,3
,2015_54077,39.709561,-104.940626,5/11/2015 19:52,19:52,12,0,0,COLORADO BLVD & 400 BLK S,1,2,1,0,1,4,,,35,0,0,0,0,1,2,2,13
,2015_54080,39.74372,-104.940608,2/22/2015 8:54,8:54,3,0,0,COLORADO BLVD N & 17TH AVE E,5,1,0,2,1,1,,,35,0,0,0,0,0,2,2,13
,2015_54081,39.754512,-104.940549,7/3/2015 12:30,12:30,11,0,0,COLORADO BLVD N & 26TH AVE E,1,1,0,0,1,1,,,35,0,1,0,0,1,2,2,14
,2015_54113,39.677701,-104.933002,12/16/2015 5:25,5:25,15,0,0,I-25 & EVANS AVE E,5,3,1,2,1,4,,,60,0,0,0,0,0,1,2,13
,2015_54114,39.651411,-104.917345,6/24/2015 18:29,18:29,12,0,0,I-25 SB ON RAMP AT METER & HAMPDEN AVE E,2,1,0,1,1,8,,,35,0,0,0,0,0,1,2,3
,2015_54115,39.667504,-104.925529,6/8/2015 20:45,20:45,12,0,0,I-25 NB OFF SLIP RAMP & YALE AVE E,1,3,1,0,1,8,,,35,0,0,0,0,1,1,2,13
,2015_54116,39.66762,-104.92561,4/19/2015 12:04,12:04,12,0,0,I-25 NB RAMPS & YALE AVE E,1,1,1,0,1,1,,,35,0,0,0,0,0,1,2,13
,2015_54117,39.678363,-104.933558,5/9/2015 2:05,2:05,12,0,0,I-25 & EVANS AVE E,1,3,1,0,1,4,,,60,0,0,0,0,0,1,2,2
,2015_54118,39.681941,-104.937425,1/5/2015 3:40,3:40,5,0,0,I-25 & EVANS AVE E,2,3,1,0,3,8,,,60,0,0,0,0,1,1,1,5
,2015_54119,39.700841,-104.986681,7/2/2015 8:20,8:20,12,0,0,BROADWAY S & KENTUCKY AVE,1,1,0,0,1,1,,,30,0,0,0,0,1,1,2,13
,2015_54120,39.707122,-104.996782,1/31/2015 13:10,13:10,12,0,0,I-25 & SANTA FE DR S,1,1,0,0,1,4,,,55,0,0,0,0,0,1,2,13
,2015_54121,39.701452,-104.987435,9/15/2015 12:15,12:15,15,0,0,I-25 & BROADWAY S,1,1,1,0,1,4,,,55,0,0,0,0,0,1,2,13
,2015_54122,39.71124,-104.998918,3/21/2015 10:13,10:13,15,0,0,I-25 & ALAMEDA AVE W,1,1,1,0,1,4,,,55,0,0,0,0,0,1,4,13
,2015_54123,39.71124,-104.998918,7/8/2015 14:01,14:01,12,0,0,I-25 & ALAMEDA AVE W,2,1,0,1,1,4,,,55,0,0,0,0,0,1,2,13
,2015_54124,39.712796,-104.999842,2/22/2015 21:35,21:35,15,0,0,I-25 & ALAMEDA AVE W,4,3,0,2,1,4,,,55,0,0,0,0,0,1,2,5
,2015_54125,39.717716,-105.004259,4/18/2015 11:51,11:51,12,0,0,I-25 & ALAMEDA AVE W,1,1,0,0,1,4,,,55,0,0,0,1,1,1,2,13
,2015_54126,39.722946,-105.010571,3/12/2015 15:17,15:17,12,0,2,I-25 & 6TH AVE W,1,1,0,0,1,4,,,55,0,0,0,0,2,1,2,13
,2015_54127,39.72543,-105.013021,5/15/2015 11:20,11:20,15,0,0,I-25 & 6TH AVE W,1,1,0,0,1,4,,,55,0,0,0,0,0,1,2,12
,2015_54128,39.72543,-105.013021,6/14/2015 11:50,11:50,12,0,0,I-25 & 6TH AVE,1,1,0,0,1,4,,,55,0,0,0,0,1,1,2,14
,2015_54129,39.726455,-105.013672,1/6/2015 7:08,7:08,12,0,0,I-25 NB ON RAMP & 6TH AVE W,5,1,1,0,1,8,,,55,0,0,0,0,0,1,2,13
,2015_54130,39.731543,-105.015521,12/31/2015 15:57,15:57,15,0,0,I-25 NB & MULBERRY PL W (RAMP C),1,1,1,0,1,4,,,55,0,0,0,0,1,1,3,13
,2015_54131,39.74035,-105.013939,6/8/2015 15:37,15:37,12,0,0,I-25 & COLFAX AVE W,1,1,0,0,1,4,,,55,0,0,0,0,0,1,2,13
,2015_54132,39.760997,-105.004275,9/10/2015 19:20,19:20,12,0,1,I-25 & 20TH ST,1,2,0,0,1,4,,,55,0,0,0,0,2,1,3,13
,2015_54133,39.756447,-105.010899,2/16/2015 8:40,8:40,5,0,0,I-25 & SPEER BLVD,4,1,0,2,2,8,,,55,0,0,0,0,0,1,1,13
,2015_54135,39.763753,-105.00161,4/18/2015 1:20,1:20,5,0,2,I-25 NB OFF RAMP & 20TH AVE W NB RAMP GORE PT,1,3,1,0,2,4,,,55,0,0,0,0,2,1,1,5
,2015_54136,39.767785,-104.995444,6/19/2015 23:30,23:30,15,0,0,I-25 & PARK AVE WEST,1,3,0,0,1,4,,,55,0,0,0,0,0,1,2,13
,2015_54137,39.768039,-104.994788,4/4/2015 8:30,8:30,1,0,0,38TH AVE W & FOX ST N,1,5,0,0,1,1,,,35,0,0,0,0,0,1,2,13
,2015_54138,39.779391,-104.989165,6/14/2015 16:27,16:27,15,0,0,I-25 & I-70,1,1,0,0,1,4,,,55,0,0,0,0,0,1,2,14
,2015_54155,39.711181,-105.008597,5/6/2015 9:00,9:00,3,0,0,ALAMEDA AVE W & RARITAN ST S,1,1,0,0,1,1,,,25,0,0,0,0,1,2,3,1
,2015_54156,39.711184,-105.000622,7/1/2015 13:40,13:40,1,0,0,ALAMEDA AVE W & PLATTE RIVER DR S,1,1,0,0,1,1,,,35,0,0,0,0,0,2,2,1
,2015_54157,39.7112,-104.999749,7/15/2015 8:40,8:40,3,0,0,ALAMEDA AVE W & I-25 SB OFF RAMP,1,1,0,0,1,1,,,35,0,0,0,0,0,2,2,13
,2015_54158,39.653094,-104.912878,6/15/2015 8:12,8:12,12,0,0,HAMPDEN AVE 6500 BLK E & MONACO PKWY S,1,1,0,0,1,3,,,45,0,0,0,0,0,2,2,1
,2015_54159,39.654051,-104.867561,2/13/2015 7:55,7:55,12,0,0,HAMPDEN AVE 10200 BLK E & GALENA ST S,1,1,0,0,1,4,,,45,0,0,0,0,0,2,2,3
,2015_54160,39.666819,-104.866152,2/7/2015 14:28,14:28,15,0,0,HAVANA ST & 2700 BLK S,1,1,0,0,1,4,,,45,0,0,0,0,1,2,2,13
,2015_54178,39.740354,-105.049796,6/20/2015 12:15,12:15,12,0,0,XAVIER ST N & COLFAX AVE W,1,1,0,0,1,3,,,25,0,0,0,0,0,2,2,13
,2015_54179,39.740306,-105.014081,1/9/2015 19:48,19:48,12,0,1,COLFAX AVE & I-25,1,3,0,0,1,4,,,35,0,0,0,0,2,2,2,5
,2015_54180,39.740048,-104.999949,2/11/2015 18:25,18:25,11,0,1,KALAMATH ST & COLFAX AVE W,1,3,0,0,1,1,,,,0,1,0,0,2,2,2,13
,2015_54181,39.740018,-104.99668,1/25/2015 13:18,13:18,15,0,0,WELTON ST & COLFAX AVE W,1,1,0,0,1,1,,,25,0,0,0,0,0,2,2,13
,2015_54182,39.739998,-104.978671,6/19/2015 22:30,22:30,11,0,0,COLFAX AVE E & WASHINGTON ST N,1,3,0,0,1,1,,,30,0,1,0,0,1,2,2,13
,2015_54183,39.74011,-104.958745,2/20/2015 12:53,12:53,12,0,0,JOSEPHINE ST N & COLFAX AVE E,1,1,0,0,1,3,,,30,0,0,0,0,0,2,2,13
,2015_54184,39.740157,-104.958383,1/8/2015 10:45,10:45,12,0,0,COLFAX AVE & JOSEPHINE ST,1,1,0,0,1,4,,,30,0,0,0,0,0,2,2,13
,2015_54185,39.740136,-104.945369,2/7/2015 17:32,17:32,3,0,0,COLFAX AVE 3600 BLK E & MONROE ST N,1,2,0,0,1,1,,,30,0,0,0,0,0,2,2,13
,2015_54186,39.73998,-104.962295,12/3/2015 15:45,15:45,11,0,0,COLFAX AVE E & VINE ST N,1,1,0,0,1,1,,,30,0,1,0,0,1,2,2,14
,2015_54218,39.783138,-105.006328,12/31/2015 19:44,19:44,15,0,0,PECOS ST N & 48TH AVE W,2,3,0,0,1,6,,,25,0,0,0,0,0,1,2,1
,2015_54219,39.783138,-105.006328,2/12/2015 6:52,6:52,12,0,0,I-70 & PECOS ST N,1,1,0,0,1,4,,,55,0,0,0,0,0,1,2,13
,2015_54220,39.783138,-105.006328,6/18/2015 11:18,11:18,15,0,0,I-70 & PECOS ST N,1,1,1,0,1,4,,,55,0,0,0,0,0,1,3,13
,2015_54221,39.779435,-104.979009,3/7/2015 22:01,22:01,12,0,0,I-70 EB RAMPS & WASHINGTON ST N,1,3,1,0,1,1,,,55,0,0,0,0,0,1,2,8
,2015_54222,39.779895,-104.967089,2/24/2015 7:36,7:36,15,0,0,I-70 & BRIGHTON BLVD N,5,1,0,2,1,4,,,55,0,0,0,0,0,1,2,1
,2015_54223,39.779911,-104.96676,1/30/2015 17:40,17:40,15,0,0,I-70 WB OFF RAMP & BRIGHTON BLVD N,1,3,1,0,1,8,,,55,0,0,0,0,0,1,2,13
,2015_54224,39.779944,-104.940633,7/15/2015 21:50,21:50,5,0,0,I-70 & COLORADO BLVD N,1,3,0,0,1,4,,,55,0,0,0,0,0,1,2,3
,2015_54225,39.779945,-104.94044,6/26/2015 9:57,9:57,15,0,0,I-70 WB OFF RAMP & COLORADO BLVD N,1,1,0,0,1,8,,,35,0,0,0,0,0,1,2,13
,2015_54226,39.778287,-104.912805,8/10/2015 15:01,15:01,12,0,0,I-70 & MONACO ST N,1,1,0,0,1,4,,,55,0,0,0,0,0,1,2,13
,2015_54227,39.778293,-104.910156,3/5/2015 18:12,18:12,15,0,0,I-70 & MONACO ST N,1,3,0,0,1,4,,,55,0,0,0,0,1,1,3,8
,2015_54228,39.777095,-104.882471,7/31/2015 15:50,15:50,12,0,0,I-70 & CENTRAL PARK BLVD N,1,1,0,0,1,4,,,55,0,0,0,0,0,1,2,13
,2015_54229,39.777095,-104.882471,5/18/2015 6:53,6:53,12,0,0,I-70 & CENTRAL PARK BLVD N,2,1,0,0,1,4,,,55,0,0,0,0,0,1,2,13
,2015_54230,39.77653,-104.876253,4/20/2015 23:20,23:20,12,0,0,I-70 & HAVANA ST N,1,3,0,0,1,4,,,55,0,0,0,0,0,1,3,12
,2015_54231,39.77576,-104.867358,4/3/2015 7:05,7:05,5,0,0,I-70 & HAVANA ST N,5,1,1,2,3,4,,,55,0,0,0,0,0,1,1,13
,2015_54232,39.774005,-104.847034,7/28/2015 7:30,7:30,15,0,0,I-70 & PEORIA ST N,1,1,0,0,1,4,,,55,0,0,0,0,0,1,2,13
,2015_54260,39.674737,-104.870699,5/9/2015 1:24,1:24,8,0,0,ILIFF AVE E & PARKER RD S,2,3,0,2,6,4,,,45,0,0,0,0,0,2,2,5
,2015_54263,39.707861,-104.92535,7/15/2015 17:29,17:29,15,0,0,LEETSDALE DR & 5400 BLK,1,1,0,0,1,4,,,35,0,0,0,0,0,2,2,13
,2015_54264,39.708205,-104.927243,6/16/2015 17:50,17:50,15,0,1,LEETSDALE DR & FOREST ST S,1,3,0,0,1,3,,,35,0,0,0,0,2,2,2,13
,2015_54273,39.696696,-104.991872,2/2/2015 11:59,11:59,15,0,0,SANTA FE DR S & MISSISSIPPI AVE W,1,1,0,0,1,1,,,45,0,0,0,0,1,2,2,3
,2015_54274,39.696696,-104.991872,7/6/2015 16:40,16:40,15,0,0,MISSISSIPPI AVE W & PLATTE RIVER DR S,1,1,0,0,1,3,,,45,0,0,0,0,0,2,2,13
,2015_54279,0,0,8/1/2015 14:55,14:55,12,0,0,FEDERAL BLVD N & 20TH AVE W,1,1,0,0,1,4,,,35,0,0,0,0,0,2,2,13
,2015_54280,39.738559,-105.02529,7/9/2015 15:30,15:30,15,0,0,FEDERAL BLVD N & 14TH AVE W,1,1,1,0,1,4,,,35,0,0,0,0,0,2,2,13
,2015_54281,39.729259,-105.02515,3/21/2015 2:05,2:05,12,0,0,8TH AVE W & FEDERAL BLVD N,1,3,1,0,1,3,,,35,0,0,0,0,1,2,2,13
,2015_54282,39.718099,-105.025158,4/25/2015 17:22,17:22,3,0,0,FEDERAL BLVD N & 1ST AVE W,1,1,0,0,1,1,,,35,0,0,0,0,0,2,2,13
,2015_54283,39.716613,-105.025129,4/3/2015 13:50,13:50,15,0,0,FEDERAL BLVD S & ELLSWORTH AVE W,1,1,0,0,1,4,,,35,0,0,0,0,0,2,2,7
,2015_54284,39.712029,-105.025112,5/16/2015 17:34,17:34,12,0,0,FEDERAL BLVD 200 BLK S & ALAMEDA AVE W,1,1,0,0,1,4,,,35,0,0,0,0,1,2,2,1
,2015_54285,39.704019,-105.02509,3/27/2015 13:07,13:07,3,0,0,FEDERAL BLVD S & EXPOSITION AVE W,1,1,0,0,1,2,,,35,0,0,0,0,0,2,2,13
,2015_54286,39.694884,-105.025057,7/11/2015 16:10,16:10,12,0,0,FEDERAL BLVD S & ARIZONA AVE W,1,1,0,0,1,1,,,35,0,0,0,0,0,2,4,1
,2015_54287,39.693099,-105.025036,8/2/2015 21:08,21:08,14,0,0,FEDERAL BLVD S & LOUISIANA AVE W,1,3,0,0,1,1,,,25,0,0,0,0,0,2,2,13
,2015_54288,39.6891,-105.025055,7/9/2015 11:15,11:15,3,0,0,FEDERAL BLVD S & FLORIDA AVE W,1,1,1,0,1,2,,,40,0,0,0,0,1,2,2,7
,2015_54298,39.663026,-105.053233,1/31/2015 23:33,23:33,15,0,0,SHERIDAN BLVD 2800 BLK S & BATES AVE W,6,3,1,2,1,4,,,40,0,0,0,0,0,2,2,1
,2015_54299,39.675721,-105.053261,3/25/2015 11:25,11:25,11,0,1,SHERIDAN BLVD S & WARREN AVE W,2,1,0,2,1,1,,,25,0,1,0,0,3,2,2,1
,2015_54304,39.724098,-105.053261,1/22/2015 8:47,8:47,12,0,0,SHERIDAN BLVD N & 5TH AVE W,2,2,1,0,1,1,,,35,0,0,0,0,0,2,2,13
,2015_54323,39.61833,-105.091109,8/13/2015 12:10,12:10,3,0,0,WADSWORTH BLVD S & CRESTLINE AVE W,1,1,0,0,1,1,,,25,0,0,0,0,0,2,2,8
,2015_54326,39.61974,-105.091094,12/21/2015 20:30,20:30,11,0,1,WADSWORTH BLVD S & CRESTLINE AVE W,4,3,0,1,1,4,,,45,0,1,0,0,2,2,2,12
,2015_54361,39.634488,-104.900202,5/30/2015 23:15,23:15,5,0,0,I-225 & TAMARAC ST S,1,3,0,0,2,4,,,55,0,0,0,0,0,1,1,8
,2015_54362,39.635523,-104.89346,3/11/2015 20:32,20:32,1,0,1,TAMARAC ST S & I-225 SB RAMPS,1,3,0,0,1,1,,,40,0,0,0,0,2,1,2,3
,2015_54363,39.635523,-104.89346,6/18/2015 1:45,1:45,15,0,0,I-225 NB RAMPS & TAMARAC ST S,1,3,0,0,1,1,,,35,0,0,0,0,0,1,2,13
,2015_54364,39.63903,-104.885605,7/21/2015 14:07,14:07,5,0,0,I-225 NB OFF COLLECTOR RAMP & YOSEMITE ST S,2,1,2,1,1,8,,,45,0,0,0,0,1,1,1,13
,2015_54365,39.639275,-104.885096,7/21/2015 5:25,5:25,12,0,0,I-225 SB OFF RAMP & YOSEMITE ST S,1,1,1,0,1,1,,,35,0,0,0,0,1,1,2,3
,2015_54381,39.781671,-104.899977,1/5/2015 16:16,16:16,12,0,0,I-270 & I-70,2,1,0,0,1,4,,,55,0,0,0,0,1,1,2,13
,2015_54382,39.781084,-104.899571,5/24/2015 6:30,6:30,15,0,0,I-270 & NORTHFIELD QUEBEC ST N EB LOOP RAMP ENT,1,2,0,0,1,4,,,55,0,0,0,0,0,1,2,14