id,drcog_id,latitude,longitude,crashtime,time,crashtype,numbkilled,numbinjurd,drcoglocat,rdconditin,lightngcon,roadcntgrd,weatherco,location,roaddescrp,schoolzone,constrzone,splimit,bikeinv,pedinv,sctrinv,motoinv,svrty,rdsystem,ttlvehcls,hcf
,2015_54383,39.778382,-104.896877,4/21/2015 8:52,8:52,15,0,0,I-270 WB DIRECT CONNECT & I-70,1,1,0,0,1,4,,,55,0,0,0,1,1,1,2,1
,2015_54387,0,0,3/9/2015 3:32,3:32,5,0,0,GILPIN ST & 1090 BLK S,1,3,0,0,3,1,,,25,0,0,0,0,0,4,1,5
,2015_54388,39.652979,-104.917736,6/17/2015 10:33,10:33,3,0,0,HAMPDEN AVE E & I-25 NB RAMPS,1,1,0,0,1,1,,,35,0,0,0,1,1,2,2,8
,2015_54389,39.75855,-105.025134,7/12/2015 22:45,22:45,1,0,1,FEDERAL BLVD N & 29TH AVE W,1,3,0,0,1,1,,,35,0,0,0,0,3,2,2,13
,2015_54390,39.763356,-105.025165,6/17/2015 8:41,8:41,12,0,1,FEDERAL BLVD N & HIGHLAND PARK PL W,1,1,0,0,1,1,,,35,0,0,0,0,2,2,2,7
,2015_54391,39.765544,-105.025174,7/28/2015 7:24,7:24,2,0,1,35TH AVE W & FEDERAL BLVD,1,1,0,0,1,1,,,30,1,0,0,0,3,2,2,13
,2015_54559,0,0,1/21/2015 9:59,9:59,3,0,0,1ST AVE E & CLERMONT ST N,4,1,0,2,1,1,,,20,0,0,0,0,0,4,2,16
,2015_54560,0,0,1/4/2015 10:58,10:58,3,0,0,2ND AVE E & PENNSYLVANIA ST N,5,1,1,7,1,1,,,25,0,0,0,0,0,4,2,16
,2015_54561,0,0,1/9/2015 20:30,20:30,3,0,0,4TH AVE W & KING ST N,14,5,1,7,1,1,,,25,0,0,0,0,0,4,2,16
,2015_54562,0,0,12/18/2015 21:11,21:11,12,0,0,8TH AVE E & CLARKSON ST N,2,3,0,0,1,1,,,30,0,0,0,0,1,4,2,5
,2015_54563,0,0,6/19/2015 16:59,16:59,15,0,0,8TH AVE W & KALAMATH ST N,1,1,1,0,1,1,,,30,0,0,0,0,0,4,2,13
,2015_54564,0,0,5/25/2015 1:30,1:30,10,0,0,13TH AVE E & LINCOLN ST N,1,3,0,0,1,1,,,30,0,0,0,0,0,4,2,14
,2015_54565,0,0,2/2/2015 8:15,8:15,12,0,0,13TH AVE W & MARIPOSA ST N,6,1,0,7,1,1,,,25,0,0,0,0,0,4,2,16
,2015_54566,0,0,5/29/2015 8:00,8:00,5,0,0,13TH AVE E & NIAGARA ST N,1,1,0,0,2,3,,,30,0,0,0,0,0,4,1,12
,2015_54567,0,0,4/23/2015 18:58,18:58,10,0,0,13TH AVE E & ONEIDA ST N,1,2,0,0,1,1,,,30,0,0,0,0,0,4,2,4
,2015_54568,0,0,5/25/2015 19:05,19:05,3,0,0,13TH AVE W & SPEER BLVD N,2,1,0,7,1,1,,,25,0,0,0,0,0,4,2,16
,2015_54570,0,0,4/21/2015 11:25,11:25,15,0,1,14TH AVE 1600 BLK E & FRANKLIN ST N,1,1,0,0,1,4,,,30,0,0,0,0,2,4,2,13
,2015_54571,0,0,1/1/2015 22:10,22:10,6,0,0,14TH AVE 2000 BLK E & VINE ST N,3,2,1,2,1,4,,,30,0,0,0,0,0,4,2,7
,2015_54572,0,0,5/8/2015 17:37,17:37,1,0,0,16TH AVE E & VINE ST N,2,1,1,1,1,1,,,30,0,0,0,0,1,4,2,7
,2015_54573,0,0,4/18/2015 21:27,21:27,3,0,0,17TH AVE E & OGDEN ST N,2,3,0,2,1,1,,,30,0,0,0,0,0,4,2,16
,2015_54574,0,0,9/4/2015 23:50,23:50,12,0,0,13TH AVE E & XENIA ST N,1,3,0,0,1,3,,,30,0,0,0,0,0,4,2,13
,2015_54575,0,0,1/24/2015 14:26,14:26,3,0,0,17TH AVE W & PERRY ST N,2,1,0,0,1,1,,,30,0,0,0,0,0,4,2,13
,2015_54576,0,0,1/14/2015 17:40,17:40,12,0,0,18TH AVE E & BROADWAY ST N,1,2,0,7,1,1,,,35,0,0,0,0,0,4,2,16
,2015_54577,0,0,8/12/2015 19:27,19:27,15,0,0,18TH AVE E & VINE ST N,1,1,0,7,1,1,,,30,0,0,0,0,0,4,2,16
,2015_54578,0,0,3/7/2015 14:05,14:05,3,0,0,19TH AVE E & WASHINGTON ST N,6,1,0,0,1,1,,,25,0,0,0,0,0,4,2,13
,2015_54579,0,0,1/13/2015 22:55,22:55,15,0,0,26TH AVE 800 BLK E & EMERSON ST N,2,3,0,0,1,4,,,25,0,0,0,0,0,4,2,13
,2015_54580,0,0,7/30/2015 22:52,22:52,8,0,0,26TH AVE 2400 BLK W & ZUNI ST N,1,3,1,7,1,3,,,30,0,0,0,0,0,4,2,5
,2015_54581,0,0,2/9/2015 16:04,16:04,6,0,0,29TH AVE E & DAHLIA ST N,1,1,0,7,1,4,,,25,0,0,0,0,0,4,2,16
,2015_54582,0,0,5/9/2015 8:30,8:30,5,0,0,32ND AVE W & ZENOBIA ST N,2,1,0,1,2,4,,,30,0,0,0,0,0,4,1,3
,2015_54583,0,0,4/3/2015 18:03,18:03,3,0,0,35TH AVE 7200 BLK E & QUEBEC ST N,1,1,0,0,1,2,,,30,0,0,0,0,0,4,2,14
,2015_54584,0,0,6/3/2015 15:36,15:36,3,0,0,38TH AVE E & ELM ST N,1,1,0,7,1,1,,,25,0,0,0,0,1,4,2,16
,2015_54585,0,0,5/9/2015 8:07,8:07,5,0,0,40TH AVE E & YORK ST N,2,1,0,1,3,1,,,30,0,0,0,0,0,4,1,16
,2015_54586,0,0,3/6/2015 14:21,14:21,6,0,0,45TH AVE E & KINGSTON ST N,5,1,1,7,1,1,,,35,0,0,0,0,0,4,2,16
,2015_54587,0,0,1/19/2015 12:45,12:45,1,0,0,45TH AVE 12000 BLK E & PEORIA ST N,1,1,0,0,1,2,,,30,0,0,0,0,1,4,2,14
,2015_54588,0,0,4/28/2015 12:15,12:15,15,0,0,45TH AVE E & PEORIA ST N,1,1,1,7,1,3,,,35,0,0,0,0,0,4,2,16
,2015_54589,0,0,5/8/2015 11:25,11:25,10,0,0,46TH AVE E & FLANDERS WAY N,2,1,0,1,1,3,,,40,0,0,0,0,0,4,2,1
,2015_54590,0,0,7/22/2015 11:04,11:04,12,0,0,47TH AVE E & YORK ST N,1,1,1,0,1,1,,,30,0,0,0,0,0,4,2,14
,2015_54591,0,0,2/16/2015 17:48,17:48,12,0,0,48TH AVE W & INCA ST N,5,3,1,2,1,4,,,30,0,0,0,0,0,4,2,13
,2015_54592,0,0,1/20/2015 7:20,7:20,3,0,2,56TH AVE E & CHAMBERS RD,2,1,0,0,1,1,,,40,0,0,0,0,2,4,2,13
,2015_54593,0,0,8/8/2015 19:43,19:43,1,0,0,ALAMEDA AVE W & BROADWAY ST S,1,1,0,7,1,1,,,40,0,0,0,0,1,4,2,16
,2015_54594,0,0,4/29/2015 17:08,17:08,12,0,0,ALAMEDA AVE E & DAYTON ST S,1,1,0,7,1,4,,,35,0,0,0,0,1,4,2,3
,2015_54595,0,0,6/25/2015 9:58,9:58,15,0,0,ALAMEDA AVE 1100 BLK E & DOWNING ST S,1,1,0,7,1,4,,,30,0,0,0,0,0,4,2,14
,2015_54596,0,0,2/13/2015 21:05,21:05,3,0,0,ARIZONA AVE E & UNIVERSITY BLVD S,1,4,0,7,1,1,,,25,0,0,0,0,0,4,2,5
,2015_54597,0,0,6/27/2015 19:30,19:30,6,0,0,ARKANSAS AVE E & LINCOLN ST S,1,2,0,7,1,4,,,20,0,0,0,0,0,4,2,5
,2015_54598,0,0,7/27/2015 8:45,8:45,1,0,0,ASBURY AVE E & GILPIN ST S,1,1,0,7,1,1,,,25,0,0,0,0,0,4,2,8
,2015_54599,0,0,1/16/2015 12:30,12:30,15,0,0,BROADWAY ST & 800 BLK N,1,1,0,0,1,4,,,30,0,0,0,0,0,4,2,13
,2015_54600,0,0,11/29/2015 10:19,10:19,6,0,0,AVONDALE DR 3200 BLK W & HOWARD PL W,1,1,0,7,1,4,,,25,0,0,0,0,0,4,2,16
,2015_54601,0,0,1/29/2015 19:26,19:26,10,0,0,BROADWAY ST N & 6TH AVE E,1,3,0,0,1,1,,,30,0,0,0,0,0,4,3,3
,2015_54602,0,0,5/21/2015 11:10,11:10,15,0,0,BROADWAY ST 400 BLK S & ALAMEDA AVE W,1,1,0,0,1,4,,,35,0,0,0,0,0,4,2,13
,2015_54603,0,0,2/2/2015 16:00,16:00,15,0,0,BROADWAY ST S & OHIO AVE W,1,1,0,0,1,1,,,30,0,0,0,0,0,4,2,13
,2015_54604,0,0,2/28/2015 12:36,12:36,3,0,0,BROADWAY ST S & VIRGINIA AVE E,1,1,0,7,1,1,,,30,0,0,0,0,1,4,3,14
,2015_54605,0,0,6/15/2015 14:31,14:31,14,0,0,CENTRAL PARK BLVD 3600 BL & 36TH AVE E,1,1,2,0,1,4,,,30,0,0,0,0,0,4,2,13
,2015_54606,0,0,5/5/2015 14:49,14:49,3,0,0,BRYANT ST N & 8TH AVE W,2,1,1,1,1,1,,,25,0,0,0,0,1,4,2,13
,2015_54607,0,0,2/23/2015 7:27,7:27,12,0,0,CLARKSON ST & 1100 BLK N,5,1,0,2,1,4,,,30,0,0,0,0,0,4,2,13
,2015_54608,0,0,12/22/2015 17:05,17:05,15,0,0,CHERRY CREEK N 3800 BLK E & COLORADO BLVD S,1,2,0,0,1,4,,,30,0,0,0,0,0,4,2,13
,2015_54609,0,0,6/26/2015 8:39,8:39,12,0,1,CLERMONT ST & 1000 BLK N,1,1,1,0,1,4,,,25,0,0,0,0,2,4,6,10
,2015_54610,0,0,4/16/2015 17:28,17:28,3,0,0,COLUMBINE ST S & EVANS AVE E,2,1,0,2,1,1,,,25,0,0,0,0,1,4,2,16
,2015_54611,0,0,4/6/2015 15:12,15:12,6,0,0,47TH DR E & URAVAN ST,1,1,0,7,1,3,,,30,0,0,0,0,0,4,2,7
,2015_54612,0,0,6/18/2015 5:50,5:50,3,0,0,DAHLIA ST N & 46TH AVE E,1,1,0,7,1,1,,,,0,0,0,0,1,4,2,16
,2015_54613,0,0,2/27/2015 14:11,14:11,12,0,0,DAHLIA ST N & STAPLETON DR N E,5,1,0,7,1,1,,,25,0,0,0,0,0,4,2,16
,2015_54614,0,0,12/24/2015 0:30,0:30,3,0,0,E DARTMOUTH AVE & E BETHANY DR,1,3,1,0,1,1,,,25,0,0,0,0,0,4,2,1
,2015_54615,0,0,5/11/2015 12:43,12:43,12,0,0,DOWNING ST 700 BLK S & EXPOSITION AVE E,1,1,0,7,1,2,,,30,0,0,0,0,0,4,2,3
,2015_54616,0,0,3/7/2015 7:33,7:33,12,0,0,DOWNING ST S & MISSISSIPPI AVE E,1,1,0,7,1,1,,,25,0,0,0,0,0,4,2,8
,2015_54617,0,0,12/10/2015 16:50,16:50,1,0,1,DTC BLVD S & UNION AVE E,1,3,0,0,1,1,,,35,0,0,0,0,3,4,2,7
,2015_54618,0,0,5/11/2015 10:55,10:55,12,0,0,ELATI ST 1300 BLK & 13TH AVE,1,1,0,7,1,2,,,15,0,0,0,0,0,4,2,16
,2015_54619,0,0,7/8/2015 17:37,17:37,5,0,0,EMERSON ST ALLEY & 589,1,1,0,0,1,5,,,15,0,0,0,0,0,4,1,5
,2015_54620,0,0,4/15/2015 17:29,17:29,12,0,0,EVANS AVE & 2700 BLK W,1,1,0,0,1,4,,,35,0,0,0,0,0,4,2,13
,2015_54621,0,0,6/10/2015 13:21,13:21,3,0,0,EVANS AVE E & ALBION ST S,1,1,0,0,1,1,,,35,0,0,0,0,0,4,2,3
,2015_54622,0,0,2/21/2015 16:48,16:48,3,0,0,EVANS AVE E & BIRCH ST S,5,1,0,2,1,1,,,35,0,0,0,0,0,4,2,13
,2015_54623,0,0,12/27/2015 12:00,12:00,6,0,0,ENID WAY N & 50TH DR E,4,1,0,0,1,4,,,25,0,0,0,0,0,4,3,13
,2015_54624,0,0,10/29/2015 0:45,0:45,3,0,0,EVANS AVE W & BROADWAY ST S,1,4,0,0,1,1,,,35,0,0,0,0,0,4,2,13
,2015_54625,0,0,8/20/2015 16:10,16:10,3,0,0,FAIRMONT DR E & LOWRY BLVD E,1,1,0,0,1,6,,,20,0,0,0,0,0,4,2,10
,2015_54626,0,0,3/12/2015 9:00,9:00,6,0,0,FAIRFAX ST & 3600 BLK N,1,1,0,0,1,4,,,25,0,0,0,0,0,4,2,13
,2015_54627,0,0,4/9/2015 16:27,16:27,12,0,0,FAIRMOUNT DR E & ALAMEDA AVE E,1,1,0,7,1,1,,,30,0,0,0,0,0,4,2,3
,2015_54628,0,0,9/25/2015 15:44,15:44,15,0,0,EVANS AVE E & MONACO ST PKWY S,1,1,0,0,1,1,,,35,0,0,0,0,0,4,2,14
,2015_54629,0,0,7/31/2015 8:28,8:28,6,0,0,PACIFIC PL 1800 BLK W & RARITAN ST S,1,1,0,7,1,3,,,25,0,0,0,0,0,4,2,16
,2015_54630,0,0,6/21/2015 19:00,19:00,3,0,0,GRANT ST N & 18TH AVE,1,1,0,7,1,1,,,35,0,0,0,0,0,4,2,16
,2015_54631,0,0,12/30/2015 9:00,9:00,6,0,0,GALAPAGO ST 1100 BLK N & 12TH AVE W,1,2,0,7,1,3,,,30,0,0,0,0,0,4,2,14
,2015_54632,0,0,8/7/2015 11:11,11:11,12,0,0,GVR BLVD E & TOWER RD N,1,1,0,7,1,3,,,45,0,0,0,0,0,4,2,16
,2015_54633,0,0,2/24/2015 8:40,8:40,15,0,0,HAVNA ST 5500 BLK N & 55TH AVE E,1,1,0,7,1,4,,,35,0,0,0,0,0,4,2,16
,2015_54634,0,0,1/21/2015 11:52,11:52,10,0,0,MILE HIGH STADIUM CIR & 2600 BLK,2,1,1,2,1,4,,,30,0,0,0,0,0,4,2,13
,2015_54635,0,0,4/16/2015 9:03,9:03,3,0,0,IRVING ST S & LOUISIANA AVE W,2,1,0,2,1,1,,,25,0,0,0,0,0,4,2,16
,2015_54636,0,0,7/14/2015 9:15,9:15,6,0,0,IVY ST & 2033 N,1,1,0,7,1,2,,,25,0,0,0,0,0,4,2,16
,2015_54637,0,0,1/22/2015 7:20,7:20,3,0,0,JEWELL AVE W & YATES ST,5,1,0,0,1,1,,,30,0,0,0,0,0,4,2,13
,2015_54638,0,0,3/7/2015 0:12,0:12,5,0,0,JOSEPHINE ST 1500 BLK N & 16TH AVE E,1,3,1,0,2,4,,,30,0,0,0,0,1,4,1,5
,2015_54639,0,0,7/1/2015 14:15,14:15,6,0,0,KNOX CT & 600 BLK N,1,1,1,0,1,4,,,25,0,0,0,0,0,4,2,14
,2015_54640,0,0,11/23/2015 8:48,8:48,15,0,0,LARIMER ST & 19TH ST,1,1,0,0,1,4,,,30,0,0,0,0,0,4,2,14
,2015_54641,0,0,6/17/2015 19:07,19:07,15,0,0,LITTLE RAVEN ST 1500 BLK & 15TH ST,1,1,0,0,1,4,,,25,0,0,0,0,0,4,2,7
,2015_54642,0,0,10/6/2015 23:10,23:10,15,0,0,LINCOLN ST S & DAKOTA AVE E,1,3,0,1,1,1,,,30,0,0,0,0,0,4,2,1
,2015_54643,0,0,6/2/2015 13:18,13:18,3,0,0,LOWELL BLVD N & 46TH AVE W,1,1,1,0,1,1,,,30,0,0,0,0,1,4,2,13
,2015_54644,0,0,3/13/2015 7:25,7:25,3,0,0,LOWELL BLVD S & TUFTS AVE W,1,1,0,7,1,1,,,25,0,0,0,0,0,4,2,7
,2015_54645,0,0,7/31/2015 13:57,13:57,2,0,1,MLK BLVD & DAHLIA ST N,1,1,0,0,1,1,,,30,1,0,0,0,3,4,2,13
,2015_54646,0,0,6/12/2015 10:24,10:24,3,0,0,MARION ST N & PARK AVE,1,1,0,0,1,1,,,30,0,0,0,0,0,4,2,13
,2015_54647,0,0,3/14/2015 12:12,12:12,2,0,0,MARKET ST 1700 & 18TH ST,1,1,0,0,1,3,,,25,1,0,0,0,0,4,2,13
,2015_54648,0,0,1/30/2015 16:38,16:38,6,0,0,MAXWELL PL E & XANADU ST N,1,1,0,7,1,4,,,25,0,0,0,0,0,4,3,16
,2015_54649,0,0,11/26/2015 11:57,11:57,6,0,0,MEXICO AVE E & OGDEN ST S,5,1,1,2,1,1,,,25,0,0,0,0,0,4,2,16
,2015_54650,0,0,7/27/2015 21:00,21:00,11,0,0,MEADE ST S & MORRISON RD,1,3,0,0,1,1,,,35,0,1,0,0,1,4,2,13
,2015_54651,0,0,8/1/2015 11:24,11:24,15,0,0,MISSISSIPPI AVE W & ELIOT ST S,1,1,0,0,1,3,,,25,0,0,0,0,0,4,2,13
,2015_54652,0,0,1/6/2015 7:19,7:19,12,0,0,MONACO ST 2100 BLK S & EVANS AVE E,5,1,0,7,1,4,,,35,0,0,0,0,0,4,2,16
,2015_54653,0,0,10/31/2015 19:20,19:20,14,0,0,MORRISON RD & STUART ST S,1,3,0,0,1,4,,,35,0,0,0,0,1,4,4,10
,2015_54654,0,0,6/20/2015 15:22,15:22,12,0,0,PARK AVE W 1300 & LARIMER ST,1,1,0,7,1,4,,,35,0,0,0,0,0,4,3,16
,2015_54655,0,0,8/14/2015 12:46,12:46,10,0,0,PARK AVE W & LARIMER ST,1,1,0,0,1,1,,,25,0,0,0,0,0,4,2,14
,2015_54656,0,0,7/15/2015 18:15,18:15,15,0,0,PARK AVE W & WAZEE ST,1,1,0,7,1,2,,,25,0,0,0,0,0,4,2,16
,2015_54657,0,0,12/14/2015 16:24,16:24,11,0,1,PARK AVE WEST 1100 BLK & BROADWAY ST N,1,1,0,0,1,4,,,,0,1,0,0,2,4,2,13
,2015_54658,0,0,10/23/2015 5:20,5:20,15,0,0,PENA BLVD 7600 BLK & JACKSON GAP ST,2,3,0,0,1,1,,,55,0,0,0,0,0,4,2,14
,2015_54659,0,0,5/28/2015 10:25,10:25,12,0,2,PENA BLVD 19100 BLK & TOWER RD,1,1,0,7,1,4,,,65,0,0,0,0,2,4,2,14
,2015_54660,0,0,1/17/2015 11:40,11:40,6,0,0,PENA BLVD INBOUND 8400 BLK & LEVEL 5W ISLAND 3 AND DOOR 508,1,1,0,7,1,4,,,10,0,0,0,0,0,4,2,14
,2015_54661,0,0,2/16/2015 18:30,18:30,6,0,0,PENA BLVD & 7600 BLK,4,4,1,2,3,8,,,45,0,0,0,0,1,4,2,13
,2015_54662,0,0,8/31/2015 15:34,15:34,1,0,0,PEORIA ST & 4600 BLK N,1,1,1,0,1,2,,,35,0,0,0,0,0,4,3,7
,2015_54663,0,0,4/28/2015 18:18,18:18,1,0,0,PLATTE RIVER DR S & INCA ST S,1,1,0,7,1,3,,,35,0,0,0,0,0,4,2,16
,2015_54664,0,0,5/9/2015 9:40,9:40,15,0,0,QUEBEC ST S & CHERRY CREEK DR S E,2,1,0,1,1,1,,,35,0,0,0,0,1,4,2,12
,2015_54665,0,0,6/9/2015 13:49,13:49,12,0,0,QUEBEC ST N & 35TH AVE E,1,1,0,7,1,2,,,35,0,0,0,0,0,4,2,1
,2015_54666,0,0,1/29/2015 14:25,14:25,15,0,0,QUEBEC ST N & 36TH AVE E,1,1,0,0,1,1,,,40,0,0,0,0,0,4,2,13
,2015_54667,0,0,1/31/2015 22:50,22:50,15,0,0,QUEBEC ST S & LOWRY BLVD E,5,3,1,2,1,1,,,35,0,0,0,0,0,4,2,7
,2015_54668,0,0,3/15/2015 17:29,17:29,10,0,0,17TH ST & WELTON ST,1,1,0,0,1,1,,,30,0,0,0,0,0,4,2,8
,2015_54669,0,0,7/2/2015 17:24,17:24,10,0,0,17TH ST 1600 BLK & WYNKOOP ST,1,1,0,0,1,5,,,15,0,0,0,0,1,4,2,1
,2015_54670,0,0,5/28/2015 11:50,11:50,15,0,0,18TH ST & BLAKE ST,1,1,0,0,1,1,,,25,0,0,0,0,0,4,2,13
,2015_54671,0,0,3/10/2015 18:17,18:17,10,0,1,18TH ST 400 BLK & GLENARM PL,1,1,0,0,1,4,,,30,0,0,0,0,2,4,2,8
,2015_54672,0,0,2/1/2015 23:10,23:10,3,0,0,22ND ST & LAWRENCE ST,1,3,0,7,1,1,,,30,0,0,0,0,0,4,2,7
,2015_54673,0,0,7/21/2015 16:55,16:55,3,0,1,22ND ST & LAWRENCE ST,1,1,0,7,1,1,,,30,0,0,0,0,3,4,2,16
,2015_54674,0,0,10/17/2015 9:00,9:00,15,0,0,21ST ST & BROADWAY ST N,1,1,0,0,1,4,,,30,0,0,0,0,0,4,2,16
,2015_54675,0,0,3/27/2015 13:40,13:40,6,0,0,SANTA FE DR 300 BLK N & 3RD AVE W,1,1,0,7,1,4,,,35,0,0,0,0,0,4,2,16
,2015_54676,0,0,6/25/2015 13:06,13:06,15,0,0,SANTA FE DR 300 BLK S & ALAMEDA AVE W,1,1,0,7,1,4,,,25,0,0,0,0,0,4,2,16
,2015_54677,0,0,7/24/2015 17:57,17:57,10,0,0,SANTA FE DR 200 BLK S & BYERS PL W,1,1,1,0,1,4,,,35,0,0,0,0,0,4,2,8
,2015_54678,0,0,2/28/2015 14:08,14:08,6,0,0,SCRANTON ST 5200 BLK N & 53RD E,1,1,0,7,1,4,,,25,0,0,0,0,0,4,2,7
,2015_54679,0,0,2/23/2015 21:15,21:15,12,0,0,SHERMAN ST 900 BLK N & 9TH AVE E,10,4,0,7,1,4,,,25,0,0,0,0,0,4,2,16
,2015_54680,0,0,5/28/2015 11:53,11:53,3,0,0,SPEER BLVD N & 13TH AVE W,1,1,0,7,1,1,,,35,0,0,0,0,0,4,2,14
,2015_54681,0,0,10/24/2015 19:17,19:17,3,0,0,SPEER BLVD N & CLAY ST N,1,3,1,0,1,1,,,25,0,0,0,0,0,4,2,13
,2015_54682,0,0,2/1/2015 9:45,9:45,3,0,0,STAPLETON S DR E & HOLLY ST N,6,1,0,7,1,1,,,40,0,0,0,0,0,4,2,1
,2015_54683,0,0,8/17/2015 7:50,7:50,15,0,0,STAPLETON SOUTH DR E & HOLLY ST N,1,1,0,0,1,3,,,40,0,0,0,0,0,4,2,14
,2015_54684,0,0,1/17/2015 16:05,16:05,15,0,0,STOUT ST 2400 BLK & 25TH ST,1,1,0,7,1,4,,,30,0,0,0,0,1,4,2,16
,2015_54685,0,0,8/13/2015 10:05,10:05,15,0,0,TAMARAC DR S & QUINCY AVE E,1,1,0,7,1,1,,,35,0,0,0,0,0,4,2,16
,2015_54686,0,0,10/31/2015 19:54,19:54,4,0,0,TOWER RD 6500 BLK N & 66TH AVE E,1,3,0,0,1,4,,,40,0,0,0,0,0,4,1,13
,2015_54687,0,0,10/17/2015 0:10,0:10,12,0,0,UNIVERSITY BLVD S & EVANS AVE E,1,4,0,0,1,1,,,30,0,0,0,0,0,4,2,13
,2015_54688,0,0,4/17/2015 11:06,11:06,12,0,0,UNIVERSITY BLVD 900 BLK S & KENTUCKY AVE S,2,1,0,1,1,4,,,30,0,0,0,0,0,4,2,16
,2015_54689,0,0,1/16/2015 21:15,21:15,6,0,0,WARREN AVE E & ALBION ST S,1,3,0,7,1,4,,,35,0,0,0,0,0,4,3,16
,2015_54690,0,0,5/25/2015 13:50,13:50,10,0,0,WAZEE ST & PARK AVE W,1,1,0,0,1,1,,,30,0,0,0,1,1,4,1,13
,2015_54691,0,0,2/27/2015 13:57,13:57,12,0,0,WAZEE ST 1500 & 16TH ST,2,1,0,0,1,5,,,25,0,0,0,0,1,4,2,13
,2015_54692,0,0,8/15/2015 22:36,22:36,6,0,0,WAZEE ST & 16TH ST,1,3,0,0,1,4,,,35,0,0,0,0,0,4,2,14
,2015_54693,0,0,1/13/2015 21:48,21:48,12,0,0,YALE AVE E & HOLLY ST S,2,3,1,7,1,3,,,30,0,0,0,0,1,4,2,5
,2015_54694,0,0,8/12/2015 8:48,8:48,12,0,0,YALE AVE 2600 BLK E & S MAGNOLIA ST,1,1,0,7,1,4,,,30,0,0,0,0,1,4,2,16
,2015_54695,0,0,9/25/2015 20:50,20:50,6,0,0,YORK ST S & 2444,1,4,0,0,1,4,,,25,0,0,0,0,0,4,2,5
,2015_54829,39.688882,-104.940549,3/16/2015 10:15,10:15,12,0,0,COLORADO BLVD 1500 BLK S & FLORIDA AVE E,1,1,0,0,1,4,,,35,0,0,0,0,0,2,2,7
,2015_54830,39.689321,-104.940549,6/30/2015 8:33,8:33,12,0,0,COLORADO BLVD 1500 BLK S & FLORIDA AVE E,1,1,1,0,1,4,,,35,0,0,0,0,0,2,2,13
,2015_54831,39.691076,-104.94055,5/4/2015 11:50,11:50,12,0,0,COLORADO BLVD 1300 BLK S & ARKANSAS AVE E,1,1,1,0,1,3,,,35,0,0,0,0,0,2,2,13
,2015_54832,39.70026,-104.940616,6/23/2015 7:34,7:34,1,0,0,COLORADO BLVD S & KENTUCKY AVE E,1,1,1,0,1,1,,,35,0,0,0,0,0,2,2,13
,2015_54833,39.71149,-104.940627,8/10/2015 12:10,12:10,12,0,0,ALAMEDA AVE E & COLORADO BLVD S,1,1,0,0,1,3,,,30,0,0,0,0,0,2,2,1
,2015_54835,39.717824,-104.940628,5/31/2015 12:07,12:07,1,0,0,COLORADO BLVD N & 1ST AVE E,1,1,1,0,1,1,,,35,0,0,0,0,0,2,2,13
,2015_54836,39.727365,-104.940627,1/13/2015 17:07,17:07,12,0,0,COLORADO BLVD N & 7TH AVE E,1,3,0,0,1,4,,,35,0,0,0,0,0,2,2,13
,2015_54837,39.738451,-104.940614,2/4/2015 12:31,12:31,12,0,0,14TH AVE E & COLORADO BLVD N,2,1,0,2,1,4,,,35,0,0,0,0,0,2,2,13
,2015_54838,39.723646,-104.94063,8/24/2015 17:44,17:44,12,0,0,COLORADO BLVD S & 5TH AVE E,1,1,1,0,1,4,,,30,0,0,0,0,0,2,2,7
,2015_54839,39.748521,-104.940602,2/6/2015 11:35,11:35,12,0,0,COLORADO BLVD & 2000 BLK N,1,1,0,0,1,4,,,35,0,0,0,0,0,2,2,1
,2015_54840,39.768705,-104.940492,2/16/2015 6:50,6:50,15,0,0,COLORADO BLVD & 3700 BLK N,4,1,0,2,1,4,,,40,0,0,0,0,0,2,2,7
,2015_54847,39.725591,-105.04152,6/26/2015 7:40,7:40,12,0,0,HWY 6 & RALEIGH ST N OFFSET REF,1,1,1,0,1,4,,,45,0,0,0,0,0,2,2,3
,2015_54848,39.725421,-105.024979,4/25/2015 20:08,20:08,12,0,0,6TH AVE 2900 BLK W & FEDERAL BLVD N,1,3,1,0,1,8,,,25,0,0,0,0,1,2,2,3
,2015_54849,39.779518,-104.94972,9/16/2015 7:40,7:40,3,0,0,STEELE ST & I-25 EB OFF RAMP,1,1,0,0,1,4,,,35,0,0,0,0,0,2,2,13
,2015_54850,39.780043,-104.949712,3/20/2015 14:13,14:13,1,0,0,STEELE ST 4600 BLK N & 46TH AVE E,1,1,0,0,1,1,,,30,0,0,0,0,0,2,2,13
,2015_54873,39.623866,-104.901444,7/10/2015 20:37,20:37,15,0,0,I-25 & BELLEVIEW AVE E,1,3,0,0,1,4,,,65,0,0,0,0,0,1,2,1
,2015_54874,39.634235,-104.90683,4/23/2015 17:06,17:06,12,0,0,I-25 & I-225 FLYOVER,1,1,0,0,1,4,,,65,0,0,0,0,0,1,2,3
,2015_54875,39.651098,-104.917161,8/15/2015 9:14,9:14,12,0,0,I-25 & E HAMPDEN AVE,1,1,0,0,1,4,,,60,0,0,0,0,1,1,3,3
,2015_54876,39.682463,-104.93848,5/8/2015 12:10,12:10,12,0,0,I-25 NB OFF RAMP & COLORADO BLVD S,2,1,1,1,1,8,,,55,0,0,0,0,0,1,2,3
,2015_54877,39.683106,-104.940515,6/18/2015 18:41,18:41,12,0,0,I-25 & COLORADO BLVD S,1,1,0,0,1,4,,,60,0,0,0,0,0,1,2,3
,2015_54878,39.684323,-104.945389,7/1/2015 23:40,23:40,12,0,0,I-25 & COLORADO BLVD S,1,4,0,0,1,8,,,40,0,0,0,0,0,1,3,14
,2015_54879,39.687563,-104.968436,2/22/2015 17:01,17:01,15,0,0,I-25 & FRANKLIN ST S,4,1,1,2,1,4,,,55,0,0,0,0,1,1,2,13