id,drcog_id,latitude,longitude,crashtime,time,crashtype,numbkilled,numbinjurd,drcoglocat,rdconditin,lightngcon,roadcntgrd,weatherco,location,roaddescrp,schoolzone,constrzone,splimit,bikeinv,pedinv,sctrinv,motoinv,svrty,rdsystem,ttlvehcls,hcf
,2015_54880,39.691155,-104.975445,2/25/2015 14:40,14:40,12,0,0,I-25 & DOWNING ST S,6,1,0,2,1,4,,,60,0,0,0,0,0,1,2,3
,2015_54881,39.705215,-104.995304,1/25/2015 19:50,19:50,15,0,0,I-25 & MM 207.5,1,3,0,0,1,4,,,55,0,0,0,0,0,1,2,5
,2015_54882,39.72543,-105.013021,6/13/2015 11:45,11:45,12,0,0,I-25 & 6TH AVE W,1,1,0,0,1,4,,,55,0,0,0,0,0,1,2,13
,2015_54883,39.74035,-105.013939,6/1/2015 14:22,14:22,12,0,0,I-25 & COLFAX AVE W,1,1,0,0,1,4,,,55,0,0,0,0,0,1,2,1
,2015_54884,39.74035,-105.013939,7/18/2015 21:20,21:20,15,0,0,I-25 & COLFAX AVE W,1,3,0,0,1,4,,,55,0,0,0,0,0,1,2,13
,2015_54885,39.743813,-105.016448,12/28/2015 22:31,22:31,12,0,0,I-25 & 17TH AVE/ BRONCO STADIUM CIR,1,3,1,0,1,4,,,55,0,0,0,0,1,1,2,5
,2015_54886,39.751162,-105.01664,1/19/2015 9:00,9:00,15,0,0,I-25 & 23RD AVE W,1,3,0,0,1,4,,,55,0,0,0,0,0,1,2,5
,2015_54887,39.768039,-104.994788,5/23/2015 2:00,2:00,5,0,0,PARK AVE WEST & I-25 NB RAMPS,2,3,0,0,2,1,,,35,0,0,0,0,0,1,1,5
,2015_54888,39.770103,-104.991512,1/2/2015 2:30,2:30,5,0,0,I-25 & MM 213,12,3,1,2,3,8,,,55,0,0,0,0,0,1,1,5
,2015_54889,39.776458,-104.989213,7/6/2015 4:30,4:30,5,0,0,I-25 & 44TH AVE W,1,3,1,0,2,4,,,55,0,0,0,0,0,1,1,12
,2015_54890,39.778106,-104.989193,4/11/2015 1:27,1:27,5,0,0,I-25 NB OFF RAMP TO WB & I-70,1,3,0,0,2,8,,,40,0,0,0,0,0,1,1,5
,2015_54891,39.767433,-104.996351,10/25/2015 20:51,20:51,15,0,0,I-25 & PARK AVE / 38TH AVE NB EXIT RAMP,1,3,0,0,1,4,,,55,0,0,0,0,0,1,2,16
,2015_54914,39.711332,-105.053258,8/13/2015 14:00,14:00,15,0,0,SHERIDAN BLVD S & ALAMEDA AVE W,1,1,0,0,1,1,,,35,0,0,0,0,0,2,2,13
,2015_54915,39.711182,-105.003917,6/24/2015 17:00,17:00,12,0,0,ALAMEDA AVE W & NAVAJO ST S,2,1,0,1,1,4,,,35,0,0,0,0,0,2,2,13
,2015_54916,39.653057,-104.885077,10/18/2015 0:30,0:30,12,0,1,HAMPDEN AVE E & YOSEMITE ST S,1,3,0,0,1,4,,,45,0,0,0,0,3,2,2,5
,2015_54917,39.653091,-104.916934,2/22/2015 11:28,11:28,12,0,0,HAMPDEN AVE E & I-25 NB SLIP RAMPS,4,1,0,2,1,1,,,40,0,0,0,0,0,2,2,13
,2015_54918,39.653025,-104.881297,1/19/2015 9:30,9:30,12,0,0,HAMPDEN AVE 9000 BLK E & AKRON ST S,1,1,0,0,1,3,,,40,0,0,0,0,0,2,2,13
,2015_54919,39.653057,-104.870904,2/10/2015 13:15,13:15,12,0,1,HAMPDEN AVE 10000 BLK E & FLORENCE ST S,1,1,0,0,1,4,,,45,0,0,0,0,2,2,2,13
,2015_54921,39.656992,-104.866396,9/30/2015 15:06,15:06,12,0,0,HAVANA ST S & GIRARD AVE E,1,1,0,0,1,3,,,40,0,0,0,0,0,2,2,13
,2015_54929,39.792008,-104.903324,2/18/2015 17:56,17:56,15,0,2,QUEBEC ST 5200 BLK N & 53RD PL E,5,3,0,2,1,4,,,40,0,0,0,0,2,2,3,13
,2015_54952,39.740336,-105.015419,1/27/2015 10:50,10:50,3,0,0,COLFAX AVE W & I-25 SB OFF RAMP 'D',1,1,0,0,1,1,,,35,0,0,0,0,1,2,2,14
,2015_54953,39.740284,-105.026285,9/19/2015 11:38,11:38,2,0,1,COLFAX AVE W & FEDERAL BLVD N,1,1,0,0,1,4,,,30,1,0,0,0,2,2,2,13
,2015_54954,39.740035,-104.998869,2/7/2015 11:40,11:40,3,0,0,COLFAX AVE W & SPEER BLVD N,1,1,0,0,1,1,,,35,0,0,0,0,0,2,2,13
,2015_54955,39.740343,-105.032331,9/19/2015 18:49,18:49,3,0,0,COLFAX AVE W & KNOX CT N,1,1,0,0,1,1,,,35,0,0,0,0,0,2,2,14
,2015_54956,39.740018,-104.99668,4/15/2015 16:45,16:45,12,0,0,COLFAX AVE W & WELTON ST,1,1,0,0,1,1,,,30,0,0,0,0,0,2,2,14
,2015_54957,39.740007,-104.993607,2/18/2015 13:00,13:00,3,0,1,TREMONT ST & COLFAX AVE W,1,1,0,0,1,1,,,25,0,0,0,0,2,2,2,3
,2015_54958,39.740009,-104.96852,6/29/2015 23:21,23:21,1,0,0,COLFAX AVE E & PARK AVE WEST,1,3,0,0,1,1,,,30,0,0,0,0,1,2,2,7
,2015_54959,39.739999,-104.966448,7/11/2015 23:15,23:15,12,0,0,COLFAX AVE 1700 BLK E & WILLIAMS ST N,1,1,0,0,1,4,,,30,0,0,0,0,0,2,2,4
,2015_54960,39.739992,-104.964939,10/4/2015 2:27,2:27,6,0,0,COLFAX AVE E 1820 & HIGH ST N,1,3,0,0,1,4,,,30,0,0,0,0,0,2,3,13
,2015_54961,39.739983,-104.959843,1/23/2015 12:07,12:07,3,0,0,COLFAX AVE E & YORK ST N,1,1,0,0,1,1,,,35,0,0,0,0,0,2,2,13
,2015_54962,39.740129,-104.942994,1/18/2015 17:00,17:00,15,0,0,COLFAX AVE E & JACKSON ST N,1,2,0,0,1,1,,,35,0,0,0,0,0,2,2,8
,2015_54963,39.740079,-104.912395,7/21/2015 9:03,9:03,3,0,0,MONACO PKWY N & COLFAX AVE E,1,1,0,0,1,1,,,30,0,0,0,0,0,2,3,13
,2015_54964,39.740081,-104.91067,6/11/2015 10:20,10:20,11,0,0,COLFAX AVE 6600 BLK E & NIAGARA ST N,1,1,0,0,1,3,,,35,0,1,0,0,1,2,2,13
,2015_54988,39.779697,-104.982203,9/18/2015 14:25,14:25,12,0,0,I-70 WB ON RAMP FROM & WASHINGTON ST,1,1,0,0,1,8,,,55,0,0,0,0,0,1,2,1
,2015_54989,39.784221,-105.025096,6/18/2015 11:49,11:49,12,0,0,I-70 & FEDERAL BLVD N,1,1,0,0,1,4,,,55,0,0,0,0,0,1,2,14
,2015_54990,39.780014,-104.959201,7/25/2015 15:35,15:35,15,0,0,I-70 & YORK ST N,1,1,0,0,1,4,,,55,0,0,0,0,0,1,2,13
,2015_54991,39.780015,-104.952793,1/8/2015 8:55,8:55,15,0,0,I-70 & STEELE ST ON RAMP GORE PT,1,1,1,0,1,4,,,55,0,0,0,0,0,1,2,13
,2015_54992,39.778289,-104.911859,6/4/2015 17:16,17:16,12,0,0,I-70 & MM 278,1,1,0,0,1,4,,,55,0,0,0,0,0,1,2,13
,2015_54993,39.7783,-104.90694,3/25/2015 16:22,16:22,12,0,1,I-70 & QUEBEC ST N,1,1,0,0,1,4,,,55,0,0,0,0,2,1,3,13
,2015_54994,39.7783,-104.903459,7/24/2015 13:33,13:33,12,0,1,I-70 & QUEBEC ST N,1,1,0,0,1,4,,,55,0,0,0,0,2,1,3,7
,2015_54995,39.776699,-104.878163,1/14/2015 12:30,12:30,5,0,0,I-70 & CENTRAL PARK BLVD N,1,1,1,0,1,4,,,55,0,0,0,0,0,1,3,13
,2015_54996,39.776699,-104.878163,1/16/2015 18:52,18:52,12,0,0,I-70 & CENTRAL PARK BLVD,1,3,0,0,1,4,,,55,0,0,0,0,0,1,2,13
,2015_54997,39.775623,-104.865778,4/1/2015 7:51,7:51,12,0,0,I-70 & HAVANA ST N,1,1,0,0,1,4,,,55,0,0,0,0,0,1,2,13
,2015_54998,39.775623,-104.865778,5/20/2015 13:34,13:34,12,0,0,I-70 & HAVANA ST N,1,1,0,0,1,4,,,55,0,0,0,0,0,1,2,13
,2015_54999,39.774005,-104.847034,7/17/2015 8:45,8:45,12,0,0,I-70 & PEORIA ST N,1,1,0,0,1,4,,,55,0,0,0,0,1,1,2,13
,2015_55031,39.698111,-104.902303,6/17/2015 15:22,15:22,1,0,0,QUEBEC ST & PARKER RD S,1,1,1,0,1,2,,,40,0,0,0,0,1,2,2,8
,2015_55032,39.700517,-104.908962,5/27/2015 8:37,8:37,12,0,0,LEETSDALE DR 6800 BLK & ONEIDA ST S,1,1,0,0,1,4,,,35,0,0,0,0,0,2,2,1
,2015_55033,39.702388,-104.912083,8/31/2015 17:17,17:17,3,0,0,LEETSDALE DR & MONACO PKWY S,2,1,0,1,1,2,,,35,0,0,0,0,0,2,2,13
,2015_55034,39.702965,-104.912888,9/15/2015 7:40,7:40,12,0,0,LEETSDALE DR 6500 BLK & MONACO PKWY S,1,1,0,0,1,3,,,35,0,0,0,0,0,2,2,1
,2015_55035,39.707347,-104.922286,1/10/2015 13:20,13:20,1,0,0,HOLLY ST S & LEETSDALE DR,1,1,0,0,1,1,,,35,0,0,0,0,1,2,2,3
,2015_55042,39.694674,-104.992468,6/1/2015 5:44,5:44,12,0,0,SANTA FE DR 1200 BLK S & ARIZONA AVE W,1,1,0,0,1,4,,,30,0,0,0,0,0,2,2,3
,2015_55043,39.696696,-104.991872,4/26/2015 17:10,17:10,3,0,1,PLATTE RIVER DR S & MISSISSIPPI AVE W,2,1,0,1,1,1,,,35,0,0,0,0,2,2,2,13
,2015_55046,39.718414,-105.025155,2/22/2015 11:16,11:16,3,0,0,FEDERAL BLVD N & 1ST AVE W,2,1,0,0,6,1,,,35,0,0,0,0,0,2,2,13
,2015_55047,39.71631,-105.025134,4/2/2015 13:30,13:30,12,0,0,FEDERAL BLVD S & ELLSWORTH AVE W,1,1,1,0,1,4,,,35,0,0,0,0,0,2,3,7
,2015_55048,39.714965,-105.025152,7/25/2015 18:18,18:18,5,0,0,FEDERAL BLVD S & BAYAUD AVE W,1,1,0,0,3,1,,,35,0,0,0,0,1,2,1,4
,2015_55049,39.710509,-105.025076,6/3/2015 12:24,12:24,12,0,0,FEDERAL BLVD S & 333,1,1,1,0,1,4,,,35,0,0,0,0,0,2,2,13
,2015_55050,39.69414,-105.025048,7/7/2015 10:05,10:05,15,0,0,FEDERAL BLVD S & LOUISIANA AVE W,1,1,0,0,1,4,,,40,0,0,0,0,0,2,2,8
,2015_55051,39.689552,-105.02506,4/3/2015 13:50,13:50,3,0,1,FLORIDA AVE W & FEDERAL BLVD S,1,1,0,0,1,1,,,35,0,0,0,0,3,2,2,14
,2015_55052,39.685233,-105.025019,1/13/2015 8:05,8:05,12,0,0,FEDERAL BLVD 1800 BLK S & COLORADO AVE W,1,1,1,0,1,4,,,35,0,0,0,0,0,2,2,13
,2015_55067,39.692727,-105.053211,4/24/2015 9:14,9:14,12,0,0,SHERIDAN BLVD 1300 BLK S & LOUISIANA AVE W,1,1,1,0,1,3,,,40,0,0,0,0,0,2,2,7
,2015_55068,39.696739,-105.053241,4/24/2015 18:01,18:01,12,0,0,SHERIDAN BLVD 1100 BLK S & MISSISSIPPI AVE W,1,1,0,0,1,4,,,40,0,0,0,0,0,2,2,13
,2015_55069,39.731239,-105.053227,2/18/2015 16:23,16:23,12,0,0,SHERIDAN BLVD N & 9TH AVE W,1,1,1,0,1,1,,,35,0,0,0,0,0,2,2,13
,2015_55071,39.783855,-105.053278,4/9/2015 7:10,7:10,3,0,0,SHERIDAN BLVD N & I-70 WB OFF RAMP,1,1,0,0,1,1,,,45,0,0,0,0,0,2,2,14
,2015_55085,39.624104,-105.09105,4/21/2015 20:20,20:20,3,0,0,BELLEVIEW AVE W & WADSWORTH BLVD S,1,3,0,0,1,1,,,45,0,0,0,0,0,2,2,13
,2015_55103,0,0,5/6/2015 21:00,21:00,6,0,0,DAKOTA AVE & HAZEL CT,1,3,0,0,1,4,,,25,0,0,0,0,0,4,2,13
,2015_55104,39.632269,-104.904793,1/25/2015 13:40,13:40,12,0,0,I-225 SB OFF RAMP TO & I-25,1,1,0,0,1,8,,,55,0,0,0,0,0,1,2,7
,2015_55105,39.639193,-104.885266,3/9/2015 7:40,7:40,12,0,0,I-225 SB ON SLIP RAMP & YOSEMITE ST S,1,1,1,0,1,8,,,35,0,0,0,0,0,1,2,13
,2015_55106,39.640419,-104.882777,6/26/2015 14:55,14:55,12,0,0,I-225 NB ON RAMP AT METER FROM & YOSEMITE ST S,1,1,1,0,1,4,,,35,0,0,0,0,0,1,2,3
,2015_55114,39.782996,-104.900882,12/23/2015 1:21,1:21,5,0,0,I-270 & QUEBEC ST,1,3,0,0,2,4,,,55,0,0,0,0,1,1,1,2
,2015_55125,39.652987,-104.931719,3/10/2015 8:00,8:00,15,0,0,HAMPDEN AVE E & HAPPY CANYON RD E,1,1,0,0,1,1,,,35,0,0,0,0,0,2,2,1
,2015_55126,39.746406,-105.025219,6/12/2015 15:22,15:22,1,0,0,FEDERAL BLVD N & 19TH AVE W,1,1,1,0,1,1,,,35,0,0,0,0,0,2,2,13
,2015_55127,39.748823,-105.025163,5/8/2015 11:42,11:42,12,0,0,FEDERAL BLVD & 2100 BLK N,2,1,1,1,1,4,,,35,0,0,0,0,0,2,2,13
,2015_55128,39.769244,-105.025232,2/11/2015 15:03,15:03,11,0,1,38TH AVE W & FEDERAL BLVD N,1,1,1,0,1,1,,,35,0,1,0,0,3,2,2,13
,2015_55129,39.787435,-105.025221,6/14/2015 14:00,14:00,1,0,0,50TH AVE W & FEDERAL BLVD N,1,1,0,0,1,1,,,35,0,0,0,0,0,2,2,13
,2015_55338,0,0,2/12/2015 7:42,7:42,12,0,0,1ST AVE 2800 BLK E & DETROIT ST N,1,1,0,7,1,4,,,30,0,0,0,0,0,4,2,16
,2015_55339,0,0,5/9/2015 19:45,19:45,12,0,0,1ST AVE E & UNIVERSITY BLVD N,4,2,0,7,1,1,,,35,0,0,0,0,0,4,2,16
,2015_55340,0,0,6/14/2015 1:35,1:35,12,0,0,1ST AVE E & UNIVERSITY BLVD N,1,3,0,7,1,3,,,30,0,0,0,0,0,4,2,16
,2015_55341,0,0,2/9/2015 16:46,16:46,6,0,0,3RD AVE E & LINCOLN ST N,1,1,0,7,1,2,,,30,0,0,0,0,0,4,2,5
,2015_55342,0,0,6/1/2015 12:10,12:10,6,0,0,20TH AVE BLK E & LINCOLN ST N,1,1,0,7,1,4,,,20,0,0,0,0,0,4,2,8
,2015_55343,0,0,5/8/2015 12:27,12:27,3,0,0,4TH AVE E & BROADWAY ST N,2,1,0,1,1,1,,,25,0,0,0,0,0,4,4,1
,2015_55344,0,0,3/20/2015 3:49,3:49,5,0,1,6TH AVE & 3400 BLK W,1,3,0,0,1,4,,,30,0,0,0,0,2,4,1,8
,2015_55345,0,0,10/13/2015 15:51,15:51,6,0,0,9TH AVE E & CHERRY ST N,1,1,0,7,1,4,,,25,0,0,0,0,0,4,2,14
,2015_55346,0,0,5/12/2015 7:53,7:53,15,0,0,8TH AVE W & KALAMATH ST N,1,1,0,0,1,3,,,30,0,0,0,0,0,4,2,14
,2015_55347,0,0,1/21/2015 17:07,17:07,12,0,0,10TH AVE 200 BLK W & BANNOCK ST,5,3,0,2,1,3,,,25,0,0,0,0,0,4,2,1
,2015_55348,0,0,7/4/2015 19:05,19:05,12,0,0,10TH AVE W & LINLEY CT N,1,1,1,0,1,2,,,25,0,0,0,0,0,4,2,13
,2015_55349,0,0,4/8/2015 21:22,21:22,3,0,0,14TH AVE E & DOWNING ST N,2,3,0,1,1,1,,,30,0,0,0,0,1,4,2,16
,2015_55350,0,0,10/5/2015 11:05,11:05,14,0,0,16TH AVE & 8700 BLK E,1,1,0,0,1,4,,,25,0,0,0,0,0,4,3,13
,2015_55351,0,0,6/15/2015 16:40,16:40,6,0,0,14TH AVE E & MONROE ST N,1,1,0,7,1,4,,,30,0,0,0,0,0,4,2,16
,2015_55352,0,0,6/28/2015 9:05,9:05,3,0,0,14TH AVE W & SPEER BLVD N,1,1,0,7,1,1,,,30,0,0,0,0,0,4,2,16
,2015_55353,0,0,6/28/2015 16:02,16:02,6,0,0,16TH AVE E & GARFIELD ST N,1,1,0,7,1,4,,,25,0,0,0,0,0,4,2,16
,2015_55354,0,0,12/18/2015 8:12,8:12,15,0,0,18TH AVE E & BROADWAY ST N,6,1,0,0,1,1,,,25,0,0,0,0,0,4,2,13
,2015_55355,0,0,2/14/2015 9:20,9:20,3,0,0,18TH AVE E & DOWNING ST N,1,1,0,7,1,1,,,30,0,0,0,0,0,4,2,16
,2015_55356,0,0,2/17/2015 10:48,10:48,10,0,0,18TH AVE E & FRANKLIN ST N,2,1,0,0,1,1,,,30,0,0,0,0,1,4,2,13
,2015_55357,0,0,2/24/2015 8:50,8:50,3,0,0,20TH AVE E & CLARKSON ST N,5,1,0,7,1,1,,,10,0,0,0,0,0,4,2,16
,2015_55358,0,0,5/12/2015 8:10,8:10,15,0,0,23RD AVE & 3900 BLK E,1,1,0,0,1,4,,,30,0,0,0,0,0,4,2,13
,2015_55359,0,0,7/1/2015 10:25,10:25,3,0,0,23RD AVE E & VINE ST N,1,1,0,7,1,1,,,25,0,0,0,0,0,4,2,7
,2015_55360,0,0,2/7/2015 18:00,18:00,6,0,0,38TH AVE W & CLAY ST N,1,3,0,7,1,4,,,35,0,0,0,0,0,4,2,7
,2015_55361,0,0,3/29/2015 22:45,22:45,6,0,0,38TH AVE 3100 BLK W & GROVE ST N,1,3,0,7,1,4,,,35,0,0,0,0,0,4,2,5
,2015_55362,0,0,7/26/2015 13:55,13:55,12,0,0,38TH AVE W & LIPAN ST N,1,1,0,7,1,1,,,35,0,0,0,0,0,4,2,16
,2015_55363,0,0,4/27/2015 1:56,1:56,5,0,0,39TH AVE & 639 BLK W,1,5,0,0,3,4,,,25,0,0,0,0,0,4,1,13
,2015_55364,0,0,7/25/2015 8:32,8:32,12,0,0,40TH AVE 4000 E & COLORADO BLVD N,1,1,0,0,1,3,,,25,0,0,0,0,0,4,2,13
,2015_55365,0,0,7/11/2015 0:01,0:01,6,0,0,42ND AVE & 21100 BLK E,1,3,0,0,1,4,,,25,0,0,0,0,0,4,2,2
,2015_55366,0,0,6/26/2015 4:00,4:00,6,0,0,44TH AVE 20800 BLK E & LISBON CT N,1,3,0,7,1,4,,,25,0,0,0,0,0,4,2,1
,2015_55367,0,0,7/23/2015 9:20,9:20,12,0,0,45TH AVE 10500 BLK E & HAVANA ST N,1,1,0,7,1,3,,,30,0,0,0,0,0,4,2,16
,2015_55368,0,0,12/25/2015 17:03,17:03,8,0,3,48TH AVE 900 BLK W & KALAMATH ST N,5,3,1,2,1,4,,,30,0,0,0,0,3,4,2,5
,2015_55369,0,0,3/30/2015 19:50,19:50,5,0,0,51ST AVE E & JOPLIN CT N,1,3,0,0,3,4,,,25,0,0,0,0,0,4,2,5
,2015_55370,0,0,2/18/2015 10:25,10:25,6,0,0,71ST AVE & 23100 BLK E,1,1,1,0,1,4,,,15,0,0,0,0,0,4,2,13
,2015_55371,0,0,8/3/2015 12:30,12:30,6,0,0,IRVINGTON PL W & 141,1,1,0,7,1,5,,,15,0,0,0,0,0,4,2,16
,2015_55372,0,0,2/3/2015 17:13,17:13,1,0,0,ALAMEDA AVE 9600 BLK E & CLINTON ST S,1,1,0,0,1,2,,,40,0,0,0,0,0,4,2,13
,2015_55373,0,0,7/4/2015 23:06,23:06,3,0,0,CENTRAL PARK BLVD N & MLK BLVD E,1,3,0,7,1,1,,,35,0,0,0,0,0,4,2,16
,2015_55374,0,0,1/6/2015 7:12,7:12,14,0,0,ALAMEDA AVE 8300 E & FAIRMONT DR E,5,1,0,0,6,4,,,40,0,0,0,0,0,4,3,14
,2015_55375,0,0,6/18/2015 12:39,12:39,5,0,0,ALAMEDA AVE E & JASMINE ST S,1,1,0,7,2,1,,,35,0,0,0,0,0,4,1,3
,2015_55376,0,0,6/24/2015 20:07,20:07,12,0,1,ALAMEDA AVE W & SANTA FE DR S,2,2,0,1,1,1,,,35,0,0,0,0,2,4,2,5
,2015_55377,0,0,1/3/2015 15:59,15:59,12,0,0,ALBROOK DR E & N CRYSTAL ST,5,1,0,2,1,1,,,25,0,0,0,0,0,4,3,14
,2015_55378,0,0,9/19/2015 20:52,20:52,6,0,0,ARAPAHOE ST 2500 BLK & 26TH ST,1,3,0,0,1,4,,,25,0,0,0,0,0,4,2,14
,2015_55379,0,0,3/21/2015 6:30,6:30,15,0,0,ASBURY AVE W & CLAY ST S,1,4,0,0,1,4,,,25,0,0,0,0,0,4,2,13
,2015_55380,0,0,8/12/2015 17:16,17:16,15,0,0,BANNOCK ST 900 BLK N & 10TH AVE W,1,1,0,0,1,4,,,30,0,0,0,0,0,4,2,13
,2015_55381,0,0,3/29/2015 12:01,12:01,6,0,0,BIRCH ST & 1600 BLK S,1,1,0,0,1,4,,,25,0,0,0,0,0,4,2,13
,2015_55382,0,0,5/31/2015 8:53,8:53,3,0,0,BIRCH ST S & LOUISIANA AVE E,1,1,0,7,1,1,,,30,0,0,0,0,0,4,2,16
,2015_55383,0,0,3/21/2015 23:40,23:40,15,0,0,BLAKE ST 2000 BLK & 20TH ST,1,3,0,0,1,4,,,30,0,0,0,0,0,4,2,6
,2015_55384,0,0,4/1/2015 11:53,11:53,10,0,0,BROADWAY ST N & 2ND AVE E,1,1,0,0,1,1,,,35,0,0,0,0,0,4,2,14
,2015_55385,0,0,8/16/2015 1:00,1:00,6,0,0,CALIFORNIA ST 3046 & 31ST ST,1,3,0,7,1,4,,,25,0,0,0,0,0,4,3,16
,2015_55386,0,0,7/4/2015 16:45,16:45,2,0,0,BROADWAY ST N & STOUT ST,1,1,0,0,1,1,,,,1,0,0,0,0,4,2,13
,2015_55387,0,0,4/6/2015 21:12,21:12,11,0,0,BRUCE RANDOLPH AVE E & HUMBOLDT ST N,1,4,0,0,1,1,,,25,0,1,0,0,1,4,2,14
,2015_55388,0,0,12/18/2015 8:28,8:28,6,0,0,CLAY ST & 400 BLK N,4,1,0,7,1,4,,,25,0,0,0,0,0,4,3,1
,2015_55389,0,0,7/25/2015 10:51,10:51,3,0,0,CENTRAL PARK BLVD N & WABASH ST N,1,1,0,7,1,1,,,30,0,0,0,0,1,4,2,16
,2015_55390,0,0,7/26/2015 23:15,23:15,6,0,0,CLAYTON ST 4800 BLK N & 4811 N CLAYTON ST,1,3,0,7,1,4,,,25,0,0,0,0,0,4,2,5
,2015_55391,0,0,6/7/2015 10:50,10:50,15,0,0,CURTIS ST 2000 BLK & 22ND ST,2,1,0,7,1,4,,,30,0,0,0,0,0,4,2,1
,2015_55392,0,0,5/5/2015 15:01,15:01,12,0,0,DOWNING ST S & JEWELL AVE E,2,1,0,1,1,3,,,30,0,0,0,0,0,4,2,16
,2015_55393,0,0,2/16/2015 9:30,9:30,12,0,0,DOWNING ST 2700 BLK S & YALE AVE E,5,1,0,2,1,3,,,30,0,0,0,0,0,4,3,16
,2015_55394,0,0,8/15/2015 12:40,12:40,12,0,0,EVANS AVE 5700 BLK E & JASMINE ST S,1,1,0,7,1,4,,,35,0,0,0,0,1,4,5,1
,2015_55395,0,0,7/15/2015 12:05,12:05,1,0,1,EVANS AVE E & JOSEPHINE ST S,1,1,0,0,1,1,,,35,0,0,0,0,2,4,2,13
,2015_55396,0,0,6/2/2015 13:54,13:54,12,0,0,EVANS AVE E & LINCOLN ST S,1,1,0,7,1,4,,,35,0,0,0,0,0,4,2,3
,2015_55397,0,0,10/10/2015 19:32,19:32,6,0,0,FILBERT CT & 1500 BLK N,1,3,0,7,1,4,,,20,0,0,0,0,0,4,3,5
,2015_55398,0,0,5/29/2015 18:00,18:00,12,0,1,EVANS AVE W & VRAIN ST S,1,1,0,7,1,1,,,30,0,0,0,0,2,4,2,1
,2015_55399,0,0,3/13/2015 20:17,20:17,12,0,0,GALAPAGO ST & 700 BLK N,1,3,0,0,1,4,,,30,0,0,0,0,0,4,2,3
,2015_55400,0,0,4/17/2015 13:55,13:55,3,0,0,GARFIELD ST S & ALAMEDA AVE E,1,1,0,0,1,1,,,30,0,0,0,0,0,4,2,13
,2015_55401,0,0,5/12/2015 17:14,17:14,6,0,0,GIRARD AVE 10200 BLK E & HAVANA ST S,1,1,0,7,1,4,,,25,0,0,0,0,0,4,2,16
,2015_55402,0,0,6/2/2015 15:45,15:45,6,0,0,GRANT ST 200 BLK S & ALAMEDA AVE E,1,1,0,7,1,4,,,25,0,0,0,0,0,4,2,1
,2015_55403,0,0,2/27/2015 12:27,12:27,1,0,0,GREEN VALLEY RANCH BLVD 15300 BLK E & CHAMBERS RD N,2,1,0,0,1,2,,,35,0,0,0,0,1,4,2,7
,2015_55405,0,0,1/9/2015 8:20,8:20,12,0,0,HAVANA ST 4800 BLK N & 47TH AVE E,5,1,0,7,1,4,,,35,0,0,0,0,0,4,4,16
,2015_55407,0,0,3/29/2015 12:06,12:06,6,0,0,HUMBOLDT ST 1300 BLK N & 13TH AVE E,1,5,0,7,1,4,,,25,0,0,0,0,0,4,2,14
,2015_55408,0,0,10/27/2015 8:00,8:00,15,0,0,IOWA AVE W & WOLFF ST S,1,1,0,0,1,4,,,20,0,0,0,0,1,4,2,16
,2015_55409,0,0,6/10/2015 22:22,22:22,6,0,0,JACKSON ST 3700 BLK & 37TH AVE E,1,3,0,7,1,4,,,30,0,0,0,0,0,4,2,5
,2015_55410,0,0,3/25/2015 13:15,13:15,3,0,0,JERSEY ST S & ALAMEDA AVE E,2,1,0,2,1,1,,,35,0,0,0,0,0,4,2,16
,2015_55411,0,0,2/18/2015 17:50,17:50,3,0,0,JEWELL AVE W & SHERIDAN BLVD S,1,3,0,0,1,2,,,30,0,0,0,0,0,4,2,1
,2015_55412,0,0,7/26/2015 1:13,1:13,10,0,0,JOSEPHINE ST N & 13TH AVE E,1,3,0,0,1,1,,,30,0,0,0,0,0,4,2,5
,2015_55413,0,0,9/6/2015 12:40,12:40,6,0,0,ALBION ST & 700N BLK N,1,1,0,7,1,4,,,25,0,0,0,0,0,4,2,14
,2015_55414,0,0,1/1/2015 0:01,0:01,12,0,0,LARIMER ST & 18TH ST,5,3,1,7,1,1,,,30,0,0,0,0,0,4,2,16
,2015_55415,0,0,1/22/2015 9:50,9:50,11,0,1,LAWRENCE ST & PARK AVE W,6,1,0,0,1,1,,,30,0,1,0,0,2,4,2,13
,2015_55416,0,0,2/16/2015 6:50,6:50,5,0,0,MISSISSIPPI AVE W & LIPAN ST S,4,1,0,0,3,1,,,30,0,0,0,0,0,4,1,7
,2015_55417,0,0,7/30/2015 23:26,23:26,9,0,0,LINCOLN ST N & 7TH AVE E,1,3,0,0,2,1,,,35,0,0,0,0,0,4,2,13
,2015_55418,0,0,12/21/2015 13:30,13:30,12,0,0,LINCOLN ST N & 8TH AVE E,1,1,0,0,1,1,,,30,0,0,0,0,0,4,2,13
,2015_55419,0,0,7/21/2015 23:22,23:22,6,0,0,LOGAN ST S & 557,1,3,0,0,1,4,,,25,0,0,0,0,0,4,2,14
,2015_55420,0,0,9/16/2015 0:05,0:05,11,0,1,LOGAN ST 1100 BLK N & PENNSYLVANIA ST N ALL,1,3,0,0,1,5,,,10,0,1,0,0,2,4,2,1
,2015_55421,0,0,2/20/2015 14:55,14:55,15,0,0,LOGAN ST N & SPEER BLVD,1,1,0,7,1,1,,,30,0,0,0,0,0,4,2,16
,2015_55422,0,0,9/11/2015 17:00,17:00,6,0,0,N MARIPOSA ST & 38TH AVE W,1,1,0,7,1,4,,,25,0,0,0,1,0,4,2,16