id,drcog_id,latitude,longitude,crashtime,time,crashtype,numbkilled,numbinjurd,drcoglocat,rdconditin,lightngcon,roadcntgrd,weatherco,location,roaddescrp,schoolzone,constrzone,splimit,bikeinv,pedinv,sctrinv,motoinv,svrty,rdsystem,ttlvehcls,hcf
,2015_56466,39.7112,-105.042019,1/7/2015 7:02,7:02,12,0,0,ALAMEDA AVE W & RALEIGH ST S,5,1,0,2,1,4,,,35,0,0,0,0,0,2,2,13
,2015_56467,39.711181,-105.008597,4/28/2015 20:15,20:15,3,0,0,RARITAN ST S & ALAMEDA AVE W,1,3,0,0,1,3,,,25,0,0,0,0,0,2,2,13
,2015_56468,39.711184,-105.000622,4/13/2015 18:20,18:20,3,0,0,ALAMEDA AVE W & PLATTE RIVER DR S,1,1,0,0,1,1,,,35,0,0,0,0,0,2,3,3
,2015_56469,39.65302,-104.875567,1/22/2015 8:42,8:42,1,0,0,HAMPDEN AVE E & DAYTON ST S,1,1,0,0,1,1,,,35,0,0,0,0,0,2,2,3
,2015_56470,39.656359,-104.866433,2/9/2015 2:05,2:05,5,0,0,HAVANA ST S & GIRARD AVE E,1,3,0,0,3,4,,,35,0,0,0,0,0,2,1,5
,2015_56471,39.6604,-104.866292,4/29/2015 20:39,20:39,12,0,0,DARTHMOUTH AVE E & HAVANA ST S,1,3,0,0,1,3,,,35,0,0,0,0,0,2,2,12
,2015_56472,39.65302,-104.875567,12/23/2015 19:00,19:00,1,0,0,E HAMPDEN AVE & S DAYTON ST,1,3,0,0,1,1,,,40,0,0,0,0,0,2,2,13
,2015_56494,39.740002,-104.991611,6/5/2015 14:26,14:26,12,0,0,COLFAX AVE W & CHEROKEE ST,2,1,0,1,1,1,,,30,0,0,0,0,0,2,2,13
,2015_56504,39.740322,-105.053272,1/19/2015 18:51,18:51,15,0,0,SHERIDAN BLVD & COLFAX AVE W,1,3,0,0,1,4,,,35,0,0,0,0,0,2,2,7
,2015_56505,39.74036,-105.050969,7/18/2015 15:15,15:15,3,0,1,YATES ST N & COLFAX AVE W,1,1,0,0,1,1,,,30,0,0,0,1,3,2,2,13
,2015_56506,39.740349,-105.048711,5/8/2015 13:41,13:41,3,0,0,COLFAX AVE W & WOLFF ST N,2,1,1,1,1,1,,,30,0,0,0,0,0,2,2,13
,2015_56507,39.740028,-105.002765,3/8/2015 7:20,7:20,12,0,1,COLFAX AVE W & MARIPOSA ST N,2,1,0,0,1,1,,,35,0,0,0,0,2,2,2,13
,2015_56508,39.740025,-104.998126,8/1/2015 14:23,14:23,3,0,0,COLFAX AVE W & SPEER BLVD N,1,1,1,7,1,1,,,35,0,0,0,0,1,2,2,16
,2015_56509,39.740025,-104.998126,9/8/2015 17:08,17:08,11,0,0,SPEER BLVD N & COLFAX AVE W,1,1,0,0,1,1,,,,0,1,0,0,0,2,2,14
,2015_56510,39.740025,-104.998126,9/3/2015 22:51,22:51,1,0,0,COLFAX AVE W & SPEER BLVD N,1,3,0,0,1,1,,,30,0,0,0,0,1,2,2,13
,2015_56511,39.740145,-104.948789,1/8/2015 17:53,17:53,6,0,0,COLFAX AVE 3200 E & ADAMS ST N (RD S),1,3,0,0,1,4,,,30,0,0,0,0,0,2,3,13
,2015_56512,39.740142,-104.947688,6/15/2015 8:06,8:06,12,0,0,COLFAX AVE 3400 BLK E & COOK ST N (RD N),1,1,0,0,1,3,,,,0,0,0,0,0,2,2,13
,2015_56513,39.740139,-104.946576,5/6/2015 11:49,11:49,11,0,1,COLFAX AVE E & MADISON ST N,1,1,0,0,1,1,,,30,0,1,0,0,2,2,2,13
,2015_56541,39.784206,-105.025519,6/29/2015 8:24,8:24,12,0,0,I-70 & FEDERAL BLVD N,1,1,1,0,1,4,,,55,0,0,0,0,0,1,4,13
,2015_56542,39.780052,-104.989434,8/30/2015 3:32,3:32,5,0,0,I-70 WB OFF RAMP TO & I-25 SB,1,3,1,0,2,8,,,45,0,0,0,0,0,1,1,5
,2015_56543,39.779435,-104.979009,6/8/2015 5:20,5:20,3,0,0,I-70 EB RAMPS & WASHINGTON ST N,1,1,0,0,1,1,,,25,0,0,0,0,1,1,2,13
,2015_56544,39.779895,-104.967089,6/29/2015 17:06,17:06,12,0,0,I-70 & BRIGHTON BLVD N,1,1,0,0,1,4,,,55,0,0,0,0,0,1,3,1
,2015_56545,39.779895,-104.967089,7/15/2015 7:00,7:00,12,0,0,I-70 & BRIGHTON BLVD N,1,1,0,0,1,4,,,55,0,0,0,0,0,1,2,13
,2015_56546,39.779944,-104.940633,6/27/2015 2:10,2:10,15,0,0,I-70 & N COLORADO BLVD,1,3,0,0,1,4,,,55,0,0,0,0,0,1,2,1
,2015_56547,39.779997,-104.949807,5/11/2015 6:46,6:46,12,0,0,I-70 & VASQUEZ BLVD N/STEELE ST N,1,1,0,0,1,4,,,55,0,0,0,0,0,1,2,7
,2015_56548,39.780085,-104.934197,5/9/2015 0:53,0:53,5,0,0,I-70 & VASQUEZ BLVD,2,3,0,1,2,4,,,55,0,0,0,0,0,1,1,13
,2015_56549,39.779026,-104.926205,1/20/2015 23:31,23:31,5,0,0,I-70 & GLENCOE ST N OFFSET REF,1,3,0,0,3,4,,,55,0,0,0,0,0,1,1,12
,2015_56550,39.7783,-104.903459,4/1/2015 12:33,12:33,12,0,0,I-70 & QUEBEC ST N,1,1,0,0,1,4,,,55,0,0,0,0,0,1,2,13
,2015_56551,39.7783,-104.903459,4/18/2015 18:28,18:28,12,0,0,I-70 & NORTHFIELD BLVD/QUEBEC ST N,1,1,0,0,1,4,,,55,0,0,0,0,0,1,2,13
,2015_56552,39.7783,-104.903459,6/2/2015 17:52,17:52,12,0,0,I-70 & QUEBEC ST N,1,5,0,0,1,4,,,,0,0,0,0,0,1,3,3
,2015_56553,39.777095,-104.882471,3/16/2015 17:15,17:15,12,0,0,I-70 & CENTRAL PARK BLVD N,1,1,0,0,1,4,,,55,0,0,0,0,0,1,2,14
,2015_56555,39.776953,-104.880919,4/11/2015 2:15,2:15,12,0,1,I-70 & CENTRAL PARK BLVD N,1,3,0,0,1,4,,,55,0,0,0,0,2,1,3,1
,2015_56556,39.776485,-104.87573,7/28/2015 0:59,0:59,12,0,0,I-70 & MM 280,1,3,0,0,1,4,,,55,0,0,0,0,0,1,2,13
,2015_56557,39.773294,-104.83877,5/31/2015 17:44,17:44,12,0,0,I-70 & MM 282,1,1,0,0,1,4,,,55,0,0,0,0,0,1,4,13
,2015_56586,39.701074,-104.910408,11/9/2015 12:48,12:48,14,0,0,LEETSDALE DR & NIAGARA ST S,1,1,1,0,1,1,,,35,0,0,0,0,0,2,2,13
,2015_56587,39.698614,-104.903604,8/2/2015 17:49,17:49,12,0,0,LEETSDALE DR & QUEBEC ST S,1,1,0,0,1,1,,,40,0,0,0,0,0,2,3,13
,2015_56600,39.693024,-104.99248,5/22/2015 8:49,8:49,15,0,0,SANTA FE DR 1300 BLK S & LOUISIANA AVE W,2,1,0,1,1,1,,,45,0,0,0,0,0,2,2,13
,2015_56607,39.731186,-105.025182,1/26/2015 17:20,17:20,1,0,0,FEDERAL BLVD N & 9TH AVE W,1,1,0,0,1,1,,,35,0,0,0,0,1,2,2,13
,2015_56608,39.731186,-105.025182,4/28/2015 17:30,17:30,10,0,0,9TH AVE W & FEDERAL BLVD N,1,1,0,0,1,1,,,35,0,0,0,0,0,2,2,13
,2015_56609,39.729259,-105.02515,3/23/2015 18:41,18:41,3,0,1,FEDERAL BLVD & 800 BLK N,1,1,0,0,1,2,,,35,0,0,0,0,2,2,2,13
,2015_56610,39.691359,-105.025048,8/12/2015 15:56,15:56,12,0,0,FEDERAL BLVD S & ARKANSAS AVE W,1,1,0,0,1,3,,,35,0,0,0,0,1,2,2,13
,2015_56611,39.678616,-105.025049,6/20/2015 13:24,13:24,12,0,0,FEDERAL BLVD S & EVANS AVE W,1,1,0,0,1,1,,,35,0,0,0,0,1,2,2,13
,2015_56612,39.673201,-105.025055,5/21/2015 17:30,17:30,12,0,0,FEDERAL BLVD 2400 BLK S & HARVARD AVE W,1,1,0,0,1,1,,,35,0,0,0,0,0,2,2,14
,2015_56614,39.685233,-105.025019,11/4/2015 15:10,15:10,6,0,0,FEDERAL BLVD S & COLORADO AVE W,1,1,0,0,1,4,,,40,0,0,0,0,0,2,2,13
,2015_56629,39.679726,-105.053263,5/18/2015 15:35,15:35,3,0,0,SHERIDAN BLVD S & EVANS AVE W,1,1,0,0,1,2,,,40,0,0,0,0,0,2,2,1
,2015_56632,39.737719,-105.053216,7/8/2015 13:33,13:33,12,0,0,SHERIDAN BLVD & 1300 BLK N,2,1,1,1,1,4,,,35,0,0,0,0,0,2,2,3
,2015_56635,39.743966,-105.053226,6/11/2015 19:20,19:20,3,0,0,17TH AVE W & SHERIDAN BLVD N,2,2,0,1,1,1,,,35,0,0,0,0,1,2,2,13
,2015_56654,39.624247,-105.091045,6/4/2015 17:30,17:30,12,0,0,WADSWORTH BLVD S & BELLEVIEW AVE W,1,1,0,0,1,3,,,40,0,0,0,0,0,2,2,3
,2015_56685,39.631273,-104.905063,8/25/2015 20:06,20:06,5,0,0,I-225 SB OFF RAMP & I-25,1,3,0,0,2,8,,,55,0,0,0,0,0,1,1,13
,2015_56689,39.629871,-104.904931,3/17/2015 15:37,15:37,5,0,0,I-225 SB/WB OFF RAMP TUNNEL & I-25,1,1,1,0,2,8,,,55,0,0,0,0,1,1,2,1
,2015_56690,39.635523,-104.89346,4/8/2015 16:42,16:42,12,0,0,TAMARAC ST S & I-225 SB RAMPS,1,1,0,0,1,1,,,35,0,0,0,0,0,1,2,13
,2015_56691,39.639112,-104.885435,1/7/2015 10:32,10:32,15,0,0,I-225 SB COLLECTOR ON RAMP FROM & YOSEMITE ST,1,1,1,0,1,8,,,45,0,0,0,0,0,1,2,13
,2015_56692,39.639275,-104.885096,7/21/2015 22:04,22:04,3,0,0,YOSEMITE ST S & I-225 OFF RAMP,1,3,0,0,1,1,,,35,0,0,0,0,1,1,2,13
,2015_56693,39.63903,-104.885605,12/20/2015 7:52,7:52,5,0,0,I-225 SB COLLECTOR RAMP & S YOSEMITE ST,1,1,1,0,3,8,,,45,0,0,0,0,0,1,1,13
,2015_56699,39.776998,-104.884442,2/11/2015 19:00,19:00,12,0,0,I-70 & I-270,1,3,0,0,1,4,,,45,0,0,0,0,0,1,2,13
,2015_56700,39.777015,-104.882642,1/15/2015 17:29,17:29,12,0,1,I-270 & I-70,1,3,1,0,1,4,,,55,0,0,0,0,2,1,2,7
,2015_56701,39.777015,-104.882642,1/31/2015 18:28,18:28,1,0,0,CENTRAL PARK BLVD N & I-70,1,3,0,0,1,1,,,35,0,0,0,0,1,1,2,1
,2015_56714,39.761982,-105.025164,10/16/2015 17:46,17:46,12,0,0,FEDERAL BLVD & 3200 BLK N,1,1,1,0,1,4,,,35,0,0,0,0,1,2,2,13
,2015_56915,0,0,1/22/2015 0:10,0:10,5,0,0,7TH AVE W & MARIPOSA ST N,5,3,0,2,2,4,,,25,0,0,0,0,0,4,1,1
,2015_56927,0,0,2/16/2015 9:15,9:15,12,0,0,1ST AVE E & DETROIT ST N,4,1,0,2,1,1,,,30,0,0,0,0,0,4,2,16
,2015_56928,0,0,1/6/2015 13:38,13:38,3,0,0,1ST AVE W & SANTA FE DR N,1,1,0,7,1,1,,,25,0,0,0,0,0,4,2,16
,2015_56929,0,0,3/28/2015 12:13,12:13,3,0,0,2ND AVE W & CHEROKEE ST N,1,1,0,7,1,1,,,25,0,0,0,0,0,4,2,3
,2015_56931,0,0,3/27/2015 11:00,11:00,11,0,0,8TH AVE & 4400 BLK E,1,1,0,0,1,4,,,25,0,1,0,0,1,4,2,13
,2015_56932,0,0,4/26/2015 2:49,2:49,3,0,0,8TH AVE E & BROADWAY ST N,1,3,0,7,1,1,,,30,0,0,0,0,0,4,2,8
,2015_56933,0,0,6/5/2015 22:16,22:16,6,0,0,8TH AVE W & HAZEL CT N,2,3,0,1,1,4,,,25,0,0,0,0,0,4,2,16
,2015_56934,0,0,10/13/2015 15:40,15:40,15,0,0,8TH AVE & 900 BLK W,1,1,1,0,1,4,,,30,0,0,0,0,0,4,2,13
,2015_56935,0,0,6/21/2015 10:50,10:50,14,0,0,13TH AVE E & BROADWAY ST N,1,1,0,0,1,4,,,30,0,0,0,1,1,4,2,8
,2015_56936,0,0,4/15/2015 7:48,7:48,12,0,0,8TH AVE WB 900 BLK W & SANTA FE N,1,1,0,7,1,4,,,35,0,0,0,0,0,4,3,14
,2015_56937,0,0,4/5/2015 8:14,8:14,6,0,0,10TH AVE E & MADISON ST N,1,1,0,7,1,4,,,25,0,0,0,0,0,4,2,16
,2015_56938,0,0,3/25/2015 9:20,9:20,3,0,0,11TH AVE E & N JERSEY ST,2,1,0,2,1,1,,,25,0,0,0,0,0,4,2,7
,2015_56939,0,0,3/17/2015 21:00,21:00,6,0,0,13TH AVE E & JACKSON ST N,1,3,0,7,1,4,,,30,0,0,0,0,0,4,3,16
,2015_56940,0,0,6/27/2015 23:15,23:15,12,0,0,13TH AVE & JERSEY ST,1,3,0,7,1,3,,,25,0,0,0,1,0,4,2,14
,2015_56941,0,0,2/4/2015 7:55,7:55,6,0,0,14TH AVE & 3000 BLK W,5,1,1,2,1,4,,,25,0,0,0,0,0,4,2,14
,2015_56942,0,0,3/8/2015 11:20,11:20,6,0,0,14TH AVE E & GAYLORD ST N,1,1,0,7,1,4,,,30,0,0,0,0,0,4,3,7
,2015_56943,0,0,4/29/2015 11:00,11:00,12,0,0,14TH AVE 5500 BLK E & HOLLY ST N,1,1,0,7,1,5,,,30,0,0,0,0,0,4,2,16
,2015_56944,0,0,7/1/2015 22:40,22:40,3,0,0,14TH AVE E & HUMBOLDT ST N,1,3,1,7,1,1,,,30,0,0,0,0,0,4,2,7
,2015_56945,0,0,9/2/2015 15:41,15:41,3,0,0,14TH AVE 6700 BLK E & NIAGARA ST N,1,1,0,0,1,3,,,30,0,0,0,0,1,4,3,13
,2015_56946,0,0,5/3/2015 18:26,18:26,3,0,0,16TH AVE E & YOSEMITE ST N,1,1,0,7,1,1,,,30,0,0,0,0,0,4,2,16
,2015_56947,0,0,8/12/2015 19:19,19:19,3,0,1,17TH AVE 2100 BLK E & VINE ST N,2,1,0,0,1,3,,,30,0,0,0,0,2,4,2,13
,2015_56948,0,0,6/16/2015 17:40,17:40,6,0,0,21ST AVE & 1400 BLK E,1,1,0,0,1,4,,,25,0,0,0,0,0,4,2,7
,2015_56949,0,0,3/19/2015 16:09,16:09,6,0,0,25TH AVE 5700 E & IVANHOE ST N,1,1,0,7,1,4,,,20,0,0,0,0,0,4,2,3
,2015_56950,0,0,3/7/2015 17:18,17:18,14,0,0,32ND AVE W & LOWELL BLVD N,1,2,0,0,1,2,,,,0,0,0,0,0,4,2,13
,2015_56951,0,0,2/17/2015 12:44,12:44,3,0,0,32ND AVE W & NEWTON ST N,1,1,0,7,1,1,,,35,0,0,0,0,0,4,2,14
,2015_56952,0,0,3/9/2015 9:09,9:09,3,0,0,33RD AVE E & COLUMBINE ST N,1,1,0,0,1,1,,,25,0,0,0,0,1,4,2,13
,2015_56953,0,0,6/14/2015 11:15,11:15,3,0,0,33RD AVE W & NAVAJO ST N,1,1,1,7,1,1,,,30,0,0,0,0,0,4,2,16
,2015_56954,0,0,3/5/2015 17:54,17:54,6,0,0,ONEIDA ST 2500 BLK N & 26TH AVE E,5,2,0,7,1,4,,,30,0,0,0,0,0,4,2,16
,2015_56955,0,0,8/30/2015 18:14,18:14,10,0,0,38TH AVE 2600 BLK W & CLAY ST N,1,1,0,0,1,4,,,35,0,0,0,0,0,4,2,13
,2015_56956,0,0,1/8/2015 18:04,18:04,15,0,0,38TH AVE W & LOWELL BLVD N,1,3,1,0,1,1,,,30,0,0,0,0,0,4,2,13
,2015_56957,0,0,3/12/2015 16:55,16:55,12,0,0,38TH AVE W & NAVAJO ST N,1,1,0,7,1,4,,,35,0,0,0,0,1,4,2,16
,2015_56958,0,0,4/14/2015 7:49,7:49,3,0,0,38TH AVE W & PECOS ST N,1,1,0,7,1,1,,,35,0,0,0,0,0,4,2,14
,2015_56959,0,0,6/17/2015 6:21,6:21,3,0,0,38TH AVE W & PECOS ST N,1,1,0,7,1,1,,,35,0,0,0,0,1,4,2,14
,2015_56960,0,0,7/15/2015 12:25,12:25,3,0,0,44TH AVE & 5100 BLK W,1,1,1,0,1,2,,,25,0,0,0,0,0,4,2,13
,2015_56961,0,0,6/2/2015 15:16,15:16,3,0,0,45TH AVE E & LINCOLN ST N,1,1,1,7,1,1,,,25,0,0,0,0,0,4,2,16
,2015_56962,0,0,5/7/2015 23:00,23:00,11,0,1,45TH AVE E & PEORIA ST N,2,3,0,1,1,1,,,,0,1,0,0,3,4,2,5
,2015_56963,0,0,3/18/2015 17:55,17:55,3,0,0,56TH AVE E & ARGONNE ST N,1,2,0,0,1,1,,,35,0,0,0,0,0,4,2,7
,2015_56964,0,0,1/21/2015 16:27,16:27,12,0,0,56TH AVE 13500 BLK E & WORCHESTER ST,2,1,0,7,1,3,,,40,0,0,0,0,0,4,3,16
,2015_56965,0,0,2/16/2015 8:15,8:15,10,0,0,78TH AVE 25700 BLK E & JACKSON GAP ST N,2,1,1,2,1,1,,,45,0,0,0,0,0,4,2,8
,2015_56966,0,0,7/23/2015 6:59,6:59,5,0,0,E 98TH AVE & N ALLIUM ST,1,1,0,7,3,4,,,35,0,0,0,0,0,4,1,16
,2015_56967,0,0,7/16/2015 17:47,17:47,12,0,0,ALAMEDA AVE 1100 BLK E & DOWNING ST S,1,1,0,7,1,3,,,30,0,0,0,0,0,4,2,16
,2015_56968,0,0,6/11/2015 19:25,19:25,1,0,0,ALAMEDA AVE E & HOLLY ST S,2,3,1,1,1,1,,,35,0,0,0,0,0,4,2,16
,2015_56969,0,0,8/12/2015 1:00,1:00,3,0,0,ALAMEDA AVE E & LINCOLN ST S,1,3,0,7,1,1,,,30,0,0,0,0,1,4,2,16
,2015_56970,0,0,6/24/2015 8:56,8:56,12,0,0,ALAMEDA AVE 6400 BLK E & LOCUST ST S,1,1,0,7,1,4,,,35,0,0,0,0,1,4,2,1
,2015_56971,0,0,1/30/2015 16:17,16:17,12,0,0,ARIZONA AVE 3300 BLK E & COOK ST S,1,1,0,7,1,4,,,25,0,0,0,0,0,4,2,3
,2015_56972,0,0,7/15/2015 16:53,16:53,6,0,0,BAYAUD AVE 000 BLK E & BROADWAY ST S,1,1,0,7,1,4,,,25,0,0,0,0,0,4,2,3
,2015_56973,0,0,3/21/2015 15:31,15:31,3,0,0,BAYAUD AVE E & S CLERMONT ST,1,1,0,7,1,1,,,20,0,0,0,0,0,4,2,8
,2015_56974,0,0,12/19/2015 1:45,1:45,6,0,0,BAYAUD AVE 1100 BLK E & DOWNING ST S,5,3,0,2,1,3,,,25,0,0,0,0,0,4,4,14
,2015_56976,0,0,8/21/2015 6:34,6:34,2,0,1,BLAKE ST & 27TH ST,1,1,0,0,1,1,,,25,1,0,0,0,2,4,2,13
,2015_56977,0,0,5/17/2015 1:35,1:35,15,0,0,BLAKE ST & 14TH ST,1,4,0,0,1,4,,,25,0,0,0,0,0,4,2,13
,2015_56978,0,0,1/16/2015 23:14,23:14,3,0,0,BROADWAY & 17TH AVE E,1,3,0,0,1,1,,,30,0,0,0,0,0,4,2,8
,2015_56979,0,0,12/12/2015 16:09,16:09,12,0,0,BROADWAY ST 1000 BLK S & MISSISSIPPI AVE W,4,2,0,2,1,4,,,30,0,0,0,0,0,4,2,13
,2015_56980,0,0,4/27/2015 14:00,14:00,12,0,0,CHAMPA ST 1800 BLK & 18TH ST,1,1,0,7,1,4,,,30,0,0,0,0,0,4,2,16
,2015_56981,0,0,5/17/2015 7:31,7:31,5,0,0,CHERRY CREEK N DR & 7125,1,4,0,0,4,4,,,20,0,0,0,0,0,4,1,1
,2015_56982,0,0,6/12/2015 10:00,10:00,6,0,0,CLARKSON ST 700 BLK N & 7TH AVE E,2,1,0,1,1,4,,,30,0,0,0,0,0,4,2,3
,2015_56983,0,0,1/2/2015 15:01,15:01,12,0,0,CLAYTON ST 3300 BLK N & BRUCE RANDOLPH AVE E,4,1,1,7,1,3,,,25,0,0,0,0,0,4,2,7
,2015_56984,0,0,8/2/2015 22:00,22:00,5,0,0,COLGATE PL & 5930 W,1,3,0,7,5,4,,,25,0,0,0,0,0,3,1,14
,2015_56985,0,0,3/14/2015 19:19,19:19,9,0,1,DECATUR ST N & HOLDEN PL W,1,3,0,7,1,1,,,30,0,0,0,1,2,4,1,16
,2015_56986,0,0,4/18/2015 15:24,15:24,14,0,0,DOWNING ST N & 13TH AVE E,1,1,0,0,1,1,,,30,0,0,0,0,0,4,2,3
,2015_56987,0,0,1/21/2015 11:48,11:48,3,0,0,DOWNING ST S & ALAMEDA AVE E,6,1,0,4,1,1,,,30,0,0,0,0,0,4,2,16
,2015_56988,0,0,5/20/2015 18:30,18:30,12,0,0,DOWNING ST 1800 BLK S & COLORADO AVE E,2,1,0,1,1,4,,,30,0,0,0,0,0,4,2,7
,2015_56989,0,0,11/4/2015 14:15,14:15,10,0,0,DOWNING ST N & 16TH AVE E,1,1,1,0,1,1,,,30,0,0,0,1,1,4,2,16
,2015_56990,0,0,1/20/2015 10:31,10:31,15,0,0,EVANS AVE 7100 BLK E & QUEBEC ST S,1,1,0,7,1,4,,,35,0,0,0,0,0,4,2,16
,2015_56991,0,0,4/13/2015 14:25,14:25,1,0,1,HAVANA ST N & 47TH AVE E,1,1,0,7,1,1,,,40,0,0,0,0,2,4,2,16
,2015_56992,0,0,6/4/2015 16:20,16:20,12,0,0,EVANS 3000 BLK E & ST PAUL ST S,1,1,0,7,1,4,,,30,0,0,0,0,0,4,3,3
,2015_56993,0,0,7/17/2015 22:31,22:31,9,0,1,FAIRMONT DR E & XENIA ST S,1,3,0,7,1,4,,,25,0,0,0,1,3,4,1,16
,2015_56994,0,0,7/29/2015 18:55,18:55,3,0,0,FLORIDA AVE W & FEDERAL BLVD S,1,1,0,0,1,2,,,25,0,0,0,0,0,4,2,4
,2015_56995,0,0,3/13/2015 13:31,13:31,12,0,0,FLOYD AVE 6500 BLK E & MONACO ST S,1,1,0,7,1,3,,,25,0,0,0,0,0,4,2,16
,2015_56996,0,0,1/3/2015 14:08,14:08,12,0,0,FULTON ST N & 28TH AVE E,4,1,0,2,1,3,,,25,0,0,0,0,0,4,2,16
,2015_56997,0,0,1/3/2015 22:30,22:30,6,0,0,GALENA WAY & 500 BLK S,1,4,0,0,1,4,,,25,0,0,0,0,0,4,2,1
,2015_56998,0,0,1/31/2015 4:36,4:36,5,0,0,GATEWAY AVE E & FRASER WAY N,1,4,0,0,3,4,,,30,0,0,0,0,1,4,1,13
,2015_56999,0,0,5/21/2015 15:35,15:35,12,0,0,GILPIN ST & 2100 BLK S,1,1,0,0,1,4,,,25,0,0,0,0,0,4,2,13
,2015_57000,0,0,12/18/2015 11:00,11:00,6,0,0,GRANBY WAY 4600 BLK & 46TH AVE E,6,1,0,7,1,4,,,25,0,0,0,0,0,4,2,3
,2015_57001,0,0,5/8/2015 21:04,21:04,5,0,0,GUN CLUB RD N & 78TH AVE E,1,3,0,0,4,1,,,35,0,0,0,0,0,4,1,8
,2015_57002,0,0,7/10/2015 22:10,22:10,12,0,0,GUN CLUB RD 7700 & 78TH AVE,1,3,0,7,1,1,,,25,0,0,0,0,0,4,2,1
,2015_57003,0,0,7/18/2015 17:09,17:09,12,0,0,GVR BLVD E & CHAMBERS RD N,2,1,0,1,1,1,,,35,0,0,0,0,0,4,2,1
,2015_57004,0,0,1/8/2015 21:30,21:30,15,0,0,GVR BLVD 20000 BLK E & N HIMALAY RD,5,3,1,2,1,4,,,40,0,0,0,0,0,4,2,7
,2015_57005,0,0,4/10/2015 15:35,15:35,12,0,0,GVR BLVD E & PENA BLVD,1,1,0,7,1,1,,,40,0,0,0,0,0,4,2,3
,2015_57006,0,0,6/5/2015 17:30,17:30,3,0,0,HAMPDEN AVE S SERVICE RD (NOT CDOT) & DEPEW ST S,1,1,0,0,1,1,,,35,0,0,0,0,0,4,2,1
,2015_57007,0,0,2/17/2015 14:15,14:15,12,0,0,HAMPDEN FRONTAGE RD W (NOT CDOT) & SHERIDAN BLVD S,1,1,0,0,1,4,,,25,0,0,0,0,0,4,2,1
,2015_57008,0,0,6/1/2015 18:13,18:13,2,0,1,HOLLY ST S & ILIFF AVE E,1,1,0,0,1,1,,,30,1,0,0,0,3,4,2,7
,2015_57009,0,0,8/6/2015 17:38,17:38,15,0,0,ILIFF AVE 9800 BLK E & PARKER RD,1,1,0,0,1,4,,,35,0,0,0,0,1,4,3,13
,2015_57010,0,0,4/24/2015 21:56,21:56,12,0,0,LARIMER ST & 26TH ST,1,3,0,7,1,1,,,30,0,0,0,0,0,4,2,5
,2015_57011,0,0,8/13/2015 9:40,9:40,15,0,0,LARIMER ST & 26TH ST,1,1,0,0,1,4,,,30,0,0,0,0,1,4,2,13
,2015_57012,0,0,2/8/2015 17:25,17:25,11,0,1,LAWRENCE ST & 15TH ST,1,3,0,0,1,1,,,25,0,1,0,0,3,4,2,1
,2015_57013,0,0,3/30/2015 16:55,16:55,15,0,1,LINCOLN ST N & 10TH AVE E,1,1,0,0,1,1,,,30,0,0,0,1,3,4,3,8
,2015_57014,0,0,5/29/2015 8:12,8:12,15,0,0,LINCOLN ST 1600 BLK N & 17TH AVE E,1,1,0,7,1,4,,,30,0,0,0,0,0,4,2,16
,2015_57015,0,0,9/9/2015 19:02,19:02,6,0,0,LOGAN ST 200 BLK N & 3RD AVE E,1,4,0,7,1,4,,,30,0,0,0,0,0,4,2,16
,2015_57016,0,0,7/11/2015 17:13,17:13,12,0,0,LIPAN ST S & GILL PL W,1,1,0,7,1,4,,,25,0,0,0,0,0,4,2,1
,2015_57017,0,0,5/25/2015 13:15,13:15,6,0,0,SYRACUSE ST N & 5TH AVE E,1,1,0,7,1,4,,,30,0,0,0,0,0,4,2,16
,2015_57018,0,0,5/22/2015 12:07,12:07,10,0,0,LOUISIANA AVE E & HOLLY ST S,1,1,0,0,1,1,,,25,0,0,0,0,0,4,2,13
,2015_57019,0,0,7/31/2015 21:08,21:08,3,0,0,LOWRY BLVD E & N ROSEMARY ST,1,3,0,7,1,1,,,10,0,0,0,0,0,4,2,16
,2015_57020,0,0,5/26/2015 21:20,21:20,15,0,0,MARKET ST & 14TH ST,1,1,0,7,1,1,,,25,0,0,0,0,0,4,2,8
,2015_57021,0,0,4/21/2015 7:32,7:32,12,0,0,MLK BLVD 4100 BLK E & ALBION ST N,1,1,0,7,1,4,,,35,0,0,0,0,0,4,2,16
,2015_57022,0,0,5/16/2015 23:47,23:47,3,0,0,MLK BLVD E & MONACO ST N,1,3,0,7,1,1,,,35,0,0,0,0,0,4,2,8
,2015_57023,0,0,1/15/2015 21:49,21:49,12,0,0,MORRISON RD & ADA PL W,1,3,0,7,1,4,,,35,0,0,0,0,1,4,2,5
,2015_57024,0,0,4/6/2015 7:25,7:25,1,0,0,MORRISON RD & KENTUCKY AVE W,1,1,0,7,1,1,,,30,0,0,0,0,0,4,2,16
,2015_57025,0,0,2/27/2015 14:30,14:30,12,0,0,NEWTON ST 800 BLK S & OHIO AVE W,4,1,0,0,1,2,,,25,0,0,0,0,0,4,2,7
,2015_57026,0,0,6/7/2015 16:25,16:25,1,0,0,PARK AVE W & HUMBOLDT ST N,1,1,0,0,1,1,,,25,0,0,0,0,0,4,2,8
,2015_57027,0,0,2/15/2015 18:12,18:12,15,0,0,PARK AVE W & LARIMER ST,4,3,0,2,1,4,,,30,0,0,0,0,0,4,2,3
,2015_57028,0,0,6/10/2015 9:15,9:15,3,0,0,PARK AVE W & LAWRENCE ST,1,1,0,7,1,1,,,30,0,0,0,0,1,4,2,16
,2015_57029,0,0,4/16/2015 8:35,8:35,5,0,0,PENA BLVD & 25000 BLK,6,1,1,2,2,4,,,65,0,0,0,0,0,4,1,16