id,drcog_id,latitude,longitude,crashtime,time,crashtype,numbkilled,numbinjurd,drcoglocat,rdconditin,lightngcon,roadcntgrd,weatherco,location,roaddescrp,schoolzone,constrzone,splimit,bikeinv,pedinv,sctrinv,motoinv,svrty,rdsystem,ttlvehcls,hcf
,2015_57030,0,0,10/23/2015 20:22,20:22,6,0,0,PERRY ST & 1500 BLK N,1,3,1,7,1,4,,,25,0,0,0,0,0,4,2,1
,2015_57031,0,0,4/18/2015 19:30,19:30,5,0,1,PEORIA ST 5000 BLK N & 51ST AVE E,1,3,0,0,3,4,,,35,0,0,0,0,2,4,1,5
,2015_57032,0,0,6/19/2015 14:41,14:41,3,0,0,PEORIA ST N & 51ST AVE E,1,1,1,0,1,1,,,40,0,0,0,0,0,4,3,12
,2015_57033,0,0,7/6/2015 17:08,17:08,1,0,0,PEORIA ST 4600 BLK N & PEORIA ST N,1,1,0,0,1,2,,,35,0,0,0,0,1,4,2,13
,2015_57034,0,0,8/12/2015 14:00,14:00,12,0,0,QUEBEC ST N & MONTVIEW BLVD E,1,1,0,7,1,1,,,25,0,0,0,0,0,4,3,16
,2015_57035,0,0,6/28/2015 10:56,10:56,12,0,0,QUEBEC ST & 8TH PL,1,1,0,7,1,1,,,30,0,0,0,0,0,4,2,16
,2015_57036,0,0,3/2/2015 16:57,16:57,12,0,0,QUEBEC ST 5300 BLK N & 53RD PL E,1,1,0,7,1,4,,,45,0,0,0,0,0,4,3,16
,2015_57037,0,0,2/28/2015 11:41,11:41,12,0,0,14TH ST 1000 BLK & ARAPAHOE ST,5,1,0,0,1,4,,,30,0,0,0,0,0,4,2,13
,2015_57038,0,0,1/1/2015 4:22,4:22,12,0,0,15TH ST 1400 BLK & BLAKE ST,5,3,0,7,1,4,,,30,0,0,0,0,0,4,2,16
,2015_57039,0,0,8/10/2015 9:40,9:40,15,0,1,18TH ST & ARAPAHOE ST,1,1,0,7,1,4,,,35,0,0,0,0,2,4,2,7
,2015_57040,0,0,6/11/2015 12:31,12:31,3,0,0,20TH ST & WELTON ST,1,1,0,7,1,1,,,30,0,0,0,0,0,4,2,16
,2015_57041,0,0,12/5/2015 2:30,2:30,6,0,0,27TH ST & 823,1,3,0,7,1,4,,,,0,0,0,0,0,4,3,15
,2015_57042,0,0,6/11/2015 6:11,6:11,3,0,0,32ND ST & CHAMPA ST,1,1,0,0,1,1,,,25,0,0,0,0,0,4,4,13
,2015_57043,0,0,6/24/2015 15:00,15:00,6,0,0,28TH ST & BLAKE ST,1,1,0,0,1,4,,,30,0,0,0,0,0,4,2,13
,2015_57044,0,0,9/25/2015 9:30,9:30,6,0,0,SANTA FE DR 960 N & 10TH AVE W,1,1,0,7,1,4,,,35,0,0,0,0,0,4,2,14
,2015_57045,0,0,6/13/2015 9:47,9:47,12,0,1,SPEER BLVD 700 BLK N & 8TH AVE W,1,1,0,7,1,3,,,30,0,0,0,1,2,4,3,16
,2015_57046,0,0,9/28/2015 7:53,7:53,3,0,0,STOUT ST & 31ST ST,1,1,0,0,1,1,,,25,0,0,0,1,1,4,2,1
,2015_57047,0,0,5/8/2015 22:02,22:02,5,0,0,STUART ST N & 22ND AVE W,2,3,1,1,3,1,,,25,0,0,0,0,0,4,1,5
,2015_57048,0,0,1/17/2015 18:50,18:50,14,0,0,TENNYSON ST N & 44TH AVE W,1,3,0,7,1,4,,,25,0,0,0,0,0,4,2,5
,2015_57049,0,0,10/13/2015 23:10,23:10,5,0,0,ST PAUL ST S & 2520,1,3,0,0,1,1,,,25,0,0,0,0,0,4,2,13
,2015_57050,0,0,2/13/2015 16:20,16:20,12,0,0,TOWER RD 5300 BLK N & ELEMENDORF PL E,1,1,0,7,1,4,,,45,0,0,0,0,0,4,2,16
,2015_57051,0,0,6/20/2015 21:26,21:26,12,0,0,UNIVERSITY BLVD 400 BLK N & 4TH AVE E,1,3,0,7,1,3,,,35,0,0,0,0,1,4,2,16
,2015_57052,0,0,1/7/2015 13:20,13:20,12,0,0,UNIVERSITY BLVD 1900 BLK S & ASBURY AVE E,1,5,0,7,1,4,,,30,0,0,0,0,0,4,2,14
,2015_57053,0,0,6/1/2015 12:40,12:40,12,0,0,UNIVERSITY BLVD 400 BLK S & DAKOTA AVE E,1,1,1,7,1,14,,,30,0,0,0,0,0,4,2,16
,2015_57054,0,0,4/10/2015 16:35,16:35,12,0,0,UNIVERSITY BLVD S & OHIO AVE E,1,1,0,7,1,1,,,30,0,0,0,0,1,4,2,12
,2015_57055,0,0,7/23/2015 13:16,13:16,3,0,1,WASHINGTON ST N & 51ST AVE E,1,1,0,7,1,1,,,30,0,0,0,0,2,4,2,7
,2015_57056,0,0,4/26/2015 9:55,9:55,3,0,1,WASHINGTON ST S & ALAMEDA AVE E,2,1,1,1,1,1,,,30,0,0,0,0,2,4,3,13
,2015_57057,0,0,7/16/2015 17:10,17:10,12,0,0,YORK ST 4100 BLK N & 41ST AVE E,1,1,0,7,1,4,,,30,0,0,0,0,0,4,2,16
,2015_57058,0,0,1/14/2015 11:14,11:14,1,0,0,YOSEMITE ST 1400 BLK N & 14TH AVE E,1,1,0,0,1,2,,,30,0,0,0,0,1,4,2,13
,2015_57059,0,0,2/13/2015 7:28,7:28,15,0,0,ZUNI ST N & 28TH AVE W,1,1,0,7,1,3,,,35,0,0,0,0,0,4,2,14
,2015_57060,0,0,6/3/2015 16:23,16:23,5,0,0,ZUNI ST N & 46TH AVE W,1,1,1,0,3,1,,,30,0,0,0,0,0,4,1,7
,2015_57121,39.780247,-105.025224,3/14/2015 18:32,18:32,12,0,0,FEDERAL BLVD N & 46TH AVE W,1,1,0,0,1,4,,,35,0,0,0,0,1,2,2,5
,2015_57178,39.692997,-104.94055,11/30/2015 23:00,23:00,12,0,0,COLORADO BLVD S & LOUISIANA AVE E,1,3,1,0,1,3,,,35,0,0,0,0,0,2,2,5
,2015_57180,39.696773,-104.940568,12/20/2015 15:20,15:20,12,0,0,COLORADO BLVD S & MISSISSIPPI AVE E,1,1,0,0,1,4,,,35,0,0,0,0,0,2,3,1
,2015_57181,39.71149,-104.940627,1/16/2015 11:10,11:10,15,0,0,ALAMEDA AVE E & COLORADO BLVD S,1,1,0,0,1,3,,,35,0,0,0,0,0,2,2,13
,2015_57184,39.725297,-104.940629,5/12/2015 7:31,7:31,12,0,0,6TH AVE 3900 BLK E & COLORADO BLVD N,1,1,0,0,1,1,,,30,0,0,0,0,0,2,2,14
,2015_57185,39.727365,-104.940627,5/27/2015 18:27,18:27,12,0,0,COLORADO BLVD 600 BLK N & 7TH AVE E,1,1,0,0,1,3,,,35,0,0,0,0,0,2,2,13
,2015_57186,39.772893,-104.940506,4/24/2015 20:21,20:21,15,0,0,COLORADO BLVD N & 40TH AVE E,1,3,1,0,1,1,,,35,0,0,0,0,0,2,2,13
,2015_57194,39.725655,-105.053326,2/24/2015 21:39,21:39,12,0,0,6TH AVE W & SHERIDAN BLVD,1,3,1,0,1,4,,,65,0,0,0,0,0,2,3,8
,2015_57195,39.725655,-105.051067,1/31/2015 22:08,22:08,5,0,1,6TH AVE N FRONTAGE RD (NOT CDOT) & 5000 BLK W,4,3,0,2,2,4,,,25,0,0,0,0,2,2,1,5
,2015_57196,39.725188,-105.018614,7/30/2015 5:46,5:46,12,0,0,6TH AVE W & BRYANT ST N,1,1,0,0,1,4,,,55,0,0,0,0,0,2,5,7
,2015_57205,39.683106,-104.940515,1/10/2015 12:55,12:55,15,0,0,I-25 NB & COLORADO BLVD S,1,1,0,0,1,8,,,35,0,0,0,0,0,1,2,3
,2015_57226,39.634235,-104.90683,7/24/2015 14:35,14:35,12,0,0,I-25 & I-225 FLYOVER,1,1,0,0,1,4,,,65,0,0,0,0,1,1,2,13
,2015_57227,39.634235,-104.90683,8/3/2015 8:19,8:19,12,0,0,I-25 & I-225 FLYOVER,1,1,1,0,1,4,,,65,0,0,0,0,0,1,3,1
,2015_57228,39.68492,-104.959513,6/2/2015 9:00,9:00,12,0,0,I-25 & UNIVERSITY BLVD S,1,1,1,0,1,4,,,55,0,0,0,0,0,1,2,13
,2015_57229,39.68492,-104.959513,6/25/2015 7:14,7:14,12,0,0,I-25 & UNIVERSITY BLVD S,1,1,0,0,1,4,,,60,0,0,0,0,0,1,2,1
,2015_57230,39.694462,-104.979284,3/31/2015 15:50,15:50,12,0,0,I-25 & WASHINGTON ST S,1,1,0,0,1,4,,,55,0,0,0,0,0,1,2,13
,2015_57231,39.701452,-104.987435,4/17/2015 15:37,15:37,12,0,0,I-25 & BROADWAY S,1,1,0,0,1,4,,,55,0,0,0,0,0,1,2,13
,2015_57232,39.71124,-104.998918,3/23/2015 16:16,16:16,12,0,0,I-25 & ALAMEDA AVE W,1,1,0,0,1,4,,,55,0,0,0,0,1,1,2,13
,2015_57233,39.722924,-105.010541,8/30/2015 22:20,22:20,15,0,0,I-25 & 6TH AVE W,1,3,0,0,1,4,,,55,0,0,0,0,0,1,2,16
,2015_57234,39.718834,-105.00579,1/30/2015 10:00,10:00,12,0,0,I-25 NB & MM 208.6,1,1,0,0,1,4,,,55,0,0,0,0,0,1,2,13
,2015_57235,39.722563,-105.010032,2/7/2015 10:40,10:40,15,0,0,I-25 & 6TH AVE W,1,1,0,0,1,4,,,55,0,0,0,0,1,1,3,14
,2015_57236,39.725247,-105.012893,7/26/2015 0:32,0:32,5,0,1,I-25 & 6TH AVE W,1,3,0,0,2,4,,,55,0,0,0,0,2,1,1,5
,2015_57237,39.72543,-105.013021,1/27/2015 15:30,15:30,12,0,0,I-25 NB & 6TH AVE W,1,1,0,0,1,4,,,55,0,0,0,0,0,1,2,13
,2015_57238,39.72543,-105.013021,7/27/2015 12:39,12:39,12,0,0,I-25 & 6TH AVE W,1,1,1,0,1,4,,,55,0,0,0,0,0,1,3,13
,2015_57239,39.729334,-105.014821,10/19/2015 14:57,14:57,12,0,0,I-25 & 8TH AVE,1,1,0,0,1,4,,,55,0,0,0,0,0,1,2,16
,2015_57240,39.730058,-105.015082,9/15/2015 9:35,9:35,12,0,0,I-25 & 8TH AVE W,1,1,1,0,1,4,,,55,0,0,0,0,0,1,2,13
,2015_57241,39.725796,-105.013276,6/25/2015 9:05,9:05,12,0,0,I-25 & MM 209,1,1,1,0,1,4,,,55,0,0,0,0,0,1,2,14
,2015_57242,39.740652,-105.013983,7/17/2015 17:28,17:28,12,0,0,I-25 & COLFAX AVE W,1,1,0,0,1,4,,,55,0,0,0,0,0,1,3,13
,2015_57243,39.749837,-105.017199,7/25/2015 16:25,16:25,12,0,0,I-25 & 23RD AVE W,1,1,0,0,1,4,,,55,0,0,0,0,0,1,2,3
,2015_57244,39.742182,-105.014789,12/3/2015 14:36,14:36,12,0,0,I-25 & AURARIA PKWY,1,1,0,0,1,4,,,55,0,0,0,0,0,1,2,16
,2015_57245,39.740652,-105.013983,7/30/2015 12:50,12:50,12,0,0,I-25 & COLFAX AVE W,1,1,0,0,1,4,,,55,0,0,0,0,0,1,2,13
,2015_57246,39.760997,-105.004275,1/20/2015 7:10,7:10,15,0,0,I-25 & 20TH ST,1,1,0,0,1,4,,,55,0,0,0,0,0,1,2,3
,2015_57247,39.760997,-105.004275,3/20/2015 11:18,11:18,15,0,3,I-25 & 20TH ST,1,1,0,0,1,4,,,55,0,0,0,0,3,1,4,14
,2015_57248,39.778963,-104.989171,8/10/2015 23:20,23:20,15,0,0,I-25 & I-70,1,3,0,0,1,3,,,55,0,0,0,0,0,1,2,13
,2015_57249,39.779391,-104.989165,4/16/2015 6:59,6:59,15,0,0,I-25 & I-70,2,1,1,2,1,4,,,55,0,0,0,0,0,1,2,7
,2015_57250,39.779963,-104.989165,1/3/2015 19:17,19:17,15,0,0,I-25 & I-70,5,3,1,2,1,4,,,55,0,0,0,0,1,1,2,7
,2015_57268,39.711182,-105.009345,3/2/2015 16:53,16:53,12,0,0,ALAMEDA AVE 1500 BLK W & RARITAN ST S,2,1,0,0,1,4,,,35,0,0,0,0,1,2,2,14
,2015_57269,39.71118,-105.005974,7/24/2015 20:36,20:36,5,0,0,ALAMEDA AVE & 1385 W,1,3,0,0,2,5,,,10,0,0,0,0,0,2,1,5
,2015_57270,39.653089,-104.915957,2/23/2015 10:34,10:34,12,0,0,HAMPDEN AVE 6200 BLK E & LOCUST ST E,6,1,0,0,1,4,,,35,0,0,0,0,1,2,2,13
,2015_57271,39.653038,-104.872038,3/18/2015 18:02,18:02,12,0,0,HAMPDEN AVE E & FLORENCE ST S,1,1,0,0,1,1,,,35,0,0,0,0,0,2,2,3
,2015_57272,39.660251,-104.866296,1/25/2015 2:54,2:54,3,0,0,DARTMOUTH AVE & HAVANA ST S,1,3,0,0,1,1,,,35,0,0,0,0,0,2,2,5
,2015_57273,39.667386,-104.866136,2/6/2015 17:05,17:05,12,0,0,HAVANA ST 2700 BLK S & YALE AVE E,1,2,0,0,1,4,,,45,0,0,0,0,1,2,2,14
,2015_57284,39.776593,-104.903445,6/12/2015 16:06,16:06,12,0,0,QUEBEC STREET N & I-70 EB RAMPS,1,1,1,0,1,3,,,30,0,0,0,0,0,2,2,13
,2015_57300,39.740341,-105.039676,6/19/2015 20:20,20:20,15,0,0,COLFAX AVE W & PERRY ST N,1,1,0,0,1,4,,,35,0,0,0,0,0,2,2,13
,2015_57301,39.740343,-105.031409,5/6/2015 12:35,12:35,12,0,0,COLFAX AVE & JULIAN ST,1,1,0,0,1,4,,,35,0,0,0,0,0,2,2,1
,2015_57302,39.740276,-105.01251,7/24/2015 8:10,8:10,3,0,0,COLFAX AVE W & I-25 NB OFF RAMP,1,1,0,0,1,1,,,40,0,0,0,0,0,2,2,13
,2015_57303,39.740048,-104.999949,4/17/2015 4:17,4:17,11,0,0,COLFAX AVE W & KALAMATH ST N,1,1,1,0,1,1,,,35,0,1,0,0,1,2,2,13
,2015_57304,39.740048,-104.999949,5/26/2015 9:44,9:44,12,0,0,KALAMATH ST & COLFAX AVE W,1,1,0,0,1,3,,,35,0,0,0,0,1,2,2,14
,2015_57305,39.740025,-104.998126,6/30/2015 7:25,7:25,15,0,0,SPEER BLVD N & COLFAX AVE W,1,1,0,0,1,1,,,30,0,0,0,0,0,2,2,13
,2015_57306,39.740002,-104.987332,8/8/2015 20:57,20:57,15,0,0,BROADWAY N & COLFAX AVE,1,3,0,0,1,1,,,35,0,0,0,0,0,2,2,13
,2015_57307,39.740048,-104.986169,5/30/2015 18:22,18:22,2,0,1,LINCOLN ST N & COLFAX AVE E,1,1,0,0,1,1,,,30,1,0,0,0,2,2,2,8
,2015_57308,39.740008,-104.973453,10/31/2015 23:15,23:15,11,0,1,COLFAX AVE E & DOWNING ST N (RD N),1,3,0,0,1,1,,,,0,1,0,0,2,2,2,13
,2015_57309,39.740152,-104.951201,9/11/2015 19:12,19:12,2,0,0,COLFAX AVE E & ST PAUL ST N (RD N),1,1,0,0,1,1,,,35,1,0,0,0,1,2,2,13
,2015_57310,39.740135,-104.945057,7/14/2015 10:50,10:50,14,0,0,COLFAX AVE E & MONROE ST N,1,1,0,0,1,1,,,30,0,0,0,0,0,2,2,13
,2015_57311,39.74008,-104.898636,1/24/2015 19:56,19:56,3,0,0,SYRACUSE 1500 BLK N & COLFAX AVE E,1,3,0,0,1,2,,,30,0,0,0,0,0,2,2,5
,2015_57312,39.740084,-104.891709,4/12/2015 21:11,21:11,1,0,0,COLFAX AVE E & VALENTIA ST N,1,3,0,0,1,1,,,35,0,0,0,0,0,2,2,8
,2015_57344,39.783471,-105.039377,2/18/2015 6:12,6:12,5,0,0,I-70 & PERRY ST N (NOT IN CORIS),1,2,0,0,1,4,,,55,0,0,0,0,0,1,2,14
,2015_57345,39.783138,-105.006328,4/30/2015 12:55,12:55,15,0,0,I-70 & PECOS ST N,1,1,1,0,1,4,,,55,0,0,0,0,0,1,2,13
,2015_57346,39.779936,-104.98866,7/2/2015 17:04,17:04,12,0,0,I-70 WB ON RAMP FROM NB & I-25,1,1,1,0,1,8,,,45,0,0,0,0,0,1,2,13
,2015_57347,39.779895,-104.967089,6/13/2015 6:35,6:35,15,0,0,BRIGHTON BLVD N & I-70,1,1,0,0,1,4,,,55,0,0,0,0,0,1,2,14
,2015_57348,39.779764,-104.930016,5/30/2015 16:43,16:43,15,0,0,I-70 & DAHLIA ST N,1,1,0,0,1,4,,,55,0,0,0,0,0,1,3,13
,2015_57349,39.779174,-104.926966,5/23/2015 2:10,2:10,5,0,0,I-70 & GLENCOE ST N,2,3,0,0,2,4,,,55,0,0,0,0,1,1,1,5
,2015_57350,39.778731,-104.92468,6/8/2015 8:30,8:30,12,0,0,I-70 & GRAPE ST N (NOT IN CORIS),1,1,0,0,1,4,,,55,0,0,0,0,0,1,2,13
,2015_57351,39.780031,-104.93177,12/28/2015 16:36,16:36,12,0,0,I-70 & DAHLIA ST N,1,1,0,0,1,4,,,55,0,0,0,0,0,1,2,13
,2015_57352,39.777095,-104.882471,8/20/2015 7:43,7:43,9,0,0,CENTRAL PARK BLVD N & I-70 EB RAMPS,1,1,0,0,1,3,,,35,0,0,0,0,0,1,1,1
,2015_57353,39.776699,-104.878163,1/13/2015 1:25,1:25,12,0,0,I-70 & CENTRAL PARK BLVD N,2,4,0,2,1,4,,,55,0,0,0,0,0,1,2,5
,2015_57354,39.775654,-104.866133,7/5/2015 9:04,9:04,5,0,0,I-70 & QUEBEC ST N,1,1,0,0,1,4,,,55,0,0,0,0,0,1,1,13
,2015_57355,39.775623,-104.865778,3/18/2015 11:28,11:28,12,0,0,I-70 & HAVANA ST N,1,1,1,0,1,4,,,55,0,0,0,0,0,1,2,13
,2015_57356,39.774021,-104.847216,11/14/2015 17:30,17:30,12,0,0,I-70 & PEORIA ST N,1,1,0,0,1,4,,,55,0,0,0,0,0,1,2,16
,2015_57380,39.698111,-104.902303,3/25/2015 17:52,17:52,1,0,0,PARKER RD & 1000 BLK S,1,1,0,0,1,2,,,40,0,0,0,0,0,2,2,13
,2015_57381,39.698614,-104.903604,5/23/2015 17:31,17:31,15,0,0,QUEBEC ST S & LEETSDALE DR,1,1,1,0,1,3,,,30,0,0,0,0,0,2,2,13
,2015_57382,39.69886,-104.90427,6/10/2015 8:45,8:45,12,0,0,LEETSDALE DR 7200 BLK & QUEBEC ST S,1,1,0,0,1,4,,,40,0,0,0,0,0,2,2,13
,2015_57402,39.725983,-105.025128,1/6/2015 23:00,23:00,3,0,0,FEDERAL BLVD N & 6TH AVE WB OFF RAMP,1,3,3,0,1,3,,,35,0,0,0,0,0,2,2,13
,2015_57403,39.724546,-105.025128,3/20/2015 16:30,16:30,12,0,0,FEDERAL BLVD N & 6TH AVE W,1,1,0,0,1,4,,,35,0,0,0,0,0,2,3,13
,2015_57404,39.724546,-105.025128,6/25/2015 7:25,7:25,15,0,0,5TH AVE W & FEDERAL BLVD N,1,1,0,0,1,1,,,35,0,0,0,0,0,2,2,1
,2015_57406,39.721198,-105.025193,6/24/2015 12:30,12:30,12,0,0,FEDERAL BLVD N & 3RD AVE W,1,1,0,0,1,4,,,35,0,0,0,0,0,2,2,3
,2015_57407,39.69705,-105.025062,3/24/2015 20:35,20:35,12,0,1,FEDERAL BLVD S & MISSISSIPPI AVE W,1,3,0,0,1,3,,,40,0,0,0,0,2,2,2,5
,2015_57408,39.696764,-105.025061,7/27/2015 20:15,20:15,3,0,0,FEDERAL BLVD S & MISSISSIPPI AVE W,1,3,0,0,1,1,,,40,0,0,0,0,0,2,2,13
,2015_57409,39.689552,-105.02506,2/20/2015 21:00,21:00,12,0,0,FEDERAL BLVD S & FLORIDA AVE S,4,3,0,2,1,1,,,40,0,0,0,0,0,2,2,1
,2015_57410,39.696607,-105.025062,8/5/2015 18:54,18:54,15,0,0,FEDERAL BLVD S & MISSISSIPPI AVE W,1,1,0,0,1,3,,,40,0,0,0,0,0,2,2,1
,2015_57411,39.68895,-105.025053,4/3/2015 11:45,11:45,3,0,0,FEDERAL BLVD S & FLORIDA AVE W,1,1,0,0,1,2,,,35,0,0,0,0,0,2,2,3
,2015_57425,39.662586,-105.05323,6/2/2015 17:45,17:45,2,0,1,SHERIDAN BLVD S & BATES AVE W,1,1,1,0,1,1,,,30,1,0,0,0,2,2,2,12
,2015_57426,39.689516,-105.053251,2/23/2015 20:05,20:05,1,0,0,FLORIDA AVE W & SHERIDAN BLVD S,6,3,0,0,1,1,,,30,0,0,0,0,0,2,2,13
,2015_57429,39.724098,-105.053261,8/15/2015 13:47,13:47,12,0,0,SHERIDAN BLVD N & 5TH AVE W,1,1,0,7,1,3,,,35,0,0,0,0,0,2,2,4
,2015_57433,39.763964,-105.053243,2/24/2015 6:45,6:45,10,0,0,SHERIDAN BLVD N & 33RD AVE W,5,1,0,0,1,1,,,35,0,0,0,0,0,2,2,13
,2015_57449,39.613261,-105.09116,3/15/2015 18:00,18:00,12,0,0,WADSWORTH BLVD S & LONG DR W,1,1,0,0,1,3,,,40,0,0,0,0,0,2,2,13
,2015_57450,39.617716,-105.091115,3/6/2015 18:10,18:10,12,0,2,WADSWORTH BLVD S & CRESTLINE AVE W,1,3,0,0,1,3,,,45,0,0,0,0,2,2,4,12
,2015_57451,39.629865,-105.087057,1/23/2015 11:40,11:40,12,0,0,WADSWORTH BLVD 4700 BLK S & LAYTON AVE W,1,1,0,0,1,4,,,45,0,0,0,0,0,2,2,10
,2015_57453,39.629865,-105.087057,12/18/2015 15:55,15:55,12,0,0,WADSWORTH BLVD S & LAYTON AVE W,4,1,0,0,1,1,,,40,0,0,0,0,0,2,2,13
,2015_57487,39.635523,-104.89346,6/4/2015 14:15,14:15,12,0,0,I-225 & TAMARAC ST S,1,1,0,0,1,4,,,55,0,0,0,0,0,1,2,13
,2015_57488,39.637631,-104.888477,1/9/2015 14:25,14:25,12,0,0,I-225 & YOSEMITE ST S,1,1,0,0,1,4,,,65,0,0,0,0,0,1,2,7
,2015_57496,39.778382,-104.896877,8/13/2015 14:24,14:24,12,0,0,I-270 EB DIRECT CONNECT & I-70,1,1,1,0,1,4,,,55,0,0,0,0,0,1,2,13
,2015_57505,39.652997,-104.9226,4/7/2015 12:08,12:08,12,0,0,HAMPDEN AVE 5600 BLK E & HOLLY ST S,1,1,1,0,1,3,,,35,0,0,0,0,1,2,2,14
,2015_57506,39.760318,-105.025143,3/24/2015 7:35,7:35,3,0,0,FEDERAL BLVD N & SPEER BLVD N,1,1,0,0,1,1,,,35,0,0,0,0,1,2,2,14
,2015_57507,39.769244,-105.025232,3/6/2015 14:57,14:57,15,0,0,FEDERAL BLVD & 3800 BLK N,1,1,1,0,1,4,,,35,0,0,0,0,1,2,2,13
,2015_57652,0,0,3/8/2015 4:10,4:10,5,0,0,QUEBEC ST & 200 BLK S,1,3,0,0,3,4,,,45,0,0,0,0,0,4,1,13
,2015_57661,0,0,5/24/2015 12:20,12:20,12,0,0,DOWNING ST S & EVANS AVE E,1,1,0,7,1,2,,,25,0,0,0,0,0,4,2,14
,2015_57681,0,0,1/1/2015 2:30,2:30,6,0,0,GLENCOE ST & 3003 S,4,3,1,0,1,4,,,25,0,0,0,0,0,4,2,13
,2015_57695,0,0,3/19/2015 8:50,8:50,12,0,0,1ST AVE 7200 BLK E & QUEBEC ST N,2,1,0,1,1,4,,,30,0,0,0,0,0,4,2,16
,2015_57696,0,0,8/1/2015 8:56,8:56,15,0,0,2ND AVE E & BROADWAY ST N,1,1,0,7,1,1,,,30,0,0,0,0,0,4,2,8
,2015_57697,0,0,1/11/2015 19:53,19:53,6,0,1,8TH AVE & 800 BLK W,2,3,0,0,2,4,,,35,0,0,0,0,2,4,2,10
,2015_57698,0,0,7/29/2015 8:30,8:30,3,0,0,8TH AVE 300 BLK E & LOGAN ST N,1,1,0,7,1,1,,,,0,0,0,0,0,4,2,16
,2015_57699,0,0,1/7/2015 21:29,21:29,3,0,0,9TH AVE E & CLARKSON ST N,1,3,0,7,1,1,,,30,0,0,0,0,1,4,2,16
,2015_57700,0,0,11/20/2015 15:31,15:31,12,0,0,10TH AVE E & FEDERAL BLVD N,2,2,1,0,1,4,,,30,0,0,0,0,0,4,2,13
,2015_57701,0,0,2/19/2015 3:04,3:04,5,0,0,10TH AVE 3450 BLK W & KNOX CT N,1,3,0,0,3,4,,,30,0,0,0,0,0,4,1,5
,2015_57702,0,0,1/12/2015 17:19,17:19,3,0,0,11TH AVE E & PENNSYLVANIA ST N,1,3,0,7,1,1,,,25,0,0,0,0,0,4,2,8
,2015_57703,0,0,2/2/2015 8:55,8:55,3,0,0,12TH AVE E & CLERMONT ST N,5,1,0,7,1,1,,,25,0,0,0,0,0,4,2,7
,2015_57704,0,0,10/12/2015 17:00,17:00,10,0,0,14TH AVE E & BELLAIRE ST N,1,1,0,0,1,1,,,30,0,0,0,0,0,4,2,8
,2015_57705,0,0,2/13/2015 13:27,13:27,10,0,0,14TH AVE E & KEARNEY ST N,1,1,0,0,1,1,,,30,0,0,0,0,0,4,2,1
,2015_57706,0,0,2/4/2015 7:23,7:23,8,0,0,17TH AVE E & ST PAUL ST,5,1,0,2,6,4,,,30,0,0,0,0,1,4,2,14
,2015_57707,0,0,4/21/2015 20:50,20:50,12,0,0,17TH AVE W & PERRY ST N,1,3,0,7,1,1,,,30,0,0,0,0,0,4,2,7
,2015_57708,0,0,3/28/2015 5:09,5:09,12,0,0,17TH AVE E & SYRACUSE ST N,1,3,0,7,1,1,,,30,0,0,0,0,1,4,2,16
,2015_57709,0,0,8/16/2015 11:45,11:45,6,0,0,18TH AVE & 700 BLK E,1,1,0,0,1,4,,,30,0,0,0,0,0,4,2,13
,2015_57710,0,0,7/7/2015 23:20,23:20,3,0,0,23RD AVE E & MONACO PKWY N,1,3,0,7,1,1,,,30,0,0,0,0,0,4,2,2
,2015_57711,0,0,11/26/2015 8:00,8:00,9,0,0,29TH AVE & 2400 BLK W,11,1,0,2,1,4,,,25,0,0,0,0,0,4,1,14
,2015_57712,0,0,1/6/2015 7:01,7:01,14,0,0,23RD AVE 2804 E & YORK ST N,5,1,1,0,1,4,,,25,0,0,0,0,0,4,2,13
,2015_57713,0,0,2/24/2015 16:04,16:04,13,0,1,53RD AVE E & CHAMBERS RD N,1,1,1,0,1,1,,,,0,0,0,0,2,4,2,13
,2015_57714,0,0,5/12/2015 19:45,19:45,15,0,0,32ND AVE W & LOWELL BLVD N,1,2,0,0,1,1,,,30,0,0,0,0,0,4,3,5
,2015_57715,0,0,2/25/2015 16:02,16:02,3,0,0,35TH AVE 7000 BLK & PONTIAC ST N,6,1,0,2,1,1,,,30,0,0,0,0,0,4,2,7
,2015_57716,0,0,6/25/2015 21:21,21:21,5,0,1,35TH AVE 4700 BLK W & WOLFF ST N,1,3,0,7,2,4,,,25,0,0,0,0,2,4,1,1
,2015_57717,0,0,9/19/2015 22:06,22:06,6,0,0,45TH AVE W & LOWELL BLVD N,1,4,0,7,1,4,,,25,0,0,0,0,0,4,2,16
,2015_57718,0,0,4/8/2015 17:25,17:25,3,0,0,37TH AVE E & MARION ST N,1,1,0,7,1,1,,,15,0,0,0,0,1,4,2,7
,2015_57719,0,0,6/3/2015 13:26,13:26,12,0,0,38TH AVE & 3500 BLK W,1,1,1,0,1,4,,,30,0,0,0,0,1,4,2,13
,2015_57720,0,0,2/5/2015 17:25,17:25,15,0,0,45TH AVE 12000 E & PEORIA ST N,1,3,0,0,1,4,,,35,0,0,0,0,0,4,2,13
,2015_57721,0,0,6/25/2015 9:10,9:10,1,0,0,47TH AVE E & PARIS ST,1,1,0,0,1,1,,,30,0,0,0,0,0,4,2,13