id,drcog_id,latitude,longitude,crashtime,time,crashtype,numbkilled,numbinjurd,drcoglocat,rdconditin,lightngcon,roadcntgrd,weatherco,location,roaddescrp,schoolzone,constrzone,splimit,bikeinv,pedinv,sctrinv,motoinv,svrty,rdsystem,ttlvehcls,hcf
,2015_57722,0,0,4/22/2015 20:41,20:41,6,0,0,55TH AVE 12530 E & REVERE ST N,1,3,0,7,1,4,,,25,0,0,0,0,0,4,3,2
,2015_57723,0,0,2/11/2015 8:09,8:09,12,0,0,ALAMEDA AVE 9700 BLK E & DAYTON ST S,2,1,0,7,1,3,,,40,0,0,0,0,0,4,3,16
,2015_57724,0,0,3/18/2015 8:20,8:20,12,0,0,ALAMEDA AVE 5200 BLK E & FOREST ST S,1,1,0,7,1,3,,,35,0,0,0,0,0,4,2,16
,2015_57725,0,0,8/4/2015 16:39,16:39,1,0,0,ALAMEDA AVE E & LAFAYETTE ST S,1,1,0,7,1,1,,,30,0,0,0,0,0,4,2,16
,2015_57727,0,0,4/29/2015 17:50,17:50,12,0,0,ALAMEDA AVE E & QUEBEC ST S,1,1,0,7,1,4,,,35,0,0,0,0,0,4,2,3
,2015_57728,0,0,7/7/2015 16:17,16:17,3,0,0,ALAMEDA AVE E & SHERMAN ST S,1,1,0,1,1,1,,,30,0,0,0,0,1,4,2,16
,2015_57729,0,0,1/20/2015 22:00,22:00,6,0,0,30TH ST 1200 BLK & LAWRENCE ST,1,4,1,7,1,4,,,25,0,0,0,0,0,4,2,16
,2015_57730,0,0,1/7/2015 6:55,6:55,5,0,0,AURARIA PKWY & 12TH ST,5,2,0,2,2,1,,,35,0,0,0,0,0,4,1,14
,2015_57731,0,0,3/10/2015 19:09,19:09,3,0,0,BAYAUD AVE 3500 BLK E & MONROE ST S,2,2,0,7,1,5,,,15,0,0,0,0,0,4,2,16
,2015_57732,0,0,1/6/2015 17:45,17:45,12,0,0,BLAKE ST & 17TH ST,5,3,0,0,1,1,,,25,0,0,0,0,0,4,2,13
,2015_57733,0,0,1/21/2015 14:15,14:15,15,0,0,BLAKE ST 3100 BLK & 31ST ST,2,1,0,2,1,3,,,30,0,0,0,0,0,4,2,16
,2015_57734,0,0,1/30/2015 20:05,20:05,15,0,0,BOLLING DR 15000 BLK E & FREEPORT WAY N,1,3,0,0,1,4,,,25,0,0,0,0,0,4,2,13
,2015_57735,0,0,5/27/2015 11:42,11:42,1,0,1,BRIGHTON BLVD 4100 BLK N & 40TH ST,1,1,0,0,1,2,,,35,0,0,0,1,3,4,2,13
,2015_57736,0,0,6/19/2015 15:44,15:44,15,0,0,BRIGHTON BLVD 4400 BLK & 44TH ST,1,1,1,7,1,4,,,35,0,0,0,0,0,4,2,16
,2015_57737,0,0,4/11/2015 12:06,12:06,10,0,0,BROADWAY ST 200 BLK S & 2ND AVE E,1,1,0,0,1,2,,,30,0,0,0,0,0,4,2,13
,2015_57738,0,0,9/3/2015 17:05,17:05,3,0,0,CEDAR AVE W & PERRY ST S,2,1,0,1,1,1,,,25,0,0,0,0,0,4,3,13
,2015_57739,0,0,5/15/2015 13:32,13:32,12,0,0,BROADWAY 2400 N & LAWRENCE ST,1,1,0,7,1,4,,,30,0,0,0,0,0,4,2,16
,2015_57740,0,0,5/13/2015 7:10,7:10,12,0,0,BROADWAY ST 2600 BLK S & YALE AVE W,1,1,0,0,1,4,,,30,0,0,0,0,0,4,2,13
,2015_57741,0,0,1/7/2015 7:10,7:10,3,0,0,BUCHTEL BLVD E & CLAYTON ST S,5,1,0,0,1,1,,,25,0,0,0,0,0,4,2,7
,2015_57742,0,0,8/7/2015 1:06,1:06,3,0,1,CHAMBERS RD 5530 BLK N & MAXWELL PL E,1,3,0,7,1,1,,,40,0,0,0,0,2,4,2,5
,2015_57743,0,0,7/28/2015 23:50,23:50,11,0,1,CENTRAL PARK BLVD N & MONTVIEW BLVD E,1,3,0,0,1,1,,,40,0,1,0,0,2,4,2,14
,2015_57744,0,0,2/24/2015 2:24,2:24,3,0,0,COLO AVE 100 BLK E & LINCOLN ST S,5,1,1,0,1,5,,,25,0,0,0,0,1,4,3,13
,2015_57745,0,0,2/17/2015 7:19,7:19,15,0,0,COURT PL 2300 BLK & PARK AVE W,5,1,1,0,1,4,,,25,0,0,0,0,0,4,2,2
,2015_57746,0,0,1/4/2015 10:30,10:30,12,0,0,N CROWN BLVD & ALBROOK DR E,5,1,1,2,1,1,,,30,0,0,0,0,0,4,2,16
,2015_57747,0,0,1/28/2015 11:15,11:15,11,0,1,CROWN BLVD N & ALBROOK DR E,1,1,1,1,1,1,,,25,0,1,0,0,2,4,2,13
,2015_57748,0,0,10/16/2015 21:17,21:17,6,0,0,CLEVELAND PL 2300 BLK & PARK AVE,1,3,0,7,1,4,,,30,0,0,0,0,0,4,2,16
,2015_57749,0,0,1/7/2015 15:15,15:15,3,0,0,DARTMOUTH AVE W & ZENOBIA ST S,1,1,0,0,1,1,,,30,0,0,0,0,0,4,2,1
,2015_57750,0,0,12/23/2015 15:30,15:30,6,0,0,DECATUR ST & 2700 BLK N,1,1,1,7,1,4,,,25,0,0,0,0,0,4,2,16
,2015_57751,0,0,4/24/2015 15:30,15:30,12,0,0,DEXTER ST S & KENTUCKY AVE E,1,1,0,7,1,3,,,25,0,0,0,0,0,4,2,16
,2015_57752,0,0,6/11/2015 16:31,16:31,12,0,0,DICK CONNOR AVE & 2900 BLK,2,1,1,1,1,2,,,20,0,0,0,0,0,4,2,13
,2015_57753,0,0,8/21/2015 19:00,19:00,3,0,0,DOWNING ST N & PARK AVE,1,2,0,0,1,1,,,30,0,0,0,0,0,4,2,13
,2015_57754,0,0,11/30/2015 18:07,18:07,12,0,0,EVANS AVE & 7000 BLK E,1,3,0,0,1,4,,,35,0,0,0,0,0,4,2,14
,2015_57755,0,0,2/6/2015 22:40,22:40,2,0,1,EVANS AVE E & DOWNING ST S,1,3,0,0,1,1,,,35,1,0,0,0,3,4,2,14
,2015_57756,0,0,4/28/2015 9:45,9:45,15,0,0,EVANS AVE 1600 BLK E & FRANKLIN ST S,1,1,0,7,1,3,,,35,0,0,0,0,0,4,2,16
,2015_57757,0,0,4/3/2015 14:11,14:11,12,0,0,EVANS AVE E & GAYLORD ST S,1,1,0,7,1,4,,,30,0,0,0,0,0,4,2,3
,2015_57758,0,0,6/9/2015 8:10,8:10,12,0,0,EVANS AVE 5800 BLK E & JASMINE ST,1,1,2,7,1,4,,,35,0,0,0,0,0,4,2,3
,2015_57759,0,0,7/10/2015 14:42,14:42,12,0,0,EVANS AVE E & MONACO ST S,1,1,0,7,1,4,,,35,0,0,0,0,0,4,2,3
,2015_57760,0,0,11/28/2015 0:35,0:35,1,0,1,EVANS AVE E & WILLIAMS ST S,10,3,0,2,1,1,,,35,0,0,0,0,2,4,2,5
,2015_57761,0,0,3/27/2015 19:08,19:08,12,0,0,EVANS AVE W & PLATTE RIVER DR S,1,2,0,7,1,4,,,35,0,0,0,0,0,4,2,12
,2015_57762,0,0,4/29/2015 0:17,0:17,5,0,0,ST PAUL CT N & 47TH AVE E,1,3,0,0,1,4,,,25,0,0,0,0,0,4,1,5
,2015_57763,0,0,4/10/2015 20:38,20:38,6,0,0,JASON ST 960 S & TENNESSEE AVE,1,3,0,7,5,2,,,30,0,0,0,0,0,3,2,7
,2015_57764,0,0,3/29/2015 14:55,14:55,5,0,0,FLORIDA AVE & 4751 BLK E,1,1,0,0,3,1,,,30,0,0,0,0,0,4,1,13
,2015_57765,0,0,2/14/2015 8:40,8:40,1,0,0,FLORIDA AVE W & FEDERAL BLVD S,1,1,0,7,1,2,,,35,0,0,0,0,0,4,2,7
,2015_57766,0,0,6/22/2015 19:50,19:50,6,0,0,FLORIDA AVE E & QUEBEC ST S,1,1,0,0,1,4,,,30,0,0,0,0,0,4,2,7
,2015_57767,0,0,7/29/2015 17:00,17:00,6,0,0,FRANKLIN ST S & DAKOTA AVE E,1,1,0,7,1,4,,,25,0,0,0,0,0,4,2,16
,2015_57768,0,0,4/24/2015 7:43,7:43,3,0,0,GENOA ST N & SCOTT PL E,1,1,0,7,1,1,,,25,0,0,0,0,1,4,2,16
,2015_57769,0,0,7/8/2015 13:30,13:30,15,0,0,GRANT ST 1000 BLK N & 11TH AVE E,2,1,0,1,1,4,,,30,0,0,0,0,0,4,2,13
,2015_57770,0,0,7/9/2015 18:45,18:45,3,0,0,GVR BLVD E & JEBEL ST N,1,1,0,7,1,1,,,25,0,0,0,0,0,4,2,16
,2015_57771,0,0,6/25/2015 12:40,12:40,3,0,0,HALE PKWY E & ELM ST N,1,1,0,7,1,1,,,25,0,0,0,0,0,4,2,16
,2015_57772,0,0,2/5/2015 16:41,16:41,6,0,0,HARRISON LN 500 BLK S & 505 S HARRISON LN,1,1,1,7,1,4,,,25,0,0,0,0,0,4,2,14
,2015_57773,0,0,2/4/2015 1:35,1:35,5,0,0,HAVANA ST 4000 BLK N & 40TH AVE E,1,3,0,0,2,4,,,45,0,0,0,0,0,4,1,5
,2015_57774,0,0,3/4/2015 17:52,17:52,12,0,0,HOLLY ST 2100 BLK S & EVANS AVE E,1,3,0,7,1,3,,,30,0,0,0,0,0,4,4,14
,2015_57775,0,0,7/9/2015 18:45,18:45,6,0,0,HOOKER ST S & ALAMEDA AVE W,2,2,0,1,1,4,,,25,0,0,0,0,0,4,2,1
,2015_57776,0,0,8/20/2015 7:20,7:20,14,0,0,IVANHOE ST & 2200 BLK N,1,1,0,0,1,4,,,25,0,0,0,0,0,4,2,13
,2015_57777,0,0,7/12/2015 11:36,11:36,6,0,0,IOWA AVE E & PEARL ST S,1,1,0,7,1,4,,,25,0,0,0,0,0,4,2,16
,2015_57778,0,0,1/22/2015 9:00,9:00,6,0,0,IRVING ST & 200 BLK,5,1,1,0,1,4,,,30,0,0,0,0,0,4,2,13
,2015_57779,0,0,1/21/2015 17:55,17:55,12,0,0,JEWELL AVE W & JULIAN ST S,5,3,0,2,1,4,,,30,0,0,0,0,1,4,3,1
,2015_57780,0,0,1/9/2015 21:00,21:00,5,0,1,KALAMATH ST & 178 S,1,3,0,0,2,4,,,35,0,0,0,0,2,4,2,1
,2015_57781,0,0,7/8/2015 23:40,23:40,6,0,0,JOSEPHINE ST 700 BLK N & 8TH AVE E,1,3,1,0,1,4,,,30,0,0,0,0,0,4,2,13
,2015_57782,0,0,3/9/2015 12:10,12:10,3,0,1,KALAMATH ST 2200 BLK S & WARREN AVE W,1,1,0,0,1,2,,,30,0,0,0,0,3,4,2,13
,2015_57783,0,0,2/4/2015 7:45,7:45,12,0,0,KITTREDGE ST N & 40TH AVE E,4,1,0,2,1,1,,,25,0,0,0,0,0,4,2,14
,2015_57784,0,0,11/15/2015 13:19,13:19,6,0,0,LIPAN ST & 4100 BLK N,1,1,0,7,1,4,,,30,0,0,0,0,0,4,3,5
,2015_57785,0,0,6/3/2015 8:05,8:05,3,0,0,LOUISIANA AVE W & PERRY ST S,1,1,0,7,1,1,,,25,0,0,0,0,0,4,2,1
,2015_57786,0,0,8/11/2015 2:09,2:09,5,0,1,LOWRY BLVD E & FAIRMOUNT DR E,1,3,0,7,3,6,,,35,0,0,0,1,3,4,1,5
,2015_57787,0,0,3/23/2015 10:20,10:20,15,0,0,LOWRY BLVD E & RAMPART WAY N,1,1,0,0,1,6,,,15,0,0,0,0,0,4,2,13
,2015_57788,0,0,3/9/2015 1:45,1:45,8,0,0,LOWRY BLVD E & N UINTA WAY,1,3,0,7,1,6,,,30,0,0,0,0,0,4,2,1
,2015_57789,0,0,1/5/2015 13:03,13:03,3,0,0,S MADISON ST & E HARVARD AV,4,1,0,7,1,1,,,25,0,0,0,0,0,4,2,1
,2015_57790,0,0,4/21/2015 15:13,15:13,3,0,0,MISSISSIPPI AVE E & BROADWAY ST S,1,1,1,7,1,1,,,35,0,0,0,0,0,4,2,16
,2015_57791,0,0,2/5/2015 10:00,10:00,14,0,0,MONTVIEW BLVD & 6400 BLK,1,1,0,0,1,4,,,30,0,0,0,0,0,4,2,7
,2015_57792,0,0,2/16/2015 8:00,8:00,5,0,0,NAVAJO ST N & 34TH AVE W,5,1,0,2,2,3,,,25,0,0,0,0,0,4,1,16
,2015_57793,0,0,8/29/2015 14:00,14:00,6,0,0,MONROE ST 300 BLK S & CHERRY CREEK DR N E,1,1,0,0,1,4,,,25,0,0,0,0,0,4,2,13
,2015_57794,0,0,6/9/2015 2:10,2:10,6,0,0,OLIVE ST S & WESLEY AVE E,1,3,0,7,3,1,,,25,0,0,0,0,0,4,2,5
,2015_57795,0,0,10/6/2015 15:52,15:52,12,0,0,MONTVIEW BLVD E & ROSLYN ST N,2,1,0,1,1,4,,,30,0,0,0,0,0,4,2,13
,2015_57796,0,0,7/23/2015 17:18,17:18,2,0,1,PARK AVE W & CHAMPA ST,1,1,0,0,1,1,,,30,1,0,0,0,3,4,2,1
,2015_57797,0,0,3/12/2015 16:51,16:51,12,0,0,PEARL ST 1600 BLK N & 16TH AVE E,1,1,0,0,1,4,,,30,0,0,0,0,0,4,2,13
,2015_57798,0,0,5/1/2015 12:21,12:21,6,0,0,PEARL ST 200 BLK S & ALAMEDA AVE W,1,1,0,7,1,4,,,25,0,0,0,0,0,4,2,3
,2015_57799,0,0,2/16/2015 15:22,15:22,3,0,0,PEARL ST S & ARKANSAS AVE E,2,1,0,2,1,1,,,30,0,0,0,0,0,4,2,1
,2015_57800,0,0,3/22/2015 12:44,12:44,12,0,1,PENA BLVD 4800 BLK & GVR BLVD E,1,1,0,0,1,4,,,15,0,0,0,0,2,4,2,8
,2015_57801,0,0,3/22/2015 23:40,23:40,12,0,0,PENA BLVD & GVR BLVD,1,3,0,7,1,4,,,65,0,0,0,0,0,4,2,1
,2015_57802,0,0,5/25/2015 14:39,14:39,12,0,0,PLATTE ST & 1400 BLK,1,1,1,0,1,4,,,30,0,0,0,0,0,4,2,4
,2015_57803,0,0,1/29/2015 7:00,7:00,5,0,1,PLATTE RIVER DR 1400 BLK S & FLORIDA AVE W,1,1,0,7,3,4,,,35,0,0,0,0,2,4,1,3
,2015_57804,0,0,7/23/2015 21:49,21:49,6,0,0,PLATTE ST 1600 BLK & 17TH ST,1,3,0,7,1,4,,,30,0,0,0,1,0,4,2,16
,2015_57805,0,0,7/6/2015 9:40,9:40,12,0,0,QUEBEC ST & 350 BLK N,2,1,0,1,1,4,,,45,0,0,0,0,0,4,2,7
,2015_57806,0,0,4/16/2015 16:00,16:00,12,0,1,QUEBEC ST N & 33RD AVE E,2,1,0,2,1,4,,,35,0,0,0,0,2,4,2,16
,2015_57807,0,0,8/13/2015 9:15,9:15,15,0,0,QUEBEC ST N & MLK BLVD E,1,1,0,7,1,1,,,30,0,0,0,0,0,4,2,16
,2015_57808,0,0,8/7/2015 9:10,9:10,12,0,0,MONTVIEW BLVD E & QUEBEC ST N,1,1,0,0,1,4,,,30,0,0,0,0,0,4,2,12
,2015_57809,0,0,10/7/2015 17:20,17:20,6,0,0,RACE ST 1700 BLK N & 17TH AVE E,1,1,0,7,1,2,,,30,0,0,0,0,0,4,2,16
,2015_57810,0,0,6/19/2015 17:23,17:23,15,0,0,QUEBEC ST 3900 BLK N & SMITH RD E,1,1,1,7,1,4,,,35,0,0,0,0,0,4,2,16
,2015_57811,0,0,7/17/2015 22:26,22:26,2,0,0,15TH ST & WAZEE ST,1,3,0,0,1,1,,,25,1,0,0,0,0,4,2,14
,2015_57812,0,0,7/28/2015 14:00,14:00,15,0,0,15TH ST 1600 BLK & WAZEE ST,1,1,0,7,1,4,,,25,0,0,0,0,0,4,2,16
,2015_57813,0,0,8/1/2015 23:08,23:08,11,0,0,18TH ST & WYNKOOP ST,1,3,0,0,1,1,,,30,0,1,0,0,1,4,2,14
,2015_57814,0,0,1/9/2015 8:50,8:50,10,0,0,19TH ST & 1400 BLK,2,1,0,0,1,5,,,25,0,0,0,0,0,4,2,13
,2015_57815,0,0,9/3/2015 17:00,17:00,2,0,1,15TH ST & CHAMPA ST,1,1,0,0,1,1,,,25,1,0,0,0,2,4,2,1
,2015_57816,0,0,5/22/2015 17:27,17:27,15,0,0,20TH ST & LARIMER ST,1,1,0,0,1,1,,,25,0,0,0,0,0,4,3,13
,2015_57817,0,0,2/23/2015 10:42,10:42,5,0,0,SPEER BLVD 1000 BLK N & 11TH AVE,5,1,0,1,3,4,,,35,0,0,0,0,0,4,1,14
,2015_57818,0,0,7/5/2015 7:05,7:05,12,0,0,20TH ST & LITTLE RAVEN ST,1,3,1,7,1,3,,,30,0,0,0,0,0,4,2,16
,2015_57819,0,0,6/10/2015 19:21,19:21,3,0,0,21ST ST & WELTON ST,1,1,0,0,1,1,,,30,0,0,0,0,0,4,2,14
,2015_57820,0,0,2/21/2015 23:20,23:20,10,0,0,SANTA FE DR S & CEDAR AVE S,5,3,1,2,1,3,,,30,0,0,0,0,0,4,2,13
,2015_57821,0,0,2/12/2015 12:45,12:45,6,0,0,SHERMAN ST & 800 BLK N,1,1,1,0,1,4,,,30,0,0,0,0,0,4,2,1
,2015_57822,0,0,4/16/2015 7:10,7:10,3,0,0,SPEER BLVD & LAWRENCE ST,4,1,0,2,1,1,,,35,0,0,0,0,0,4,2,16
,2015_57823,0,0,5/3/2015 16:22,16:22,12,0,0,SPEER BLVD E & LINCOLN ST N,1,1,0,0,1,1,,,35,0,0,0,0,0,4,2,13
,2015_57824,0,0,6/25/2015 16:00,16:00,12,0,0,SPEER BLVD E & LOGAN ST N,1,1,0,0,1,1,,,35,0,0,0,0,0,4,2,13
,2015_57825,0,0,4/23/2015 19:47,19:47,12,0,0,SPEER BLVD N & I-25 NB ON SLIP RAMP,1,1,0,0,1,4,,,35,0,0,0,0,0,4,2,13
,2015_57826,0,0,1/26/2015 19:18,19:18,12,0,0,TAMARAC DR S & LEHIGH DR E,1,3,0,7,1,1,,,30,0,0,0,0,0,4,2,1
,2015_57827,0,0,5/31/2015 2:00,2:00,5,0,0,UNIVERSITY BLVD N & 1ST AVE E,1,3,0,7,2,4,,,30,0,0,0,0,0,4,1,2
,2015_57828,0,0,5/18/2015 8:28,8:28,14,0,0,UNIVERSITY BLVD 2300 BLK S & ILIFF AVE E,2,1,1,1,1,4,,,30,0,0,0,0,0,4,2,1
,2015_57829,0,0,3/4/2015 9:37,9:37,6,0,0,UTICA ST 500 BLK S & VIRGINIA AVE W,5,1,1,2,1,4,,,20,0,0,0,0,0,4,2,16
,2015_57830,0,0,7/11/2015 16:24,16:24,6,0,0,VERBENA ST 1100 BLK N & RICHOFTEN PL E,1,1,0,7,1,4,,,25,0,0,0,0,0,4,2,7
,2015_57831,0,0,8/13/2015 17:50,17:50,12,0,0,YALE AVE W & S RALEIGH ST,1,1,0,7,1,1,,,35,0,0,0,0,0,4,2,16
,2015_57832,0,0,7/29/2015 21:00,21:00,3,0,0,YOSEMITE ST S & NASSAU AVE E,1,3,0,0,1,1,,,25,0,0,0,0,0,4,2,1
,2015_57833,0,0,6/3/2015 20:20,20:20,5,0,0,ZENOBIA ST 1505 S & SHERIDAN BLVD S,1,2,0,7,3,4,,,30,0,0,0,0,0,4,1,16
,2015_57834,0,0,2/23/2015 10:15,10:15,3,0,0,ZEPHYR ST S & QUINCY AVE E,5,1,0,0,1,1,,,25,0,0,0,0,0,4,2,13
,2015_57835,0,0,4/11/2015 9:55,9:55,6,0,0,ZUNI ST 3200 BLK N & 32ND AVE W,1,1,0,7,1,4,,,25,0,0,0,0,0,4,2,14
,2015_57960,39.679658,-104.940637,3/17/2015 20:04,20:04,12,0,0,COLORADO BLVD 2000 BLK S & COLORADO CENTER DR E,1,3,0,0,1,4,,,35,0,0,0,0,0,2,3,13
,2015_57961,39.682488,-104.940401,7/2/2015 22:35,22:35,15,0,0,COLORADO BLVD S & I-25 SB ON LOOP RAMP ENT PT,1,3,0,0,1,4,,,35,0,0,0,0,0,2,2,13
,2015_57962,39.706129,-104.940624,3/20/2015 9:55,9:55,15,0,0,CHERRY CREEK S DR & COLORADO BLVD S,1,1,0,0,1,4,,,30,0,0,0,0,0,2,2,3
,2015_57963,39.709313,-104.940626,7/12/2015 20:50,20:50,1,0,0,COLORADO BLVD S & DAKOTA AVE E,1,2,0,0,1,1,,,35,0,0,0,0,1,2,2,13
,2015_57964,39.71149,-104.940627,7/18/2015 2:20,2:20,3,0,1,COLORADO BLVD S & ALAMEDA AVE E,1,3,0,0,1,1,,,35,0,0,0,0,2,2,3,5
,2015_57965,39.668826,-104.940615,2/6/2015 14:36,14:36,15,0,0,COLORADO BLVD 2600 BLK S & YALE AVE E,1,1,0,0,1,4,,,40,0,0,0,0,0,2,2,3
,2015_57966,39.720767,-104.940629,5/17/2015 11:56,11:56,12,0,0,COLORADO BLVD 200 BLK N & 3RD AVE E,1,1,0,0,1,4,,,35,0,0,0,0,1,2,3,13
,2015_57967,39.725476,-104.940629,1/12/2015 15:04,15:04,1,0,0,COLORADO BLVD N & 6TH AVE E,1,1,0,0,1,1,,,35,0,0,0,0,0,2,2,13
,2015_57968,39.734629,-104.940618,1/31/2015 19:43,19:43,15,0,0,COLORADO BLVD 1100 BLK N & 12TH AVE E,1,3,0,0,1,4,,,30,0,0,0,0,0,2,2,5
,2015_57969,39.75101,-104.940599,3/5/2015 9:49,9:49,3,0,0,23RD AVE E & COLORADO BLVD N,1,1,1,0,1,1,,,35,0,0,0,0,1,2,3,14
,2015_57970,39.758322,-104.940525,2/23/2015 18:37,18:37,11,0,1,29TH AVE E & COLORADO BLVD N,2,3,0,0,1,1,,,30,0,1,0,0,3,2,2,13
,2015_57971,0,0,8/14/2015 0:15,0:15,6,0,0,STEELE ST & 1300 BLK S,1,3,0,7,1,4,,,30,0,0,0,0,0,4,2,2
,2015_57980,39.725549,-105.035093,8/9/2015 12:20,12:20,15,0,0,6TH AVE W & LOWELL BLVD N,1,1,0,0,1,4,,,55,0,0,0,0,0,2,2,1
,2015_57981,39.725423,-105.029848,7/4/2015 20:14,20:14,5,0,0,6TH AVE W & FEDERAL BLVD N,1,3,0,0,2,4,,,55,0,0,0,0,1,2,1,15
,2015_57982,39.72542,-105.025548,12/8/2015 12:20,12:20,12,0,0,6TH AVE EB OFF RAMP & FEDERAL BLVD N,1,1,0,0,1,8,,,35,0,0,0,0,0,2,2,13
,2015_57983,39.781326,-104.949713,6/5/2015 7:40,7:40,12,0,0,STEELE ST 4600 BLK N & 46TH AVE E,1,1,0,0,1,3,,,35,0,0,0,0,0,2,2,12
,2015_57984,39.781462,-104.949708,2/9/2015 9:45,9:45,15,0,0,VASQUEZ BLVD N & STEELE ST N,1,1,0,0,1,1,,,35,0,0,0,0,0,2,2,13
,2015_57985,39.781598,-104.94969,1/13/2015 6:06,6:06,12,0,0,VASQUEZ BLVD 4700 BLK N & STEELE ST N,1,3,0,0,1,3,,,35,0,0,0,0,0,2,2,1
,2015_57986,39.787539,-104.944487,6/29/2015 18:42,18:42,15,0,0,50TH AVE E & VASQUEZ BLVD N,1,1,0,0,1,4,,,45,0,0,0,0,0,2,3,14
,2015_57987,0,0,4/11/2015 16:50,16:50,9,0,1,STEELE ST N & 45TH AVE E,1,1,0,0,1,1,,,25,0,0,0,1,2,4,1,13
,2015_58016,39.639348,-104.910338,12/17/2015 14:30,14:30,12,0,0,I-25 & I-225 NB EXIT GORE PT,1,1,0,0,1,4,,,65,0,0,0,0,0,1,2,13
,2015_58017,39.63548,-104.907554,5/29/2015 9:40,9:40,15,0,0,I-25 & I-225 FLYOVER,1,1,0,0,1,4,,,65,0,0,0,0,0,1,2,1
,2015_58018,39.648791,-104.915824,7/30/2015 10:45,10:45,12,0,0,I-25 & HAMPDEN AVE,1,1,0,0,1,4,,,65,0,0,0,0,0,1,2,3
,2015_58019,39.650016,-104.916529,3/14/2015 17:54,17:54,9,0,0,COLFAX AVE W & I-25 SB OFF RAMP 'D',1,1,0,0,3,1,,,35,0,0,0,0,0,1,1,13
,2015_58020,39.678363,-104.933558,7/27/2015 16:46,16:46,12,0,0,I-25 & EVANS AVE E,1,1,0,0,1,4,,,65,0,0,0,0,0,1,2,13
,2015_58021,39.678363,-104.933558,5/29/2015 14:46,14:46,15,0,0,EVANS AVE E & I-25 SB RAMPS,1,1,0,0,1,3,,,30,0,0,0,0,0,1,2,13
,2015_58022,39.707122,-104.996782,7/7/2015 17:07,17:07,12,0,0,I-25 & SANTA FE DR S,1,1,1,0,1,4,,,60,0,0,0,0,0,1,2,13
,2015_58023,39.707122,-104.996782,9/20/2015 17:41,17:41,15,0,0,I-25 & SANTA FE DR S,1,1,0,0,1,4,,,55,0,0,0,0,0,1,2,1
,2015_58024,39.707777,-104.997099,1/17/2015 9:10,9:10,12,0,0,I-25 & 6TH AVE W,1,1,0,0,1,4,,,55,0,0,0,0,1,1,4,14
,2015_58025,39.707777,-104.997099,3/21/2015 3:38,3:38,5,0,0,I-25 & SANTA FE DR SB EXIT GORE PT,1,3,1,0,3,4,,,60,0,0,0,0,0,1,1,2
,2015_58026,39.714922,-105.001188,5/22/2015 16:01,16:01,15,0,0,I-25 & BAYAUD AVE W (OFFSET REFERENCE),2,1,0,0,1,4,,,55,0,0,0,0,0,1,2,13
,2015_58027,39.718834,-105.00579,1/22/2015 11:31,11:31,15,0,1,I-25 & MM 208,2,1,0,0,1,4,,,55,0,0,0,0,2,1,2,13
,2015_58028,39.72543,-105.013021,12/21/2015 18:05,18:05,12,0,0,I-25 & 6TH AVE W,1,3,0,0,1,4,,,55,0,0,0,0,0,1,4,1
,2015_58029,39.729334,-105.014821,12/14/2015 17:40,17:40,12,0,0,I-25 & 8TH AVE W,1,3,0,0,1,4,,,55,0,0,0,0,0,1,2,16
,2015_58030,39.751291,-105.016572,11/15/2015 1:46,1:46,12,0,0,I-25 & 23RD AVE W,1,3,0,0,1,4,,,55,0,0,0,0,0,1,2,3
,2015_58031,39.745064,-105.017573,6/20/2015 18:57,18:57,12,0,0,I-25 SB ON RAMP & 23RD AVE W,1,1,1,0,1,8,,,45,0,0,0,0,1,1,2,13
,2015_58032,39.751291,-105.016572,11/8/2015 13:33,13:33,15,0,0,I-25 & 23RD AVE W,1,1,0,0,1,4,,,55,0,0,0,0,0,1,2,1
,2015_58033,39.751291,-105.016572,3/9/2015 15:35,15:35,12,0,0,23RD AVE W & I-25 SB RAMPS,1,1,0,0,1,1,,,30,0,0,0,0,0,1,2,3
,2015_58034,39.755141,-105.012706,7/24/2015 15:10,15:10,12,0,0,SPEER BLVD N & I-25 SB RAMPS,1,1,0,0,1,3,,,35,0,0,0,0,1,1,3,13
,2015_58035,39.755979,-105.011541,1/27/2015 9:03,9:03,12,0,0,I-25 & SPEER BLVD N,1,1,0,0,1,8,,,55,0,0,0,0,0,1,2,14
,2015_58036,39.760997,-105.004275,3/7/2015 13:12,13:12,12,0,0,I-25 & 20TH ST,1,1,0,0,1,4,,,55,0,0,0,0,0,1,2,1
,2015_58037,39.760997,-105.004275,7/1/2015 10:59,10:59,15,0,0,I-25 & 20TH ST,1,1,0,0,1,4,,,55,0,0,0,0,0,1,2,13
,2015_58038,39.771631,-104.990297,2/1/2015 1:45,1:45,15,0,0,I-25 & 20TH ST,6,3,0,2,1,4,,,55,0,0,0,0,0,1,2,13
,2015_58056,39.711227,-105.046166,1/22/2015 7:43,7:43,3,0,0,ALAMEDA AVE W & UTICA ST S,5,1,1,0,1,1,,,25,0,0,0,0,0,2,2,7
,2015_58057,39.711131,-105.032417,2/26/2015 15:42,15:42,12,0,0,ALAMEDA AVE W & MORRISON RD,5,1,0,2,1,3,,,35,0,0,0,0,0,2,2,13
,2015_58058,39.653091,-104.916934,2/28/2015 13:04,13:04,12,0,0,HAMPDEN AVE E & I-25 NB SLIP RAMPS,1,1,0,0,1,3,,,40,0,0,0,0,0,2,2,13
,2015_58059,39.65309,-104.916128,7/14/2015 18:06,18:06,12,0,0,HAMPDEN AVE 6300 BLK E & LOCUST ST S,1,1,0,0,1,2,,,40,0,0,0,0,0,2,2,13
,2015_58061,39.653092,-104.900827,6/16/2015 12:55,12:55,1,0,0,HAMPDEN AVE E & 7500 BLK E,1,1,0,0,1,2,,,40,0,0,0,0,1,2,2,1