id,drcog_id,latitude,longitude,crashtime,time,crashtype,numbkilled,numbinjurd,drcoglocat,rdconditin,lightngcon,roadcntgrd,weatherco,location,roaddescrp,schoolzone,constrzone,splimit,bikeinv,pedinv,sctrinv,motoinv,svrty,rdsystem,ttlvehcls,hcf
,2015_58062,39.653077,-104.898688,4/1/2015 18:23,18:23,15,0,0,HAMPDEN AVE E & TAMARAC DR S,1,1,0,0,1,4,,,35,0,0,0,0,0,2,2,3
,2015_58063,39.666393,-104.866163,8/3/2015 7:09,7:09,15,0,0,HAVANA ST 2700 BLK S & YALE AVE E,1,1,0,0,1,4,,,45,0,0,0,0,0,2,2,13
,2015_58072,39.78415,-104.899718,8/13/2015 20:00,20:00,15,0,0,QUEBEC ST 4800 BLK N & NORTHFIELD BLVD NB OF,1,1,0,0,1,4,,,40,0,0,0,0,0,2,2,1
,2015_58096,39.740322,-105.053272,6/19/2015 10:02,10:02,12,0,0,COLFAX AVE W & SHERIDAN BLVD,1,1,0,0,1,1,,,35,0,0,0,0,0,2,3,12
,2015_58097,39.740321,-105.014722,2/24/2015 6:50,6:50,12,0,1,COLFAX AVE W & I-25,5,2,0,0,1,4,,,35,0,0,0,0,2,2,2,14
,2015_58098,39.740025,-104.998126,6/21/2015 19:38,19:38,3,0,1,SPEER BLVD N & COLFAX AVE W,1,1,0,0,1,1,,,30,0,0,0,0,2,2,3,13
,2015_58099,39.740393,-104.989326,7/3/2015 0:30,0:30,15,0,0,COLFAX AVE 100 BLK W & BANNOCK ST,1,3,0,0,1,4,,,30,0,0,0,0,0,2,2,13
,2015_58100,39.74001,-104.968713,3/3/2015 7:45,7:45,12,0,0,COLFAX AVE 1500 BLK E & PARK AVE WEST,2,1,0,2,1,4,,,30,0,0,0,0,0,2,2,13
,2015_58102,39.740009,-104.96852,7/18/2015 0:30,0:30,11,0,1,PARK AVE & COLFAX AVE E,1,1,0,0,1,1,,,,0,1,0,0,2,2,2,13
,2015_58103,39.740007,-104.968144,8/13/2015 12:30,12:30,12,0,0,COLFAX AVE 1600 BLK E & FRANKLIN ST N,1,1,0,0,1,4,,,30,0,0,0,0,0,2,2,13
,2015_58105,39.740004,-104.967398,7/5/2015 16:31,16:31,12,0,0,COLFAX AVE 1600 BLK E & GILPIN ST N,1,1,0,0,1,4,,,30,0,0,0,0,0,2,2,13
,2015_58106,39.74011,-104.958745,5/5/2015 21:04,21:04,1,0,0,COLFAX AVE E & JOSEPHINE ST N,2,3,0,1,1,1,,,30,0,0,0,0,0,2,2,13
,2015_58107,39.74006,-104.938307,6/1/2015 6:01,6:01,3,0,0,ASH ST & COLFAX AVE,1,1,0,0,1,1,,,35,0,0,0,0,1,2,2,13
,2015_58108,39.74006,-104.937272,1/30/2015 17:25,17:25,3,0,0,COLFAX AVE 4300 BLK E & BELLAIRE ST N,1,3,0,0,1,1,,,30,0,0,0,0,1,2,2,13
,2015_58109,39.740057,-104.933752,7/16/2015 22:53,22:53,15,0,0,COLFAX AVE E & CHERRY ST N,1,3,0,0,1,3,,,30,0,0,0,0,0,2,3,13
,2015_58124,39.780052,-104.989434,7/6/2015 7:50,7:50,12,0,0,I-70 & I-25,2,1,0,0,1,4,,,55,0,0,0,0,0,1,3,16
,2015_58125,39.783138,-105.006328,6/5/2015 11:40,11:40,12,0,0,I-70 & PECOS ST N,2,1,1,1,1,4,,,55,0,0,0,0,0,1,2,13
,2015_58126,39.783138,-105.006328,4/30/2015 13:16,13:16,3,0,0,I-70 WB RAMPS & PECOS ST N,1,1,0,0,1,6,,,35,0,0,0,0,0,1,2,14
,2015_58127,39.780638,-104.99211,5/8/2015 16:10,16:10,4,0,0,I-70 WB COLLECTOR ON RAMP FROM NB & I-25,1,1,1,0,1,8,,,55,0,0,0,0,0,1,2,13
,2015_58128,39.780052,-104.989434,1/19/2015 3:10,3:10,5,0,0,I-70 EB OFF LOOP RAMP TO & I-25 NB,1,3,0,0,3,8,,,55,0,0,0,0,0,1,1,14
,2015_58129,39.779435,-104.979009,4/27/2015 12:41,12:41,12,0,0,I-70 WB RAMPS & WASHINGTON ST N,1,1,1,0,1,3,,,45,0,0,0,0,0,1,2,8
,2015_58130,39.779895,-104.967089,9/16/2015 9:30,9:30,15,0,0,I-70 & BRIGHTON BLVD N,1,1,0,0,1,4,,,55,0,0,0,0,0,1,3,13
,2015_58131,39.780013,-104.959887,4/8/2015 12:29,12:29,15,0,0,I-70   ????????? & YORK ST N EB OFF RAMP ENT PT,1,1,0,0,1,4,,,55,0,0,0,0,0,1,2,1
,2015_58132,39.780014,-104.959201,12/9/2015 13:36,13:36,3,0,0,STEAVENSON PL E & YORK ST N,1,1,0,0,1,1,,,30,0,0,0,0,1,1,3,5
,2015_58133,39.780016,-104.954122,4/30/2015 15:38,15:38,3,0,1,46TH AVE E & CLAYTON ST N,1,1,1,0,1,1,,,30,0,0,0,0,3,4,2,1
,2015_58134,39.780003,-104.95136,6/10/2015 14:49,14:49,12,0,0,I-70 & MM 276,1,1,0,0,1,4,,,55,0,0,0,0,0,1,2,13
,2015_58135,39.778271,-104.89681,6/17/2015 17:27,17:27,12,0,0,I-70 & I-270 OVERPASS,1,1,1,0,1,4,,,55,0,0,0,0,0,1,2,13
,2015_58136,39.777095,-104.882471,4/21/2015 10:25,10:25,3,0,1,CENTRAL PARK BLVD N & I-70 EB RAMPS,1,1,0,0,1,1,,,35,0,0,0,0,3,1,2,12
,2015_58137,39.775654,-104.866133,2/10/2015 22:20,22:20,12,0,0,I-70 & HAVANA ST N,1,3,0,0,1,4,,,55,0,0,0,0,1,1,2,1
,2015_58138,39.775623,-104.865778,4/26/2015 13:20,13:20,12,0,0,I-70 & HAVANA ST N,2,1,0,1,1,4,,,55,0,0,0,0,0,1,3,7
,2015_58139,39.774005,-104.847034,1/9/2015 12:52,12:52,12,0,0,I-70 & PEORIA ST N,1,1,1,0,1,4,,,55,0,0,0,0,0,1,2,8
,2015_58141,39.774005,-104.847034,2/6/2015 15:51,15:51,12,0,1,I-70 & PEORIA ST N,1,2,0,0,1,4,,,55,0,0,0,0,2,1,3,13
,2015_58142,39.772877,-104.833905,3/19/2015 14:37,14:37,5,0,0,I-70 & EB OFF RAMP TO SB I-225,1,1,0,0,1,4,,,55,0,0,0,0,0,1,2,13
,2015_58171,39.698614,-104.903604,2/15/2015 9:42,9:42,12,0,0,LEETSDALE DR 7200 BLK & QUEBEC ST S,1,1,0,0,1,1,,,40,0,0,0,0,0,2,2,3
,2015_58172,39.707579,-104.923563,10/13/2015 5:30,5:30,15,0,0,LEETSDLE DR 5400 BLK & HUDSON ST S,1,3,0,0,1,4,,,35,0,0,0,0,0,2,2,1
,2015_58183,39.696696,-104.991872,6/13/2015 10:12,10:12,1,0,0,SANTA FE DR S & MISSISSIPPI AVE W,1,1,1,0,1,1,,,30,0,0,0,0,1,2,2,13
,2015_58184,39.696775,-104.991848,12/22/2015 6:45,6:45,15,0,0,SANTA FE DR 1000 BLK S & MISSISSIPPI AVE W,1,2,0,0,1,3,,,35,0,0,0,0,0,2,2,1
,2015_58186,39.691359,-105.025048,6/18/2015 18:00,18:00,10,0,0,FEDERAL BLVD S & ARKANSAS AVE W,1,1,0,0,1,1,,,45,0,0,0,0,1,2,2,7
,2015_58192,39.725983,-105.025128,10/23/2015 16:20,16:20,3,0,0,6TH AVE WB RAMPS & FEDERAL BLVD N,1,1,0,0,1,1,,,35,0,0,0,0,0,2,2,16
,2015_58193,39.737975,-105.025273,7/7/2015 18:03,18:03,1,0,0,FEDERAL BLVD N & HOWARD PL,1,1,1,0,1,2,,,35,0,0,0,0,0,2,2,13
,2015_58195,39.725493,-105.025119,6/27/2015 13:20,13:20,12,0,0,FEDERAL BLVD N & 6TH AVE W,1,1,0,0,1,1,,,35,0,0,0,0,0,2,2,13
,2015_58196,39.725039,-105.02512,8/30/2015 9:33,9:33,3,0,0,FEDERAL BLVD N & 6TH AVE EB OFF RAMP,1,1,0,0,1,1,,,35,0,0,0,0,1,2,2,13
,2015_58197,39.68985,-105.025057,1/28/2015 13:20,13:20,15,0,0,FEDERAL BLVD S & FLORIDA AVE W,1,1,0,0,1,4,,,40,0,0,0,0,0,2,2,1
,2015_58198,39.665099,-105.02514,7/11/2015 14:25,14:25,14,0,0,FEDERAL BLVD S & AMHERST AVE W,1,1,0,0,1,1,,,35,0,0,0,0,0,2,2,5
,2015_58207,39.667786,-105.053256,2/1/2015 0:01,0:01,8,0,0,SHERIDAN BLVD S & YALE AVE W,4,3,1,2,1,1,,,35,0,0,0,0,1,2,2,1
,2015_58208,39.677896,-105.053264,1/21/2015 10:10,10:10,12,0,0,SHERIDAN BLVD S & EVANS AVE W,5,1,1,2,1,4,,,40,0,0,0,0,0,2,2,1
,2015_58209,39.679174,-105.053262,3/15/2015 16:55,16:55,5,0,0,SHERIDAN BLVD S & EVANS AVE W,1,1,0,0,3,3,,,35,0,0,0,0,0,2,1,7
,2015_58210,39.711401,-105.05326,4/12/2015 7:45,7:45,12,0,0,ALAMEDA AVE W & SHERIDAN BLVD S,1,1,0,0,1,1,,,35,0,0,0,0,0,2,2,13
,2015_58213,39.780236,-105.05326,5/1/2015 14:45,14:45,1,0,0,46TH AVE W & SHERIDAN BLVD N,2,1,0,1,1,1,,,35,0,0,0,0,0,2,2,13
,2015_58268,39.779661,-104.967133,4/25/2015 12:01,12:01,1,0,0,BRIGHTON BLVD N & I-70 EB RAMPS,1,1,0,0,1,1,,,35,0,0,0,0,0,2,2,13
,2015_58280,39.754855,-105.025129,4/8/2015 17:31,17:31,12,0,0,FEDERAL BLVD & 2600 BLVD N,1,1,1,0,1,4,,,35,0,0,0,0,0,2,2,13
,2015_58281,39.754994,-105.025129,2/1/2015 8:15,8:15,15,0,0,FEDERAL BLVD N & 26TH AVE W,4,1,0,2,1,4,,,35,0,0,0,0,0,2,2,13
,2015_58490,0,0,2/25/2015 2:03,2:03,3,0,4,6TH AVE & BROADWAY ST N,1,3,0,0,1,1,,,35,0,0,0,0,2,4,2,5
,2015_58491,0,0,5/9/2015 12:30,12:30,12,0,0,8TH AVE E & KRAMERIA ST N,1,1,0,7,1,3,,,30,0,0,0,0,1,4,2,16
,2015_58492,0,0,3/27/2015 22:50,22:50,6,0,0,8TH AVE 7700 BLK E & TRENTON ST N,1,3,0,7,1,4,,,25,0,0,0,0,0,4,2,12
,2015_58493,0,0,1/13/2015 23:42,23:42,6,0,0,8TH AVE 4500 BLK W & UTICA ST N,5,3,0,7,5,4,,,25,0,0,0,0,0,3,6,9
,2015_58494,0,0,7/4/2015 22:48,22:48,1,0,0,8TH AVE W & ZUNI ST N,1,3,0,0,1,1,,,30,0,0,0,0,1,4,2,13
,2015_58495,0,0,3/29/2015 13:20,13:20,1,0,0,11TH AVE E & CORONA ST N,1,1,0,0,1,1,,,30,0,0,0,0,0,4,2,13
,2015_58496,0,0,6/18/2015 7:38,7:38,12,0,0,11TH AVE W & SPEER BLVD N,1,1,0,7,1,1,,,30,0,0,0,0,0,4,2,16
,2015_58497,0,0,2/22/2015 15:42,15:42,3,0,0,12TH AVE E & CORONA ST N,4,1,0,2,1,1,,,30,0,0,0,0,0,4,2,3
,2015_58498,0,0,10/28/2015 0:02,0:02,5,0,0,12TH AVE E & WABASH ST N,1,3,0,0,2,4,,,30,0,0,0,0,0,4,1,14
,2015_58499,0,0,8/3/2015 22:41,22:41,6,0,0,13TH AVE 2000 BLK E & RACE ST N,1,3,0,7,1,4,,,30,0,0,0,0,1,4,2,5
,2015_58500,0,0,4/4/2015 15:15,15:15,15,0,0,13TH AVE W & SPEER BLVD N,1,1,0,0,1,1,,,30,0,0,0,0,1,4,2,13
,2015_58501,0,0,4/21/2015 7:30,7:30,15,0,0,14TH AVE W & BROADWAY,1,1,0,0,1,4,,,30,0,0,0,0,0,4,2,13
,2015_58502,0,0,2/17/2015 11:30,11:30,10,0,0,14TH AVE W & CHEROKEE ST N,4,1,0,0,1,1,,,30,0,0,0,0,0,4,2,8
,2015_58503,0,0,6/26/2015 19:02,19:02,10,0,0,14TH AVE 3500 BLK E & MONROE ST N,1,1,0,0,1,1,,,30,0,0,0,0,0,4,2,8
,2015_58504,0,0,1/8/2015 16:28,16:28,15,0,0,14TH AVE 8100 BLK E & N UINTAH ST,1,2,0,7,1,4,,,30,0,0,0,0,0,4,2,8
,2015_58505,0,0,7/3/2015 16:45,16:45,1,0,0,14TH AVE W & WOLFF ST N,1,1,0,0,1,1,,,25,0,0,0,0,0,4,2,13
,2015_58506,0,0,1/27/2015 15:11,15:11,6,0,0,16TH AVE & 3300 BLK W,1,1,1,0,1,4,,,25,0,0,0,0,0,4,2,13
,2015_58507,0,0,5/28/2015 16:28,16:28,2,0,1,16TH AVE E & WILLIAMS ST N,1,1,0,0,1,1,,,30,1,0,0,0,3,4,2,13
,2015_58508,0,0,2/1/2015 18:08,18:08,11,0,1,23RD AVE E & QUEBEC ST N,2,3,1,0,1,1,,,30,0,1,0,0,3,4,2,13
,2015_58509,0,0,1/11/2015 13:13,13:13,6,0,0,26TH AVE W & DECATUR ST N,1,1,0,0,1,1,,,30,0,0,0,0,0,4,2,13
,2015_58510,0,0,7/5/2015 13:21,13:21,3,0,0,25TH AVE E & DOWNING ST N,1,1,0,7,1,1,,,30,0,0,0,0,0,4,2,16
,2015_58511,0,0,2/4/2015 8:38,8:38,1,0,0,29TH AVE E & DOWNING ST N,4,1,0,2,1,1,,,35,0,0,0,0,0,4,2,13
,2015_58512,0,0,10/4/2015 17:50,17:50,3,0,0,18TH AVE E & WILLIAMS ST N,1,1,0,0,1,1,,,20,0,0,0,0,0,4,2,14
,2015_58513,0,0,6/18/2015 18:07,18:07,6,0,0,29TH AVE 4400 BLK W & TENNYSON ST N,1,1,0,7,1,4,,,30,0,0,0,0,0,4,3,10
,2015_58514,0,0,5/23/2015 10:25,10:25,3,0,0,30TH AVE W & LOWELL BLVD N,1,1,0,0,1,3,,,30,0,0,0,0,0,4,2,13
,2015_58515,0,0,4/27/2015 17:08,17:08,3,0,0,31ST AVE E & DOWNING ST N,1,1,0,7,1,1,,,30,0,0,0,0,0,4,2,16
,2015_58516,0,0,6/2/2015 15:56,15:56,15,0,0,31ST AVE 3400 BLK W & LOWELL BLVD N,1,1,0,0,1,4,,,25,0,0,0,0,0,4,2,7
,2015_58517,0,0,6/1/2015 15:54,15:54,3,0,0,40TH AVE 11900 BLK E & PEORIA WAY N,1,1,1,0,1,2,,,30,0,0,0,0,0,4,2,13
,2015_58518,0,0,7/18/2015 5:24,5:24,6,0,0,W 43RD AVE & NAVAJO ST N,1,2,1,7,1,1,,,25,0,0,0,0,0,4,3,16
,2015_58519,0,0,4/6/2015 16:29,16:29,6,0,0,44TH AVE 2800 BLK W & N ELM CT,1,1,0,7,1,4,,,25,0,0,0,0,0,4,2,7
,2015_58520,0,0,5/26/2015 14:46,14:46,12,0,0,48TH AVE & 1500 BLK W,1,1,1,0,1,4,,,30,0,0,0,0,0,4,2,13
,2015_58521,0,0,12/20/2015 13:00,13:00,11,0,0,47TH AVE & WASHINGTON AVE N,1,1,0,0,1,1,,,35,0,1,0,0,1,4,2,13
,2015_58522,0,0,7/21/2015 11:00,11:00,5,0,0,BANNOCK ST S & ASBURY AVE W,1,1,0,0,1,1,,,25,0,0,0,0,0,4,1,13
,2015_58523,0,0,1/21/2015 10:44,10:44,1,0,1,56TH AVE E & PENA BLVD,9,1,1,2,1,1,,,40,0,0,0,0,2,4,2,16
,2015_58524,0,0,2/28/2015 16:02,16:02,5,0,0,56TH AVE 17500 BLK E & PENA BLVD N,2,1,0,7,2,4,,,,0,0,0,0,0,4,1,16
,2015_58525,0,0,3/25/2015 8:15,8:15,12,0,0,56TH AVE E & PENA BLVD,2,1,0,2,1,3,,,40,0,0,0,0,0,4,3,3
,2015_58526,0,0,3/25/2015 14:45,14:45,12,0,0,ALAMEDA AVE 1300 BLK E & MARION ST S,1,1,0,7,1,4,,,25,0,0,0,0,1,4,2,2
,2015_58527,0,0,1/9/2015 18:10,18:10,12,0,0,ALAMEDA AVE E & PEARL ST S,1,3,0,7,1,4,,,30,0,0,0,0,0,4,2,3
,2015_58528,0,0,7/2/2015 21:14,21:14,3,0,1,ALAMEDA AVE E & PEARL ST S,2,3,0,1,1,1,,,30,0,0,0,0,2,4,2,3
,2015_58529,0,0,6/19/2015 17:51,17:51,15,0,0,BROADWAY ST N & 1ST AVE W,1,1,0,0,1,1,,,30,0,0,0,0,0,4,2,8
,2015_58530,0,0,1/28/2015 18:01,18:01,3,0,0,BROADWAY ST S & 4TH AVE W,1,3,0,7,1,1,,,25,0,0,0,0,1,4,2,3
,2015_58531,0,0,1/16/2015 17:32,17:32,15,0,0,BROADWAY ST N & 6TH AVE E,1,3,0,7,1,1,,,30,0,0,0,0,0,4,2,16
,2015_58532,0,0,7/1/2015 18:15,18:15,14,0,0,BRUCE RANDOLPH AVE 4000 BLK E & COLORADO BLVD N,1,1,0,0,1,5,,,30,0,0,0,0,0,4,2,13
,2015_58533,0,0,10/31/2015 15:00,15:00,6,0,0,DAKOTA AVE 1700 BLK E & GILPIN ST S,1,1,1,7,1,4,,,25,0,0,0,0,0,4,2,1
,2015_58534,0,0,8/31/2015 2:00,2:00,6,0,1,DARTMOUTH AVE W & QUITMAN ST S,1,3,0,0,1,4,,,30,0,0,0,0,2,4,2,5
,2015_58535,0,0,3/7/2015 15:00,15:00,10,0,0,CLAY ST & 229 BLK S,1,1,0,0,1,4,,,30,0,0,0,0,0,4,2,14
,2015_58536,0,0,6/13/2015 19:27,19:27,15,0,0,CLEVELAND PL 1500 BLK & 16TH ST,1,1,0,0,1,4,,,30,0,0,0,0,1,4,2,14
,2015_58537,0,0,7/28/2015 23:00,23:00,6,0,0,DAHLIA ST 1200 BLK N & 12TH AVE,1,1,0,7,1,4,,,25,0,0,0,0,0,4,2,14
,2015_58538,0,0,1/8/2015 21:30,21:30,3,0,0,DEARBORN ST N & ROBINS DR E,5,3,1,2,1,1,,,25,0,0,0,0,0,4,3,13
,2015_58539,0,0,3/15/2015 18:40,18:40,2,0,0,DOWNING ST 1000 BLK N & 11TH AVE E,1,1,0,1,1,4,,,25,1,0,0,0,0,4,2,2
,2015_58540,0,0,4/24/2015 15:22,15:22,3,0,1,DOWNING ST S & ARKANSAS AVE E,1,1,1,7,1,3,,,25,0,0,0,0,2,4,2,7
,2015_58541,0,0,11/7/2015 11:11,11:11,3,0,0,DAVENPORT WY N & 44TH AVE E,1,1,0,0,1,1,,,25,0,0,0,0,1,4,2,16
,2015_58542,0,0,1/10/2015 18:14,18:14,3,0,0,DTC BLVD S & UNION AVE E,1,3,0,7,1,1,,,30,0,0,0,0,1,4,2,3
,2015_58543,0,0,4/27/2015 15:24,15:24,12,0,0,ELATI ST N & 11TH AVE W,1,1,0,0,1,4,,,25,0,0,0,0,0,4,2,13
,2015_58544,0,0,2/3/2015 18:30,18:30,6,0,0,ELIOT ST 3100 BLK N & 32ND AVE W,1,2,0,7,1,4,,,25,0,0,0,0,0,4,2,14
,2015_58545,0,0,1/18/2015 10:40,10:40,6,0,0,ELIZABETH ST 1400 BLK N & 14TH AVE E,1,1,0,7,1,4,,,25,0,0,0,0,0,4,2,14
,2015_58546,0,0,1/6/2015 11:57,11:57,12,0,0,EVANS AVE 5000 BLK E & DAHLIA ST S,1,1,0,7,1,4,,,35,0,0,0,0,0,4,2,16
,2015_58547,0,0,5/12/2015 18:40,18:40,15,0,0,EVANS AVE E & EMERSON ST S,1,1,0,7,1,4,,,35,0,0,0,0,0,4,2,12
,2015_58548,0,0,7/8/2015 22:05,22:05,12,0,0,EVANS AVE E & HIGH ST S,1,3,0,7,1,4,,,30,0,0,0,0,0,4,2,16
,2015_58549,0,0,11/2/2015 5:55,5:55,5,0,0,EVANS AVE 3400 BLK W & IRVING ST S,1,3,1,0,3,4,,,35,0,0,0,0,0,4,1,13
,2015_58551,0,0,6/9/2015 15:39,15:39,2,0,1,FLORIDA AVE E & QUEBEC WAY S,1,1,1,0,1,1,,,30,1,0,0,0,2,4,2,3
,2015_58552,0,0,5/26/2015 0:30,0:30,6,0,0,FRANKLIN ST & 1745,1,3,0,0,1,4,,,25,0,0,0,0,0,4,2,13
,2015_58553,0,0,1/28/2015 6:45,6:45,6,0,0,GALAPAGO ST 1150 N & 11TH AVE W,1,3,0,7,1,4,,,25,0,0,0,0,0,4,2,14
,2015_58554,0,0,9/5/2015 22:25,22:25,15,0,0,GLENARM PL 1500 BLK & 16TH ST,1,3,0,0,1,3,,,30,0,0,0,0,0,4,2,13
,2015_58555,0,0,5/1/2015 12:23,12:23,1,0,0,GVR BLVD & 18600 BLK E,1,1,0,0,1,2,,,35,0,0,0,0,0,4,2,1
,2015_58556,0,0,2/11/2015 7:10,7:10,3,0,0,GVR BLVD E & MALAYA ST N,2,1,0,7,1,1,,,40,0,0,0,0,0,4,2,16
,2015_58557,0,0,1/20/2015 17:48,17:48,1,0,0,GVR BLVD E & MEMPHIS ST N,1,3,0,0,1,1,,,35,0,0,0,0,0,4,2,13
,2015_58558,0,0,4/14/2015 11:10,11:10,10,0,0,HOLLY ST 600 BLK S & GILL PL E,1,1,0,0,1,3,,,30,0,0,0,0,1,4,2,13
,2015_58559,0,0,1/5/2015 17:50,17:50,3,0,0,HUMBOLDT ST N & PARK AVE,2,3,0,0,1,1,,,25,0,0,0,0,0,4,2,7
,2015_58560,0,0,8/11/2015 7:00,7:00,6,0,0,W ILIFF AVE & LOWELL BLVD S,1,3,0,7,1,1,,,25,0,0,0,0,0,4,2,16
,2015_58561,0,0,6/4/2015 19:13,19:13,2,0,1,INCA ST 300 BLK N & 3RD AVE W,1,1,0,0,1,2,,,25,1,0,0,0,2,4,2,3
,2015_58562,0,0,2/17/2015 8:00,8:00,6,0,0,IVANHOE ST S & WARREN AVE E,1,4,0,2,1,4,,,15,0,0,0,0,0,4,2,16
,2015_58563,0,0,1/6/2015 16:55,16:55,3,0,0,JEWELL AVE W & SHERIDAN BLVD S,1,2,0,0,1,2,,,30,0,0,0,0,0,4,2,1
,2015_58564,0,0,2/18/2015 13:45,13:45,12,0,0,JOPLIN ST N & GVR BLVD,1,1,0,0,1,1,,,40,0,0,0,0,0,4,2,13
,2015_58565,0,0,10/6/2015 17:33,17:33,5,0,1,JOSEPHINE ST N & 4TH AVE E,2,1,0,1,2,1,,,35,0,0,0,1,3,4,1,7
,2015_58566,0,0,8/29/2015 12:05,12:05,6,0,0,KNOX CT 200 BLK S & ALAMEDA AVE W,1,1,0,7,1,4,,,25,0,0,0,0,0,4,2,1
,2015_58567,0,0,3/5/2015 22:20,22:20,6,0,0,LINCOLN ST 900 BLK N & 9TH AVE E,1,3,0,7,1,4,,,35,0,0,0,0,0,4,2,16
,2015_58568,0,0,6/8/2015 17:20,17:20,3,0,0,LINCOLN ST N & 10TH AVE E,1,1,0,7,1,1,,,35,0,0,0,0,0,4,2,16
,2015_58569,0,0,2/26/2015 15:40,15:40,12,0,0,LINCOLN ST 1600 BLK N & 17TH AVE E,4,1,0,2,1,4,,,30,0,0,0,0,1,4,2,16
,2015_58570,0,0,1/22/2015 9:30,9:30,12,0,0,LINCOLN ST N & 8TH E,5,1,0,7,1,1,,,30,0,0,0,0,0,4,2,16
,2015_58571,0,0,4/16/2015 16:18,16:18,12,0,0,LOWELL BLVD 5000 BLK N & 51ST AVE W,2,1,0,2,1,3,,,30,0,0,0,0,0,4,2,16
,2015_58572,0,0,1/6/2015 8:25,8:25,12,0,0,LOWELL BLVD & HARVARD AVE,5,1,0,7,1,1,,,30,0,0,0,0,0,4,2,16
,2015_58573,0,0,3/13/2015 1:15,1:15,12,0,0,LOWRY BLVD E & QUEBEC ST S,14,5,0,7,1,1,,,35,0,0,0,0,0,4,2,16
,2015_58574,0,0,4/24/2015 22:20,22:20,6,0,0,MADISON ST 1500 BLK N & COLFAX AVE E,1,3,1,7,1,4,,,25,0,0,0,0,0,4,3,5
,2015_58575,0,0,3/23/2015 2:14,2:14,5,0,1,MISSISSIPPI AVE W & 1330 BLK W,1,3,1,0,2,1,,,35,0,0,0,0,2,4,1,5
,2015_58576,0,0,1/8/2015 16:13,16:13,1,0,1,MISSISSIPPI AVE W & BROADWAY ST S,1,1,1,0,1,2,,,30,0,0,0,0,2,4,2,14
,2015_58577,0,0,5/19/2015 18:10,18:10,12,0,0,MONACO PKWY N & 19TH AVE E,1,1,0,7,1,4,,,35,0,0,0,0,0,4,2,16
,2015_58578,0,0,4/6/2015 12:35,12:35,12,0,0,MONACO ST 1200 BLK S & E CHRRY CREEK DR S,1,1,0,7,1,4,,,35,0,0,0,0,0,4,2,16
,2015_58579,0,0,3/25/2015 14:59,14:59,3,0,2,MONACO ST S & EXPOSITION AVE E,1,1,0,7,1,1,,,35,0,0,0,0,3,4,2,16
,2015_58580,0,0,4/29/2015 7:23,7:23,1,0,0,MONACO ST N & MLK BLVD E,1,1,0,7,1,1,,,35,0,0,0,0,0,4,2,16
,2015_58581,0,0,5/21/2015 18:33,18:33,11,0,1,OGDEN ST N & 13TH AVE E,1,2,0,0,1,1,,,25,0,1,0,0,3,4,2,14
,2015_58582,0,0,1/8/2015 15:55,15:55,12,0,0,O BLK W MISSISSIPPI AVE & BROADWAY ST S,1,1,0,7,1,4,,,30,0,0,0,0,0,4,3,4
,2015_58583,0,0,5/23/2015 15:36,15:36,5,0,1,OSCEOLA ST N & 20TH AVE W,1,1,0,0,3,4,,,25,0,0,0,0,2,4,1,15
,2015_58584,0,0,2/19/2015 6:25,6:25,15,0,0,PENA BL 8400 & 56TH AVE E,1,2,0,7,1,8,,,65,0,0,0,0,0,4,2,8
,2015_58585,0,0,8/8/2015 5:46,5:46,15,0,0,PENA BLVD & E 6200 AVE,1,3,0,7,1,4,,,65,0,0,0,0,0,4,2,1
,2015_58586,0,0,2/8/2015 22:00,22:00,6,0,0,PENNSYLVANIA ST 1200 BLK N & 13TH AVE E,1,3,0,7,1,2,,,,0,0,0,0,0,4,2,16
,2015_58587,0,0,7/27/2015 15:26,15:26,1,0,0,PEORIA ST N & 44TH AVE E,1,1,1,7,1,1,,,40,0,0,0,0,0,4,2,16
,2015_58588,0,0,5/1/2015 17:30,17:30,12,0,0,QUEBEC ST & 1600 BLK N,1,1,0,0,1,3,,,30,0,0,0,0,1,4,2,13
,2015_58590,0,0,3/18/2015 12:33,12:33,12,0,1,QUEBEC ST N & 29TH AVE E,1,1,1,7,1,1,,,35,0,0,0,0,2,4,4,14
,2015_58591,0,0,4/5/2015 14:33,14:33,12,0,0,QUEBEC ST S & EXPOSITION AVE E,1,1,0,7,1,4,,,35,0,0,0,0,0,4,2,16
,2015_58592,0,0,11/16/2015 12:45,12:45,6,0,0,PONTIAC ST & 100 BLK S ALLEY,1,1,0,7,1,5,,,15,0,0,0,0,0,4,2,16
,2015_58593,0,0,2/20/2015 7:50,7:50,12,0,0,7TH E & MONACO PKWY N,1,1,0,7,1,1,,,30,0,0,0,0,0,4,2,16
,2015_58594,0,0,8/1/2015 3:48,3:48,3,0,0,15TH ST & CHAMPA ST,1,3,0,7,1,1,,,30,0,0,0,0,1,4,2,16
,2015_58595,0,0,5/5/2015 17:32,17:32,3,0,0,15TH ST 500 BLK & WELTON ST,2,1,0,7,1,5,,,25,0,0,0,0,0,4,2,1
,2015_58596,0,0,11/14/2015 7:46,7:46,6,0,0,34TH ST & 1184 34TH ST,1,4,0,7,1,4,,,25,0,0,0,0,0,4,2,5
,2015_58597,0,0,11/9/2015 14:00,14:00,6,0,0,SANTA FE 500 BLK N & 5TH AVE W,1,1,0,7,1,4,,,35,0,0,0,0,0,4,2,14
,2015_58598,0,0,2/21/2015 1:40,1:40,3,0,0,26TH ST & STOUT ST,4,3,0,2,1,1,,,25,0,0,0,0,0,4,2,16
,2015_58599,0,0,5/17/2015 13:40,13:40,12,0,0,SPEER BLVD N & 13TH AVE W,1,1,0,7,1,1,,,35,0,0,0,0,0,4,2,1