id,drcog_id,latitude,longitude,crashtime,time,crashtype,numbkilled,numbinjurd,drcoglocat,rdconditin,lightngcon,roadcntgrd,weatherco,location,roaddescrp,schoolzone,constrzone,splimit,bikeinv,pedinv,sctrinv,motoinv,svrty,rdsystem,ttlvehcls,hcf
,2015_58600,0,0,4/16/2015 16:08,16:08,3,0,1,SPEER BLVD E & GRANT ST N,2,1,1,2,1,1,,,30,0,0,0,0,2,4,3,3
,2015_58601,0,0,9/4/2015 14:30,14:30,12,0,0,SPEER BLVD 1400 N & COLFAX AVE,1,1,0,0,1,4,,,30,0,0,0,0,0,4,2,13
,2015_58602,0,0,7/7/2015 14:04,14:04,15,0,0,SPEER BLVD 100 BLK E & LINCOLN ST N,1,1,0,7,1,4,,,30,0,0,0,0,0,4,2,16
,2015_58603,0,0,7/23/2015 15:35,15:35,15,0,0,SPEER BLVD N & STOUT ST,1,1,0,7,1,1,,,35,0,0,0,0,0,4,2,16
,2015_58604,0,0,2/8/2015 18:57,18:57,12,0,0,SPEER BLVD N & ZUNI ST N,1,2,0,7,1,1,,,35,0,0,0,0,1,4,2,16
,2015_58605,0,0,7/8/2015 16:17,16:17,10,0,0,SYRACUSE ST & 2900 BLK N,1,1,0,0,1,2,,,30,0,0,0,0,0,4,2,13
,2015_58606,0,0,7/20/2015 12:59,12:59,12,0,0,SYRACUSE WAY S & UINTA ST S,1,1,0,7,1,1,,,30,0,0,0,0,0,4,2,4
,2015_58607,0,0,2/9/2015 16:37,16:37,5,0,0,TEJON ST N & ERIE ST,1,1,1,0,3,1,,,30,0,0,0,0,0,4,1,13
,2015_58608,0,0,11/17/2015 2:15,2:15,15,0,0,WASHINGTON ST N & 47TH AVE E,4,3,0,2,1,3,,,35,0,0,0,0,0,4,2,16
,2015_58609,0,0,6/30/2015 15:00,15:00,3,0,0,UNIVERSITY BLVD S & LOUISIANA AVE E,1,1,0,7,1,1,,,30,0,0,0,0,0,4,3,14
,2015_58610,0,0,5/2/2015 21:30,21:30,6,0,0,VIRGINIA AVE E & 6680,1,3,0,0,1,4,,,35,0,0,0,0,0,4,2,13
,2015_58611,0,0,6/24/2015 11:16,11:16,10,0,0,WALNUT ST & 34TH ST,1,1,0,0,1,1,,,30,0,0,0,0,0,4,2,13
,2015_58612,0,0,8/6/2015 19:05,19:05,5,0,0,YORK ST 1200 BLK N & JOSEPHINE ST N,1,2,0,0,3,5,,,25,0,0,0,0,0,4,1,5
,2015_58613,0,0,2/21/2015 15:22,15:22,3,0,0,WELTON ST 3000 BLK & 30TH ST,4,1,0,2,1,1,,,30,0,0,0,0,0,4,2,7
,2015_58614,0,0,3/3/2015 10:19,10:19,6,0,0,WOLFF ST 1300 BLK S & ARKANSAS AVE W,5,1,0,7,1,4,,,25,0,0,0,0,0,4,3,14
,2015_58615,0,0,6/11/2015 14:02,14:02,3,0,0,ZUNI ST & 2700 BLK N,1,1,1,0,1,2,,,30,0,0,0,0,0,4,2,13
,2015_58679,0,0,10/3/2015 9:53,9:53,6,0,0,26TH AVE E & MONACO ST N,1,1,0,7,1,4,,,30,0,0,0,0,0,4,2,14
,2015_58740,39.678409,-104.940629,10/5/2015 13:50,13:50,14,0,0,EVANS AVE E & COLORADO BLVD S,1,1,0,0,1,3,,,,0,0,0,0,0,2,3,13
,2015_58741,39.687563,-104.940549,2/11/2015 18:33,18:33,1,0,0,COLORADO BLVD S & IOWA AVE W,1,3,0,0,1,1,,,35,0,0,0,0,0,2,2,3
,2015_58742,39.689175,-104.940549,4/1/2015 10:30,10:30,12,0,0,COLORADO BLVD 1500 BLK S & FLORIDA AVE E,1,1,0,0,1,3,,,35,0,0,0,0,0,2,2,13
,2015_58744,39.652949,-104.940686,5/8/2015 17:28,17:28,12,0,0,COLORADO BLVD 3400 BLK S & HAMPDEN AVE E,2,1,0,1,1,3,,,35,0,0,0,0,1,2,2,1
,2015_58745,39.734732,-104.940618,6/19/2015 3:06,3:06,2,0,1,12TH AVE E & COLORADO BLVD N,1,3,0,0,1,1,,,35,1,0,0,0,2,2,2,7
,2015_58746,39.73515,-104.940618,7/17/2015 14:51,14:51,15,0,0,COLORADO BLVD N & 12TH AVE E,1,1,0,0,1,1,,,25,0,0,0,0,0,2,2,13
,2015_58747,39.781472,-104.940493,5/2/2015 0:38,0:38,5,0,0,COLORADO BLVD & 46TH AVE E,1,3,1,0,2,8,,,30,0,0,0,0,0,2,1,5
,2015_58749,39.766881,-104.940491,1/21/2015 15:25,15:25,3,0,0,COLORADO BLVD N & 36TH AVE E,10,1,0,2,1,1,,,35,0,0,0,0,0,2,2,13
,2015_58750,39.781472,-104.940493,3/12/2015 10:45,10:45,15,0,0,COLORADO BLVD N & I-70 WB OFF RAMP,1,1,1,0,1,1,,,35,0,0,0,0,0,2,2,7
,2015_58756,39.725599,-105.045046,6/17/2015 8:55,8:55,12,0,0,6TH AVE W & UTICA ST N OFFSET REF,1,1,1,0,1,4,,,55,0,0,0,0,0,2,2,13
,2015_58757,39.725552,-105.036577,5/31/2015 7:05,7:05,15,0,0,6TH AVE & NEWTON ST N,1,1,0,0,1,4,,,55,0,0,0,0,0,2,2,13
,2015_58758,39.72542,-105.025174,6/12/2015 18:50,18:50,15,0,0,6TH AVE W & FEDERAL BLVD N,1,1,1,0,1,4,,,30,0,0,0,0,0,2,2,13
,2015_58760,39.72542,-105.025174,8/14/2015 18:31,18:31,12,0,0,6TH AVE W & S FEDERAL BLVD,1,1,0,0,1,4,,,55,0,0,0,0,0,2,3,8
,2015_58776,39.628413,-104.904125,8/29/2015 18:28,18:28,15,0,0,I-25 & UNION AVE E,1,1,0,0,1,4,,,60,0,0,0,0,0,1,2,13
,2015_58779,39.650993,-104.9171,10/2/2015 15:38,15:38,15,0,0,I-25 & HAMPDEN AVE E,1,1,0,0,1,4,,,65,0,0,0,0,0,1,2,13
,2015_58780,39.674627,-104.9304,8/13/2015 15:18,15:18,12,0,0,I-25 & MM 203.20,1,1,0,0,1,4,,,65,0,0,0,0,0,1,4,13
,2015_58781,39.678363,-104.933558,1/27/2015 7:20,7:20,12,0,0,I-25 & EVANS AVE E,1,1,1,0,1,1,,,25,0,0,0,0,0,1,3,3
,2015_58782,39.700527,-104.986282,1/8/2015 17:37,17:37,12,0,0,I-25 & BROADWAY S,1,3,0,0,1,8,,,60,0,0,0,0,0,1,2,3
,2015_58783,39.709612,-104.997988,5/4/2015 8:55,8:55,12,0,0,I-25 NB ON FLYOVER RAMP FROM SANTA FE & ALAMEDA AVE E,1,1,1,0,1,8,,,55,0,0,0,0,0,1,2,14
,2015_58784,39.710625,-104.998552,2/27/2015 15:55,15:55,12,0,0,I-25 SB OFF RAMP GORE PT & SANTA FE DR S,2,1,1,0,1,8,,,55,0,0,0,0,0,1,2,8
,2015_58785,39.711721,-104.999203,5/13/2015 13:58,13:58,15,0,0,I-25 & MM 208,1,1,0,0,1,4,,,55,0,0,0,0,0,1,2,13
,2015_58786,39.720423,-105.007516,8/10/2015 15:19,15:19,12,0,0,I-25 NB & 6TH AVE W INTERCHANGE,1,1,1,0,1,4,,,60,0,0,0,0,1,1,2,14
,2015_58787,39.724909,-105.012637,4/18/2015 6:37,6:37,15,0,0,6TH AVE W & I-25 NB/SB ON RAMP SPLIT PT,1,1,1,0,1,8,,,50,0,0,0,0,0,1,2,13
,2015_58788,39.72543,-105.013021,1/23/2015 18:52,18:52,12,0,0,I-25 NB & 6TH AVE W,1,3,1,0,1,4,,,55,0,0,0,0,0,1,2,13
,2015_58790,39.743467,-105.016086,12/9/2015 1:50,1:50,5,0,0,I-25 & 17TH AVE,1,3,0,0,2,4,,,55,0,0,0,0,0,1,1,5
,2015_58791,39.729334,-105.014821,4/20/2015 3:09,3:09,5,0,0,8TH AVE 2200 BLK W & WYANDOT ST N,1,3,0,0,2,1,,,35,0,0,0,0,0,1,1,9
,2015_58792,39.731163,-105.015431,10/2/2015 23:47,23:47,5,0,0,I-25 & 8TH AVE SB OFF LOOP GORE,1,3,0,0,3,8,,,55,0,0,0,0,0,1,1,13
,2015_58793,39.731033,-105.015399,5/9/2015 5:30,5:30,15,0,0,I-25 & 8TH AVE W,2,2,0,1,1,4,,,55,0,0,0,0,0,1,2,5
,2015_58794,39.751291,-105.016572,6/1/2015 17:30,17:30,12,0,0,I-25 UNDERPASS & 23RD AVE W,1,1,0,0,1,4,,,55,0,0,0,0,0,1,3,13
,2015_58795,39.755141,-105.012706,4/25/2015 15:37,15:37,12,0,0,I-25 & SPEER BLVD N,1,1,0,0,1,4,,,55,0,0,0,0,0,1,3,1
,2015_58796,39.751291,-105.016572,11/8/2015 13:37,13:37,12,0,0,I-25 & 23RD AVE,1,1,0,0,1,4,,,55,0,0,0,0,0,1,2,1
,2015_58797,39.755141,-105.012706,8/11/2015 23:30,23:30,12,0,0,SPEER BLVD & I-25 SB RAMPS,1,3,0,0,1,3,,,35,0,0,0,0,0,1,6,13
,2015_58799,39.760997,-105.004275,7/14/2015 7:05,7:05,12,0,0,I-25 & 20TH ST,1,1,0,0,1,4,,,55,0,0,0,0,0,1,2,7
,2015_58800,39.760997,-105.004275,4/25/2015 17:48,17:48,15,0,0,I-25 NB OFF RAMP & 20TH ST,1,1,0,0,1,1,,,25,0,0,0,0,0,1,2,13
,2015_58802,39.783631,-104.989147,3/27/2015 16:30,16:30,12,0,0,I-25 & 48TH AVE W,1,1,0,0,1,4,,,55,0,0,0,0,1,1,4,14
,2015_58818,39.71117,-105.036177,3/31/2015 16:30,16:30,5,0,0,HAMPDEN AVE 3800 BLK W & KNOX CT S,1,1,0,0,1,4,,,45,0,0,0,0,0,2,2,14
,2015_58819,39.711182,-105.008971,3/14/2015 12:31,12:31,15,0,0,ALAMEDA AVE W & RARITAN ST,1,1,1,0,1,4,,,35,0,0,0,0,0,2,2,13
,2015_58820,39.71118,-105.006348,4/3/2015 12:25,12:25,12,0,0,ALAMEDA AVE W & PECOS ST S,1,1,0,0,1,4,,,25,0,0,0,0,0,2,2,13
,2015_58821,39.711181,-105.004291,6/12/2015 12:43,12:43,12,0,0,ALAMEDA AVE W & NAVAJO ST S,1,1,0,0,1,4,,,35,0,0,0,0,0,2,2,3
,2015_58822,39.711184,-105.000622,2/14/2015 14:10,14:10,12,0,0,PLATTE RIVER DR S & ALAMEDA AVE W,1,1,0,0,1,3,,,35,0,0,0,0,0,2,2,13
,2015_58823,39.65352,-104.868405,8/30/2015 9:46,9:46,12,0,0,HAVANA ST S & GALENA WAY S,1,1,0,0,1,1,,,45,0,0,0,0,0,2,2,13
,2015_58825,39.670857,-104.866047,7/17/2015 15:29,15:29,15,0,0,HAVANA ST S & PARKER RD S,1,1,1,0,1,1,,,40,0,0,0,0,0,2,2,13
,2015_58827,0,0,7/15/2015 14:00,14:00,3,0,0,29TH AVE W & ZUNI ST N,1,1,0,7,1,1,,,30,0,0,0,0,0,4,2,16
,2015_58839,39.793501,-104.903378,12/13/2015 10:57,10:57,1,0,2,N QUEBEC ST & E 53RD PL,1,1,0,0,1,1,,,40,0,0,0,0,3,2,2,5
,2015_58840,39.786339,-104.900173,5/6/2015 19:00,19:00,15,0,0,NORTHFIELD BLVD & 4600 BLK N,2,1,0,1,1,8,,,30,0,0,0,0,0,2,2,14
,2015_58853,0,0,5/22/2015 22:40,22:40,5,0,0,CLAY ST & 300 BLK S,2,4,0,1,3,4,,,25,0,0,0,0,0,4,1,13
,2015_58857,39.740343,-105.032331,4/19/2015 11:24,11:24,3,0,0,KNOX CT N & COLFAX AVE W,1,1,0,0,1,1,,,30,0,0,0,0,1,2,2,3
,2015_58858,39.740289,-105.013201,7/12/2015 22:33,22:33,12,0,0,COLFAX AVE W & I-25,1,3,1,0,1,4,,,10,0,0,0,0,1,2,2,1
,2015_58859,39.740289,-105.013201,6/13/2015 21:38,21:38,5,0,0,COLFAX AVE WB ON RAMP GORE PT & AURARIA PKWY,2,3,0,1,1,8,,,35,0,0,0,0,0,2,4,13
,2015_58860,39.740028,-104.998318,6/14/2015 14:25,14:25,12,0,0,COLFAX AVE 900 BLK W & SPEER BLVD N,1,1,0,0,1,4,,,30,0,0,0,0,0,2,2,12
,2015_58861,39.740014,-104.970064,3/12/2015 21:55,21:55,6,0,0,COLFAX AVE 1300 BLK E & HUMBOLDT ST N,1,3,0,0,1,4,,,30,0,0,0,0,0,2,2,13
,2015_58862,39.740009,-104.96852,2/4/2015 17:41,17:41,12,0,0,COLFAX AVE E & PARK AVE WEST,2,2,0,0,1,1,,,35,0,0,0,0,0,2,2,13
,2015_58863,39.74011,-104.958745,3/10/2015 15:16,15:16,12,0,0,COLFAX AVE 2400 BLK E & JOSEPHINE ST N,1,1,0,0,1,1,,,30,0,0,0,0,1,2,2,13
,2015_58864,39.740071,-104.920615,3/31/2015 14:54,14:54,15,0,0,COLFAX AVE 5800 BLK E & IVY ST N,1,1,0,0,1,1,,,30,0,0,0,0,0,2,2,13
,2015_58865,39.740079,-104.91277,6/8/2015 7:15,7:15,3,0,0,COLFAX AVE E & MONACO PKWY N,1,1,0,0,1,1,,,30,0,0,0,0,0,2,2,7
,2015_58866,39.740084,-104.892883,3/28/2015 10:20,10:20,14,0,0,COLFAX AVE E & UINTA ST N,1,1,0,0,1,4,,,25,0,0,0,0,0,2,2,7
,2015_58895,39.783138,-105.006328,2/11/2015 6:30,6:30,2,0,0,48TH AVE W & PECOS ST N,1,2,0,0,1,6,,,35,1,0,0,0,1,1,2,14
,2015_58896,39.783183,-105.00576,9/10/2015 13:39,13:39,15,0,0,I-70 WB OFF RAMP & PECOS ST,1,1,0,0,1,8,,,25,0,0,0,0,0,1,2,1
,2015_58897,39.781937,-104.996778,5/17/2015 14:00,14:00,15,0,0,I-70 & I-25,1,3,0,0,1,4,,,55,0,0,0,0,0,1,2,1
,2015_58898,39.780567,-104.991833,7/30/2015 11:35,11:35,5,0,0,I-70 EB RAMP SPLIT & I-25,1,1,1,0,3,8,,,55,0,0,0,0,0,1,1,2
,2015_58899,39.780183,-104.990156,2/13/2015 12:42,12:42,15,0,0,I-70 & PECOS ST N,1,1,0,0,1,4,,,55,0,0,0,0,0,1,2,8
,2015_58900,39.779435,-104.979009,4/6/2015 11:10,11:10,15,0,0,WASHINGTON ST N & I-70 WB RAMPS,1,1,1,0,1,1,,,35,0,0,0,0,0,1,2,13
,2015_58901,39.779425,-104.978831,3/17/2015 17:41,17:41,15,0,0,I-70 & WASHINGTON ST N,1,1,0,0,1,4,,,55,0,0,0,0,0,1,2,13
,2015_58902,39.779811,-104.968795,3/10/2015 10:30,10:30,15,0,0,I-70 & BRIGHTON BLVD N,1,1,0,0,1,4,,,55,0,0,0,0,0,1,2,13
,2015_58903,39.779981,-104.945697,4/23/2015 12:14,12:14,12,0,0,I-70 & MM 276,1,1,0,0,1,4,,,55,0,0,0,0,0,1,2,13
,2015_58904,39.777465,-104.886501,10/31/2015 0:21,0:21,5,0,0,I-70 & CENTRAL PARK BLVD N,1,3,0,0,2,4,,,55,0,0,0,0,1,1,1,5
,2015_58905,39.777095,-104.882471,2/1/2015 8:50,8:50,15,0,0,I-70 & CENTRAL PARK BLVD N,10,1,0,0,1,4,,,55,0,0,0,0,0,1,3,7
,2015_58906,39.777095,-104.882471,6/20/2015 13:36,13:36,5,0,1,I-70 & CENTRAL PARK BLVD,1,1,0,0,2,4,,,55,0,0,0,0,2,1,1,14
,2015_58907,39.775623,-104.865778,4/8/2015 16:42,16:42,12,0,0,I-70 & HAVANA ST N,1,1,0,0,1,4,,,55,0,0,0,0,0,1,2,13
,2015_58908,39.775623,-104.865778,6/28/2015 7:19,7:19,10,0,0,I-70 & HAVANA ST N,1,1,0,0,1,1,,,35,0,0,0,0,0,1,2,8
,2015_58909,0,0,6/12/2015 22:35,22:35,6,0,0,TENNESSEE AVE 2400 BLK W & ZUNI ST S,1,3,0,7,3,3,,,30,0,0,0,0,0,4,2,16
,2015_58910,39.774883,-104.857198,3/6/2015 16:16,16:16,12,0,0,I-70 & MM 281,1,1,1,0,1,4,,,55,0,0,0,0,0,1,2,13
,2015_58911,39.772637,-104.831102,12/23/2015 18:30,18:30,12,0,0,I-70 & I-225 NB FLY OVER,2,3,0,2,1,4,,,55,0,0,0,0,0,1,2,13
,2015_58912,39.774005,-104.847034,5/11/2015 19:42,19:42,10,0,0,I-70 WB RAMPS & PEORIA ST N,1,2,0,0,1,1,,,20,0,0,0,0,0,1,2,8
,2015_58938,39.698614,-104.903604,3/6/2015 12:10,12:10,15,0,0,QUEBEC ST 900 BLK S & LEETSDALE DR,1,1,1,0,1,3,,,35,0,0,0,0,0,2,2,13
,2015_58939,39.698614,-104.903604,6/10/2015 22:35,22:35,12,0,0,LEETSDALE DR & QUEBEC ST S,1,3,0,0,1,1,,,35,0,0,0,0,0,2,2,13
,2015_58940,39.700211,-104.908032,1/15/2015 7:26,7:26,12,0,0,LEETSDALE DR 6900 BLK & ONEIDA ST S,1,5,0,0,1,3,,,40,0,0,0,0,0,2,2,1
,2015_58941,39.701258,-104.910697,2/27/2015 2:44,2:44,5,0,0,LEETSDALE DR & NIAGARA ST S,11,3,1,2,3,1,,,35,0,0,0,0,0,2,1,7
,2015_58942,39.70415,-104.915145,9/18/2015 11:42,11:42,12,0,0,LEETSDALE DR 6300 BLK & EXPOSITION AVE E,1,1,0,0,1,4,,,35,0,0,0,0,1,2,2,1
,2015_58951,39.729259,-105.02515,4/24/2015 12:45,12:45,3,0,1,FEDERAL BLVD 800 BLK N & 8TH AVE W,1,1,1,0,1,2,,,35,0,0,0,0,2,2,2,13
,2015_58952,39.689552,-105.02506,12/5/2015 18:00,18:00,12,0,0,FLORIDA AVE W & FEDERAL BLVD S,1,3,0,0,1,1,,,30,0,0,0,0,0,2,2,13
,2015_58954,39.725493,-105.025119,9/13/2015 17:35,17:35,3,0,1,6TH AVE W & FEDERAL BLVD N,1,1,0,0,1,1,,,35,0,0,0,1,3,2,4,14
,2015_58955,39.694735,-105.025055,1/17/2015 15:35,15:35,1,0,0,FEDERAL BLVD S & ARIZONA AVE W,1,1,0,0,1,2,,,40,0,0,0,0,0,2,2,9
,2015_58956,39.689552,-105.02506,7/7/2015 14:05,14:05,12,0,0,FEDERAL BLVD S & FLORIDA AVE W,1,1,0,0,1,3,,,40,0,0,0,0,1,2,2,3
,2015_58957,39.682271,-105.025016,5/9/2015 8:01,8:01,1,0,0,FEDERAL BLVD S & JEWELL AVE S,2,1,0,1,1,1,,,40,0,0,0,0,0,2,2,13
,2015_58958,39.675237,-105.02504,5/3/2015 1:36,1:36,12,0,0,FEDERAL BLVD S & ILIFF AVE W,1,3,0,0,1,1,,,40,0,0,0,0,0,2,2,5
,2015_58959,39.678616,-105.025049,8/16/2015 1:57,1:57,12,0,0,FEDERAL BLVD S & EVANS AVE W,2,3,0,1,1,1,,,40,0,0,0,0,0,2,2,13
,2015_58972,39.736987,-105.053217,1/6/2015 14:56,14:56,12,0,0,SHERIDAN BLVD & 1300 N,2,1,1,0,1,4,,,35,0,0,0,0,1,2,2,13
,2015_58973,39.736987,-105.053217,2/23/2015 0:00,0:00,12,0,0,SHERIDAN BLVD & 1300 BLK N,2,1,1,0,1,4,,,35,0,0,0,0,1,2,2,13
,2015_58975,39.663758,-105.053238,10/20/2015 5:49,5:49,5,1,0,SHERIDAN BLVD (2800 BLK S) & BATES AVE N,1,2,1,0,3,4,,,45,0,0,0,0,4,2,1,1
,2015_58976,39.747566,-105.053233,5/10/2015 8:30,8:30,11,0,0,SHERIDAN BLVD N & 20TH AVE W,1,1,0,0,1,1,,,,0,1,0,0,1,2,2,13
,2015_58977,39.758446,-105.053239,2/25/2015 10:00,10:00,15,0,0,29TH AVE W & SHERIDAN BLVD N,1,1,0,0,1,1,,,25,0,0,0,0,0,2,2,14
,2015_58996,39.617254,-105.091119,4/4/2015 10:59,10:59,1,0,1,WADSWORTH BLVD 5500 S & CROSS AVE W,1,1,0,0,1,1,,,40,0,0,0,0,2,2,3,7
,2015_59027,39.629871,-104.904931,7/9/2015 8:02,8:02,12,0,0,I-225 HWY SB & UNKOWN LOCATION,1,1,0,0,1,4,,,55,0,0,0,0,0,1,3,8
,2015_59028,39.634397,-104.900674,3/20/2015 8:11,8:11,12,0,0,I-225 & 4000 S (APPROX),1,1,0,0,1,4,,,65,0,0,0,0,0,1,2,5
,2015_59029,39.636098,-104.891693,2/5/2015 15:15,15:15,12,0,0,I-225 & DTC BLVD N,1,1,1,0,1,4,,,35,0,0,0,0,0,1,2,3
,2015_59043,39.652993,-104.926111,3/18/2015 16:52,16:52,12,0,0,HAMPDEN AVE E & GLENCOE ST S,1,1,0,0,1,4,,,30,0,0,0,0,0,2,3,3
,2015_59044,39.652982,-104.918617,1/6/2015 19:20,19:20,12,0,0,HAMPDEN AVE E & I-25,1,3,0,0,1,4,,,40,0,0,0,0,0,2,2,13
,2015_59047,39.78466,-105.025209,8/13/2015 23:18,23:18,1,0,0,FEDERAL BLVD & I-70 WB RAMPS,1,3,0,0,1,1,,,45,0,0,0,0,1,2,2,10
,2015_59048,39.785685,-105.025205,3/10/2015 15:38,15:38,3,0,0,FEDERAL BLVD & 4900 BLK N,1,1,1,0,1,2,,,35,0,0,0,0,0,2,2,13
,2015_59066,40.158433,-105.10253,1/5/2015 17:20,17:20,1,0,0,COLORADO AVE W & FEDERAL BLVD S,2,3,1,0,1,1,,,40,0,0,0,0,0,2,2,13
,2015_59096,39.834236,-104.746855,6/12/2015 9:44,9:44,15,0,0,PENA BLVD & E-470,1,1,0,0,1,4,,,65,0,0,0,0,0,2,2,8
,2015_59097,39.834236,-104.746855,7/15/2015 17:35,17:35,5,0,0,PENA BLVD & E-470,2,1,0,1,2,4,,,65,0,0,0,0,0,2,1,14
,2015_59100,0,0,8/22/2015 9:45,9:45,5,0,0,4TH AVE W & PERRY ST N,1,1,0,0,4,1,,,25,0,0,0,0,0,4,1,13
,2015_59176,0,0,1/2/2015 15:29,15:29,5,0,0,ONEIDA ST & 845 N,10,1,1,0,2,4,,,25,0,0,0,0,0,4,1,14
,2015_59237,0,0,3/26/2015 16:10,16:10,12,0,0,2ND AVE W & BRYANT ST N,1,1,0,7,1,3,,,25,0,0,0,0,0,4,2,4
,2015_59238,0,0,4/2/2015 17:30,17:30,3,0,0,2ND AVE 2400 BLK E & JOSEPHINE ST N,2,1,0,2,1,2,,,25,0,0,0,0,0,4,2,13
,2015_59239,0,0,2/19/2015 8:07,8:07,3,0,0,4TH AVE E & WASHINGTON ST N,1,1,0,7,1,1,,,25,0,0,0,0,0,4,2,1
,2015_59240,0,0,7/7/2015 6:20,6:20,3,0,0,6TH AVE E & ASH ST,1,1,0,0,1,1,,,30,0,0,0,0,1,4,2,13
,2015_59241,0,0,4/8/2015 10:02,10:02,3,0,0,6TH AVE 400 BLK E & LOGAN ST N,1,1,0,7,1,1,,,30,0,0,0,0,0,4,2,16
,2015_59242,0,0,5/25/2015 16:14,16:14,3,0,0,6TH AVE E & STEELE ST N,1,1,0,0,1,1,,,25,0,0,0,0,0,4,1,13
,2015_59243,0,0,5/11/2015 16:45,16:45,3,0,0,8TH AVE E & MONACO ST N,1,1,0,0,1,1,,,30,0,0,0,0,0,4,2,14
,2015_59244,0,0,6/24/2015 6:28,6:28,6,0,0,10TH AVE 4800 BLK W & WOLFF ST N,1,1,0,7,1,4,,,35,0,0,0,0,0,4,3,14
,2015_59245,0,0,3/27/2015 14:30,14:30,15,0,0,11TH AVE E & BROADWAY ST N,1,1,0,7,1,1,,,30,0,0,0,0,0,4,2,14
,2015_59246,0,0,1/6/2015 9:55,9:55,12,0,0,11TH AVE W & GALAPAGO ST N,6,1,0,0,1,1,,,30,0,0,0,0,0,4,2,14
,2015_59247,0,0,6/12/2015 18:00,18:00,3,0,0,11TH AVE W & MARIPOSA ST,1,1,0,7,1,1,,,30,0,0,0,0,0,4,2,16
,2015_59248,0,0,4/8/2015 4:08,4:08,3,0,0,13TH AVE E & FILLMORE ST N,1,1,0,0,1,1,,,25,0,0,0,0,0,4,2,13
,2015_59249,0,0,6/17/2015 21:19,21:19,6,0,0,13TH AVE 1600 BLK E & GILPIN ST N,1,3,0,7,3,4,,,30,0,0,0,0,0,4,2,12
,2015_59250,0,0,3/30/2015 18:38,18:38,2,0,1,16TH AVE E & GRANT ST N,1,1,0,0,1,1,,,25,1,0,0,0,2,4,2,13
,2015_59251,0,0,7/17/2015 11:36,11:36,2,0,1,23RD AVE 1600 BLK E & FRANKLIN ST,1,1,0,0,1,5,,,30,1,0,0,0,3,4,2,13
,2015_59252,0,0,3/20/2015 17:39,17:39,3,0,1,26TH AVE W & ELIOT ST N,1,1,1,7,1,1,,,25,0,0,0,0,2,4,2,16
,2015_59253,0,0,2/11/2015 22:00,22:00,6,0,0,26TH AVE W & GROVE ST N,1,3,0,7,1,4,,,35,0,0,0,0,0,4,3,12
,2015_59254,0,0,4/15/2015 15:09,15:09,10,0,0,26TH AVE E & JACKSON ST N,1,1,0,0,1,4,,,30,0,0,0,0,1,4,2,13
,2015_59255,0,0,7/27/2015 9:20,9:20,3,0,0,32ND AVE E & QUEBEC ST N,1,5,0,7,1,1,,,35,0,0,0,0,0,4,2,15
,2015_59256,0,0,2/4/2015 11:04,11:04,6,0,0,33RD AVE W & IRVING ST N,6,1,0,7,1,3,,,30,0,0,0,0,0,4,3,14
,2015_59257,0,0,2/12/2015 15:41,15:41,3,0,0,35TH AVE E & STEELE ST N,1,1,1,7,1,1,,,30,0,0,0,0,0,4,2,16
,2015_59258,0,0,6/11/2015 8:05,8:05,12,0,0,38TH AVE & 3400 BLK W,1,1,1,0,1,4,,,35,0,0,0,0,0,4,2,13
,2015_59259,0,0,7/17/2015 12:22,12:22,12,0,0,38TH AVE W & IRVING ST N,1,1,0,7,1,4,,,35,0,0,0,0,1,4,2,16
,2015_59260,0,0,2/11/2015 15:53,15:53,3,0,0,38TH AVE W & VRAIN ST N,1,1,0,7,1,1,,,25,0,0,0,0,0,4,2,12
,2015_59261,0,0,2/2/2015 6:58,6:58,3,0,0,45TH AVE E & JOSEPHINE ST N,5,2,0,0,1,1,,,30,0,0,0,0,0,4,2,7
,2015_59262,0,0,4/24/2015 10:15,10:15,5,0,0,47TH AVE 19763 E & FLANDERS WAY,1,1,0,0,3,3,,,25,0,0,0,0,1,4,1,5
,2015_59263,0,0,12/23/2015 6:30,6:30,11,0,0,S AMMONS ST & QUINCY AVE W,1,3,0,0,1,1,,,40,0,1,0,0,1,4,2,13
,2015_59264,0,0,2/23/2015 7:59,7:59,12,0,0,ALAMEDA AVE 3500 BLK E & MADISON ST S,5,1,0,7,1,4,,,30,0,0,0,0,0,4,2,16
,2015_59265,0,0,1/22/2015 18:56,18:56,15,0,0,ALAMEDA AVE E & MONACO ST S,1,3,0,7,1,4,,,35,0,0,0,0,0,4,2,16
,2015_59266,0,0,1/3/2015 0:34,0:34,12,0,0,ALAMEDA AVE E & RACE ST S,2,3,1,2,1,1,,,30,0,0,0,0,0,4,2,7
,2015_59267,0,0,5/15/2015 16:57,16:57,1,0,0,BRIGHTON BLVD 3800 BLK N & 38TH ST,1,1,0,7,1,1,,,30,0,0,0,0,0,4,2,1
,2015_59268,0,0,2/8/2015 0:35,0:35,15,0,0,BROADWAY ST 200 BLK S & ALAMEDA AVE E,1,3,0,0,1,4,,,30,0,0,0,0,0,4,3,5