id,drcog_id,latitude,longitude,crashtime,time,crashtype,numbkilled,numbinjurd,drcoglocat,rdconditin,lightngcon,roadcntgrd,weatherco,location,roaddescrp,schoolzone,constrzone,splimit,bikeinv,pedinv,sctrinv,motoinv,svrty,rdsystem,ttlvehcls,hcf
,2015_59269,0,0,7/8/2015 18:35,18:35,11,0,1,BROADWAY ST S & FLORIDA AVE E,2,1,0,1,1,1,,,35,0,1,0,0,3,4,2,13
,2015_59270,0,0,9/2/2015 1:15,1:15,6,0,0,BAYAUD AVE 600 BLK E & WASHINGTON ST S,1,3,0,7,1,4,,,25,0,0,0,0,0,4,3,16
,2015_59271,0,0,6/11/2015 12:35,12:35,11,0,0,BRYANT ST N 4636 & 46TH AVE W,1,1,0,0,1,4,,,30,0,1,0,0,1,4,2,14
,2015_59272,0,0,5/18/2015 16:41,16:41,15,0,0,BUCHTEL BLVD 900 BLK E & EMERSON ST S,1,1,1,7,1,3,,,30,0,0,0,0,0,4,2,3
,2015_59273,0,0,3/8/2015 20:08,20:08,12,0,0,BUCHTEL BLVD 3900 BLK E & COLORADO BLVD S,1,3,0,0,1,4,,,30,0,0,0,0,0,4,2,5
,2015_59274,0,0,4/24/2015 21:14,21:14,12,0,0,CHAMBERS RD N & 53RD AVE E,1,3,0,7,1,4,,,40,0,0,0,0,0,4,2,8
,2015_59275,0,0,6/10/2015 7:56,7:56,12,0,0,CHAMBERS RD N & ANDREWS DR E,1,1,0,7,1,1,,,40,0,0,0,0,0,4,2,16
,2015_59276,0,0,5/29/2015 12:25,12:25,12,0,0,CHAMPA ST 2800 BLK & 28TH ST,1,1,0,7,1,4,,,30,0,0,0,0,1,4,2,3
,2015_59277,0,0,7/25/2015 20:58,20:58,6,0,0,CORONA ST 400 BLK N & 5TH AVE E,1,3,0,7,1,4,,,25,0,0,0,0,0,4,2,7
,2015_59278,0,0,5/3/2015 16:15,16:15,15,0,1,COURT PL & 14TH ST,1,1,0,0,1,1,,,25,0,0,0,1,3,4,2,1
,2015_59279,0,0,3/6/2015 16:00,16:00,12,0,0,DARTMOUTH AVE & HAVANA ST,1,1,0,7,1,4,,,30,0,0,0,0,0,4,2,7
,2015_59280,0,0,12/4/2015 17:14,17:14,11,0,0,DEPEW ST 2000 BLK S & EVANS AVE W,1,3,0,0,1,2,,,,0,1,0,0,1,4,2,13
,2015_59281,0,0,12/1/2015 15:42,15:42,13,0,0,CROWN BLVD 4500 BLK N & 46TH AVE E,1,1,0,0,1,4,,,25,0,0,0,0,1,4,2,13
,2015_59282,0,0,9/24/2015 17:24,17:24,1,0,1,EVANS AVE & 2700 BLK W,1,1,0,0,1,2,,,35,0,0,0,0,2,4,2,7
,2015_59283,0,0,1/26/2015 11:03,11:03,12,0,0,DTC BLVD 4500 BLK S & TUFTS AVE E,1,1,0,7,1,3,,,35,0,0,0,0,0,4,2,3
,2015_59284,0,0,2/14/2015 18:06,18:06,1,0,0,DTC BLVD S & UNION AVE E,1,1,0,7,1,1,,,35,0,0,0,0,1,4,2,3
,2015_59285,0,0,6/10/2015 17:56,17:56,3,0,0,EVANS AVE W & BANNOCK ST S,1,1,0,7,1,1,,,30,0,0,0,0,0,4,2,16
,2015_59286,0,0,1/23/2015 13:40,13:40,15,0,0,EVANS AVE W & CLAY ST S,1,1,1,7,1,4,,,35,0,0,0,0,0,4,2,16
,2015_59287,0,0,6/2/2015 14:50,14:50,12,0,0,EVANS AVE 5200 BLK E & GRAPE ST S,1,1,0,7,1,4,,,35,0,0,0,0,0,4,2,16
,2015_59288,0,0,6/2/2015 11:25,11:25,3,0,0,GILPIN ST S & LOUISIANA AVE E,1,1,0,7,1,1,,,30,0,0,0,0,1,4,2,16
,2015_59289,0,0,4/16/2015 11:50,11:50,3,0,0,GIRARD AVE E & MONACO ST S,2,1,0,2,1,2,,,30,0,0,0,0,0,4,2,1
,2015_59290,0,0,3/22/2015 17:55,17:55,6,0,0,GRAPE ST & 1280 BLK S,1,1,0,0,1,4,,,35,0,0,0,0,0,4,4,14
,2015_59291,0,0,5/8/2015 11:19,11:19,3,0,0,GVR BLVD E & PENA BLVD N,2,1,0,1,1,1,,,35,0,0,0,0,0,4,2,8
,2015_59292,0,0,1/16/2015 18:59,18:59,12,0,0,HIGH ST & 1900 BLK S,1,3,0,0,1,2,,,25,0,0,0,0,0,4,2,13
,2015_59293,0,0,3/27/2015 23:00,23:00,6,0,0,KALAMATH ST N & 37TH AVE W,1,5,0,7,2,4,,,,0,0,0,0,0,4,2,16
,2015_59294,0,0,3/18/2015 19:39,19:39,11,0,1,JEWELL AVE E & FAIRFAX ST S,1,3,0,0,1,1,,,,0,1,0,0,2,4,2,13
,2015_59295,0,0,6/5/2015 8:38,8:38,15,0,0,JEWELL AVE E & HOLLY ST S,1,1,0,0,1,1,,,30,0,0,0,0,0,4,2,13
,2015_59296,0,0,7/25/2015 0:45,0:45,6,0,0,KENTUCKY AVE W & DALE CT S,1,4,0,7,1,4,,,25,0,0,0,0,0,4,3,1
,2015_59297,0,0,7/25/2015 23:30,23:30,12,0,0,LINCOLN ST 0000 BLK N & 1ST AVE E,1,3,0,7,1,4,,,30,0,0,0,0,1,4,2,16
,2015_59298,0,0,2/19/2015 20:25,20:25,2,0,0,LINCOLN ST 1000 BLK N & 10TH AVE E,1,3,0,0,1,4,,,30,1,0,0,0,0,4,2,1
,2015_59299,0,0,8/8/2015 22:13,22:13,5,0,1,LINCOLN 800 BLK N & SHERMAN ST N,1,3,1,0,4,5,,,10,0,0,0,0,2,4,2,13
,2015_59300,0,0,2/8/2015 11:43,11:43,6,0,0,LITTLE RAVEN ST 1900 BLK & 20TH ST,1,1,0,7,1,4,,,30,0,0,0,0,0,4,2,3
,2015_59301,0,0,6/5/2015 14:12,14:12,3,0,0,LOGAN ST S & OHIO AVE E,1,1,0,7,1,1,,,25,0,0,0,0,1,4,2,3
,2015_59302,0,0,5/24/2015 18:08,18:08,6,0,0,MAPLE AVE W & BROADWAY,1,1,0,7,1,4,,,25,0,0,0,0,0,4,2,16
,2015_59303,0,0,9/11/2015 20:30,20:30,6,0,0,MAPLE AVE 000 BLK E & BROADWAY ST S,1,3,1,0,1,4,,,25,0,0,0,0,0,4,2,5
,2015_59304,0,0,8/30/2015 17:35,17:35,3,0,0,MARIPOSA ST N & 37TH AVE W,1,1,0,0,1,1,,,25,0,0,0,0,0,4,2,13
,2015_59305,0,0,6/24/2015 18:15,18:15,1,0,0,MLK BLVD E & ST PAUL ST N,2,1,0,1,1,1,,,30,0,0,0,0,1,4,2,13
,2015_59306,0,0,10/19/2015 18:22,18:22,12,0,0,MONACO PKWY S & CHERRY CREEK DR S,1,3,0,0,1,4,,,40,0,0,0,0,1,4,3,3
,2015_59307,0,0,11/26/2015 14:53,14:53,6,0,0,MLK BLVD E & BIRCH ST N,2,1,0,7,1,4,,,25,0,0,0,0,0,4,2,3
,2015_59308,0,0,7/8/2015 16:28,16:28,12,0,0,MONACO ST S & FLORIDA AVE E,2,1,0,7,1,4,,,35,0,0,0,0,0,4,2,3
,2015_59309,0,0,1/27/2015 16:54,16:54,12,0,0,MONACO ST S & NARCISSUS WAY S,1,2,0,7,1,1,,,30,0,0,0,0,0,4,2,3
,2015_59310,0,0,2/19/2015 8:15,8:15,10,0,0,MORRISON RD & STUART ST S,1,1,0,0,1,1,,,25,0,0,0,0,0,4,2,13
,2015_59311,0,0,2/5/2015 8:41,8:41,6,0,0,OHIO AVE 10000 BLK E & DAYTON ST S,5,1,0,0,1,2,,,25,0,0,0,0,0,4,3,1
,2015_59312,0,0,1/15/2015 13:25,13:25,12,0,0,PARK AVE & 300 BLK,1,1,0,0,1,3,,,30,0,0,0,0,0,4,3,13
,2015_59313,0,0,4/21/2015 10:40,10:40,3,0,0,PARK AVE W & GLENARM PL,1,1,0,7,1,1,,,30,0,0,0,0,0,4,2,16
,2015_59314,0,0,1/26/2015 12:00,12:00,6,0,0,PATTON CT & 773 BLK S,1,1,0,0,1,4,,,25,0,0,0,0,0,4,2,13
,2015_59315,0,0,7/27/2015 8:27,8:27,12,0,0,PENA BLVD N & 56TH AVE E,1,1,0,7,1,4,,,35,0,0,0,0,1,4,2,16
,2015_59316,0,0,6/3/2015 17:50,17:50,12,0,0,PENA BLVD 4700 BLK & GVR BLVD,2,1,0,1,1,3,,,45,0,0,0,0,1,4,2,16
,2015_59317,0,0,11/16/2015 20:01,20:01,12,0,0,PENA BLVD & 56TH AVE E,2,3,1,2,1,1,,,30,0,0,0,0,0,4,2,13
,2015_59318,0,0,3/6/2015 16:16,16:16,3,0,0,PENNSYLVANIA ST 1500 BLK N & 16TH ST E,1,1,0,7,1,2,,,,0,0,0,0,0,4,2,16
,2015_59319,0,0,1/7/2015 7:05,7:05,12,0,0,QUEBEC ST N & 6TH AVE E,5,1,0,2,1,1,,,35,0,0,0,0,0,4,2,7
,2015_59320,0,0,3/17/2015 8:50,8:50,15,0,0,QUEBEC ST 200 BLK S & ALAMEDA AVE E,1,1,0,0,1,3,,,35,0,0,0,0,0,4,2,13
,2015_59321,0,0,8/2/2015 14:24,14:24,3,0,0,QUEBEC ST 3200 BLK N & MLK BLVD E,1,1,0,7,1,1,,,30,0,0,0,0,1,4,2,8
,2015_59322,0,0,4/18/2015 22:22,22:22,15,0,0,14TH ST 1000 BLK & CURTIS ST,1,3,0,7,1,4,,,25,0,0,0,0,1,4,2,14
,2015_59323,0,0,4/21/2015 13:06,13:06,12,0,0,15TH ST & BOULDER AVE,1,1,0,7,1,3,,,35,0,0,0,0,1,4,3,14
,2015_59324,0,0,3/28/2015 22:27,22:27,10,0,0,15TH ST & LARIMER ST,1,3,0,0,1,1,,,25,0,0,0,0,0,4,2,7
,2015_59325,0,0,5/7/2015 16:00,16:00,12,0,0,15TH ST & STOUT ST,1,1,0,7,1,1,,,25,0,0,0,0,0,4,3,16
,2015_59326,0,0,7/17/2015 21:05,21:05,15,0,0,17TH ST & TREMONT PL,1,2,1,7,1,1,,,30,0,0,0,0,0,4,2,9
,2015_59327,0,0,4/18/2015 15:17,15:17,3,0,0,18TH ST E & BROADWAY ST N,1,1,0,0,1,1,,,30,0,0,0,0,0,4,2,8
,2015_59328,0,0,5/1/2015 2:06,2:06,12,0,0,20TH ST 2100 BLK & LITTLE RAVEN ST,2,3,1,7,1,3,,,30,0,0,0,0,0,4,2,5
,2015_59330,0,0,1/25/2015 13:19,13:19,3,0,1,33RD ST & LAWRENCE ST,1,1,0,0,1,1,,,25,0,0,0,0,2,4,2,14
,2015_59331,0,0,1/5/2015 11:13,11:13,3,0,0,SANTA FE DR N & 3RD AVE W,2,1,0,7,1,1,,,30,0,0,0,0,0,4,2,16
,2015_59332,0,0,2/20/2015 18:10,18:10,10,0,0,SANTA FE DR & 3RD AVE W,2,3,0,0,1,1,,,30,0,0,0,0,0,4,2,13
,2015_59333,0,0,7/6/2015 9:50,9:50,15,0,0,SHERMAN ST 1600 BLK N & 16TH AVE E,2,1,0,1,1,4,,,25,0,0,0,0,0,4,2,16
,2015_59334,0,0,7/10/2015 12:00,12:00,3,0,0,SMITH RD E & POPLAR ST N,1,1,0,7,1,1,,,35,0,0,0,0,0,4,2,3
,2015_59335,0,0,5/30/2015 11:45,11:45,12,0,0,SPEER BLVD & 2300 BLK N,1,1,0,0,1,3,,,35,0,0,0,0,0,4,2,13
,2015_59336,0,0,6/3/2015 20:29,20:29,15,0,0,SPEER BLVD 700 BLK N & BANNOCK ST N,2,3,0,1,1,4,,,30,0,0,0,0,0,4,2,1
,2015_59337,0,0,5/30/2015 13:00,13:00,3,0,0,SPEER BLVD N & MARKET ST,1,1,0,7,1,1,,,35,0,0,0,0,0,4,2,16
,2015_59338,0,0,4/16/2015 18:50,18:50,15,0,0,SPEER BLVD N & ZUNI ST N,2,3,1,1,1,4,,,35,0,0,0,0,0,4,2,16
,2015_59339,0,0,2/18/2015 7:35,7:35,12,0,0,STAPLETON DR NORTH & DAHLIA ST N,1,1,0,7,1,1,,,35,0,0,0,0,0,4,3,16
,2015_59340,0,0,8/12/2015 12:36,12:36,3,0,0,STAPLETON N DR E & DAHLIA ST N,1,1,0,7,1,1,,,40,0,0,0,0,1,4,2,16
,2015_59341,0,0,7/23/2015 21:19,21:19,6,0,0,STEELE ST N & 40TH AVE E,1,3,0,7,1,4,,,25,0,0,0,0,0,4,2,16
,2015_59342,0,0,6/2/2015 17:10,17:10,3,0,0,STEELE ST S & ALAMEDA ST E,1,1,0,7,1,1,,,30,0,0,0,0,0,4,2,16
,2015_59343,0,0,4/15/2015 8:55,8:55,1,0,0,TAMARAC ST S & QUINCY AVE E,1,1,0,0,1,1,,,35,0,0,0,0,0,4,2,13
,2015_59344,0,0,12/25/2015 19:00,19:00,12,0,0,S SYRACUSE WAY & S UINTA ST,4,3,0,2,1,2,,,35,0,0,0,0,1,4,2,13
,2015_59345,0,0,2/17/2015 8:00,8:00,8,0,0,TITAN WAY N & TITAN CT N,5,1,0,0,1,4,,,25,0,0,0,0,0,4,2,13
,2015_59346,0,0,8/8/2015 23:55,23:55,5,0,0,TOWER RD N & 56TH AVE E,1,4,0,7,3,1,,,45,0,0,0,0,0,4,1,14
,2015_59347,0,0,7/2/2015 12:00,12:00,5,0,0,TULSA WAY N & 5527,1,1,0,0,3,4,,,25,0,0,0,0,0,4,1,1
,2015_59348,0,0,2/2/2015 17:21,17:21,15,0,0,UNIVERSITY BLVD & 1300 BLK S,1,3,0,0,1,3,,,30,0,0,0,0,0,4,2,13
,2015_59349,0,0,7/16/2015 17:10,17:10,12,0,0,UNIVERSITY BLVD 800 BLK S & OHIO AVE E,1,1,0,7,1,3,,,30,0,0,0,0,0,4,2,3
,2015_59350,0,0,6/15/2015 2:14,2:14,6,0,0,VALENTIA ST N & 16TH AVE E,1,3,0,7,1,4,,,25,0,0,0,0,0,4,2,5
,2015_59351,0,0,7/9/2015 13:58,13:58,6,0,0,VALLEJO ST N & 30TH AVE W,1,1,1,0,1,1,,,,0,0,0,0,0,4,2,13
,2015_59352,0,0,5/5/2015 22:30,22:30,5,0,0,WAZEE ST & 1800 BLK,2,3,1,1,3,4,,,25,0,0,0,0,0,4,1,1
,2015_59354,0,0,2/2/2015 17:47,17:47,12,0,0,YALE AVE E & NEWPORT ST S,1,3,0,7,1,1,,,30,0,0,0,0,0,4,3,3
,2015_59355,0,0,4/10/2015 15:27,15:27,2,0,1,YOSEMITE ST S & EASTMAN PL E,1,1,0,0,1,1,,,35,1,0,0,0,3,4,2,13
,2015_59472,39.68771,-104.940549,7/29/2015 13:40,13:40,12,0,0,COLORADO BLVD 1500 BLK S & IOWA AVE E,1,1,1,0,1,4,,,35,0,0,0,0,0,2,2,13
,2015_59473,39.690783,-104.94055,1/2/2015 14:21,14:21,12,0,0,COLORADO BLVD 1400 S & ARKANSAS AVE E,2,1,1,0,1,4,,,35,0,0,0,0,0,2,3,3
,2015_59474,39.692997,-104.94055,5/24/2015 18:00,18:00,12,0,0,COLORADO BLVD S & LOUISIANA AVE E,1,1,0,0,1,1,,,45,0,0,0,0,1,2,2,7
,2015_59475,39.694375,-104.940551,1/28/2015 10:17,10:17,5,0,0,COLORADO BLVD S & GIRARD AVE E,1,1,1,0,3,1,,,40,0,0,0,0,0,2,1,12
,2015_59476,39.700405,-104.940616,12/24/2015 18:45,18:45,15,0,0,COLORADO BLVD S & E KENTUCKY AVE,1,3,1,0,1,3,,,35,0,0,0,0,0,2,2,13
,2015_59477,39.714316,-104.940629,8/11/2015 11:40,11:40,12,0,0,COLORADO BLVD 100 BLK S & BAYAUD AVE E,1,1,1,0,1,3,,,35,0,0,0,0,0,2,2,13
,2015_59478,39.652949,-104.940686,6/12/2015 13:46,13:46,1,0,0,COLORADO BLVD S & HAMPDEN AVE E,1,1,0,0,1,1,,,30,0,0,0,0,0,2,2,13
,2015_59479,39.721058,-104.940629,2/5/2015 17:58,17:58,12,0,0,COLORADO BLVD 300 BLK N & 3RD AVE E,1,3,0,0,1,4,,,35,0,0,0,0,0,2,3,8
,2015_59480,39.721058,-104.940629,6/11/2015 18:54,18:54,12,0,0,COLORADO BLVD & 300 BLK N,2,2,1,1,1,3,,,30,0,0,0,0,1,2,3,12
,2015_59481,39.73047,-104.940623,5/26/2015 15:42,15:42,1,0,0,9TH AVE E & COLORADO BLVD N,1,1,0,0,1,1,,,35,0,0,0,0,0,2,2,13
,2015_59482,39.736767,-104.940616,5/21/2015 8:50,8:50,12,0,0,COLORADO BLVD & 13TH AVE,1,1,0,0,1,4,,,35,0,0,0,0,1,2,2,7
,2015_59483,39.771594,-104.940502,6/24/2015 8:15,8:15,12,0,0,COLORADO BLVD 3900 BLK N & 40TH AVE E,1,1,0,0,1,3,,,35,0,0,0,0,0,2,4,13
,2015_59484,39.77385,-104.940509,5/5/2015 14:45,14:45,12,0,0,41ST AVE E & COLORADO BLVD N,2,1,1,1,1,4,,,40,0,0,0,0,0,2,2,13
,2015_59490,39.72542,-105.025548,12/8/2015 17:00,17:00,15,0,0,6TH AVE W & FEDERAL BLVD N,1,3,1,0,1,4,,,45,0,0,0,0,0,2,2,7
,2015_59491,39.725385,-105.022188,3/3/2015 7:55,7:55,12,0,0,6TH AVE & FEDERAL BLVD EB ENT GORE PT,1,1,0,0,1,4,,,45,0,0,0,0,0,2,2,13
,2015_59492,39.725218,-105.017695,3/27/2015 21:30,21:30,15,0,0,6TH AVE W & I-25 EB ON RAMP,1,3,0,0,1,4,,,55,0,0,0,0,0,2,2,13
,2015_59529,39.653075,-104.918243,11/19/2015 21:25,21:25,15,0,0,I-25 & HAMPDEN AVE E,1,3,0,0,1,4,,,60,0,0,0,0,0,1,2,1
,2015_59530,39.679563,-104.934604,7/21/2015 16:20,16:20,12,0,0,I-25 NB ON RAMP AT METER & EVANS AVE E,1,1,0,0,1,8,,,45,0,0,0,0,0,1,2,13
,2015_59531,39.68492,-104.959513,3/13/2015 8:31,8:31,15,0,0,UNIVERSITY BLVD S & I-25 NB OFF RAMP,1,1,0,0,1,1,,,30,0,0,0,0,0,1,2,8
,2015_59532,39.684915,-104.959705,4/25/2015 17:35,17:35,12,0,0,I-25 & MM 205,1,1,0,0,1,4,,,55,0,0,0,0,0,1,2,3
,2015_59533,39.684898,-104.960282,1/5/2015 16:40,16:40,15,0,0,I-25 & UNIVERSITY BLVD S,1,3,1,0,1,8,,,30,0,0,0,0,0,1,2,13
,2015_59534,39.690712,-104.974715,5/28/2015 19:51,19:51,12,0,1,I-25 & DOWNING ST S,2,1,0,0,1,4,,,60,0,0,0,0,3,1,2,3
,2015_59535,39.701665,-104.987686,6/14/2015 18:45,18:45,15,0,1,I-25 & BROADWAY S,1,1,1,0,1,4,,,65,0,0,0,0,2,1,2,13
,2015_59536,39.701047,-104.986944,1/22/2015 17:28,17:28,12,0,0,I-25 & BROADWAY S,1,2,0,0,1,4,,,55,0,0,0,0,0,1,2,13
,2015_59537,39.70448,-104.99422,5/27/2015 16:25,16:25,12,0,0,I-25 NB OFF RAMP & SANTA FE DR S,1,1,0,0,1,8,,,45,0,0,0,0,0,1,2,13
,2015_59538,39.71124,-104.998918,3/10/2015 6:50,6:50,12,0,0,I-25 & ALAMEDA AVE W,1,1,0,0,1,4,,,55,0,0,0,0,0,1,2,13
,2015_59539,39.712393,-104.999602,7/18/2015 18:00,18:00,12,0,0,I-25 & ALAMEDA AVE W,1,1,0,0,1,4,,,65,0,0,0,0,0,1,2,14
,2015_59540,39.72543,-105.013021,11/5/2015 14:45,14:45,12,0,0,I-25 & 6TH AVE,1,1,0,0,1,4,,,55,0,0,0,0,0,1,2,16
,2015_59541,39.72543,-105.013021,1/12/2015 8:51,8:51,15,0,0,I-25 & 6TH AVE W,1,1,0,0,1,4,,,55,0,0,0,0,0,1,2,13
,2015_59542,39.729334,-105.014821,1/28/2015 13:37,13:37,12,0,0,I-25 SB & 8TH AVE W,1,1,0,0,1,4,,,55,0,0,0,0,0,1,2,13
,2015_59543,39.729334,-105.014821,6/26/2015 11:32,11:32,12,0,0,I-25 & 8TH AVE W,1,1,1,0,1,4,,,55,0,0,0,0,0,1,2,13
,2015_59544,39.74094,-105.014063,7/29/2015 7:49,7:49,12,0,0,I-25 & COLFAX AVE W,1,1,1,0,1,4,,,55,0,0,0,0,1,1,2,13
,2015_59545,39.751291,-105.016572,2/2/2015 13:55,13:55,12,0,0,I-25 & 23RD AVE W,1,1,0,0,1,4,,,55,0,0,0,0,0,1,2,13
,2015_59546,39.768039,-104.994788,11/21/2015 23:00,23:00,15,0,0,I-25 & PARK AVE WEST,1,3,0,0,1,4,,,55,0,0,0,0,0,1,2,4
,2015_59547,39.768039,-104.994788,5/27/2015 18:46,18:46,15,0,0,I-25 & 38TH AVE W,1,1,1,0,1,4,,,55,0,0,0,0,0,1,3,13
,2015_59548,39.768039,-104.994788,7/8/2015 6:30,6:30,12,0,0,I-25 & PARK AVE WEST,1,1,1,0,1,4,,,55,0,0,0,0,0,1,2,13
,2015_59549,39.768039,-104.994788,1/9/2015 7:10,7:10,1,0,0,38TH AVE W & FOX ST N (I-25 SB RAMPS),10,1,0,0,1,1,,,35,0,0,0,0,0,1,3,13
,2015_59550,39.768219,-104.994371,7/14/2015 4:30,4:30,5,0,0,I-25 NB ON RAMP & PARK AVE WEST,1,3,0,0,2,8,,,35,0,0,0,0,0,1,1,5
,2015_59551,39.779391,-104.989165,2/13/2015 13:37,13:37,12,0,0,I-25 & I-70,1,1,0,0,1,4,,,55,0,0,0,0,0,1,2,13
,2015_59552,39.779391,-104.989165,3/6/2015 12:01,12:01,12,0,0,I-25 UNDERPASS & I-70,1,1,0,0,1,4,,,55,0,0,0,0,0,1,2,14
,2015_59553,39.779391,-104.989165,3/27/2015 22:00,22:00,15,0,0,I-70 & I-25,1,3,0,0,1,4,,,55,0,0,0,0,0,1,2,13
,2015_59554,39.779391,-104.989165,5/12/2015 17:00,17:00,12,0,0,I-25 & I-70 OVERPASS,2,1,0,1,1,4,,,55,0,0,0,0,0,1,2,13
,2015_59577,39.653091,-104.916814,1/14/2015 15:11,15:11,2,0,1,HAMPDEN AVE E & I-25 NB RAMPS,1,1,1,0,1,1,,,,1,0,0,0,2,2,2,13
,2015_59578,39.653088,-104.915267,8/29/2015 15:45,15:45,3,0,0,HAMPDEN AVE & LOCUST ST S,1,1,0,0,1,1,,,45,0,0,0,0,0,2,2,13
,2015_59579,39.653109,-104.903442,4/1/2015 7:20,7:20,12,0,0,HAMPDEN AVE 7200 BLK E & POPLAR ST S,1,1,0,0,1,4,,,40,0,0,0,0,0,2,2,13
,2015_59580,39.6604,-104.866292,1/21/2015 9:55,9:55,12,0,0,HAVANA ST 3000 BLK S & DARTMOUTH AVE E,5,1,1,2,1,4,,,40,0,0,0,0,0,2,2,7
,2015_59581,39.660691,-104.866286,1/16/2015 21:50,21:50,14,0,0,HAVANA ST S & DARTMOUTH AVE E,1,3,1,0,1,4,,,45,0,0,0,0,0,2,2,13
,2015_59602,39.740338,-105.042488,5/12/2015 8:10,8:10,12,0,0,COLFAX AVE 4300 BLK W & STUART ST N,1,1,0,0,1,4,,,30,0,0,0,0,1,2,2,13
,2015_59603,39.74034,-105.025195,7/28/2015 7:28,7:28,12,0,0,COLFAX AVE W & FEDERAL BLVD N,1,1,0,0,1,4,,,35,0,0,0,0,0,2,2,13
,2015_59604,39.740306,-105.014081,2/28/2015 8:00,8:00,5,0,0,COLFAX AVE & I-25,5,1,0,0,3,4,,,35,0,0,0,0,0,2,1,7
,2015_59605,39.740002,-104.96702,7/24/2015 16:27,16:27,12,0,0,COLFAX AVE 1700 BLK E & GILPIN ST N,1,1,1,0,1,4,,,30,0,0,0,0,0,2,2,1
,2015_59606,39.739998,-104.966067,6/10/2015 13:15,13:15,12,0,0,COLFAX AVE E & WILLIAMS ST N,1,1,1,0,1,1,,,35,0,0,0,0,0,2,2,13
,2015_59632,39.782239,-104.997859,3/20/2015 12:00,12:00,15,0,0,46TH AVE E & WASHINGTON ST N,1,1,0,0,1,1,,,30,0,0,0,0,0,1,2,13
,2015_59633,39.780083,-104.989627,6/29/2015 7:16,7:16,12,0,0,I-70 EB OFF RAMP & I-25 SB,1,1,1,0,1,4,,,35,0,0,0,0,0,1,2,1
,2015_59634,39.780052,-104.989434,7/25/2015 13:25,13:25,5,0,1,I-70 EB OFF LOOP RAMP TO & I-25 NB,1,1,1,0,2,8,,,55,0,0,0,1,3,1,1,14
,2015_59635,39.779997,-104.949807,6/5/2015 7:28,7:28,12,0,0,I-70 & STEELE ST N,1,1,0,0,1,4,,,55,0,0,0,0,0,1,3,13
,2015_59636,39.778271,-104.89681,11/3/2015 15:13,15:13,12,0,0,I-70 & I-270 OVERPASS,1,1,0,0,1,4,,,55,0,0,0,0,0,1,3,1
,2015_59637,39.777032,-104.881781,2/16/2015 2:50,2:50,5,0,0,CENTRAL PARK BLVD N & I-70 EB,5,3,0,2,2,4,,,55,0,0,0,0,0,1,1,13
,2015_59638,39.776937,-104.880747,5/5/2015 17:30,17:30,12,0,0,I-70 & CENTRAL PARK BLVD N,2,1,0,1,1,4,,,55,0,0,0,0,0,1,2,13
,2015_59639,39.775714,-104.866834,11/18/2015 0:30,0:30,5,0,0,I-70 & HAVANA ST N,1,3,0,0,3,4,,,55,0,0,0,0,0,1,1,1
,2015_59640,39.774005,-104.847034,10/13/2015 18:33,18:33,15,0,0,PEORIA ST N & I-70,1,3,0,0,1,4,,,25,0,0,0,0,0,1,2,13
,2015_59641,39.775417,-104.863393,2/2/2015 7:30,7:30,12,0,0,I-70 & HAVANA ST N,5,2,0,0,1,4,,,55,0,0,0,0,0,1,2,13
,2015_59642,39.7741,-104.848125,8/12/2015 17:40,17:40,12,0,0,I-70 & PEORIA ST N,1,1,0,0,1,4,,,55,0,0,0,0,1,1,2,13
,2015_59643,39.774005,-104.847034,8/13/2015 11:09,11:09,12,0,0,I-70 & PEORIA ST N,1,1,1,0,1,4,,,55,0,0,0,0,1,1,2,7
,2015_59644,39.775623,-104.865778,8/13/2015 10:22,10:22,12,0,1,I-70 & HAVANA ST N,1,1,1,0,1,4,,,55,0,0,0,0,2,1,5,13
,2015_59674,39.703128,-104.913197,7/7/2015 12:27,12:27,12,0,0,LEETSDALE DR 6400 BLK & MONACO PKWY S,1,1,0,0,1,3,,,35,0,0,0,0,0,2,3,1
,2015_59676,39.708713,-104.929948,8/3/2015 16:53,16:53,12,0,0,LEETSDALE DR 5000 BLK E & ELM ST S,2,1,1,1,1,4,,,35,0,0,0,0,1,2,2,3
,2015_59685,39.669033,-104.995589,4/13/2015 17:18,17:18,12,0,0,SANTA FE DR 2600 BLK S & YALE AVE W OFFSET,1,1,0,0,1,4,,,55,0,0,0,0,0,2,2,3
,2015_59692,39.713605,-105.025154,4/24/2015 12:30,12:30,12,0,0,FEDERAL BLVD 100 BLK S & CEDAR AVE W,1,1,1,0,1,4,,,35,0,0,0,0,0,2,3,13
,2015_59693,39.70041,-105.025085,1/12/2015 21:45,21:45,12,0,0,FEDERAL BLVD S & KENTUCKY AVE W,2,3,0,1,1,3,,,40,0,0,0,0,1,2,2,13
,2015_59694,39.690746,-105.025049,9/16/2015 15:13,15:13,2,0,1,ARKANSAS AVE W & FEDERAL BLVD S,1,1,0,0,1,1,,,35,1,0,0,0,2,2,2,14
,2015_59695,39.696449,-105.025063,8/8/2015 8:53,8:53,15,0,0,FEDERAL BLVD S & MISSISSIPPI AVE W,1,1,0,0,1,4,,,40,0,0,0,0,0,2,3,14
,2015_59700,39.624077,-104.911994,5/9/2015 10:23,10:23,12,0,0,MONACO ST S & BELLEVIEW AVE E,2,1,0,1,1,1,,,35,0,0,0,0,0,2,2,13