id,drcog_id,latitude,longitude,crashtime,time,crashtype,numbkilled,numbinjurd,drcoglocat,rdconditin,lightngcon,roadcntgrd,weatherco,location,roaddescrp,schoolzone,constrzone,splimit,bikeinv,pedinv,sctrinv,motoinv,svrty,rdsystem,ttlvehcls,hcf
,2015_59716,39.68285,-105.053199,1/16/2015 17:20,17:20,11,0,0,SHERIDAN BLVD & JEWELL AVE W,1,3,1,0,1,4,,,,0,1,0,0,0,2,2,13
,2015_59718,39.700374,-105.053249,6/5/2015 19:30,19:30,3,0,0,SHERIDAN BLVD S & KENTUCKY AVE W,1,1,1,0,1,1,,,10,0,0,0,0,0,2,2,13
,2015_59719,39.720135,-105.053269,1/13/2015 13:10,13:10,12,0,0,SHERIDAN BLVD N & 2ND AVE W,1,1,1,0,1,4,,,35,0,0,0,0,0,2,2,1
,2015_59720,39.724253,-105.053196,7/16/2015 14:30,14:30,12,0,0,SHERIDAN BLVD N & 5TH AVE W,1,1,1,0,1,2,,,40,0,0,0,0,0,2,2,7
,2015_59721,39.7254,-105.053138,2/17/2015 21:30,21:30,3,0,0,SHERIDAN BLVD N & 6TH AVE EB OFF RAMP,1,3,0,0,1,1,,,30,0,0,0,0,0,2,2,13
,2015_59724,39.790849,-105.053248,7/29/2015 16:29,16:29,12,0,0,SHERIDAN BLVD N & 52ND AVE W,1,1,1,0,1,3,,,35,0,0,0,0,0,2,3,13
,2015_59739,39.61833,-105.091109,3/15/2015 13:59,13:59,1,0,0,CRESTLINE AVE & WADSWORTH BLVD,1,1,0,0,1,1,,,45,0,0,0,0,0,2,2,13
,2015_59740,39.61833,-105.091109,3/31/2015 10:50,10:50,12,0,0,WADSWORTH BLVD S & CRESTLINE AVE W,1,1,0,0,1,1,,,45,0,0,0,0,1,2,2,13
,2015_59742,39.63874,-105.081612,2/25/2015 12:30,12:30,15,0,0,QUINCY AVE W & WADSWORTH BLVD S,2,1,0,2,1,1,,,45,0,0,0,0,0,2,2,3
,2015_59743,39.63874,-105.081612,4/17/2015 14:50,14:50,12,0,0,QUINCY AVE W & WADSWORTH BLVD S,1,1,0,0,1,1,,,35,0,0,0,0,0,2,2,3
,2015_59777,39.635523,-104.89346,7/25/2015 12:00,12:00,3,0,0,TAMARAC ST S & I-225 SB RAMPS,1,1,0,0,1,1,,,35,0,0,0,0,1,1,2,5
,2015_59778,39.63556,-104.893319,1/5/2015 16:50,16:50,12,0,0,I-225 & 3901 S,1,2,0,0,1,4,,,65,0,0,0,0,0,1,2,13
,2015_59779,39.637964,-104.887804,6/15/2015 15:41,15:41,15,0,0,I-225 SB OFF RAMP GORE PT TO & TAMARAC ST,1,1,1,0,1,4,,,65,0,0,0,0,0,1,2,13
,2015_59780,39.638213,-104.887299,4/27/2015 7:40,7:40,12,0,0,I-225 & XENIA ST S (NOT IN CORIS),2,1,0,1,1,4,,,55,0,0,0,0,0,1,2,13
,2015_59805,39.754855,-105.025129,9/1/2015 13:45,13:45,14,0,0,26TH AVE W & FEDERAL BLVD N,1,1,0,0,1,1,,,35,0,0,0,0,0,2,2,14
,2015_59806,39.75855,-105.025134,2/20/2015 8:25,8:25,12,0,0,29TH AVE 3000 BLK W & FEDERAL BLVD N,1,1,0,0,1,3,,,35,0,0,0,0,0,2,2,14
,2015_59807,39.75855,-105.025134,3/2/2015 17:39,17:39,1,0,0,29TH AVE W & FEDERAL BLVD N,1,3,1,0,1,1,,,30,0,0,0,0,1,2,2,13
,2015_59808,39.762119,-105.025168,3/2/2015 14:35,14:35,15,0,0,FEDERAL BLVD N & 32ND AVE W,1,1,0,0,1,4,,,35,0,0,0,0,0,2,2,1
,2015_59809,39.776693,-105.025236,4/30/2015 7:27,7:27,12,0,0,FEDERAL BLVD & 44TH AVE W,1,1,0,0,1,1,,,35,0,0,0,0,1,2,2,14
,2015_59810,39.783839,-105.025212,6/1/2015 22:46,22:46,1,0,0,FEDERAL BLVD N & I-70 EB RAMPS,1,3,0,0,1,1,,,35,0,0,0,0,0,2,2,13
,2015_59811,39.783839,-105.025212,6/11/2015 11:40,11:40,1,0,0,FEDERAL BLVD N & I-70 EB RAMPS,1,1,1,0,1,1,,,35,0,0,0,0,0,2,2,13
,2015_59812,39.789228,-105.025203,1/26/2015 7:38,7:38,3,0,0,FEDERAL BLVD N & 51ST AVE W,1,1,0,0,1,3,,,35,0,0,0,0,0,2,2,14
,2015_59931,0,0,4/3/2015 5:00,5:00,6,0,0,PENNSYLVANIA ST 800 BLK N & 8TH AVE E,1,1,1,7,1,4,,,30,0,0,0,0,0,4,2,7
,2015_59967,0,0,1/6/2015 5:50,5:50,5,0,0,QUINCY AVE & 5650 BLK W,5,2,0,2,3,4,,,35,0,0,0,0,0,4,1,1
,2015_59979,0,0,7/4/2015 2:08,2:08,5,0,0,SPEER BLVD 1500 BLK N & AURARIA PKWY,1,3,1,0,2,4,,,45,0,0,0,0,0,4,1,14
,2015_60012,0,0,7/2/2015 22:00,22:00,5,0,0,12TH AVE E & MARION ST N,2,3,1,0,3,3,,,30,0,0,0,0,0,4,1,15
,2015_60013,0,0,10/5/2015 8:50,8:50,1,0,0,1ST AVE E & MILWAUKEE ST N,1,1,0,0,1,1,,,30,0,0,0,0,0,4,2,13
,2015_60014,0,0,8/23/2015 10:07,10:07,3,0,0,4TH AVE W & DELAWARE ST N,1,1,0,0,1,1,,,25,0,0,0,0,0,4,2,5
,2015_60015,0,0,2/21/2015 17:25,17:25,5,0,0,1ST AVE W & PERRY ST N,5,2,0,2,3,1,,,25,0,0,0,0,0,4,1,13
,2015_60016,0,0,5/8/2015 15:26,15:26,10,0,0,1ST AVE E & UNIVERSITY BLVD N,1,1,0,0,1,1,,,30,0,0,0,0,0,4,2,13
,2015_60017,0,0,1/22/2015 7:30,7:30,15,0,0,6TH AVE & 4600 BLK E,7,1,0,0,1,4,,,30,0,0,0,0,0,4,2,13
,2015_60018,0,0,6/20/2015 12:56,12:56,12,0,0,6TH AVE E & LINCOLN ST N,1,1,0,7,1,4,,,35,0,0,0,0,0,4,2,3
,2015_60019,0,0,9/2/2015 17:40,17:40,2,0,1,7TH AVE 2600 BLK E & CLAYTON ST N,1,1,0,0,1,1,,,30,1,0,0,0,2,4,2,16
,2015_60020,0,0,2/12/2015 22:15,22:15,5,0,0,ADAMS ST S & EVANS AVE E,1,4,0,0,4,1,,,30,0,0,0,0,0,4,1,5
,2015_60021,0,0,8/10/2015 12:25,12:25,12,0,0,6TH AVE E & VINE ST N,1,1,0,7,1,4,,,30,0,0,0,0,0,4,2,3
,2015_60022,0,0,6/3/2015 10:12,10:12,5,0,0,7TH AVE E & ADAMS ST N,1,1,0,0,2,1,,,25,0,0,0,0,0,4,1,13
,2015_60023,0,0,5/11/2015 23:15,23:15,3,0,0,7TH AVE E & CORONA ST N,1,3,0,7,1,1,,,25,0,0,0,0,0,4,2,8
,2015_60024,0,0,7/17/2015 13:36,13:36,10,0,0,8TH AVE & 900 BLK W,1,1,1,7,1,5,,,30,0,0,0,0,0,4,2,16
,2015_60025,0,0,3/26/2015 22:01,22:01,3,0,0,8TH AVE E & CORONA ST N,1,4,0,7,1,1,,,30,0,0,0,0,0,4,2,16
,2015_60026,0,0,6/25/2015 13:15,13:15,11,0,1,10TH AVE W & BROADWAY ST N,1,1,0,0,1,1,,,30,0,1,0,0,2,4,3,13
,2015_60027,0,0,6/21/2015 16:36,16:36,1,0,0,11TH AVE W & SANTA FE DR N,1,1,0,7,1,1,,,30,0,0,0,0,0,4,2,16
,2015_60028,0,0,6/30/2015 9:16,9:16,15,0,0,14TH AVE 1500 BLK E & FRANKLIN ST,1,1,0,1,1,4,,,30,0,0,0,0,0,4,2,8
,2015_60029,0,0,5/23/2015 6:25,6:25,6,0,0,14TH AVE 3100 BLK W & GROVE ST N,1,1,1,7,1,4,,,30,0,0,0,0,0,4,2,5
,2015_60030,0,0,5/27/2015 15:35,15:35,14,0,0,16TH AVE 2200 BLK E & GAYLORD ST N,1,1,0,0,1,4,,,30,0,0,0,0,0,4,3,13
,2015_60031,0,0,5/10/2015 2:23,2:23,3,0,0,17TH AVE E & UINTA ST N,4,3,0,2,1,1,,,35,0,0,0,0,0,4,2,5
,2015_60032,0,0,8/30/2015 18:33,18:33,12,0,0,18TH AVE E & JOSEPHINE ST N,1,1,0,0,1,4,,,30,0,0,0,0,0,4,2,13
,2015_60033,0,0,6/5/2015 23:17,23:17,12,0,0,19TH AVE E & LINCOLN ST N,2,3,0,7,1,4,,,30,0,0,0,0,0,4,2,1
,2015_60034,0,0,4/3/2015 6:46,6:46,3,0,1,23RD AVE E & KEARNEY ST N,5,2,0,2,1,1,,,25,0,0,0,0,2,4,2,3
,2015_60035,0,0,1/21/2015 16:14,16:14,15,0,0,25TH AVE 5700 BLK E & IVANHOE ST N,5,1,0,2,1,4,,,20,0,0,0,0,0,4,2,13
,2015_60036,0,0,7/28/2015 11:46,11:46,3,0,0,W 28TH AVE & ZUNI ST N,1,1,0,7,1,1,,,25,0,0,0,0,0,4,2,16
,2015_60037,0,0,7/24/2015 11:15,11:15,3,0,0,32ND AVE W & MEADE ST N,1,1,0,0,1,5,,,10,0,0,0,0,0,4,2,13
,2015_60038,0,0,1/11/2015 14:22,14:22,3,0,0,35TH AVE W & GROVE ST N,1,5,0,7,1,1,,,25,0,0,0,0,0,4,2,16
,2015_60039,0,0,2/25/2015 15:41,15:41,12,0,0,35TH AVE E & KEARNEY ST N,4,1,0,2,1,1,,,25,0,0,0,0,0,4,2,16
,2015_60040,0,0,11/25/2015 7:00,7:00,6,0,0,37TH AVE 3700 BLK W & NEWTON ST N,1,2,0,7,1,4,,,30,0,0,0,0,0,4,2,14
,2015_60041,0,0,2/23/2015 7:13,7:13,12,0,0,38TH AVE 3500 BLK W & LOWELL BLVD N,5,1,0,7,1,4,,,30,0,0,0,0,0,4,3,14
,2015_60042,0,0,6/9/2015 12:49,12:49,1,0,0,38TH AVE W & TEJON ST N,1,1,1,7,1,1,,,30,0,0,0,0,0,4,2,16
,2015_60043,0,0,3/5/2015 10:02,10:02,10,0,0,40TH AVE E & AIRPORT WAY N,1,1,1,0,1,1,,,35,0,0,0,0,0,4,2,7
,2015_60044,0,0,10/10/2015 13:50,13:50,2,0,1,42ND AVE W & IRVING ST N,1,1,0,0,1,1,,,30,1,0,0,0,3,4,2,7
,2015_60045,0,0,7/7/2015 13:21,13:21,12,0,0,44TH AVE & 2600 BLK W,1,1,1,0,1,4,,,30,0,0,0,0,1,4,2,13
,2015_60046,0,0,1/17/2015 9:40,9:40,3,0,2,44TH AVE W & IRVING ST N,1,1,0,7,1,1,,,30,0,0,0,0,2,4,2,16
,2015_60047,0,0,7/27/2015 12:06,12:06,1,0,0,45TH AVE N & TOWER RD E,1,1,0,0,1,1,,,40,0,0,0,0,0,4,2,13
,2015_60048,0,0,2/17/2015 13:57,13:57,12,0,0,47TH AVE E & HOLLY ST N,1,1,0,7,1,4,,,30,0,0,0,0,0,4,2,16
,2015_60049,0,0,2/6/2015 12:40,12:40,12,0,0,47TH AVE E & PEORIA ST N,1,1,0,7,1,3,,,40,0,0,0,0,0,4,2,16
,2015_60050,0,0,2/4/2015 7:37,7:37,3,0,0,48TH AVE W & ZUNI ST N,5,1,0,2,1,1,,,35,0,0,0,0,1,4,2,14
,2015_60051,0,0,3/2/2015 7:50,7:50,15,0,0,ALAMEDA AVE 9700 E & DAYTON ST S,1,1,0,0,1,3,,,40,0,0,0,0,0,4,2,13
,2015_60052,0,0,7/7/2015 13:00,13:00,6,0,0,ACOMA ST & 900 N,1,1,0,7,1,4,,,15,0,0,0,0,0,4,2,14
,2015_60053,0,0,7/15/2015 16:42,16:42,12,0,0,ALAMEDA AVE E & LEYDEN ST S,1,1,0,1,1,1,,,30,0,0,0,0,1,4,2,3
,2015_60054,0,0,3/16/2015 16:55,16:55,12,0,0,ALAMEDA AVE 800 BLK W & SANTA FE DR S,1,1,1,7,1,4,,,30,0,0,0,0,0,4,3,3
,2015_60056,0,0,1/7/2015 16:24,16:24,3,0,0,ALBION ST S & MEXICO AVE E,1,1,0,0,1,2,,,,0,0,0,0,0,4,2,3
,2015_60057,0,0,2/26/2015 13:38,13:38,12,0,0,AURARIA PKWY & 800 BLK,5,1,1,0,1,4,,,35,0,0,0,0,0,4,2,13
,2015_60058,0,0,4/8/2015 20:46,20:46,5,0,1,BANNOCK ST & SPEER BLVD,2,3,0,1,4,1,,,30,0,0,0,0,2,4,1,5
,2015_60059,0,0,7/26/2015 12:38,12:38,5,0,0,BAYAUD AVE E & E FAIRMONT DR,1,1,1,7,2,1,,,25,0,0,0,0,0,4,1,14
,2015_60060,0,0,9/16/2015 22:24,22:24,5,0,0,ARAPAHOE ST & 1515,1,3,0,0,2,5,,,,0,0,0,1,0,4,1,14
,2015_60061,0,0,11/7/2015 19:48,19:48,12,0,0,ARAPAHOE ST 1400 BLK & 14TH ST,1,3,0,0,1,3,,,25,0,0,0,0,0,4,2,8
,2015_60062,0,0,12/19/2015 20:14,20:14,11,0,0,ARKANSAS AVE E & BROADWAY ST S,11,3,0,0,1,1,,,30,0,1,0,0,1,4,2,1
,2015_60063,0,0,2/27/2015 14:58,14:58,14,0,0,BEELER ST 3600 BLK S & JEFFERSON AVE E,4,1,0,0,1,3,,,25,0,0,0,0,0,4,2,1
,2015_60064,0,0,7/17/2015 1:22,1:22,6,0,0,BLAKE ST & 3400 BLAKE ST,1,3,0,7,2,4,,,30,0,0,0,0,0,4,2,16
,2015_60065,0,0,3/26/2015 16:16,16:16,15,0,0,BROADWAY ST S & EVANS AVE E,1,1,0,7,1,4,,,35,0,0,0,0,0,4,2,3
,2015_60066,0,0,3/12/2015 17:33,17:33,12,0,0,BROADWAY ST 1500 BLK S & IOWA AVE E,1,1,0,7,1,4,,,35,0,0,0,0,0,4,2,3
,2015_60067,0,0,5/22/2015 21:00,21:00,6,0,0,BROOK DR S & CHERRY WAY S,1,3,0,7,1,4,,,25,0,0,0,0,0,4,2,16
,2015_60068,0,0,5/24/2015 8:47,8:47,6,0,0,BROOK DR 2700 BLK S & YALE AVE E,1,1,0,7,1,3,,,30,0,0,0,0,0,4,2,16
,2015_60069,0,0,5/2/2015 19:08,19:08,12,0,0,BRUCE RANDOLPH AVE E & CLAYTON ST N,1,1,1,7,1,4,,,30,0,0,0,0,0,4,2,3
,2015_60070,0,0,7/15/2015 1:15,1:15,6,0,0,S CLAY ST & MEXICO AVE W,1,4,0,7,1,4,,,25,0,0,0,0,0,4,2,16
,2015_60071,0,0,3/27/2015 9:00,9:00,6,0,0,CLERMONT ST N & E HALE PKWY,1,1,1,7,1,4,,,30,0,0,0,0,0,4,2,16
,2015_60072,0,0,5/8/2015 9:10,9:10,3,0,0,DTC BLVD S & UNION AVE E,2,1,0,1,1,1,,,35,0,0,0,0,0,4,2,7
,2015_60073,0,0,10/7/2015 8:17,8:17,15,0,0,EVANS AVE 100 BLK W & ACOMA ST S,1,1,0,0,1,4,,,35,0,0,0,0,0,4,2,13
,2015_60074,0,0,4/15/2015 10:15,10:15,15,0,0,EVANS AVE 4700 BLK E & DAHLIA ST S,1,1,0,0,1,3,,,35,0,0,0,0,0,4,2,1
,2015_60075,0,0,5/29/2015 0:04,0:04,12,0,0,EVANS AVE E & GAYLORD ST S,1,3,0,7,1,4,,,30,0,0,0,0,0,4,2,16
,2015_60076,0,0,4/9/2015 15:55,15:55,12,0,0,EVANS AVE E & IVANHOE ST S,1,1,0,7,1,4,,,35,0,0,0,0,1,4,2,3
,2015_60077,0,0,3/5/2015 17:18,17:18,3,0,0,EVANS AVE 6200 BLK E & LEYDEN ST S,1,2,0,0,1,2,,,35,0,0,0,0,0,4,2,13
,2015_60078,0,0,8/3/2015 16:18,16:18,12,0,0,EVANS AVE 6900 BLK E & ONEIDA ST S,1,1,1,7,1,4,,,35,0,0,0,0,0,4,2,12
,2015_60079,0,0,5/22/2015 13:50,13:50,12,0,0,EVANS AVE 2200 BLK E & UNIVERSITY BLVD S,1,1,0,7,1,4,,,35,0,0,0,0,0,4,2,16
,2015_60080,0,0,4/12/2015 17:30,17:30,6,0,0,EXPOSTION AVE W & KNOX CT S,1,1,0,7,1,4,,,25,0,0,0,0,0,4,2,5
,2015_60081,0,0,7/23/2015 16:07,16:07,3,0,0,EXPOSTITION AVE 400 BLK E & LOGAN ST S,1,1,0,7,1,5,,,25,0,0,0,0,0,4,2,16
,2015_60082,0,0,4/24/2015 7:49,7:49,3,0,0,FLORIDA AVE E & JOSEPHINE ST S,1,1,0,7,1,1,,,30,0,0,0,0,0,4,2,16
,2015_60083,0,0,6/29/2015 6:45,6:45,12,0,0,FLORIDA AVE 1000 BLK W & PLATTE RIVER DR,1,1,0,7,1,4,,,30,0,0,0,0,0,4,2,16
,2015_60084,0,0,6/7/2015 17:35,17:35,1,0,0,FLORIDA AVE W & RARITAN ST S,2,1,0,1,1,1,,,35,0,0,0,0,0,4,2,3
,2015_60085,0,0,4/16/2015 13:24,13:24,3,0,0,GILPIN ST S & ILIFF AVE E,2,1,0,2,1,1,,,25,0,0,0,0,0,4,2,16
,2015_60086,0,0,5/26/2015 8:55,8:55,6,0,0,GLENARM PL 1221 & COLFAX AVE W,1,1,0,7,1,4,,,20,0,0,0,0,0,4,2,1
,2015_60087,0,0,7/12/2015 12:12,12:12,1,0,0,GVR BLVD E & TOWER RD N,1,1,0,0,1,1,,,40,0,0,0,0,0,4,2,2
,2015_60088,0,0,3/2/2015 9:25,9:25,6,0,0,HOLLY ST 800 BLK S & KENTUCKY AVE E,1,1,0,7,1,4,,,30,0,0,0,0,0,4,2,16
,2015_60089,0,0,11/7/2015 22:56,22:56,6,0,0,INCA 300 BLK N & 4TH AVE W,1,3,0,7,1,4,,,25,0,0,0,0,0,4,5,1
,2015_60090,0,0,6/16/2015 11:26,11:26,1,0,0,ILIFF AVE E & QUEBEC ST S,1,1,0,7,1,1,,,35,0,0,0,0,0,4,2,16
,2015_60091,0,0,8/12/2015 8:12,8:12,12,0,0,JOSEPHINE ST N & COLFAX AVE E,1,1,0,7,1,4,,,30,0,0,0,0,0,4,3,16
,2015_60092,0,0,4/13/2015 12:29,12:29,12,0,0,KENTUCKY AVE E & CHERRY CREEK DR S E,1,1,0,7,1,1,,,30,0,0,0,0,1,4,2,1
,2015_60093,0,0,7/15/2015 17:32,17:32,15,0,0,LINCOLN ST N & 16TH AVE E,1,1,0,0,1,4,,,30,0,0,0,0,0,4,2,13
,2015_60094,0,0,6/15/2015 8:35,8:35,6,0,0,LINCOLN ST 1800 BLK N & 18TH AVE E,1,1,0,7,1,4,,,25,0,0,0,0,0,4,2,14
,2015_60095,0,0,10/16/2015 22:54,22:54,3,0,1,LOGAN ST S & JEWELL AVE E,1,3,0,0,1,1,,,25,0,0,0,0,3,4,3,3
,2015_60096,0,0,7/7/2015 16:58,16:58,12,0,0,LOGAN ST 700 BLK S & EXPOSITION AVE E,1,1,0,7,1,3,,,30,0,0,0,0,1,4,3,3
,2015_60097,0,0,4/16/2015 8:33,8:33,3,0,0,MILWAUKEE ST E & LOUISIANA AVE S,2,1,0,2,1,1,,,25,0,0,0,0,0,4,2,16
,2015_60098,0,0,7/18/2015 12:15,12:15,6,0,0,MORRISON RD & STUART ST S,1,1,0,0,1,4,,,25,0,0,0,0,0,4,2,13
,2015_60099,0,0,7/30/2015 14:55,14:55,6,0,0,OSCEOLA ST & 2626 N,1,1,0,7,1,2,,,25,0,0,0,0,0,4,2,7
,2015_60100,0,0,2/12/2015 19:27,19:27,3,0,0,1ST PL E & RAMPART WAY N,1,3,0,1,1,1,,,25,0,0,0,0,0,4,2,13
,2015_60101,39.78015,-104.989981,7/14/2015 16:25,16:25,5,0,0,I-70 EB ON LOOP RAMP FROM & I-25 SB,2,1,0,1,3,8,,,40,0,0,0,0,0,1,1,13
,2015_60102,0,0,6/20/2015 15:39,15:39,12,0,0,46TH PL E & CENTRAL PARK BLVD N,1,1,0,7,1,4,,,25,0,0,0,0,0,4,2,7
,2015_60103,0,0,10/6/2015 12:25,12:25,6,0,0,MONTANA PL 4300 BLK E & S BELLAIRE ST,1,1,0,7,1,4,,,25,0,0,0,0,0,4,2,16
,2015_60104,0,0,7/12/2015 9:39,9:39,12,0,0,PARK AVE W 1200 BLK & LARIMER ST,1,1,0,7,1,4,,,30,0,0,0,0,0,4,2,16
,2015_60105,0,0,1/29/2015 21:55,21:55,5,0,0,PATTON CT 821 BLK S & OHIO AVE W,1,3,0,0,3,5,,,25,0,0,0,0,0,4,2,14
,2015_60106,0,0,2/28/2015 12:20,12:20,12,0,0,QUEBEC ST N & 19TH AVE E,2,1,0,7,1,4,,,30,0,0,0,0,0,4,3,16
,2015_60107,0,0,4/1/2015 14:14,14:14,15,0,0,QUEBEC ST 3200 BLK N & 33RD AVE E,1,1,0,7,1,4,,,35,0,0,0,0,0,4,2,16
,2015_60108,0,0,6/14/2015 12:20,12:20,12,0,0,QUEBEC ST N & BATAVIA PL E,1,1,0,7,1,4,,,35,0,0,0,0,0,4,2,16
,2015_60109,0,0,6/12/2015 11:40,11:40,2,0,0,14TH ST & GLENARM PL,2,1,0,0,1,1,,,25,1,0,0,0,0,4,2,13
,2015_60111,0,0,4/18/2015 9:20,9:20,6,0,0,14TH ST 500 BLK & WELTON ST,1,1,0,7,1,4,,,25,0,0,0,0,0,4,2,16
,2015_60112,0,0,2/27/2015 11:05,11:05,15,0,0,15TH ST & 300 BLK,4,1,0,0,1,2,,,30,0,0,0,0,0,4,2,13
,2015_60113,0,0,10/22/2015 20:45,20:45,3,0,0,26TH ST & CALIFORNIA ST,1,3,0,0,1,1,,,30,0,0,0,0,0,4,2,13
,2015_60114,0,0,2/5/2015 8:43,8:43,3,0,0,18TH ST & BOULDER ST,1,1,1,7,1,1,,,25,0,0,0,0,0,4,2,16
,2015_60115,0,0,5/2/2015 0:15,0:15,12,0,0,18TH ST 600 & CALIFORNIA ST,1,3,0,7,1,3,,,35,0,0,0,0,0,4,2,16
,2015_60116,0,0,5/29/2015 22:50,22:50,6,0,0,27TH ST & 1300 BLK,1,3,0,0,1,4,,,25,0,0,0,0,0,4,2,5
,2015_60117,0,0,2/23/2015 10:50,10:50,15,0,0,SANTA FE DR 300 BLK N & 3RD AVE W,1,3,0,7,1,4,,,30,0,0,0,0,0,4,2,7
,2015_60118,0,0,5/18/2015 8:32,8:32,15,0,0,SANTA FE DR N & 11TH AVE W,2,1,0,0,1,4,,,35,0,0,0,0,0,4,2,14
,2015_60119,0,0,2/27/2015 9:35,9:35,5,0,0,SHERMAN ST N & 17TH AVE E,5,1,0,2,3,1,,,25,0,0,0,0,0,4,1,13
,2015_60120,0,0,10/5/2015 17:14,17:14,11,0,1,SHERMAN ST 1900 BLK N & 20TH AVE E,1,1,0,0,1,1,,,25,0,1,0,0,2,4,2,13
,2015_60121,0,0,12/19/2015 8:00,8:00,3,0,0,SPEER BLVD N & ZUNI ST N,2,1,0,0,1,1,,,30,0,0,0,0,0,4,2,13
,2015_60122,0,0,4/30/2015 23:33,23:33,12,0,0,STOUT ST 1900 BLK & 20TH ST,1,3,1,7,1,4,,,30,0,0,0,0,0,4,2,16
,2015_60123,0,0,4/18/2015 17:23,17:23,1,0,0,SYRACUSE ST & 1500 BLK N,1,1,0,0,1,2,,,30,0,0,0,0,0,4,2,14
,2015_60124,0,0,3/7/2015 13:38,13:38,3,0,0,TAMARAC DR S & QUINCY AVE E,1,1,0,0,1,1,,,30,0,0,0,0,0,4,2,13
,2015_60125,0,0,9/28/2015 14:35,14:35,12,0,0,TOWER RD N & 43RD AVE E,1,1,0,0,1,4,,,35,0,0,0,0,0,4,2,13
,2015_60126,0,0,2/2/2015 6:12,6:12,9,0,0,TOWER RD 7700 BLK N & PENA BLVD,5,2,1,7,3,4,,,45,0,0,0,0,0,4,1,16
,2015_60127,0,0,6/23/2015 9:15,9:15,3,0,0,TRENTON ST N & 13TH AVE E,1,1,0,7,1,1,,,30,0,0,0,0,0,4,2,16
,2015_60128,0,0,1/6/2015 17:30,17:30,12,0,0,UNIVERSITY BLVD & 2200 S,1,3,0,0,1,2,,,35,0,0,0,0,0,4,2,13
,2015_60129,0,0,3/19/2015 9:35,9:35,12,0,0,UNIVERSITY BLVD N & 1ST AVE E,2,1,0,1,1,3,,,30,0,0,0,0,1,4,2,16
,2015_60131,0,0,2/14/2015 18:52,18:52,12,0,0,UNIVERSITY BLVD 2400 BLK S & HARVARD AVE E,1,3,1,7,1,4,,,30,0,0,0,0,1,4,2,1
,2015_60133,0,0,1/13/2015 15:15,15:15,3,0,0,UTICA ST N & 16TH AVE W,1,1,0,7,1,1,,,25,0,0,0,0,0,4,2,16
,2015_60134,0,0,1/7/2015 15:45,15:45,3,0,0,S UTICA ST & MORRISON RD,1,1,0,7,1,1,,,15,0,0,0,0,0,4,2,16
,2015_60135,0,0,2/26/2015 23:53,23:53,5,0,0,YALE WAY E & NIELSEN LN E,5,3,1,2,3,1,,,25,0,0,0,0,0,4,1,1
,2015_60136,0,0,7/15/2015 11:00,11:00,10,0,0,YORK ST & 900 BLK N,1,1,0,0,1,2,,,30,0,0,0,0,0,4,2,13
,2015_60137,0,0,6/22/2015 7:50,7:50,12,0,0,YORK ST N & 13TH AVE E,1,1,1,0,1,1,,,30,0,0,0,0,1,4,2,3
,2015_60138,0,0,6/26/2015 14:45,14:45,3,0,0,YORK ST 1600 BLK N & 17TH AVE E,1,1,0,0,1,3,,,30,0,0,0,0,1,4,2,13
,2015_60139,0,0,10/29/2015 19:45,19:45,6,0,0,YALE AVE E & YORK ST S,1,4,0,7,1,4,,,30,0,0,0,0,0,4,2,12
,2015_60272,39.678409,-104.940629,5/22/2015 7:45,7:45,1,0,0,COLORADO BLVD S & EVANS AVE E,2,1,0,1,1,1,,,35,0,0,0,0,0,2,2,13
,2015_60274,39.680122,-104.94064,5/18/2015 18:33,18:33,12,0,0,COLORADO BLVD 2000 BLK S & COLORADO CENTER DR,1,1,1,0,1,3,,,35,0,0,0,0,0,2,2,3
,2015_60275,39.686302,-104.940548,6/1/2015 13:29,13:29,15,0,0,COLORADO BLVD 1600 BLK S & MEXICO AVE E,1,1,1,0,1,4,,,35,0,0,0,0,0,2,2,3
,2015_60277,39.714614,-104.940629,7/30/2015 7:45,7:45,12,0,0,COLORADO BLVD 000 BLK S & BAYAUD AVE E,1,1,1,0,1,3,,,35,0,0,0,0,0,2,2,13
,2015_60278,39.667466,-104.940609,1/26/2015 22:05,22:05,1,0,0,COLORADO BLVD S & YALE AVE E,1,3,0,0,1,1,,,35,0,0,0,0,0,2,2,13
,2015_60279,39.725297,-104.940629,2/27/2015 13:15,13:15,1,0,0,COLORADO BLVD N & 6TH AVE PKWY E,4,1,0,0,1,1,,,35,0,0,0,0,0,2,2,13
,2015_60280,39.725476,-104.940629,8/30/2015 2:16,2:16,12,0,0,COLORADO BLVD N & 6TH AVE E,1,3,0,0,1,1,,,35,0,0,0,0,1,2,2,5
,2015_60281,39.740086,-104.940612,1/28/2015 14:10,14:10,10,0,0,COLFAX AVE E & COLORADO BLVD N,1,1,0,0,1,1,,,35,0,0,0,0,0,2,2,1
,2015_60282,39.741355,-104.940611,4/10/2015 17:00,17:00,15,0,0,16TH AVE E & COLORADO BLVD N,1,1,0,0,1,1,,,35,0,0,0,0,0,2,2,14
,2015_60283,39.781472,-104.940493,5/26/2015 13:26,13:26,15,0,0,I-70 WB OFF RAMP & COLORADO BLVD N,1,1,0,0,1,4,,,35,0,0,0,0,0,2,2,13
,2015_60291,39.725457,-105.032462,6/29/2015 12:30,12:30,12,0,0,6TH AVE W & KNOX CT N,1,1,1,0,1,4,,,45,0,0,0,0,0,2,2,5
,2015_60292,39.7254,-105.022387,5/29/2015 22:50,22:50,12,0,0,6TH AVE W & DECATUR ST S OFFSET REF,2,3,1,1,1,8,,,45,0,0,0,0,0,2,2,13
,2015_60293,39.725357,-105.021792,7/6/2015 12:13,12:13,12,0,0,6TH AVE & DECATUR ST N OFFSET REF,1,1,1,1,1,4,,,45,0,0,0,0,0,2,2,13