id,drcog_id,latitude,longitude,crashtime,time,crashtype,numbkilled,numbinjurd,drcoglocat,rdconditin,lightngcon,roadcntgrd,weatherco,location,roaddescrp,schoolzone,constrzone,splimit,bikeinv,pedinv,sctrinv,motoinv,svrty,rdsystem,ttlvehcls,hcf
,2015_60294,39.780043,-104.949712,2/11/2015 20:39,20:39,3,0,0,I-70 HWY EB OFF RAMP & STEELE ST N,1,3,0,0,1,1,,,30,0,0,0,0,0,2,2,14
,2015_60321,39.634235,-104.90683,2/8/2015 0:15,0:15,15,0,1,I-25 & I-225,1,3,0,0,1,4,,,65,0,0,0,0,2,1,3,5
,2015_60322,39.639431,-104.91039,7/23/2015 6:10,6:10,12,0,0,I-25 & I-225 NB RAMP ENT PT,1,1,0,0,1,4,,,55,0,0,0,0,0,1,2,13
,2015_60323,39.653075,-104.918243,1/20/2015 21:20,21:20,15,0,0,I-25 & HAMPDEN AVE E,1,3,0,0,1,4,,,55,0,0,0,0,0,1,2,12
,2015_60324,39.653075,-104.918243,5/20/2015 16:26,16:26,12,0,0,I-25 & HAMPDEN AVE E,2,1,0,1,1,4,,,60,0,0,0,0,0,1,2,13
,2015_60325,39.653075,-104.918243,8/13/2015 9:40,9:40,12,0,0,I-25 & HAMPDEN AVE,1,1,0,0,1,4,,,65,0,0,0,0,0,1,2,13
,2015_60326,39.66762,-104.92561,1/27/2015 10:39,10:39,15,0,0,YALE AVE E & I-25,1,1,1,0,1,1,,,30,0,0,0,0,0,1,2,13
,2015_60327,39.683106,-104.940515,1/5/2015 16:35,16:35,12,0,0,I-25 & COLORADO BLVD,2,2,0,0,1,4,,,60,0,0,0,0,0,1,2,13
,2015_60328,39.683106,-104.940515,2/13/2015 15:11,15:11,12,0,0,I-25 & COLORADO BLVD S,1,1,0,0,1,4,,,55,0,0,0,0,0,1,3,13
,2015_60329,39.690821,-104.974899,1/3/2015 8:50,8:50,5,0,0,I-25 & DOWNING ST S,5,1,0,0,2,8,,,45,0,0,0,0,0,1,1,13
,2015_60330,39.701452,-104.987435,5/3/2015 1:06,1:06,5,0,0,I-25 & BROADWAY S,1,3,1,0,2,4,,,55,0,0,0,0,0,1,1,5
,2015_60331,39.701452,-104.987435,8/14/2015 13:15,13:15,12,0,0,I-25 & BROADWAY ST S,1,1,1,0,1,4,,,55,0,0,0,0,1,1,3,13
,2015_60332,39.701452,-104.987435,9/29/2015 15:05,15:05,2,0,1,I-25 SB OFF RAMP & BROADWAY ST S,1,1,0,0,1,1,,,55,1,0,0,0,2,1,2,14
,2015_60333,39.714394,-105.000843,1/14/2015 9:45,9:45,12,0,1,I-25 NB ON RAMP GORE PT & FROM CEDAR AVE W & KALAMATH ST,1,1,0,0,1,4,,,55,0,0,0,0,2,1,2,13
,2015_60334,39.729334,-105.014821,1/9/2015 18:13,18:13,12,0,0,I-25 & 8TH AVE W,1,3,1,0,1,4,,,55,0,0,0,0,1,1,2,7
,2015_60335,39.729334,-105.014821,7/16/2015 9:28,9:28,15,0,0,I-25 & 8TH AVE W,1,1,0,0,1,4,,,55,0,0,0,0,0,1,3,14
,2015_60336,39.72543,-105.013021,12/18/2015 14:58,14:58,12,0,0,I-25 & 6TH AVE W,1,1,0,0,1,4,,,55,0,0,0,0,0,1,2,1
,2015_60337,39.751291,-105.016572,3/2/2015 18:20,18:20,15,0,0,I-25 & 23RD AVE W,2,3,0,0,1,4,,,55,0,0,0,0,0,1,2,7
,2015_60338,39.754948,-105.012976,4/23/2015 8:10,8:10,15,0,0,I-25 SB OFF RAMP & SPEER BLVD SB OFF RAMP GORE PT,1,1,1,0,1,8,,,45,0,0,0,0,0,1,2,13
,2015_60339,39.755141,-105.012706,5/5/2015 11:17,11:17,12,0,0,I-25 & SPEER BLVD,1,1,1,0,1,4,,,35,0,0,0,0,0,1,2,13
,2015_60340,39.756632,-105.010645,11/8/2015 19:10,19:10,12,0,0,I-25 & SPEER BLVD SB OFF RAM,1,3,0,0,1,4,,,55,0,0,0,0,0,1,2,1
,2015_60341,39.75533,-105.012447,3/30/2015 1:18,1:18,5,0,1,I-25 NB ON RAMP & SPEER BLVD N,1,3,0,0,2,8,,,30,0,0,0,0,2,1,1,5
,2015_60342,39.760997,-105.004275,12/12/2015 15:00,15:00,12,0,0,I-25 SB RAMPS & 20TH ST,2,1,0,2,1,1,,,35,0,0,0,0,0,1,2,16
,2015_60343,39.766869,-104.997803,3/9/2015 19:41,19:41,12,0,0,I-25 & 20TH ST,1,3,0,0,1,4,,,55,0,0,0,1,0,1,3,13
,2015_60344,39.768039,-104.994788,4/29/2015 7:05,7:05,12,0,0,I-25 & 38TH AVE W,1,1,1,0,1,4,,,55,0,0,0,0,0,1,2,13
,2015_60345,39.760997,-105.004275,10/4/2015 2:37,2:37,5,0,0,20TH ST & I-25 NB RAMPS,1,3,0,0,2,1,,,35,0,0,0,0,0,1,1,13
,2015_60363,39.653088,-104.915267,1/9/2015 17:11,17:11,1,0,0,HAMPDEN AVE E & LOCUST ST S,2,3,1,0,1,1,,,40,0,0,0,0,0,2,2,13
,2015_60364,39.653094,-104.913062,2/3/2015 12:45,12:45,3,0,0,HAMPDEN AVE E & MONACO ST S,1,1,0,0,1,2,,,35,0,0,0,0,0,2,2,13
,2015_60365,39.653094,-104.907212,6/8/2015 9:08,9:08,3,0,0,HAMPDEN AVE E & OLEANDER CT S,1,1,0,0,1,1,,,45,0,0,0,0,0,2,2,15
,2015_60366,39.653025,-104.88149,7/1/2015 16:27,16:27,12,0,0,HAMPDEN AVE 9200 BLK E & AKRON ST S,2,1,0,1,1,1,,,45,0,0,0,0,1,2,2,13
,2015_60367,39.653038,-104.872038,4/30/2015 7:45,7:45,12,0,0,HAMPDEN AVE E & FLORENCE ST S,1,2,0,0,1,1,,,40,0,0,0,0,1,2,4,2
,2015_60368,39.660251,-104.866296,1/4/2015 4:30,4:30,12,0,0,DARTMOUTH AVE E & HAVANA ST S,5,3,0,0,1,1,,,35,0,0,0,0,0,2,2,13
,2015_60369,39.660545,-104.866289,7/23/2015 11:32,11:32,5,0,0,HAVANA ST 3000 BLK S & DARTMOUTH AVE E,1,1,0,0,3,4,,,45,0,0,0,0,0,2,1,5
,2015_60376,39.781956,-104.901624,2/16/2015 15:55,15:55,10,0,0,QUEBEC ST N & SAND CREEK RD N,2,1,0,2,1,1,,,40,0,0,0,0,0,2,2,8
,2015_60377,39.785534,-104.89964,4/3/2015 5:50,5:50,12,0,0,NORTHFIELD BLVD E & QUEBEC ST SB RAMPS,5,1,0,2,1,1,,,30,0,0,0,0,0,2,2,13
,2015_60378,39.791673,-104.903322,8/13/2015 16:26,16:26,12,0,0,53RD AVE E & QUEBEC ST N,1,1,0,0,1,4,,,40,0,0,0,0,0,2,2,13
,2015_60381,39.793501,-104.903378,8/21/2015 21:10,21:10,3,0,0,53RD PL E & QUEBEC ST N,1,3,0,0,1,1,,,45,0,0,0,0,0,2,2,13
,2015_60404,39.740431,-105.021471,2/24/2015 8:05,8:05,12,0,0,COLFAX AVE W & DECATUR ST OFFSET REF (NOT IN TCORIS),5,1,0,0,1,4,,,40,0,0,0,0,0,2,2,14
,2015_60405,39.740018,-104.99668,1/4/2015 10:26,10:26,3,0,0,COLFAX AVE W & WELTON ST,5,1,1,0,1,1,,,30,0,0,0,0,0,2,2,12
,2015_60406,39.7402,-104.988197,7/6/2015 10:00,10:00,15,0,0,COLFAX AVE W & 15TH ST,2,1,0,1,1,1,,,30,0,0,0,0,0,2,2,13
,2015_60407,39.740053,-104.984901,6/19/2015 12:10,12:10,12,0,0,COLFAX AVE E & SHERMAN ST N,1,1,0,0,1,1,,,30,0,0,0,0,0,2,2,13
,2015_60408,39.780567,-104.991833,7/24/2015 10:25,10:25,12,0,0,I-70 EB OFF RAMP & I-25,1,1,0,0,1,8,,,55,0,0,0,0,0,1,2,1
,2015_60409,39.74,-104.977603,4/15/2015 7:35,7:35,1,0,1,COLFAX AVE E & CLARKSON ST N,1,1,0,0,1,1,,,30,0,0,0,0,2,2,2,13
,2015_60410,39.740012,-104.971284,7/29/2015 12:10,12:10,12,0,0,COLFAX AVE 1 & MARION ST N (RD N),1,1,1,0,1,4,,,30,0,0,0,0,0,2,3,13
,2015_60411,39.740079,-104.912395,1/19/2015 8:15,8:15,3,0,1,COLFAX AVE E & MONACO PKWY NB,1,1,0,0,1,1,,,35,0,0,0,0,2,2,2,7
,2015_60412,39.740078,-104.901068,8/15/2015 14:16,14:16,12,0,0,COLFAX AVE E & ROSYLN ST N,1,1,0,7,1,3,,,30,0,0,0,0,1,2,3,1
,2015_60422,39.774491,-104.852662,4/9/2015 2:03,2:03,9,0,1,I-70 & PEORIA ST EB RAMP ENT GORE PT,1,3,0,0,3,4,,,45,0,0,0,0,2,1,1,5
,2015_60438,39.780824,-104.992802,1/31/2015 23:30,23:30,9,0,0,I-70 WB RAMP CONNECTION & END RAMP 'I' FROM NB I-25 (APPROX),4,3,1,2,3,8,,,45,0,0,0,0,0,1,1,7
,2015_60439,39.780014,-104.959404,5/9/2015 12:33,12:33,15,0,0,I-70 & YORK ST,1,1,0,0,1,4,,,55,0,0,0,0,0,1,2,13
,2015_60440,39.780015,-104.957296,8/15/2015 10:35,10:35,3,0,0,46TH AVE E FRONTAGE RD & COLUMBINE ST N,1,1,0,0,1,1,,,25,0,0,0,0,0,4,2,8
,2015_60441,39.779998,-104.950002,4/3/2015 7:15,7:15,12,0,0,I-70 WB ON RAMP & STEELE ST N,5,1,1,0,1,8,,,55,0,0,0,0,0,1,2,13
,2015_60442,39.778292,-104.921676,3/10/2015 17:02,17:02,15,0,3,I-70 & NORTHFIELD N/QUEBEC ST N,1,1,0,0,1,4,,,55,0,0,0,0,2,1,3,13
,2015_60443,39.776485,-104.87573,11/13/2015 22:50,22:50,15,0,0,I-70 & MM 280,1,3,0,0,1,4,,,55,0,0,0,0,0,1,2,1
,2015_60444,39.775623,-104.865778,3/12/2015 6:38,6:38,9,0,0,I-70 & HAVANA ST N,1,1,0,0,1,4,,,55,0,0,0,0,0,1,3,13
,2015_60445,39.776953,-104.880919,10/19/2015 0:31,0:31,12,0,1,I-70 & CENTRAL PARK BLVD N,1,3,0,0,1,4,,,55,0,0,0,1,3,1,3,14
,2015_60446,39.775538,-104.864791,7/7/2015 20:56,20:56,8,0,2,I-70 EB OFF RAMP & HAVANA ST N,1,4,1,0,1,8,,,40,0,0,0,0,3,1,2,5
,2015_60447,39.77521,-104.860994,2/9/2015 7:08,7:08,15,0,0,I-70 EB ON RAMP GORE PT & HAVANA ST N,1,1,0,0,1,4,,,55,0,0,0,0,0,1,2,13
,2015_60448,39.774335,-104.850848,3/15/2015 17:09,17:09,12,0,0,I-70 WB ON RAMP AT METER & PEORIA ST N (APPROX),1,1,0,0,1,8,,,45,0,0,0,0,0,1,2,7
,2015_60449,39.774005,-104.847034,5/13/2015 9:44,9:44,12,0,0,I-70 WB RAMPS & PEORIA ST N,1,1,0,0,1,3,,,30,0,0,0,0,0,1,2,7
,2015_60450,39.774005,-104.847034,6/18/2015 5:55,5:55,3,0,0,PEORIA ST N & I-70 WB RAMPS,1,1,0,0,1,1,,,35,0,0,0,0,0,1,2,13
,2015_60479,39.674737,-104.870699,3/9/2015 14:20,14:20,12,0,0,PARKER RD 2300 BLK S & ILIFF AVE E,1,1,0,0,1,3,,,35,0,0,0,0,0,2,2,13
,2015_60481,39.698614,-104.903604,3/9/2015 21:35,21:35,12,0,0,LEETSDALE DR & QUEBEC ST,1,3,0,0,1,1,,,30,0,0,0,0,1,2,2,8
,2015_60482,39.702491,-104.912209,3/5/2015 15:34,15:34,15,0,0,LEETSDALE DR 6600 BLK & MONACO ST S,1,1,0,0,1,2,,,35,0,0,0,0,0,2,2,13
,2015_60484,39.704071,-104.914993,5/22/2015 17:30,17:30,12,0,0,LEETSDALE DR 6200 BLK & EXPOSITION AVE E,2,1,0,1,1,4,,,35,0,0,0,0,0,2,2,14
,2015_60498,39.687322,-104.991943,10/15/2015 19:45,19:45,12,0,0,SANTA FE DR S & IOWA AVE W,1,4,0,0,1,4,,,45,0,0,0,0,0,2,2,14
,2015_60499,39.687549,-104.99194,7/17/2015 17:52,17:52,15,0,0,SANTA FE DR S & IOWA AVE W,1,1,0,1,1,3,,,55,0,0,0,1,1,2,1,13
,2015_60506,39.731443,-105.025183,7/1/2015 13:53,13:53,5,0,0,FEDERAL BLVD & 900 BLK N,1,1,1,0,1,4,,,35,0,0,0,0,0,2,2,14
,2015_60507,39.70041,-105.025085,2/24/2015 15:00,15:00,1,0,0,FEDERAL BLVD S & KENTUCKY AVE W,1,1,0,0,1,1,,,40,0,0,0,0,0,2,2,7
,2015_60508,39.693248,-105.025038,8/1/2015 15:30,15:30,3,0,0,FEDERAL BLVD S & LOUISIANA AVE W,1,1,0,0,1,2,,,40,0,0,0,0,1,2,2,13
,2015_60509,39.692954,-105.025037,8/14/2015 16:22,16:22,12,0,0,FEDERAL BLVD S & LOUISANA AVE W,1,1,0,0,1,3,,,40,0,0,0,0,0,2,4,3
,2015_60510,39.678616,-105.025049,3/8/2015 10:54,10:54,15,0,0,FEDERAL BLVD S & EVANS AVE W,1,1,0,0,1,4,,,30,0,0,0,0,0,2,2,1
,2015_60514,39.624078,-104.908786,4/29/2015 16:53,16:53,1,0,0,BELLEVIEW AVE E & NIAGARA ST S,1,1,1,0,1,3,,,40,0,0,0,0,0,2,2,13
,2015_60515,39.624079,-104.908409,5/26/2015 12:25,12:25,12,0,0,BELLEVIEW AVE 6700 BLK E & NIAGARA ST S,1,1,0,0,1,3,,,40,0,0,0,0,0,2,3,7
,2015_60532,39.656175,-105.053223,11/10/2015 18:34,18:34,11,0,0,SHERIDAN BLVD S & DARTMOUTH AVE W,1,2,0,0,1,4,,,,0,1,0,0,1,2,2,14
,2015_60533,39.682241,-105.053199,2/21/2015 16:00,16:00,3,0,0,SHERIDAN BLVD S & JEWELL AVE W,5,1,1,2,1,1,,,40,0,0,0,0,0,2,2,13
,2015_60553,39.61833,-105.091109,6/13/2015 10:55,10:55,3,0,0,WADSWORTH BLVD S & CRESTLINE AVE W,1,1,0,0,1,1,,,45,0,0,0,0,0,2,2,4
,2015_60593,39.635097,-104.89615,12/23/2015 5:25,5:25,15,0,0,I-225 WB ON RAMP & S TAMARAC PKWY,1,3,0,0,1,8,,,55,0,0,0,0,0,1,2,13
,2015_60595,39.639275,-104.885096,4/13/2015 7:58,7:58,15,0,0,I-225 & YOSEMITE ST S,1,1,0,0,1,4,,,55,0,0,0,0,0,1,3,1
,2015_60597,39.640188,-104.883237,2/13/2015 7:50,7:50,12,0,0,I-225 SB ON  COLLECTOR RAMP FROM & YOSEMITE ST S,1,1,1,0,1,8,,,35,0,0,0,0,0,1,2,2
,2015_60607,39.780804,-104.966749,5/13/2015 12:26,12:26,1,0,0,46TH AVE E & BRIGHTON BLVD N,1,1,0,0,1,1,,,35,0,0,0,0,0,2,2,13
,2015_60610,39.777023,-104.882755,3/21/2015 18:45,18:45,15,0,0,I-270 WB ON RAMP FROM WB I-70 & INTERCHANGE STR,1,1,0,0,1,4,,,55,0,0,0,0,0,1,2,1
,2015_60620,39.75855,-105.025134,3/28/2015 12:00,12:00,12,0,0,FEDERAL BLVD N & 29TH AVE W,1,1,0,0,1,1,,,30,0,0,0,0,0,2,2,14
,2015_60621,39.760318,-105.025143,4/1/2015 19:19,19:19,1,0,0,FEDERAL BLVD N & SPEER BLVD N,1,3,1,0,1,1,,,35,0,0,0,0,0,2,2,13
,2015_60622,39.762795,-105.025162,2/24/2015 8:00,8:00,12,0,0,FEDERAL BLVD 3200 BLK N & 32ND AVE W,5,1,0,0,1,4,,,35,0,0,0,0,0,2,2,13
,2015_60623,39.787435,-105.025221,8/30/2015 13:30,13:30,11,0,0,50TH AVE W & FEDERAL BLVD N,1,1,0,0,1,1,,,35,0,1,0,0,1,2,2,13
,2015_60829,0,0,2/5/2015 11:15,11:15,3,0,0,1ST AVE 3300 BLK E & ADAMS ST N,1,1,0,0,1,5,,,35,0,0,0,0,0,4,2,13
,2015_60830,0,0,1/26/2015 9:26,9:26,6,0,0,1ST AVE 700 BLK E & CLARKSON ST N,1,1,0,7,1,5,,,25,0,0,0,0,0,4,2,16
,2015_60831,0,0,3/25/2015 13:39,13:39,1,0,0,1ST AVE E & CLAYTON LN N,2,1,0,7,1,1,,,30,0,0,0,0,0,4,2,14
,2015_60832,0,0,10/21/2015 19:13,19:13,15,0,0,1ST AVE E & STEELE ST N,2,3,0,1,1,4,,,30,0,0,0,0,0,4,2,14
,2015_60833,0,0,9/24/2015 18:35,18:35,5,0,0,3RD AVE E & 117,1,2,0,0,2,5,,,15,0,0,0,0,0,4,1,13
,2015_60834,0,0,5/24/2015 0:21,0:21,5,0,0,1ST AVE E & YOSEMITE WAY N,1,3,0,0,3,4,,,35,0,0,0,0,0,4,1,5
,2015_60835,0,0,10/7/2015 3:20,3:20,6,0,0,W 4TH AVE & N OSEOLA ST,1,4,0,7,1,4,,,30,0,0,0,0,0,4,2,5
,2015_60836,0,0,1/22/2015 7:45,7:45,3,0,0,7TH AVE E & CLERMONT ST N,5,1,0,7,1,1,,,,0,0,0,0,1,4,2,16
,2015_60837,0,0,4/6/2015 18:55,18:55,10,0,0,7TH AVE W & SANTA FE DR N,1,2,0,0,1,1,,,30,0,0,0,0,0,4,2,13
,2015_60838,0,0,3/3/2015 14:09,14:09,12,0,0,8TH AVE & 2700 BLK W,1,1,1,0,1,4,,,30,0,0,0,0,0,4,2,13
,2015_60839,0,0,3/26/2015 17:30,17:30,6,0,0,9TH AVE 1500 BLK E & HUMBOLDT ST N,14,5,0,7,1,4,,,25,0,0,0,0,0,4,2,1
,2015_60840,0,0,8/12/2015 9:30,9:30,11,0,0,6TH AVE W & KALAMATH ST N,1,1,0,0,1,1,,,35,0,1,0,0,1,4,2,3
,2015_60841,0,0,3/10/2015 13:50,13:50,3,0,0,10TH AVE & 2900 BLK W,1,1,1,0,1,2,,,30,0,0,0,0,0,4,2,13
,2015_60842,0,0,2/22/2015 18:11,18:11,14,0,0,10TH AVE 3800 BLK W & NEWTON ST N,4,3,1,2,1,4,,,25,0,0,0,0,0,4,2,5
,2015_60843,0,0,7/15/2015 17:06,17:06,12,0,0,11TH AVE E & YOSEMITE ST N,1,1,0,1,1,1,,,30,0,0,0,0,0,4,2,13
,2015_60844,0,0,7/30/2015 14:00,14:00,12,0,1,13TH AVE 1100 BLK E & DOWNING ST N,1,5,0,7,1,4,,,30,0,0,0,0,2,4,3,16
,2015_60845,0,0,4/30/2015 7:15,7:15,10,0,0,13TH AVE E & KRAMERIA ST N,1,1,0,0,1,1,,,35,0,0,0,0,0,4,2,13
,2015_60846,0,0,8/12/2015 8:00,8:00,12,0,0,17TH AVE 4000 BLK E & N COLORADO BLVD,1,1,0,7,1,3,,,35,0,0,0,0,0,4,2,16
,2015_60847,0,0,8/6/2015 15:08,15:08,1,0,0,17TH AVE 3800 BLK E & HARRISON ST N,1,1,0,7,1,5,,,30,0,0,0,0,0,4,2,16
,2015_60848,0,0,1/25/2015 14:09,14:09,3,0,0,17TH AVE E & LOGAN ST N,1,1,0,7,1,1,,,30,0,0,0,0,0,4,2,2
,2015_60849,0,0,8/9/2015 16:20,16:20,3,0,0,17TH AVE E & ONEIDA ST N,1,1,0,7,1,1,,,25,0,0,0,0,0,4,2,16
,2015_60850,0,0,9/10/2015 17:30,17:30,11,0,0,17TH AVE E & BROADWAY ST N,1,1,1,0,1,1,,,30,0,1,0,0,1,4,2,13
,2015_60851,0,0,1/28/2015 22:50,22:50,10,0,0,18TH AVE 1600 BLK E & FRANKLIN ST N,1,3,0,0,1,4,,,25,0,0,0,0,0,4,2,8
,2015_60852,0,0,12/2/2015 12:27,12:27,10,0,0,18TH AVE E & MARION ST N,1,1,0,0,1,1,,,35,0,0,0,0,0,4,2,1
,2015_60853,0,0,12/2/2015 17:10,17:10,11,0,0,20TH AVE E & DOWNING ST N,1,3,0,0,1,1,,,30,0,1,0,0,0,4,2,13
,2015_60854,0,0,2/4/2015 8:20,8:20,15,0,0,28TH AVE E & CENTRAL PARK BLVD N,5,1,0,0,1,1,,,30,0,0,0,0,0,4,2,13
,2015_60855,0,0,11/20/2015 18:35,18:35,6,0,0,32ND AVE 3600 BLK W & LOWELL BLVD N,4,3,1,2,1,3,,,30,0,0,0,0,0,4,2,16
,2015_60856,0,0,7/6/2015 12:00,12:00,12,0,0,29TH AVE W & SPEER BLVD N,1,1,1,7,1,1,,,30,0,0,0,0,0,4,2,16
,2015_60857,0,0,10/15/2015 7:30,7:30,2,0,1,32ND AVE W & ELIOT ST S,1,1,0,0,1,2,,,25,1,0,0,0,2,4,2,3
,2015_60858,0,0,7/29/2015 7:39,7:39,2,0,0,35TH AVE W & GROVE ST N,1,1,0,0,1,2,,,20,1,0,0,0,1,4,2,13
,2015_60859,0,0,6/4/2015 14:20,14:20,3,0,0,35TH AVE E & HUMBOLDT ST N,1,1,0,7,1,1,,,25,0,0,0,0,0,4,2,16
,2015_60860,0,0,3/20/2015 8:24,8:24,1,0,0,35TH AVE E & KEARNEY ST N,1,1,0,7,1,1,,,25,0,0,0,0,0,4,2,16
,2015_60861,0,0,8/30/2015 13:27,13:27,12,0,0,38TH AVE W & LOWELL BLVD N,1,1,0,0,1,4,,,0,0,0,0,0,0,4,3,13
,2015_60862,0,0,5/23/2015 13:15,13:15,12,0,0,38TH AVE W & PECOS ST N,2,1,0,1,1,4,,,30,0,0,0,0,0,4,3,16
,2015_60863,0,0,4/14/2015 16:13,16:13,12,0,0,41ST AVE E & QUEBEC ST N,1,1,1,7,1,4,,,40,0,0,0,0,0,4,2,16
,2015_60864,0,0,2/17/2015 8:20,8:20,3,0,0,45TH AVE E & PEORIA ST N,5,1,1,0,1,2,,,30,0,0,0,0,0,4,2,13
,2015_60865,0,0,6/27/2015 12:58,12:58,15,0,0,45TH AVE E & STEELE ST N,1,1,0,0,1,1,,,25,0,0,0,0,0,4,2,13
,2015_60866,0,0,7/8/2015 22:25,22:25,3,0,0,46TH AVE E & DAHLIA ST N,1,5,0,4,1,1,,,30,0,0,0,0,0,4,2,16
,2015_60867,0,0,6/22/2015 22:00,22:00,6,0,0,46TH AVE W & ELIOT ST N,1,3,1,7,1,4,,,20,0,0,0,0,0,4,2,14
,2015_60868,0,0,7/9/2015 12:15,12:15,9,0,1,47TH AVE 700 BLK E & WASHINGTON ST N,1,1,0,7,1,4,,,25,0,0,0,1,3,4,1,7
,2015_60869,0,0,4/12/2015 2:11,2:11,5,0,0,51ST AVE 12100 BLK E & PEORIA ST N,1,3,0,0,3,1,,,25,0,0,0,0,0,4,1,12
,2015_60870,0,0,3/1/2015 10:30,10:30,5,0,0,51ST AVE E & TOWER RD N,1,1,0,0,1,4,,,20,0,0,0,0,0,4,1,13
,2015_60871,0,0,2/16/2015 0:01,0:01,5,0,0,ALAMEDA AVE & 8680 BLK E,4,5,0,2,3,4,,,40,0,0,0,0,0,4,3,13
,2015_60872,0,0,4/23/2015 17:00,17:00,15,0,0,ALAMEDA AVE 000 BLK E & BROADWAY ST S,1,1,0,0,1,1,,,30,0,0,0,0,0,4,2,13
,2015_60873,0,0,5/28/2015 17:09,17:09,12,0,0,ALAMEDA AVE E & CHERRY CREEK DR S E,1,1,0,7,1,3,,,25,0,0,0,0,0,4,2,16
,2015_60875,0,0,4/2/2015 20:15,20:15,11,0,0,ALAMEDA AVE E & PEARL ST S,4,3,0,2,1,1,,,25,0,1,0,0,1,4,2,3
,2015_60876,0,0,1/28/2015 15:00,15:00,6,0,0,WOLCOTT ST 700 BLK S & EXPOSITION AVE W,1,1,0,7,1,4,,,25,0,0,0,0,0,4,2,16
,2015_60877,0,0,2/18/2015 8:55,8:55,15,0,0,ALAMEDA AVE W & SANTA FE DR S,1,1,0,7,1,1,,,25,0,0,0,0,0,4,2,16
,2015_60878,0,0,5/7/2015 22:19,22:19,3,0,0,ALBROOK DR E & TULSA CT N,2,3,0,1,1,1,,,25,0,0,0,0,0,4,2,8
,2015_60879,0,0,8/2/2015 7:25,7:25,6,0,0,CANOSA CT S & COLORADO AVE W,1,1,0,7,1,5,,,25,0,0,0,0,0,4,2,1
,2015_60880,0,0,2/27/2015 11:43,11:43,15,0,0,BROADWAY ST 1600 BLK N & 17TH ST,6,1,0,7,1,4,,,35,0,0,0,0,0,4,2,16
,2015_60881,0,0,2/10/2015 14:50,14:50,3,0,0,BRUCE RANDOLPH AVE E & WILLIAMS ST N,1,1,1,7,1,1,,,30,0,0,0,0,0,4,2,14
,2015_60882,0,0,1/28/2015 23:20,23:20,3,0,0,BUCHTEL BLVD E & WASHINGTON ST S,1,3,0,0,1,1,,,30,0,0,0,0,0,4,2,13
,2015_60883,0,0,12/12/2015 9:39,9:39,3,0,0,BROADWAY ST N & 2ND AVE E,2,1,0,2,1,2,,,30,0,0,0,0,1,4,2,13
,2015_60884,0,0,2/18/2015 5:30,5:30,12,0,0,CENTRAL PARK BLVD N & MLK BLVD E,1,3,0,7,1,1,,,35,0,0,0,0,0,4,2,16
,2015_60885,0,0,5/20/2015 11:35,11:35,6,0,0,CHAMPA ST & 2700 BLK,1,1,0,0,1,2,,,30,0,0,0,0,0,4,2,13
,2015_60886,0,0,3/8/2015 22:40,22:40,3,0,0,CHAMPA ST & BROADWAY ST,1,3,0,0,1,1,,,35,0,0,0,0,0,4,2,7
,2015_60887,0,0,3/10/2015 11:38,11:38,6,0,0,CLAY ST 3924 N & 39TH AVE W,1,1,0,7,1,3,,,30,0,0,0,0,0,4,3,14
,2015_60888,0,0,6/8/2015 17:30,17:30,14,0,0,COLUMBINE ST N & COLFAX AVE E,1,1,0,0,1,4,,,15,0,0,0,0,0,4,2,13
,2015_60889,0,0,3/17/2015 8:01,8:01,3,0,0,COOK ST N & 16TH AVE E,1,1,0,7,1,1,,,25,0,0,0,0,0,4,2,16
,2015_60890,0,0,1/30/2015 11:00,11:00,6,0,0,CURTIS ST & 2450,1,1,0,0,1,2,,,20,0,0,0,0,0,4,2,13
,2015_60891,0,0,1/21/2015 9:45,9:45,14,0,0,DARTMOUTH AVE & 2900 BLK W,4,1,0,2,1,4,,,30,0,0,0,0,0,4,2,13
,2015_60892,0,0,2/10/2015 8:45,8:45,15,0,0,DECATUR ST & 900 BLK N,1,1,1,0,1,4,,,25,0,0,0,0,0,4,2,13
,2015_60894,0,0,5/6/2015 12:18,12:18,6,0,0,DECATUR ST & 2700 BLK N,1,1,1,0,1,4,,,25,0,0,0,0,0,4,2,13
,2015_60895,0,0,1/23/2015 11:43,11:43,5,0,0,DEXTER ST & 3201 BLK N,1,1,0,0,3,4,,,35,0,0,0,0,0,4,1,13
,2015_60896,0,0,9/12/2015 12:00,12:00,6,0,0,EMERSON ST 1100 BLK N & 11TH AVE E,1,1,0,7,1,4,,,30,0,0,0,0,0,4,2,16
,2015_60897,0,0,3/11/2015 9:05,9:05,6,0,0,EUDORA ST 1400 BLK N & 14TH AVE E,1,1,1,7,1,3,,,25,0,0,0,0,0,4,2,14
,2015_60898,0,0,6/22/2015 18:50,18:50,6,0,0,EVANS AVE W & BROADWAY ST S,1,1,0,0,1,3,,,30,0,0,0,0,0,4,2,13
,2015_60899,0,0,4/23/2015 10:10,10:10,12,0,0,EVANS AVE 4800 BLK E & DAHLIA ST S,1,1,0,7,1,3,,,35,0,0,0,0,0,4,2,16