id,drcog_id,latitude,longitude,crashtime,time,crashtype,numbkilled,numbinjurd,drcoglocat,rdconditin,lightngcon,roadcntgrd,weatherco,location,roaddescrp,schoolzone,constrzone,splimit,bikeinv,pedinv,sctrinv,motoinv,svrty,rdsystem,ttlvehcls,hcf
,2015_60900,0,0,3/2/2015 18:20,18:20,15,0,0,EVANS AVE W & TEJON ST S,1,3,0,7,1,4,,,35,0,0,0,0,0,4,3,1
,2015_60901,0,0,7/27/2015 13:30,13:30,3,0,0,FAIRMOUNT DR E & LOWRY BLVD E,1,1,0,7,1,1,,,30,0,0,0,0,0,4,2,16
,2015_60902,0,0,1/21/2015 17:59,17:59,15,0,0,FLORIDA AVE 4500 BLK W & UTICA ST S,5,3,0,2,1,4,,,35,0,0,0,0,0,4,2,13
,2015_60903,0,0,11/21/2015 7:35,7:35,14,0,0,GVR BLVD E & YAMPA ST N,9,1,0,2,1,1,,,30,0,0,0,0,0,4,2,14
,2015_60904,0,0,11/28/2015 19:00,19:00,6,0,0,HAZEL CT S & HARVARD AVE W,1,3,0,7,1,4,,,25,0,0,0,0,0,4,4,12
,2015_60905,0,0,7/25/2015 9:54,9:54,3,0,0,GROVE ST N & 20TH AVE W,1,1,0,7,1,1,,,25,0,0,0,0,0,4,2,4
,2015_60906,0,0,5/4/2015 16:17,16:17,15,0,0,ILIFF AVE 2100 BLK E & GAYLORD ST S,1,1,0,0,1,4,,,30,0,0,0,0,0,4,2,3
,2015_60907,0,0,1/4/2015 13:01,13:01,1,0,0,ILIFF AVE E & LAFAYETTE ST S,4,1,1,0,1,1,,,25,0,0,0,0,0,4,2,13
,2015_60908,0,0,10/1/2015 13:44,13:44,3,0,0,KNOX CT N & 4TH AVE W,1,1,1,0,1,1,,,25,0,0,0,0,1,4,2,13
,2015_60910,0,0,7/10/2015 7:52,7:52,15,0,0,KALAMATH ST N & 6TH AVE W,1,1,0,7,1,1,,,30,0,0,0,0,0,4,2,16
,2015_60911,0,0,1/9/2015 10:45,10:45,6,0,0,KEARNEY ST & 1490 BLK S,5,3,0,2,1,4,,,25,0,0,0,0,0,4,2,7
,2015_60912,0,0,11/30/2015 17:41,17:41,12,0,0,LINCOLN ST 1300 BLK N & 14TH AVE E,2,3,0,0,1,4,,,35,0,0,0,0,0,4,2,1
,2015_60913,0,0,11/29/2015 18:30,18:30,10,0,0,LOGAN ST 600 BLK N & 6TH AVE E,4,3,0,0,1,2,,,30,0,0,0,0,0,4,2,13
,2015_60914,0,0,6/22/2015 9:50,9:50,6,0,0,LOGAN ST & 1600 BLK N,1,1,0,0,1,4,,,30,0,0,0,0,0,4,2,13
,2015_60915,0,0,4/5/2015 15:44,15:44,6,0,0,LOGAN ST S & MEXICO AVE E,1,1,0,7,1,4,,,25,0,0,0,0,0,4,3,3
,2015_60916,0,0,7/27/2015 21:15,21:15,6,0,0,LOWELL BLVD & 49TH AVE W,1,3,0,0,1,4,,,30,0,0,0,0,0,4,2,3
,2015_60917,0,0,3/11/2015 17:55,17:55,15,0,0,LOWRY BLVD E & FAIRMOUNT DR E,1,1,0,0,1,6,,,15,0,0,0,0,0,4,2,13
,2015_60918,0,0,5/11/2015 23:55,23:55,5,0,0,LOWRY BLVD & UINTA WAY N,1,3,0,0,2,5,,,30,0,0,0,0,0,4,1,7
,2015_60919,0,0,1/6/2015 10:00,10:00,12,0,0,MAPLE AVE 1400 BLK W & PECOS ST,4,1,0,7,1,4,,,25,0,0,0,0,0,4,2,7
,2015_60920,0,0,8/22/2015 2:01,2:01,11,0,0,MARKET ST 2000 & 20TH ST,1,3,1,0,1,5,,,25,0,1,1,0,1,4,2,5
,2015_60921,0,0,6/12/2015 10:57,10:57,3,0,0,MISSISSIPPI AVE W & ELIOT ST S,2,1,0,0,1,1,,,30,0,0,0,0,0,4,2,4
,2015_60922,0,0,1/2/2015 15:37,15:37,12,0,0,MISSISSIPPI AVE 2200 BLK E & YORK ST S,5,1,1,0,1,5,,,25,0,0,0,0,0,4,2,13
,2015_60923,0,0,1/13/2015 20:30,20:30,3,0,0,MLK BLVD E & CENTRAL PARK BLVD N,5,3,0,2,1,1,,,35,0,0,0,0,0,4,2,14
,2015_60924,0,0,8/12/2015 13:52,13:52,1,0,0,MLK BLVD E & MONACO PKWY N,1,1,0,7,1,1,,,35,0,0,0,0,0,4,2,14
,2015_60925,0,0,4/9/2015 16:27,16:27,12,0,0,MONACO PKWY & 700 BLK N,1,1,0,0,1,4,,,30,0,0,0,0,0,4,2,1
,2015_60926,0,0,7/9/2015 22:44,22:44,3,0,0,MONACO PKWY & MONTVIEW BLVD,2,3,0,1,1,1,,,30,0,0,0,0,1,4,2,16
,2015_60927,0,0,8/11/2015 18:35,18:35,6,0,0,MORRISON RD & WOLFF ST S,1,1,0,7,1,4,,,35,0,0,0,0,1,4,3,5
,2015_60928,0,0,3/25/2015 11:56,11:56,3,0,0,NIAGARA ST S & TENNESSEE AVE,2,1,0,2,1,1,,,25,0,0,0,0,0,4,2,1
,2015_60929,0,0,2/25/2015 21:45,21:45,15,0,0,PENA BLVD 7900 & E-470,10,3,0,2,1,4,,,65,0,0,0,0,0,4,2,16
,2015_60930,0,0,2/7/2015 9:00,9:00,6,0,0,29TH PL E & UINTA ST N,1,1,0,7,1,4,,,25,0,0,0,0,0,4,2,16
,2015_60931,0,0,8/29/2015 22:30,22:30,6,0,0,51ST PL E & PERTH CT N,1,3,0,7,1,1,,,20,0,0,0,0,0,4,3,5
,2015_60932,0,0,12/11/2015 21:35,21:35,6,0,0,PATTON CT & 3100 BLK S,1,4,1,7,3,4,,,25,0,0,0,0,0,4,2,16
,2015_60933,0,0,7/19/2015 12:20,12:20,6,0,0,PEARL ST & 1002 N,1,2,0,7,1,4,,,25,0,0,0,0,0,4,2,16
,2015_60934,0,0,1/25/2015 19:22,19:22,6,0,0,PEARL ST & 1326 BLK S,1,3,0,0,1,4,,,30,0,0,0,0,0,4,2,13
,2015_60935,0,0,6/8/2015 15:45,15:45,15,0,0,PENA BLVD 7900 BLK & 80TH AVE E,1,1,0,7,1,4,,,45,0,0,0,0,0,4,2,8
,2015_60936,0,0,5/30/2015 5:49,5:49,12,0,0,PENA BLVD 6800 BLK & TOWER RD,1,3,0,0,1,4,,,65,0,0,0,0,0,4,2,7
,2015_60937,0,0,6/25/2015 13:00,13:00,12,0,0,PENA BLVD 7500 BLK & TOWER RD N,1,1,0,7,1,4,,,35,0,0,0,0,0,4,2,16
,2015_60938,0,0,10/22/2015 16:52,16:52,1,0,0,PEORIA ST N & 46TH AVE E,2,2,0,1,1,1,,,35,0,0,0,0,0,4,2,16
,2015_60939,0,0,4/21/2015 6:35,6:35,15,0,0,PEORIA ST 4300 BLK N & 44TH AVE E,1,1,0,0,1,4,,,40,0,0,0,0,0,4,2,13
,2015_60940,0,0,5/13/2015 19:45,19:45,15,0,0,PICADILLY RD N & 52ND AVE E,1,1,0,7,1,3,,,45,0,0,0,0,0,4,2,16
,2015_60941,0,0,8/13/2015 10:57,10:57,3,0,0,PONTIAC ST N & MLK BLVD E,1,1,0,7,1,1,,,25,0,0,0,0,0,4,2,14
,2015_60942,0,0,9/20/2015 16:21,16:21,6,0,0,PLATTE ST & 1500 BLK,1,1,0,7,1,4,,,25,0,0,0,0,0,4,2,8
,2015_60943,0,0,5/27/2015 9:30,9:30,5,0,0,ROSLYN ST N & 29TH AVE E,1,1,0,0,3,4,,,25,0,0,0,0,1,4,1,10
,2015_60944,0,0,5/8/2015 17:29,17:29,3,0,0,14TH ST 1300 BLK & MARKET ST,2,1,0,1,1,5,,,15,0,0,0,0,0,4,2,13
,2015_60945,0,0,3/5/2015 1:53,1:53,12,0,0,15TH ST & LAWRENCE ST,2,3,0,2,1,1,,,25,0,0,0,0,0,4,2,14
,2015_60946,0,0,1/2/2015 7:18,7:18,6,0,0,15TH ST & LITTLE RAVEN ST,11,1,1,7,1,4,,,25,0,0,0,0,0,4,2,16
,2015_60947,0,0,6/6/2015 22:15,22:15,10,0,0,17TH ST & LARIMER ST,1,3,0,0,1,1,,,35,0,0,0,0,0,4,2,7
,2015_60948,0,0,5/21/2015 18:50,18:50,3,0,0,18TH ST & BOULDER ST,1,2,1,7,1,1,,,30,0,0,0,0,0,4,2,16
,2015_60949,0,0,12/18/2015 1:49,1:49,3,0,0,27TH ST & STOUT ST,5,3,0,0,1,1,,,30,0,0,0,0,0,4,2,13
,2015_60950,0,0,8/3/2015 17:13,17:13,15,0,0,SMITH RD E & KEARNEY ST N,1,1,0,0,1,1,,,35,0,0,0,0,0,4,2,1
,2015_60951,0,0,5/7/2015 15:54,15:54,3,0,0,27TH ST 1000 BLK & CURTIS ST,1,1,0,7,1,1,,,30,0,0,0,0,0,4,2,8
,2015_60952,0,0,7/12/2015 17:27,17:27,3,0,0,38TH ST & BRIGHTON BLVD N,1,1,0,7,1,1,,,30,0,0,0,0,0,4,2,16
,2015_60953,0,0,7/11/2015 7:59,7:59,2,0,1,SANTA FE DR N & 9TH AVE W,1,1,1,0,1,4,,,30,1,0,0,0,2,4,2,13
,2015_60954,0,0,1/14/2015 13:08,13:08,1,0,0,SPEER BLVD N & LARIMER ST,1,1,0,7,1,1,,,35,0,0,0,0,0,4,2,8
,2015_60955,0,0,9/2/2015 22:30,22:30,12,0,0,SPEER BLVD 1100 BLK N & LAWRENCE ST,1,1,0,0,1,4,,,35,0,0,0,0,0,4,2,13
,2015_60956,39.779264,-104.898132,1/4/2015 20:30,20:30,5,0,0,I-270 EB DIRECT CONNECT & CENTRAL PARK BLVD,2,3,0,0,3,4,,,55,0,0,0,0,1,1,1,6
,2015_60957,0,0,6/19/2015 7:34,7:34,15,0,0,SPEER BLVD & WEWATTA ST,1,1,0,0,1,4,,,35,0,0,0,0,0,4,2,14
,2015_60958,0,0,1/1/2015 16:10,16:10,5,0,0,STUART ST & 1400 N,5,2,1,0,3,4,,,25,0,0,0,0,0,4,1,7
,2015_60959,0,0,3/2/2015 13:00,13:00,3,0,0,STUART ST N & 42ND AVE W,6,1,1,7,1,1,,,25,0,0,0,0,0,4,2,16
,2015_60960,0,0,8/4/2015 8:15,8:15,12,0,0,TAMARAC DR S & PRINCETON AVE E,1,1,0,7,1,4,,,35,0,0,0,0,0,4,2,14
,2015_60961,0,0,6/28/2015 1:25,1:25,6,0,0,TEJON ST 5100 BLK N & 52ND AVE W,1,3,0,7,1,4,,,25,0,0,0,0,0,4,2,1
,2015_60962,0,0,6/18/2015 16:34,16:34,3,0,0,TENNYSON ST N & 32ND AVE W,1,1,1,7,1,1,,,30,0,0,0,0,1,4,2,16
,2015_60963,0,0,2/21/2015 10:45,10:45,15,0,0,UNIVERSITY BLVD S & ARKANSAS AVE E,2,1,0,7,1,3,,,30,0,0,0,0,0,4,3,16
,2015_60964,0,0,2/18/2015 17:50,17:50,15,0,0,UNIVERISTY BLVD 000 BLK N & CHERRY CREEK DR N E,1,1,0,7,1,4,,,30,0,0,0,0,0,4,2,3
,2015_60965,0,0,5/11/2015 14:52,14:52,1,0,0,UNIVERSITY BLVD S & CHERRY CREEK DR S,1,1,0,7,1,1,,,30,0,0,0,0,0,4,2,8
,2015_60966,0,0,7/9/2015 22:51,22:51,6,0,0,VALLEJO ST 3200 BLK N & 33RD AVE W,2,3,0,1,1,4,,,25,0,0,0,0,0,4,2,16
,2015_60967,0,0,7/27/2015 16:42,16:42,5,0,0,WARREN AVE 800 BLK E & CLARKSON ST S,1,1,0,0,1,4,,,25,0,0,0,0,0,4,1,13
,2015_60968,0,0,4/26/2015 1:15,1:15,6,0,0,WELTON ST & 17TH ST,1,3,0,0,1,4,,,25,0,0,0,0,0,4,2,5
,2015_60969,0,0,4/13/2015 16:25,16:25,3,0,0,YALE AVE 4000 BLK E & COLORADO BLVD S,1,1,0,7,1,2,,,30,0,0,0,0,0,4,2,16
,2015_60970,0,0,8/3/2015 13:11,13:11,12,0,0,YALE AVE 4000 BLK E & S COLO BL,1,1,0,7,1,3,,,35,0,0,0,0,0,4,2,16
,2015_60971,0,0,4/25/2015 17:15,17:15,12,0,1,ZUNI ST N & 27TH AVE W,1,1,1,7,1,1,,,35,0,0,0,0,2,4,2,12
,2015_61002,39.725545,-105.012704,1/1/2015 10:00,10:00,5,0,0,6TH AVE & I-25,5,1,1,0,2,8,,,55,0,0,0,0,0,2,1,7
,2015_61090,39.696625,-104.940562,5/28/2015 16:48,16:48,12,0,0,MISSISSIPPI AVE 3900 BLK E & COLORADO BLVD S,1,1,1,0,1,3,,,25,0,0,0,0,0,2,2,3
,2015_61093,39.706803,-104.940624,5/26/2015 15:22,15:22,12,0,0,COLORADO BLVD & 500 BLK S,1,1,0,0,1,3,,,35,0,0,0,0,0,2,2,13
,2015_61094,39.668384,-104.940613,4/1/2015 20:50,20:50,12,0,0,YALE AVE E & COLORADO BLVD S,1,3,0,0,1,1,,,30,0,0,0,0,1,2,2,5
,2015_61095,39.717824,-104.940628,8/13/2015 8:45,8:45,15,0,0,COLORADO BLVD N & 1ST AVE E,1,1,1,0,1,1,,,35,0,0,0,0,0,2,2,13
,2015_61096,39.725297,-104.940629,4/7/2015 10:05,10:05,12,0,0,6TH AVE E & COLORADO BLVD N,1,1,0,0,1,3,,,30,0,0,0,0,1,2,2,14
,2015_61097,39.731044,-104.940623,6/29/2015 15:43,15:43,15,0,0,9TH AVE E & COLORADO BLVD N,1,1,0,0,1,4,,,35,0,0,0,0,0,2,2,13
,2015_61098,39.741355,-104.940611,2/21/2015 16:07,16:07,15,0,0,COLORADO BLVD 1600 BLK N & 16TH AVE E,10,1,0,2,1,4,,,35,0,0,0,0,0,2,2,13
,2015_61100,39.76452,-104.940501,6/17/2015 13:38,13:38,3,0,0,COLORADO BLVD N & BRUCE RANDOLPH DR E,1,1,0,0,1,3,,,30,0,0,0,0,0,2,2,13
,2015_61111,39.725655,-105.053326,8/19/2015 8:14,8:14,12,0,0,6TH AVE W & SHERIDAN BLVD N,1,1,0,0,1,4,,,55,0,0,0,0,1,2,2,1
,2015_61114,39.72542,-105.025174,1/23/2015 14:45,14:45,12,0,0,6TH AVE W & FEDERAL BLVD N,1,1,0,0,1,4,,,40,0,0,0,0,0,2,3,13
,2015_61115,39.72542,-105.025174,3/7/2015 15:00,15:00,12,0,0,6TH AVE W & FEDERAL BLVD N,1,1,0,0,1,4,,,45,0,0,0,0,0,2,2,13
,2015_61117,39.72542,-105.025174,5/26/2015 8:47,8:47,15,0,0,6TH AVE W & FEDERAL BLVD N,1,1,0,0,1,4,,,55,0,0,0,0,0,2,3,1
,2015_61144,39.623866,-104.901444,11/21/2015 22:15,22:15,15,0,0,I-25 & BELLEVIEW AVE E,1,3,0,0,1,4,,,65,0,0,0,0,0,1,2,1
,2015_61147,39.623866,-104.901444,3/10/2015 14:20,14:20,15,0,0,I-25 & BELLEVIEW AVE E,1,1,0,0,1,4,,,65,0,0,0,0,0,1,2,1
,2015_61148,39.623866,-104.901444,7/30/2015 13:05,13:05,15,0,0,I-25 & BELLEVIEW AVE E,1,1,0,0,1,4,,,55,0,0,0,0,1,1,4,14
,2015_61149,39.627719,-104.903748,1/14/2015 16:54,16:54,12,0,0,I-25 & MM 199.7,1,1,0,0,1,4,,,65,0,0,0,0,0,1,2,3
,2015_61150,39.634235,-104.90683,1/3/2015 23:35,23:35,12,0,0,I-25 & I-225,4,3,0,0,1,8,,,50,0,0,0,0,0,1,2,7
,2015_61151,39.683231,-104.941065,1/3/2015 16:43,16:43,12,0,0,I-25 & COLORADO BLVD S,4,3,1,2,1,4,,,60,0,0,0,0,0,1,2,13
,2015_61152,39.68492,-104.959513,9/1/2015 16:27,16:27,12,0,0,I-25 & UNIVERSITY BLVD S,1,1,0,0,1,4,,,60,0,0,0,0,0,1,2,13
,2015_61153,39.68682,-104.966883,6/17/2015 15:32,15:32,15,0,0,I-25 & MM 205,1,1,0,0,1,4,,,60,0,0,0,0,0,1,2,13
,2015_61154,39.689021,-104.971356,1/1/2015 21:05,21:05,15,0,0,I-25 & DOWNING ST S,4,3,0,2,1,4,,,60,0,0,0,0,0,1,3,1
,2015_61156,39.689403,-104.972126,1/28/2015 8:20,8:20,12,0,0,I-25 NB & DOWNING ST S,1,1,0,0,1,4,,,60,0,0,0,0,0,1,3,14
,2015_61157,39.690017,-104.973363,5/29/2015 14:50,14:50,15,0,0,I-25 & DOWNING ST S,1,1,0,0,1,4,,,60,0,0,0,0,0,1,2,14
,2015_61158,39.700841,-104.986681,2/19/2015 8:40,8:40,15,0,0,BROADWAY ST 800 BLK S & KENTUCKY AVE W,1,1,0,0,1,4,,,30,0,0,0,0,0,1,2,13
,2015_61159,39.72543,-105.013021,1/26/2015 18:12,18:12,12,0,0,I-25 & 6TH AVE W,1,3,0,0,1,4,,,55,0,0,0,0,0,1,2,13
,2015_61160,39.74035,-105.013939,9/16/2015 18:03,18:03,12,0,0,I-25 & COLFAX AVE,1,1,0,0,1,4,,,55,0,0,0,0,0,1,2,13
,2015_61161,39.74035,-105.013939,2/2/2015 8:01,8:01,12,0,0,I-25 & COLFAX AVE W,5,1,1,0,1,4,,,55,0,0,0,0,0,1,2,13
,2015_61162,39.751291,-105.016572,1/22/2015 16:04,16:04,12,0,0,I-25 & 23RD AVE W,1,1,1,0,1,4,,,55,0,0,0,0,0,1,3,13
,2015_61163,39.751291,-105.016572,6/29/2015 13:37,13:37,15,0,0,I-25 & 23RD AVE,1,1,0,0,1,4,,,55,0,0,0,0,0,1,2,1
,2015_61164,39.760997,-105.004275,3/10/2015 16:43,16:43,12,0,0,20TH ST & I-25 NB RAMPS,1,1,0,0,1,1,,,25,0,0,0,1,1,1,2,13
,2015_61165,39.768039,-104.994788,2/11/2015 16:22,16:22,12,0,0,I-25 & PARK AVE WEST,1,1,0,0,1,4,,,55,0,0,0,0,0,1,3,13
,2015_61166,39.768039,-104.994788,8/14/2015 12:09,12:09,15,0,2,I-25 & N FOX ST,1,1,1,7,1,4,,,55,0,0,0,0,3,1,2,16
,2015_61167,39.768295,-104.994198,1/22/2015 11:17,11:17,15,0,0,I-25 & 38TH AVE W,1,1,1,0,1,8,,,55,0,0,0,0,0,1,2,13
,2015_61168,39.77571,-104.989218,1/6/2015 6:44,6:44,5,0,0,I-25 NB OFF RAMP FROM PARK AVE & I-70,5,2,1,0,3,8,,,40,0,0,0,0,1,1,1,7
,2015_61169,39.779391,-104.989165,4/16/2015 9:01,9:01,5,0,0,I-25 & I-70,6,1,1,2,2,4,,,55,0,0,0,0,0,1,1,1
,2015_61184,39.711227,-105.046166,1/7/2015 7:06,7:06,5,0,0,ALAMEDA AVE W & UTICA ST S,5,2,1,0,2,1,,,35,0,0,0,0,0,2,1,14
,2015_61185,39.653086,-104.911051,6/4/2015 10:35,10:35,12,0,1,HAMPDEN AVE 6700 BLK E & MONACO ST S,1,1,0,0,1,4,,,40,0,0,0,0,2,2,2,13
,2015_61186,39.653052,-104.871771,12/3/2015 16:53,16:53,12,0,0,HAMPDEN AVE 10000 BLK E & FLORENCE ST S,1,3,0,0,1,1,,,45,0,0,0,0,0,2,2,13
,2015_61216,39.740431,-105.021471,7/24/2015 15:50,15:50,1,0,0,COLFAX AVE W & MILE HIGH STADIUM CIR W,1,1,0,0,1,1,,,25,0,0,0,0,0,2,2,13
,2015_61217,39.740289,-105.013201,2/23/2015 9:05,9:05,12,0,0,COLFAX AVE W & I-25 SB RAMPS,10,1,0,2,1,3,,,40,0,0,0,0,0,2,2,13
,2015_61218,39.740038,-105.001467,4/10/2015 17:00,17:00,10,0,0,LIPAN ST N & COLFAX AVE W,1,1,0,0,1,1,,,30,0,0,0,0,0,2,2,13
,2015_61219,39.740048,-104.999949,4/7/2015 12:38,12:38,12,0,1,KALAMATH ST N & COLFAX AVE W,1,1,1,0,1,1,,,35,0,0,0,0,2,2,2,13
,2015_61220,39.740029,-105.00258,8/19/2015 14:27,14:27,12,0,0,COLFAX AVE & MARIPOSA ST N,1,1,1,0,1,4,,,30,0,0,0,0,0,2,2,13
,2015_61221,39.740002,-104.991611,5/15/2015 15:45,15:45,12,0,0,COLFAX AVE W & 14TH ST (RD S),1,1,0,0,1,1,,,30,0,0,0,0,0,2,2,13
,2015_61222,39.74002,-104.981158,1/23/2015 9:35,9:35,3,0,0,COLFAX AVE E & PENNSYLVANIA ST N,1,1,0,0,1,1,,,30,0,0,0,0,0,2,2,13
,2015_61223,39.739986,-104.963455,6/12/2015 22:04,22:04,12,0,0,RACE ST 1500 BLK N & COLFAX AVE E,1,3,0,0,1,4,,,25,0,0,0,0,0,2,2,13
,2015_61224,39.740075,-104.916293,12/8/2015 14:33,14:33,11,0,0,KRAMERIA ST N & COLFAX AVE E,1,1,0,0,1,1,,,25,0,1,0,0,1,2,2,13
,2015_61225,39.74008,-104.898823,6/12/2015 14:46,14:46,12,0,0,COLFAX AVE 7600 BLK E & SYRACUSE ST N,1,1,0,0,1,3,,,35,0,0,0,0,0,2,2,13
,2015_61253,39.779697,-104.982203,3/9/2015 14:35,14:35,12,0,0,I-70 WB ON RAMP FROM & WASHINGTON ST N,1,1,1,0,1,8,,,35,0,0,0,0,0,1,2,13
,2015_61254,39.779435,-104.979009,6/18/2015 19:10,19:10,3,0,0,I-70 WB RAMPS & WASHINGTON ST N,1,1,0,0,1,1,,,30,0,0,0,0,0,1,2,13
,2015_61255,39.779425,-104.978831,1/10/2015 10:30,10:30,5,0,1,I-70 & WASHINGTON ST,1,1,0,0,2,4,,,55,0,0,0,0,2,1,2,13
,2015_61256,39.779895,-104.967089,5/30/2015 16:18,16:18,12,0,0,I-70 & BRIGHTON BLVD N,1,1,0,0,1,4,,,55,0,0,0,0,0,1,2,13
,2015_61257,39.779895,-104.967089,6/2/2015 8:25,8:25,12,0,0,I-70 & BRIGHTON BLVD N,1,1,0,0,1,4,,,55,0,0,0,0,0,1,2,13
,2015_61258,39.780014,-104.958231,7/9/2015 6:20,6:20,3,0,0,46TH AVE E & JOSEPHINE ST N,1,1,1,0,1,1,,,30,0,0,0,0,0,4,2,13
,2015_61259,39.780016,-104.95337,6/19/2015 23:19,23:19,12,0,0,46TH AVE E & FILLMORE ST N,1,3,0,0,1,4,,,35,0,0,0,0,0,4,2,13
,2015_61260,39.779997,-104.949807,6/11/2015 15:17,15:17,12,0,0,I-70 & STEELE ST,1,1,1,0,1,4,,,55,0,0,0,0,0,1,2,13
,2015_61261,39.779947,-104.94004,3/2/2015 11:35,11:35,5,0,0,STAPLETON S DR & 4600 BLK E,2,1,0,0,2,8,,,40,0,0,0,0,0,1,1,13
,2015_61262,39.7783,-104.903459,3/6/2015 7:54,7:54,12,0,0,I-70 & QUEBEC ST N,1,1,0,0,1,4,,,55,0,0,0,0,0,1,3,8
,2015_61263,39.7783,-104.903459,6/16/2015 7:40,7:40,12,0,0,I-70 & NORTHFIELD QUEBEC ST,1,1,0,0,1,4,,,55,0,0,0,0,0,1,2,13
,2015_61264,39.778271,-104.89681,3/30/2015 6:22,6:22,12,0,0,I-70 OVERPASS & I-270,1,1,0,0,1,4,,,55,0,0,0,0,0,1,2,13
,2015_61265,39.773624,-104.842528,8/6/2015 17:56,17:56,12,0,0,I-70 EB ON RAMP GORE POIN & PEORIA ST N,1,1,0,0,1,8,,,25,0,0,0,0,1,1,2,1
,2015_61266,39.774005,-104.847034,7/10/2015 15:12,15:12,10,0,0,I-70 WB RAMPS & PEORIA ST N,1,1,0,0,1,1,,,40,0,0,0,0,0,1,2,3
,2015_61267,39.773294,-104.83877,11/25/2015 14:56,14:56,5,0,0,I-70 & MP 282,1,1,0,0,1,4,,,55,0,0,0,0,0,1,2,16
,2015_61268,39.773198,-104.837647,6/5/2015 6:45,6:45,12,0,0,I-70 & PEORIA ST N,2,1,0,0,1,4,,,55,0,0,0,0,0,1,3,13
,2015_61299,39.696295,-104.897378,8/17/2015 23:27,23:27,5,0,0,PARKER RD S & MISSISSIPPI AV E,1,3,0,0,3,3,,,30,0,0,0,1,0,2,1,7
,2015_61300,39.700639,-104.909334,11/18/2015 17:58,17:58,11,0,1,LEETSDALE DR & ONEIDA ST S,1,3,1,0,1,2,,,,0,1,0,0,3,2,2,16
,2015_61301,39.702594,-104.912336,2/5/2015 18:24,18:24,11,0,0,LEETSDALE DR 6600 BLK & MONACO PKWY S,1,3,0,0,1,2,,,10,0,1,0,0,1,2,2,13
,2015_61302,39.714865,-104.940487,2/12/2015 13:57,13:57,1,0,0,LEETSDALE DR 4000 BLK & BAYAUD AVE E,1,1,0,0,1,1,,,35,0,0,0,0,0,2,2,14
,2015_61303,39.707347,-104.922286,11/24/2015 21:55,21:55,3,0,0,LEETSDALE DR & HOLLY ST S,1,4,2,0,1,1,,,30,0,0,0,0,0,2,2,7
,2015_61314,39.696696,-104.991872,7/16/2015 22:08,22:08,15,0,0,SANTA FE DR S & MISSISSIPPI AVE W,1,3,0,0,1,4,,,45,0,0,0,0,0,2,2,7
,2015_61318,39.696775,-104.991848,6/17/2015 14:01,14:01,15,0,0,SANTE FE DR 1000 BLK S & MISSISSIPPI AVE W,1,1,0,0,1,4,,,35,0,0,0,0,0,2,2,13
,2015_61322,39.738991,-105.025292,1/11/2015 13:16,13:16,12,0,0,FEDERAL BLVD & 1400 BLK N,1,1,0,0,1,3,,,35,0,0,0,0,1,2,2,13
,2015_61323,39.693248,-105.025038,6/3/2015 8:55,8:55,15,0,0,FEDERAL BLVD S & LOUISIANA AVE W,1,1,0,0,1,4,,,35,0,0,0,0,0,2,2,7
,2015_61324,39.682271,-105.025016,2/24/2015 11:45,11:45,12,0,0,JEWELL AVE W & FEDERAL BLVD S,2,2,0,2,1,3,,,35,0,0,0,0,0,2,2,13
,2015_61325,39.69629,-105.025063,12/18/2015 22:10,22:10,5,0,0,FEDERAL BLVD S & MISSISSIPPI AVE W,8,3,0,0,3,4,,,40,0,0,0,0,0,2,1,5
,2015_61326,39.676758,-105.025054,1/5/2015 15:15,15:15,12,0,0,WARREN AVE W & FEDERAL BLVD S,2,1,0,0,1,3,,,25,0,0,0,0,0,2,2,8
,2015_61341,39.680277,-105.053263,4/14/2015 15:49,15:49,12,0,0,SHERIDAN BLVD 2000 BLK S & EVANS AVE W,1,1,0,0,1,4,,,35,0,0,0,0,0,2,2,3
,2015_61342,39.689516,-105.053251,6/11/2015 19:18,19:18,1,0,0,SHERIDAN BLVD S & FLORIDA AVE W,1,1,0,1,1,1,,,35,0,0,0,0,0,2,2,13
,2015_61346,39.783855,-105.053278,5/1/2015 12:33,12:33,12,0,0,SHERIDAN BLVD N & I-70 WB OFF RAMP,1,1,0,0,1,1,,,35,0,0,0,0,0,2,2,14
,2015_61368,39.618023,-105.091112,4/4/2015 16:10,16:10,12,0,0,WADSWORTH BLVD S & CRESTLINE AVE W,1,1,0,0,1,3,,,45,0,0,0,0,0,2,3,13
,2015_61371,39.624247,-105.091045,6/28/2015 14:20,14:20,12,0,0,WADSWORTH BLVD S & BELLEVIEW AVE W,1,1,0,0,1,3,,,35,0,0,0,0,1,2,2,7
,2015_61372,39.629993,-105.086928,2/24/2015 11:35,11:35,15,0,0,WADSWORTH BLVD & LAYTON AVE W,1,1,0,0,1,3,,,45,0,0,0,0,0,2,2,1
,2015_61373,39.624104,-105.09105,10/9/2015 13:49,13:49,12,0,0,BELLEVIEW AVE W & WADSWORTH BLVD S,1,1,0,0,1,1,,,40,0,0,0,0,1,2,2,5
,2015_61402,39.629871,-104.904931,2/16/2015 17:00,17:00,12,0,0,I-225 NB DIRECT CONNECT & I-25,5,3,1,2,1,4,,,55,0,0,0,0,1,1,3,13