id,drcog_id,latitude,longitude,crashtime,time,crashtype,numbkilled,numbinjurd,drcoglocat,rdconditin,lightngcon,roadcntgrd,weatherco,location,roaddescrp,schoolzone,constrzone,splimit,bikeinv,pedinv,sctrinv,motoinv,svrty,rdsystem,ttlvehcls,hcf
,2015_61408,39.779661,-104.967133,2/17/2015 12:05,12:05,1,0,0,BRIGHTON BLVD N & I-70 EB RAMPS,1,1,0,0,1,1,,,35,0,0,0,0,0,2,2,13
,2015_61409,39.780016,-104.966898,4/23/2015 15:51,15:51,15,0,0,BRIGHTON BLVD 4500 BLK N & 46TH AVE W,1,1,0,0,1,4,,,30,0,0,0,0,0,2,2,13
,2015_61412,39.782996,-104.900882,8/13/2015 7:20,7:20,12,0,0,I-270 & QUEBEC ST,1,1,0,0,1,4,,,55,0,0,0,0,1,1,3,7
,2015_61427,39.743958,-105.025215,2/12/2015 10:10,10:10,1,0,0,17TH AVE W & FEDERAL BLVD N,1,1,1,0,1,1,,,25,0,0,0,0,1,2,2,13
,2015_61428,39.754855,-105.025129,2/4/2015 7:40,7:40,12,0,0,FEDERAL BLVD 2600 BLK N & 26TH AVE W,4,1,0,2,1,4,,,35,0,0,0,0,0,2,3,13
,2015_61556,0,0,1/7/2015 4:54,4:54,5,0,0,4TH AVE & 2821 W,5,3,1,2,5,4,,,25,0,0,0,0,0,3,2,3
,2015_61615,0,0,4/14/2015 10:30,10:30,6,0,0,IVANHOE ST 2300 BLK N & 25TH AVE E,1,1,0,7,1,4,,,25,0,0,0,0,0,4,2,16
,2015_61622,0,0,9/24/2015 19:40,19:40,6,0,0,1ST AVE 700 BLK W & INCA ST,1,3,0,7,1,4,,,30,0,0,0,0,0,4,2,16
,2015_61623,0,0,2/6/2015 12:35,12:35,6,0,0,1ST AVE 8100 BLK E & UINTA WAY S,1,5,0,7,1,4,,,25,0,0,0,0,0,4,2,15
,2015_61624,0,0,6/16/2015 6:35,6:35,3,0,1,2ND AVE W & DECATUR ST N,1,1,0,7,1,1,,,25,0,0,0,0,2,4,2,3
,2015_61625,0,0,5/27/2015 18:20,18:20,3,0,0,3RD AVE E & GARFIELD ST N,2,1,1,1,1,1,,,25,0,0,0,0,1,4,2,16
,2015_61626,0,0,2/7/2015 18:45,18:45,11,0,1,3RD AVE 900 BLK W & KALAMATH ST N,1,3,0,0,1,4,,,30,0,1,0,0,3,4,2,5
,2015_61627,0,0,2/20/2015 14:43,14:43,2,0,1,5TH AVE E & BROADWAY ST N,1,1,0,0,1,1,,,25,1,0,0,0,3,4,2,13
,2015_61628,0,0,3/23/2015 13:06,13:06,11,0,0,5TH AVE E & DETROIT ST N,1,1,1,0,1,1,,,25,0,1,0,0,1,4,2,13
,2015_61629,0,0,11/14/2015 2:38,2:38,6,0,0,6TH AVE E & MADISON ST N,1,3,0,7,1,4,,,35,0,0,0,0,0,4,2,16
,2015_61630,0,0,2/10/2015 10:40,10:40,15,0,0,6TH AVE 1100 BLK W & KALAMATH ST N,1,1,0,0,1,4,,,45,0,0,0,0,1,4,2,13
,2015_61631,0,0,4/29/2015 13:24,13:24,12,0,0,8TH AVE E & DAHLIA ST N,1,1,0,7,1,3,,,25,0,0,0,0,0,4,3,16
,2015_61632,0,0,2/19/2015 21:37,21:37,15,0,0,8TH AVE W & KALAMATH ST N,1,3,0,0,1,1,,,30,0,0,0,0,0,4,2,13
,2015_61633,0,0,1/22/2015 16:53,16:53,3,0,1,8TH AVE E & LOCUST ST N,1,2,0,7,1,1,,,30,0,0,0,0,2,4,4,16
,2015_61634,0,0,8/17/2015 16:50,16:50,10,0,0,11TH AVE & 400 BLK E,1,1,0,1,1,4,,,25,0,0,0,0,0,4,2,13
,2015_61635,0,0,5/16/2015 15:03,15:03,6,0,0,8TH AVE W & SANTA FE DR N,1,1,0,7,1,4,,,25,0,0,0,0,0,4,2,16
,2015_61636,0,0,1/13/2015 18:43,18:43,3,0,0,12TH AVE E & YOSEMITE ST N,2,3,0,7,1,1,,,30,0,0,0,0,0,4,2,16
,2015_61637,0,0,7/2/2015 12:10,12:10,12,0,0,13TH AVE & 1300 BLK W,1,1,0,0,1,3,,,30,0,0,0,0,0,4,2,13
,2015_61638,0,0,1/1/2015 2:00,2:00,12,0,0,13TH AVE E & GRANT ST N,14,4,1,7,1,1,,,30,0,0,0,0,0,4,2,16
,2015_61639,0,0,3/27/2015 12:41,12:41,10,0,0,14TH AVE & KEARNEY ST N,1,1,0,0,1,3,,,30,0,0,0,0,0,4,2,13
,2015_61640,0,0,2/13/2015 18:08,18:08,12,0,0,14TH AVE E & DETROIT ST,1,1,0,7,1,1,,,30,0,0,0,0,0,4,3,16
,2015_61641,0,0,7/23/2015 6:48,6:48,14,0,0,14TH AVE E & ELIZABETH ST N,1,1,0,7,1,4,,,30,0,0,0,0,0,4,2,16
,2015_61642,0,0,6/23/2015 14:50,14:50,3,0,0,17TH AVE E & GARFIELD ST N,1,1,0,0,1,1,,,30,0,0,0,0,0,4,2,13
,2015_61643,0,0,4/8/2015 12:12,12:12,6,0,1,17TH AVE 3500 BLK E & MADISON ST N,1,1,0,7,6,4,,,30,0,0,0,0,2,4,3,10
,2015_61644,0,0,1/1/2015 13:15,13:15,10,0,0,17TH AVE E & MARION ST N,2,1,1,0,1,1,,,30,0,0,0,0,0,4,2,13
,2015_61645,0,0,5/28/2015 17:17,17:17,3,0,0,17TH AVE 7500 BLK E & ROSLYN ST N,1,1,0,7,1,1,,,30,0,0,0,0,1,4,2,7
,2015_61646,0,0,6/20/2015 8:20,8:20,15,0,0,19TH AVE & 200 BLK E,1,1,0,0,1,4,,,30,0,0,0,0,0,4,2,13
,2015_61647,0,0,1/26/2015 7:52,7:52,3,0,1,19TH AVE E & CLARKSON ST N,1,1,0,7,1,1,,,30,0,0,0,0,3,4,2,16
,2015_61648,0,0,4/13/2015 16:45,16:45,3,0,0,21ST AVE W & MEADE ST N,1,1,0,7,1,1,,,20,0,0,0,0,0,4,2,16
,2015_61649,0,0,5/9/2015 20:55,20:55,3,0,0,29TH AVE W & ZUNI ST N,2,3,1,2,1,1,,,35,0,0,0,0,0,4,2,16
,2015_61650,0,0,5/31/2015 17:22,17:22,12,0,0,38TH AVE W & QUIVAS ST N,1,1,1,7,1,1,,,35,0,0,0,0,1,4,2,4
,2015_61651,0,0,1/10/2015 23:16,23:16,12,0,0,39TH AVE E & PEORIA ST N,1,3,0,7,1,3,,,35,0,0,0,0,0,4,2,5
,2015_61652,0,0,7/4/2015 16:23,16:23,12,0,0,40TH AVE E & HIMALAYA RD N,1,1,0,0,1,1,,,25,0,0,0,0,0,4,2,14
,2015_61653,0,0,2/5/2015 15:08,15:08,3,0,0,40TH AVE 3800 BLK E & JACKSON ST N,1,1,0,0,1,1,,,30,0,0,0,0,0,4,2,13
,2015_61654,0,0,6/24/2015 19:04,19:04,3,0,0,47TH AVE E & PEORIA ST N,2,1,0,1,1,1,,,35,0,0,0,0,0,4,2,16
,2015_61655,0,0,12/17/2015 10:00,10:00,12,0,0,46TH AVE 12100 BLK E & PEORIA ST,2,1,0,0,1,2,,,25,0,0,0,0,0,4,2,14
,2015_61656,0,0,7/26/2015 16:55,16:55,12,0,1,ALAMEDA AVE 9600 BLK E & DAYTON ST S,1,1,0,7,1,4,,,35,0,0,0,1,3,4,2,14
,2015_61657,0,0,5/6/2015 13:57,13:57,3,0,0,ALAMEDA AVE E & MONACO ST S,1,1,0,0,1,1,,,35,0,0,0,0,0,4,2,13
,2015_61658,0,0,6/10/2015 22:00,22:00,12,0,0,ANDREWS DR N & 40TH AVE E,1,3,0,7,1,1,,,15,0,0,0,0,0,4,2,8
,2015_61659,0,0,5/5/2015 18:35,18:35,15,0,0,ANDREWS DR E & CROWN BLVD N,2,2,0,1,1,1,,,25,0,0,0,0,0,4,2,14
,2015_61660,0,0,4/17/2015 15:55,15:55,14,0,0,ANDREWS DR E & TITAN CT N,1,1,0,0,1,1,,,25,0,0,0,0,0,4,2,8
,2015_61661,0,0,6/26/2015 16:17,16:17,10,0,0,AURARIA PKWY & SPEER BLVD N,1,1,1,0,1,1,,,30,0,0,0,0,0,4,2,13
,2015_61662,0,0,5/20/2015 16:01,16:01,3,0,0,BATES AVE W & EATON ST S,1,1,1,0,1,1,,,25,0,0,0,0,0,4,2,12
,2015_61663,0,0,2/24/2015 14:34,14:34,3,0,0,BAYAUD AVE W & KALAMATH ST S,1,1,0,7,1,1,,,30,0,0,0,0,0,4,2,3
,2015_61664,0,0,5/21/2015 14:30,14:30,3,0,0,BELLEVIEW AVE W & CODY ST S,1,1,0,0,1,1,,,35,0,0,0,0,0,4,2,7
,2015_61665,0,0,11/18/2015 13:25,13:25,11,0,1,BROADWAY & 14TH AVE E,1,1,0,0,1,4,,,,0,1,0,0,3,4,2,16
,2015_61666,0,0,3/27/2015 17:03,17:03,10,0,0,BROADWAY ST N & 13TH AVE W,1,1,0,0,1,1,,,30,0,0,0,0,0,4,2,1
,2015_61667,0,0,7/21/2015 14:57,14:57,11,0,0,BROADWAY ST 200 BLK S & ALAMEDA AVE W,2,1,0,1,1,3,,,30,0,1,0,0,1,4,2,3
,2015_61668,0,0,7/6/2015 9:10,9:10,3,0,0,BROADWAY ST S & ARIZONA AVE W,2,1,1,1,1,1,,,30,0,0,0,0,1,4,2,13
,2015_61669,0,0,5/22/2015 19:00,19:00,6,0,0,BROADWAY ST S & CEDAR AVE E,2,3,0,1,1,4,,,30,0,0,0,1,0,4,2,16
,2015_61670,0,0,2/17/2015 12:17,12:17,15,0,0,CANOSA CT N & 8TH AVE W,1,1,0,0,1,1,,,25,0,0,0,0,0,4,2,1
,2015_61671,0,0,11/7/2015 18:58,18:58,3,0,0,CHAMBERS RD N & ANDREWS DR E,1,3,0,0,1,1,,,40,0,0,0,0,0,4,2,1
,2015_61672,0,0,1/3/2015 16:24,16:24,15,0,0,CENTRAL PARK BLVD N & VERBENA ST N,5,2,0,2,1,1,,,35,0,0,0,0,0,4,2,7
,2015_61673,0,0,7/11/2015 1:26,1:26,5,0,0,CHAMPA ST & 1500,1,3,0,0,3,4,,,35,0,0,0,0,0,4,1,14
,2015_61674,0,0,7/9/2015 7:59,7:59,12,0,0,CHERRY CREEK N DR 5600 BLK E & HOLLY ST S,1,1,0,7,1,4,,,35,0,0,0,0,0,4,3,1
,2015_61675,0,0,2/18/2015 15:30,15:30,12,0,0,CORONA ST 900 BLK N & CORONA ST,1,1,0,7,1,4,,,30,0,0,0,0,0,4,2,16
,2015_61676,0,0,5/20/2015 19:03,19:03,3,0,0,CURTIS ST 2800 BLK & 28TH ST,1,1,0,7,1,1,,,30,0,0,0,0,0,4,2,7
,2015_61677,0,0,7/22/2015 7:09,7:09,3,0,0,DAHLIA ST N & SMITH RD E,1,1,1,7,1,1,,,30,0,0,0,0,0,4,2,16
,2015_61678,0,0,4/14/2015 15:47,15:47,3,0,0,DARTMOUTH AVE 5600 BLK W & COLGATE PL W,1,1,0,0,1,2,,,35,0,0,0,1,0,4,2,14
,2015_61679,0,0,11/29/2015 2:00,2:00,6,0,0,DALE CT & 800 BLK S,5,4,0,7,1,4,,,25,0,0,0,0,0,4,2,14
,2015_61680,0,0,6/11/2015 12:20,12:20,6,0,0,DETROIT ST 1300 BLK N & 13TH AVE E,1,1,0,7,1,2,,,25,0,0,0,0,0,4,2,16
,2015_61681,0,0,4/3/2015 18:54,18:54,8,0,0,DILLON ST 5000 BLK N & N DURHAM CT,1,1,0,0,1,4,,,25,0,0,0,0,1,4,3,3
,2015_61682,0,0,4/28/2015 8:55,8:55,3,0,0,DOWNING ST 1400 BLK S & ARKANSAS AVE E,1,1,0,0,1,3,,,30,0,0,0,0,0,4,2,13
,2015_61683,0,0,6/29/2015 15:39,15:39,12,0,0,DOWNING ST 1800 BLK S & JEWELL AVE E,1,1,0,7,1,3,,,30,0,0,0,0,0,4,3,3
,2015_61684,0,0,11/21/2015 2:00,2:00,6,0,0,DOWNING ST 1000 BLK N & 10TH AVE E,1,3,1,7,1,4,,,30,0,0,0,0,0,4,2,16
,2015_61685,0,0,5/24/2015 14:31,14:31,12,0,0,EVANS AVE E & BELLAIRE ST S,1,1,0,7,1,1,,,30,0,0,0,0,0,4,2,16
,2015_61686,0,0,3/18/2015 5:15,5:15,12,0,0,EVANS AVE W & BROADWAY ST S,1,3,0,7,1,1,,,35,0,0,0,0,0,4,2,3
,2015_61687,0,0,2/4/2015 15:40,15:40,1,0,0,EVANS AVE 6300 BLK E & MONACO ST S,1,1,0,0,1,2,,,35,0,0,0,0,0,4,2,5
,2015_61688,0,0,3/28/2015 14:39,14:39,12,0,0,EVANS AVE E & MONACO ST S,1,1,0,7,1,4,,,35,0,0,0,0,0,4,3,3
,2015_61689,0,0,4/21/2015 16:41,16:41,12,0,0,EVANS AVE 6300 BLK E & MONACO ST S,1,1,0,7,1,3,,,35,0,0,0,0,0,4,3,16
,2015_61690,0,0,7/20/2015 18:06,18:06,3,0,0,EVANS AVE 6300 BLK E & MONACO PKWY S,1,1,0,0,1,2,,,35,0,0,0,0,1,4,2,13
,2015_61691,0,0,8/19/2015 11:00,11:00,6,0,0,FILLMORE ST & 1600 BLK N,1,1,0,0,1,2,,,25,0,0,0,0,0,4,2,14
,2015_61692,0,0,4/11/2015 20:15,20:15,14,0,0,GILL PL W & IRVING ST S,1,4,0,0,1,1,,,25,0,0,0,0,0,4,2,13
,2015_61693,0,0,12/30/2015 16:32,16:32,6,0,0,GALAPAGO ST & 1000 BLK N,1,1,1,7,1,4,,,25,0,0,0,0,0,4,2,16
,2015_61694,0,0,5/12/2015 6:30,6:30,6,0,0,GRANT ST 1900 N & 19TH AVE E,1,3,0,7,1,4,,,30,0,0,0,0,0,4,2,14
,2015_61695,0,0,7/5/2015 7:05,7:05,12,0,0,GVR BLVD E & TOWER RD,1,1,0,0,1,1,,,35,0,0,0,0,0,4,2,13
,2015_61696,0,0,5/5/2015 10:10,10:10,3,0,2,HARVARD AVE E & QUEBEC ST S,2,1,0,1,1,1,,,35,0,0,0,0,2,4,2,16
,2015_61697,0,0,6/29/2015 7:15,7:15,6,0,0,HOLLY ST 4300 N & STAPLETON DR,1,1,0,7,1,4,,,30,0,0,0,0,0,4,2,16
,2015_61698,0,0,3/27/2015 17:00,17:00,12,0,0,JEFFERSON PL 9200 BLK E & BEELER ST,1,1,0,7,1,4,,,30,0,0,0,0,0,4,2,1
,2015_61699,0,0,3/17/2015 19:07,19:07,3,0,0,JEWELL AVE W & TEJON ST S,1,1,0,7,1,1,,,25,0,0,0,0,1,4,2,3
,2015_61700,0,0,2/21/2015 2:10,2:10,6,0,0,JOSEPHINE ST 1000 BLK N & 11TH AVE E,4,3,1,2,1,4,,,30,0,0,0,0,0,4,2,5
,2015_61701,0,0,4/8/2015 6:25,6:25,6,0,0,LINCOLN ST & 1700 BLK N,1,1,0,0,1,4,,,35,0,0,0,0,0,4,2,13
,2015_61702,0,0,7/1/2015 12:49,12:49,12,0,0,LINCOLN ST N & 3RD AVE E,1,1,0,7,1,1,,,35,0,0,0,0,0,4,2,16
,2015_61703,0,0,4/25/2015 7:37,7:37,3,0,0,LINCOLN ST N & 6TH AVE E,1,1,1,0,1,1,,,30,0,0,0,0,0,4,2,13
,2015_61704,0,0,7/12/2015 17:37,17:37,3,0,0,LOUISIANA AVE E & BUCHTEL BLVD E,1,1,0,0,1,1,,,25,0,0,0,0,0,4,2,13
,2015_61705,0,0,4/21/2015 15:07,15:07,12,0,0,LOUISIANA AVE 1300 BLK E & MARION ST S,1,1,0,7,1,4,,,30,0,0,0,0,0,4,2,16
,2015_61706,0,0,5/3/2015 17:13,17:13,5,0,0,MADISON ST N & 4262,1,1,0,0,4,1,,,25,0,0,0,0,0,4,1,1
,2015_61707,0,0,3/18/2015 17:48,17:48,6,0,0,MARION ST 1800 BLK S & JEWELL AVE E,1,1,1,7,1,4,,,25,0,0,0,0,0,4,2,7
,2015_61708,0,0,1/2/2015 14:06,14:06,3,0,0,MARKET ST & 18TH ST,1,5,1,7,1,1,,,25,0,0,0,0,0,4,2,16
,2015_61709,0,0,1/8/2015 8:46,8:46,3,0,0,MISSISSIPPI AVE E & ONEIDA ST S,1,2,0,0,1,1,,,25,0,0,0,0,0,4,2,1
,2015_61710,0,0,10/31/2015 21:19,21:19,12,0,0,MONACO ST N & 17TH AVE E,1,3,0,0,1,1,,,30,0,0,0,0,0,4,2,1
,2015_61711,0,0,3/25/2015 9:45,9:45,3,0,0,MISSISSIPPI AVE W & ZUNI ST S,2,1,0,2,1,1,,,35,0,0,0,0,0,4,2,2
,2015_61712,0,0,8/6/2015 12:15,12:15,12,0,0,MONACO ST 1300 BLK S & CHERRY CREEK DR N E,1,1,0,7,1,3,,,35,0,0,0,0,0,4,2,16
,2015_61713,0,0,8/30/2015 10:54,10:54,3,0,0,MORRISON RD & KENTUCKY AVE W,1,1,0,0,1,1,,,25,0,0,0,0,0,4,2,14
,2015_61714,0,0,6/18/2015 16:15,16:15,12,0,0,MORRISON RD & NEWTON ST S,1,1,0,7,1,4,,,35,0,0,0,0,0,4,2,3
,2015_61715,0,0,4/25/2015 17:50,17:50,12,0,0,NORTHFIELD BLVD 8200 BLK E & UINTAH ST N,1,1,0,7,1,4,,,35,0,0,0,0,0,4,2,3
,2015_61716,0,0,1/9/2015 14:15,14:15,15,0,0,PARK AVE 1600 BLK & 16TH AVE E,1,1,0,7,1,4,,,30,0,0,0,0,0,4,2,16
,2015_61717,0,0,2/26/2015 7:28,7:28,12,0,0,PARK AVE W & LAWRENCE ST,4,1,0,7,1,4,,,30,0,0,0,0,0,4,2,16
,2015_61718,0,0,9/12/2015 18:50,18:50,6,0,0,PARK PL & 2700 BLK W,1,2,0,7,1,4,,,25,0,0,0,1,0,4,2,7
,2015_61719,0,0,5/29/2015 19:45,19:45,14,0,0,PEARL ST 1600 BLK N & 16TH AVE E,1,3,0,0,1,4,,,20,0,0,0,0,0,4,2,7
,2015_61720,0,0,6/26/2015 14:40,14:40,12,0,0,PENA BLVD 4700 BLK & GVR BLVD,1,1,0,7,1,3,,,45,0,0,0,0,0,4,2,16
,2015_61721,0,0,3/18/2015 5:00,5:00,15,0,0,PENA BLVD 8300 BLK & RTD LIGHT RAIL FLY OVER,1,3,1,0,1,4,,,35,0,0,0,0,0,4,2,8
,2015_61722,0,0,7/15/2015 10:05,10:05,6,0,0,PENA BLVD 8400 BLK & WEST TERMINAL ENTRANCE,1,1,0,7,1,4,,,15,0,0,0,0,0,4,2,16
,2015_61723,0,0,3/9/2015 18:20,18:20,15,0,0,PENA BLVD 7200 BLK & TOWER RD N,1,1,0,7,1,4,,,65,0,0,0,0,0,4,2,16
,2015_61724,0,0,1/29/2015 19:36,19:36,12,0,0,QUEBEC ST 3500 BLK N & 35TH AVE E,1,3,0,7,1,3,,,30,0,0,0,0,0,4,2,16
,2015_61725,0,0,11/13/2015 17:58,17:58,12,0,0,QUEBEC ST N & COLFAX AVE E,1,3,0,0,1,4,,,30,0,0,0,0,1,4,2,14
,2015_61726,0,0,8/8/2015 9:20,9:20,3,0,0,QUEBEC ST N & MLK BLVD E,1,1,1,7,1,1,,,30,0,0,0,0,1,4,2,16
,2015_61727,0,0,5/21/2015 17:10,17:10,12,0,0,13TH AVE 2200 BLK E & GAYLORD ST,1,1,0,7,1,4,,,30,0,0,0,0,1,4,2,16
,2015_61728,0,0,9/17/2015 20:06,20:06,2,0,0,7TH ST & WALNUT ST,1,3,0,0,1,1,,,,1,0,0,0,0,4,2,13
,2015_61729,0,0,4/18/2015 2:34,2:34,15,0,0,15TH ST 1400 BLK & BLAKE ST,1,3,0,7,1,3,,,35,0,0,0,0,0,4,2,14
,2015_61730,0,0,2/10/2015 16:00,16:00,12,0,0,20TH ST & CHESTNUT PL,1,1,0,7,1,1,,,25,0,0,0,0,0,4,2,16
,2015_61731,0,0,3/21/2015 1:38,1:38,15,0,1,20TH ST & CHESTNUT PL,1,3,1,0,1,4,,,35,0,0,0,1,3,4,4,13
,2015_61732,0,0,3/31/2015 9:10,9:10,15,0,0,20TH ST & LITTLE RAVEN ST,1,1,0,0,1,1,,,35,0,0,0,0,0,4,2,13
,2015_61733,0,0,6/15/2015 2:06,2:06,5,0,0,44TH ST & BRIGHTON BLVD N,1,3,0,0,3,4,,,35,0,0,0,0,0,4,1,5
,2015_61734,0,0,6/23/2015 16:21,16:21,12,0,0,SANTA FE DR & 700 BLK N,1,1,1,0,1,4,,,30,0,0,0,0,0,4,2,13
,2015_61735,0,0,2/1/2015 7:45,7:45,3,0,0,SANTA FE DR N & 13TH AVE W,6,1,0,7,1,1,,,30,0,0,0,0,0,4,2,8
,2015_61736,0,0,1/20/2015 20:15,20:15,15,0,0,SPEER BLVD N & 11TH AVE W,1,3,0,7,1,4,,,35,0,0,0,0,0,4,2,16
,2015_61737,0,0,4/17/2015 12:25,12:25,12,0,0,SPEER BLVD 1400 BLK N & 14TH AVE,2,1,0,1,1,4,,,35,0,0,0,0,0,4,3,14
,2015_61738,0,0,4/23/2015 8:52,8:52,12,0,0,SPEER BLVD 1100 BLK E & CORONA ST N,1,1,0,7,1,3,,,35,0,0,0,0,0,4,2,1
,2015_61739,0,0,2/4/2015 6:45,6:45,5,0,0,SPEER BLVD 1200 BLK E & DOWNING ST N,5,2,0,2,2,3,,,30,0,0,0,0,1,4,1,16
,2015_61740,0,0,1/7/2015 8:14,8:14,5,0,0,SPEER BLVD N & ELITCH CIR,5,1,0,2,3,4,,,30,0,0,0,0,0,4,1,16
,2015_61741,0,0,5/21/2015 21:45,21:45,15,0,0,SPEER BLVD 1300 BLK N & LARIMER ST,1,3,0,7,1,4,,,35,0,0,0,0,0,4,2,1
,2015_61742,0,0,3/14/2015 12:55,12:55,15,0,0,SPEER BLVD E & LOGAN ST N,1,1,0,7,1,4,,,35,0,0,0,0,0,4,2,16
,2015_61743,0,0,4/13/2015 17:30,17:30,12,0,0,SPEER BLVD N & WAZEE ST,1,1,0,7,1,1,,,35,0,0,0,0,1,4,3,7
,2015_61744,0,0,1/20/2015 14:57,14:57,1,0,2,SPEER BLVD N & ZUNI ST N,1,1,1,7,1,1,,,30,0,0,0,0,2,4,3,16
,2015_61745,0,0,3/28/2015 3:40,3:40,6,0,0,VALLEJO ST & 1304 BLK S,1,4,0,0,1,3,,,25,0,0,0,0,0,4,2,7
,2015_61746,0,0,2/27/2015 9:30,9:30,15,0,0,TAMARAC DR 3500 BLK S & HAMPDEN AVE E,4,1,0,7,1,4,,,30,0,0,0,0,0,4,2,16
,2015_61747,0,0,1/20/2015 16:10,16:10,5,0,0,TEJON ST 4400 BLK N & 45TH AVE W,1,1,0,7,3,4,,,25,0,0,0,0,0,4,1,16
,2015_61748,0,0,7/14/2015 7:50,7:50,6,0,0,TENNYSON ST & 4500 BLK N,1,1,0,0,1,4,,,30,0,0,0,0,0,4,3,2
,2015_61749,0,0,12/25/2015 23:04,23:04,6,0,0,TULARE CT & 3394 S,5,4,0,2,1,4,,,25,0,0,0,0,0,4,2,16
,2015_61750,0,0,5/5/2015 17:54,17:54,12,0,0,UNIVERSITY BLVD 1300 BLK S & LOUISIANA AVE E,2,1,0,1,1,3,,,30,0,0,0,0,0,4,2,16
,2015_61751,0,0,9/12/2015 17:51,17:51,14,0,0,UTICA ST 700 BLK S & EXPOSITION AVE W,2,1,0,0,1,3,,,15,0,0,0,0,0,4,2,13
,2015_61752,0,0,2/1/2015 15:30,15:30,6,0,0,VIRGINIA AVE & 5125 BLK W,6,3,1,2,1,4,,,25,0,0,0,0,0,4,2,14
,2015_61753,0,0,2/27/2015 10:25,10:25,12,0,0,WATER ST 1400 BLK & 15TH ST,5,1,0,2,1,4,,,30,0,0,0,0,0,4,2,14
,2015_61754,0,0,4/14/2015 10:20,10:20,6,0,0,WAZEE ST 1400 & 15TH ST,1,1,0,7,1,4,,,25,0,0,0,0,0,4,2,9
,2015_61755,0,0,4/22/2015 10:10,10:10,15,0,0,WELTON ST & 18TH ST,1,1,0,0,1,1,,,30,0,0,0,0,0,4,2,13
,2015_61756,0,0,6/8/2015 15:55,15:55,6,0,0,XENIA ST N & 13TH AVE E,1,1,0,7,1,4,,,25,0,0,0,0,0,4,2,3
,2015_61757,0,0,7/2/2015 11:25,11:25,6,0,0,YORK ST S & EXPOSITION AVE E,1,1,0,7,1,4,,,25,0,0,0,0,0,4,3,16
,2015_61758,0,0,2/1/2015 14:11,14:11,12,0,0,YOSEMITE ST 4700 BLK S & UNION AVE E,1,1,2,7,1,4,,,35,0,0,0,0,0,4,2,16
,2015_61759,0,0,1/4/2015 12:00,12:00,3,0,0,N ZENOBIA ST & 26TH AVE W,2,1,1,7,1,1,,,25,0,0,0,0,0,4,2,16
,2015_61762,39.778287,-104.912805,5/27/2015 14:20,14:20,5,0,0,I-70 & MONACO ST N,1,1,0,0,2,4,,,55,0,0,0,0,0,1,1,13
,2015_61896,39.687563,-104.940549,1/10/2015 19:55,19:55,1,0,0,COLORADO BLVD S & IOWA AVE E,1,3,0,0,1,1,,,35,0,0,0,0,1,2,2,13
,2015_61897,39.689321,-104.940549,1/6/2015 13:22,13:22,12,0,0,COLORADO BLVD 1500 S & FLORIDA AVE E,2,1,1,0,1,4,,,30,0,0,0,0,0,2,2,13
,2015_61898,39.692409,-104.94055,2/17/2015 11:45,11:45,12,0,0,COLORADO BLVD 1300 BLK S & LOUISIANA AVE E,1,1,1,0,1,4,,,35,0,0,0,0,0,2,2,13
,2015_61899,39.71149,-104.940627,5/2/2015 11:28,11:28,12,0,0,ALAMEDA AVE E & COLORADO BLVD S,1,1,0,0,1,4,,,30,0,0,0,0,0,2,2,3
,2015_61900,39.711893,-104.940628,6/12/2015 20:48,20:48,15,0,0,COLORADO BLVD 200 BLK S & ALAMEDA AVE E,1,3,0,0,1,4,,,35,0,0,0,0,0,2,2,13
,2015_61901,39.714912,-104.940628,6/9/2015 12:30,12:30,15,0,0,COLORADO BLVD S & LEETSDALE DR,1,1,0,0,1,1,,,35,0,0,0,0,0,2,2,13
,2015_61902,39.719431,-104.940628,10/1/2015 13:15,13:15,12,0,0,COLORADO BLVD 100 BLK N & 2ND AVE E,1,1,1,0,1,4,,,35,0,0,0,0,0,2,2,13
,2015_61903,39.724472,-104.94063,4/25/2015 23:00,23:00,5,0,0,5TH AVE E & COLORADO BLVD N,1,3,0,0,2,1,,,35,0,0,0,0,0,2,1,5
,2015_61904,39.752817,-104.940597,6/13/2015 7:00,7:00,12,0,0,COLORADO BLVD N & 25TH AVE E,1,1,0,0,1,4,,,35,0,0,0,0,0,2,2,13
,2015_61905,39.753524,-104.940597,4/1/2015 11:24,11:24,12,0,0,COLORADO BLVD & 25TH AVE,1,1,0,0,1,4,,,35,0,0,0,0,0,2,2,13
,2015_61906,39.766881,-104.940491,10/29/2015 7:25,7:25,12,0,1,COLORADO BLVD N & 36TH AVE E,1,1,0,0,1,1,,,40,0,0,0,0,3,2,2,1
,2015_61907,39.765639,-104.940496,4/22/2015 16:45,16:45,15,0,0,COLORADO BLVD 3500 BLK N & 35TH AVE E,1,1,0,0,1,1,,,30,0,0,0,0,0,2,3,13
,2015_61908,39.783341,-104.940466,5/8/2015 14:36,14:36,15,0,0,COLORADO BLVD 4700 BLK N & 48TH AVE E,1,1,1,0,1,4,,,40,0,0,0,0,0,2,2,13
,2015_61909,39.783692,-104.940461,1/25/2015 13:20,13:20,12,0,2,COLORADO BLVD N & 48TH AVE E,1,1,0,1,1,1,,,40,0,0,0,0,2,2,3,13
,2015_61911,39.783831,-104.940459,6/5/2015 9:44,9:44,12,0,0,COLORADO BLVD N & 48TH AVE E,1,1,0,0,1,1,,,35,0,0,0,0,0,2,2,1
,2015_61920,39.725516,-105.013084,4/21/2015 13:50,13:50,12,0,0,6TH AVE W & I-25,1,1,0,0,1,4,,,45,0,0,0,0,0,2,2,13
,2015_61943,39.623866,-104.901444,9/3/2015 14:35,14:35,12,0,0,I-25 & BELLEVIEW AVE E,1,1,0,0,1,4,,,65,0,0,0,0,0,1,2,16
,2015_61947,39.639264,-104.910285,7/14/2015 8:16,8:16,12,0,0,I-25 & QUINCY AVE E,1,1,0,0,1,4,,,65,0,0,0,0,0,1,2,7