id,drcog_id,latitude,longitude,crashtime,time,crashtype,numbkilled,numbinjurd,drcoglocat,rdconditin,lightngcon,roadcntgrd,weatherco,location,roaddescrp,schoolzone,constrzone,splimit,bikeinv,pedinv,sctrinv,motoinv,svrty,rdsystem,ttlvehcls,hcf
,2015_61948,39.653075,-104.918243,1/2/2015 23:50,23:50,12,0,0,I-25 & HAMPDEN AVE E,2,3,1,0,1,8,,,45,0,0,0,0,0,1,2,5
,2015_61949,39.66762,-104.92561,3/12/2015 8:07,8:07,12,0,0,I-25 & YALE AVE E,1,1,0,0,1,4,,,65,0,0,0,0,0,1,4,13
,2015_61950,39.678363,-104.933558,11/18/2015 16:26,16:26,12,0,0,EVANS AVE E & I-25 NB RAMPS,1,1,0,0,1,1,,,25,0,0,0,0,0,1,2,1
,2015_61951,39.684918,-104.950446,7/6/2015 7:56,7:56,15,0,0,I-25 & STEELE ST S,1,1,0,0,1,4,,,60,0,0,0,0,0,1,2,7
,2015_61952,39.68492,-104.959513,1/1/2015 3:07,3:07,12,0,0,UNIVERSITY BLVD S & I-25,1,3,0,0,1,4,,,35,0,0,0,0,0,1,2,5
,2015_61953,39.684909,-104.959898,1/11/2015 2:54,2:54,5,0,0,I-25 & UNIVERSITY BLVD S,1,3,0,0,2,4,,,60,0,0,0,0,0,1,1,5
,2015_61954,39.697473,-104.982744,1/29/2015 17:28,17:28,12,0,0,I-25 SB & LOGAN ST S,1,2,0,0,1,4,,,60,0,0,0,0,0,1,2,13
,2015_61955,39.697473,-104.982744,7/6/2015 17:28,17:28,12,0,0,I-25 & LOGAN ST S,2,1,0,1,1,4,,,55,0,0,0,0,0,1,2,13
,2015_61956,39.701557,-104.987559,1/6/2015 19:25,19:25,12,0,0,I-25 & MM 207,1,3,1,0,1,4,,,55,0,0,0,0,0,1,2,13
,2015_61957,39.705994,-104.996067,4/10/2015 2:15,2:15,5,0,0,I-25 & SANTA FE DR S,1,3,0,1,3,4,,,55,0,0,0,0,0,1,1,13
,2015_61958,39.706859,-104.996654,2/14/2015 0:59,0:59,15,0,0,SANTA FE DR S & I-25 NB ON RAMP,1,4,0,0,1,8,,,35,0,0,0,0,0,1,2,5
,2015_61959,39.71124,-104.998918,9/11/2015 19:45,19:45,15,0,0,I-25 & ALAMEDA AVE W,1,2,0,0,1,4,,,55,0,0,0,0,0,1,2,7
,2015_61960,39.71124,-104.998918,10/24/2015 8:53,8:53,5,0,1,I-25 & ALAMEDA AVE W,1,1,0,0,2,4,,,55,0,0,0,0,3,1,1,5
,2015_61961,39.726144,-105.013499,2/10/2015 23:04,23:04,12,0,0,I-25 SB OFF RAMP & 6TH HWY WB,1,3,0,0,1,8,,,55,0,0,0,0,0,1,2,13
,2015_61962,39.739838,-105.013897,2/10/2015 17:34,17:34,12,0,1,I-25 & COLFAX AVE W,1,3,1,0,1,4,,,55,0,0,0,0,2,1,3,1
,2015_61963,39.751291,-105.016572,5/6/2015 10:14,10:14,15,0,0,I-25 & 23RD AVE W,1,1,0,0,1,4,,,55,0,0,0,0,1,1,2,14
,2015_61964,39.760997,-105.004275,4/17/2015 8:19,8:19,12,0,0,I-25 & 20TH ST,2,1,1,1,1,4,,,55,0,0,0,0,1,1,2,1
,2015_61965,39.760997,-105.004275,6/15/2015 6:17,6:17,12,0,0,I-25 & 20TH ST,1,1,0,0,1,4,,,55,0,0,0,0,0,1,2,14
,2015_61967,39.762801,-105.002317,7/17/2015 17:30,17:30,12,0,0,I-25 & 20TH ST,1,1,0,0,1,4,,,55,0,0,0,0,0,1,2,13
,2015_61968,39.778106,-104.989193,3/3/2015 6:30,6:30,5,0,0,I-25 NB RAMP AT SPLIT TO EB & I-70,5,1,1,0,2,8,,,45,0,0,0,0,0,1,1,1
,2015_61969,39.77571,-104.989218,10/10/2015 2:36,2:36,5,0,1,I-25 & I-70,1,3,1,0,1,4,,,55,0,0,0,0,2,1,3,16
,2015_61993,39.711184,-105.00153,4/7/2015 17:15,17:15,12,0,0,ALAMEDA AVE W & LIPAN ST S,1,1,0,0,1,1,,,35,0,0,0,0,0,2,2,13
,2015_61994,39.670857,-104.866047,10/22/2015 19:20,19:20,10,0,0,HAVANA ST S & PARKER RD S,2,3,1,1,1,1,,,35,0,0,0,0,0,2,2,14
,2015_61995,39.660251,-104.866296,6/14/2015 8:57,8:57,3,0,0,HAVANA ST S & DARTMOUTH AVE E,1,1,0,0,1,1,,,45,0,0,0,0,1,2,2,13
,2015_62008,39.785534,-104.89964,4/3/2015 6:38,6:38,12,0,0,NORTHFIELD BLVD E & QUEBEC ST SB RAMPS,5,1,0,0,1,3,,,30,0,0,0,0,0,2,2,13
,2015_62027,39.740322,-105.053272,6/26/2015 23:10,23:10,14,0,0,COLFAX AVE W & SHERIDAN BLVD N,1,1,0,0,1,1,,,35,0,0,0,0,0,2,2,5
,2015_62028,39.740343,-105.032736,4/9/2015 16:07,16:07,12,0,0,COLFAX AVE & 3400 BLK W,1,1,1,0,1,4,,,30,0,0,0,0,0,2,2,13
,2015_62029,39.740136,-105.006537,5/27/2015 14:21,14:21,15,0,0,COLFAX AVE & 1400 BLK W (MM APPROX),1,1,1,0,1,4,,,30,0,0,0,0,0,2,2,13
,2015_62030,39.740001,-104.977221,3/20/2015 7:35,7:35,12,0,0,COLFAX AVE 800 BLK E & CLARKSON ST N,1,1,0,0,1,4,,,30,0,0,0,0,0,2,2,13
,2015_62031,39.740014,-104.970253,6/1/2015 16:00,16:00,12,0,0,COLFAX AVE 1300 BLK E & HUMBOLDT ST N,1,1,0,0,1,4,,,25,0,0,0,0,1,2,2,13
,2015_62032,39.740148,-104.949753,5/21/2015 22:30,22:30,3,0,0,STEELE ST N (RD N) & STEELE ST S (RD N),1,3,0,0,1,5,,,15,0,0,0,0,0,2,2,13
,2015_62033,39.740073,-104.940412,1/13/2015 13:54,13:54,12,0,0,COLFAX AVE E & COLORADO BLVD N,1,1,0,0,1,4,,,30,0,0,0,0,0,2,2,13
,2015_62057,39.78331,-105.033095,7/13/2015 14:45,14:45,5,0,0,I-70 WB OFF RAMP & LOWELL BLVD N,1,1,1,0,3,8,,,25,0,0,0,0,0,1,1,5
,2015_62058,39.779435,-104.979009,3/21/2015 16:47,16:47,15,0,0,I-70 & WASHINGTON ST N,1,1,1,0,1,4,,,55,0,0,0,0,0,1,2,13
,2015_62059,39.779435,-104.979009,5/15/2015 12:16,12:16,12,0,0,I-70 & WASHINGTON ST N,1,1,0,0,1,4,,,55,0,0,0,0,1,1,2,3
,2015_62060,39.77828,-104.915926,1/5/2015 12:26,12:26,5,0,0,I-70 & LEYDEN ST N OFFSET REF,2,1,0,0,1,4,,,55,0,0,0,0,1,1,7,14
,2015_62062,39.7783,-104.903459,3/1/2015 11:18,11:18,5,0,0,I-70 & QUEBEC ST N/NORTHFIELD N,1,1,0,0,3,4,,,55,0,0,0,0,0,1,2,13
,2015_62063,39.7783,-104.903459,8/7/2015 7:03,7:03,12,0,0,I-70 & QUEBEC ST,1,1,0,0,1,4,,,55,0,0,0,0,1,1,3,4
,2015_62064,39.775623,-104.865778,2/18/2015 7:56,7:56,15,0,0,I-70 & HAVANA ST N,1,1,0,0,1,4,,,55,0,0,0,0,0,1,2,13
,2015_62065,39.776364,-104.874337,10/25/2015 23:50,23:50,5,0,0,I-70 & I-270 EB DIRECT CONNE,1,3,0,0,3,4,,,55,0,0,0,0,0,1,1,13
,2015_62066,39.77559,-104.865391,5/13/2015 13:15,13:15,12,0,0,I-70 & HAVANA ST N,1,1,0,0,1,4,,,55,0,0,0,0,0,1,2,13
,2015_62067,39.775469,-104.863992,7/4/2015 19:54,19:54,12,0,1,I-70 & HAVANA ST N,1,2,0,0,1,4,,,55,0,0,0,0,2,1,2,5
,2015_62068,39.774005,-104.847034,7/17/2015 9:19,9:19,15,0,0,I-70 EB OFF RAMP & PEORIA ST,1,1,0,0,1,1,,,35,0,0,0,0,0,1,2,13
,2015_62069,39.773558,-104.841776,1/12/2015 7:50,7:50,12,0,0,I-70 & I-225 NB,1,1,1,0,1,8,,,45,0,0,0,0,0,1,2,1
,2015_62093,39.698614,-104.903604,7/8/2015 15:55,15:55,15,0,0,LEETSDALE DR & QUEBEC ST S,2,1,0,1,1,4,,,40,0,0,0,0,0,2,2,13
,2015_62105,39.696696,-104.991872,8/10/2015 3:31,3:31,3,0,0,SANTA FE DR S & MISSISSIPPI AVE W,1,3,0,0,1,1,,,35,0,0,0,0,0,2,2,5
,2015_62111,39.708516,-105.025084,6/21/2015 20:17,20:17,15,0,1,FEDERAL BLVD S & ALASKA PL W,1,1,0,0,1,4,,,40,0,0,0,1,2,2,3,1
,2015_62112,39.70041,-105.025085,3/13/2015 23:41,23:41,12,0,0,FEDERAL BLVD S & KENTUCKY AVE W,1,3,0,0,1,1,,,40,0,0,0,0,0,2,2,7
,2015_62113,39.684947,-105.025012,3/15/2015 17:40,17:40,12,0,0,FEDERAL BLVD S & COLORADO AVE W,1,1,1,0,1,4,,,35,0,0,0,0,0,2,2,13
,2015_62114,39.676758,-105.025054,12/4/2015 17:00,17:00,3,0,0,FEDERAL BLVD S & WARREN AVE W,1,3,0,0,1,1,,,25,0,0,0,0,0,2,2,13
,2015_62115,39.68052,-105.025025,3/13/2015 17:45,17:45,1,0,0,FEDERAL BLVD S & ASBURY AVE W,1,1,0,0,1,1,,,35,0,0,0,0,0,2,2,13
,2015_62127,39.656175,-105.053223,7/18/2015 10:55,10:55,12,0,1,SHERIDAN BLVD S & DARTMOUTH AVE W,1,1,0,0,1,1,,,40,0,0,0,0,3,2,3,3
,2015_62128,39.675873,-105.053261,8/9/2015 6:45,6:45,14,0,0,SHERIDAN BLVD 2100 BLK S & WARREN AVE W,1,1,0,0,1,4,,,40,0,0,0,0,0,2,2,13
,2015_62129,39.678038,-105.053264,8/30/2015 10:00,10:00,3,0,0,SHERIDAN BLVD S & HARVEY PL W,1,1,0,0,1,2,,,40,0,0,0,0,0,2,2,3
,2015_62136,39.767532,-105.053246,2/4/2015 8:05,8:05,5,0,0,SHERIDAN BLVD N & 37TH AVE W,4,1,1,2,3,1,,,35,0,0,0,0,0,2,1,14
,2015_62177,39.639193,-104.885266,7/7/2015 7:43,7:43,12,0,0,I-225 SB ON  COLLECTOR RAMP FROM & YOSEMITE ST S,1,1,1,0,1,8,,,35,0,0,0,0,0,1,2,3
,2015_62178,39.639275,-104.885096,1/25/2015 2:30,2:30,15,0,0,I-225 & YOSEMITE ST S,1,3,0,0,1,4,,,65,0,0,0,0,0,1,2,5
,2015_62186,39.779661,-104.967133,7/8/2015 14:49,14:49,1,0,0,BRIGHTON BLVD N & I-70 EB RAMPS,2,1,0,1,1,1,,,30,0,0,0,0,0,2,2,8
,2015_62190,39.65315,-105.053133,12/18/2015 21:05,21:05,8,0,0,HWY 285 & SHERIDAN BLVD S,1,3,1,0,1,4,,,,0,0,0,0,0,2,2,5
,2015_62195,39.652987,-104.931719,7/7/2015 9:20,9:20,10,0,0,DAHLIA ST S & HAMPDEN AVE E,1,1,0,0,1,1,,,30,0,0,0,0,0,2,2,1
,2015_62196,39.769244,-105.025232,1/5/2015 8:15,8:15,12,0,0,38TH AVE & FEDERAL BLVD N,5,1,0,0,1,2,,,30,0,0,0,0,0,2,2,13
,2015_62197,39.785685,-105.025205,8/13/2015 6:40,6:40,3,0,0,FEDERAL BLVD N & 49TH AVE,1,1,0,0,1,1,,,35,0,0,0,0,0,2,2,13
,2015_62198,39.789228,-105.025203,4/23/2015 12:42,12:42,3,0,0,FEDERAL BLVD 5100 BLK N & 51ST AVE W,1,1,0,0,1,2,,,35,0,0,0,0,1,2,2,14
,2015_62234,0,0,4/13/2015 18:44,18:44,5,0,0,GRANBY ST N & ELMENDORF PL E,1,1,0,0,2,3,,,25,0,0,0,0,0,4,1,5
,2015_62376,0,0,8/13/2015 21:15,21:15,5,0,0,BAYAUD AVE W & S KALAMATH ST,1,3,0,7,2,3,,,30,0,0,0,0,0,4,1,5
,2015_62417,0,0,4/13/2015 19:30,19:30,12,0,0,1ST AVE 3000 BLK E & FILLMORE ST N,1,1,0,7,1,3,,,30,0,0,0,0,0,4,2,16
,2015_62418,0,0,5/25/2015 14:45,14:45,5,0,0,2ND AVE W & 3538,1,1,0,0,3,1,,,25,0,0,0,0,0,4,1,5
,2015_62419,0,0,4/10/2015 19:10,19:10,2,0,0,2ND AVE E & DETROIT ST N,1,1,0,0,1,1,,,25,1,0,0,0,1,4,2,7
,2015_62420,0,0,6/3/2015 17:06,17:06,6,0,0,3RD AVE & 2400 BLK E,2,1,0,1,1,4,,,25,0,0,0,0,0,4,2,13
,2015_62422,0,0,2/26/2015 13:00,13:00,3,0,0,4TH AVE E & JACKSON ST N,4,1,1,2,1,1,,,25,0,0,0,0,0,4,2,12
,2015_62423,0,0,7/23/2015 18:06,18:06,12,0,0,6TH AVE E & CLARKSON ST N,1,1,0,7,1,1,,,30,0,0,0,0,0,4,2,12
,2015_62424,0,0,2/14/2015 18:30,18:30,15,0,0,6TH AVE 800 BLK E & EMERSON ST N,1,3,0,7,1,4,,,30,0,0,0,0,0,4,2,3
,2015_62425,0,0,1/23/2015 15:08,15:08,12,0,0,6TH AVE W & KALAMATH ST N,1,1,0,0,1,1,,,30,0,0,0,0,1,4,2,3
,2015_62426,0,0,4/9/2015 18:35,18:35,12,0,0,6TH AVE E & KRAMERIA ST N,1,1,0,7,1,4,,,35,0,0,0,0,0,4,2,2
,2015_62427,0,0,7/9/2015 6:50,6:50,12,0,0,6TH AVE 000 BLK E & LINCOLN ST N,1,1,0,7,1,3,,,30,0,0,0,0,0,4,2,1
,2015_62428,0,0,8/9/2015 3:40,3:40,3,0,1,7TH AVE E & OGDEN ST N,1,3,0,7,1,1,,,25,0,0,0,0,2,4,2,16
,2015_62429,0,0,12/19/2015 23:00,23:00,12,0,0,8TH AVE E & DOWNING ST N,2,3,0,0,1,3,,,30,0,0,0,0,0,4,3,13
,2015_62430,0,0,2/24/2015 11:55,11:55,12,0,0,8TH AVE & 4600 BLK E,1,1,0,0,1,5,,,10,0,0,0,0,0,4,2,13
,2015_62431,0,0,3/20/2015 10:20,10:20,15,0,0,8TH AVE E & BROADWAY ST N,1,1,0,0,1,1,,,30,0,0,0,0,0,4,2,13
,2015_62432,0,0,2/15/2015 22:22,22:22,8,0,0,8TH AVE 1400 BLK W & NAVAJO ST N,4,3,1,2,1,4,,,35,0,0,0,0,0,4,2,7
,2015_62433,0,0,2/7/2015 12:20,12:20,3,0,0,8TH AVE W & SPEER BLVD N,1,1,0,7,1,1,,,30,0,0,0,0,0,4,2,16
,2015_62434,0,0,8/4/2015 18:37,18:37,3,0,0,10TH AVE E & SHERMAN ST N,1,1,0,7,1,1,,,25,0,0,0,0,1,4,2,8
,2015_62435,0,0,8/18/2015 7:35,7:35,3,0,0,9TH AVE E & LOGAN ST N,1,1,0,0,1,1,,,15,0,0,0,0,0,4,2,13
,2015_62436,0,0,3/10/2015 8:25,8:25,3,0,0,11TH AVE E & PEARL ST N,1,1,0,7,1,1,,,25,0,0,0,0,0,4,2,16
,2015_62437,0,0,8/1/2015 10:58,10:58,3,0,0,12TH AVE E & VERBENA ST N,1,1,0,0,1,1,,,20,0,0,0,0,0,4,2,14
,2015_62438,0,0,1/21/2015 17:19,17:19,3,0,0,12TH AVE 700 BLK E & WASHINGTON ST N,5,3,1,7,1,5,,,30,0,0,0,0,0,4,2,7
,2015_62439,0,0,7/28/2015 3:25,3:25,6,0,0,14TH AVE E & CLAYTON ST N,1,1,0,7,1,4,,,35,0,0,0,0,0,4,6,5
,2015_62440,0,0,2/4/2015 7:55,7:55,12,0,0,14TH AVE E & FILLMORE ST N,4,1,0,2,1,3,,,30,0,0,0,0,0,4,2,16
,2015_62441,0,0,5/8/2015 1:20,1:20,6,0,0,14TH AVE E & YORK ST N,2,3,0,1,1,4,,,30,0,0,0,0,0,4,2,1
,2015_62442,0,0,4/16/2015 7:30,7:30,15,0,0,17TH AVE E & ALBION ST N,1,1,0,2,1,4,,,35,0,0,0,0,0,4,2,14
,2015_62443,0,0,1/16/2015 9:55,9:55,3,0,0,17TH AVE E & OGDEN ST N,1,1,0,7,1,1,,,30,0,0,0,0,0,4,2,16
,2015_62444,0,0,3/21/2015 18:59,18:59,12,0,1,17TH AVE 7700 BLK E & SYRACUSE ST N,1,1,0,7,1,4,,,30,0,0,0,0,2,4,3,14
,2015_62445,0,0,6/14/2015 13:25,13:25,3,0,0,20TH AVE E & YORK ST N,1,1,0,0,1,1,,,25,0,0,0,0,0,4,3,13
,2015_62446,0,0,1/20/2015 14:30,14:30,6,0,0,23RD AVE & 3000 BLK W,1,1,1,0,1,2,,,,0,0,0,0,0,4,2,5
,2015_62447,0,0,8/3/2015 8:05,8:05,1,0,0,E 32ND AVE WB & MONACO ST N,1,1,0,7,1,1,,,35,0,0,0,0,1,4,2,7
,2015_62448,0,0,2/11/2015 7:50,7:50,3,0,0,32ND AVE E & QUEBEC ST N,1,1,0,7,1,1,,,35,0,0,0,0,0,4,2,7
,2015_62449,0,0,5/5/2015 12:30,12:30,3,0,0,37TH AVE W & PERRY ST N,1,1,1,1,1,1,,,25,0,0,0,0,0,4,2,16
,2015_62450,0,0,12/1/2015 10:31,10:31,12,0,0,32ND AVE W & PERRY ST N,2,1,0,0,1,1,,,35,0,0,0,0,1,4,2,14
,2015_62451,0,0,5/17/2015 9:25,9:25,6,0,0,BELLAIRE ST & 2500 BLK N,1,1,0,0,1,4,,,25,0,0,0,0,0,4,2,8
,2015_62452,0,0,8/7/2015 13:55,13:55,12,0,0,38TH AVE 3300 BLK W & IRVING ST N,1,1,0,7,1,4,,,35,0,0,0,0,0,4,2,16
,2015_62453,0,0,4/23/2015 7:32,7:32,1,0,0,38TH AVE W & LOWELL BLVD N,1,1,0,0,1,1,,,35,0,0,0,0,0,4,2,14
,2015_62454,0,0,2/25/2015 16:05,16:05,15,0,0,38TH AVE W & NAVAJO ST N,4,1,0,2,1,1,,,35,0,0,0,0,1,4,2,13
,2015_62455,0,0,5/4/2015 16:20,16:20,1,0,0,38TH AVE E & PEORIA ST N,2,1,0,0,1,1,,,35,0,0,0,0,0,4,2,13
,2015_62456,0,0,1/30/2015 17:51,17:51,3,0,0,45TH AVE W & TENNYSON ST N,1,3,0,7,1,1,,,25,0,0,0,0,0,4,2,16
,2015_62457,0,0,7/18/2015 10:00,10:00,10,0,0,46TH AVE W & YATES ST N,1,1,0,0,1,1,,,30,0,0,0,0,0,4,2,13
,2015_62458,0,0,2/3/2015 8:30,8:30,15,0,0,56TH AVE 8800 BLK E & CENTRAL PARK BLVD N,1,1,0,7,1,4,,,40,0,0,0,0,0,4,2,16
,2015_62459,0,0,7/2/2015 14:09,14:09,1,0,0,ALAMEDA AVE W & CHEROKEE ST S,1,1,0,7,1,1,,,35,0,0,0,0,0,4,2,3
,2015_62460,0,0,1/10/2015 15:39,15:39,12,0,0,ALAMEDA AVE E & CHERRY CREEK DR S E,1,1,0,7,1,1,,,30,0,0,0,0,0,4,2,3
,2015_62461,0,0,4/28/2015 9:48,9:48,12,0,0,ALAMEDA AVE 9500 BLK E & CLINTON ST S,1,1,0,7,1,1,,,40,0,0,0,0,1,4,2,16
,2015_62462,0,0,7/20/2015 18:11,18:11,12,0,0,ALAMEDA AVE E & CLINTON ST S,1,1,0,7,1,1,,,40,0,0,0,0,1,4,2,3
,2015_62463,0,0,7/10/2015 7:20,7:20,3,0,0,ALAMEDA AVE E & DAYTON ST S,1,1,0,0,1,1,,,40,0,0,0,0,0,4,2,13
,2015_62464,0,0,6/17/2015 18:35,18:35,12,0,0,ALAMEDA AVE E & FAIRMONT DR,1,1,0,7,1,4,,,35,0,0,0,0,0,4,2,14
,2015_62465,0,0,8/5/2015 22:52,22:52,12,0,0,E ANDREWS DR & PEORIA ST N,1,3,0,7,1,1,,,35,0,0,0,0,0,4,2,2
,2015_62466,0,0,3/24/2015 23:05,23:05,2,0,0,AURARIA PKWY & 12TH ST,1,3,0,0,1,1,,,35,1,0,0,0,0,4,2,4
,2015_62467,0,0,11/17/2015 19:46,19:46,6,0,0,ANDES ST N & ANDES WY N,5,4,0,0,3,4,,,25,0,0,0,0,0,4,2,5
,2015_62468,0,0,8/30/2015 2:00,2:00,15,0,0,BROADWAY ST & 200 BLK S,1,3,0,0,1,4,,,30,0,0,0,0,1,4,2,5
,2015_62469,0,0,6/16/2015 16:16,16:16,3,0,0,BROADWAY ST & 300 BLK S,1,1,0,0,1,2,,,30,0,0,0,0,0,4,2,13
,2015_62470,0,0,1/31/2015 23:44,23:44,5,0,0,BROADWAY ST & 4500 BLK N,4,3,0,2,2,4,,,25,0,0,0,0,0,4,1,13
,2015_62471,0,0,6/16/2015 7:58,7:58,15,0,0,BROADWAY ST 1200 BLK S & ARIZONA AVE W,1,1,0,0,1,4,,,30,0,0,0,0,0,4,2,13
,2015_62472,0,0,1/9/2015 0:06,0:06,12,0,0,BROADWAY ST 1100 BLK N & LAWRENCE ST,5,3,1,2,1,4,,,35,0,0,0,0,1,4,2,16
,2015_62473,0,0,5/8/2015 23:17,23:17,15,0,0,BROADWAY ST S & OHIO AVE E,2,3,0,1,1,1,,,35,0,0,0,0,0,4,2,14
,2015_62474,0,0,10/13/2015 17:06,17:06,15,0,0,BROADWAY ST S & MISSISSIPPI AVE,1,1,0,0,1,3,,,35,0,0,0,0,0,4,3,1
,2015_62475,0,0,7/7/2015 17:05,17:05,15,0,0,BROADWAY & 20TH ST,1,1,0,0,1,1,,,25,0,0,0,0,0,4,2,13
,2015_62476,0,0,7/17/2015 21:53,21:53,3,0,0,BROADWAY ST S & VIRGINIA AVE E,1,3,0,7,1,1,,,30,0,0,0,0,0,4,2,16
,2015_62477,0,0,2/8/2015 18:32,18:32,6,0,0,CEDAR AVE W & ALCOTT ST S,1,4,1,7,1,4,,,25,0,0,0,0,0,4,2,15
,2015_62478,0,0,3/16/2015 0:45,0:45,5,0,0,CHERRY CREEK DR S E & MISSISSIPPI AVE E,1,3,0,7,2,4,,,30,0,0,0,0,0,4,1,16
,2015_62479,0,0,1/4/2015 3:45,3:45,3,0,0,CLARKSON ST N & SPEER BLVD E,10,3,0,2,1,1,,,35,0,0,0,0,0,4,2,5
,2015_62480,0,0,5/4/2015 11:20,11:20,6,0,0,CLAUDE CT 4300 N & 44TH AVE E,1,1,0,7,1,4,,,25,0,0,0,0,0,4,2,16
,2015_62481,0,0,5/5/2015 22:45,22:45,6,0,0,CLERMONT ST 700 BLK N & 7TH AVE E,2,3,0,7,1,4,,,25,0,0,0,0,0,4,2,16
,2015_62482,0,0,3/20/2015 21:33,21:33,9,0,0,PLATTE RIVER DR S & LIPAN ST S,1,3,0,7,3,3,,,35,0,0,0,0,0,4,1,1
,2015_62483,0,0,12/19/2015 20:00,20:00,6,0,0,COOK ST 4000 BLK N & 41ST AVE E,5,3,0,7,1,4,,,25,0,0,0,0,0,4,2,14
,2015_62484,0,0,1/12/2015 13:45,13:45,11,0,0,COURT PL & 14TH ST,1,1,0,0,1,1,,,,0,1,0,0,1,4,2,13
,2015_62485,0,0,6/13/2015 23:35,23:35,3,0,0,CURTIS ST & 18TH ST,1,3,0,7,1,1,,,35,0,0,0,0,0,4,2,3
,2015_62486,0,0,3/28/2015 16:33,16:33,3,0,0,DAHLIA ST S & FLORIDA AVE E,1,1,0,7,1,1,,,30,0,0,0,0,0,4,2,3
,2015_62487,0,0,6/9/2015 13:47,13:47,3,0,0,DAHLIA ST S & FLORIDA AVE E,1,1,0,7,1,1,,,25,0,0,0,0,0,4,2,3
,2015_62488,0,0,2/6/2015 11:30,11:30,6,0,0,DAKOTA AVE 200 BLK E & SHERMAN ST S,1,1,0,7,1,5,,,10,0,0,0,0,0,4,2,3
,2015_62489,0,0,2/12/2015 14:49,14:49,3,0,0,DECATUR ST N & 27TH AVE W,1,1,1,7,1,2,,,25,0,0,0,0,0,4,2,16
,2015_62490,0,0,2/27/2015 3:00,3:00,5,0,0,DTC BLVD S & TUFTS AVE E,4,3,0,2,3,4,,,35,0,0,0,0,0,4,1,1
,2015_62491,0,0,8/13/2015 17:41,17:41,3,0,0,EMERSON ST S & EVANS AVE E,1,1,0,7,1,1,,,25,0,0,0,0,0,4,2,3
,2015_62492,0,0,5/11/2015 11:17,11:17,6,0,0,ESPLANADE PKWY & 1600 BLK N,1,1,0,0,1,4,,,25,0,0,0,0,0,4,2,7
,2015_62493,0,0,1/4/2015 10:08,10:08,3,0,0,EVANS AVE & 2770 W,6,1,1,0,1,2,,,35,0,0,0,0,0,4,2,7
,2015_62494,0,0,6/22/2015 17:37,17:37,10,0,0,EVANS AVE W & BROADWAY ST S,1,1,0,0,1,3,,,30,0,0,0,0,0,4,2,7
,2015_62495,0,0,2/11/2015 17:53,17:53,10,0,0,EVANS AVE W & ZENOBIA ST,1,2,0,0,1,1,,,30,0,0,0,0,0,4,2,13
,2015_62496,0,0,6/11/2015 17:45,17:45,6,0,0,FLORIDA AVE 4100 BLK E & ASH ST S,1,1,0,7,1,4,,,30,0,0,0,0,0,4,3,3
,2015_62497,0,0,6/12/2015 14:40,14:40,3,0,0,FLORIDA AVE W & PLATTE RIVER DR S,1,1,0,7,1,1,,,25,0,0,0,0,0,4,2,8
,2015_62498,0,0,2/2/2015 12:16,12:16,12,0,0,GRANT ST 1600 BLK N & 16TH AVE E,1,1,0,0,1,4,,,30,0,0,0,0,0,4,2,13
,2015_62499,0,0,7/1/2015 9:00,9:00,11,0,1,GVR BLVD E & ARGONNE ST N,1,1,0,0,1,1,,,25,0,1,0,0,2,4,2,14
,2015_62500,0,0,4/20/2015 15:20,15:20,6,0,0,HAVANA ST & 2824 BLK N,1,1,0,0,1,4,,,35,0,0,0,0,0,4,2,10
,2015_62501,0,0,7/3/2015 20:00,20:00,6,0,0,HAZEL CT S & 1925,1,1,0,0,1,4,,,15,0,0,0,0,0,4,2,3
,2015_62502,0,0,3/16/2015 7:59,7:59,3,0,0,HOLLY ST S & FLORIDA AVE E,1,1,0,0,1,2,,,35,0,0,0,0,0,4,2,13
,2015_62503,0,0,6/28/2015 22:10,22:10,5,0,0,ILIFF AVE W & CLAY ST S,1,3,0,7,4,1,,,25,0,0,0,0,0,4,1,8
,2015_62504,0,0,1/9/2015 8:08,8:08,5,0,0,N IVY ST & 48TH AVE E,5,1,0,7,3,3,,,25,0,0,0,0,0,4,1,16
,2015_62505,0,0,2/21/2015 11:49,11:49,6,0,0,JACKSON ST 1499 S & FLORIDA AVE E,2,1,0,7,1,4,,,25,0,0,0,0,0,4,2,3
,2015_62506,0,0,7/9/2015 14:52,14:52,12,0,0,KENYON AVE & 4100 BLK W,1,1,0,0,1,4,,,25,0,0,0,0,0,4,2,14
,2015_62507,0,0,2/13/2015 16:39,16:39,15,0,0,KNOX CT N & 14TH AVE W,1,1,1,0,1,1,,,30,0,0,0,0,0,4,2,13
,2015_62508,0,0,1/30/2015 14:25,14:25,15,0,0,LINCOLN ST & 1000 BLK N,1,1,0,0,1,4,,,30,0,0,0,0,0,4,2,13
,2015_62509,0,0,2/16/2015 20:22,20:22,6,0,0,LOWELL BLVD & 4800 BLK N,4,3,0,2,1,4,,,30,0,0,0,0,0,4,2,7
,2015_62510,0,0,1/9/2015 8:10,8:10,3,0,0,LOWELL BLVD S & COLORADO AVE W,5,1,1,7,1,1,,,25,0,0,0,0,0,4,2,16
,2015_62511,0,0,3/6/2015 12:30,12:30,3,0,0,MISSISSIPPI AVE W & JASON ST S,1,1,0,7,1,1,,,25,0,0,0,0,0,4,2,16
,2015_62512,0,0,5/21/2015 16:42,16:42,11,1,0,MISSISSIPPI AVE (1600 BLK W) & QUIVAS ST S,1,1,1,0,1,4,,,,0,1,0,0,4,4,2,13
,2015_62513,0,0,1/4/2015 0:31,0:31,1,0,1,E MISSISSIPPI AV & VALENTIA ST S,4,3,0,7,1,1,,,35,0,0,0,0,2,4,2,16