id,drcog_id,latitude,longitude,crashtime,time,crashtype,numbkilled,numbinjurd,drcoglocat,rdconditin,lightngcon,roadcntgrd,weatherco,location,roaddescrp,schoolzone,constrzone,splimit,bikeinv,pedinv,sctrinv,motoinv,svrty,rdsystem,ttlvehcls,hcf
,2015_62514,0,0,4/4/2015 15:20,15:20,15,0,0,MLK BLVD E & CENTRAL PARK BLVD N,1,1,0,0,1,1,,,35,0,0,0,0,0,4,2,1
,2015_62515,0,0,6/9/2015 17:04,17:04,12,0,0,MONACO ST 5000 BLK S & BELLEVIEW AVE E,1,1,1,7,1,4,,,30,0,0,0,0,0,4,3,3
,2015_62516,0,0,5/19/2015 21:17,21:17,1,0,0,MONACO PKWY S & YALE AVE E,1,3,0,0,1,1,,,30,0,0,0,0,1,4,2,14
,2015_62517,0,0,7/2/2015 9:19,9:19,12,0,0,MONTVIEW BLVD E & COLORADO BLVD N,1,1,0,7,1,4,,,25,0,0,0,0,1,4,2,16
,2015_62518,0,0,6/12/2015 22:28,22:28,12,0,0,PARK AVE W & 18TH AVE E,1,3,0,7,1,1,,,30,0,0,0,0,0,4,2,3
,2015_62519,0,0,5/29/2015 16:21,16:21,10,0,0,PARK AVE W & LARIMER ST,2,1,0,2,1,1,,,30,0,0,0,0,0,4,2,13
,2015_62520,0,0,9/27/2015 16:40,16:40,6,0,0,OGDEN ST N & 20TH AVE E,1,1,0,7,1,4,,,25,0,0,0,0,0,4,2,14
,2015_62521,0,0,6/13/2015 16:30,16:30,10,0,0,PEARL ST 1400 BLK N & COLFAX AVE E,1,1,0,0,1,2,,,25,0,0,0,0,0,4,2,13
,2015_62522,0,0,7/17/2015 19:18,19:18,3,0,1,PENA BLVD & 56TH AVE E,1,1,0,7,1,1,,,45,0,0,0,0,2,4,2,12
,2015_62523,0,0,4/25/2015 1:35,1:35,9,0,1,PENA BLVD 4100 BLK & GVR BLVD,1,3,0,0,2,4,,,65,0,0,0,0,2,4,1,5
,2015_62524,0,0,8/12/2015 14:21,14:21,12,0,0,PENA BLVD OFF RAMP IB & GVR BLVD E,1,1,0,0,1,1,,,35,0,0,0,0,1,4,2,13
,2015_62525,0,0,1/4/2015 23:51,23:51,15,0,0,PENA BLVD & 8000 BLK,1,3,0,0,1,4,,,65,0,0,0,0,0,4,2,2
,2015_62526,0,0,7/31/2015 14:41,14:41,12,0,0,PENA BLVD 7600 BLK & TOWER RD,1,1,1,7,1,4,,,45,0,0,0,0,0,4,2,16
,2015_62527,0,0,1/30/2015 5:55,5:55,1,0,0,PEORIA ST N & 47TH AVE E,1,3,0,0,1,1,,,40,0,0,0,0,0,4,2,13
,2015_62528,0,0,2/6/2015 1:00,1:00,5,0,0,QUEBEC ST S & CHERRY CREEK DR S E,1,3,0,0,3,4,,,35,0,0,0,0,0,4,1,13
,2015_62529,0,0,11/21/2015 12:28,12:28,12,0,0,QUEBEC ST N & 19TH AVE E,1,1,0,0,1,1,,,35,0,0,0,0,0,4,2,14
,2015_62530,0,0,1/29/2015 20:40,20:40,1,0,0,QUEBEC ST 3600 BLK N & 36TH AVE E,1,3,0,7,1,1,,,30,0,0,0,0,1,4,2,16
,2015_62531,0,0,6/8/2015 8:48,8:48,12,0,0,QUEBEC ST S & ALAMEDA AVE E,1,1,0,7,1,3,,,35,0,0,0,0,0,4,2,16
,2015_62532,0,0,3/3/2015 21:45,21:45,12,0,0,QUINCY AVE W & PIERCE ST S,4,3,0,2,1,4,,,40,0,0,0,0,0,4,2,5
,2015_62534,0,0,1/2/2015 18:30,18:30,3,0,0,RAMPART WY N & LOWRY BLVD E,2,3,1,0,1,6,,,25,0,0,0,0,0,4,2,13
,2015_62535,0,0,7/2/2015 14:28,14:28,6,0,0,13TH ST 1100 BLK & ARAPAHOE ST,1,1,0,7,1,4,,,25,0,0,0,0,0,4,2,16
,2015_62536,0,0,7/16/2015 13:23,13:23,15,0,0,16TH ST & WEWATTA ST,1,1,0,7,1,1,,,25,0,0,0,0,0,4,2,16
,2015_62537,0,0,2/4/2015 9:27,9:27,12,0,0,20TH ST & CHAMPA ST,4,1,0,2,1,1,,,30,0,0,0,0,0,4,2,16
,2015_62538,0,0,12/3/2015 13:40,13:40,5,0,0,17TH ST & 600,1,1,0,0,3,5,,,,0,0,0,0,0,4,1,13
,2015_62539,0,0,6/18/2015 15:55,15:55,12,0,0,20TH ST & WAZEE ST,1,1,1,7,1,3,,,25,0,0,0,0,0,4,2,16
,2015_62540,0,0,2/21/2015 23:47,23:47,7,0,0,21ST ST & WELTON ST,4,3,0,2,1,1,,,25,0,0,0,0,0,4,2,7
,2015_62541,0,0,8/4/2015 17:10,17:10,15,0,0,SHERIDAN BLVD S & KENYON AVE W,1,1,0,0,1,4,,,35,0,0,0,0,0,4,2,3
,2015_62542,0,0,2/11/2015 9:07,9:07,13,0,1,SPEER BLVD & 2900 BLK N,1,1,1,0,1,4,,,35,0,0,0,0,3,4,2,13
,2015_62543,0,0,4/29/2015 8:25,8:25,12,0,0,SPEER BLVD & 14TH AVE W,1,1,0,7,1,1,,,30,0,0,0,0,0,4,2,16
,2015_62544,0,0,4/16/2015 20:02,20:02,12,0,0,SPEER BLVD 800 BLK N & BANNOCK ST N,2,3,0,2,1,4,,,30,0,0,0,0,0,4,3,16
,2015_62545,0,0,7/31/2015 19:25,19:25,3,0,0,SPEER BLVD N & CHOPPER CIR,1,2,0,7,1,1,,,35,0,0,0,0,1,4,2,16
,2015_62546,0,0,1/14/2015 5:15,5:15,5,0,0,WASHINGTON ST N & 47TH AVE E,2,3,0,7,2,3,,,35,0,0,0,0,0,4,1,14
,2015_62547,0,0,2/19/2015 12:05,12:05,3,0,0,SPEER BLVD N & STOUT ST,1,1,0,7,1,1,,,35,0,0,0,0,0,4,2,16
,2015_62548,0,0,8/4/2015 21:55,21:55,3,0,0,SPEER BLVD N & STOUT ST,1,2,0,7,1,1,,,35,0,0,0,0,0,4,2,16
,2015_62549,0,0,8/9/2015 11:40,11:40,12,0,0,SPEER BLVD N & WEWATTA ST,1,1,0,7,1,1,,,25,0,0,0,0,0,4,2,8
,2015_62550,0,0,5/28/2015 13:05,13:05,12,0,0,TOWER RD N & 45TH AVE E,1,1,1,7,1,3,,,40,0,0,0,0,0,4,2,12
,2015_62551,0,0,7/7/2015 18:15,18:15,3,0,0,TOWER RD 6200 BLK N & 63RD AVE E,1,1,0,0,1,2,,,45,0,0,0,0,0,4,2,13
,2015_62552,0,0,7/13/2015 16:16,16:16,12,0,0,UNIVERSITY BLVD S & IOWA AVE E,1,1,0,7,1,4,,,30,0,0,0,0,0,4,2,16
,2015_62553,0,0,2/13/2015 16:41,16:41,11,1,0,UNIVERSITY BLVD S & OHIO AVE E,1,1,0,0,1,1,,,25,0,1,0,0,4,4,4,14
,2015_62554,0,0,5/22/2015 9:45,9:45,15,0,0,WASHINGTON ST & 17TH AVE,2,1,0,0,1,1,,,30,0,0,0,0,0,4,2,13
,2015_62555,0,0,2/23/2015 7:08,7:08,12,0,0,WASHINGTON ST N & 47TH AVE E,5,1,0,2,1,1,,,30,0,0,0,0,0,4,3,16
,2015_62556,0,0,6/29/2015 8:40,8:40,12,0,0,YOSEMITE ST S & OXFORD RD E,1,1,0,0,1,3,,,35,0,0,0,0,0,4,3,13
,2015_62557,0,0,5/9/2015 18:25,18:25,6,0,0,ZUNI ST & 1790,2,1,0,1,1,4,,,25,0,0,0,0,0,4,2,7
,2015_62559,0,0,6/17/2015 9:00,9:00,12,0,0,ZUNI ST & 2700 BLK N,1,1,0,0,1,3,,,25,0,0,0,0,0,4,2,3
,2015_62699,39.704746,-104.940623,5/4/2015 8:26,8:26,1,0,0,COLORADO BLVD S & EXPOSITION AVE E,1,1,1,0,1,1,,,35,0,0,0,0,0,2,3,13
,2015_62700,39.706129,-104.940624,3/5/2015 18:31,18:31,1,0,0,CHERRY CREEK N DR & COLORADO BLVD S,1,3,0,0,1,1,,,30,0,0,0,0,0,2,2,13
,2015_62702,39.720916,-104.940629,1/5/2015 15:31,15:31,12,0,0,COLORADO BLVD 200 BLK N & 3RD AVE E,2,1,1,0,1,3,,,35,0,0,0,0,0,2,3,3
,2015_62703,39.741355,-104.940611,3/21/2015 15:39,15:39,10,0,0,COLORADO BLVD 1500 BLK N & 16TH AVE E,1,1,0,0,1,3,,,30,0,0,0,0,0,2,2,13
,2015_62716,39.725651,-105.049943,6/12/2015 15:10,15:10,12,0,0,6TH AVE & SHERIDAN BLVD N,1,1,1,0,1,4,,,30,0,0,0,0,1,2,2,13
,2015_62717,39.725457,-105.032462,6/19/2015 11:58,11:58,12,0,0,6TH AVE W & KNOX CT N,1,1,1,0,1,4,,,40,0,0,0,0,0,2,2,13
,2015_62718,39.72542,-105.025174,4/8/2015 8:08,8:08,5,0,0,6TH AVE W & FEDERAL BLVD N,1,1,0,0,3,4,,,45,0,0,0,0,0,2,1,2
,2015_62719,39.725205,-105.018063,3/20/2015 19:45,19:45,15,0,0,6TH AVE W & I-25 EB ON RAMP,1,3,0,0,1,4,,,45,0,0,0,0,0,2,2,13
,2015_62720,39.725205,-105.018063,5/21/2015 17:08,17:08,12,0,0,6TH AVE W & I-25,1,1,1,0,1,4,,,45,0,0,0,0,0,2,3,13
,2015_62721,39.78374,-104.947842,4/4/2015 22:10,22:10,1,0,0,48TH AVE E & VASQUEZ BLVD N,1,3,0,0,1,1,,,45,0,0,0,0,0,2,2,13
,2015_62744,39.777015,-104.882642,1/25/2015 7:03,7:03,5,0,1,I-270 EB & I-70,1,1,0,0,2,4,,,55,0,0,0,0,2,1,1,5
,2015_62750,39.649403,-104.916179,7/23/2015 16:16,16:16,15,0,1,I-25 & HAMPDEN AVE E,1,1,0,0,1,4,,,55,0,0,0,0,2,1,2,13
,2015_62751,39.657808,-104.920358,8/28/2015 16:26,16:26,5,0,0,I-25 SB RAMP EXIT GORE PT TO & HAMPDEN AVE,1,1,0,0,1,8,,,65,0,0,0,0,1,1,2,14
,2015_62752,39.66762,-104.92561,6/18/2015 16:50,16:50,12,0,0,YALE AVE E & I-25,1,1,1,0,1,4,,,30,0,0,0,0,0,1,2,13
,2015_62753,39.687712,-104.968747,7/6/2015 16:25,16:25,12,0,0,I-25 & FRANKLIN ST,2,1,0,1,1,4,,,60,0,0,0,0,0,1,2,13
,2015_62755,39.697473,-104.982744,8/10/2015 15:40,15:40,12,0,0,I-25 & LOGAN ST S,1,1,0,0,1,4,,,55,0,0,0,0,0,1,3,3
,2015_62756,39.700841,-104.986681,4/28/2015 12:31,12:31,12,0,0,BROADWAY ST S & KENTUCKY AVE W,1,1,1,0,1,1,,,25,0,0,0,0,0,1,2,13
,2015_62757,39.701452,-104.987435,8/13/2015 15:32,15:32,12,0,0,I-25 & BROADWAY BLVD S,1,1,1,0,1,4,,,60,0,0,0,0,0,1,2,13
,2015_62758,39.707253,-104.996845,3/8/2015 3:16,3:16,15,0,0,I-25 & SANTA FE DR S,1,3,1,0,1,4,,,55,0,0,0,0,0,1,2,7
,2015_62759,39.71124,-104.998918,5/30/2015 17:44,17:44,12,0,0,I-25 & ALAMEDA AVE W,1,1,0,0,1,4,,,55,0,0,0,0,0,1,2,13
,2015_62760,39.739601,-105.013884,3/4/2015 23:05,23:05,12,0,0,I-25 SB OFF RAMP & COLFAX AVE W,1,3,1,0,1,8,,,35,0,0,0,0,0,1,2,2
,2015_62761,39.751291,-105.016572,6/8/2015 12:10,12:10,12,0,0,I-25 & 23RD AVE W,1,1,1,0,1,4,,,55,0,0,0,0,1,1,2,13
,2015_62762,39.751291,-105.016572,7/4/2015 18:52,18:52,3,0,0,I-25 NB OFF RAMP & 23RD AVE W,1,1,1,0,1,1,,,35,0,0,0,0,1,1,2,3
,2015_62763,39.751291,-105.016572,7/22/2015 17:38,17:38,2,0,0,23RD AVE W & I-25,1,1,1,0,1,1,,,35,1,0,0,1,1,1,2,13
,2015_62764,39.751291,-105.016572,12/16/2015 12:25,12:25,12,0,1,I-25 & 23RD AVE W,9,1,1,0,1,4,,,60,0,0,0,0,2,1,2,13
,2015_62765,39.757148,-105.009912,7/21/2015 12:28,12:28,5,0,0,I-25 & 15TH ST,1,1,0,0,1,4,,,55,0,0,0,0,0,1,3,13
,2015_62766,39.760997,-105.004275,3/17/2015 17:00,17:00,12,0,0,I-25 & 20TH ST,1,1,0,0,1,4,,,55,0,0,0,0,0,1,2,13
,2015_62767,39.760997,-105.004275,5/29/2015 20:45,20:45,12,0,0,I-25 & 20TH ST,1,3,0,0,1,1,,,0,0,0,0,0,0,1,2,5
,2015_62768,39.767644,-104.995806,12/4/2015 21:35,21:35,12,0,0,I-25 NB OFF LOOP RAMP & PARK AVE WEST,1,3,1,0,1,8,,,55,0,0,0,0,0,1,2,16
,2015_62770,0,0,4/14/2015 14:21,14:21,6,0,0,GAYLORD ST 2400 BLK S & WESLEY AVE E,1,1,1,7,1,4,,,25,0,0,0,0,0,4,3,16
,2015_62787,39.711164,-105.012258,2/5/2015 8:08,8:08,3,0,0,ALAMEDA AVE W & TEJON ST S,1,1,0,0,1,2,,,20,0,0,0,0,0,2,2,13
,2015_62788,39.71118,-105.006348,5/22/2015 8:58,8:58,12,0,0,ALAMEDA AVE W & PECOS ST,2,1,1,1,1,4,,,35,0,0,0,0,0,2,2,1
,2015_62789,39.65309,-104.911964,5/12/2015 8:55,8:55,12,0,1,HAMPDEN AVE 6600 BLK E & MONACO ST S,1,1,0,0,1,4,,,40,0,0,0,0,2,2,2,13
,2015_62790,39.653077,-104.90904,12/2/2015 13:12,13:12,3,0,1,HAMPDEN AVE E & ONEIDA WAY S,1,1,0,0,1,1,,,40,0,0,0,0,2,2,2,3
,2015_62791,39.670857,-104.866047,1/5/2015 22:09,22:09,12,0,0,PARKER RD S & HAVANA ST S,2,3,0,0,1,1,,,45,0,0,0,0,0,2,2,13
,2015_62801,39.783048,-104.900645,6/3/2015 20:35,20:35,12,0,0,NORTHFIELD QUEBEC ST N & I-270,2,3,2,0,1,3,,,35,0,0,0,0,0,2,2,12
,2015_62802,39.793501,-104.903378,3/17/2015 8:00,8:00,12,0,0,QUEBEC ST N & 53RD AVE E,1,1,0,0,1,3,,,35,0,0,0,0,0,2,2,13
,2015_62823,39.740322,-105.053272,6/9/2015 18:30,18:30,15,0,0,SHERIDAN BLVD N & COLFAX AVE W,2,1,0,1,1,1,,,35,0,0,0,0,0,2,2,8
,2015_62824,39.740322,-105.053272,6/18/2015 10:40,10:40,1,0,0,SHERIDAN BLVD N & COLFAX AVE W,1,1,0,0,1,1,,,25,0,0,0,0,0,2,2,14
,2015_62825,39.740002,-104.987332,7/25/2015 11:55,11:55,10,0,0,BROADWAY ST N & COLFAX AVE E,1,1,0,0,1,1,,,30,0,0,0,0,0,2,2,13
,2015_62826,39.740053,-104.984901,3/19/2015 5:57,5:57,8,0,0,SHERMAN ST N & COLFAX AVE E,2,3,1,1,1,1,,,30,0,0,0,0,0,2,2,14
,2015_62827,39.740005,-104.975258,1/23/2015 18:20,18:20,12,0,0,COLFAX AVE 900 BLK E & OGDEN ST N,1,3,0,0,1,3,,,30,0,0,0,0,0,2,2,13
,2015_62828,39.740008,-104.96833,8/15/2015 10:23,10:23,10,0,0,1600 BLK E COLFAX AVE & FRANKLIN ST N,1,1,0,0,1,4,,,30,0,0,0,0,0,2,2,8
,2015_62829,39.739992,-104.964939,3/6/2015 17:02,17:02,15,0,0,COLFAX AVE 1900 BLK E & HIGH ST N,1,2,1,0,1,4,,,30,0,0,0,0,0,2,2,1
,2015_62830,39.740009,-104.96852,10/9/2015 20:19,20:19,2,0,1,COLFAX AVE E & PARK AVE WEST,1,3,0,0,1,1,,,35,1,0,0,0,2,2,2,14
,2015_62831,39.740009,-104.96852,12/25/2015 14:25,14:25,14,0,0,COLFAX AVE E & FRANKLIN ST N,2,1,0,2,1,1,,,30,0,0,0,0,0,2,2,13
,2015_62832,39.740141,-104.947271,6/17/2015 15:53,15:53,12,0,0,COLFAX AVE E & COOK ST N (RD S),1,1,0,0,1,4,,,30,0,0,0,0,0,2,2,13
,2015_62833,39.740056,-104.932161,7/8/2015 13:27,13:27,12,0,0,COLFAX AVE E & DAHLIA ST N,2,1,0,1,1,3,,,35,0,0,0,0,0,2,2,3
,2015_62834,39.740056,-104.931956,6/25/2015 5:37,5:37,6,0,0,COLFAX AVE E & DAHLIA ST N,1,2,0,0,1,4,,,35,0,0,0,0,1,2,2,13
,2015_62835,39.740074,-104.917594,7/8/2015 0:23,0:23,5,0,0,COLFAX AVE E & KEARNEY ST N,1,3,0,0,2,1,,,35,0,0,0,0,0,2,1,2
,2015_62836,39.740078,-104.903314,7/30/2015 19:47,19:47,12,0,0,COLFAX AVE E & QUEBEC ST N,1,3,0,0,1,4,,,30,0,0,0,0,0,2,2,13
,2015_62867,39.78356,-105.053209,2/2/2015 13:30,13:30,5,0,0,I-70 & SHERIDAN BLVD,1,1,0,0,1,4,,,55,0,0,0,0,0,1,1,13
,2015_62868,39.784221,-105.025096,2/19/2015 6:48,6:48,12,0,1,I-70 & FEDERAL BLVD N,1,1,1,0,1,4,,,55,0,0,0,0,3,1,2,10
,2015_62869,39.780567,-104.991833,4/17/2015 10:20,10:20,5,0,0,I-70 EB OFF LOOP RAMP TO NB & I-25,2,1,1,1,3,8,,,55,0,0,0,0,0,1,1,7
,2015_62870,39.780083,-104.989627,2/6/2015 18:32,18:32,15,0,0,I-25 SB OFF RAMP TO & I-70,1,3,0,0,1,8,,,45,0,0,0,0,0,1,2,13
,2015_62871,39.779435,-104.979009,5/9/2015 18:30,18:30,3,0,0,WASHINGTON ST N & I-70 EB RAMPS,4,1,0,2,1,1,,,20,0,0,0,0,1,1,2,13
,2015_62872,39.779895,-104.967089,2/25/2015 15:48,15:48,12,0,0,I-70 & BRIGHTON BLVD N,4,1,0,2,1,4,,,55,0,0,0,0,0,1,2,13
,2015_62873,39.778277,-104.917668,4/6/2015 7:00,7:00,12,0,0,I-70 & KEARNEY ST N (NOT IN CORIS),1,1,0,0,1,4,,,55,0,0,0,0,0,1,2,13
,2015_62874,39.778341,-104.92238,8/17/2015 1:59,1:59,15,0,0,I-70 & HOLLY ST N,1,3,0,0,1,4,,,55,0,0,0,0,0,1,2,13
,2015_62875,39.7783,-104.903459,3/19/2015 16:55,16:55,15,0,0,I-70 & QUEBEC ST N,1,1,0,0,1,4,,,55,0,0,0,0,0,1,2,13
,2015_62876,39.773134,-104.836899,2/23/2015 10:26,10:26,15,0,0,I-70 WB COLLECTOR ON RAMP & RAMP END GORE PT,5,1,1,0,1,8,,,55,0,0,0,0,0,1,2,13
,2015_62877,39.772877,-104.833905,11/25/2015 17:28,17:28,12,0,0,I-70 & I-225 SB ON RAMP ENT,1,4,0,0,1,4,,,55,0,0,0,0,1,1,2,16
,2015_62904,39.709425,-105.025076,3/18/2015 15:00,15:00,12,0,0,FEDERAL BLVD S & DAKOTA AVE W,1,1,0,0,1,4,,,40,0,0,0,0,0,2,2,12
,2015_62909,39.698424,-104.903117,5/29/2015 7:44,7:44,12,0,0,LEETSDALE DR & QUEBEC ST S,1,1,0,0,1,4,,,35,0,0,0,0,0,2,2,13
,2015_62910,39.698614,-104.903604,7/29/2015 17:58,17:58,3,0,0,PARKER RD S & QUEBEC ST S,1,1,1,0,1,2,,,,0,0,0,0,0,2,2,3
,2015_62912,39.708173,-104.927063,6/30/2015 20:10,20:10,12,0,0,LEETSDALE DR & FOREST ST S,1,2,0,0,1,1,,,35,0,0,0,0,0,2,3,13
,2015_62925,39.696043,-104.992144,7/24/2015 17:35,17:35,12,0,0,SANTA FE DR S & MISSISSIPPI AVE W,1,1,0,0,1,4,,,35,0,0,0,0,0,2,2,13
,2015_62929,39.737975,-105.025273,5/4/2015 15:05,15:05,12,0,0,FEDERAL BLVD N & 14TH AVE W,1,1,0,0,1,4,,,35,0,0,0,0,0,2,2,13
,2015_62930,39.737782,-105.025279,3/8/2015 19:44,19:44,11,1,0,FEDERAL BLVD (1300 BLK N) & 14TH AVE W,1,4,0,0,1,4,,,35,0,1,0,0,4,2,2,5
,2015_62931,39.734783,-105.025189,7/17/2015 9:36,9:36,3,0,0,12TH AVE 3000 BLK W & FEDERAL BLVD N,1,1,0,0,1,3,,,25,0,0,0,0,0,2,2,7
,2015_62932,39.725983,-105.025128,7/3/2015 2:30,2:30,3,0,3,FEDERAL BLVD N & 6TH AVE W,1,3,0,0,1,1,,,35,0,0,0,0,3,2,2,5
,2015_62933,39.725039,-105.02512,6/25/2015 9:50,9:50,12,0,0,FEDERAL BLVD N & 6TH AVE W,1,1,0,0,1,3,,,35,0,0,0,0,0,2,2,8
,2015_62934,39.724546,-105.025128,6/5/2015 10:41,10:41,12,0,0,FEDERAL BLVD N & 5TH AVE W,2,1,0,1,1,3,,,35,0,0,0,0,0,2,2,13
,2015_62935,39.696764,-105.025061,8/3/2015 17:00,17:00,12,0,0,FEDERAL BLVD S & MISSISSIPPI AVE W,1,2,0,0,1,3,,,45,0,0,0,0,0,2,2,14
,2015_62936,39.69281,-105.025038,6/24/2015 16:45,16:45,12,0,0,FEDERAL BLVD S & LOUISIANA AVE W,2,1,0,1,1,4,,,40,0,0,0,0,0,2,2,1
,2015_62937,39.691359,-105.025048,2/13/2015 10:00,10:00,3,0,0,FEDERAL BLVD S & ARKANSAS AVE W,1,1,1,0,1,1,,,40,0,0,0,0,0,2,3,13
,2015_62938,39.675237,-105.02504,3/16/2015 17:37,17:37,3,0,0,FEDERAL BLVD S & ILIFF AVE W,1,1,1,0,1,1,,,35,0,0,0,0,0,2,2,14
,2015_62939,39.660613,-105.025167,3/25/2015 14:00,14:00,12,0,0,FEDERAL BLVD S & DARTMOUTH AVE W,1,1,0,0,1,3,,,40,0,0,0,0,0,2,2,3
,2015_62951,39.724098,-105.053261,3/2/2015 17:09,17:09,12,0,0,5TH AVE W & SHERIDAN BLVD N,2,1,0,0,1,1,,,25,0,0,0,0,0,2,2,13
,2015_62953,39.769363,-105.053248,6/26/2015 6:50,6:50,12,0,0,SHERIDAN BLVD N & 38TH AVE W,1,1,0,0,1,3,,,35,0,0,0,0,0,2,2,13
,2015_62995,39.634287,-104.90124,8/8/2015 18:23,18:23,5,0,0,QUEBEC ST S & I-225,1,1,1,0,2,4,,,35,0,0,0,0,0,1,1,5
,2015_62996,39.635523,-104.89346,4/5/2015 12:48,12:48,15,0,0,I-225 & TAMARAC ST S,1,1,0,0,1,4,,,65,0,0,0,0,0,1,2,13
,2015_62997,39.640036,-104.883546,12/9/2015 17:57,17:57,15,0,0,I-225 & YOSEMITE ST 3900 S,1,3,0,0,1,4,,,65,0,0,0,0,0,1,2,3
,2015_63005,39.780804,-104.966749,5/28/2015 7:00,7:00,15,0,0,46TH AVE E & BRIGHTON BLVD,1,1,0,0,1,1,,,30,0,0,0,0,0,2,2,7
,2015_63007,39.780804,-104.966749,6/18/2015 19:10,19:10,1,0,0,BRIGHTON BLVD N & I-70 WB RAMPS,1,1,0,0,1,1,,,30,0,0,0,0,0,2,2,8
,2015_63010,39.653768,-105.044254,2/22/2015 21:20,21:20,12,0,0,HAMPDEN AVE W & SHERIDAN BLVD S,4,3,1,2,1,4,,,65,0,0,0,0,1,2,2,7
,2015_63016,39.652997,-104.92278,4/25/2015 20:45,20:45,12,0,0,HAMPDEN AVE E & HOLLY ST S,1,3,2,0,1,1,,,35,0,0,0,0,0,2,2,7
,2015_63017,39.791115,-105.025181,3/31/2015 12:35,12:35,12,0,0,FEDERAL BLVD 5100 BLK N & 52ND AVE W,1,1,0,0,1,3,,,35,0,0,0,0,0,2,2,14
,2015_63218,0,0,2/22/2015 20:50,20:50,1,0,0,1ST AVE W & KNOX CT N,4,3,0,2,1,1,,,30,0,0,0,0,0,4,2,5
,2015_63219,0,0,7/14/2015 17:11,17:11,5,0,0,1ST AVE 7400 BLK E & QUEBEC ST N,2,1,0,7,3,4,,,25,0,0,0,0,0,4,1,16
,2015_63220,0,0,5/7/2015 8:20,8:20,5,0,0,14TH AVE & 2200 BLK E,1,1,0,0,2,1,,,30,0,0,0,0,0,4,1,3
,2015_63221,0,0,9/19/2015 20:49,20:49,9,0,0,1ST AVE E & QUEBEC ST N,1,3,0,0,1,1,,,35,0,0,0,0,1,4,1,5
,2015_63222,0,0,7/16/2015 16:23,16:23,3,0,0,4TH AVE W & BANNOCK ST N,1,1,0,7,1,1,,,25,0,0,0,0,0,4,2,16
,2015_63223,0,0,2/5/2015 17:05,17:05,3,0,0,6TH AVE E & SYRACUSE ST N,1,1,0,7,1,1,,,30,0,0,0,0,0,4,2,16
,2015_63224,0,0,4/26/2015 0:01,0:01,6,0,0,7TH AVE 900 BLK E & EMERSON ST N,1,3,0,7,1,4,,,25,0,0,0,0,0,4,2,2
,2015_63225,0,0,4/20/2015 19:45,19:45,3,0,0,8TH AVE E & CORONA ST N,1,1,0,7,1,1,,,25,0,0,0,0,1,4,2,16
,2015_63226,0,0,3/27/2015 21:35,21:35,6,0,0,8TH AVE 700 BLK W & GALAPAGO ST N,1,1,0,7,1,4,,,30,0,0,0,0,0,4,3,5
,2015_63227,0,0,10/10/2015 15:55,15:55,2,0,1,12TH AVE & 2200 BLK E,1,1,0,0,1,5,,,30,1,0,0,0,2,4,2,13
,2015_63228,0,0,6/28/2015 1:25,1:25,6,0,0,9TH AVE 100 BLK E & LINCOLN ST N,1,3,0,7,1,4,,,30,0,0,0,0,0,4,2,14
,2015_63229,0,0,3/1/2015 22:57,22:57,6,0,0,10TH AVE 3900 BLK W & PERRY ST N,5,3,0,7,1,4,,,25,0,0,0,0,0,4,3,16
,2015_63230,0,0,4/5/2015 22:47,22:47,3,0,1,13TH AVE E & HUMBOLDT ST N,1,3,0,7,1,1,,,25,0,0,0,1,3,4,2,5
,2015_63231,0,0,7/17/2015 1:46,1:46,3,0,0,13TH AVE E & LOGAN ST N,1,4,0,7,1,1,,,30,0,0,0,0,0,4,2,5
,2015_63232,0,0,12/7/2015 15:31,15:31,12,0,0,14TH AVE E & ST PAUL ST N,1,1,0,0,1,1,,,30,0,0,0,0,0,4,2,14
,2015_63233,0,0,4/29/2015 15:47,15:47,3,0,0,16TH AVE 1400 BLK E & HUMBOLDT ST N,1,1,0,0,1,1,,,30,0,0,0,0,1,4,2,13
,2015_63234,0,0,3/6/2015 13:51,13:51,6,0,0,17TH AVE & 3500 BLK W,1,1,1,0,1,5,,,25,0,0,0,0,0,4,2,13
,2015_63235,0,0,4/1/2015 4:01,4:01,3,0,0,17TH AVE W & IRVING ST N,1,1,0,7,1,1,,,35,0,0,0,0,1,4,2,14
,2015_63236,0,0,6/10/2015 9:55,9:55,3,0,0,17TH AVE E & LOCUST ST N,1,1,0,7,1,1,,,25,0,0,0,0,0,4,2,16
,2015_63237,0,0,6/28/2015 13:45,13:45,2,0,1,18TH AVE E & N GRANT ST,1,1,0,0,1,1,,,30,1,0,0,0,3,4,2,13
,2015_63238,0,0,10/19/2015 1:18,1:18,3,0,0,23RD AVE E & QUEBEC ST N,1,3,0,0,1,1,,,30,0,0,0,0,0,4,2,13
,2015_63239,0,0,7/10/2015 2:01,2:01,9,0,0,23RD AVE E & CENTRAL PARK BLVD N,1,3,0,0,1,1,,,35,0,0,0,1,0,4,1,13
,2015_63241,0,0,6/29/2015 12:49,12:49,3,0,0,23RD AVE E & CHERRY ST N,1,1,0,7,1,1,,,30,0,0,0,0,0,4,2,16
,2015_63242,0,0,6/26/2015 21:25,21:25,2,0,0,26TH AVE W & QUITMAN ST N,1,3,0,0,1,1,,,25,1,0,0,0,1,4,2,13