id,drcog_id,latitude,longitude,crashtime,time,crashtype,numbkilled,numbinjurd,drcoglocat,rdconditin,lightngcon,roadcntgrd,weatherco,location,roaddescrp,schoolzone,constrzone,splimit,bikeinv,pedinv,sctrinv,motoinv,svrty,rdsystem,ttlvehcls,hcf
,2015_63243,0,0,6/12/2015 18:55,18:55,3,0,0,34TH AVE W & ZUNI ST N,1,1,0,7,1,1,,,25,0,0,0,0,0,4,2,16
,2015_63244,0,0,4/3/2015 5:54,5:54,8,0,0,36TH AVE E & CENTRAL PARK BLVD N,4,2,0,2,1,4,,,30,0,0,0,0,0,4,2,14
,2015_63245,0,0,5/12/2015 17:20,17:20,3,0,0,37TH AVE E & MARION ST N,2,1,0,1,1,1,,,25,0,0,0,0,0,4,2,7
,2015_63246,0,0,8/13/2015 16:19,16:19,12,0,0,38TH AVE & 1500 BLK W,2,1,1,1,1,4,,,30,0,0,0,0,1,4,2,16
,2015_63247,0,0,8/31/2015 23:55,23:55,5,0,0,32ND AVE W & 18TH ST,1,3,1,0,3,4,,,25,0,0,0,0,0,4,1,16
,2015_63248,0,0,7/3/2015 14:30,14:30,3,0,0,38TH AVE W & KING ST N,1,1,0,0,1,1,,,20,0,0,0,0,0,4,2,13
,2015_63249,0,0,3/30/2015 8:35,8:35,6,0,0,39TH AVE E & ELM ST N,1,1,0,7,1,1,,,25,0,0,0,0,0,4,2,2
,2015_63250,0,0,4/11/2015 18:24,18:24,12,0,0,40TH AVE E & CHAMBERS RD,1,1,0,7,1,1,,,35,0,0,0,0,0,4,2,1
,2015_63251,0,0,7/1/2015 18:07,18:07,6,0,0,44TH AVE & 2900 BLK W,1,1,0,0,1,4,,,30,0,0,0,0,0,4,2,2
,2015_63252,0,0,10/2/2015 16:29,16:29,12,0,0,52ND AVE W & WINONA CT N,1,5,0,0,1,1,,,30,0,0,0,1,1,4,2,13
,2015_63253,0,0,4/9/2015 5:50,5:50,5,0,0,46TH AVE E & DAHLIA ST N,1,3,1,0,3,8,,,55,0,0,0,0,0,4,1,2
,2015_63254,0,0,1/20/2015 6:45,6:45,3,0,0,72ND AVE E & TOWER RD N,1,1,1,0,1,1,,,25,0,0,0,0,0,4,2,13
,2015_63255,0,0,3/2/2015 17:29,17:29,1,0,0,ALAMEDA AVE W & BANNOCK ST S,1,2,0,7,1,1,,,30,0,0,0,0,0,4,2,16
,2015_63256,0,0,1/2/2015 14:02,14:02,5,0,0,CLEVELAND PL 2300 BLK & WASHINGTON ST,4,1,0,2,2,1,,,15,0,0,0,0,0,4,1,14
,2015_63257,0,0,7/15/2015 14:56,14:56,12,0,0,ALAMEDA AVE E & DAYTON ST S,1,1,0,7,1,3,,,40,0,0,0,0,0,4,3,16
,2015_63258,0,0,9/3/2015 18:59,18:59,12,0,0,ANDREWS DR 14700 BLK E & EAGLE ST N,2,1,0,1,1,3,,,25,0,0,0,0,0,4,2,13
,2015_63259,0,0,2/12/2015 18:39,18:39,12,0,0,ALAMEDA AVE W & SANTA FE DR S,1,3,1,7,1,3,,,35,0,0,0,0,0,4,2,5
,2015_63260,0,0,5/27/2015 8:44,8:44,3,0,0,BAYAUD AVE E & MADISON ST S,1,1,0,0,1,2,,,25,0,0,0,0,0,4,2,13
,2015_63261,0,0,7/2/2015 16:30,16:30,15,0,0,BROADWAY S & 754,1,1,0,0,1,3,,,35,0,0,0,0,0,4,1,1
,2015_63262,0,0,12/21/2015 16:02,16:02,12,0,0,BELLEVIEW AVE 8800 BLK E & YOSEMITE ST,1,1,0,0,1,4,,,35,0,0,0,0,0,4,2,13
,2015_63263,0,0,6/8/2015 7:22,7:22,12,0,0,BROADWAY N & 10TH AVE E,1,1,0,7,1,1,,,35,0,0,0,0,0,4,2,16
,2015_63264,0,0,5/4/2015 18:04,18:04,12,0,0,BROADWAY ST N & BLAKE ST,1,1,0,7,1,5,,,30,0,0,0,0,0,4,2,16
,2015_63265,0,0,12/1/2015 18:02,18:02,15,0,0,BROADWAY ST 2500 BLK S & VASSAR AVE E,1,3,0,0,1,4,,,35,0,0,0,0,0,4,3,13
,2015_63266,0,0,5/2/2015 16:30,16:30,12,0,0,BROADWAY ST S & OHIO AVE E,1,1,0,7,1,4,,,30,0,0,0,0,0,4,2,3
,2015_63267,0,0,4/15/2015 23:38,23:38,6,0,0,BYERS PL W & TEJON ST S,1,3,0,7,1,4,,,25,0,0,0,0,0,4,3,5
,2015_63268,0,0,2/3/2015 8:15,8:15,15,0,0,CALIFORNIA ST & 2900 BLK,1,1,0,0,1,4,,,20,0,0,0,0,0,4,2,7
,2015_63269,0,0,3/24/2015 16:50,16:50,3,0,0,CANOSA CT N & 8TH AVE W,1,1,1,7,1,1,,,30,0,0,0,0,0,4,3,16
,2015_63270,0,0,6/24/2015 8:10,8:10,15,0,0,CEDAR AVE W & KNOX CT S,1,1,0,0,1,4,,,30,0,0,0,0,0,4,2,13
,2015_63271,0,0,7/22/2015 6:00,6:00,6,0,0,CHEROKEE ST N & 1371,1,1,0,0,1,4,,,30,0,0,0,0,0,4,2,15
,2015_63272,0,0,4/29/2015 21:50,21:50,1,0,0,CHEROKEE ST S & ALAMEDA AVE W,1,3,0,0,1,1,,,35,0,0,0,0,0,4,2,13
,2015_63273,0,0,7/4/2015 6:56,6:56,5,0,0,CLAYTON ST N & 3RD AVE E,1,1,0,0,3,4,,,25,0,0,0,0,0,4,1,14
,2015_63274,0,0,1/4/2015 15:50,15:50,12,0,0,W DARTMOUTH AVE & S LAMAR ST,6,2,1,7,1,1,,,30,0,0,0,0,0,4,2,3
,2015_63275,0,0,1/18/2015 20:00,20:00,6,0,0,DETROIT ST 1361 N & 14TH AVE E,1,1,0,7,1,4,,,25,0,0,0,0,0,4,2,16
,2015_63276,0,0,7/30/2015 8:29,8:29,6,0,0,DOWNING ST N & 3630 N DOWNING ST,1,1,0,7,1,4,,,25,0,0,0,0,0,4,2,16
,2015_63277,0,0,3/16/2015 13:30,13:30,6,0,0,ELLSWORTH AVE 100 BLK E & LINCOLN ST N,1,1,0,7,1,5,,,25,0,0,0,0,0,4,2,16
,2015_63278,0,0,7/15/2015 23:09,23:09,6,0,0,EMERSON ST 700 BLK N & 7TH AVE E,1,3,1,7,1,4,,,30,0,0,0,0,0,4,2,5
,2015_63279,0,0,4/16/2015 22:00,22:00,11,0,1,EVANS AVE W & CLAY ST S,6,4,0,2,1,1,,,35,0,1,0,0,2,4,2,13
,2015_63280,0,0,3/16/2015 13:41,13:41,12,0,0,EVANS AVE 4800 BLK E & DAHLIA ST S,1,1,0,7,1,3,,,30,0,0,0,0,0,4,2,16
,2015_63281,0,0,7/2/2015 9:40,9:40,12,0,0,EVANS AVE 1100 BLK E & DOWNING ST S,1,1,0,7,1,4,,,35,0,0,0,0,0,4,2,16
,2015_63282,0,0,7/20/2015 15:23,15:23,10,0,0,EVANS AVE 6400 BLK E & MONACO PKWY S,1,1,0,0,1,4,,,35,0,0,0,0,0,4,2,13
,2015_63283,0,0,11/15/2015 11:00,11:00,11,0,0,EXPOSITION AVE W & IRVING ST S,1,1,0,0,1,4,,,25,0,1,0,0,1,4,2,3
,2015_63284,0,0,5/2/2015 20:35,20:35,1,0,0,FAIRMOUNT DR E & ALAMEDA AVE E,1,3,0,7,1,1,,,45,0,0,0,0,1,4,2,14
,2015_63285,0,0,5/22/2015 18:53,18:53,3,0,0,GENEVA ST N & 47TH AVE E,1,1,0,7,1,1,,,35,0,0,0,0,1,4,2,16
,2015_63286,0,0,7/22/2015 12:36,12:36,15,0,0,GILPIN ST N & 17TH AVE E,1,1,0,0,1,4,,,25,0,0,0,0,0,4,2,13
,2015_63287,0,0,7/2/2015 22:10,22:10,6,0,0,GLENCOE ST S & DARTMOUTH AVE E,1,3,0,7,1,4,,,25,0,0,0,0,0,4,2,5
,2015_63288,0,0,7/2/2015 12:16,12:16,3,0,0,HALE PKWY E & EUDORA ST N,1,1,0,0,1,1,,,35,0,0,0,0,0,4,2,13
,2015_63289,0,0,5/27/2015 19:04,19:04,10,0,0,HAVANA ST & 3600 BLK N,1,1,0,0,1,4,,,35,0,0,0,0,0,4,2,13
,2015_63290,0,0,6/14/2015 9:42,9:42,1,0,0,HOLLY ST 200 BLK N & 3RD AVE E,1,1,0,7,1,2,,,25,0,0,0,0,0,4,2,12
,2015_63291,0,0,5/4/2015 15:46,15:46,12,0,0,ILIFF AVE E & EMPORIA ST S,1,1,1,7,1,1,,,40,0,0,0,0,1,4,2,16
,2015_63292,0,0,2/15/2015 21:05,21:05,1,0,0,JEWELL AVE W & PASEO WAY S,4,3,0,2,1,3,,,35,0,0,0,0,0,4,2,7
,2015_63293,0,0,6/20/2015 11:46,11:46,12,0,0,KENTUCKY AVE W & WOLFF ST,1,1,0,0,1,4,,,35,0,0,0,0,0,4,2,1
,2015_63294,0,0,4/13/2015 15:45,15:45,3,0,0,KIPLING ST S & SARATOGA PL W,1,1,0,0,1,1,,,45,0,0,0,0,0,4,2,13
,2015_63295,0,0,3/23/2015 0:10,0:10,6,0,0,LAWRENCE ST 2100 BLK & 21ST ST,1,1,0,7,1,4,,,25,0,0,0,0,0,4,2,16
,2015_63296,0,0,1/29/2015 17:25,17:25,15,0,0,LINCOLN ST N & 10TH AVE E,1,3,0,0,1,4,,,30,0,0,0,0,0,4,2,13
,2015_63297,0,0,7/31/2015 17:05,17:05,15,0,0,LINCOLN ST N & 17TH AVE E,1,1,0,0,1,1,,,30,0,0,0,0,0,4,2,13
,2015_63298,0,0,11/7/2015 2:30,2:30,12,0,0,MARKET ST 1900 BLK & 20TH ST,1,3,0,0,1,4,,,30,0,0,0,0,0,4,2,13
,2015_63299,0,0,2/1/2015 8:45,8:45,3,0,0,MLK BLVD E & CENTRAL PARK BLVD N,11,1,0,2,1,1,,,30,0,0,0,0,0,4,2,13
,2015_63300,0,0,4/17/2015 17:01,17:01,12,0,0,MISSISSIPPI AVE & TEJON ST S,1,1,0,0,1,1,,,35,0,0,0,0,0,4,4,3
,2015_63302,0,0,5/5/2015 11:23,11:23,5,0,0,MISSISSIPPI AVE 9400 BLK E & CLINTON ST S,2,1,0,1,2,4,,,30,0,0,0,0,0,4,1,7
,2015_63304,0,0,7/9/2015 13:33,13:33,3,0,0,MISSISSIPPI AVE W & DALE CT S,1,1,0,0,1,1,,,35,0,0,0,0,0,4,2,13
,2015_63305,0,0,7/2/2015 14:35,14:35,14,0,0,MISSISSIPPI AVE 6500 BLK E & MONACO PKWY S,1,1,0,0,1,3,,,25,0,0,0,0,0,4,2,13
,2015_63306,0,0,2/17/2015 9:36,9:36,12,0,0,MISSISSIPPI AVE & RARITAN,5,1,0,2,1,2,,,35,0,0,0,0,0,4,2,16
,2015_63307,0,0,10/13/2015 16:55,16:55,6,0,0,MLK BLVD & HOLLY ST N,1,1,0,7,1,4,,,30,0,0,0,0,0,4,2,16
,2015_63308,0,0,6/25/2015 17:19,17:19,3,0,0,MONACO PKWY 3800 BLK N & 38TH AVE E,1,1,0,0,1,1,,,30,0,0,0,0,1,4,2,7
,2015_63309,0,0,7/9/2015 15:34,15:34,3,0,0,MONACO PKWY S & JEWELL AVE E,1,1,0,0,1,1,,,25,0,0,0,0,0,4,2,3
,2015_63310,0,0,3/29/2015 11:22,11:22,3,0,0,MONACO ST S & LEETSDALE DR,1,1,1,0,1,2,,,35,0,0,0,0,0,4,2,13
,2015_63311,0,0,4/27/2015 16:54,16:54,15,0,0,MONACO ST 700 BLK S & LEETSDALE DR,1,1,1,0,1,4,,,35,0,0,0,0,0,4,2,13
,2015_63312,0,0,6/17/2015 11:37,11:37,15,0,0,BROADWAY & 18TH ST,1,1,0,0,1,1,,,25,0,0,0,0,0,4,2,13
,2015_63313,0,0,5/4/2015 22:40,22:40,6,0,0,OSCEOLA ST S & WARREN AVE W,2,4,0,1,1,4,,,25,0,0,0,0,0,4,2,5
,2015_63314,0,0,3/8/2015 16:30,16:30,6,0,0,57TH PL 18900 BLK & BISCAY ST N,5,1,0,7,1,4,,,25,0,0,0,0,0,4,2,16
,2015_63315,0,0,5/7/2015 13:35,13:35,6,0,0,PEARL ST 200 BLK S & ALAMEDA AVE E,1,1,0,7,1,4,,,25,0,0,0,0,0,4,2,5
,2015_63316,0,0,1/22/2015 17:40,17:40,1,0,0,PEARL ST S & CEDAR AVE E,8,3,0,7,1,1,,,25,0,0,0,0,0,4,2,16
,2015_63317,0,0,2/16/2015 7:05,7:05,8,0,0,PECOS ST 3900 BLK N & 40TH AVE W,5,1,1,2,1,4,,,25,0,0,0,0,0,4,2,14
,2015_63318,0,0,3/31/2015 14:55,14:55,12,0,0,PEORIA ST N & 39TH AVE E,1,1,0,7,1,4,,,35,0,0,0,0,1,4,6,16
,2015_63319,0,0,7/1/2015 7:45,7:45,15,0,0,PEORIA ST N & 45TH AVE E,1,1,0,7,1,1,,,35,0,0,0,0,0,4,2,16
,2015_63320,0,0,2/17/2015 12:20,12:20,15,0,0,PEORIA ST N & 47TH AVE E,1,1,1,0,1,1,,,40,0,0,0,0,0,4,2,7
,2015_63321,0,0,1/22/2015 11:15,11:15,12,0,0,QUEBEC ST & 1700 BLK N,1,1,0,0,1,4,,,35,0,0,0,0,0,4,2,7
,2015_63322,0,0,6/9/2015 11:20,11:20,12,0,0,QUEBEC ST N & 35TH AVE E,1,1,0,7,1,1,,,35,0,0,0,0,0,4,2,16
,2015_63323,0,0,3/9/2015 11:55,11:55,3,0,0,QUEBEC ST N & 36TH AVE E,1,1,0,7,1,1,,,35,0,0,0,0,0,4,2,16
,2015_63324,0,0,6/12/2015 9:10,9:10,3,0,0,14TH ST & MARKET ST,2,1,0,1,1,1,,,20,0,0,0,0,0,4,2,3
,2015_63325,0,0,1/30/2015 9:45,9:45,12,0,0,17TH ST & 800 BLK,1,5,0,0,1,5,,,25,0,0,0,0,0,4,2,13
,2015_63326,0,0,4/30/2015 8:30,8:30,10,0,0,18TH ST & LARIMER ST,1,1,0,0,1,1,,,25,0,0,0,0,0,4,2,8
,2015_63327,0,0,1/22/2015 17:50,17:50,11,0,0,18TH ST & WAZEE ST,1,3,0,0,1,1,,,25,0,1,0,0,0,4,3,13
,2015_63328,0,0,3/17/2015 23:21,23:21,3,0,0,20TH ST & LAWRENCE ST,1,3,0,7,1,1,,,30,0,0,0,0,0,4,2,16
,2015_63329,0,0,5/23/2015 20:21,20:21,2,0,0,20TH AVE E 1400 BLK & MARKET ST,2,3,0,1,1,4,,,5,1,0,0,0,0,4,2,14
,2015_63330,0,0,4/26/2015 12:57,12:57,3,0,0,33RD ST & LARIMER ST,2,1,0,1,1,1,,,35,0,0,0,0,0,4,2,16
,2015_63331,0,0,7/6/2015 21:28,21:28,10,0,0,38TH ST & BRIGHTON BLVD N,1,3,0,1,1,1,,,,0,0,0,0,0,4,2,13
,2015_63332,0,0,9/30/2015 17:37,17:37,12,0,0,38TH ST 1300 BLK & WALNUT ST,1,1,1,0,1,3,,,30,0,0,0,0,0,4,2,13
,2015_63333,0,0,2/16/2015 8:20,8:20,12,0,0,SANTA FE DR N & 11TH AVE W,12,1,0,2,1,3,,,30,0,0,0,0,0,4,2,16
,2015_63334,0,0,2/18/2015 7:30,7:30,12,0,0,SPEER BLVD & 2700 BLK,1,1,0,0,1,4,,,35,0,0,0,0,0,4,2,13
,2015_63335,0,0,3/30/2015 15:50,15:50,12,0,0,SPEER BLVD 1200 BLK & 13TH AVE E,1,1,1,0,1,4,,,30,0,0,0,0,0,4,2,13
,2015_63336,0,0,1/1/2015 8:10,8:10,3,0,0,SB SPEER BLVD & EB AURARIA PKWY,1,1,0,7,1,1,,,35,0,0,0,0,1,4,2,16
,2015_63337,0,0,5/31/2015 14:25,14:25,12,0,0,SPEER BLVD N & WEWATTA ST,1,1,0,7,1,4,,,35,0,0,0,0,0,4,2,12
,2015_63338,0,0,2/14/2015 9:50,9:50,10,0,1,SPEER BLVD 2700 BLK N & ZUNI ST,1,1,0,0,1,4,,,35,0,0,0,1,3,4,2,13
,2015_63339,0,0,2/8/2015 13:28,13:28,3,0,1,STAPLETON S DR E & MONACO ST N,1,1,0,7,1,1,,,40,0,0,0,0,3,4,3,8
,2015_63340,0,0,5/30/2015 19:17,19:17,6,0,0,TAMARAC DR 3100 BLK S & DARTMOUTH AVE E,1,1,0,7,1,4,,,30,0,0,0,0,0,4,2,5
,2015_63341,0,0,3/25/2015 10:45,10:45,1,0,0,TOWER RD N & PENA BLVD,4,1,0,2,1,1,,,40,0,0,0,0,1,4,2,7
,2015_63342,0,0,9/5/2015 14:36,14:36,12,0,0,TOWER RD 5900 BLK N & 59TH AVE E,1,1,0,0,1,4,,,45,0,0,0,0,1,4,2,3
,2015_63343,0,0,4/13/2015 16:25,16:25,12,0,0,UNIVERSITY BLVD S & CHERRY CREEK DR N E,1,1,0,7,1,4,,,25,0,0,0,0,0,4,2,3
,2015_63344,0,0,4/1/2015 9:05,9:05,12,0,0,UNIVERSITY BLVD 2100 BLK S & EVANS AVE E,1,1,0,7,1,3,,,35,0,0,0,0,0,4,2,1
,2015_63345,0,0,4/9/2015 15:33,15:33,2,0,0,UNIVERSITY BLVD S & YALE AVE E,1,1,0,0,1,1,,,30,1,0,0,0,1,4,2,13
,2015_63346,0,0,7/2/2015 22:55,22:55,6,0,0,VALENTIA ST 2200 BLK N & 23RD AVE E,1,3,0,7,1,4,,,25,0,0,0,0,0,4,3,16
,2015_63347,0,0,8/18/2015 21:55,21:55,6,0,0,WALSH PL W & PATTON CT S,1,4,0,7,1,4,,,30,0,0,0,0,0,4,3,1
,2015_63348,0,0,2/1/2015 1:50,1:50,12,0,0,WAZEE ST 1500 BLK & 16TH ST,4,3,0,2,1,4,,,25,0,0,0,0,0,4,2,16
,2015_63349,0,0,9/2/2015 11:00,11:00,12,0,0,WELTON ST & 1700 BLK,1,1,0,0,1,4,,,25,0,0,0,0,1,4,2,13
,2015_63350,0,0,1/16/2015 15:46,15:46,6,0,0,WELTON ST 2500 BLK & 26TH ST,1,3,0,0,1,4,,,30,0,0,0,0,0,4,2,13
,2015_63351,0,0,8/11/2015 9:40,9:40,15,0,0,YALE AVE 6500 BLK E & MONACO ST S,1,1,1,7,1,3,,,30,0,0,0,0,0,4,2,16
,2015_63353,0,0,12/14/2015 17:30,17:30,6,0,0,WYNKOOP ST 1500 BLK & 16TH ST,1,2,0,7,1,4,,,25,0,0,0,0,0,4,2,16
,2015_63354,0,0,6/1/2015 16:05,16:05,15,0,0,YOSEMITE ST & 4300 BLK S,1,1,0,0,1,4,,,35,0,0,0,0,0,4,2,13
,2015_63355,0,0,5/4/2015 22:35,22:35,15,0,0,YOSEMITE ST 1400 BLK N & 14TH AVE E,2,3,0,1,1,3,,,30,0,0,0,0,0,4,2,7
,2015_63499,39.689321,-104.940549,8/14/2015 14:05,14:05,12,0,0,COLORADO BLVD S & FLORIDA AVE E,1,1,0,0,1,4,,,35,0,0,0,0,1,2,2,3
,2015_63500,39.696625,-104.940562,2/24/2015 17:13,17:13,12,0,0,COLORADO BLVD S & MISSISSIPPI AVE E,1,2,0,0,1,3,,,35,0,0,0,0,0,2,2,14
,2015_63504,39.718116,-104.940628,2/24/2015 9:25,9:25,12,0,0,COLORADO BLVD & 100 BLK N,2,1,1,0,1,4,,,35,0,0,0,0,0,2,3,7
,2015_63505,39.721058,-104.940629,4/25/2015 12:47,12:47,12,0,0,COLORADO BLVD & 300 BLK S,1,1,0,0,1,4,,,30,0,0,0,0,0,2,2,3
,2015_63506,39.72292,-104.940629,2/2/2015 14:18,14:18,12,0,0,COLORADO BLVD 300 BLK N & 4TH AVE E,1,1,1,0,1,4,,,35,0,0,0,0,0,2,2,3
,2015_63507,39.76914,-104.940494,3/9/2015 13:05,13:05,15,0,0,COLORADO BLVD N & 38TH AVE E,1,1,0,0,1,4,,,35,0,0,0,0,0,2,2,13
,2015_63514,39.725655,-105.053326,5/28/2015 9:53,9:53,12,0,0,6TH AVE W & SHERIDAN BLVD N,1,1,0,0,1,4,,,55,0,0,0,0,0,2,2,8
,2015_63515,39.725594,-105.0425,6/5/2015 12:00,12:00,6,0,0,STUART ST N & 6TH AVE W,1,1,0,0,1,4,,,10,0,0,0,0,0,2,2,1
,2015_63516,39.725457,-105.032462,3/3/2015 7:29,7:29,12,0,0,6TH AVE W & KNOX CT N,1,1,0,0,1,4,,,55,0,0,0,0,0,2,2,1
,2015_63517,39.725205,-105.018063,6/11/2015 13:32,13:32,15,0,0,6TH AVE W & I-25 SB ON RAMP,1,1,0,0,1,4,,,45,0,0,0,0,0,2,2,14
,2015_63518,39.779518,-104.94972,3/15/2015 12:01,12:01,15,0,0,I-70 EB OFF RAMP & STEELE ST N,1,1,0,0,1,1,,,25,0,0,0,0,0,2,2,13
,2015_63519,39.790815,-104.941496,5/28/2015 11:50,11:50,1,0,0,VASQUEZ BLVD 5200 BLK N & 52ND AVE E,1,1,0,0,1,1,,,40,0,0,0,0,0,2,2,13
,2015_63546,39.624133,-104.901599,7/2/2015 10:45,10:45,12,0,0,I-25 NB ON RAMP & BELLEVIEW AVE E,1,1,0,0,1,8,,,55,0,0,0,0,0,1,2,13
,2015_63547,39.683106,-104.940515,6/25/2015 15:27,15:27,12,0,0,I-25 & COLORADO BLVD S,1,1,0,0,1,4,,,60,0,0,0,0,0,1,2,3
,2015_63548,39.683307,-104.941372,7/23/2015 15:57,15:57,15,0,0,I-25 & COLORADO BLVD S,1,1,0,0,1,4,,,60,0,0,0,0,0,1,2,13
,2015_63549,39.68492,-104.959513,4/17/2015 4:00,4:00,5,0,0,I-25 & UNIVERSITY BLVD S,6,3,0,2,2,4,,,60,0,0,0,0,0,1,1,13
,2015_63550,39.68492,-104.959513,5/30/2015 23:56,23:56,15,0,1,I-25 & UNIVERSITY BLVD S,1,3,1,0,1,4,,,60,0,0,0,0,3,1,2,5
,2015_63551,39.701452,-104.987435,8/29/2015 17:15,17:15,12,0,0,I-25 SB OFF RAMP & BROADWAY S,1,1,1,0,1,1,,,25,0,0,0,0,1,1,2,13
,2015_63553,39.707777,-104.997099,3/9/2015 17:20,17:20,15,0,0,I-25 SB OFF RAMP TO SANTA FE (APPROX) & ALASKA PL W (NOT IN CORIS),1,1,0,0,1,8,,,55,0,0,0,0,0,1,3,7
,2015_63554,39.71124,-104.998918,7/15/2015 8:27,8:27,15,0,0,I-25 & ALAMEDA AVE W,1,1,1,0,1,4,,,55,0,0,0,0,0,1,2,13
,2015_63555,39.713064,-105.000002,3/30/2015 6:32,6:32,15,0,0,I-25 & CEDAR AVE W (NOT IN TCORIS),1,1,1,0,1,4,,,55,0,0,0,0,0,1,2,3
,2015_63556,39.714658,-105.001016,3/6/2015 19:50,19:50,15,0,0,I-25 & ALAMEDA AVE W SB RAMP ENT PT,1,3,0,0,1,4,,,55,0,0,0,0,0,1,2,1
,2015_63557,39.725135,-105.012815,6/12/2015 22:35,22:35,12,0,0,I-25 & 6TH AVE W,1,3,1,0,1,4,,,45,0,0,0,0,0,1,3,13
,2015_63558,39.72543,-105.013021,5/9/2015 12:55,12:55,12,0,0,I-25 & 6TH AVE W,1,1,0,0,1,4,,,55,0,0,0,0,0,1,2,13
,2015_63559,39.72008,-105.007149,11/4/2015 18:29,18:29,15,0,0,I-25 & 6TH AVE W,2,3,0,1,1,4,,,55,0,0,0,0,0,1,2,1
,2015_63560,39.713064,-105.000002,12/29/2015 8:00,8:00,12,0,0,I-25 NB ON RAMP @ & CEDAR AVE W & KALAMATH ST S,5,1,1,0,1,1,,,25,0,0,0,0,0,1,2,13
,2015_63561,39.72543,-105.013021,6/29/2015 17:21,17:21,12,0,0,I-25 & 6TH AVE W,1,1,0,0,1,4,,,55,0,0,0,0,0,1,2,1
,2015_63562,39.726768,-105.013834,4/8/2015 18:07,18:07,15,0,0,I-25 & 6TH AVE SB RAMP ENT PT,1,1,1,0,1,4,,,55,0,0,0,0,0,1,2,13
,2015_63563,39.751291,-105.016572,7/7/2015 13:56,13:56,12,0,0,I-25 & 23RD AVE W,1,1,0,1,1,4,,,55,0,0,0,0,0,1,3,13
,2015_63564,39.753573,-105.01482,8/13/2015 18:07,18:07,12,0,0,I-25 & SPEER BLVD N,1,1,0,0,1,4,,,55,0,0,0,0,0,1,3,13
,2015_63565,39.755141,-105.012706,5/7/2015 6:29,6:29,9,0,0,I-25 & SPEER BLVD N,1,4,1,0,1,4,,,55,0,0,0,0,0,1,4,2
,2015_63566,39.779391,-104.989165,6/5/2015 16:10,16:10,12,0,0,I-25 & I-70,1,1,1,0,1,4,,,55,0,0,0,0,1,1,2,13
,2015_63582,39.711187,-105.039623,7/19/2015 1:50,1:50,3,0,0,ALAMEDA AVE W & PERRY ST S,1,3,0,0,1,1,,,25,0,0,0,0,0,2,2,13
,2015_63583,39.711181,-105.037292,4/8/2015 22:00,22:00,12,0,0,ALAMEDA AVE W & NEWTON ST S,1,3,0,0,1,1,,,35,0,0,0,0,0,2,2,13
,2015_63584,39.711091,-105.0275,8/31/2015 12:40,12:40,3,0,0,ALAMEDA AVE W & HAZEL CT S,1,1,0,0,1,1,,,35,0,0,0,0,0,2,2,7
,2015_63586,39.657121,-104.866392,2/5/2015 6:35,6:35,12,0,0,HAVANA ST 3300 BLK S & GIRARD AVE E,1,2,0,0,1,3,,,45,0,0,0,0,1,2,2,13
,2015_63594,39.779316,-104.903391,4/19/2015 15:48,15:48,15,0,0,NORTHFIELD BLVD/QUEBEC ST N & I-70 WB RAMPS,1,1,0,0,1,1,,,35,0,0,0,0,0,2,3,1
,2015_63620,39.740322,-105.053272,7/23/2015 16:26,16:26,12,0,0,COLFAX AVE W & SHERIDAN BLVD N,1,1,0,0,1,1,,,35,0,0,0,0,0,2,2,3
,2015_63621,39.740322,-105.053272,12/22/2015 12:21,12:21,15,0,0,COLFAX AVE W & SHERIDAN BLVD,1,1,0,0,1,1,,,35,0,0,0,0,0,2,2,3
,2015_63623,39.7402,-104.988197,7/5/2015 13:45,13:45,12,0,0,15TH ST & COLFAX AVE W,1,1,0,0,1,1,,,30,0,0,0,0,0,2,2,13
,2015_63624,39.740002,-104.987332,2/14/2015 6:45,6:45,3,0,0,BROADWAY ST N & COLFAX AVE W,1,1,0,0,1,1,,,35,0,0,0,0,1,2,2,13
,2015_63625,39.74002,-104.997734,7/25/2015 2:32,2:32,15,0,0,COLFAX AVE 700 BLK W & GALAPAGO ST N,1,3,1,0,1,4,,,35,0,0,0,0,0,2,2,13
,2015_63626,39.740009,-104.973218,1/14/2015 15:03,15:03,12,0,0,COLFAX AVE 1100 BLK W & DOWNING ST N (RD N),1,1,1,0,1,4,,,30,0,0,0,0,0,2,2,13
,2015_63627,39.740009,-104.972784,2/20/2015 17:47,17:47,12,0,0,COLFAX AVE & DOWNING ST N (RD S),2,4,0,0,1,2,,,30,0,0,0,0,0,2,2,13
,2015_63628,39.740063,-104.938858,7/27/2015 17:46,17:46,12,0,0,COLFAX AVE E & ALBION ST N,1,1,0,7,1,4,,,35,0,0,0,0,1,2,3,16
,2015_63629,39.740079,-104.912395,5/18/2015 15:32,15:32,12,0,0,COLFAX AVE E & MONACO PKWY N,1,1,0,0,1,1,,,35,0,0,0,0,1,2,2,3
,2015_63630,39.740083,-104.908596,4/10/2015 2:01,2:01,11,0,1,COLFAX AVE E & ONEIDA ST N,1,3,0,0,1,4,,,35,0,1,0,0,2,2,2,13
,2015_63631,39.740086,-104.905775,4/9/2015 13:03,13:03,15,0,0,COLFAX AVE E & PONTIAC ST N,1,1,0,0,1,1,,,35,0,0,0,0,0,2,2,1
,2015_63632,39.74008,-104.898636,4/17/2015 9:00,9:00,12,0,0,COLFAX AVE E & SYRACUSE ST N,2,1,0,1,1,1,,,30,0,0,0,0,0,2,2,7
,2015_63657,39.783138,-105.006328,2/13/2015 7:26,7:26,12,0,0,I-70 & PECOS ST N,1,1,0,0,1,4,,,55,0,0,0,0,1,1,2,1
,2015_63658,39.783138,-105.006328,7/8/2015 15:34,15:34,12,0,0,I-70 & PECOS ST N,2,1,0,1,1,4,,,55,0,0,0,0,0,1,2,13