id,drcog_id,latitude,longitude,crashtime,time,crashtype,numbkilled,numbinjurd,drcoglocat,rdconditin,lightngcon,roadcntgrd,weatherco,location,roaddescrp,schoolzone,constrzone,splimit,bikeinv,pedinv,sctrinv,motoinv,svrty,rdsystem,ttlvehcls,hcf
,2015_63659,39.778297,-104.908264,5/20/2015 6:50,6:50,12,0,0,I-70 & ONEIDA ST N (NOT IN CORIS),1,1,0,0,1,4,,,55,0,0,0,0,0,1,4,7
,2015_63660,39.777095,-104.882471,2/6/2015 14:05,14:05,1,0,0,CENTRAL PARK BLVD N & I-70 EB,1,1,0,0,1,1,,,35,0,0,0,0,1,1,2,7
,2015_63661,39.777095,-104.882471,6/29/2015 13:05,13:05,12,0,0,I-70 & CENTRAL PARK BLVD N,1,1,2,0,1,1,,,35,0,0,0,0,0,1,2,13
,2015_63662,39.775623,-104.865778,2/24/2015 14:55,14:55,12,0,1,I-70 & HAVANA ST N,1,1,0,0,1,4,,,55,0,0,0,0,2,1,2,13
,2015_63663,39.7754,-104.863194,5/22/2015 14:02,14:02,12,0,0,I-70 & HAVANA ST N,1,1,0,0,1,4,,,55,0,0,0,0,1,1,2,13
,2015_63664,39.774131,-104.848488,1/6/2015 5:20,5:20,9,0,0,I-70 WB ON RAMP MERGE PT & PEORIA ST N,5,3,0,6,3,8,,,45,0,0,0,0,0,1,1,1
,2015_63665,39.773989,-104.846848,11/20/2015 20:47,20:47,15,0,0,I-70 & PEORIA ST N,4,3,1,2,1,4,,,55,0,0,0,0,0,1,2,16
,2015_63666,39.773054,-104.835964,4/21/2015 13:21,13:21,12,0,0,I-70 & I-225 EB OFF RAMP ENT PT,1,1,1,0,1,4,,,55,0,0,0,0,0,1,2,7
,2015_63697,39.700335,-104.908402,4/19/2015 11:12,11:12,12,0,2,LEETSDALE DR 8800 BLK & ONEIDA ST S,1,1,0,0,1,4,,,35,0,0,0,0,3,2,4,1
,2015_63698,39.70329,-104.913505,11/16/2015 19:41,19:41,5,0,0,LEETSDALE DR & MONACO ST S,2,3,1,2,3,4,,,35,0,0,0,0,1,2,1,5
,2015_63711,39.678438,-104.993322,7/1/2015 9:20,9:20,12,0,0,EVANS AVE W & SANTA FE DR S,1,1,1,0,1,3,,,35,0,0,0,0,0,2,2,13
,2015_63712,39.689371,-104.992053,2/20/2015 9:40,9:40,15,0,0,SANTA FE DR 1400 BLK S & FLORIDA AVE W,1,1,1,0,1,1,,,45,0,0,0,0,0,2,2,13
,2015_63716,39.729259,-105.02515,7/22/2015 12:55,12:55,12,0,1,8TH AVE W & FEDERAL BLVD N,1,1,1,0,1,1,,,35,0,0,0,0,2,2,2,13
,2015_63717,39.724546,-105.025128,5/28/2015 20:01,20:01,12,0,0,5TH AVE W & FEDERAL BLVD N,1,2,1,0,1,1,,,25,0,0,0,0,0,2,2,13
,2015_63718,39.724339,-105.025134,2/27/2015 15:49,15:49,15,0,0,FEDERAL BLVD N & 5TH AVE W,2,1,0,0,1,4,,,25,0,0,0,0,0,2,3,13
,2015_63719,39.696764,-105.025061,8/1/2015 11:57,11:57,3,0,0,W MISSISSIPPI AVE & S FEDERAL BLVD,1,1,0,7,1,1,,,40,0,0,0,0,0,2,2,12
,2015_63720,39.680943,-105.025023,8/18/2015 13:55,13:55,3,0,0,FEDERAL BLVD S & ASBURY AVE W,1,1,0,0,1,2,,,40,0,0,0,0,0,2,2,1
,2015_63725,39.624078,-104.908786,4/15/2015 18:18,18:18,12,0,0,BELLEVIEW AVE 6500 BLK E & NIAGARA ST S,1,1,1,0,1,4,,,40,0,0,0,0,1,2,4,3
,2015_63732,39.682241,-105.053199,4/25/2015 16:47,16:47,1,0,0,SHERIDAN BLVD S & JEWELL AVE W,1,1,1,0,1,1,,,30,0,0,0,0,0,2,2,7
,2015_63733,39.689516,-105.053251,2/13/2015 20:35,20:35,1,0,0,SHERIDAN BLVD S & FLORIDA AVE W,1,3,0,0,1,1,,,40,0,0,0,0,0,2,2,13
,2015_63735,39.715413,-105.053288,5/8/2015 20:09,20:09,8,0,1,SHERIDAN BLVD S & BAYAUD AVE W,2,3,0,1,1,4,,,35,0,0,0,0,3,2,2,3
,2015_63736,39.725746,-105.053134,1/22/2015 7:50,7:50,12,0,0,SHERIDAN BLVD 600 BLK N & 6TH AVE W,5,1,0,2,1,4,,,35,0,0,0,0,0,2,2,14
,2015_63737,39.733137,-105.053226,1/13/2015 16:48,16:48,12,0,0,SHERIDAN BLVD 1000 BLK N & 10TH AVE W,2,3,0,2,1,4,,,30,0,0,0,0,0,2,3,14
,2015_63739,39.743966,-105.053226,1/4/2015 20:32,20:32,11,0,1,17TH AVE W & SHERIDAN BLVD N,2,3,1,2,1,1,,,35,0,1,0,0,2,2,2,13
,2015_63756,39.61833,-105.091109,4/1/2015 20:03,20:03,15,0,0,WADSWORTH BLVD S & CRESTLINE AVE W,1,3,0,0,1,1,,,40,0,0,0,0,0,2,2,7
,2015_63780,39.635523,-104.89346,1/29/2015 13:30,13:30,10,0,0,I-225 WB RAMPS & TAMARAC ST S,1,1,0,0,1,1,,,40,0,0,0,0,0,4,2,13
,2015_63781,39.639275,-104.885096,2/19/2015 8:14,8:14,12,0,0,I-225 & YOSEMITE ST S,1,1,0,0,1,4,,,55,0,0,0,0,0,1,3,13
,2015_63790,39.779661,-104.967133,5/11/2015 16:36,16:36,15,0,0,BRIGHTON BLVD N & I-70 EB RAMPS,1,1,0,0,1,1,,,35,0,0,0,0,0,2,2,13
,2015_63791,39.780804,-104.966749,1/10/2015 22:17,22:17,1,0,0,BRIGHTON BLVD N & 46TH AVE E,1,3,0,0,1,1,,,35,0,0,0,0,1,2,2,13
,2015_63801,39.791115,-105.025181,11/22/2015 4:03,4:03,3,0,0,FEDERAL BLVD N & 52ND AVE W,1,3,0,0,1,1,,,30,0,0,0,0,0,2,2,5
,2015_63802,39.768954,-105.025232,6/14/2015 22:32,22:32,12,0,0,FEDERAL BLVD N & 38TH AVE W,1,3,0,0,1,4,,,35,0,0,0,0,1,2,3,5
,2015_63805,39.760318,-105.025143,2/27/2015 8:40,8:40,15,0,0,FEDERAL BLVD & 3000 BLK S,2,1,0,0,1,4,,,40,0,0,0,0,0,2,2,13
,2015_63806,39.78466,-105.025209,6/3/2015 15:15,15:15,12,0,0,FEDERAL BLVD N & I-70 WB RAMPS,1,1,1,0,1,1,,,35,0,0,0,1,0,2,2,7
,2015_63840,39.83409,-104.746857,6/11/2015 20:30,20:30,15,0,0,E-470 & PENA BLVD,2,3,0,1,1,4,,,75,0,0,0,0,0,2,2,14
,2015_64003,0,0,7/23/2015 18:01,18:01,15,0,0,1ST AVE 2600 BLK E & CLAYTON ST N,1,1,0,7,1,4,,,30,0,0,0,0,0,4,2,16
,2015_64004,0,0,8/2/2015 21:30,21:30,12,0,0,W 6TH AVE W N FRONTAGE RD (NOT CDOT) & IRVING ST N,1,3,1,7,1,1,,,45,0,0,0,0,0,4,3,14
,2015_64005,0,0,1/14/2015 9:14,9:14,12,0,0,6TH AVE W & OSAGE ST N,1,1,0,0,1,3,,,35,0,0,0,0,0,4,2,14
,2015_64006,0,0,3/25/2015 10:08,10:08,3,0,0,7TH AVE W & SANTA FE DR N,2,1,0,1,1,1,,,35,0,0,0,0,1,4,2,14
,2015_64007,0,0,1/2/2015 2:36,2:36,12,0,0,12TH AVE 400 BLK E & LOGAN ST N,4,4,1,2,1,4,,,30,0,0,0,0,0,4,2,1
,2015_64008,0,0,7/12/2015 13:50,13:50,15,0,0,13TH AVE 500 BLK W & FOX ST,1,1,0,7,1,4,,,30,0,0,0,0,0,4,2,8
,2015_64009,0,0,1/15/2015 17:33,17:33,11,0,1,13TH AVE E & GRANT ST N,1,2,0,0,1,1,,,30,0,1,0,0,2,4,2,13
,2015_64010,0,0,6/5/2015 8:50,8:50,3,0,0,13TH AVE E & ULSTER ST N,1,1,0,7,1,1,,,20,0,0,0,0,0,4,2,7
,2015_64011,0,0,4/4/2015 12:53,12:53,6,0,0,14TH AVE 2200 BLK E & GAYLORD ST N,1,1,0,7,1,4,,,30,0,0,0,0,0,4,2,3
,2015_64012,0,0,4/11/2015 16:07,16:07,10,0,0,14TH AVE E & ST PAUL ST,1,1,0,0,1,1,,,30,0,0,0,0,0,4,3,13
,2015_64013,0,0,7/11/2015 9:03,9:03,3,0,0,14TH AVE E & XENIA ST N,1,1,0,7,1,1,,,30,0,0,0,0,1,4,2,16
,2015_64014,0,0,1/18/2015 13:55,13:55,3,0,0,17TH AVE E & JOSEPHINE ST N,1,1,0,7,1,1,,,35,0,0,0,0,0,4,2,16
,2015_64015,0,0,12/12/2015 12:00,12:00,3,0,0,16TH AVE E & PEARL ST N,2,1,0,2,1,1,,,30,0,0,0,0,0,4,2,14
,2015_64016,0,0,4/2/2015 13:15,13:15,2,0,1,19TH AVE E & GILPIN ST N,1,1,0,0,1,5,,,15,1,0,0,0,2,4,2,13
,2015_64017,0,0,8/5/2015 9:05,9:05,3,0,0,23RD AVE E & QUEBEC ST N,1,1,0,7,1,1,,,35,0,0,0,0,0,4,2,16
,2015_64018,0,0,6/18/2015 7:00,7:00,6,0,0,25TH AVE E & GLENCOE ST N,1,1,0,7,1,4,,,25,0,0,0,0,0,4,2,7
,2015_64019,0,0,1/15/2015 17:35,17:35,12,0,0,26TH AVE & 2900 BLK W,1,2,1,0,1,4,,,30,0,0,0,0,0,4,2,13
,2015_64020,0,0,4/26/2015 13:20,13:20,10,0,1,26TH AVE W & BRYANT ST N,2,1,1,1,1,3,,,25,0,0,0,0,2,4,2,13
,2015_64021,0,0,3/17/2015 14:06,14:06,12,0,0,29TH AVE & 3500 BLK W,1,1,1,0,1,4,,,30,0,0,0,0,0,4,3,13
,2015_64022,0,0,6/12/2015 8:45,8:45,1,0,0,29TH AVE W & CLAY ST N,1,1,0,0,1,1,,,35,0,0,0,0,1,4,2,14
,2015_64023,0,0,6/4/2015 22:20,22:20,6,0,0,32ND AVE 3617 W & LOWELL BLVD,2,3,1,1,1,4,,,30,0,0,0,0,0,4,2,14
,2015_64024,0,0,5/3/2015 17:30,17:30,3,0,0,38TH AVE W & CLAY ST N,1,1,0,7,1,1,,,35,0,0,0,0,1,4,5,16
,2015_64025,0,0,2/7/2015 14:25,14:25,1,0,0,38TH AVE W & PECOS ST N,1,1,0,0,1,1,,,35,0,0,0,0,0,4,2,14
,2015_64026,0,0,10/13/2015 6:23,6:23,1,0,0,56TH AVE E & DUNKIRK ST N,1,1,0,0,1,1,,,35,0,0,0,0,0,4,2,7
,2015_64027,0,0,1/9/2015 18:05,18:05,6,0,0,46TH AVE W & NEWTON ST N,2,3,0,7,1,4,,,35,0,0,0,0,0,4,2,5
,2015_64028,0,0,5/5/2015 21:01,21:01,12,0,0,56TH AVE E & TOWER RD N,2,3,0,1,1,1,,,40,0,0,0,0,1,4,2,2
,2015_64029,0,0,6/11/2015 14:13,14:13,3,0,0,56TH AVE E & TOWER RD N,1,1,1,7,1,1,,,40,0,0,0,0,0,4,2,16
,2015_64030,0,0,1/10/2015 18:30,18:30,3,0,0,78TH AVE E & CALAWABA CT N,1,3,0,0,1,1,,,20,0,0,0,0,0,4,2,8
,2015_64031,0,0,12/1/2015 8:35,8:35,12,0,0,56TH AVE E & PENA BLVD,5,1,0,0,1,4,,,45,0,0,0,0,0,4,3,13
,2015_64032,0,0,1/22/2015 9:00,9:00,12,0,0,ALAMEDA AVE E & HOLLY ST S,1,1,1,7,1,1,,,30,0,0,0,0,0,4,2,3
,2015_64033,0,0,6/24/2015 18:53,18:53,12,0,0,ALAMEDA AVE 5500 BLK E & HOLLY ST S,2,1,1,1,1,3,,,35,0,0,0,0,0,4,2,14
,2015_64034,0,0,4/9/2015 16:10,16:10,1,0,0,ALAMEDA AVE E & NEWPORT WAY S,1,1,0,7,1,1,,,35,0,0,0,0,0,4,2,16
,2015_64035,0,0,1/9/2015 8:44,8:44,12,0,1,ALAMEDA AVE 7200 BLK E & QUEBEC ST S,6,1,0,7,1,3,,,35,0,0,0,0,3,4,2,1
,2015_64036,0,0,4/23/2015 6:35,6:35,6,0,0,ANDREWS E & KELLY PL,1,1,1,7,1,3,,,25,0,0,0,0,1,4,3,2
,2015_64037,0,0,10/18/2015 14:25,14:25,6,0,0,BLACKHAWK WAY 5300 BLK N & N CROWN BLVD,1,1,0,7,1,4,,,25,0,0,0,0,0,4,2,1
,2015_64038,0,0,6/7/2015 13:30,13:30,15,0,0,AURARIA PKWY & 7TH ST,1,1,0,7,1,1,,,35,0,0,0,0,0,4,2,16
,2015_64039,0,0,12/14/2015 9:07,9:07,15,0,0,BROADWAY ST 1000 BLK S & MISSISSIPPI AVE W,1,1,0,0,1,4,,,35,0,0,0,0,0,4,2,7
,2015_64040,0,0,1/17/2015 11:55,11:55,12,0,0,BROADWAY ST N & 3RD AVE E,1,1,0,7,1,4,,,30,0,0,0,0,0,4,2,3
,2015_64041,0,0,6/3/2015 11:35,11:35,15,0,0,BROADWAY ST 200 BLK S & ALAMEDA AVE E,1,1,0,0,1,3,,,35,0,0,0,0,0,4,2,13
,2015_64042,0,0,6/9/2015 16:46,16:46,12,0,0,BUCHTEL BLVD E & MILWAUKEE ST S,1,1,0,7,1,3,,,30,0,0,0,0,0,4,3,16
,2015_64043,0,0,7/29/2015 17:36,17:36,12,0,0,BUCHTEL BLVD 2200 BLK E & UNIVERSITY BLVD S,1,1,0,7,1,4,,,30,0,0,0,0,0,4,2,16
,2015_64044,0,0,4/8/2015 19:55,19:55,6,0,0,CATHAY CT 5000 BLK N & 50TH AVE E,1,3,0,7,1,4,,,25,0,0,0,0,0,4,2,16
,2015_64045,0,0,3/5/2015 16:45,16:45,12,0,0,CHERRY CREEK DR S & 2500 BLK E,2,1,0,0,1,4,,,35,0,0,0,0,0,4,2,13
,2015_64046,0,0,4/18/2015 16:18,16:18,1,0,0,CHERRY ST S & ARIZONA AVE E,1,1,0,0,1,3,,,30,0,0,0,0,0,4,5,13
,2015_64047,0,0,5/22/2015 16:16,16:16,1,0,0,CHERRY CREEK DR N E & UNIVERSITY BLVD S,1,1,0,7,1,3,,,30,0,0,0,0,0,4,2,16
,2015_64048,0,0,2/16/2015 2:00,2:00,6,0,0,CLAY ST N & 44TH AVE W,4,3,0,2,1,4,,,25,0,0,0,0,0,4,5,5
,2015_64049,0,0,5/16/2015 15:38,15:38,6,0,0,DOWNING ST 500 BLK N & 5TH AVE E,1,1,0,7,1,4,,,25,0,0,0,0,0,4,3,5
,2015_64050,0,0,1/9/2015 7:20,7:20,12,0,0,DOWNING ST S & EVANS AVE E,11,1,0,7,1,3,,,20,0,0,0,0,0,4,2,14
,2015_64051,0,0,7/9/2015 15:58,15:58,3,0,0,DOWNING ST 2500 BLK S & VASSAR AVE E,1,1,1,0,1,2,,,30,0,0,0,0,0,4,2,13
,2015_64052,0,0,10/8/2015 15:55,15:55,12,0,0,DOWNING ST N & 21ST AVE E,1,1,0,0,1,1,,,25,0,0,0,0,1,4,2,3
,2015_64053,0,0,7/18/2015 2:32,2:32,11,0,0,LINCOLN ST N & 16TH AVE E,1,3,0,0,1,1,,,,0,1,0,0,1,4,2,13
,2015_64054,0,0,5/12/2015 9:38,9:38,5,0,0,ELLSWORTH AVE W & GROVE ST N,1,1,0,0,2,4,,,25,0,0,0,0,0,4,2,10
,2015_64055,0,0,7/21/2015 15:00,15:00,3,0,0,EVANS AVE E & CLARKSON ST S,2,1,0,1,1,1,,,25,0,0,0,0,0,4,3,16
,2015_64056,0,0,5/25/2015 23:52,23:52,1,0,0,EVANS AVE E & DOWNING ST S,2,3,0,7,1,3,,,35,0,0,0,0,0,4,2,16
,2015_64057,0,0,11/1/2015 13:28,13:28,15,0,0,FLORIDA AVE E & HOLLY ST S,1,1,0,0,1,1,,,30,0,0,0,0,0,4,2,16
,2015_64058,0,0,11/18/2015 16:30,16:30,6,0,0,GAYLORD ST 1700 BLK N & 18TH AVE E,1,2,0,7,1,4,,,,0,0,0,0,0,4,2,16
,2015_64059,39.783137,-105.006795,6/26/2015 19:30,19:30,4,0,0,I-70 & PECOS ST N,1,1,0,0,1,4,,,65,0,0,0,0,0,1,1,13
,2015_64060,0,0,7/31/2015 18:13,18:13,12,0,0,GARFIELD ST & 1400 BLK S,1,1,3,7,1,4,,,25,0,0,0,0,1,4,2,6
,2015_64061,0,0,10/10/2015 16:55,16:55,3,0,1,HAVANA ST N & SMITH RD E,1,1,0,0,1,1,,,35,0,0,0,0,3,4,2,1
,2015_64062,0,0,4/14/2015 6:50,6:50,12,0,0,GVR BLVD E & PENA BLVD N,1,1,0,7,1,4,,,40,0,0,0,0,0,4,2,16
,2015_64063,0,0,6/2/2015 8:10,8:10,3,0,1,GVR BLVD E & PENA BLVD,1,1,0,0,1,1,,,40,0,0,0,0,2,4,2,13
,2015_64064,0,0,10/7/2015 10:30,10:30,12,0,0,JEWELL AVE W & SHERIDAN BLVD S,1,1,0,0,1,4,,,40,0,0,0,0,0,4,2,14
,2015_64065,0,0,2/2/2015 15:41,15:41,3,0,0,IOWA AVE E & ALBION ST S,1,2,0,7,1,1,,,25,0,0,0,0,1,4,2,8
,2015_64066,0,0,1/10/2015 19:05,19:05,6,0,0,IOWA AVE W & IRVING ST S,1,3,1,7,1,4,,,30,0,0,0,0,0,4,2,5
,2015_64067,0,0,3/18/2015 9:27,9:27,6,0,0,IRVING ST & 111 BLK S,1,5,0,0,1,2,,,25,0,0,0,0,0,4,2,13
,2015_64068,0,0,5/9/2015 23:49,23:49,8,0,0,LAKESHORE DR & HARBOUR DR,4,3,0,2,6,4,,,25,0,0,0,0,0,4,2,13
,2015_64069,0,0,2/14/2015 21:00,21:00,6,0,0,LEAF CT & 4936 N,1,4,0,0,1,4,,,25,0,0,0,0,0,4,2,13
,2015_64070,0,0,2/6/2015 16:14,16:14,12,0,0,LINCOLN ST 1600 N & 17TH AVE E,1,1,0,7,1,4,,,30,0,0,0,0,1,4,2,16
,2015_64071,0,0,8/10/2015 11:30,11:30,12,0,1,LINCOLN ST N & 17TH AVE E,1,1,0,7,1,1,,,30,0,0,0,0,3,4,2,16
,2015_64072,0,0,6/17/2015 16:30,16:30,12,0,0,LINCOLN ST 1700 BLK N & 18TH AVE E,1,1,0,7,1,1,,,30,0,0,0,0,0,4,2,16
,2015_64073,0,0,1/5/2015 18:40,18:40,12,0,0,LINCOLN ST 2000 N & 20TH ST,2,3,0,7,1,3,,,30,0,0,0,0,0,4,2,16
,2015_64074,0,0,3/7/2015 23:21,23:21,5,0,0,LOWRY BLVD 8200 BLK E & UINTAH WAY N,1,3,1,7,3,4,,,30,0,0,0,0,0,4,1,14
,2015_64076,0,0,8/13/2015 17:13,17:13,1,0,0,MAPLE AVE E & BROADWAY ST S,1,1,0,7,1,1,,,25,0,0,0,0,0,4,2,3
,2015_64077,0,0,4/21/2015 16:50,16:50,3,0,0,MARIPOSA ST & 1400 BLK N,1,1,0,0,1,2,,,25,0,0,0,0,0,4,2,13
,2015_64078,0,0,7/30/2015 8:00,8:00,6,0,0,N MARIPOSA WAY & LIPAN ST N,1,1,0,7,1,4,,,25,0,0,0,0,0,4,2,16
,2015_64079,0,0,3/28/2015 14:20,14:20,10,0,0,MARKET ST & 1300 BLK,1,1,0,0,1,1,,,30,0,0,0,0,0,4,2,13
,2015_64080,0,0,6/28/2015 15:05,15:05,12,0,0,MISSISSIPPI AVE & 9400 BLK E,1,5,1,0,1,4,,,40,0,0,0,0,1,4,2,13
,2015_64081,0,0,4/14/2015 7:55,7:55,3,0,1,MISSISSIPPI AVE W & CLAY ST S,1,1,0,7,1,1,,,25,0,0,0,0,2,4,2,16
,2015_64082,0,0,1/6/2015 18:00,18:00,15,0,0,MISSISSIPPI AVE W & LIPAN ST S,2,3,1,7,1,4,,,30,0,0,0,0,0,4,2,1
,2015_64083,0,0,4/13/2015 6:50,6:50,6,0,0,MORRISON RD & 4567,1,1,0,0,1,4,,,30,0,0,0,0,0,4,3,5
,2015_64084,0,0,6/30/2015 17:00,17:00,6,0,0,NEWLAND ST S & 3619,1,1,0,0,1,4,,,25,0,0,0,0,0,4,2,13
,2015_64085,0,0,7/9/2015 0:25,0:25,5,0,0,NORTHFIELD BLVD & 8300 BLK E,1,3,0,0,2,7,,,10,0,0,0,0,0,4,1,5
,2015_64086,0,0,3/12/2015 13:00,13:00,12,0,0,ONEIDA WAY 3400 BLK S & HAMPDEN AVE E,1,1,1,0,1,2,,,,0,0,0,0,0,4,2,13
,2015_64087,0,0,1/7/2015 21:35,21:35,1,0,0,PARK AVE W & BROADWAY,1,3,0,0,1,1,,,30,0,0,0,0,0,4,2,13
,2015_64088,0,0,8/7/2015 11:20,11:20,3,0,0,PARK AVE W & WALNUT ST,1,1,0,7,1,1,,,30,0,0,0,0,0,4,2,10
,2015_64089,0,0,6/5/2015 21:00,21:00,6,0,0,PATTON CT S & TENNESSEE AVE W,2,3,0,1,1,4,,,25,0,0,0,0,0,4,4,1
,2015_64090,0,0,2/14/2015 4:45,4:45,6,0,0,PEARL ST 1600 BLK N & 17TH AVE E,1,3,0,7,1,4,,,25,0,0,0,0,0,4,2,2
,2015_64091,0,0,11/20/2015 21:44,21:44,15,0,0,PENA BLVD & 8200 BLK,4,3,0,2,1,4,,,45,0,0,0,0,0,4,2,13
,2015_64092,0,0,2/26/2015 12:47,12:47,5,0,0,PENA BLVD 18300 BLK & TOWER RD,9,1,0,0,1,4,,,65,0,0,0,0,0,4,1,13
,2015_64093,0,0,2/22/2015 11:31,11:31,12,0,0,PENA BL 8400 BLK & ADJ DOOR 500,11,1,0,7,1,4,,,15,0,0,0,0,0,4,2,7
,2015_64094,0,0,2/16/2015 15:32,15:32,15,0,0,PENA BLVD 7500 BLK & OLD TOLL PLAZA,2,1,1,7,1,4,,,65,0,0,0,0,1,4,2,1
,2015_64095,0,0,4/2/2015 3:55,3:55,6,0,0,PENNSYLVANIA ST 1700 BLK N & 17TH AVE E,1,3,0,7,1,4,,,25,0,0,0,0,0,4,2,5
,2015_64096,0,0,11/14/2015 21:17,21:17,6,0,0,PENNSYLVANIA ST 1800 BLK & 19TH AVE E,1,3,0,7,1,4,,,,0,0,0,0,0,4,2,16
,2015_64097,0,0,12/30/2015 19:15,19:15,15,0,0,PEORIA ST 4600 BLK N & 47TH AVE E,1,3,0,0,1,4,,,40,0,0,0,0,0,4,2,13
,2015_64098,0,0,6/20/2015 18:40,18:40,3,1,0,PEORIA ST (4400 BLK N) & 45TH AVE E,1,1,0,0,1,2,,,35,0,0,0,1,4,4,2,5
,2015_64099,0,0,2/17/2015 11:48,11:48,15,0,0,PEORIA ST N & 47TH AVE E,1,1,1,0,1,3,,,40,0,0,0,0,0,4,2,13
,2015_64100,0,0,10/1/2015 10:00,10:00,6,0,0,TREMONT PL 1300 BLK & 13TH ST,1,1,0,7,1,4,,,25,0,0,0,0,0,4,2,1
,2015_64101,0,0,3/30/2015 6:22,6:22,12,0,0,QUEBEC ST S & ALAMEDA AVE E,1,2,0,7,1,1,,,35,0,0,0,0,0,4,3,1
,2015_64102,0,0,2/22/2015 15:45,15:45,5,0,0,QUEBEC ST S & DARTMOUTH AVE E,5,1,0,2,3,4,,,30,0,0,0,0,0,4,1,7
,2015_64103,0,0,10/30/2015 23:21,23:21,12,0,0,QUEBEC ST N & 8TH AVE E,1,3,0,1,1,4,,,35,0,0,0,0,1,4,3,1
,2015_64104,0,0,4/8/2015 13:10,13:10,1,0,0,QUEBEC ST N & LOWRY BLVD E,1,1,0,7,1,1,,,35,0,0,0,0,0,4,2,16
,2015_64105,0,0,1/26/2015 9:25,9:25,3,0,0,QUEBEC ST S & MISSISSIPPI AVE E,1,1,0,7,1,1,,,35,0,0,0,0,0,4,2,16
,2015_64106,0,0,3/30/2015 7:41,7:41,1,0,0,QUINCY AVE E & TAMARAC DR S,1,1,0,7,1,1,,,25,0,0,0,0,1,4,2,1
,2015_64107,0,0,3/14/2015 17:50,17:50,6,0,0,RACE ST & 1265 BLK N,1,1,0,0,1,4,,,30,0,0,0,0,0,4,2,13
,2015_64108,0,0,4/4/2015 15:41,15:41,12,0,0,15TH ST & 1900 BLK,1,1,0,0,1,4,,,30,0,0,0,1,0,4,2,13
,2015_64109,0,0,5/8/2015 20:56,20:56,15,0,0,15TH ST & WAZEE ST,2,3,0,1,1,4,,,25,0,0,0,0,0,4,2,16
,2015_64110,0,0,12/24/2015 19:35,19:35,6,0,0,QUENTIN ST 4900 BLK N & ANDREWS DR E,1,4,0,0,1,4,,,30,0,0,0,0,0,4,2,13
,2015_64111,0,0,8/15/2015 10:28,10:28,3,0,1,20TH ST & CHAMPA ST,1,1,0,7,1,1,,,25,0,0,0,0,3,4,3,16
,2015_64112,0,0,2/27/2015 14:10,14:10,12,0,0,20TH ST & CHESTNUT ST,5,1,1,7,1,3,,,25,0,0,0,0,0,4,2,1
,2015_64113,0,0,3/11/2015 7:50,7:50,12,0,0,20TH ST & DOWNING ST,1,1,0,7,1,1,,,25,0,0,0,0,0,4,2,16
,2015_64114,0,0,6/4/2015 11:16,11:16,12,0,0,22ND ST & MARKET ST,1,1,0,7,1,3,,,35,0,0,0,0,0,4,3,8
,2015_64115,0,0,12/10/2015 13:05,13:05,5,0,0,SHERMAN ST N & 4875,1,1,0,0,2,5,,,25,0,0,0,0,0,4,1,1
,2015_64116,0,0,5/15/2015 2:10,2:10,5,0,0,SANTA FE DR 1500 BLK N & SPEER BLVD,1,3,0,0,2,3,,,35,0,0,0,0,0,4,1,5
,2015_64117,0,0,1/9/2015 12:07,12:07,6,0,0,SHERMAN ST & 4300 BLK N,5,1,1,0,1,4,,,25,0,0,0,0,0,4,2,13
,2015_64118,0,0,4/29/2015 18:03,18:03,6,0,0,SHERMAN ST 1900 BLK S & ASBURY AVE E,1,1,0,7,1,4,,,30,0,0,0,0,0,4,2,3
,2015_64119,0,0,6/11/2015 20:40,20:40,12,0,0,SPEER BLVD & 1700 BLK N,2,3,0,1,1,4,,,35,0,0,0,0,0,4,2,13
,2015_64120,0,0,2/11/2015 2:43,2:43,14,0,0,SPEER BLVD N & AURARIA PKWY,2,3,0,1,1,1,,,30,0,0,0,0,0,4,2,5
,2015_64121,0,0,8/3/2015 10:20,10:20,3,0,0,SPEER BLVD N & AURARIA PKWY,1,1,0,7,1,1,,,35,0,0,0,0,1,4,2,16
,2015_64122,0,0,4/6/2015 14:10,14:10,12,0,0,STEELE ST & 2100 BLK N,1,1,0,0,1,4,,,25,0,0,0,0,0,4,1,13
,2015_64123,0,0,9/10/2015 13:30,13:30,3,0,0,STAPLETON S DR E & DAHLIA ST N,1,1,0,0,1,1,,,30,0,0,0,0,0,4,2,13
,2015_64124,0,0,6/17/2015 6:55,6:55,6,0,0,STOUT ST 1700 BLK & 18TH ST,1,1,0,7,1,4,,,25,0,0,0,0,0,4,2,16
,2015_64125,0,0,8/31/2015 22:51,22:51,3,0,0,STAPLETON S DR E & MONACO PKWY N,1,3,0,0,1,1,,,35,0,0,0,0,1,4,2,13
,2015_64126,0,0,4/8/2015 14:45,14:45,12,0,0,SYRACUSE ST N & MONTVIEW BLVD E,1,1,0,7,1,1,,,30,0,0,0,0,0,4,2,16
,2015_64127,0,0,3/5/2015 3:15,3:15,6,0,0,TEJON ST 1600 BLK S & MEXICO AVE W,5,3,1,7,1,4,,,25,0,0,0,0,0,4,2,5
,2015_64128,0,0,4/13/2015 13:13,13:13,3,0,0,TENNESSEE AVE E & WILLIAMS ST S,1,1,0,7,1,1,,,25,0,0,0,0,0,4,2,3
,2015_64129,0,0,3/22/2015 21:00,21:00,6,0,0,TENNYSON ST N & 41ST AVE W,1,3,0,7,1,4,,,30,0,0,0,0,0,4,2,16
,2015_64130,0,0,10/5/2015 1:30,1:30,6,0,0,SYRACUSE ST & 4380 S,1,4,0,7,1,4,,,20,0,0,0,0,0,4,2,1
,2015_64131,0,0,7/29/2015 13:28,13:28,12,0,0,UNIVERSITY BLVD S & EXPOSITION AVE E,1,1,0,7,1,4,,,35,0,0,0,0,1,4,4,3
,2015_64132,0,0,8/11/2015 16:50,16:50,3,0,0,UNIVERSITY BLVD S & WARREN AVE E,1,1,0,7,1,1,,,30,0,0,0,0,0,4,2,16