id,drcog_id,latitude,longitude,crashtime,time,crashtype,numbkilled,numbinjurd,drcoglocat,rdconditin,lightngcon,roadcntgrd,weatherco,location,roaddescrp,schoolzone,constrzone,splimit,bikeinv,pedinv,sctrinv,motoinv,svrty,rdsystem,ttlvehcls,hcf
,2015_64133,0,0,6/5/2015 13:12,13:12,10,0,0,UTICA ST & 3900 BLK N,1,1,1,0,1,4,,,25,0,0,0,0,0,4,2,13
,2015_64134,0,0,6/19/2015 14:00,14:00,12,0,0,WELTON ST 2000 BLK & 21ST ST,1,3,0,7,1,4,,,30,0,0,0,0,0,4,2,5
,2015_64135,0,0,4/2/2015 13:28,13:28,6,0,0,XENIA ST 3600 BLK S & JEFFERSON AVE E,1,1,0,7,1,4,,,25,0,0,0,0,0,4,2,3
,2015_64136,0,0,6/8/2015 17:34,17:34,15,0,0,YALE AVE 4100 E & COLORADO BLVD S,1,1,0,7,1,4,,,35,0,0,0,0,0,4,2,3
,2015_64137,0,0,5/5/2015 17:50,17:50,11,0,1,YALE AVE E & GLENCOE ST,2,1,1,1,1,1,,,5,0,1,0,0,2,4,2,13
,2015_64139,0,0,7/22/2015 8:55,8:55,3,0,0,ZUNI ST N & 29TH AVE W,1,1,0,7,1,1,,,30,0,0,0,0,0,4,2,16
,2015_64216,0,0,7/16/2015 7:34,7:34,12,0,0,FEDERAL BLVD SB & 4100 BLK S,1,1,0,0,1,4,,,35,0,0,0,0,0,4,2,3
,2015_64217,0,0,6/11/2015 17:27,17:27,12,0,0,KNOX CT S & W HWY 285,1,1,1,0,1,3,,,45,0,0,0,0,1,4,2,13
,2015_64260,39.678409,-104.940629,5/27/2015 12:54,12:54,12,0,0,EVANS AVE E & COLORADO BLVD S,1,1,0,0,1,1,,,35,0,0,0,0,0,2,2,13
,2015_64261,39.689028,-104.940549,6/25/2015 11:51,11:51,15,0,0,COLORADO BLVD 1500 BLK S & FLORIDA AVE E,1,1,0,0,1,4,,,30,0,0,0,0,0,2,2,14
,2015_64262,39.689613,-104.940549,2/11/2015 8:05,8:05,12,0,0,COLORADO BLVD 1400 BLK S & FLORIDA AVE E,1,1,0,0,1,3,,,35,0,0,0,0,0,2,2,13
,2015_64263,39.696625,-104.940562,6/24/2015 22:10,22:10,2,0,0,COLORADO BLVD S & MISSISSIPPI AVE E,1,4,0,0,1,1,,,30,1,0,0,0,1,2,2,14
,2015_64264,39.706129,-104.940624,8/10/2015 15:54,15:54,12,0,0,COLORADO BLVD & CHERRY CREEK DR S,1,1,0,0,1,3,,,40,0,0,0,0,1,2,3,7
,2015_64265,39.741355,-104.940611,1/1/2015 18:24,18:24,9,0,0,COLORADO BLVD 1600 N & 16TH AVE (RD E),5,3,1,2,3,1,,,30,0,0,0,0,0,2,1,7
,2015_64266,39.738302,-104.940614,1/8/2015 9:40,9:40,12,0,0,COLORADO BLVD N & 14TH AVE E,1,1,0,0,1,1,,,35,0,0,0,0,1,2,3,7
,2015_64267,39.739491,-104.940613,2/17/2015 11:41,11:41,12,0,0,COLORADO BLVD & 1400 BLK N,1,1,0,0,1,4,,,35,0,0,0,0,1,2,2,13
,2015_64268,39.747364,-104.940604,4/18/2015 12:51,12:51,12,0,0,MONTVIEW BLVD E & COLORADO BLVD N,1,1,0,0,1,3,,,35,0,0,0,0,0,2,2,3
,2015_64269,39.780099,-104.940503,2/9/2015 22:33,22:33,1,0,0,COLORADO BLVD N & I-70,1,3,1,0,1,1,,,40,0,0,0,0,0,2,2,13
,2015_64270,39.787315,-104.940409,4/14/2015 20:33,20:33,3,0,0,50TH AVE E & COLORADO BLVD N,1,3,0,0,1,1,,,30,0,0,0,0,0,2,2,13
,2015_64276,39.725655,-105.053129,2/10/2015 5:37,5:37,12,0,0,6TH AVE W & SHERIDAN BLVD N,1,3,1,0,1,4,,,35,0,0,0,0,0,2,2,3
,2015_64277,39.725421,-105.025923,1/11/2015 2:41,2:41,5,0,0,6TH AVE W & FEDERAL BLVD N,1,3,1,0,2,4,,,45,0,0,0,0,0,2,1,5
,2015_64300,39.628413,-104.904125,7/26/2015 12:09,12:09,15,0,0,I-25 & UNION AVE E,1,1,0,0,1,4,,,65,0,0,0,0,0,1,2,7
,2015_64301,39.677484,-104.93281,7/21/2015 8:43,8:43,12,0,0,I-25 & EVANS AVE E,1,1,0,0,1,4,,,60,0,0,0,0,0,1,2,3
,2015_64302,39.683106,-104.940515,1/17/2015 9:28,9:28,15,0,0,I-25 & COLORADO BLVD S,1,1,0,0,1,4,,,55,0,0,0,0,0,1,2,3
,2015_64303,39.683488,-104.942037,1/12/2015 7:12,7:12,12,0,0,I-25 & COLORADO BLVD S,1,1,0,0,1,4,,,60,0,0,0,0,0,1,4,13
,2015_64304,39.690017,-104.973363,6/23/2015 14:00,14:00,12,0,0,I-25 NB RAMPS & DOWNING ST S,1,1,0,0,1,1,,,30,0,0,0,0,0,1,2,13
,2015_64305,39.694893,-104.979776,9/3/2015 15:32,15:32,9,0,0,I-25 & WASHINGTON ST S,1,1,0,0,1,4,,,55,0,0,0,1,1,1,2,13
,2015_64306,39.74035,-105.013939,12/24/2015 1:50,1:50,15,1,1,I-25 & COLFAX AVE OVERPASS,1,3,0,0,1,4,,,55,0,0,0,0,4,1,2,1
,2015_64307,39.707122,-104.996782,3/27/2015 17:30,17:30,12,0,0,I-25 & SANTA FE DR S,1,1,0,0,1,4,,,55,0,0,0,0,0,1,2,13
,2015_64308,39.72008,-105.007149,1/9/2015 20:40,20:40,15,0,0,I-25 & 6TH AVE W,2,3,1,4,1,4,,,55,0,0,0,0,0,1,2,13
,2015_64309,39.725135,-105.012815,3/4/2015 11:25,11:25,15,0,0,I-25 NB OFF RAMP & 6TH AVE W,5,1,0,0,1,4,,,35,0,0,0,0,0,1,2,1
,2015_64310,39.72543,-105.013021,5/6/2015 8:06,8:06,12,0,0,I-25 & 6TH AVE,1,1,0,0,1,4,,,55,0,0,0,0,0,1,2,2
,2015_64311,39.729334,-105.014821,7/9/2015 14:37,14:37,12,0,0,I-25 & 8TH AVE W,1,1,0,0,1,4,,,55,0,0,0,0,0,1,2,1
,2015_64312,39.739366,-105.01387,8/12/2015 11:37,11:37,12,0,0,I-25 & AURARIA PKWY,1,1,0,0,1,4,,,55,0,0,0,0,0,1,2,13
,2015_64313,39.740095,-105.013916,3/11/2015 10:26,10:26,12,0,0,I-25 NB OFF SLIP RAMP & COLFAX AVE W,1,1,0,0,1,8,,,25,0,0,0,0,0,1,2,13
,2015_64314,39.74035,-105.013939,1/29/2015 5:35,5:35,15,0,0,I-25 & COLFAX AVE W,1,3,0,0,1,4,,,55,0,0,0,0,1,1,2,5
,2015_64315,39.743467,-105.016086,7/16/2015 16:12,16:12,12,0,0,I-25 & 17TH AVE W,1,1,1,0,1,4,,,55,0,0,0,0,0,1,2,13
,2015_64316,39.760997,-105.004275,2/11/2015 7:50,7:50,15,0,0,I-25 & 20TH ST,2,1,0,0,1,4,,,55,0,0,0,0,0,1,2,13
,2015_64317,39.759258,-105.007002,7/6/2015 6:50,6:50,9,0,0,I-25 NB OFF RAMP & 20TH ST,1,1,1,0,1,8,,,40,0,0,0,0,0,1,1,13
,2015_64318,39.760997,-105.004275,6/2/2015 13:24,13:24,15,0,0,I-25 & 20TH ST,1,1,0,0,1,4,,,55,0,0,0,0,0,1,2,13
,2015_64319,39.768039,-104.994788,8/15/2015 15:22,15:22,1,0,1,38TH AVE W & FOX ST / I-25 SB RAMPS,1,1,0,0,1,1,,,30,0,0,0,0,2,1,2,13
,2015_64339,39.71118,-105.006348,2/20/2015 15:00,15:00,1,0,0,ALAMEDA AVE W & PECOS ST S,1,1,0,0,1,1,,,35,0,0,0,0,0,2,2,13
,2015_64340,39.711184,-105.00153,6/7/2015 15:00,15:00,15,0,0,ALAMEDA AVE W & LIPAN ST S,1,1,0,0,1,3,,,35,0,0,0,0,0,2,2,7
,2015_64341,39.653078,-104.898849,8/12/2015 10:55,10:55,12,0,0,HAMPDEN AVE 7800 BLK E & TAMARAC ST S,1,1,1,0,1,4,,,40,0,0,0,0,0,2,3,13
,2015_64342,39.653038,-104.872038,3/18/2015 18:02,18:02,12,0,0,HAMPDEN AVE E & FLORENCE ST S,1,1,0,0,1,1,,,35,0,0,0,0,0,2,2,3
,2015_64343,39.670162,-104.866064,6/8/2015 14:51,14:51,12,0,0,HAVANA ST S & PARKER RD S,1,1,1,0,1,4,,,45,0,0,0,0,1,2,3,13
,2015_64373,39.740322,-105.053272,6/14/2015 0:57,0:57,1,0,0,COLFAX AVE W & SHERIDAN BLVD,1,3,0,0,1,1,,,30,0,0,0,0,0,2,2,8
,2015_64374,39.740322,-105.053272,7/30/2015 20:29,20:29,1,0,0,COLFAX AVE W & SHERIDAN BLVD,1,3,0,0,1,1,,,35,0,0,0,0,0,2,2,14
,2015_64375,39.740028,-105.002765,6/23/2015 18:22,18:22,15,0,0,COLFAX AVE W & MARIPOSA ST,1,1,0,0,1,1,,,35,0,0,0,0,0,2,2,13
,2015_64376,39.740035,-104.998869,8/6/2015 8:00,8:00,15,0,0,SPEER BLVD S & COLFAX AVE W,1,1,0,0,1,1,,,35,0,0,0,0,0,2,2,7
,2015_64377,39.740023,-104.99793,2/12/2015 19:07,19:07,12,0,0,COLFAX AVE 700 BLK W & SPEER BLVD N,1,3,0,0,1,4,,,30,0,0,0,0,1,2,2,1
,2015_64378,39.740009,-104.97298,10/24/2015 19:30,19:30,15,0,0,COLFAX AVE E & DOWNING ST N (RD S),1,1,0,0,1,1,,,30,0,0,0,0,0,2,2,13
,2015_64379,39.740013,-104.971078,3/15/2015 2:15,2:15,3,0,1,COLFAX AVE & LAFAYETTE ST N (RD S),1,3,0,0,1,5,,,10,0,0,0,0,2,2,2,8
,2015_64380,39.740009,-104.96852,6/11/2015 16:00,16:00,14,0,0,COLFAX AVE E & PARK AVE WEST,1,1,0,0,1,1,,,30,0,0,0,0,0,2,2,13
,2015_64381,39.739982,-104.962682,10/26/2015 8:40,8:40,6,0,0,COLFAX AVE E & 2000 BLK E,1,1,0,0,1,4,,,35,0,0,0,0,0,2,2,13
,2015_64382,39.740065,-104.925689,3/31/2015 7:10,7:10,3,0,0,COLFAX AVE E & GLENCOE ST N,1,1,0,0,1,1,,,30,0,0,0,0,0,2,2,13
,2015_64383,39.740079,-104.912583,7/3/2015 12:23,12:23,15,0,0,COLFAX AVE E & MONACO PKWY S,1,1,0,0,1,1,,,30,0,0,0,0,0,2,2,13
,2015_64384,39.740079,-104.903501,6/4/2015 15:12,15:12,1,0,0,COLFAX AVE 7300 BLK E & QUEBEC ST N,1,1,0,0,1,1,,,30,0,0,0,0,0,2,2,13
,2015_64406,39.784206,-105.025519,5/28/2015 19:04,19:04,12,0,0,I-70 WB OFF RAMP & FEDERAL BLVD N,1,1,0,0,1,8,,,20,0,0,0,0,1,1,2,13
,2015_64407,39.783138,-105.006328,2/19/2015 7:47,7:47,12,0,0,PECOS ST N & 48TH AVE W,1,1,0,0,1,6,,,35,0,0,0,0,0,1,2,14
,2015_64408,39.779435,-104.979009,6/30/2015 18:03,18:03,12,0,0,I-70 & WASHINGTON ST N,1,1,0,0,1,4,,,55,0,0,0,0,0,1,2,13
,2015_64409,39.779435,-104.979009,6/15/2015 6:27,6:27,12,0,0,I-70 EB RAMPS & WASHINGTON ST N,1,1,1,0,1,1,,,40,0,0,0,0,0,1,2,13
,2015_64410,39.779895,-104.967089,9/7/2015 0:43,0:43,15,0,0,I-70 & BRIGHTON BLVD N,1,3,0,0,1,4,,,55,0,0,0,0,0,1,2,14
,2015_64411,39.779895,-104.967089,3/18/2015 12:30,12:30,5,0,0,I-70 & BRIGHTON BLVD,1,1,0,0,1,4,,,55,0,0,0,0,0,1,2,13
,2015_64412,39.780014,-104.959564,3/7/2015 2:57,2:57,15,0,0,I-70 & YORK ST N,1,3,0,0,1,4,,,55,0,0,0,0,0,1,2,5
,2015_64413,39.780014,-104.958231,3/7/2015 15:38,15:38,3,0,0,JOSEPHINE ST N & 46TH AVE E,1,1,0,0,1,1,,,25,0,0,0,0,0,4,2,13
,2015_64414,39.778271,-104.89681,7/13/2015 17:50,17:50,15,0,0,I-70 & I-270,1,1,0,0,1,4,,,55,0,0,0,0,0,1,2,13
,2015_64415,39.777095,-104.882471,4/9/2015 6:27,6:27,5,0,0,I-70 & CENTRAK PARK BLVD N,1,1,0,0,2,4,,,55,0,0,0,0,0,1,1,1
,2015_64416,39.774005,-104.847034,2/28/2015 12:25,12:25,15,0,0,I-70 & PEORIA ST N,1,2,0,1,1,4,,,55,0,0,0,0,0,1,2,13
,2015_64423,39.667786,-105.053256,5/17/2015 14:50,14:50,12,0,0,SHERIDAN BLVD S & YALE AVE W,1,1,1,0,1,3,,,40,0,0,0,0,0,2,2,3
,2015_64446,39.715124,-104.940627,1/26/2015 18:48,18:48,12,0,0,LEETSDALE DR E & COLORADO BLVD S,1,3,1,0,1,1,,,30,0,0,0,0,1,2,2,3
,2015_64456,39.696696,-104.991872,8/27/2015 19:15,19:15,10,0,0,MISSISSISSIPPI AVE W & PLATTE RIVER DR S,1,2,0,0,1,1,,,35,0,0,0,0,1,2,2,3
,2015_64457,39.687549,-104.99194,7/2/2015 7:16,7:16,9,0,1,SANTA FE DR S & IOWA AVE W,2,1,0,1,1,1,,,55,0,0,0,1,3,2,2,1
,2015_64458,39.695597,-104.992335,3/1/2015 4:15,4:15,5,0,0,SANTA FE DR S & PLATTE RIVER DR,1,3,0,0,3,4,,,45,0,0,0,0,0,2,1,5
,2015_64462,39.737782,-105.025279,2/16/2015 17:44,17:44,12,0,0,FEDERAL BLVD 1300 BLK N & 14TH AVE W,11,1,0,2,1,4,,,35,0,0,0,0,0,2,2,5
,2015_64463,39.737399,-105.025326,5/5/2015 16:04,16:04,12,0,0,FEDERAL BLVD & 1300 BLK N,2,1,1,1,1,4,,,35,0,0,0,0,0,2,3,13
,2015_64464,39.706931,-105.025082,8/27/2015 10:38,10:38,10,0,0,FEDERAL BLVD 500 BLK S & VIRGINIA AVE W,1,1,0,0,1,4,,,40,0,0,0,0,0,2,2,13
,2015_64467,39.70041,-105.025085,5/10/2015 3:05,3:05,1,0,0,FEDERAL BLVD S & KENTUCKY AVE W,4,3,0,2,1,1,,,40,0,0,0,0,0,2,2,14
,2015_64468,39.685233,-105.025019,3/2/2015 15:45,15:45,1,0,0,FEDERAL BLVD S & COLORADO AVE W,1,1,1,0,1,2,,,40,0,0,0,0,0,2,2,1
,2015_64469,39.678616,-105.025049,6/25/2015 15:04,15:04,3,0,2,FEDERAL BLVD S & EVANS AVE W,1,1,0,0,1,1,,,35,0,0,0,0,2,2,2,7
,2015_64470,39.660489,-105.025191,7/30/2015 19:26,19:26,12,0,0,FEDERAL BLVD S & DARTMOUTH AVE W,1,1,0,7,1,1,,,35,0,0,0,0,0,2,2,16
,2015_64471,39.677045,-105.025053,10/25/2015 14:45,14:45,12,0,1,FEDERAL BLVD S & WARREN AVE W,1,1,0,0,1,4,,,40,0,0,0,0,2,2,3,13
,2015_64484,39.733137,-105.053226,3/2/2015 7:30,7:30,15,0,0,SHERIDAN BLVD 900 BLK N & 10TH AVE W,1,1,0,0,1,4,,,35,0,0,0,0,0,2,2,14
,2015_64486,39.755007,-105.053244,3/10/2015 8:05,8:05,12,0,0,SHERIDAN BLVD & 2600 BLK S,1,1,1,0,1,4,,,35,0,0,0,0,0,2,2,3
,2015_64488,39.776593,-105.053251,3/18/2015 12:40,12:40,1,0,0,44TH AVE W & SHERIDAN BLVD N,1,1,0,1,1,1,,,25,0,0,0,0,0,2,2,13
,2015_64489,39.778338,-105.053259,4/27/2015 10:15,10:15,12,0,0,COLORADO BLVD N & 45TH AVE E,1,1,0,0,1,3,,,40,0,0,0,0,0,2,2,7
,2015_64490,39.782967,-105.05327,5/22/2015 16:15,16:15,3,0,0,SHERIDAN BLVD N & 49TH AVE W,1,1,0,0,1,1,,,45,0,0,0,0,0,2,3,13
,2015_64537,39.634066,-104.902281,2/17/2015 16:48,16:48,15,0,0,I-225 NB/EB RAMP SPLIT & TAMARAC ST,1,2,0,0,1,8,,,45,0,0,0,0,0,1,2,13
,2015_64538,39.635097,-104.89615,6/30/2015 17:51,17:51,15,0,0,I-225 & 3901 S I-225,1,1,0,0,1,4,,,65,0,0,0,0,1,1,2,13
,2015_64539,39.635523,-104.89346,1/12/2015 18:10,18:10,1,0,1,TAMARAC ST S & I-225,2,3,0,0,1,1,,,30,0,0,0,0,2,1,2,13
,2015_64540,39.635523,-104.89346,2/7/2015 10:31,10:31,8,0,0,I-225 & TAMARAC ST S,1,1,0,0,1,1,,,35,0,0,0,0,0,1,2,13
,2015_64541,39.635523,-104.89346,6/5/2015 16:55,16:55,3,0,0,TAMARAC ST S & I-225 NB RAMPS,1,1,0,0,1,1,,,30,0,0,0,0,0,1,2,13
,2015_64549,39.779661,-104.967133,1/21/2015 17:50,17:50,1,0,0,BRIGHTON BLVD N & I-70 EB RAMPS,5,3,0,2,1,1,,,35,0,0,0,0,0,2,2,13
,2015_64550,39.783704,-104.966692,3/7/2015 2:44,2:44,1,0,0,48TH AVE E & BRIGHTON BLVD N,1,3,0,0,1,1,,,35,0,0,0,0,0,2,2,13
,2015_64561,39.764417,-105.02517,6/5/2015 16:00,16:00,12,0,0,FEDERAL BLVD N & 34TH AVE W,2,1,0,1,1,4,,,35,0,0,0,0,0,2,2,13
,2015_64562,39.783839,-105.025212,7/3/2015 10:15,10:15,3,0,0,FEDERAL BLVD N & I-70 EB RAMPS,1,1,0,0,1,1,,,35,0,0,0,0,0,2,2,13
,2015_64563,39.780247,-105.025224,8/11/2015 11:33,11:33,15,0,0,FEDERAL BLVD N & 46TH AVE W,1,1,0,0,1,1,,,35,0,0,0,0,0,2,2,14
,2015_64723,0,0,8/30/2015 14:15,14:15,5,0,0,43RD AVE & 4621 W,1,1,0,0,2,4,,,25,0,0,0,0,0,4,1,2
,2015_64754,0,0,1/23/2015 21:40,21:40,15,0,0,1ST AVE & 1600 BLK E,1,3,0,0,1,4,,,25,0,0,0,0,0,4,2,13
,2015_64755,0,0,3/14/2015 13:57,13:57,12,0,0,1ST AVE E & ST PAUL ST N,1,1,0,7,1,4,,,30,0,0,0,0,0,4,2,3
,2015_64756,0,0,1/16/2015 17:25,17:25,3,0,0,4TH AVE E & BROADWAY ST N,1,2,0,7,1,1,,,25,0,0,0,0,1,4,2,16
,2015_64757,0,0,1/29/2015 17:02,17:02,15,0,0,4TH AVE 3000 BLK E & MILWAUKEE ST N,1,2,0,0,1,4,,,25,0,0,0,0,0,4,2,13
,2015_64758,0,0,6/18/2015 13:48,13:48,11,0,1,6TH AVE E & EMERSON ST N,1,1,0,0,1,1,,,30,0,1,0,0,2,4,2,13
,2015_64759,0,0,5/21/2015 19:23,19:23,6,0,0,6TH AVE 6400 BLK E & MONACO PKWY S,1,3,1,0,1,4,,,30,0,0,0,0,0,4,2,13
,2015_64760,0,0,5/24/2015 7:32,7:32,3,0,1,6TH AVE W & SANTA FE DR N,1,1,1,7,1,1,,,30,0,0,0,0,2,4,2,16
,2015_64761,0,0,10/11/2015 16:17,16:17,6,0,0,7TH AVE W & PERRY ST N,1,1,0,7,1,2,,,25,0,0,0,0,0,4,3,5
,2015_64762,0,0,11/27/2015 23:47,23:47,3,0,0,6TH AVE E & MONROE ST N,2,3,0,0,1,1,,,25,0,0,0,0,0,4,2,14
,2015_64763,0,0,8/14/2015 18:39,18:39,12,0,0,8TH AVE W & FEDERAL BLVD N,1,1,1,0,1,4,,,30,0,0,0,1,0,4,2,13
,2015_64764,0,0,5/26/2015 12:56,12:56,10,0,0,8TH AVE W & KALAMATH ST N,1,1,1,0,1,1,,,30,0,0,0,0,0,4,2,13
,2015_64765,0,0,3/27/2015 8:00,8:00,6,0,0,10TH AVE & 5900 BLK E,1,1,0,0,1,4,,,25,0,0,0,0,0,4,2,7
,2015_64766,0,0,9/2/2015 8:30,8:30,12,0,0,8TH AVE E & LEYDEN ST N,1,1,0,0,1,1,,,30,0,0,0,0,1,4,2,13
,2015_64767,0,0,6/30/2015 18:14,18:14,3,0,0,12TH AVE E & MARION ST N,1,1,0,7,1,1,,,30,0,0,0,0,0,4,2,16
,2015_64768,0,0,1/15/2015 9:20,9:20,3,0,0,12TH AVE E & PENNSYLVANIA ST N,1,1,0,7,1,1,,,30,0,0,0,0,0,4,2,16
,2015_64770,0,0,3/17/2015 8:30,8:30,3,0,0,13TH AVE & ELATI ST,1,1,0,7,1,1,,,30,0,0,0,0,0,4,2,16
,2015_64771,0,0,6/7/2015 18:09,18:09,3,0,0,13TH AVE E & GARFIELD ST N,2,1,0,2,1,1,,,25,0,0,0,0,0,4,2,3
,2015_64772,0,0,4/13/2015 18:02,18:02,12,0,0,13TH AVE E & VERBENA ST N,1,1,0,7,1,4,,,30,0,0,0,0,0,4,2,16
,2015_64773,0,0,1/14/2015 21:58,21:58,3,0,0,14TH AVE E & BROADWAY ST N,1,3,0,7,1,1,,,35,0,0,0,0,1,4,2,12
,2015_64774,0,0,1/23/2015 8:25,8:25,3,0,0,14TH AVE E & CLARKSON ST N,1,1,0,7,1,1,,,30,0,0,0,0,0,4,2,16
,2015_64775,0,0,1/7/2015 8:35,8:35,3,0,1,16TH AVE E & NEWPORT ST N,5,1,0,2,1,1,,,25,0,0,0,0,2,4,2,7
,2015_64776,0,0,6/21/2015 16:10,16:10,2,0,1,16TH AVE E & OGDEN ST N,1,1,0,0,1,1,,,25,1,0,0,0,3,4,2,13
,2015_64777,0,0,7/11/2015 8:45,8:45,1,0,0,16TH AVE E & PENNSYLVANIA ST N,1,1,0,0,1,1,,,25,0,0,0,0,0,4,2,13
,2015_64778,0,0,6/10/2015 17:17,17:17,15,0,0,17TH AVE & 3800 BLK E,1,1,0,0,1,4,,,30,0,0,0,0,0,4,2,14
,2015_64779,0,0,4/3/2015 13:15,13:15,3,0,0,18TH AVE E & BROADWAY ST N,1,1,0,7,1,1,,,30,0,0,0,0,0,4,2,16
,2015_64780,0,0,12/13/2015 2:00,2:00,6,0,0,18TH AVE & 4100 BLK E,2,3,0,7,1,4,,,25,0,0,0,0,0,4,3,16
,2015_64781,0,0,3/3/2015 11:40,11:40,3,0,0,20TH AVE E & PENNSYLVANIA ST N,6,1,0,2,1,1,,,15,0,0,0,0,1,4,2,16
,2015_64782,0,0,3/9/2015 13:53,13:53,1,0,0,20TH AVE E & PENNSYLVANIA ST N,1,1,1,7,1,1,,,20,0,0,0,0,0,4,2,14
,2015_64783,0,0,5/26/2015 7:25,7:25,3,0,0,23RD AVE E & EMERSON ST N,1,1,0,7,1,1,,,30,0,0,0,0,0,4,2,16
,2015_64784,0,0,1/4/2015 16:48,16:48,6,0,0,23RD AVE 2900 BLK W & FEDERAL BLVD N,2,2,1,2,1,4,,,25,0,0,0,0,0,4,2,1
,2015_64785,0,0,3/20/2015 7:45,7:45,13,0,0,25TH AVE E & DOWNING ST N,1,1,0,0,1,1,,,20,0,0,0,0,1,4,2,13
,2015_64786,0,0,6/9/2015 7:54,7:54,12,0,0,35TH AVE & 3900 BLK E,1,1,0,0,1,2,,,25,0,0,0,0,0,4,2,13
,2015_64787,0,0,8/30/2015 19:46,19:46,6,0,1,35TH AVE E & JASMINE ST N,1,4,0,0,1,4,,,25,0,0,0,0,2,4,3,5
,2015_64788,0,0,5/22/2015 19:45,19:45,3,0,0,35TH AVE E & PONTIAC ST,1,2,0,7,1,1,,,25,0,0,0,0,0,4,2,16
,2015_64789,0,0,9/15/2015 12:30,12:30,5,0,0,45TH AVE & 18800 BLK E,1,1,1,0,3,1,,,25,0,0,0,0,1,4,1,7
,2015_64790,0,0,5/17/2015 20:18,20:18,3,0,0,44TH AVE W & VRAIN ST N,2,3,0,1,1,1,,,20,0,0,0,0,0,4,2,14
,2015_64791,0,0,11/25/2015 1:10,1:10,6,0,0,48TH AVE E & XENIA ST N,1,3,0,7,1,4,,,25,0,0,0,0,0,4,2,16
,2015_64792,0,0,1/9/2015 8:04,8:04,3,0,0,47TH AVE E & N DEARBORN ST,4,1,0,2,1,1,,,25,0,0,0,0,0,4,2,16
,2015_64793,0,0,4/2/2015 18:40,18:40,15,0,0,47TH AVE E & PEORIA ST N,2,3,0,2,1,4,,,45,0,0,0,0,0,4,2,14
,2015_64794,0,0,1/2/2015 8:05,8:05,10,0,0,78TH AVE & 23800 E,6,1,0,0,1,2,,,45,0,0,0,0,0,4,2,13
,2015_64795,0,0,5/4/2015 16:08,16:08,15,0,0,ALAMEDA AVE W & BANNOCK ST S,1,1,0,0,1,4,,,30,0,0,0,0,0,4,2,13
,2015_64796,0,0,2/24/2015 17:54,17:54,3,0,0,ALAMEDA AVE E & CLINTON ST S,1,3,0,0,1,1,,,40,0,0,0,0,0,4,2,3
,2015_64797,0,0,7/23/2015 16:46,16:46,12,0,0,ALAMEDA AVE 200 BLK E & GRANT ST S,1,1,0,7,1,4,,,30,0,0,0,0,0,4,2,3
,2015_64798,0,0,8/10/2015 8:30,8:30,15,0,0,ALAMEDA AVE 800 BLK W & SANTA FE DR S,1,1,0,7,1,4,,,30,0,0,0,0,0,4,2,16
,2015_64799,0,0,11/10/2015 8:10,8:10,3,0,0,ALBROOK DR E & CROWN BLVD N,1,1,0,0,1,1,,,25,0,0,0,0,0,4,2,13
,2015_64800,0,0,6/4/2015 17:27,17:27,6,0,0,BELLAIRE ST 1200 BLK S & LOUISIANA AVE E,1,1,1,7,1,4,,,25,0,0,0,0,0,4,3,2
,2015_64801,0,0,8/14/2015 10:40,10:40,1,0,0,BELLEVIEW AVE E & ULSTER ST S,1,1,0,0,1,1,,,35,0,0,0,0,0,4,2,13
,2015_64802,0,0,5/4/2015 20:25,20:25,15,0,0,BLAKE ST & 19TH ST,2,3,0,1,1,1,,,25,0,0,0,0,0,4,2,8
,2015_64803,0,0,6/12/2015 12:55,12:55,12,0,0,BRIGHTON BLVD 3700 BLK N & 38TH AVE E,2,1,0,0,1,3,,,35,0,0,0,0,0,4,2,8
,2015_64804,0,0,2/24/2015 15:57,15:57,12,0,0,BROADWAY ST S & ARKANSAS AVE E,1,1,0,7,1,1,,,30,0,0,0,0,0,4,2,10
,2015_64805,0,0,11/20/2015 0:01,0:01,5,0,0,BRUCE RANDOLPH AVE E & RACE ST N,1,3,0,0,2,1,,,30,0,0,0,0,0,4,1,5
,2015_64806,0,0,2/21/2015 16:12,16:12,8,0,2,CENTRAL PARK BLVD 3900 BLK N & 40TH AVE E,4,1,0,2,1,2,,,30,0,0,0,0,2,4,2,7
,2015_64807,0,0,4/10/2015 15:25,15:25,3,0,0,CENTRAL PARK BLVD N & MLK BLVD E,1,1,0,7,1,1,,,35,0,0,0,0,0,4,3,3
,2015_64808,0,0,7/31/2015 17:00,17:00,12,0,0,CHAMBERS RD N & 40TH AVE E,1,1,0,7,1,4,,,40,0,0,0,0,0,4,2,16
,2015_64809,0,0,1/7/2015 7:00,7:00,1,0,0,CHAMBERS N & ANDREWS E,4,1,1,2,1,1,,,35,0,0,0,0,0,4,2,13
,2015_64810,0,0,7/22/2015 12:19,12:19,11,0,1,CLINTON ST S & CENTER AVE E,1,1,0,0,1,1,,,,0,1,0,0,2,4,2,13
,2015_64811,0,0,9/27/2015 14:05,14:05,10,0,0,CLEVELAND PL 1500 BLK & 15TH ST,1,1,0,0,1,5,,,25,0,0,0,0,0,4,2,14