id,drcog_id,latitude,longitude,crashtime,time,crashtype,numbkilled,numbinjurd,drcoglocat,rdconditin,lightngcon,roadcntgrd,weatherco,location,roaddescrp,schoolzone,constrzone,splimit,bikeinv,pedinv,sctrinv,motoinv,svrty,rdsystem,ttlvehcls,hcf
,2015_64812,0,0,12/23/2015 4:46,4:46,6,0,0,COOK ST 1600 BLK S & MEXICO AVE E,5,4,0,7,1,4,,,25,0,0,0,0,0,4,3,1
,2015_64813,0,0,6/5/2015 14:30,14:30,6,0,0,DAKOTA AVE E & EMERSON ST S,1,1,0,7,1,5,,,30,0,0,0,0,0,4,2,8
,2015_64814,0,0,1/29/2015 12:17,12:17,6,0,0,DAKOTA AVE 000 BLK E & LINCOLN ST S,1,1,0,7,1,3,,,25,0,0,0,0,0,4,2,16
,2015_64815,0,0,5/26/2015 6:37,6:37,3,0,0,DAYTON WAY 2300 BLK S & ILIFF AVE E,1,1,0,0,1,2,,,25,0,0,0,0,0,4,3,1
,2015_64816,0,0,1/13/2015 17:15,17:15,3,0,0,DECATUR ST S & JEWELL AVE W,2,3,0,2,1,1,,,25,0,0,0,0,0,4,2,16
,2015_64817,0,0,7/28/2015 18:20,18:20,3,0,0,DEPEW ST S & EVANS AVE W,1,1,0,0,1,2,,,20,0,0,0,0,1,4,2,13
,2015_64818,0,0,2/13/2015 8:50,8:50,3,0,0,DEXTER ST N & 8TH AVE E,1,1,0,0,1,1,,,30,0,0,0,0,0,4,2,13
,2015_64819,0,0,2/15/2015 13:20,13:20,15,0,0,7TH AVE E & LINCOLN ST N,1,1,0,7,1,1,,,35,0,0,0,0,0,4,2,16
,2015_64820,0,0,8/10/2015 13:36,13:36,6,0,0,ELLSWORTH AVE W & BROADWAY ST,1,1,1,0,1,1,,,25,0,0,0,0,0,4,2,3
,2015_64821,0,0,5/2/2015 0:50,0:50,6,0,0,EMERSON ST 1500 N & COLFAX AVE E,1,3,0,0,1,4,,,25,0,0,0,0,0,4,2,13
,2015_64822,0,0,12/23/2015 17:30,17:30,15,0,0,EVANS AVE 6400 BLK E & MONACO ST S,1,2,0,0,1,4,,,35,0,0,0,0,0,4,2,13
,2015_64823,0,0,1/15/2015 12:17,12:17,3,0,0,EVANS AVE 7000 BLK E & QUEBEC ST S,1,1,0,0,1,2,,,10,0,0,0,0,0,4,2,3
,2015_64824,0,0,2/27/2015 16:45,16:45,12,0,0,EVANS AVE E & SHERMAN ST S,5,1,1,2,1,4,,,30,0,0,0,0,0,4,2,16
,2015_64825,0,0,4/4/2015 23:00,23:00,5,0,0,EXPOSTION AVE 5600 BLK E & HOLLY ST S,1,5,0,0,3,1,,,30,0,0,0,0,0,4,1,13
,2015_64826,0,0,7/8/2015 18:37,18:37,3,0,0,FRANKLIN ST 1700 BLK N & 18TH AVE E,2,1,0,1,1,2,,,,0,0,0,0,0,4,2,13
,2015_64827,0,0,1/3/2015 18:07,18:07,3,0,1,GATEWAY AVE E & ENID WAY N,4,3,1,2,1,1,,,25,0,0,0,0,2,4,2,13
,2015_64828,0,0,2/11/2015 16:30,16:30,6,0,0,GILL PL W & KNOX CT S,1,1,0,7,1,3,,,25,0,0,0,0,0,4,2,3
,2015_64829,0,0,6/19/2015 20:16,20:16,15,0,0,GLENARM PL 1700 BLK & 18TH ST,1,1,0,0,1,4,,,25,0,0,0,0,0,4,2,14
,2015_64830,0,0,3/21/2015 19:26,19:26,3,0,0,GRANT RANCH BLVD W & CRESTLINE AVE W,1,3,0,0,1,1,,,20,0,0,0,0,0,4,2,7
,2015_64831,0,0,6/14/2015 15:25,15:25,1,0,0,GVR BLVD E & PENA BLVD,1,1,0,7,1,1,,,40,0,0,0,0,1,4,2,16
,2015_64832,0,0,4/4/2015 18:00,18:00,6,0,0,HAZEL CT S & ALAM EDA AVE W,1,1,0,7,1,5,,,25,0,0,0,0,0,4,2,1
,2015_64833,0,0,1/2/2015 10:28,10:28,10,0,0,HIGH ST N & 18TH AVE E,2,1,1,0,1,1,,,30,0,0,0,0,0,4,2,13
,2015_64834,0,0,6/9/2015 13:50,13:50,2,0,0,HOLLY ST S & YALE AVE E,1,1,0,0,1,1,,,30,1,0,0,0,1,4,2,13
,2015_64835,0,0,9/9/2015 10:27,10:27,6,0,0,HIGHLINE PL E & 4701,1,1,0,7,1,4,,,25,0,0,0,0,0,4,2,14
,2015_64836,0,0,3/18/2015 19:35,19:35,1,0,0,ILIFF AVE E & DAYTON WAY S,1,3,0,7,1,1,,,35,0,0,0,0,0,4,2,16
,2015_64837,0,0,3/30/2015 2:00,2:00,6,0,0,INCA ST 1000 BLK N & 11TH AVE W,1,3,0,7,1,4,,,25,0,0,0,0,0,4,2,16
,2015_64838,0,0,3/6/2015 18:20,18:20,1,0,0,IOWA AVE & BROADWAY ST S,1,3,0,7,1,1,,,35,0,0,0,0,0,4,2,16
,2015_64839,0,0,7/12/2015 19:01,19:01,6,0,0,IRVING ST 3700 BLK N & 38TH AVE W,1,1,0,7,1,4,,,35,0,0,0,0,0,4,2,16
,2015_64840,0,0,8/5/2015 8:05,8:05,15,0,0,JOSEPHINE ST 200 BLK N & 3RD AVE E,1,1,0,7,1,4,,,30,0,0,0,0,0,4,2,16
,2015_64841,0,0,8/9/2015 11:23,11:23,6,0,0,JOSEPHINE ST 400 BLK N & 5TH AVE E,1,1,1,7,1,4,,,30,0,0,0,0,0,4,2,12
,2015_64842,0,0,3/22/2015 0:41,0:41,6,0,1,KENTON ST 3100 BLK S & DARTMOUTH AVE E,1,3,0,7,1,4,,,15,0,0,0,0,2,4,2,5
,2015_64843,0,0,7/30/2015 1:50,1:50,5,0,1,KENTUCKY AVE & 5100 BLK W,1,3,0,7,3,4,,,30,0,0,0,0,3,4,1,5
,2015_64844,0,0,9/18/2015 15:02,15:02,12,0,0,JEWELL AVE W & XAVIER ST S,1,1,0,0,1,1,,,35,0,0,0,0,1,4,2,1
,2015_64845,0,0,2/24/2015 8:16,8:16,1,0,3,KENTUCKY & UTICA,5,1,0,2,1,1,,,35,0,0,0,0,3,4,4,16
,2015_64846,0,0,2/23/2015 17:28,17:28,3,0,0,KENYON AVE E & BEELER ST S,4,2,0,0,1,1,,,25,0,0,0,0,0,4,2,13
,2015_64847,0,0,2/1/2015 21:35,21:35,12,0,0,LARIMER ST & SPEER BLVD N,2,3,0,7,1,1,,,25,0,0,0,0,0,4,2,3
,2015_64848,0,0,1/10/2015 20:26,20:26,15,0,0,LINCOLN ST S & ALAMEDA AVE E,1,3,0,7,1,1,,,30,0,0,0,0,0,4,2,16
,2015_64849,0,0,6/9/2015 6:40,6:40,12,0,1,LINCOLN ST S & BAYAUD AVE E,1,1,0,7,1,1,,,30,0,0,0,1,2,4,2,16
,2015_64850,0,0,1/16/2015 16:08,16:08,12,0,0,LINCOLN ST S & DAKOTA AVE E,1,1,0,7,1,4,,,30,0,0,0,0,0,4,2,3
,2015_64851,0,0,2/28/2015 9:20,9:20,3,0,0,LOUISIANA AVE W & TENNYSON ST S,5,1,0,7,1,1,,,25,0,0,0,0,0,4,2,14
,2015_64852,0,0,3/14/2015 11:02,11:02,15,0,0,LOWRY BLVD E & RAMPART WAY N,1,1,0,0,1,6,,,25,0,0,0,0,0,4,2,13
,2015_64853,0,0,8/10/2015 18:57,18:57,3,0,0,MARION ST N & PARK AVE,1,1,0,7,1,1,,,25,0,0,0,0,0,4,2,16
,2015_64854,0,0,1/24/2015 13:03,13:03,9,0,0,MCFARLAND DR & 4200,1,1,0,0,1,4,,,25,0,0,0,0,1,4,1,13
,2015_64855,0,0,5/4/2015 8:20,8:20,15,0,0,MLK BLVD E & CENTRAL PARK BLVD N,1,1,0,7,1,4,,,35,0,0,0,0,0,4,2,1
,2015_64856,0,0,5/23/2015 21:55,21:55,3,0,2,MLK BLVD E & QUEBEC ST N,2,3,0,1,1,1,,,30,0,0,0,0,2,4,2,16
,2015_64857,0,0,7/10/2015 6:40,6:40,3,0,0,MLK BLVD E & QUEBEC ST N,1,1,0,7,1,1,,,35,0,0,0,0,1,4,2,14
,2015_64858,0,0,2/6/2015 18:49,18:49,1,0,0,MLK JR BLVD 6500 BLK E & MONACO ST N,1,3,0,7,1,1,,,30,0,0,0,0,0,4,2,16
,2015_64859,0,0,12/25/2015 13:12,13:12,5,0,0,MLK BLVD E & GLENCOE ST N,6,1,0,2,2,3,,,35,0,0,0,0,0,4,1,13
,2015_64860,0,0,7/9/2015 7:30,7:30,6,0,0,ONEIDA CT N & 285,1,1,0,0,1,4,,,25,0,0,0,1,0,4,2,13
,2015_64861,0,0,3/26/2015 7:35,7:35,13,0,0,MONTVIEW BLVD & OLIVE ST,1,1,0,0,1,4,,,20,0,0,0,0,1,4,2,13
,2015_64862,0,0,3/19/2015 6:55,6:55,3,0,0,MONTVIEW BLVD & SYRACUSE ST N,2,1,0,1,1,1,,,20,0,0,0,0,0,4,2,7
,2015_64863,0,0,3/11/2015 7:54,7:54,3,0,0,MORRISON RD & LOWELL BLVD S,1,1,0,7,1,1,,,30,0,0,0,0,0,4,2,16
,2015_64864,0,0,7/3/2015 7:03,7:03,15,0,0,52ND AVE & 5200 BLK,1,1,0,0,1,1,,,30,0,0,0,0,0,4,2,13
,2015_64865,0,0,3/5/2015 21:39,21:39,5,0,0,NIAGARA ST S & CHENANGO AVE E,1,3,1,0,3,4,,,25,0,0,0,0,0,4,1,13
,2015_64866,0,0,4/3/2015 14:57,14:57,3,0,0,OSAGE ST S & KENTUCKY AVE W,1,1,0,7,1,1,,,25,0,0,0,0,0,4,2,16
,2015_64867,0,0,6/24/2015 16:55,16:55,12,0,0,PARK AVE W & 3400 BLK,2,1,1,1,1,4,,,35,0,0,0,0,1,4,3,13
,2015_64868,0,0,4/25/2015 23:10,23:10,12,0,0,PARK AVE W & 17TH AVE E,1,3,0,7,1,4,,,30,0,0,0,0,0,4,2,7
,2015_64869,0,0,8/10/2015 9:45,9:45,6,0,0,PENA BLVD 8400 BLK & DOOR 600,1,1,0,7,1,4,,,15,0,0,0,0,0,4,2,12
,2015_64870,0,0,9/28/2015 6:15,6:15,11,0,2,PENA BLVD & 8400 PENA BLVD,1,2,0,0,1,4,,,15,0,1,0,0,3,4,3,7
,2015_64871,0,0,5/21/2015 11:00,11:00,12,0,0,PEORIA ST 4400 BLK N & 45TH AVE E,1,1,0,7,1,4,,,40,0,0,0,0,0,4,2,16
,2015_64872,0,0,6/27/2015 0:25,0:25,5,0,0,PEORIA ST N & 48TH AVE E,1,3,0,0,3,1,,,35,0,0,0,0,0,4,1,5
,2015_64873,0,0,2/10/2015 15:45,15:45,14,0,0,PERRY ST & 4500 BLK N,1,1,1,0,1,4,,,25,0,0,0,0,0,4,2,13
,2015_64874,0,0,4/8/2015 18:25,18:25,3,0,0,PRINCETON AVE E & ONEIDA ST S,1,1,0,0,1,1,,,30,0,0,0,0,0,4,2,3
,2015_64875,0,0,8/6/2015 18:04,18:04,12,0,0,QUEBEC ST 1800 BLK N & 19TH AVE E,1,1,0,7,1,3,,,30,0,0,0,0,0,4,2,1
,2015_64876,0,0,4/9/2015 17:45,17:45,3,0,0,QUEBEC ST S & CEDAR PL E,1,1,0,7,1,1,,,25,0,0,0,0,0,4,2,3
,2015_64878,0,0,1/28/2015 16:02,16:02,3,0,0,RANDOLPH PL E & LAREDO ST N,1,1,1,7,1,1,,,25,0,0,0,0,0,4,2,8
,2015_64879,0,0,2/27/2015 15:39,15:39,12,0,0,53RD AVE E & CHAMBERS RD N,2,1,0,7,1,3,,,30,0,0,0,0,0,4,2,7
,2015_64880,0,0,6/4/2015 15:23,15:23,15,0,0,17TH ST 400 BLK & GLENARM PL,1,1,0,7,1,3,,,35,0,0,0,0,0,4,2,7
,2015_64881,0,0,1/9/2015 8:25,8:25,11,0,0,18TH ST & CALIFORNIA ST,5,1,0,0,1,1,,,25,0,1,0,0,1,4,2,13
,2015_64882,0,0,6/18/2015 18:40,18:40,12,0,0,20TH ST & BLAKE STREET,1,1,0,7,1,1,,,30,0,0,0,0,1,4,3,16
,2015_64883,0,0,4/5/2015 1:57,1:57,11,0,2,20TH ST & MARKET ST,1,3,0,0,1,1,,,30,0,1,0,0,3,4,3,5
,2015_64884,0,0,2/1/2015 1:35,1:35,12,0,0,21ST ST & ARAPAHOE ST,4,3,0,2,1,1,,,25,0,0,0,0,0,4,2,7
,2015_64885,0,0,7/2/2015 9:05,9:05,10,0,0,22ND ST & BROADWAY ST N,1,1,0,0,1,1,,,30,0,0,0,0,0,4,2,13
,2015_64886,0,0,4/11/2015 14:15,14:15,12,0,0,SALIDA ST N & 40TH ST E,1,1,0,7,1,1,,,40,0,0,0,0,0,4,2,1
,2015_64887,0,0,6/18/2015 12:58,12:58,10,0,0,SANTA FE DR S & CEDAR AVE W,1,1,0,0,1,1,,,35,0,0,0,0,0,4,2,7
,2015_64888,0,0,11/13/2015 8:35,8:35,12,0,0,SANTE FE DR 700 BLK N & 7TH AVE W,1,1,0,0,1,4,,,30,0,0,0,0,0,4,2,1
,2015_64889,0,0,2/18/2015 2:18,2:18,12,0,0,SPEER BLVD 1100 BLK E & CORONA ST N,1,1,0,0,1,3,,,30,0,0,0,0,0,4,2,13
,2015_64890,0,0,1/2/2015 16:14,16:14,15,0,0,SPEER BLVD E & DOWNING ST N,2,1,1,0,1,4,,,30,0,0,0,0,0,4,2,13
,2015_64891,0,0,3/19/2015 12:34,12:34,12,0,0,SPEER BLVD & DOWNING ST,1,1,0,7,1,1,,,35,0,0,0,0,0,4,2,16
,2015_64892,0,0,2/27/2015 20:06,20:06,3,0,1,STEELE ST N & ELLSWORTH AVE E,4,3,0,7,1,1,,,30,0,0,0,0,2,4,2,3
,2015_64893,0,0,5/30/2015 1:30,1:30,6,0,0,STOUT ST & 2800 BLK,1,3,0,0,1,4,,,30,0,0,0,0,0,4,3,13
,2015_64894,0,0,5/8/2015 10:50,10:50,15,0,0,TOWER RD & 4900 BLK N,2,1,0,1,1,4,,,40,0,0,0,0,0,4,2,13
,2015_64895,0,0,8/21/2015 17:00,17:00,15,0,0,YORK ST & 500 BLK N,1,1,1,0,1,4,,,30,0,0,0,0,0,4,2,3
,2015_64896,0,0,5/21/2015 7:15,7:15,15,0,0,ULSTER ST 5000 BLK S & BELLEVIEW AVE E,1,1,1,7,1,4,,,35,0,0,0,0,0,4,2,16
,2015_64897,0,0,8/29/2015 21:46,21:46,15,0,0,UNIVERSITY BLVD N & 1ST AVE E,1,3,0,7,1,3,,,30,0,0,0,0,0,4,2,7
,2015_64898,0,0,8/5/2015 9:45,9:45,12,0,0,UNIVERSITY BLVD 1100 BLK S & MISSISSIPPI AVE E,1,1,0,7,1,3,,,30,0,0,0,0,0,4,2,16
,2015_64899,0,0,3/12/2015 13:50,13:50,15,0,0,UNIVERSITY BLVD 1000 BLK S & TENNESSEE AVE E,1,1,0,7,1,4,,,30,0,0,0,0,0,4,2,16
,2015_64900,0,0,8/26/2015 13:00,13:00,6,0,0,VERBENA ST N & RICHTHOFEN PL E,1,1,0,0,1,3,,,25,0,0,0,0,0,4,2,1
,2015_64901,0,0,3/4/2015 17:24,17:24,3,0,0,WARREN AVE E & DOWNING ST S,1,2,0,7,1,1,,,25,0,0,0,0,0,4,2,3
,2015_64902,0,0,2/14/2015 15:53,15:53,12,0,0,YORK ST 700 BLK N & 7TH AVE E,1,1,1,7,1,1,,,30,0,0,0,0,0,4,2,16
,2015_64903,0,0,6/13/2015 13:06,13:06,12,0,1,YORK ST N & 38TH AVE E,1,1,0,7,1,1,,,30,0,0,0,0,2,4,3,16
,2015_64904,0,0,3/17/2015 17:49,17:49,12,0,0,YOSEMITE ST S & TUFTS AVE E,1,1,1,7,1,4,,,35,0,0,0,0,1,4,2,7
,2015_65016,39.679502,-104.940636,12/23/2015 15:25,15:25,15,0,0,COLORADO BLVD 2000 BLK S & BUCHTEL BLVD E,1,1,0,0,1,4,,,35,0,0,0,0,0,2,2,3
,2015_65018,39.689321,-104.940549,7/4/2015 12:42,12:42,12,0,0,COLORADO BLVD S & FLORIDA AVE E,1,1,0,0,1,4,,,30,0,0,0,0,0,2,2,13
,2015_65019,39.691076,-104.94055,6/1/2015 10:56,10:56,1,0,0,COLORADO BLVD S & ARKANSAS AVE E,1,1,1,0,1,1,,,35,0,0,0,0,1,2,2,13
,2015_65020,39.699112,-104.940641,1/21/2015 11:04,11:04,12,0,0,COLORADO BLVD 3000 BLK S & DARTMOUTH AVE E,4,1,0,2,1,3,,,40,0,0,0,0,0,2,2,1
,2015_65021,39.73964,-104.940613,6/14/2015 20:44,20:44,15,0,0,COLORADO BLVD N & COLFAX AVE E,1,1,0,0,1,1,,,35,0,0,0,0,1,2,2,13
,2015_65022,39.740086,-104.940612,7/3/2015 7:50,7:50,15,0,0,COLFAX AVE & COLORADO BLVD,1,1,0,0,1,1,,,30,0,0,0,0,0,2,2,13
,2015_65023,39.74099,-104.940611,3/5/2015 18:32,18:32,12,0,0,COLORADO BLVD 1500 BLK N & 16TH AVE E,1,3,0,0,1,3,,,30,0,0,0,0,0,2,2,13
,2015_65024,39.741933,-104.94061,3/30/2015 10:20,10:20,12,0,0,COLORADO BLVD & 16TH AVE E,1,1,0,0,1,4,,,35,0,0,0,0,0,2,3,13
,2015_65025,39.761736,-104.940512,4/7/2015 13:08,13:08,12,0,0,COLORADO BLVD N & MARTIN LUTHER KING JR BLVD,1,1,0,0,1,3,,,35,0,0,0,0,0,2,2,13
,2015_65035,39.725655,-105.053326,1/1/2015 8:58,8:58,15,0,0,6TH AVE W & SHERIDAN BLVD N,2,1,1,0,1,4,,,55,0,0,0,0,0,2,2,14
,2015_65065,39.623866,-104.901444,6/19/2015 14:53,14:53,15,0,0,I-25 & BELLEVIEW AVE E,1,1,0,0,1,4,,,65,0,0,0,0,0,1,2,14
,2015_65066,39.632191,-104.90594,9/24/2015 15:40,15:40,12,0,0,I-25 & MM 200,1,1,0,0,1,4,,,55,0,0,0,0,0,1,2,13
,2015_65068,39.639264,-104.910285,1/15/2015 17:27,17:27,15,0,0,I-25 & QUINCY AVE E / 225 EXIT,1,3,0,0,1,4,,,65,0,0,0,0,0,1,2,13
,2015_65069,39.632191,-104.90594,2/11/2015 22:50,22:50,12,0,1,I-25 & MM 200,1,3,0,0,1,4,,,65,0,0,0,0,2,1,2,7
,2015_65070,39.678363,-104.933558,3/10/2015 13:10,13:10,10,0,0,EVANS AVE E & I-25 NB RAMPS,1,1,0,0,1,1,,,35,0,0,0,0,1,1,2,3
,2015_65071,39.678363,-104.933558,6/15/2015 7:49,7:49,12,0,0,EVANS AVE E & I-25 NB RAMPS,1,1,0,0,1,3,,,30,0,0,0,0,0,1,2,1
,2015_65072,39.68492,-104.959513,9/18/2015 16:29,16:29,12,0,0,I-25 & UNIVERSITY BLVD S,1,1,0,0,1,4,,,60,0,0,0,0,1,1,2,1
,2015_65073,39.694462,-104.979284,7/30/2015 15:49,15:49,12,0,0,I-25 & WASHINGTON ST S,1,1,0,0,1,4,,,55,0,0,0,0,0,1,3,13
,2015_65074,39.701251,-104.987199,1/5/2015 17:15,17:15,12,0,0,I-25 & BROADWAY S,2,1,0,0,1,4,,,60,0,0,0,0,0,1,2,13
,2015_65076,39.711721,-104.999203,11/7/2015 10:40,10:40,15,0,0,I-25 & ALAMEDA AVE W,1,1,0,0,1,4,,,55,0,0,0,1,0,1,2,16
,2015_65077,39.71479,-105.001101,7/1/2015 13:56,13:56,15,0,0,I-25 & CEDAR AVE W NB RAMP GORE PT (NOT IN CORI,1,1,0,0,1,4,,,55,0,0,0,0,0,1,2,13
,2015_65078,39.714922,-105.001188,1/22/2015 13:26,13:26,12,0,0,I-25 & BAYAUD AVE W,1,1,0,0,1,4,,,55,0,0,0,0,0,1,4,3
,2015_65079,39.722818,-105.010391,2/13/2015 13:00,13:00,12,0,0,I-25 & MM 209,1,1,1,0,1,4,,,55,0,0,0,0,1,1,3,14
,2015_65080,39.729334,-105.014821,4/11/2015 14:43,14:43,15,0,0,I-25 & 8TH AVE W,1,1,0,0,1,4,,,55,0,0,0,0,0,1,2,13
,2015_65081,39.729334,-105.014821,7/17/2015 12:27,12:27,12,0,0,I-25 & 8TH AVE W,1,1,1,0,1,4,,,55,0,0,0,0,0,1,2,13
,2015_65082,39.738384,-105.013839,2/11/2015 17:26,17:26,12,0,0,I-25 & COLFAX AVE W,1,2,1,0,1,4,,,55,0,0,0,0,0,1,3,14
,2015_65083,39.740095,-105.013916,6/30/2015 12:01,12:01,12,0,0,I-25 NB OFF SLIP RAMP & COLFAX AVE W,1,1,0,0,1,8,,,45,0,0,0,0,0,1,2,3
,2015_65084,39.750103,-105.017087,12/17/2015 18:12,18:12,12,0,0,I-25 & 23RD AVE W,1,3,0,0,1,4,,,55,0,0,0,0,0,1,3,13
,2015_65085,39.755141,-105.012706,1/13/2015 15:36,15:36,15,0,0,SPEER BLVD NB & I-25,2,1,1,1,1,1,,,35,0,0,0,0,0,1,2,13
,2015_65086,39.760997,-105.004275,3/16/2015 6:23,6:23,15,0,0,I-25 & 20TH ST,1,3,1,0,1,4,,,55,0,0,0,0,0,1,2,13
,2015_65087,39.763205,-105.002007,1/11/2015 23:25,23:25,5,0,0,I-25 & 20TH AVE SB OFF RAMP GORE PT,1,3,0,0,2,4,,,,0,0,0,0,0,1,1,5
,2015_65088,39.763753,-105.00161,7/11/2015 17:30,17:30,15,0,0,I-25 & 20TH ST SB RAMP ENT PT,1,1,2,0,1,4,,,45,0,0,0,0,0,1,2,13
,2015_65089,39.768039,-104.994788,6/8/2015 6:46,6:46,12,0,0,I-25 & FOX ST N,1,1,0,0,1,4,,,55,0,0,0,0,1,1,3,8
,2015_65107,39.653108,-104.905751,4/11/2015 17:50,17:50,1,0,0,HAMPDEN AVE 7100 BLK E & POPLAR ST S,1,1,1,0,1,2,,,35,0,0,0,0,0,2,2,14
,2015_65108,39.653098,-104.901777,8/30/2015 17:25,17:25,1,0,1,HAMPDEN AVE 7700 BLK E & TAMARAC DR S,1,1,0,0,1,2,,,45,0,0,0,0,2,2,3,14
,2015_65109,39.653054,-104.884764,12/7/2015 16:58,16:58,3,0,0,HAMPDEN AVE 8900 BLK E & YOSEMITE ST S,1,2,0,0,1,3,,,35,0,0,0,0,1,2,2,13
,2015_65110,39.65302,-104.873523,4/28/2015 8:25,8:25,12,0,0,HAMPDEN AVE & 9900 BLK E,1,1,0,0,1,4,,,45,0,0,0,0,0,2,3,13
,2015_65111,39.6604,-104.866292,4/21/2015 14:54,14:54,12,0,0,HAVANA ST 3000 BLK S & DARTMOUTH AVE E,1,1,0,0,1,3,,,40,0,0,0,0,1,2,3,13
,2015_65122,39.778312,-104.903406,4/21/2015 18:27,18:27,15,0,0,QUEBEC ST N & I-70,1,1,0,0,1,4,,,40,0,0,0,0,0,2,2,14
,2015_65123,39.782162,-104.901459,3/2/2015 8:50,8:50,12,0,0,QUEBEC ST N & SAND CREEK DR E,1,1,1,0,1,3,,,40,0,0,0,0,0,2,2,13
,2015_65149,39.740375,-105.017202,4/20/2015 7:10,7:10,12,0,0,COLFAX AVE W & I-25 SB ON RAMP,1,1,0,0,1,4,,,35,0,0,0,0,0,2,2,14
,2015_65150,39.740035,-104.998869,11/24/2015 5:00,5:00,15,0,0,COLFAX AVE W & SPEER BLVD,1,1,0,0,1,1,,,35,0,0,0,0,0,2,2,16
,2015_65151,39.740053,-104.984901,1/4/2015 14:08,14:08,10,0,0,COLFAX AV (200 BLK) & SHERMAN ST N,2,1,1,2,1,1,,,35,0,0,0,0,0,2,2,14
,2015_65152,39.739998,-104.978671,6/20/2015 23:14,23:14,12,0,0,COLFAX AVE E & WASHINGTON ST N,1,3,0,0,1,1,,,35,0,0,0,0,0,2,2,13
,2015_65153,39.74,-104.977603,3/29/2015 6:20,6:20,3,0,0,COLFAX AVE E & CLARKSON ST N,1,3,0,0,1,1,,,30,0,0,0,0,0,2,2,13
,2015_65154,39.740151,-104.950674,9/19/2015 13:22,13:22,11,0,0,COLFAX AVE E & ST PAUL ST N (RD S),1,1,0,0,1,4,,,30,0,1,0,0,1,2,3,13
,2015_65155,39.740079,-104.912395,4/3/2015 14:34,14:34,12,0,0,COLFAX AVE 6500 BLK E & MONACO PKWY N,1,1,0,0,1,3,,,30,0,0,0,0,0,2,2,13
,2015_65187,39.783616,-105.053039,8/11/2015 8:04,8:04,12,0,0,I-70 WB OFF SLIP RAMP & SHERIDAN BLVD,1,1,0,0,1,8,,,45,0,0,0,0,0,1,2,3
,2015_65188,39.783138,-105.006328,1/20/2015 8:38,8:38,12,0,0,I-70 EB & PECOS ST N,1,1,0,0,1,4,,,55,0,0,0,0,0,1,2,13
,2015_65189,39.783138,-105.006328,3/19/2015 6:46,6:46,12,0,0,I-70 & PECOS ST N,2,1,0,1,1,4,,,55,0,0,0,0,0,1,2,14
,2015_65190,39.782547,-104.998959,3/17/2015 6:38,6:38,12,0,0,I-70 & JASON ST N (NOT IN CORIS),1,2,0,0,1,4,,,55,0,0,0,0,0,1,2,3
,2015_65191,39.779895,-104.967089,10/29/2015 11:45,11:45,12,0,0,I-70 & BRIGHTON BLVD N,1,1,0,0,1,4,,,55,0,0,0,0,0,1,2,16
,2015_65192,39.779435,-104.979009,7/2/2015 15:47,15:47,12,0,0,I-70 & WASHINGTON ST N,1,1,0,0,1,4,,,55,0,0,0,0,0,1,2,13
,2015_65193,39.779997,-104.949807,4/30/2015 8:31,8:31,12,0,0,I-70 & STEELE ST N,1,1,0,0,1,4,,,55,0,0,0,0,1,1,2,13
,2015_65194,39.779944,-104.940633,6/17/2015 15:59,15:59,12,0,0,I-70 & COLORADO BLVD N,1,1,0,0,1,4,,,55,0,0,0,0,0,1,2,3
,2015_65195,39.779944,-104.940633,6/26/2015 11:04,11:04,15,0,0,I-70 & COLORADO BLVD N,1,1,0,0,1,4,,,55,0,0,0,0,0,1,2,8
,2015_65196,39.777095,-104.882471,10/1/2015 2:00,2:00,15,0,0,I-70 & CENTRAL PARK BLVD N,1,3,0,0,1,4,,,55,0,0,0,0,0,1,2,13
,2015_65197,39.777095,-104.882471,6/12/2015 14:25,14:25,12,0,0,I-70 & CENTRAL PARK BLVD N,1,1,0,0,1,4,,,55,0,0,0,0,0,1,2,13
,2015_65198,39.775912,-104.869109,2/17/2015 14:19,14:19,12,0,0,I-70 & HAVANA ST N,1,1,0,0,1,4,,,65,0,0,0,0,0,1,2,13
,2015_65199,39.775684,-104.866483,5/8/2015 10:56,10:56,12,0,0,I-70 & HAVANA ST N,2,1,1,1,1,4,,,55,0,0,0,0,0,1,3,13
,2015_65200,39.774005,-104.847034,7/2/2015 17:30,17:30,12,0,0,I-70 & PEORIA ST N,1,1,0,0,1,4,,,55,0,0,0,0,0,1,2,13
,2015_65201,39.774005,-104.847034,7/3/2015 8:56,8:56,9,0,0,I-70 & PEORIA ST N,1,1,0,0,2,4,,,55,0,0,0,0,0,1,3,13
,2015_65202,39.773624,-104.842528,10/12/2015 19:45,19:45,12,0,0,I-70 & PEORIA ST N,1,3,0,0,1,4,,,55,0,0,0,0,0,1,2,13
,2015_65203,39.774005,-104.847034,5/29/2015 18:00,18:00,12,0,0,I-70 EB RAMPS & PEORIA ST N,1,2,0,0,1,1,,,40,0,0,0,0,0,1,2,13
,2015_65231,39.672645,-104.868137,1/10/2015 16:36,16:36,3,0,0,PARKER RD S & HARVARD AVE E,1,2,1,0,1,1,,,25,0,0,0,0,1,2,2,14
,2015_65233,39.707828,-104.925172,7/16/2015 10:00,10:00,12,0,0,LEETSDALE DR 5300 BLK & FOREST ST S,1,1,0,0,1,4,,,35,0,0,0,0,0,2,2,1
,2015_65234,39.707893,-104.925527,3/25/2015 14:05,14:05,15,0,0,LEETSDALE DR 5300 BLOCK & FOREST ST S,2,1,0,0,1,4,,,35,0,0,0,0,0,2,2,13