id,drcog_id,latitude,longitude,crashtime,time,crashtype,numbkilled,numbinjurd,drcoglocat,rdconditin,lightngcon,roadcntgrd,weatherco,location,roaddescrp,schoolzone,constrzone,splimit,bikeinv,pedinv,sctrinv,motoinv,svrty,rdsystem,ttlvehcls,hcf
,2015_65248,39.689371,-104.992053,6/8/2015 10:45,10:45,12,0,0,SANTA FE DR 1400 BLK S & FLORIDA AVE W,1,1,0,0,1,4,,,45,0,0,0,0,0,2,2,7
,2015_65253,39.70041,-105.025085,12/23/2015 10:25,10:25,11,0,0,KENTUCKY AVE W & FEDERAL BLVD S,1,1,0,0,1,1,,,25,0,1,0,0,1,2,2,13
,2015_65254,39.70779,-105.02508,3/6/2015 16:00,16:00,12,0,0,FEDERAL BLVD S & VIRGINIA AVE W,1,1,0,0,1,3,,,35,0,0,0,0,0,2,2,1
,2015_65255,39.685944,-105.025024,1/1/2015 0:13,0:13,6,0,0,FEDERAL BLVD 1750 S & MEXICO AVE W,4,4,1,0,1,3,,,,0,0,0,0,0,2,2,13
,2015_65256,39.676902,-105.025053,12/18/2015 16:50,16:50,15,0,0,FEDERAL BLVD S & WARREN AVE S,6,1,0,0,1,4,,,35,0,0,0,0,0,2,3,13
,2015_65270,39.679174,-105.053262,4/10/2015 11:55,11:55,1,0,0,SHERIDAN BLVD S & EVANS AVE W,1,1,0,0,1,1,,,40,0,0,0,0,0,2,2,7
,2015_65271,39.679174,-105.053262,4/10/2015 14:05,14:05,12,0,0,SHERIDAN BLVD S & EVANS AVE W,1,1,0,0,1,1,,,40,0,0,0,0,1,2,2,1
,2015_65273,39.72943,-105.053227,4/12/2015 6:09,6:09,5,0,0,SHERIDAN BLVD 700 BLK N & 8TH AVE W,1,1,1,0,3,4,,,35,0,0,0,0,0,2,1,13
,2015_65287,39.624544,-105.091026,7/29/2015 16:26,16:26,15,0,0,WADSWORTH BLVD S & W BELLEVIEW AVE,1,1,0,0,1,4,,,45,0,0,0,0,0,2,2,13
,2015_65292,39.665459,-105.081443,6/24/2015 16:30,16:30,12,0,0,WADSWORTH BLVD S & AMHERST AVE W,2,1,0,1,1,4,,,45,0,0,0,0,0,2,2,3
,2015_65325,39.639275,-104.885096,4/18/2015 14:11,14:11,15,0,0,I-225 & YOSEMITE ST S,1,1,0,0,1,4,,,55,0,0,0,0,0,1,4,13
,2015_65326,39.641189,-104.881241,2/27/2015 10:50,10:50,12,0,0,I-225 & YOSEMITE ST S,4,1,0,0,1,4,,,55,0,0,0,0,0,1,2,12
,2015_65334,39.791611,-104.959285,7/16/2015 17:50,17:50,12,0,0,YORK ST N & BRIGHTON BLVD N,1,1,0,0,1,3,,,40,0,0,0,0,0,2,2,13
,2015_65340,39.653741,-105.044494,1/27/2015 11:26,11:26,15,0,0,HAMPDEN AVE W & SHERIDAN BLVD S,1,1,0,0,1,4,,,55,0,0,0,0,0,2,2,13
,2015_65341,39.65261,-105.031544,5/10/2015 20:34,20:34,5,0,0,HAMPDEN AVE W & 3400 BLK N,1,3,0,0,3,4,,,55,0,0,0,0,0,2,1,8
,2015_65343,39.765544,-105.025174,6/23/2015 20:45,20:45,15,0,0,FEDERAL BLVD & 3500 BLK S,1,1,1,0,1,3,,,40,0,0,0,0,0,2,2,8
,2015_65344,39.760318,-105.025143,1/4/2015 8:45,8:45,12,0,0,FEDERAL BLVD N & SPEER BLVD,5,1,1,2,1,3,,,35,0,0,0,0,0,2,2,14
,2015_65347,40.195932,-105.102421,5/4/2015 13:18,13:18,5,0,0,FEDERAL BLVD 2100 BLK N & 21ST AVE W,1,1,0,0,2,4,,,35,0,0,0,0,0,2,1,14
,2015_65401,0,0,8/12/2015 8:23,8:23,3,0,0,DAHLIA ST & 80TH AVE,1,1,1,0,1,2,,,35,0,0,0,0,1,4,2,13
,2015_65508,0,0,9/4/2015 23:05,23:05,6,0,0,16TH AVE & 3200 BLK E,1,3,0,7,1,4,,,25,0,0,0,0,0,4,2,16
,2015_65540,0,0,4/9/2015 11:41,11:41,6,0,0,PENNSYLVANIA ST 500 BLK N & 6TH AVE E,1,1,0,7,1,4,,,25,0,0,0,0,0,4,2,16
,2015_65545,0,0,4/29/2015 23:45,23:45,12,0,0,1ST AVE 3000 BLK E & ST PAUL ST,1,3,0,7,1,1,,,35,0,0,0,0,1,4,2,3
,2015_65556,0,0,5/3/2015 1:50,1:50,12,0,2,1ST AVE E & VINE ST N,1,3,0,7,1,4,,,30,0,0,0,1,2,4,2,5
,2015_65557,0,0,3/30/2015 13:05,13:05,14,0,0,5TH AVE W & JULIAN ST N,1,1,1,0,1,4,,,25,0,0,0,0,0,4,2,7
,2015_65558,0,0,6/5/2015 15:26,15:26,10,0,0,6TH AVE W & GALAPAGO ST N,1,1,1,0,1,1,,,30,0,0,0,0,0,4,2,13
,2015_65559,0,0,6/8/2015 10:22,10:22,12,0,0,6TH AVE W FRONTAGE RD (NOT CDOT) & LOWELL BLVD N,1,1,0,0,1,3,,,35,0,0,0,0,1,4,2,14
,2015_65560,0,0,4/9/2015 17:00,17:00,6,0,0,9TH AVE 2300 BLK E & YORK ST N,1,1,0,7,1,4,,,25,0,0,0,0,0,4,2,16
,2015_65561,0,0,5/17/2015 19:36,19:36,8,0,0,10TH AVE & 4100 BLK W,1,1,2,0,1,4,,,35,0,0,0,0,0,4,2,13
,2015_65562,0,0,7/11/2015 18:58,18:58,1,0,0,12TH AVE 2500 BLK E & N ELIZABETH STREET,1,1,0,7,1,1,,,30,0,0,0,0,0,4,2,16
,2015_65563,0,0,1/21/2015 8:35,8:35,3,0,0,12TH AVE E & QUEBEC ST N,4,1,1,2,1,1,,,30,0,0,0,0,0,4,2,7
,2015_65564,0,0,1/12/2015 18:05,18:05,15,0,0,13TH AVE E & GARFIELD ST N,1,3,0,7,1,4,,,30,0,0,0,0,0,4,2,16
,2015_65565,0,0,11/3/2015 11:52,11:52,3,0,0,13TH AVE W & DECATUR ST N,1,1,1,0,1,1,,,25,0,0,0,0,0,4,2,16
,2015_65566,0,0,8/27/2015 8:32,8:32,15,0,0,14TH AVE E & BROADWAY ST N,1,1,0,0,1,1,,,30,0,0,0,0,0,4,2,13
,2015_65567,0,0,6/26/2015 15:05,15:05,6,0,0,14TH AVE 2200 BLK E & GAYLORD ST N,1,1,1,7,1,4,,,30,0,0,0,0,0,4,2,16
,2015_65568,0,0,3/18/2015 17:24,17:24,3,0,0,14TH AVE 3500 BLK OF E & MADISON ST N,1,1,0,7,1,1,,,30,0,0,0,0,0,4,2,16
,2015_65569,0,0,5/14/2015 9:10,9:10,15,0,0,14TH AVE 600 BLK W & SPEER BLVD N,1,1,0,7,1,3,,,30,0,0,0,0,0,4,2,16
,2015_65570,0,0,5/13/2015 12:22,12:22,10,0,0,14TH AVE E & XANTHIA ST N,1,1,0,0,1,1,,,30,0,0,0,0,0,4,2,13
,2015_65571,0,0,6/19/2015 19:00,19:00,11,0,2,16TH AVE E & ELM ST N,1,1,0,0,1,1,,,25,0,1,0,0,2,4,2,5
,2015_65572,0,0,1/26/2015 8:17,8:17,3,0,0,16TH AVE E & MARION ST N,1,1,0,7,1,1,,,25,0,0,0,0,0,4,2,14
,2015_65573,0,0,12/2/2015 11:45,11:45,5,0,0,28TH AVE E & TAMARAC ST N,1,1,1,0,3,4,,,25,0,0,0,0,0,4,1,10
,2015_65574,0,0,1/22/2015 8:57,8:57,12,0,0,23RD AVE 3000 BLK W & GROVE ST N,5,1,0,7,1,4,,,30,0,0,0,0,0,4,2,16
,2015_65575,0,0,7/17/2015 15:44,15:44,3,0,0,26TH AVE W & CLAY ST N,1,1,1,0,1,1,,,30,0,0,0,0,0,4,2,13
,2015_65576,0,0,2/7/2015 16:14,16:14,12,0,0,26TH AVE 7600 BLK E & SYRACUSE ST N,1,1,0,7,1,4,,,30,0,0,0,0,1,4,2,3
,2015_65577,0,0,7/7/2015 14:25,14:25,3,0,0,29TH AVE E & STEELE ST N,1,1,0,7,1,1,,,30,0,0,0,0,0,4,2,14
,2015_65578,0,0,5/3/2015 12:16,12:16,11,0,1,31ST AVE E & DOWNING ST N,1,1,0,0,2,4,,,15,0,1,0,0,2,4,1,9
,2015_65579,0,0,1/23/2015 19:30,19:30,6,0,0,31ST AVE W & VALLEJO ST N,1,3,1,7,1,4,,,25,0,0,0,0,0,4,2,1
,2015_65580,0,0,7/23/2015 12:32,12:32,6,0,0,33RD AVE W & CLAY ST N,1,1,0,7,1,4,,,25,0,0,0,0,0,4,2,16
,2015_65581,0,0,4/16/2015 10:10,10:10,3,0,1,34TH AVE E & MADISON ST N,2,1,0,2,1,1,,,30,0,0,0,0,2,4,2,3
,2015_65582,0,0,4/7/2015 10:11,10:11,3,0,0,38TH AVE W & TENNYSON ST N,1,1,0,0,1,1,,,35,0,0,0,0,0,4,2,14
,2015_65583,0,0,3/7/2015 11:30,11:30,6,0,0,43RD AVE 14400 BLK E & SABLE ST N,1,3,0,7,1,4,,,25,0,0,0,0,0,4,2,16
,2015_65584,0,0,2/17/2015 8:30,8:30,6,0,0,45TH AVE E & 44TH AVE E,5,1,0,0,1,4,,,30,0,0,0,0,0,4,2,13
,2015_65585,0,0,7/6/2015 21:07,21:07,10,0,0,45TH AVE E & PEORIA ST N,1,3,0,0,1,1,,,45,0,0,0,0,1,4,2,5
,2015_65586,0,0,6/19/2015 15:08,15:08,1,0,1,47TH AVE E & PARIS ST N,1,1,1,7,1,1,,,35,0,0,0,0,2,4,2,7
,2015_65587,0,0,4/15/2015 7:20,7:20,1,0,0,47TH AVE E & URVAN ST N,1,1,0,7,1,1,,,25,0,0,0,0,0,4,2,1
,2015_65588,0,0,5/30/2015 15:13,15:13,15,0,0,48TH AVE 2900 BLK W & FEDERAL BLVD N,1,1,0,0,1,4,,,25,0,0,0,1,0,4,1,13
,2015_65589,0,0,4/23/2015 5:51,5:51,1,0,0,56TH AVE E & TOWER RD N,1,1,0,0,1,1,,,45,0,0,0,0,0,4,2,1
,2015_65590,0,0,3/15/2015 17:53,17:53,1,0,0,ADAMS ST N & 10TH AVE E,1,1,1,7,1,1,,,30,0,0,0,0,0,4,2,5
,2015_65591,0,0,6/12/2015 10:40,10:40,12,0,0,ALAMEDA AVE 1000 BLK W & SANTA FE DR S,2,1,0,1,1,3,,,35,0,0,0,0,0,4,2,16
,2015_65592,0,0,7/10/2015 6:37,6:37,1,0,0,ALAMEDA AVE W & SANTA FE DR S,1,1,0,7,1,1,,,35,0,0,0,0,0,4,2,16
,2015_65593,0,0,4/15/2015 16:20,16:20,12,0,0,ALAMEDA AVE 2200 BLK E & YORK ST S,1,1,1,0,1,4,,,30,0,0,0,0,1,4,2,13
,2015_65594,0,0,2/20/2015 14:24,14:24,15,0,0,ASBURY AVE E & JOSEPHINE ST S,1,1,0,0,1,4,,,25,0,0,0,0,0,4,2,3
,2015_65595,0,0,4/13/2015 0:30,0:30,5,0,0,AURARIA PKWY 300 BLK & COLFAX AVE W,1,3,1,7,1,4,,,35,0,0,0,0,0,4,1,16
,2015_65596,0,0,1/7/2015 4:49,4:49,12,0,0,AURARIA PKWY & 7TH ST,5,3,0,2,1,1,,,30,0,0,0,0,0,4,2,16
,2015_65597,0,0,5/30/2015 7:57,7:57,15,0,0,BANNOCK ST N & 6TH AVE W,1,1,0,0,1,2,,,25,0,0,0,0,0,4,2,13
,2015_65598,0,0,7/9/2015 14:10,14:10,6,0,0,BLAKE ST & BROADWAY ST N,1,1,0,7,1,4,,,30,0,0,0,0,0,4,2,14
,2015_65599,0,0,7/11/2015 22:50,22:50,15,0,0,BROADWAY ST N & 6TH AVE E,1,3,0,7,1,1,,,35,0,0,0,0,0,4,3,16
,2015_65600,0,0,6/4/2015 6:25,6:25,3,0,0,BROADWAY ST N & 8TH AVE W,1,1,0,7,1,1,,,35,0,0,0,0,0,4,2,3
,2015_65601,0,0,6/18/2015 10:35,10:35,3,0,0,CENTRAL PARK BLVD N & MLK BLVD E,1,1,0,7,1,1,,,35,0,0,0,0,0,4,2,14
,2015_65602,0,0,6/5/2015 14:05,14:05,15,0,0,CHAMBERS RD 4500 BLK N & ANDREWS DR E,1,1,0,7,1,4,,,40,0,0,0,0,0,4,2,16
,2015_65603,0,0,6/10/2015 13:24,13:24,1,0,1,CHRRY CREEK DR S E & MISSISSIPPI AVE E,1,1,0,7,1,1,,,35,0,0,0,0,2,4,2,3
,2015_65604,0,0,8/23/2015 15:45,15:45,6,0,0,CLARKSON ST 1400 BLK N & COLFAX AVE E,1,1,0,7,1,4,,,30,0,0,0,0,0,4,2,16
,2015_65605,0,0,2/17/2015 16:54,16:54,3,0,0,CROWN BLVD N & MAXWELL PL E,8,1,0,7,1,1,,,25,0,0,0,0,0,4,2,16
,2015_65606,0,0,12/27/2015 19:40,19:40,6,0,0,COOK ST 3900 BLK N & 40TH AVE E,1,4,0,7,1,4,,,30,0,0,0,0,0,4,3,5
,2015_65607,0,0,7/21/2015 9:20,9:20,15,0,0,CURTIS ST 1400 BLK & 14TH ST,1,1,0,0,1,4,,,30,0,0,0,0,0,4,2,13
,2015_65608,0,0,3/9/2015 16:33,16:33,6,0,0,CURTIS ST 1400 BLK & 15TH ST,1,1,0,7,1,4,,,25,0,0,0,0,0,4,2,1
,2015_65609,0,0,1/4/2015 20:20,20:20,6,0,0,DOWNING ST 2100 BLK N & 22ND AVE,6,3,0,7,1,4,,,35,0,0,0,0,0,4,2,16
,2015_65610,0,0,7/1/2015 14:00,14:00,1,0,0,DTC BLVD S & UNION AVE E,1,1,0,0,1,1,,,35,0,0,0,0,0,4,2,13
,2015_65611,0,0,1/30/2015 15:58,15:58,12,0,0,EVANS AVE & 1600 BLK E,1,1,0,0,1,4,,,30,0,0,0,0,0,4,2,14
,2015_65612,0,0,1/6/2015 8:10,8:10,5,0,0,EVANS AVE & 2400 W,5,1,1,0,2,4,,,30,0,0,0,0,0,4,1,7
,2015_65613,0,0,10/17/2015 18:10,18:10,6,0,0,EVANS AVE W & WINONA CT S,1,2,0,7,1,4,,,35,0,0,0,0,0,4,2,3
,2015_65614,0,0,8/5/2015 12:49,12:49,12,0,0,EVANS AVE 5700 BLK E & S IVANHOE ST,1,1,0,7,1,4,,,30,0,0,0,0,1,4,2,3
,2015_65615,0,0,3/29/2015 20:20,20:20,15,0,0,EVANS AVE W & LOWELL BLVD S,1,3,0,0,1,3,,,30,0,0,0,0,0,4,2,13
,2015_65616,0,0,7/11/2015 16:30,16:30,12,0,0,EVANS AVE W & TENNYSON ST S,1,1,0,7,1,4,,,30,0,0,0,0,0,4,2,16
,2015_65617,0,0,9/28/2015 10:18,10:18,6,0,0,GLENARM PL 1600 BLK & 17TH ST,1,1,0,7,1,4,,,30,0,0,0,0,0,4,2,16
,2015_65618,0,0,3/11/2015 18:42,18:42,2,0,0,GLENARM PL 1400 BLK & 14TH ST,1,1,0,0,1,4,,,25,1,0,0,0,0,4,2,1
,2015_65619,0,0,1/7/2015 7:30,7:30,5,0,0,GLOBEVILLE RD & 3700 N,5,1,0,2,3,4,,,30,0,0,0,0,0,4,1,7
,2015_65620,0,0,1/22/2015 9:05,9:05,6,0,0,GLOBEVILLE RD 4100 BLK N & 43RD AVE W,5,1,0,7,1,4,,,30,0,0,0,0,0,4,2,8
,2015_65621,0,0,11/25/2015 13:50,13:50,15,0,0,GRANT ST N & 16TH AVE E,1,2,0,0,1,4,,,30,0,0,0,0,0,4,2,16
,2015_65622,0,0,2/20/2015 10:10,10:10,5,0,0,GROVE ST 1700 BLK N & 17TH AVE W,1,1,0,0,3,4,,,30,0,0,0,0,0,4,1,14
,2015_65623,0,0,4/15/2015 7:45,7:45,12,0,0,GVR BLVD E & PENA BLVD,1,1,0,7,1,1,,,40,0,0,0,0,0,4,2,16
,2015_65624,0,0,1/11/2015 18:59,18:59,11,0,1,HARVARD AVE W & FEDERAL BLVD S,2,4,0,2,1,4,,,25,0,1,0,0,2,4,2,15
,2015_65625,0,0,1/9/2015 8:49,8:49,6,0,0,N HAVANA ST & 47TH AVE E,5,1,0,7,1,1,,,40,0,0,0,0,0,4,2,16
,2015_65626,0,0,6/23/2015 18:00,18:00,1,0,0,HOLLY ST S & CHERRY CREEK DR N E,1,1,0,0,1,1,,,30,0,0,0,0,0,4,2,13
,2015_65627,0,0,3/31/2015 1:02,1:02,6,0,0,HUDSON ST & 1468 BLK N,1,3,0,0,1,4,,,25,0,0,0,0,0,4,2,13
,2015_65628,0,0,7/30/2015 18:25,18:25,6,0,0,HUMBOLDT ST N & 14TH AVE E,1,1,0,7,1,4,,,25,0,0,0,0,0,4,2,16
,2015_65629,0,0,1/12/2015 16:29,16:29,12,0,0,ILIFF AVE 9700 BLK E & EMPORIA ST S,1,3,1,7,1,3,,,35,0,0,0,0,0,4,3,7
,2015_65630,0,0,10/8/2015 23:49,23:49,12,0,0,JOSEPHINE ST & 6TH AVE E,1,3,0,0,1,1,,,30,0,0,0,0,0,4,3,13
,2015_65631,0,0,4/11/2015 17:47,17:47,3,0,0,JEWELL AVE 4500 BLK E & CLERMONT ST S,1,2,0,0,1,2,,,25,0,0,0,0,0,4,2,1
,2015_65632,0,0,3/10/2015 17:45,17:45,12,0,0,JEWELL AVE W & DECATUR ST S,1,2,0,7,1,4,,,35,0,0,0,0,0,4,2,3
,2015_65634,0,0,4/27/2015 9:16,9:16,15,0,0,LAWRENCE WAY & 777 LAWRENCE WAY,2,1,1,0,1,4,,,25,0,0,0,0,0,4,2,3
,2015_65636,0,0,1/10/2015 0:33,0:33,12,0,0,LINCOLN ST 700 BLK N & 8TH AVE E,1,3,0,7,1,3,,,30,0,0,0,0,0,4,2,2
,2015_65637,0,0,3/5/2015 2:45,2:45,5,0,0,LOWELL BLVD 3400 BLK S & GIRARD AVE W,5,3,1,7,3,4,,,25,0,0,0,0,0,4,1,16
,2015_65638,0,0,4/6/2015 21:51,21:51,15,0,0,LOWRY BLVD E & UINTA WAY N,1,3,1,0,1,6,,,35,0,0,0,0,0,4,2,7
,2015_65639,0,0,6/14/2015 12:00,12:00,1,0,0,MARION ST N & 13TH AVE E,1,1,0,7,1,1,,,25,0,0,0,0,0,4,2,16
,2015_65640,0,0,5/6/2015 16:20,16:20,3,0,1,MAXWELL PL E & PICADILLY RD N,1,1,0,7,1,1,,,35,0,0,0,0,2,4,2,1
,2015_65641,0,0,3/22/2015 19:06,19:06,3,0,1,MISSISSIPPI AVE W & IRVING ST S,1,1,0,7,1,1,,,35,0,0,0,0,2,4,2,9
,2015_65642,0,0,7/3/2015 15:17,15:17,15,0,0,MLK BLVD 7200 BLK E & QUEBEC ST N,1,1,0,0,1,4,,,30,0,0,0,0,0,4,2,13
,2015_65643,0,0,4/13/2015 15:38,15:38,12,0,0,MONACO ST & 5000 BLK S,1,1,1,0,1,1,,,35,0,0,0,0,0,4,2,13
,2015_65644,0,0,4/28/2015 9:45,9:45,12,0,0,MONACO PKWY 2100 BLK S & EVANS ST E,1,1,0,7,1,4,,,35,0,0,0,0,0,4,2,3
,2015_65645,0,0,2/27/2015 17:08,17:08,12,0,0,MONTVIEW BLVD & ROSLYN ST N,8,1,0,7,1,1,,,30,0,0,0,0,0,4,2,16
,2015_65646,0,0,7/4/2015 0:45,0:45,5,0,1,NEVADA PL W & QUITMAN ST S,1,3,0,7,2,1,,,25,0,0,0,0,3,4,1,5
,2015_65647,0,0,3/5/2015 8:15,8:15,10,0,0,NEWTON ST S & CEDAR AVE W,5,1,0,0,1,2,,,25,0,0,0,0,0,4,2,1
,2015_65648,0,0,3/6/2015 17:22,17:22,3,0,0,ONEIDA ST N & 17TH AVE E,2,1,0,7,1,1,,,25,0,0,0,0,0,4,2,1
,2015_65649,0,0,6/10/2015 12:20,12:20,5,0,0,6TH PL & 4700 BLK W,1,1,1,0,3,4,,,25,0,0,0,0,0,4,1,13
,2015_65650,0,0,4/26/2015 21:26,21:26,3,0,0,PARK AVE W & BROADWAY ST N,2,3,0,1,1,1,,,25,0,0,0,0,0,4,2,5
,2015_65651,0,0,8/14/2015 17:17,17:17,11,0,1,PARK AVE W 800 BLK & CHAMPA ST,1,1,0,0,1,1,,,30,0,1,0,0,2,4,2,1
,2015_65652,0,0,1/9/2015 9:09,9:09,12,0,0,PARK AVE W & N DELGANY ST,5,1,0,7,1,3,,,35,0,0,0,0,0,4,3,16
,2015_65653,0,0,2/25/2015 13:50,13:50,15,0,0,PENNSYLVANIA ST 1600 BLK & 17TH AVE,6,1,0,2,1,4,,,25,0,0,0,0,0,4,2,13
,2015_65654,0,0,4/9/2015 2:20,2:20,6,0,0,PENNSYLVANIA ST S & JEWELL AVE E,1,4,0,7,1,4,,,25,0,0,0,0,0,4,2,14
,2015_65655,0,0,4/2/2015 17:35,17:35,12,0,0,PEORIA ST 3900 BLK N & 39TH AVE E,2,1,0,1,1,4,,,35,0,0,0,0,0,4,2,16
,2015_65656,0,0,7/27/2015 19:20,19:20,5,0,0,RINGSBY CT & 3333,1,1,0,0,3,4,,,30,0,0,0,0,0,4,1,13
,2015_65657,0,0,7/3/2015 23:05,23:05,12,0,0,QUEBEC ST & 1150 BLK S,1,3,0,0,1,1,,,35,0,0,0,0,0,4,2,5
,2015_65658,0,0,4/6/2015 14:14,14:14,6,0,0,QUITMAN ST & 4000 BLK N,1,1,1,0,1,4,,,25,0,0,0,0,0,4,2,7
,2015_65659,0,0,4/16/2015 17:30,17:30,10,0,0,7TH ST & WALNUT ST,2,1,0,1,1,1,,,35,0,0,0,0,0,4,2,3
,2015_65660,0,0,1/27/2015 8:00,8:00,6,0,0,13TH AVE 3505 W & KING ST N,1,5,0,7,1,4,,,25,0,0,0,0,0,4,2,14
,2015_65661,0,0,9/16/2015 8:30,8:30,11,0,1,20TH ST & WELTON ST,1,1,0,0,1,1,,,30,0,1,0,0,2,4,2,13
,2015_65662,0,0,5/22/2015 11:40,11:40,12,0,0,20TH ST & LITTLERAVEN ST,1,1,0,7,1,4,,,35,0,0,0,0,0,4,3,16
,2015_65663,0,0,6/22/2015 8:14,8:14,12,0,0,22ND ST & BROADWAY ST,1,1,0,0,1,1,,,30,0,0,0,0,0,4,2,3
,2015_65664,0,0,4/15/2015 12:45,12:45,3,0,0,22ND ST & LAWRENCE ST,1,1,0,0,1,1,,,25,0,0,0,0,0,4,2,13
,2015_65665,0,0,2/16/2015 0:01,0:01,6,0,0,ST PAUL ST & 4900 BLK,4,1,0,2,1,4,,,25,0,0,0,0,0,4,2,13
,2015_65666,0,0,2/10/2015 11:30,11:30,15,0,0,SANTE FE 200 BLK S & CEDAR AVE W,1,1,0,7,1,3,,,30,0,0,0,0,0,4,2,1
,2015_65667,0,0,8/3/2015 18:25,18:25,12,0,0,SPEER BLVD N & DELAWARE ST N,1,1,0,7,1,4,,,35,0,0,0,0,1,4,3,16
,2015_65668,0,0,1/20/2015 7:45,7:45,12,0,0,SPEER BLVD N & ELITCH CIR,1,1,1,7,1,3,,,40,0,0,0,0,0,4,2,16
,2015_65669,0,0,7/9/2015 13:28,13:28,3,0,0,STAPLETON N DR E & DAHLIA ST N,1,1,0,7,1,1,,,35,0,0,0,0,0,4,2,16
,2015_65670,0,0,1/30/2015 9:00,9:00,5,0,1,TENNESSEE AVE & 6800 BLK E,1,1,0,0,2,4,,,25,0,0,0,0,2,4,1,9
,2015_65671,0,0,6/17/2015 6:15,6:15,12,0,0,TOWER RD N & 43RD AVE E,1,1,0,7,1,1,,,40,0,0,0,0,0,4,3,16
,2015_65672,0,0,1/10/2015 13:15,13:15,3,0,0,TUFTS AVE E & DTC BLVD S,1,1,0,0,1,1,,,35,0,0,0,0,0,4,2,13
,2015_65673,0,0,4/2/2015 12:25,12:25,6,0,0,UNIVERSITY BLVD 2000 BLK S & ASBURY AVE E,1,1,0,7,1,3,,,30,0,0,0,0,0,4,2,1
,2015_65674,0,0,3/10/2015 16:59,16:59,12,0,0,UNIVERSITY BLVD 400 BLK S & DAKOTA AVE E,1,1,0,7,1,4,,,30,0,0,0,0,0,4,2,16
,2015_65675,0,0,6/7/2015 10:03,10:03,6,0,0,WASHINGTON ST & 1500 BLK S,1,1,0,0,1,4,,,25,0,0,0,0,0,4,2,13
,2015_65676,0,0,1/9/2015 17:03,17:03,15,0,0,WASHINGTON ST & 4500 N,1,1,1,0,1,4,,,35,0,0,0,0,0,4,2,13
,2015_65677,0,0,2/27/2015 19:58,19:58,12,0,0,WILLOW ST 4600 BLK N & 46TH PL E,5,3,0,2,1,4,,,25,0,0,0,0,0,4,2,16
,2015_65678,0,0,8/1/2015 14:46,14:46,5,0,0,N WORCHESTER ST & MAXWELL PL E,1,1,0,7,3,1,,,25,0,0,0,0,0,4,1,3
,2015_65679,0,0,7/9/2015 17:44,17:44,12,0,0,YALE AVE E & BROADWAY ST S,1,1,0,7,1,4,,,30,0,0,0,0,1,4,2,3
,2015_65680,0,0,6/27/2015 10:30,10:30,6,0,0,YATES ST & 1400 BLK N YATES ST,1,1,0,0,1,4,,,10,0,0,0,0,0,4,2,13
,2015_65682,0,0,8/5/2015 23:57,23:57,3,0,0,N YORK ST & E 16TH AVE,1,3,0,0,1,1,,,35,0,0,0,0,0,4,2,3
,2015_65683,0,0,4/30/2015 16:06,16:06,1,0,0,YOSEMITE ST S & JEFFERSON AVE E,1,1,0,7,1,1,,,35,0,0,0,0,0,4,3,16
,2015_65821,39.709349,-104.940626,7/8/2015 15:10,15:10,2,0,1,COLORADO BLVD 300 BLK S & DAKOTA AVE E,2,1,0,1,1,4,,,,1,0,0,0,2,2,2,13
,2015_65822,39.711621,-104.940627,5/6/2015 13:59,13:59,12,0,0,COLORADO BLVD 200 BLK S & ALAMEDA AVE E,1,1,0,0,1,3,,,35,0,0,0,0,0,2,2,3
,2015_65823,39.714614,-104.940629,7/17/2015 19:30,19:30,15,0,0,COLORADO BLVD S & BAYAUD AVE E,1,1,0,0,1,1,,,25,0,0,0,0,0,2,2,8
,2015_65824,39.67194,-104.940626,8/8/2015 8:18,8:18,12,0,0,COLORADO BLVD & DICKENSON PL E,1,1,0,0,1,2,,,,0,0,0,0,0,2,3,13
,2015_65825,39.673468,-104.940632,6/3/2015 21:50,21:50,1,0,0,COLORADO BLVD S & WESLEY AVE E,1,3,0,0,1,2,,,35,0,0,0,0,0,2,2,3
,2015_65826,39.729687,-104.940624,5/5/2015 6:50,6:50,12,0,0,COLORADO BLVD & 700 BLK S,2,1,0,1,1,4,,,,0,0,0,0,0,2,3,13
,2015_65827,39.735009,-104.940618,9/10/2015 16:35,16:35,12,0,0,COLORADO BLVD 1100 BLK N & 12TH AVE E,1,1,0,0,1,4,,,30,0,0,0,0,0,2,2,13
,2015_65828,39.75101,-104.940599,1/25/2015 9:53,9:53,3,0,0,COLORADO BLVD N & 23RD AVE E,1,1,0,0,1,1,,,35,0,0,0,0,0,2,2,13
,2015_65829,39.75101,-104.940599,7/30/2015 17:40,17:40,12,0,0,COLORADO BLVD 2300 BLK N & 23RD AVE E,1,5,0,0,1,1,,,30,0,0,0,0,0,2,2,13
,2015_65830,39.751151,-104.940599,6/18/2015 15:19,15:19,12,0,0,COLORADO BLVD 2300 BLK N & 23RD AVE E,1,1,0,0,1,3,,,35,0,0,0,0,0,2,2,3
,2015_65831,39.761878,-104.940511,4/25/2015 6:51,6:51,3,0,0,COLORADO BLVD N & MLK BLVD,1,1,0,0,1,1,,,35,0,0,0,0,0,2,2,14
,2015_65832,39.766743,-104.940492,4/26/2015 12:45,12:45,15,0,0,COLORADO BLVD N & 36TH AVE E,2,1,0,0,1,4,,,35,0,0,0,0,0,2,2,13
,2015_65842,39.725423,-105.029848,3/2/2015 11:50,11:50,12,0,0,6TH AVE & FEDERAL BLVD N,1,1,1,0,1,4,,,45,0,0,0,0,0,2,2,3
,2015_65843,39.72542,-105.025548,1/4/2015 12:13,12:13,12,0,0,6TH AVE WB ON SLIP RAMP & FEDERAL BLVD,10,1,0,2,1,8,,,30,0,0,0,0,0,2,2,13
,2015_65844,39.72542,-105.025361,4/5/2015 19:35,19:35,12,0,0,6TH AVE W & FEDERAL BLVD N,1,2,0,0,1,8,,,15,0,0,0,0,0,2,2,5
,2015_65864,39.624267,-104.901677,2/21/2015 1:00,1:00,5,0,0,I-25 & BELLEVIEW AVE E,4,3,0,2,3,4,,,65,0,0,0,0,0,1,1,7