id,drcog_id,latitude,longitude,crashtime,time,crashtype,numbkilled,numbinjurd,drcoglocat,rdconditin,lightngcon,roadcntgrd,weatherco,location,roaddescrp,schoolzone,constrzone,splimit,bikeinv,pedinv,sctrinv,motoinv,svrty,rdsystem,ttlvehcls,hcf
,2015_65866,39.683106,-104.940515,11/10/2015 15:52,15:52,15,0,0,I-25 & COLORADO BLVD S,1,1,0,0,1,4,,,55,0,0,0,0,0,1,2,1
,2015_65867,39.680955,-104.935997,1/13/2015 1:50,1:50,5,0,0,I-25 & EVANS AVE E,2,3,0,0,2,4,,,60,0,0,0,0,1,1,1,12
,2015_65868,39.683106,-104.940515,6/25/2015 17:11,17:11,12,0,0,I-25 & COLORADO BLVD S,1,1,0,0,1,4,,,60,0,0,0,0,0,1,2,3
,2015_65869,39.68492,-104.959513,6/8/2015 17:10,17:10,12,0,0,I-25 & UNIVERSITY BLVD S,1,1,0,0,1,4,,,60,0,0,0,0,0,1,2,12
,2015_65870,39.689327,-104.971973,8/13/2015 15:53,15:53,12,0,0,I-25 NB & DOWNING ST S,1,1,1,0,1,4,,,60,0,0,0,0,0,1,2,13
,2015_65871,39.709874,-104.998115,12/8/2015 14:24,14:24,15,0,0,I-25 NB ON FLYOVER RAMP & SANTA FE DR S,1,1,1,0,1,8,,,45,0,0,0,0,0,1,2,16
,2015_65872,39.694462,-104.979284,1/30/2015 15:05,15:05,12,0,0,I-25 & WASHINGTON ST,1,1,0,0,1,4,,,60,0,0,0,0,0,1,2,1
,2015_65874,39.707122,-104.996782,6/18/2015 12:04,12:04,15,0,1,I-25 & SANTA FE DR S,1,1,1,0,1,4,,,55,0,0,0,0,3,1,2,2
,2015_65875,39.71124,-104.998918,3/31/2015 15:05,15:05,12,0,0,I-25 & ALAMEDA AVE W,1,1,1,0,1,4,,,55,0,0,0,0,0,1,2,13
,2015_65876,39.72543,-105.013021,12/24/2015 14:33,14:33,12,0,2,I-25 & 6TH AVE W,1,1,0,0,1,4,,,55,0,0,0,0,3,1,3,1
,2015_65877,39.722563,-105.010032,12/5/2015 8:55,8:55,12,0,0,I-25 & 6TH AVE W,1,1,1,0,1,4,,,55,0,0,0,0,0,1,2,14
,2015_65878,39.724909,-105.012637,4/14/2015 20:38,20:38,15,0,0,6TH AVE W & I-25 NB/SB ON RAMP SPLIT PT,1,3,1,0,1,8,,,45,0,0,0,0,0,1,2,13
,2015_65879,39.72543,-105.013021,5/1/2015 14:33,14:33,15,0,0,I-25 & 6TH AVE W,1,1,1,0,1,4,,,55,0,0,0,0,0,1,2,14
,2015_65880,39.725521,-105.013084,8/14/2015 23:37,23:37,5,0,0,I-25 & 6TH AVE W,1,3,0,0,2,8,,,55,0,0,0,0,0,1,1,14
,2015_65881,39.738697,-105.013832,11/12/2015 20:50,20:50,12,0,0,I-25 & COLFAX AVE W,1,1,0,0,1,4,,,55,0,0,0,0,1,1,4,16
,2015_65882,39.726455,-105.013672,1/6/2015 6:13,6:13,5,0,0,I-25 NB ON RAMP & 6TH AVE W,5,3,1,0,2,8,,,55,0,0,0,0,0,1,1,13
,2015_65883,39.729334,-105.014821,8/12/2015 17:06,17:06,12,0,0,I-25 & 8TH AVE W,1,1,1,0,1,4,,,55,0,0,0,0,0,1,2,3
,2015_65884,39.730893,-105.015365,2/28/2015 3:07,3:07,12,0,0,I-25 SB OFF RAMP & ZUNI ST N,5,3,1,0,1,8,,,30,0,0,0,0,0,1,2,5
,2015_65885,39.74035,-105.013939,5/21/2015 16:10,16:10,12,0,0,I-25 & COLFAX AVE W,1,1,1,0,1,4,,,55,0,0,0,0,0,1,2,13
,2015_65886,39.742934,-105.015528,11/21/2015 18:10,18:10,12,0,0,I-25 & COFAX AVE W SB EXIT G,1,1,0,0,1,4,,,55,0,0,0,0,0,1,2,16
,2015_65887,39.755141,-105.012706,12/29/2015 15:35,15:35,12,0,0,I-25 & SPEER BLVD N,1,2,1,0,1,4,,,55,0,0,0,0,0,1,2,8
,2015_65888,39.760997,-105.004275,8/8/2015 12:00,12:00,12,0,0,20TH ST & I-25 SB ON RAMP,1,1,0,0,1,1,,,,0,0,0,0,0,1,2,13
,2015_65889,39.768039,-104.994788,1/5/2015 17:37,17:37,1,0,0,FOX ST & I-25,2,2,1,0,1,1,,,35,0,0,0,0,0,1,3,13
,2015_65890,39.768144,-104.994545,1/11/2015 1:25,1:25,5,0,0,PARK AVE WEST & I-25 NB ON SLIP RAMP,1,3,0,0,2,8,,,35,0,0,0,0,0,1,1,5
,2015_65891,39.767362,-104.996533,11/5/2015 7:30,7:30,15,0,0,I-25 & 38TH AVE W / PARK AVE NB EXIT RAMP,2,1,0,0,1,4,,,55,0,0,0,0,0,1,2,14
,2015_65892,39.779391,-104.989165,7/10/2015 9:00,9:00,12,0,0,I-25 & I-70,1,1,0,0,1,4,,,55,0,0,0,0,0,1,2,13
,2015_65893,39.783989,-104.989144,6/22/2015 16:27,16:27,12,0,0,I-25 & 48TH AVE W,1,1,0,0,1,4,,,55,0,0,0,0,1,1,2,13
,2015_65896,39.779391,-104.989165,11/7/2015 12:30,12:30,12,0,0,I-25 & I-70,1,1,0,0,1,4,,,55,0,0,0,0,0,1,3,16
,2015_65914,39.711079,-105.025238,2/20/2015 13:00,13:00,12,0,0,ALAMEDA AVE W & FEDERAL BLVD S,1,1,0,0,1,3,,,35,0,0,0,0,0,2,2,3
,2015_65915,39.711077,-105.025062,6/13/2015 2:19,2:19,12,0,0,ALAMEDA AVE W & FEDERAL BLVD S,1,3,0,0,1,4,,,40,0,0,0,0,0,2,2,5
,2015_65916,39.653077,-104.898688,2/23/2015 7:45,7:45,12,0,0,HAMPDEN AVE E & TAMARAC ST S,6,1,1,0,1,1,,,40,0,0,0,0,0,2,2,13
,2015_65917,39.653077,-104.898688,6/20/2015 13:00,13:00,15,0,0,TAMARAC DR S & HAMPDEN AVE E,1,1,0,0,1,3,,,30,0,0,0,0,0,2,2,14
,2015_65918,39.653054,-104.884764,4/3/2015 9:00,9:00,3,0,0,HAMPDEN AVE E & YOSEMITE ST S,1,1,0,0,1,1,,,45,0,0,0,0,0,2,2,13
,2015_65952,39.74034,-105.041735,8/16/2015 18:03,18:03,1,0,1,COLFAX AVE W & RALEIGH ST N,1,1,0,0,1,1,,,35,0,0,0,0,2,2,3,7
,2015_65953,39.740338,-105.042864,3/5/2015 18:17,18:17,12,0,0,COLFAX AVE W & STUART ST N,1,2,0,0,1,1,,,35,0,0,0,0,1,2,2,13
,2015_65955,39.740343,-105.032331,2/16/2015 8:34,8:34,15,0,0,COLFAX AVE 3450 BLK W & KNOX CT N,5,1,0,2,1,4,,,35,0,0,0,0,0,2,3,14
,2015_65956,39.74032,-105.025538,1/11/2015 18:23,18:23,12,0,2,COLFAX AVE 3100 BLK W & FEDERAL BLVD N,2,3,1,1,1,4,,,30,0,0,0,0,2,2,3,13
,2015_65957,39.740309,-105.025718,9/13/2015 21:00,21:00,11,0,1,COLFAX AVE 3000 BLK W & FEDERAL BLVD N,1,3,1,0,1,4,,,,0,1,0,0,3,2,2,13
,2015_65958,39.740011,-104.971893,4/14/2015 16:40,16:40,12,0,0,COLFAX AVE & MARION ST (RD S),1,1,0,0,1,4,,,30,0,0,0,0,1,2,2,13
,2015_65959,39.740014,-104.970634,7/11/2015 1:40,1:40,6,0,0,COLFAX AVE & LAFAYETTE ST N (RD S),1,3,0,0,1,4,,,25,0,0,0,0,0,2,2,5
,2015_65960,39.740014,-104.970064,5/21/2015 15:50,15:50,6,0,0,COLFAX AVE 1400 BLK E & HUMBOLDT ST N,1,1,0,0,1,4,,,30,0,0,0,0,0,2,3,5
,2015_65961,39.739978,-104.961744,1/28/2015 9:23,9:23,12,0,0,COLFAX AVE E & VINE / GAYLORD ALLEY,1,1,0,0,1,5,,,30,0,0,0,0,0,2,3,13
,2015_65962,39.740079,-104.912395,3/12/2015 9:00,9:00,12,0,0,MONACO ST N & COLFAX AVE E,1,1,0,0,1,1,,,30,0,0,0,0,0,2,2,1
,2015_65963,39.740079,-104.912395,7/21/2015 19:03,19:03,3,0,0,COLFAX AVE E & MONACO PKWY,1,1,0,0,1,1,,,35,0,0,0,0,0,2,2,13
,2015_65964,39.740084,-104.884777,5/6/2015 17:41,17:41,12,0,0,COLFAX AVE 8800 BLK E & YOSEMITE ST N,1,1,0,0,1,3,,,30,0,0,0,0,0,2,2,5
,2015_65981,39.783138,-105.006328,2/5/2015 9:00,9:00,12,0,0,I-70 & PECOS ST N,1,1,0,0,1,4,,,55,0,0,0,0,0,1,2,13
,2015_65982,39.783138,-105.006328,4/16/2015 7:57,7:57,12,0,0,I-70 & PECOS ST N,2,1,1,2,1,4,,,55,0,0,0,0,0,1,3,7
,2015_65983,39.783138,-105.006328,1/21/2015 17:30,17:30,15,0,0,48TH AVE W & PECOS ST N,2,3,0,2,1,6,,,35,0,0,0,0,0,1,2,13
,2015_65984,39.787107,-105.077254,12/29/2015 5:50,5:50,12,1,1,I-70 & BRIGHTON BLVD EB OFF RAMP,8,3,0,0,1,4,,,,0,0,0,0,4,1,3,13
,2015_65985,39.780014,-104.959201,6/30/2015 14:50,14:50,12,0,0,I-70 & YORK ST,1,1,0,0,1,4,,,55,0,0,0,0,0,1,2,1
,2015_65986,39.779997,-104.949807,4/22/2015 14:20,14:20,12,0,0,I-70 & STEELE ST N,1,1,1,0,1,4,,,55,0,0,0,0,1,1,2,13
,2015_65987,39.779946,-104.940239,7/17/2015 16:13,16:13,12,0,0,I-70 & COLORADO BLVD N,1,1,0,0,1,4,,,55,0,0,0,0,0,1,3,7
,2015_65988,39.778341,-104.92238,8/10/2015 10:00,10:00,12,0,0,I-70 & HOLLY ST,1,1,1,0,1,4,,,55,0,0,0,0,1,1,4,7
,2015_65989,39.778271,-104.89681,12/21/2015 13:30,13:30,12,0,0,I-70 & I-270,1,1,0,0,1,4,,,55,0,0,0,0,1,1,2,13
,2015_65990,39.775623,-104.865778,11/30/2015 13:13,13:13,12,0,0,I-70 & HAVANA ST,1,1,0,0,1,4,,,55,0,0,0,0,0,1,2,16
,2015_65991,39.778211,-104.895525,7/11/2015 8:54,8:54,12,0,0,I-70 & MM 279,1,1,0,0,1,4,,,55,0,0,0,0,0,1,3,13
,2015_65992,39.777047,-104.881953,4/19/2015 2:20,2:20,12,1,1,I-70 & CENTRAL PARK BLVD N,2,3,0,1,1,4,,,55,0,0,0,1,4,1,2,5
,2015_65993,39.774005,-104.847034,6/26/2015 16:02,16:02,12,0,0,I-70 & PEORIA ST N,1,1,1,0,1,4,,,55,0,0,0,0,0,1,3,13
,2015_65994,39.772877,-104.833905,9/3/2015 19:00,19:00,12,0,0,I-70 & I-225 SB OFF RAMP ENT,1,1,0,0,1,4,,,55,0,0,0,0,0,1,2,16
,2015_65995,39.772547,-104.829979,1/21/2015 6:47,6:47,12,0,0,I-70 & I-225 NB,2,2,0,2,1,8,,,55,0,0,0,0,0,1,2,13
,2015_66033,39.697826,-104.901531,8/16/2015 9:07,9:07,12,0,0,PARKER RD S & QUINCE ST,5,4,0,1,1,2,,,40,0,0,0,0,0,2,2,13
,2015_66034,39.700019,-104.907483,5/21/2015 15:34,15:34,12,0,0,LEETSDALE DR 6900 BLK & ONEIDA ST S,1,1,1,0,1,4,,,35,0,0,0,0,0,2,2,12
,2015_66035,39.702965,-104.912888,5/23/2015 1:27,1:27,12,0,1,MONACO PKWY S & LEETSDALE DR,2,3,1,0,1,1,,,40,0,0,0,0,3,2,3,13
,2015_66045,39.689542,-104.992096,6/2/2015 7:30,7:30,12,0,0,SANTA FE DR 1500 BLK S & FLORIDA AVE W,1,1,0,0,1,3,,,45,0,0,0,0,0,2,2,1
,2015_66049,39.691703,-104.992358,9/28/2015 16:40,16:40,15,0,0,SANTA FE DR 1300 BLK S & ARKANSAS AVE W,1,5,0,0,1,4,,,45,0,0,0,0,0,2,2,13
,2015_66054,39.737975,-105.025273,2/25/2015 13:40,13:40,12,0,0,FEDERAL BLVD N & HOWARD PL W,1,1,1,0,1,1,,,35,0,0,0,0,1,2,2,12
,2015_66055,39.730036,-105.025163,2/25/2015 14:37,14:37,15,0,0,FEDERAL BLVD & 800 BLK N,4,1,1,2,1,4,,,35,0,0,0,0,0,2,2,13
,2015_66056,39.708516,-105.025084,8/9/2015 19:47,19:47,12,0,0,ALASKA PL W & FEDERAL BLVD S,1,1,0,0,1,4,,,25,0,0,0,0,0,2,2,13
,2015_66057,39.668573,-105.02509,8/1/2015 16:17,16:17,1,0,1,FEDERAL BLVD S & COLLEGE AVE W,1,1,0,7,1,1,,,40,0,0,0,1,3,2,2,16
,2015_66058,39.667554,-105.025112,8/31/2015 9:37,9:37,11,0,0,FEDERAL BLVD 2700 BLK S & YALE AVE W,1,1,0,0,1,4,,,35,0,1,0,0,1,2,2,13
,2015_66059,39.667172,-105.025124,8/1/2015 22:20,22:20,11,0,1,FEDERAL BLVD S & YALE AVE W,1,3,0,0,1,4,,,40,0,1,0,0,2,2,2,13
,2015_66060,39.666912,-105.025131,8/31/2015 11:05,11:05,3,0,0,FEDERAL BLVD S & YALE AVE W,1,1,0,0,1,1,,,30,0,0,0,0,0,2,2,12
,2015_66073,39.689226,-105.053261,3/27/2015 18:50,18:50,12,0,0,SHERIDAN BLVD 1500 BLK S & FLORIDA AVE W,1,1,0,0,1,4,,,35,0,0,0,0,0,2,2,3
,2015_66075,39.707719,-105.053264,5/4/2015 10:55,10:55,3,0,0,SHERIDAN BLVD S & VIRGINIA AVE W,1,1,1,0,1,1,,,35,0,0,0,0,0,2,2,1
,2015_66078,39.72702,-105.053139,6/23/2015 15:47,15:47,15,0,0,SHERIDAN BLVD & 600 BLK N,1,1,1,0,1,4,,,35,0,0,0,0,0,2,2,13
,2015_66082,39.791049,-105.053247,4/28/2015 12:17,12:17,12,0,0,SHERIDAN BLVD 5100 BLK N & 52ND AVE W,1,1,1,0,1,3,,,35,0,0,0,0,0,2,2,3
,2015_66092,39.61833,-105.091109,3/23/2015 17:44,17:44,12,0,0,WADSWORTH BLVD S & CRESTLINE AVE W,1,1,0,0,1,1,,,45,0,0,0,0,0,2,2,3
,2015_66117,39.635523,-104.89346,8/9/2015 13:53,13:53,1,0,0,I-225 NB OFF RAMP & TAMARC ST,1,1,0,0,1,1,,,35,0,0,0,0,0,1,2,13
,2015_66118,39.639275,-104.885096,4/3/2015 22:16,22:16,12,0,0,YOSEMITE ST S & I-225 SB RAMPS,1,3,0,0,1,1,,,35,0,0,0,0,0,1,2,13
,2015_66126,39.779661,-104.967133,4/6/2015 17:54,17:54,1,0,0,BRIGHTON BLVD N & I-70,1,1,0,0,1,1,,,15,0,0,0,0,0,2,2,13
,2015_66141,39.652994,-104.9253,7/23/2015 15:13,15:13,12,0,0,HAMPDEN AVE 5300 BLK E & GRAPE ST S,1,1,0,0,1,4,,,35,0,0,0,0,0,2,2,3
,2015_66142,39.65298,-104.919997,5/20/2015 12:55,12:55,15,0,0,HAMPDEN AVE 5800 BLK E & IVY WAY S,1,1,1,0,1,1,,,45,0,0,0,0,0,2,2,13
,2015_66144,39.652997,-104.923172,10/1/2015 17:45,17:45,15,0,0,HAMPDEN AVE E & HOLLY ST S,1,1,0,0,1,4,,,35,0,0,0,0,0,2,2,16
,2015_66145,39.746406,-105.025219,8/9/2015 0:00,0:00,3,0,0,FEDERAL BLVD N & 19TH AVE W,1,3,0,0,1,1,,,25,0,0,0,0,0,2,2,8
,2015_66146,39.764417,-105.02517,3/16/2015 17:01,17:01,12,0,0,FEDERAL BLVD & 3400 BLK N,1,1,0,0,1,4,,,30,0,0,0,0,0,2,3,1
,2015_66147,39.780247,-105.025224,9/20/2015 20:17,20:17,1,0,0,FEDERAL BLVD N & 46TH AVE W,1,3,0,0,1,1,,,35,0,0,0,0,0,2,2,13
,2015_66148,39.78466,-105.025209,8/10/2015 8:50,8:50,1,0,0,FEDERAL BLVD 4800 BLK N & I-70 WB RAMP,1,1,0,0,1,3,,,35,0,0,0,0,0,2,3,14
,2015_66338,0,0,3/3/2015 15:43,15:43,10,0,0,1ST AVE E & MADISON ST N,1,1,0,0,1,1,,,30,0,0,0,0,0,4,2,3
,2015_66339,0,0,1/7/2015 17:08,17:08,12,0,0,1ST AVE E & STEELE ST N,1,3,0,7,1,4,,,30,0,0,0,0,0,4,3,14
,2015_66340,0,0,3/7/2015 15:33,15:33,3,0,0,1ST AVE E & STEELE ST N,1,1,0,7,1,1,,,25,0,0,0,0,0,4,2,16
,2015_66341,0,0,6/8/2015 13:25,13:25,3,0,0,7TH AVE W & KALAMATH ST N,1,1,0,0,1,1,,,35,0,0,0,0,0,4,2,3
,2015_66342,0,0,6/17/2015 14:26,14:26,15,0,0,8TH AVE 2800 BLK E & BELLAIRE ST N,1,1,0,0,1,4,,,30,0,0,0,0,0,4,3,13
,2015_66343,0,0,4/8/2015 8:33,8:33,12,0,0,8TH AVE W & DECATUR ST N,1,1,0,7,1,3,,,30,0,0,0,0,0,4,2,14
,2015_66344,0,0,7/15/2015 21:40,21:40,3,0,0,8TH AVE W & N SPEER BL,1,3,0,7,1,1,,,35,0,0,0,0,0,4,2,7
,2015_66345,0,0,8/19/2015 18:05,18:05,12,0,0,7TH AVE E & DOWNING ST N,1,1,0,7,1,4,,,30,0,0,0,0,0,4,2,3
,2015_66346,0,0,1/2/2015 13:20,13:20,3,0,0,9TH AVE E & WASHINGTON ST N,2,1,1,7,1,1,,,30,0,0,0,0,0,4,2,16
,2015_66347,0,0,6/27/2015 18:02,18:02,3,0,0,10TH AVE W & INCA ST N,1,1,0,7,1,1,,,25,0,0,0,0,0,4,2,16
,2015_66348,0,0,4/26/2015 18:00,18:00,6,0,0,12TH AVE 100 BLK E & SHERMAN ST N,2,1,0,1,1,4,,,30,0,0,0,0,0,4,2,5
,2015_66349,0,0,1/31/2015 22:00,22:00,6,0,0,13TH AVE E & CORONA ST N,4,3,0,2,1,4,,,30,0,0,0,0,0,4,4,16
,2015_66350,0,0,5/29/2015 7:55,7:55,12,0,0,13TH AVE E & SHERMAN ST N,1,1,0,7,1,3,,,30,0,0,0,0,0,4,2,16
,2015_66351,0,0,7/16/2015 17:32,17:32,3,0,0,13TH AVE E & WASHINGTON ST N,1,1,0,7,1,1,,,30,0,0,0,0,0,4,2,16
,2015_66352,0,0,2/12/2015 17:18,17:18,2,0,0,13TH AVE W & ZUNI ST N,1,1,1,0,1,1,,,30,1,0,0,0,1,4,2,13
,2015_66353,0,0,1/8/2015 17:00,17:00,6,0,0,14TH AVE W & BANNOCK ST N,1,2,0,7,1,4,,,30,0,0,0,0,0,4,2,16
,2015_66354,0,0,9/16/2015 19:07,19:07,3,0,0,17TH AVE 8300 BLK E & VALENTIA ST N,1,1,0,0,1,1,,,30,0,0,0,0,0,4,2,13
,2015_66355,0,0,3/22/2015 15:01,15:01,15,0,0,17TH AVE & 700 BLK E,1,1,0,0,1,4,,,30,0,0,0,0,0,4,2,13
,2015_66356,0,0,7/30/2015 11:15,11:15,6,0,0,17TH AVE & 5800 BLK E,1,1,0,7,1,4,,,30,0,0,0,0,0,4,2,14
,2015_66357,0,0,1/15/2015 8:53,8:53,15,0,0,18TH AVE E & BROADWAY ST N,1,1,0,7,1,1,,,30,0,0,0,0,0,4,2,16
,2015_66358,0,0,2/13/2015 9:09,9:09,3,0,0,18TH AVE E & DOWINING ST N,1,1,0,7,1,1,,,30,0,0,0,0,0,4,2,3
,2015_66359,0,0,6/22/2015 16:30,16:30,3,0,0,18TH AVE E & HIGH ST N,1,1,0,7,1,1,,,30,0,0,0,0,0,4,2,16
,2015_66360,0,0,5/1/2015 8:11,8:11,12,0,0,18TH AVE E & LOGAN ST N,1,1,1,7,1,1,,,30,0,0,0,0,0,4,2,16
,2015_66361,0,0,1/15/2015 10:27,10:27,3,0,0,18TH AVE E & PENNSYLVANIA ST N,1,1,0,0,1,1,,,30,0,0,0,0,1,4,3,13
,2015_66362,0,0,8/9/2015 15:35,15:35,3,0,0,26TH AVE W & N QUITMAN ST,1,1,0,7,1,1,,,25,0,0,0,0,0,4,2,16
,2015_66363,0,0,2/27/2015 22:22,22:22,3,0,0,29TH AVE W & WYANDOT ST N,5,3,0,0,1,1,,,25,0,0,0,0,0,4,2,13
,2015_66364,0,0,2/17/2015 17:07,17:07,1,0,0,29TH AVE W & ZUNI ST N,1,1,0,7,1,1,,,35,0,0,0,0,0,4,2,16
,2015_66365,0,0,6/30/2015 9:30,9:30,3,0,0,29TH AVE W & ZUNI ST N,1,1,0,7,1,3,,,30,0,0,0,0,0,4,2,16
,2015_66366,0,0,8/15/2015 17:09,17:09,3,0,0,37TH AVE E & YORK ST N,1,1,0,0,1,1,,,30,0,0,0,0,1,4,2,13
,2015_66367,0,0,3/26/2015 8:40,8:40,12,0,0,38TH AVE & 1100 BLK W,1,1,1,0,1,4,,,35,0,0,0,0,0,4,2,13
,2015_66368,0,0,7/6/2015 20:41,20:41,6,0,0,38TH AVE E & HIGH ST N,1,3,0,7,1,4,,,25,0,0,0,0,0,4,2,14
,2015_66369,0,0,7/3/2015 13:23,13:23,3,0,0,38TH AVE 3500 BLK W & KING ST N,1,1,0,0,1,5,,,30,0,0,0,0,0,4,2,8
,2015_66370,0,0,2/4/2015 7:10,7:10,12,0,0,45TH AVE E & HAVANA ST N,5,1,0,2,1,1,,,30,0,0,0,0,0,4,2,16
,2015_66371,0,0,3/5/2015 3:05,3:05,3,0,0,46TH AVE E & ESPANA WAY N,1,1,0,0,1,1,,,25,0,0,0,0,0,4,2,7
,2015_66372,0,0,4/27/2015 11:42,11:42,6,0,0,51ST AVE E & VICTOR WAY N,2,1,0,1,1,4,,,30,0,0,0,0,0,4,2,16
,2015_66373,0,0,10/16/2015 21:10,21:10,5,0,0,56TH AVE 12000 BLK E & PEORIA ST N,1,3,0,0,3,4,,,45,0,0,0,0,0,4,1,5
,2015_66374,0,0,3/15/2015 9:46,9:46,12,0,0,56TH AVE E & POTOMAC WY N,1,1,0,7,1,1,,,40,0,0,0,0,1,4,4,2
,2015_66375,0,0,3/8/2015 0:20,0:20,15,0,0,ALAMEDA AVE 400 BLK E & PENNSYLVANIA AVE S,1,3,0,0,1,4,,,30,0,0,0,0,0,4,2,5
,2015_66376,0,0,7/1/2015 12:22,12:22,12,0,0,ALAMEDA AVE 400 BLK E & PENNSYLVANIA ST S,1,1,0,7,1,4,,,30,0,0,0,0,0,4,2,1
,2015_66377,0,0,4/27/2015 6:45,6:45,5,0,0,ANDREWS DR E & WORCHESTER ST N,2,1,0,1,2,1,,,30,0,0,0,0,0,4,1,14
,2015_66378,0,0,2/14/2015 12:37,12:37,3,0,0,ARKANSAS AVE & 3125 W,1,1,0,0,1,2,,,25,0,0,0,0,0,4,2,7
,2015_66379,0,0,9/29/2015 13:51,13:51,11,1,0,CHESTNUT PL & 19TH ST,1,1,0,0,1,1,,,,0,1,0,0,4,4,2,13
,2015_66380,0,0,12/27/2015 23:36,23:36,3,0,2,ANDREWS DR E & PEORIA ST N,10,3,1,0,1,1,,,25,0,0,0,0,3,4,2,9
,2015_66381,0,0,6/12/2015 7:20,7:20,15,0,0,BROADWAY ST 400 BLK N & 4TH AVE W,2,1,0,1,1,1,,,35,0,0,0,0,0,4,2,13
,2015_66382,0,0,6/7/2015 0:58,0:58,15,0,1,BROADWAY ST 1000 BLK N & 11TH AVE,1,3,0,7,1,4,,,35,0,0,0,1,3,4,2,1
,2015_66383,0,0,12/24/2015 0:30,0:30,3,0,0,BROADWAY ST S & OHIO AVE E,1,3,0,0,1,1,,,30,0,0,0,0,0,4,2,14
,2015_66384,0,0,2/24/2015 7:55,7:55,12,0,0,BROADWAY ST N & 19TH ST,6,1,0,6,1,1,,,30,0,0,0,0,0,4,2,16
,2015_66385,0,0,4/24/2015 10:26,10:26,15,0,0,BROADWAY ST 600 BLK N & SPEER BLVD N,1,1,1,7,1,4,,,30,0,0,0,0,0,4,2,16
,2015_66386,0,0,7/8/2015 17:50,17:50,6,0,0,CEDAR AVE W & 2290,1,1,0,0,1,4,,,25,0,0,0,0,0,4,2,14
,2015_66387,0,0,5/5/2015 15:05,15:05,12,0,0,CEDAR AVE W & FEDERAL BLVD S,2,1,1,1,1,3,,,25,0,0,0,0,0,4,2,7
,2015_66388,0,0,4/23/2015 7:56,7:56,3,0,0,CEDAR PL E & QUEBEC ST S,1,1,0,0,1,1,,,30,0,0,0,0,0,4,2,13
,2015_66389,0,0,8/13/2015 7:10,7:10,2,0,0,CENTER AVE E & DAYTON ST S,1,1,0,0,1,2,,,25,1,0,0,0,0,4,2,13
,2015_66390,0,0,6/25/2015 15:18,15:18,12,0,0,CENTER AVE E & UNIVERSITY BLVD S,1,1,0,0,1,3,,,25,0,0,0,0,0,4,2,3
,2015_66391,0,0,1/7/2015 3:08,3:08,5,0,0,CHERRY CREEK DR S E & UNIVERSITY BLVD S,5,3,0,2,3,1,,,30,0,0,0,0,0,4,1,13
,2015_66392,0,0,3/24/2015 11:30,11:30,6,0,0,COLUMBINE ST 1400 BLK N & 14TH AVE E,1,1,0,7,1,4,,,25,0,0,0,0,0,4,2,16
,2015_66393,0,0,4/30/2015 21:20,21:20,3,0,0,CORONA ST N & 6TH AVE E,1,3,0,7,1,1,,,30,0,0,0,0,0,4,2,16
,2015_66394,0,0,1/12/2015 7:20,7:20,5,0,0,CROWN BLVD N & RANDOLPH PL E,1,1,0,0,3,1,,,25,0,0,0,0,0,4,2,13
,2015_66396,0,0,3/17/2015 7:55,7:55,12,0,0,DAHLIA ST 888 BLK N & 9TH AVE,1,1,0,0,1,4,,,30,0,0,0,0,0,4,2,13
,2015_66397,0,0,4/24/2015 10:38,10:38,6,0,0,DAHLIA ST N & 19TH AVE E,1,1,1,7,1,4,,,25,0,0,0,0,0,4,2,16
,2015_66399,0,0,6/16/2015 6:33,6:33,6,0,0,DOWNING ST S & ELLSWORTH AVE E,1,1,0,7,1,4,,,30,0,0,0,0,0,4,3,3
,2015_66400,0,0,3/26/2015 15:45,15:45,12,0,0,DOWNING ST S & E HARVARD AVE,1,1,0,7,1,1,,,30,0,0,0,0,1,4,2,3
,2015_66401,0,0,2/17/2015 8:40,8:40,5,0,0,DUNKIRK ST N & 53RD AVE E,5,1,0,7,3,1,,,35,0,0,0,0,1,4,1,16
,2015_66402,0,0,1/13/2015 15:45,15:45,6,0,0,ELIOT ST & 4800 BLK N,1,1,0,0,1,4,,,30,0,0,0,0,0,4,3,3
,2015_66403,0,0,2/6/2015 18:25,18:25,1,0,0,ELLSWORTH AVE E & STEELE ST N,1,3,0,7,1,1,,,30,0,0,0,0,0,4,2,16
,2015_66404,0,0,7/12/2015 13:04,13:04,14,0,0,ELM CT 4900 BLK N & 50TH AVE W,1,1,0,7,1,4,,,25,0,0,0,0,0,4,2,3
,2015_66405,0,0,6/19/2015 16:35,16:35,12,0,0,EVANS AVE & 4800 BLK E EVANS AVE,1,2,0,0,1,4,,,20,0,0,0,0,0,4,2,13
,2015_66406,0,0,4/11/2015 13:00,13:00,12,0,0,EVANS AVE E & CLERMONT ST S,1,1,0,7,1,4,,,35,0,0,0,0,0,4,2,3
,2015_66407,0,0,7/31/2015 17:20,17:20,12,0,0,EVANS AVE 1700 BLK E & GILPIN ST S,1,1,0,7,1,4,,,30,0,0,0,0,1,4,2,16
,2015_66408,0,0,5/26/2015 12:18,12:18,14,0,0,EVANS AVE E & LEYDEN ST S,1,1,0,0,1,1,,,35,0,0,0,0,0,4,2,3