id,drcog_id,latitude,longitude,crashtime,time,crashtype,numbkilled,numbinjurd,drcoglocat,rdconditin,lightngcon,roadcntgrd,weatherco,location,roaddescrp,schoolzone,constrzone,splimit,bikeinv,pedinv,sctrinv,motoinv,svrty,rdsystem,ttlvehcls,hcf
,2015_66409,0,0,6/2/2015 8:49,8:49,12,0,0,EVANS AVE 1300 BLK W & LIPAN ST S,1,1,0,7,1,4,,,35,0,0,0,0,0,4,3,16
,2015_66410,0,0,6/19/2015 16:27,16:27,12,0,0,EVANS AVE E & MONACO ST S,1,1,0,7,1,4,,,35,0,0,0,0,0,4,2,3
,2015_66411,0,0,10/27/2015 7:35,7:35,12,0,0,GVR BLVD E & PENA BLVD,1,1,0,0,1,3,,,35,0,0,0,0,0,4,2,16
,2015_66412,0,0,1/8/2015 17:53,17:53,12,0,0,FRANKLIN ST 1800 N & 19TH AVE E,1,3,0,0,1,2,,,25,0,0,0,0,0,4,2,13
,2015_66413,0,0,2/20/2015 20:20,20:20,1,0,0,GVR BLVD & PENA BLVD,2,3,0,2,1,3,,,40,0,0,0,0,0,4,2,14
,2015_66414,0,0,8/19/2015 12:40,12:40,12,0,0,FRANKLIN ST 1800 BLK N & 18TH AVE E,1,1,0,7,1,4,,,30,0,0,0,0,1,4,2,12
,2015_66415,0,0,7/13/2015 0:02,0:02,6,0,0,HOLLY ST N & 1135,1,3,0,0,2,2,,,25,0,0,0,0,0,4,2,13
,2015_66416,0,0,4/14/2015 14:57,14:57,10,0,0,HOLLY ST S & CEDAR AVE E,1,1,1,0,1,1,,,25,0,0,0,0,0,4,2,14
,2015_66417,0,0,8/29/2015 16:05,16:05,2,0,1,HUDSON ST N & 13TH AVE E,1,1,0,0,1,2,,,25,1,0,0,0,3,4,2,14
,2015_66418,0,0,12/18/2015 19:25,19:25,6,0,0,HOLLY ST & 900 BLK S,2,3,0,7,1,4,,,35,0,0,0,0,1,4,2,3
,2015_66419,0,0,11/10/2015 14:56,14:56,11,0,1,JULIAN ST N & 38TH AVE W,1,1,1,0,1,1,,,30,0,1,0,0,2,4,2,13
,2015_66420,0,0,6/7/2015 22:13,22:13,3,0,1,JASON ST S & WARREN AVE W,1,3,0,7,1,1,,,30,0,0,0,0,2,4,2,14
,2015_66421,0,0,1/22/2015 18:15,18:15,15,0,0,JEWELL AVE 6400 BLK E & MONACO ST S,5,3,0,0,1,3,,,30,0,0,0,0,0,4,2,1
,2015_66422,0,0,2/2/2015 17:02,17:02,15,0,0,LAWRENCE ST 1700 BLK & 17TH ST,1,1,0,0,1,4,,,30,0,0,0,0,0,4,2,13
,2015_66423,0,0,4/28/2015 16:03,16:03,3,0,0,LINCOLN ST S & DAKOTA AVE E,1,1,0,0,1,1,,,30,0,0,0,0,0,4,2,13
,2015_66424,0,0,4/30/2015 16:19,16:19,3,0,0,LINCOLN ST S & IOWA AVE E,1,1,0,7,1,1,,,25,0,0,0,0,1,4,2,3
,2015_66425,0,0,4/8/2015 21:30,21:30,6,0,0,LOCUST ST & 942 BLK N,1,1,0,0,1,4,,,25,0,0,0,0,0,4,2,14
,2015_66426,0,0,4/19/2015 12:37,12:37,3,0,0,LOGAN ST N & 3RD AVE E,1,1,0,7,1,1,,,30,0,0,0,0,0,4,2,16
,2015_66427,0,0,8/10/2015 22:33,22:33,15,0,0,MARKET ST 1300 BLK & 13TH AVE,1,3,0,7,1,4,,,30,0,0,0,0,0,4,2,16
,2015_66428,0,0,2/19/2015 16:00,16:00,6,0,0,MARKET ST & 19TH ST,1,3,0,7,1,4,,,25,0,0,0,0,0,4,2,16
,2015_66429,0,0,12/7/2015 17:40,17:40,12,0,0,MLK BLVD & ALBION ST N,1,2,0,0,1,4,,,30,0,0,0,0,0,4,2,13
,2015_66430,0,0,2/10/2015 4:58,4:58,5,0,0,MARTIN LUTHER KING JR BLVD 6500 BLK E & MONACO ST N,1,3,0,0,2,3,,,30,0,0,0,0,0,4,1,13
,2015_66431,0,0,5/11/2015 16:32,16:32,1,0,0,MLK BLVD E & MONACO ST N,1,1,0,7,1,1,,,35,0,0,0,0,0,4,2,16
,2015_66432,0,0,1/9/2015 10:35,10:35,3,0,0,MONACO ST S & E EASTMAN AVE,5,1,0,7,1,1,,,35,0,0,0,0,0,4,2,16
,2015_66433,0,0,5/9/2015 17:42,17:42,3,0,0,MONACO ST PKWY 2000 BLK N & MONTVIEW BLVD E,2,2,0,1,1,1,,,30,0,0,0,0,1,4,2,7
,2015_66434,0,0,12/11/2015 20:48,20:48,2,0,0,OSAGE ST N & 35TH AVE W,1,3,1,0,1,1,,,30,1,0,0,0,1,4,2,13
,2015_66435,0,0,3/30/2015 12:58,12:58,6,0,0,OSCEOLA ST & 2600 BLK N,1,1,1,0,1,4,,,25,0,0,0,0,0,4,2,13
,2015_66436,0,0,1/21/2015 16:53,16:53,5,0,0,PARK AVE W & 1900 BLK,5,1,0,2,2,4,,,30,0,0,0,0,0,4,1,7
,2015_66437,0,0,6/28/2015 12:51,12:51,11,0,1,PARK AVE W 1200 BLK & LAWRENCE ST,1,1,0,0,1,4,,,30,0,1,0,0,2,4,2,5
,2015_66438,0,0,1/31/2015 4:30,4:30,6,0,0,PECOS ST 4300 BLK N & 43RD AVE W,1,5,0,2,3,4,,,30,0,0,0,0,0,4,2,5
,2015_66439,0,0,5/4/2015 17:45,17:45,12,0,0,PENA BLVD 4700 BLK & 40TH AVE E,1,1,0,7,1,8,,,35,0,0,0,0,0,4,2,3
,2015_66440,0,0,7/13/2015 20:40,20:40,12,0,1,PENA BLVD 4800 BLK & GVR BLVD,1,3,1,7,1,1,,,35,0,0,0,0,2,4,2,16
,2015_66441,0,0,7/21/2015 18:05,18:05,12,0,0,PENA BLVD 4700 BLK & GVR BLVD,1,1,0,7,1,4,,,45,0,0,0,0,0,4,2,14
,2015_66442,0,0,11/13/2015 5:25,5:25,11,0,1,PEORIA ST N & 45TH AVE E,1,3,0,0,1,1,,,40,0,1,0,0,2,4,2,13
,2015_66443,0,0,11/12/2015 18:00,18:00,15,0,0,PENA BLVD 4800 BLK & GVR BLVD,1,3,0,0,1,8,,,45,0,0,0,0,0,4,2,13
,2015_66444,0,0,2/10/2015 17:32,17:32,1,0,0,PEORIA ST N & ALBROOK DR E,1,2,0,0,1,1,,,35,0,0,0,0,1,4,3,5
,2015_66445,0,0,6/21/2015 12:13,12:13,2,0,0,QUEBEC ST N & 7TH AVE E,1,1,1,0,1,1,,,,1,0,0,0,1,4,2,13
,2015_66446,0,0,5/17/2015 3:23,3:23,5,0,0,1ST ST 3100 BLK E & STEELE ST S,1,3,0,0,3,4,,,30,0,0,0,0,0,4,1,1
,2015_66447,0,0,5/2/2015 15:52,15:52,12,0,0,QUEBEC ST 1600 N & 17TH AVE E,1,1,0,7,1,4,,,30,0,0,0,0,0,4,2,2
,2015_66448,0,0,12/13/2015 18:55,18:55,12,0,0,7TH ST & WATER ST,1,3,0,0,1,1,,,35,0,0,0,0,0,4,2,13
,2015_66449,0,0,1/6/2015 8:04,8:04,12,0,0,QUEBEC ST 1900 BLK S & JEWELL AVE E,5,1,0,7,1,4,,,35,0,0,0,0,0,4,2,16
,2015_66450,0,0,4/22/2015 11:45,11:45,11,0,1,9TH ST & AURARIA PKWY,1,1,0,0,1,1,,,35,0,1,0,0,2,4,2,13
,2015_66451,0,0,3/5/2015 20:14,20:14,15,0,0,11TH ST & 1400 BLK,1,3,0,0,1,4,,,25,0,0,0,0,0,4,2,13
,2015_66452,0,0,6/29/2015 17:47,17:47,15,0,0,19TH ST & LAWRENCE ST,1,1,0,0,1,1,,,30,0,0,0,0,0,4,2,8
,2015_66453,0,0,10/14/2015 19:30,19:30,15,0,0,SANTA FE DR S & ALAMEDA AVE W,1,3,0,0,1,1,,,30,0,0,0,0,0,4,2,14
,2015_66454,0,0,8/11/2015 17:40,17:40,15,0,0,21ST ST 400 BLK & GLENARM PL,1,1,0,1,1,4,,,25,0,0,0,0,0,4,2,16
,2015_66455,0,0,4/18/2015 11:30,11:30,3,0,0,22ND ST & LAWRENCE ST,1,1,0,7,1,1,,,30,0,0,0,0,0,4,2,7
,2015_66456,0,0,2/12/2015 12:12,12:12,12,0,0,SPEER BLVD & 1600 BLK N,1,1,1,0,1,4,,,30,0,0,0,0,0,4,2,13
,2015_66457,0,0,5/8/2015 22:45,22:45,10,0,0,SPEER BLVD N & 11TH AVE W,2,3,0,1,1,1,,,35,0,0,0,0,0,4,2,8
,2015_66458,0,0,6/23/2015 14:45,14:45,10,0,0,SPEER BLVD N & 13TH AVE W,1,1,0,0,1,1,,,30,0,0,0,0,0,4,2,13
,2015_66459,0,0,4/17/2015 10:20,10:20,12,0,0,STEELE ST 000 BLK S & BAYAUD AVE E,2,1,0,1,1,3,,,30,0,0,0,0,0,4,2,16
,2015_66460,0,0,5/19/2015 22:40,22:40,6,0,0,TENNYSON ST 1200 BLK S & ARIZONA AVE W,2,3,0,1,1,4,,,25,0,0,0,0,0,4,2,16
,2015_66461,0,0,11/29/2015 10:22,10:22,15,0,0,TENNESSEE AVE E & NIAGARA ST S,1,1,0,0,1,1,,,30,0,0,0,0,0,4,2,13
,2015_66462,0,0,3/11/2015 10:00,10:00,1,0,0,TEJON ST N & 36TH AVE W,1,1,0,0,1,1,,,30,0,0,0,0,0,4,2,13
,2015_66463,0,0,2/22/2015 0:30,0:30,5,0,0,TEJON ST S & NEVADA PL W,5,3,1,2,3,4,,,25,0,0,0,0,0,4,1,2
,2015_66464,0,0,6/5/2015 15:54,15:54,12,0,0,TOWER RD 4200 BLK N & 43RD AVE E,1,1,0,7,1,4,,,40,0,0,0,0,0,4,2,3
,2015_66465,0,0,2/26/2015 15:49,15:49,12,0,0,UNIVERSITY BLVD 1800 BLK S & BUCHTEL BLVD E,5,1,0,2,1,4,,,35,0,0,0,0,1,4,3,7
,2015_66466,0,0,3/17/2015 11:25,11:25,15,0,0,UNIVERSITY BLVD 100 BLK S & CHERRY CREEK DR N E,1,1,0,7,1,3,,,30,0,0,0,0,0,4,2,16
,2015_66467,0,0,7/7/2015 10:20,10:20,12,0,0,UNIVERSITY BLVD 000 BLK S & CHERRY CREEK DR N E,1,1,0,7,1,3,,,30,0,0,0,0,0,4,2,4
,2015_66468,0,0,7/17/2015 15:12,15:12,3,0,0,UNIVERSITY BLVD 2000 BLK S & EVANS AVE E,1,1,1,0,1,2,,,30,0,0,0,0,0,4,2,13
,2015_66469,0,0,10/19/2015 13:10,13:10,12,0,1,VALENTIA ST N & 56TH AVE E,1,1,0,0,1,4,,,40,0,0,0,0,2,4,3,12
,2015_66470,0,0,5/2/2015 10:30,10:30,12,0,0,UTICA ST 600 BLK N & 6TH AVE FRONTAGE RD W (NOT CDOT),1,1,0,0,1,3,,,25,0,0,0,0,0,4,2,13
,2015_66471,0,0,7/22/2015 14:18,14:18,3,0,1,VINE ST S & MISSISSIPPI AVE E,1,1,0,7,1,1,,,25,0,0,0,0,2,4,2,16
,2015_66472,0,0,6/17/2015 20:45,20:45,6,0,0,VIRGINIA AVE W & 3171,1,3,0,0,1,4,,,25,0,0,0,0,0,4,2,7
,2015_66473,0,0,1/14/2015 16:46,16:46,15,0,0,WAZEE ST & PARK AVE W,1,2,0,7,1,4,,,35,0,0,0,0,0,4,2,7
,2015_66474,0,0,7/21/2015 13:29,13:29,10,0,0,WAZEE ST & PARK AVE W,1,1,0,0,1,1,,,35,0,0,0,0,0,4,2,8
,2015_66475,0,0,1/31/2015 18:30,18:30,5,0,0,WEWATTA ST 1500 BLK & DELGANY ST,1,3,0,7,3,4,,,30,0,0,0,0,0,4,1,5
,2015_66476,0,0,5/22/2015 16:13,16:13,3,0,0,XENIA ST N & 13TH AVE E,1,1,0,7,1,5,,,15,0,0,0,0,0,4,2,16
,2015_66477,0,0,10/2/2015 13:23,13:23,6,0,0,WELTON ST 2700 BLK OF & WELTON ST 2736,1,1,0,7,1,7,,,10,0,0,0,0,0,4,2,16
,2015_66478,0,0,1/20/2015 10:05,10:05,15,0,0,YORK ST & 1200 BLK N,1,1,0,0,1,4,,,30,0,0,0,0,0,4,2,13
,2015_66479,0,0,4/20/2015 12:00,12:00,12,0,0,YORK ST & 1400 BLK N,1,1,0,0,1,3,,,25,0,0,0,0,0,4,2,13
,2015_66480,0,0,4/18/2015 11:49,11:49,15,0,0,YOSEMITE ST N & LOWRY BLVD E,1,1,1,0,1,6,,,30,0,0,0,0,0,4,2,13
,2015_66481,0,0,3/31/2015 15:38,15:38,12,0,0,ZUNI ST & 3400 BLK N,1,1,1,0,1,4,,,30,0,0,0,0,0,4,2,13
,2015_66533,39.768144,-104.994545,3/15/2015 0:03,0:03,5,0,0,PARK AVE WEST & I-25 NB ON SLIP RAMP,1,3,0,0,2,8,,,35,0,0,0,0,0,1,1,5
,2015_66611,39.682961,-104.940372,5/11/2015 13:08,13:08,12,0,0,COLORADO BLVD S & I-25,1,1,1,0,1,3,,,35,0,0,0,0,0,2,2,3
,2015_66612,39.685667,-104.940548,8/12/2015 17:11,17:11,1,0,0,COLORADO BLVD S & MEXICO AVE E,1,1,0,0,1,1,,,35,0,0,0,0,0,2,2,3
,2015_66613,39.687563,-104.940549,2/19/2015 17:00,17:00,1,0,0,COLORADO BLVD S & IOWA AVE E,1,1,0,0,1,1,,,35,0,0,0,0,0,2,2,13
,2015_66614,39.760205,-104.940518,7/16/2015 8:10,8:10,1,0,0,COLORADO BLVD N & 30TH AVE E,1,1,0,1,1,1,,,35,0,0,0,0,0,2,2,13
,2015_66615,39.741933,-104.94061,4/6/2015 14:53,14:53,12,0,0,COLORADO BLVD & 1600 BLK N,1,1,0,0,1,4,,,35,0,0,0,0,0,2,4,13
,2015_66616,39.729182,-104.940625,10/8/2015 14:27,14:27,5,0,0,8TH AVE E & COLORADO BLVD N,1,1,0,0,3,1,,,35,0,0,0,0,0,2,1,14
,2015_66617,39.754512,-104.940549,7/21/2015 13:00,13:00,1,0,0,COLORADO BLVD N & 26TH AVE E,1,1,0,0,1,1,,,30,0,0,0,0,0,2,3,13
,2015_66628,39.725205,-105.018063,3/20/2015 19:18,19:18,15,0,0,6TH AVE W & I-25 EB ON RAMP,1,1,0,0,1,4,,,45,0,0,0,0,0,2,2,13
,2015_66629,39.725516,-105.013084,1/6/2015 7:20,7:20,5,0,0,6TH AVE W & I-25,5,1,1,0,3,4,,,55,0,0,0,0,0,2,1,13
,2015_66630,39.725516,-105.013084,1/9/2015 16:06,16:06,12,0,0,6TH AVE W & I-25,2,1,0,0,1,4,,,55,0,0,0,0,0,2,2,14
,2015_66659,39.634235,-104.90683,1/4/2015 1:50,1:50,5,0,0,I-25 & I-225,12,3,0,0,2,8,,,55,0,0,0,0,0,1,1,7
,2015_66660,39.654457,-104.918892,10/26/2015 12:25,12:25,15,0,0,I-25 SB OFF RAMP & HAMPDEN AVE E,1,1,0,0,1,8,,,65,0,0,0,0,0,1,2,16
,2015_66661,39.653075,-104.918243,6/10/2015 17:36,17:36,12,0,0,I-25 & HAMPDEN AVE E,1,1,0,0,1,4,,,65,0,0,0,0,1,1,2,13
,2015_66662,39.661054,-104.921829,6/4/2015 7:38,7:38,12,0,0,I-25 & YALE AVE E,1,1,1,0,1,4,,,65,0,0,0,0,1,1,2,13
,2015_66663,39.66762,-104.92561,11/18/2015 21:50,21:50,15,0,0,I-25 & YALE AVE E,1,3,0,0,1,1,,,65,0,0,0,0,0,1,2,13
,2015_66664,39.678252,-104.933467,5/2/2015 23:15,23:15,15,0,0,I-25 NB OFF SLIP RAMP & EVANS AVE E,1,3,0,0,1,8,,,45,0,0,0,0,0,1,2,1
,2015_66665,39.678363,-104.933558,1/14/2015 18:07,18:07,12,0,0,I-25 & EVANS AVE E,1,3,0,0,1,4,,,65,0,0,0,0,0,1,2,3
,2015_66666,39.6849,-104.95339,12/18/2015 21:21,21:21,15,0,0,I-25 SB ON RAMP GORE POIN & UNIVERSITY BLVD S,5,3,1,0,1,8,,,35,0,0,0,0,0,1,3,13
,2015_66667,39.692984,-104.977674,2/12/2015 15:35,15:35,12,0,0,I-25 & LOUISIANA AVE E,1,1,0,0,1,4,,,60,0,0,0,0,0,1,3,3
,2015_66669,39.712259,-104.999523,5/24/2015 11:29,11:29,12,0,0,I-25 & ALAMEDA AVE W,1,1,0,0,1,4,,,55,0,0,0,0,0,1,3,13
,2015_66670,39.713064,-105.000002,3/7/2015 21:27,21:27,3,0,0,KALAMATH ST S & CEDAR AVE/ I-25 NB ON RAMP,1,3,0,0,1,1,,,30,0,0,0,1,1,1,2,5
,2015_66671,39.71413,-105.00067,3/29/2015 2:00,2:00,5,0,0,I-25 & ALAMEDA AVE W SB RAMP ENT PT,1,3,0,0,3,4,,,60,0,0,0,0,0,1,1,14
,2015_66673,39.718618,-105.005529,3/9/2015 10:59,10:59,12,0,1,I-25 & 1ST AVE W (NOT IN CORIS),1,1,0,0,1,4,,,55,0,0,0,1,3,1,2,7
,2015_66674,39.72543,-105.013021,12/9/2015 9:40,9:40,12,0,0,I-25 & 6TH AVE W,1,1,0,0,1,4,,,55,0,0,0,0,0,1,2,1
,2015_66675,39.732311,-105.015587,4/22/2015 12:37,12:37,15,0,0,I-25 & 9TH AVE,1,1,0,0,1,4,,,55,0,0,0,0,0,1,2,3
,2015_66676,39.74035,-105.013939,4/16/2015 16:04,16:04,12,0,0,I-25 & COLFAX AVE W,2,1,0,1,1,4,,,55,0,0,0,0,0,1,2,3
,2015_66677,39.741612,-105.014362,7/18/2015 1:29,1:29,12,0,0,I-25 & COLFAX AVE W,1,1,0,0,1,4,,,55,0,0,0,0,0,1,2,5
,2015_66678,39.742788,-105.015374,2/11/2015 7:42,7:42,12,0,0,I-25 SB OFF RAMP & COLFAX AVE W,2,1,1,0,1,4,,,55,0,0,0,0,0,1,3,1
,2015_66679,39.750236,-105.017032,6/15/2015 2:19,2:19,5,0,0,I-25 & 23RD AVE W,1,3,0,0,2,4,,,60,0,0,0,0,0,1,1,2
,2015_66680,39.755141,-105.012706,5/15/2015 15:32,15:32,15,0,0,I-25 & SPEER BLVD,1,1,0,0,1,4,,,55,0,0,0,0,0,1,2,3
,2015_66681,39.755141,-105.012706,7/17/2015 9:12,9:12,12,0,0,I-25 & SPEER BLVD N,1,1,0,0,1,4,,,55,0,0,0,0,1,1,3,8
,2015_66682,39.760997,-105.004275,10/1/2015 13:38,13:38,15,0,0,I-25 & 20TH ST,1,1,0,0,1,4,,,55,0,0,0,0,0,1,2,13
,2015_66683,39.760222,-105.00551,6/18/2015 18:37,18:37,12,0,1,I-25 & 20TH ST,1,1,0,0,1,4,,,55,0,0,0,0,3,1,2,13
,2015_66684,39.771096,-104.990646,3/2/2015 13:45,13:45,12,0,0,I-25 SB ON RAMP GORE PT & I-70,2,1,0,0,1,8,,,55,0,0,0,0,0,1,2,13
,2015_66702,39.711131,-105.032417,1/7/2015 4:20,4:20,5,0,1,MORRISON RD & ALAMEDA AVE W,5,3,0,0,3,1,,,35,0,0,0,0,2,2,1,7
,2015_66703,39.711094,-105.029897,7/9/2015 5:40,5:40,15,0,0,ALAMEDA AVE W & IRVING ST S,1,1,0,0,1,4,,,35,0,0,0,0,0,2,2,3
,2015_66704,39.711184,-105.000622,2/8/2015 15:45,15:45,1,0,0,ALAMEDA AVE W & PLATTE RIVER DR S,1,1,0,0,1,1,,,25,0,0,0,0,0,2,2,13
,2015_66705,39.711094,-105.029897,10/25/2015 18:22,18:22,10,0,1,ALAMEDA AVE W & IRVING ST S,1,1,0,0,1,1,,,35,0,0,0,0,2,2,2,13
,2015_66706,39.711196,-104.999979,4/23/2015 14:16,14:16,12,0,0,ALAMEDA AVE W & I-25 SB OFF RAMP,1,1,0,0,1,4,,,30,0,0,0,0,1,2,5,14
,2015_66707,39.653087,-104.907944,6/4/2015 12:57,12:57,3,0,0,HAMPDEN AVE 6900 BLK E & ONEIDA ST S,1,1,0,0,1,2,,,35,0,0,0,0,0,2,2,3
,2015_66708,39.65309,-104.900589,7/24/2015 8:10,8:10,3,0,0,HAMPDEN AVE & 7500 BLK E,1,1,0,0,1,2,,,40,0,0,0,0,0,2,2,13
,2015_66709,39.653077,-104.898688,3/26/2015 8:15,8:15,1,0,0,HAMPDEN AVE E & TAMARAC DR S,1,2,1,0,1,1,,,35,0,0,0,0,0,2,2,1
,2015_66710,39.662844,-104.866241,8/13/2015 8:01,8:01,12,0,0,HAVANA ST 2900 BLK S & CORNELL AVE E,1,1,0,0,1,4,,,45,0,0,0,0,1,2,2,13
,2015_66711,39.670857,-104.866047,5/8/2015 23:00,23:00,3,0,0,PARKER RD S & HAVANA ST S,2,3,0,1,1,1,,,45,0,0,0,0,0,2,3,5
,2015_66715,39.709238,-104.865968,8/11/2015 12:10,12:10,2,0,0,HAVANA ST S & DAKOTA AVE E,1,1,0,0,1,1,,,45,1,0,0,0,1,2,2,13
,2015_66722,39.781956,-104.901624,6/13/2015 10:00,10:00,15,0,0,QUEBEC ST N & SANDCREEK RD N,1,1,0,0,1,4,,,35,0,0,0,0,0,2,2,13
,2015_66723,39.781956,-104.901624,8/19/2015 8:10,8:10,12,0,0,NORTHFIELD QUEBEC ST N & SANDCREEK DR S,1,1,1,0,1,1,,,40,0,0,0,0,0,2,2,13
,2015_66756,39.740306,-105.014081,4/22/2015 10:33,10:33,12,0,0,COLFAX AVE W & I-25 UNDERPASS,1,1,0,0,1,3,,,35,0,0,0,0,0,2,2,14
,2015_66757,39.740306,-105.014081,7/9/2015 15:15,15:15,15,0,0,COLFAX AVE W & I-25,1,1,1,0,1,4,,,40,0,0,0,0,0,2,2,13
,2015_66758,39.740038,-105.001467,2/3/2015 12:40,12:40,3,0,0,COLFAX AVE W & LIPAN ST N,1,1,1,0,1,1,,,30,0,0,0,0,0,2,2,13
,2015_66759,39.740041,-104.983517,5/31/2015 0:40,0:40,2,0,0,GRANT ST N & COLFAX AVE E,1,3,0,0,1,1,,,25,1,0,0,0,1,2,2,13
,2015_66760,39.740006,-104.974736,1/19/2015 10:35,10:35,15,0,0,COLFAX AVE E & OGDEN ST N,1,1,0,0,1,1,,,30,0,0,0,0,0,2,2,13
,2015_66761,39.74006,-104.938307,7/1/2015 16:57,16:57,3,0,0,COLFAX AVE 4200 BLK E & ASH ST N,1,1,0,0,1,1,,,30,0,0,0,0,0,2,2,13
,2015_66762,39.740068,-104.922718,3/2/2015 14:01,14:01,12,0,0,COLFAX AVE E & HOLLY ST N,2,1,0,0,1,2,,,15,0,0,0,0,0,2,2,13
,2015_66763,39.74008,-104.898636,2/2/2015 7:16,7:16,15,0,0,COLFAX AVE E & SYRACUSE ST N,5,1,0,0,1,3,,,30,0,0,0,0,0,2,2,14
,2015_66780,39.7783,-104.903459,12/10/2015 14:50,14:50,12,0,0,I-70 & QUEBEC ST N,1,1,0,0,1,4,,,55,0,0,0,0,0,1,2,13
,2015_66784,39.783357,-105.034565,6/19/2015 20:48,20:48,12,0,0,I-70 & LOWELL BLVD N,1,1,0,0,1,1,,,15,0,0,0,0,0,1,2,5
,2015_66785,39.783138,-105.006328,3/2/2015 9:00,9:00,12,0,0,I-70 & PECOS ST N,1,1,0,0,1,4,,,55,0,0,0,0,0,1,2,12
,2015_66786,39.780052,-104.989434,2/2/2015 6:57,6:57,15,0,0,I-70 WB & I-25,5,1,0,0,1,4,,,55,0,0,0,0,0,1,2,13
,2015_66788,39.779435,-104.979009,5/5/2015 12:00,12:00,12,0,0,I-70 & WASHINGTON ST N,2,1,0,1,1,4,,,55,0,0,0,0,0,1,2,13
,2015_66789,39.779697,-104.982203,10/2/2015 6:35,6:35,15,0,0,I-70 EB OFF RAMP & WASHINGTON ST,1,2,0,0,1,8,,,55,0,0,0,0,0,1,2,13
,2015_66790,39.779435,-104.979009,7/5/2015 17:40,17:40,15,0,0,I-70 & WASHINGTON ST N,1,1,1,0,1,4,,,55,0,0,0,0,0,1,2,5
,2015_66791,39.779963,-104.965706,9/22/2015 13:49,13:49,12,0,0,I-70 & BRIGHTON BLVD N,1,1,0,0,1,4,,,55,0,0,0,0,0,1,2,13
,2015_66792,39.779944,-104.940633,8/12/2015 15:41,15:41,15,0,0,I-70 & COLORADO BLVD N,1,1,0,0,1,4,,,55,0,0,0,0,0,1,2,13
,2015_66793,39.780031,-104.93177,1/12/2015 12:36,12:36,15,0,0,I-70 & DAHLIA ST N,1,1,0,0,1,4,,,55,0,0,0,0,1,1,2,13
,2015_66794,39.780031,-104.93177,1/14/2015 15:42,15:42,12,0,0,I-70 & DAHLIA ST N,1,1,1,0,1,4,,,55,0,0,0,0,0,1,2,3
,2015_66795,39.7783,-104.906024,4/16/2015 14:56,14:56,12,0,0,I-70 & NORTHFIELD BLVD/QUEBEC ST N,2,1,0,2,1,4,,,55,0,0,0,0,0,1,2,13
,2015_66796,39.7783,-104.903459,5/22/2015 7:53,7:53,12,0,0,I-70 & QUEBEC ST N,2,1,0,1,1,4,,,55,0,0,0,0,0,1,5,1
,2015_66797,39.776968,-104.881092,6/1/2015 9:41,9:41,15,0,0,I-70 WB DIRECT CONNECT TO NB & I-270,1,1,1,0,1,4,,,55,0,0,0,0,0,1,2,13
,2015_66798,39.776699,-104.878163,4/20/2015 22:30,22:30,15,0,1,I-70 & CENTRAL PARK BLVD N,1,3,0,0,1,4,,,55,0,0,0,0,2,1,3,8
,2015_66799,39.775555,-104.864991,6/13/2015 17:28,17:28,12,0,1,I-70 EB OFF RAMP GORE PT & HAVANA ST N,1,1,1,0,1,4,,,55,0,0,0,0,2,1,2,13
,2015_66823,39.700274,-104.908215,1/15/2015 17:42,17:42,3,0,0,ONEIDA ST S & LEETSDALE DR,1,3,0,0,1,1,,,25,0,0,0,0,0,2,2,3
,2015_66824,39.713041,-104.938454,6/9/2015 11:40,11:40,12,0,0,LEETSDALE DR & CEDAR AVE E,1,1,0,0,1,1,,,35,0,0,0,0,0,2,2,13
,2015_66836,39.696853,-104.991825,10/14/2015 14:25,14:25,15,0,1,SANTA FE DR 1000 BLK S & MISSISSIPPI AVE W,1,1,0,0,1,4,,,35,0,0,0,0,2,2,2,14
,2015_66837,39.706227,-104.996737,4/22/2015 14:49,14:49,12,0,0,SANTA FE DR S & I-25,1,1,1,0,1,4,,,35,0,0,0,0,0,2,2,3
,2015_66841,39.737975,-105.025273,11/16/2015 17:29,17:29,12,0,0,FEDERAL BLVD N & 14TH AVE W,1,3,1,1,1,1,,,35,0,0,0,0,0,2,2,14
,2015_66845,39.732921,-105.02517,6/7/2015 13:04,13:04,3,0,0,10TH AVE W & FEDERAL BLVD N,1,1,0,0,1,1,,,30,0,0,0,0,0,2,2,7
,2015_66846,39.732921,-105.02517,6/26/2015 0:31,0:31,12,0,0,FEDERAL BLVD 900 BLK N & 10TH AVE W,1,3,0,0,1,4,,,35,0,0,0,0,1,2,2,13
,2015_66847,39.731186,-105.025182,6/15/2015 16:45,16:45,1,0,0,FEDERAL BLVD N & 9TH AVE W,1,1,1,0,1,1,,,35,0,0,0,0,1,2,2,13
,2015_66848,39.702059,-105.02506,6/12/2015 17:55,17:55,12,0,0,FEDERAL BLVD 800 BLK S & KENTUCKY AVE W,1,1,0,0,1,4,,,45,0,0,0,0,1,2,2,14
,2015_66849,39.70041,-105.025085,6/11/2015 11:44,11:44,12,0,0,FEDERAL BLVD & KENTUCKY AVE,1,1,0,0,1,1,,,25,0,0,0,0,0,2,2,13
,2015_66850,39.660489,-105.025191,8/12/2015 18:05,18:05,15,0,0,DARTMOUTH AVE W & FEDERAL BLVD S,1,1,0,0,1,1,,,30,0,0,0,0,0,2,2,2