id,drcog_id,latitude,longitude,crashtime,time,crashtype,numbkilled,numbinjurd,drcoglocat,rdconditin,lightngcon,roadcntgrd,weatherco,location,roaddescrp,schoolzone,constrzone,splimit,bikeinv,pedinv,sctrinv,motoinv,svrty,rdsystem,ttlvehcls,hcf
,2015_66856,39.624078,-104.908786,7/23/2015 17:40,17:40,12,0,0,BELLEVIEW AVE E & NIAGARA ST S,1,1,0,0,1,1,,,35,0,0,0,0,0,2,3,7
,2015_66861,39.72734,-105.05322,1/21/2015 19:25,19:25,3,0,0,SHERIDAN BLVD & 6TH AVE FRONTAGE RD N,5,3,1,2,1,1,,,35,0,0,0,0,0,2,2,7
,2015_66876,39.61833,-105.091109,3/11/2015 14:05,14:05,1,0,0,CRESTLINE AVE W & WADSWORTH BLVD S,1,1,0,0,1,1,,,35,0,0,0,0,0,2,2,7
,2015_66877,39.631017,-105.085887,1/22/2015 7:40,7:40,6,0,1,WADSWORTH BLVD & 4800 BLK S,5,1,0,0,1,4,,,45,0,0,0,0,2,2,3,13
,2015_66904,39.630942,-104.90509,8/13/2015 16:41,16:41,12,0,0,I-225 DIRECT CONNECT & I-25,1,1,0,0,1,4,,,65,0,0,0,0,0,1,2,3
,2015_66905,39.635523,-104.89346,6/8/2015 7:44,7:44,1,0,0,TAMARAC ST S & I-225 SB RAMPS,1,1,0,0,1,1,,,30,0,0,0,0,0,1,2,13
,2015_66906,39.635523,-104.89346,3/19/2015 14:58,14:58,1,0,0,TAMARAC ST S & I-225 NB RAMPS,1,1,0,0,1,1,,,35,0,0,0,0,0,1,2,8
,2015_66908,39.639275,-104.885096,4/17/2015 4:17,4:17,12,0,0,I-225 SB RAMPS & YOSEMITE ST S,1,1,0,0,1,3,,,40,0,0,0,0,1,1,2,13
,2015_66920,39.777015,-104.882642,8/14/2015 14:36,14:36,12,0,0,I-270 & CENTRAL PARK BLVD,1,1,1,7,1,4,,,55,0,0,0,0,1,1,3,16
,2015_66921,39.653153,-105.063231,1/9/2015 11:15,11:15,5,0,0,HAMPDEN AVE & 6000 W,2,1,0,0,2,4,,,65,0,0,0,0,0,2,1,13
,2015_66922,39.652752,-105.032492,3/30/2015 10:20,10:20,12,0,0,ALAMEDA AVE W & KNOX CT S,1,1,0,0,1,1,,,15,0,0,0,0,0,2,2,13
,2015_66928,39.757279,-105.025132,7/31/2015 13:40,13:40,12,0,0,FEDERAL BLVD N & 28TH AVE W,1,1,0,0,1,1,,,30,0,0,0,0,0,2,2,13
,2015_66929,39.765402,-105.025174,4/9/2015 18:05,18:05,12,0,0,FEDERAL BLVD N & 35TH AVE W,1,2,0,0,1,4,,,35,0,0,0,0,0,2,2,13
,2015_67057,0,0,7/27/2015 0:09,0:09,6,0,0,40TH AVE W & N QUIVAS ST,1,3,0,7,1,4,,,25,0,0,0,0,0,4,2,14
,2015_67097,0,0,5/24/2015 15:23,15:23,6,0,0,29TH AVE E & LAFAYETTE ST N,2,1,0,2,1,1,,,25,0,0,0,0,0,4,2,14
,2015_67133,0,0,11/26/2015 12:00,12:00,5,0,0,HARVARD AVE E & COOK ST S,4,3,0,2,3,1,,,20,0,0,0,0,0,4,1,7
,2015_67141,0,0,1/9/2015 18:05,18:05,12,0,0,1ST AVE E & GILPIN ST N,1,3,0,7,1,3,,,30,0,0,0,0,0,4,2,16
,2015_67142,0,0,9/9/2015 16:39,16:39,2,0,1,1ST AVE 2500 BLK E & UNIVERSTIY BLVD S,1,1,0,0,1,4,,,30,1,0,0,0,2,4,2,3
,2015_67143,0,0,10/29/2015 14:30,14:30,12,0,0,1ST AVE 2300 BLK E & UNIVERSITY BLVD N,1,1,0,0,1,4,,,30,0,0,0,0,0,4,2,1
,2015_67144,0,0,5/26/2015 12:34,12:34,3,0,0,2ND AVE E & DETROIT FILLMORE ALLEY,1,1,0,0,1,5,,,25,0,0,0,0,0,4,2,13
,2015_67145,0,0,4/15/2015 14:35,14:35,1,0,0,6TH AVE E & MONACO ST N,1,1,0,7,1,1,,,30,0,0,0,0,1,4,2,3
,2015_67146,0,0,7/2/2015 16:00,16:00,12,0,0,8TH AVE E & CLERMONT ST N,1,1,0,7,1,4,,,35,0,0,0,0,0,4,2,16
,2015_67147,0,0,5/21/2015 7:40,7:40,15,0,0,8TH AVE W & DECATUR ST N,1,1,0,7,1,3,,,35,0,0,0,1,1,4,2,14
,2015_67148,0,0,4/2/2015 17:36,17:36,3,0,0,11TH AVE W & DELAWARE ST N,2,1,0,2,1,1,,,25,0,0,0,0,1,4,2,3
,2015_67149,0,0,6/29/2015 17:08,17:08,3,0,0,11TH AVE E & ROSLYN ST N,1,1,0,7,1,1,,,30,0,0,0,0,0,4,2,16
,2015_67150,0,0,6/5/2015 15:15,15:15,6,0,0,12TH AVE W & GALAPAGO ST N,1,1,0,7,1,3,,,30,0,0,0,0,0,4,2,8
,2015_67151,0,0,8/2/2015 19:30,19:30,3,0,0,12TH AVE 800 BLK W & SANTA FE DR N,1,1,0,7,1,5,,,10,0,0,0,0,0,4,2,16
,2015_67152,0,0,5/29/2015 15:10,15:10,15,0,0,13TH AVE 3500 BLK E & MONROE ST N,1,1,0,7,1,4,,,30,0,0,0,0,0,4,2,16
,2015_67153,0,0,3/6/2015 10:51,10:51,10,0,0,14TH AVE E & MADISON ST N,1,1,0,0,1,1,,,30,0,0,0,0,0,4,2,7
,2015_67154,0,0,6/18/2015 9:05,9:05,15,0,0,18TH AVE & LAFAYETTE ST,1,1,0,7,1,1,,,30,0,0,0,0,0,4,2,16
,2015_67155,0,0,4/5/2015 18:21,18:21,12,0,0,23RD AVE W & ALCOTT ST N,1,1,1,7,1,4,,,35,0,0,0,0,0,4,2,16
,2015_67156,0,0,2/2/2015 10:15,10:15,5,0,1,23RD AVE 2900 BLK W & FEDERAL BLVD N,2,1,0,7,3,5,,,25,0,0,0,0,2,4,1,16
,2015_67157,0,0,2/11/2015 17:07,17:07,3,0,0,23RD AVE W & LOWELL BLVD N,1,2,0,7,1,2,,,30,0,0,0,0,0,4,2,16
,2015_67158,0,0,3/24/2015 10:43,10:43,15,0,0,24TH AVE E & YORK ST N,1,1,0,7,1,1,,,30,0,0,0,0,0,4,2,7
,2015_67159,0,0,2/13/2015 14:50,14:50,3,0,0,26TH AVE & 2400 BLK W,1,1,1,0,1,2,,,30,0,0,0,0,0,4,2,13
,2015_67160,0,0,3/30/2015 15:22,15:22,3,0,1,29TH AVE 1400 BLK E & LAFAYETTE ST N,1,1,1,7,1,5,,,15,0,0,0,0,2,4,2,16
,2015_67161,0,0,8/10/2015 14:12,14:12,8,0,0,35TH AVE E & QUEBEC ST N,2,1,0,0,1,1,,,30,0,0,0,0,1,4,2,5
,2015_67162,0,0,5/11/2015 19:43,19:43,8,0,0,38TH AVE 2700 BLK W & CLAY ST N,1,2,0,0,1,4,,,35,0,0,0,0,1,4,2,5
,2015_67163,0,0,8/13/2015 11:15,11:15,3,0,0,40TH AVE E & PENA BLVD N,1,1,0,7,1,1,,,40,0,0,0,0,0,4,2,16
,2015_67164,0,0,1/29/2015 7:55,7:55,12,0,0,44TH AVE E & ANDREWS DR E,1,1,0,7,1,3,,,25,0,0,0,0,0,4,2,16
,2015_67165,0,0,3/24/2015 15:20,15:20,15,0,0,45TH AVE E & HAVANA ST N,1,1,0,0,1,1,,,40,0,0,0,0,0,4,2,13
,2015_67166,0,0,11/15/2015 22:20,22:20,5,0,1,48TH AVE E & CLAUDE CT N,1,3,0,0,3,4,,,25,0,0,0,0,2,4,1,16
,2015_67167,0,0,4/13/2015 8:35,8:35,12,0,0,56TH AVE E & PENA BLVD,1,1,0,7,1,4,,,40,0,0,0,0,0,4,2,16
,2015_67168,0,0,1/13/2015 7:35,7:35,1,0,0,56TH AVE E & QUEBEC ST N,2,1,0,7,1,1,,,35,0,0,0,0,0,4,2,16
,2015_67169,0,0,7/30/2015 14:50,14:50,6,0,0,ACOMA ST 1000 BLK N & 10TH AVE W,1,1,0,7,1,4,,,25,0,0,0,0,0,4,2,10
,2015_67170,0,0,8/1/2015 0:22,0:22,6,0,0,ADAMS ST 1000 BLK N & 10TH AVE E,1,4,0,7,1,4,,,30,0,0,0,0,0,4,2,16
,2015_67171,0,0,6/20/2015 18:40,18:40,5,0,0,PEORIA ST N & 4670,1,1,0,0,3,4,,,40,0,0,0,0,0,4,1,5
,2015_67172,0,0,7/25/2015 12:18,12:18,3,0,0,ALASKA PL W & KNOX CT S,1,1,1,7,1,1,,,25,0,0,0,0,0,4,2,16
,2015_67173,0,0,3/10/2015 8:20,8:20,6,0,0,ANDES WAY N & ANDES ST N,1,1,0,7,1,1,,,20,0,0,0,0,0,4,2,16
,2015_67174,0,0,2/6/2015 23:25,23:25,6,0,0,ARAPAHOE ST 2900 BLK & 29TH ST,1,3,0,7,1,4,,,25,0,0,0,0,0,4,3,12
,2015_67175,0,0,6/23/2015 14:30,14:30,5,0,0,SHERIDAN BLVD S & KENYON AVE W,1,1,1,7,3,4,,,40,0,0,0,0,0,4,1,5
,2015_67176,0,0,2/4/2015 12:33,12:33,10,0,0,BROADWAY ST N & 11TH AVE E,2,1,0,2,1,1,,,30,0,0,0,0,0,4,2,1
,2015_67177,0,0,4/25/2015 1:55,1:55,6,0,0,BROADWAY ST 1000 BLK N & 11TH AVE E,1,3,1,7,1,4,,,30,0,0,0,0,0,4,2,5
,2015_67178,0,0,9/29/2015 18:17,18:17,6,0,0,AVONDALE DR & 3000 BLK W,1,3,1,7,1,2,,,20,0,0,0,0,0,4,3,5
,2015_67179,0,0,1/16/2015 19:27,19:27,10,0,0,BROADWAY ST N & 19TH AVE E,1,3,0,0,1,1,,,30,0,0,0,0,0,4,2,8
,2015_67180,0,0,2/17/2015 19:03,19:03,12,0,0,BROADWAY ST 50 BLK S & BAYAUD AVE W,1,3,0,7,1,3,,,30,0,0,0,0,0,4,2,3
,2015_67181,0,0,1/15/2015 7:41,7:41,12,0,0,BROADWAY ST 1800 BLK S & COLORADO AVE E,1,1,0,7,1,3,,,35,0,0,0,0,0,4,2,1
,2015_67182,0,0,11/26/2015 0:01,0:01,12,0,0,BROADWAY ST N & ELLSWORTH AVE E,2,3,0,2,1,1,,,35,0,0,0,0,1,4,2,13
,2015_67183,0,0,7/29/2015 15:45,15:45,15,0,0,BROADWAY ST 2200 BLK S & ILIFF AVE E,1,1,0,0,1,4,,,35,0,0,0,0,0,4,2,13
,2015_67184,0,0,4/10/2015 22:04,22:04,3,0,1,BUCHTEL BLVD E & EMERSON ST S,1,3,0,0,1,1,,,30,0,0,0,0,2,4,2,5
,2015_67185,0,0,6/10/2015 9:06,9:06,12,0,0,BUCHTEL BLVD 2900 BLK E & FILLMORE ST S,1,1,0,7,1,4,,,30,0,0,0,0,0,4,3,16
,2015_67186,0,0,9/30/2015 5:25,5:25,3,0,0,CENTRAL PARK BLVD N & MLK BLVD E,1,3,0,0,1,1,,,35,0,0,0,0,0,4,2,13
,2015_67187,0,0,6/22/2015 8:55,8:55,12,0,0,CENTRAL PARK BLVD N & 35TH AVE E,1,1,0,7,1,1,,,30,0,0,0,0,0,4,2,16
,2015_67188,0,0,8/10/2015 14:10,14:10,12,0,0,CHAMPA ST 1800 BLK & 18TH ST,1,1,0,1,1,3,,,25,0,0,0,0,1,4,4,13
,2015_67189,0,0,6/26/2015 22:30,22:30,6,0,0,CLAY ST S & KENTUCKY AVE W,1,3,0,7,1,4,,,25,0,0,0,0,0,4,2,5
,2015_67190,0,0,1/22/2015 18:52,18:52,12,0,0,HOLLY ST S & CHERRY CREEK DR S E,1,3,0,7,1,3,,,35,0,0,0,0,0,4,2,3
,2015_67191,0,0,1/25/2015 1:50,1:50,6,0,0,CROWN BLVD 4200 BLK N & ALBROOK DR E,1,3,0,7,1,4,,,25,0,0,0,0,1,4,5,5
,2015_67192,0,0,2/25/2015 19:29,19:29,5,0,0,29TH DR E & GENEVA CT N,6,3,0,2,3,1,,,30,0,0,0,0,0,4,1,13
,2015_67193,0,0,4/29/2015 12:25,12:25,6,0,0,DECATUR ST S & TENNESSEE AVE W,1,1,0,7,1,4,,,25,0,0,0,0,0,4,2,5
,2015_67194,0,0,7/4/2015 18:17,18:17,6,0,0,RARITAN ST 700 BLK S & EXPOSITION AVE W,1,1,1,7,1,4,,,30,0,0,0,0,0,4,2,16
,2015_67195,0,0,4/17/2015 23:21,23:21,3,0,0,DOWNING ST N & SPEER BLVD E,1,3,0,7,1,1,,,30,0,0,0,0,0,4,2,16
,2015_67196,0,0,4/22/2015 11:10,11:10,5,0,0,ELIOT ST S & 940,1,1,0,0,3,5,,,10,0,0,0,0,0,4,1,13
,2015_67197,0,0,1/21/2015 10:29,10:29,3,0,0,ELLSWORTH AVE E & GARFIELD ST S,6,1,0,2,1,1,,,25,0,0,0,0,0,4,2,13
,2015_67198,0,0,5/21/2015 10:30,10:30,12,0,1,EVANS AVE 2900 BLK E & FILLMORE ST S,1,1,1,7,1,1,,,30,0,0,0,0,2,4,2,16
,2015_67199,0,0,6/2/2015 16:54,16:54,12,0,0,EVANS AVE 5400 BLK E & GRAPE ST S,1,1,0,7,1,3,,,35,0,0,0,0,0,4,4,3
,2015_67200,0,0,7/9/2015 9:43,9:43,12,0,0,EVANS AVE 5800 BLK E & JASMINE ST S,1,1,0,7,1,3,,,35,0,0,0,0,0,4,2,1
,2015_67201,0,0,2/27/2015 15:48,15:48,3,0,0,EVANS AVE E & MONACO ST S,1,1,0,0,1,1,,,35,0,0,0,0,0,4,2,14
,2015_67202,0,0,9/19/2015 11:22,11:22,15,0,0,EVANS AVE W & FEDERAL BLVD S,1,1,0,0,1,2,,,25,0,0,0,0,0,4,2,13
,2015_67203,0,0,7/2/2015 11:22,11:22,12,0,0,EXPOSITION AVE 6400 BLK E & MONACO ST S,1,1,0,7,1,1,,,25,0,0,0,0,1,4,2,7
,2015_67204,0,0,1/2/2015 11:23,11:23,15,0,0,FAIRFAX ST 600 BLK N & 6TH AVE E,6,1,1,0,1,3,,,20,0,0,0,0,0,4,2,14
,2015_67205,0,0,4/16/2015 9:55,9:55,6,0,0,FAIRFAX ST 2700 BLK S & YALE AVE E,6,1,0,2,1,2,,,25,0,0,0,0,0,4,2,13
,2015_67206,0,0,7/13/2015 10:30,10:30,5,0,0,HOLLY ST S & 1595,1,1,0,0,3,4,,,25,0,0,0,0,0,4,1,14
,2015_67207,0,0,4/7/2015 20:37,20:37,6,0,0,HARRISON ST 200 BLK S & CEDAR AVE E,1,3,0,7,1,4,,,25,0,0,0,0,0,4,2,16
,2015_67208,0,0,3/24/2015 11:32,11:32,12,0,0,HOLLY ST S & CUSTER PL E,1,1,1,0,1,3,,,,0,0,0,0,0,4,4,13
,2015_67209,0,0,4/1/2015 0:42,0:42,5,0,0,HOLLY ST S & JEWELL AVE E,1,3,0,0,2,1,,,30,0,0,0,0,0,4,1,2
,2015_67211,0,0,1/30/2015 17:58,17:58,12,0,0,ILIFF AVE E & DAYTON WAY S,1,3,0,7,1,4,,,40,0,0,0,0,1,4,3,3
,2015_67212,0,0,11/8/2015 11:24,11:24,6,0,0,HUMBOLDT ST & 1400 BLK N,1,1,0,7,1,4,,,30,0,0,0,0,0,4,2,3
,2015_67213,0,0,8/12/2015 17:50,17:50,3,0,0,KNOX CT & 1000 BLK N,1,1,0,0,1,2,,,25,0,0,0,0,0,4,2,13
,2015_67214,0,0,7/4/2015 21:44,21:44,6,0,0,LARIMER ST 2000 BLK & 20TH ST,1,4,0,7,1,4,,,25,0,0,0,0,0,4,2,7
,2015_67215,0,0,7/16/2015 22:24,22:24,9,0,0,LINCOLN ST 800 BLK N & 9TH AVE E,1,3,1,0,1,1,,,35,0,0,0,0,0,4,3,13
,2015_67216,0,0,4/28/2015 12:55,12:55,9,0,1,LINCOLN ST N & 10TH AVE E,1,1,0,0,1,4,,,30,0,0,0,1,2,4,1,10
,2015_67217,0,0,2/25/2015 12:50,12:50,3,0,0,LOGAN ST 900 BLK S & TENNESSEE AVE E,2,1,0,2,1,2,,,30,0,0,0,0,0,4,2,7
,2015_67218,0,0,7/29/2015 8:00,8:00,15,0,0,LOWRY BLVD E & FAIRMOUNT DR E,1,1,0,7,1,1,,,35,0,0,0,0,0,4,2,1
,2015_67219,0,0,8/8/2015 15:49,15:49,12,0,0,LOUISIANA AVE E & MARION ST S,1,1,0,7,1,4,,,30,0,0,0,0,0,4,2,3
,2015_67220,0,0,11/1/2015 1:31,1:31,5,0,1,LOWRY BLVD & 9101 E,1,3,0,0,3,4,,,35,0,0,0,0,2,4,1,5
,2015_67221,0,0,7/16/2015 19:54,19:54,12,0,0,MARKET ST 1700 BLK & 17TH ST,1,1,0,7,1,4,,,25,0,0,0,0,0,4,2,16
,2015_67222,0,0,10/24/2015 10:00,10:00,12,0,0,MLK BLVD & KEARNEY ST N,1,1,0,0,1,1,,,35,0,0,0,0,1,4,2,14
,2015_67223,0,0,8/8/2015 9:45,9:45,12,0,0,MEXICO AVE E & DOWNING ST S,1,1,0,7,1,4,,,25,0,0,0,0,0,4,2,16
,2015_67224,0,0,8/21/2015 16:00,16:00,3,0,0,MLK BLVD E & QUEBEC ST N,1,1,0,7,1,1,,,35,0,0,0,0,0,4,3,7
,2015_67225,0,0,1/11/2015 20:03,20:03,12,0,0,MLK BLVD E & QUEBEC ST N,1,3,0,7,1,2,,,35,0,0,0,0,0,4,2,16
,2015_67226,0,0,4/29/2015 14:05,14:05,15,0,0,MONACO ST PKWY 600 BLK & 6TH AVE E,1,1,0,7,1,4,,,30,0,0,0,0,0,4,2,1
,2015_67227,0,0,8/31/2015 17:52,17:52,12,0,0,MONACO ST 600 BLK S & EXPOSITION AVE E,1,1,1,0,1,4,,,30,0,0,0,0,1,4,2,13
,2015_67228,0,0,5/5/2015 12:22,12:22,6,0,0,ONEIDA ST 800 BLK S & LEETSDALE DR,2,1,1,1,1,4,,,25,0,0,0,0,0,4,2,3
,2015_67229,0,0,3/24/2015 13:25,13:25,11,0,0,PARK AVE & 16TH AVE E,1,1,0,0,1,1,,,30,0,1,0,0,1,4,2,13
,2015_67230,0,0,12/3/2015 13:34,13:34,6,0,0,PENA BLVD & 8400 BLK,1,3,0,0,1,4,,,10,0,0,0,0,0,4,2,3
,2015_67231,0,0,8/8/2015 7:48,7:48,6,0,0,PEARL ST 1500 BLK N & 16TH AVE E,1,1,1,7,1,4,,,25,0,0,0,0,0,4,2,7
,2015_67232,0,0,5/29/2015 0:01,0:01,15,0,0,PENA BLVD 7500 BLK & GUN CLUB RD,1,1,0,7,1,4,,,65,0,0,0,0,0,4,2,16
,2015_67233,0,0,5/28/2015 18:00,18:00,11,0,1,PEORIA ST N & 45TH AVE E,2,1,0,1,1,1,,,45,0,1,0,0,2,4,2,13
,2015_67234,0,0,9/3/2015 18:14,18:14,1,0,0,PEORIA ST N & 39TH AVE E,2,1,1,1,1,1,,,35,0,0,0,0,0,4,2,5
,2015_67235,0,0,12/16/2015 8:00,8:00,15,0,0,PEORIA ST N & 45TH AVE E,5,1,0,0,1,1,,,35,0,0,0,0,0,4,2,1
,2015_67236,0,0,7/17/2015 15:09,15:09,12,0,0,PEORIA ST N & 51ST AVE E,1,1,0,7,1,4,,,40,0,0,0,0,0,4,2,16
,2015_67237,0,0,3/30/2015 0:05,0:05,10,0,0,QUEBEC ST & 1940 BLK N,1,3,0,0,1,4,,,30,0,0,0,0,0,4,3,9
,2015_67238,0,0,6/12/2015 11:45,11:45,15,0,0,QUEBEC ST N & SMITH RD E,1,1,0,0,1,1,,,35,0,0,0,0,1,4,2,13
,2015_67239,0,0,4/27/2015 9:05,9:05,15,0,0,QUITMAN ST 1400 BLK N & 14TH AVE W,2,1,0,0,1,4,,,30,0,0,0,0,0,4,2,14
,2015_67240,0,0,5/27/2015 4:00,4:00,6,0,0,QUIVAS ST N & 4232,1,3,0,0,1,4,,,20,0,0,0,0,0,4,2,13
,2015_67241,0,0,1/28/2015 16:32,16:32,3,0,0,ROSLYN ST N & 53RD PL E,1,2,1,0,1,1,,,25,0,0,0,0,0,4,2,13
,2015_67242,0,0,1/27/2015 12:25,12:25,3,0,0,14TH AVE & LOGAN ST N,1,1,0,7,1,1,,,30,0,0,0,0,0,4,2,16
,2015_67243,0,0,2/5/2015 18:12,18:12,15,0,0,15TH ST 1000 BLK & ARAPAHOE ST,1,3,0,7,1,4,,,25,0,0,0,0,0,4,2,1
,2015_67244,0,0,2/17/2015 14:20,14:20,15,0,0,15TH ST & GLENARM PL,2,1,0,2,1,1,,,25,0,0,0,0,0,4,2,13
,2015_67245,0,0,5/23/2015 20:26,20:26,11,0,0,19TH ST & WAZEE ST,2,3,0,0,1,1,,,,0,1,0,0,0,4,2,14
,2015_67246,0,0,1/1/2015 3:00,3:00,12,0,0,20TH ST & ARAPAHOE ST,5,3,0,7,1,1,,,25,0,0,0,0,0,4,2,16
,2015_67247,0,0,7/1/2015 16:45,16:45,12,0,0,20TH ST & BLAKE ST,1,1,1,7,1,1,,,25,0,0,0,0,0,4,2,16
,2015_67248,0,0,2/11/2015 17:50,17:50,15,0,0,38TH ST & WALNUT ST,1,2,0,0,1,1,,,25,0,0,0,0,0,4,2,13
,2015_67249,0,0,1/14/2015 10:14,10:14,15,0,0,SANTA FE DR 300 BLK S & ALAMEDA AVE W,1,1,0,7,1,3,,,35,0,0,0,0,0,4,2,16
,2015_67250,0,0,2/25/2015 15:25,15:25,6,0,0,SCRANTON ST 5400 BLK N & ELMENDORF PL E,4,1,0,2,1,4,,,20,0,0,0,0,0,4,2,5
,2015_67251,0,0,6/23/2015 18:17,18:17,12,0,0,SPEER BLVD N & MARKET ST,1,1,0,7,1,3,,,35,0,0,0,0,0,4,3,16
,2015_67252,0,0,8/6/2015 10:47,10:47,6,0,0,STEELE ST N & COLFAX AVE E,1,1,0,0,1,4,,,25,0,0,0,0,0,4,2,14
,2015_67253,0,0,5/22/2015 9:35,9:35,12,0,0,STEELE ST N & 1ST AVE E,2,1,0,1,1,1,,,20,0,0,0,0,0,4,2,16
,2015_67254,0,0,2/11/2015 14:38,14:38,15,0,0,STEELE ST N & 45TH AVE E,1,1,0,0,1,4,,,25,0,0,0,0,0,4,2,13
,2015_67255,0,0,11/6/2015 8:40,8:40,15,0,0,SPEER BLVD N & LARIMER ST,1,1,0,0,1,1,,,35,0,0,0,0,0,4,2,16
,2015_67257,0,0,2/3/2015 13:43,13:43,11,0,0,SYRACUSE ST & 1565 BLK N,1,1,0,0,1,4,,,25,0,1,0,0,1,4,2,13
,2015_67258,0,0,4/1/2015 21:06,21:06,6,0,0,SYRACUSE ST & 1620 BLK N,1,3,0,0,1,4,,,30,0,0,0,0,0,4,2,13
,2015_67259,0,0,2/10/2015 13:30,13:30,10,0,0,TRENTON ST N & SPRUCE WAY N,1,1,1,0,1,1,,,25,0,0,0,0,0,4,2,14
,2015_67260,0,0,3/25/2015 10:20,10:20,3,0,0,ULSTER ST S & UNION AVE E,2,1,0,2,1,1,,,35,0,0,0,0,0,4,2,16
,2015_67261,0,0,8/5/2015 5:55,5:55,6,0,0,VERBENA ST 1500 BLK N & 16TH AVE E,1,2,0,0,1,4,,,,0,0,0,0,0,4,2,13
,2015_67262,0,0,5/23/2015 11:30,11:30,6,0,0,VRAIN ST 200 BLK S & CEDAR AVE W,1,1,1,7,1,4,,,25,0,0,0,0,0,4,3,14
,2015_67263,0,0,3/17/2015 8:10,8:10,3,0,0,WALDEN ST N & GVR BLVD E,1,1,0,0,1,2,,,20,0,0,0,0,0,4,2,3
,2015_67264,0,0,4/21/2015 17:15,17:15,11,0,1,WYOMING PL W & WINONA CT S,1,1,0,0,1,4,,,25,0,1,0,0,3,4,2,14
,2015_67265,0,0,2/17/2015 18:05,18:05,3,0,0,YORK ST N & 44TH AVE E,1,3,0,7,1,1,,,30,0,0,0,0,0,4,2,14
,2015_67266,0,0,8/10/2015 10:58,10:58,3,0,0,YORK ST N & 7TH AVE PKWY E,1,1,1,0,1,1,,,25,0,0,0,0,0,4,2,13
,2015_67267,0,0,6/5/2015 16:21,16:21,8,0,0,YOSEMITE ST 1000 BLK N & ALTON WAY,1,1,1,7,1,4,,,30,0,0,0,0,1,4,2,8
,2015_67268,0,0,6/16/2015 8:41,8:41,12,0,0,YOSEMITE ST 3800 BLK S & MANSFIELD AVE E,1,1,0,7,1,3,,,35,0,0,0,0,0,4,2,3
,2015_67393,39.691668,-104.94055,5/15/2015 13:55,13:55,12,0,0,COLORADO BLVD 1300 BLK S & ARKANSAS AVE E,1,1,0,0,1,4,,,35,0,0,0,0,1,2,3,1
,2015_67396,39.733666,-104.94062,5/17/2015 5:30,5:30,12,0,0,COLORADO BLVD & 1000 BLK N,1,2,0,0,1,4,,,25,0,0,0,0,1,2,2,7
,2015_67397,39.738166,-104.940614,7/14/2015 13:37,13:37,12,0,0,COLORADO BLVD N & 14TH AVE E,1,1,0,0,1,3,,,35,0,0,0,0,0,2,3,12
,2015_67398,39.728577,-104.940626,11/12/2015 8:51,8:51,12,0,0,COLORADO BLVD N & 8TH AVE E,1,1,0,0,1,4,,,35,0,0,0,0,0,2,3,1
,2015_67399,39.76914,-104.940494,2/25/2015 19:53,19:53,5,0,0,COLORADO BLVD 3800 BLK N & 38TH AVE E,5,3,0,2,3,4,,,30,0,0,0,0,0,2,1,13
,2015_67400,39.772749,-104.940505,7/1/2015 14:52,14:52,12,0,0,COLORADO BLVD 3900 BLK N & 40TH AVE E,1,1,0,0,1,3,,,40,0,0,0,0,0,2,3,13
,2015_67401,39.783831,-104.940459,5/13/2015 8:08,8:08,1,0,4,COLORADO BLVD N & 48TH AVE E,1,1,0,0,1,1,,,45,0,0,0,0,3,2,2,13
,2015_67407,39.725655,-105.053326,10/1/2015 7:53,7:53,12,0,0,6TH AVE W & SHERIDAN BLVD N,1,1,0,0,1,4,,,55,0,0,0,0,0,2,2,1
,2015_67410,39.725551,-105.035649,4/11/2015 15:56,15:56,12,0,0,6TH AVE & 3000 BLK W,1,1,0,0,1,4,,,45,0,0,0,0,0,2,2,13
,2015_67411,39.780043,-104.949712,3/3/2015 11:15,11:15,15,0,0,STEELE ST & 4600 BLK N,1,1,0,0,1,4,,,30,0,0,0,0,0,2,2,7
,2015_67412,39.780043,-104.949712,4/16/2015 17:25,17:25,3,0,0,46TH AVE E & STEELE ST EB RAMPS,2,1,0,1,1,1,,,30,0,0,0,0,1,2,2,1
,2015_67445,39.626549,-104.902989,11/3/2015 2:30,2:30,5,0,0,I-25 & MM 199,1,3,0,0,2,4,,,65,0,0,0,0,0,1,1,16
,2015_67446,39.634235,-104.90683,5/13/2015 7:25,7:25,12,0,0,I-25 & I-225 FLYOVER,1,1,0,0,1,4,,,65,0,0,0,0,0,1,3,13
,2015_67447,39.63893,-104.910074,6/27/2015 11:25,11:25,15,0,0,I-25 SB OFF RAMP TO NB/EB & I-225,1,1,0,0,1,4,,,55,0,0,0,0,0,1,2,8
,2015_67449,39.681762,-104.937119,10/4/2015 20:10,20:10,5,0,1,I-25 SB OFF RAMP & EVANS AVE E,1,4,0,0,3,8,,,40,0,0,0,0,2,1,2,5
,2015_67450,39.642023,-104.911896,1/2/2015 8:30,8:30,12,0,0,I-25 & QUINCY AVE E,2,1,0,0,1,4,,,65,0,0,0,0,0,1,3,14
,2015_67451,39.684901,-104.952606,8/12/2015 17:39,17:39,12,0,0,I-25 & STEELE ST S,1,1,0,0,1,4,,,55,0,0,0,0,0,1,2,3
,2015_67453,39.68492,-104.959513,5/15/2015 16:36,16:36,15,0,0,UNIVERSITY BLVD S & I-25 NB RAMPS,1,1,0,0,1,1,,,30,0,0,0,0,0,1,2,13
,2015_67454,39.690017,-104.973363,5/8/2015 11:35,11:35,12,0,0,I-25 & DOWNING ST S,1,1,0,0,1,4,,,55,0,0,0,0,0,1,3,1
,2015_67455,39.701251,-104.987199,7/3/2015 14:23,14:23,3,0,2,OHIO AVE E & I-25 NB OFF RAMP,1,1,0,0,1,1,,,30,0,0,0,0,2,1,2,8
,2015_67456,39.701557,-104.987559,1/30/2015 17:08,17:08,15,0,0,I-25 SB & MM 207,1,2,1,0,1,4,,,55,0,0,0,0,0,1,2,13