id,drcog_id,latitude,longitude,crashtime,time,crashtype,numbkilled,numbinjurd,drcoglocat,rdconditin,lightngcon,roadcntgrd,weatherco,location,roaddescrp,schoolzone,constrzone,splimit,bikeinv,pedinv,sctrinv,motoinv,svrty,rdsystem,ttlvehcls,hcf
,2015_67457,39.71124,-104.998918,2/5/2015 11:26,11:26,12,0,0,I-25 & ALAMEDA AVE W,1,1,1,0,1,4,,,55,0,0,0,0,0,1,4,13
,2015_67458,39.71124,-104.998918,3/22/2015 13:01,13:01,15,0,0,I-25 & ALAMEDA AVE W,1,1,1,0,1,4,,,55,0,0,0,0,0,1,2,13
,2015_67459,39.720423,-105.007516,3/15/2015 2:12,2:12,15,0,0,I-25 & 6TH AVE W,1,3,0,0,1,4,,,55,0,0,0,0,0,1,2,5
,2015_67460,39.715702,-105.001738,11/4/2015 18:30,18:30,12,0,0,I-25 & MM 208,2,4,0,1,1,1,,,60,0,0,0,0,0,1,2,13
,2015_67461,39.721376,-105.008546,11/9/2015 1:52,1:52,5,0,2,I-25 & 6TH AVE W,1,3,0,0,2,4,,,55,0,0,0,0,2,1,1,1
,2015_67462,39.723679,-105.011476,6/9/2015 11:56,11:56,12,0,0,I-25 NB/SB OFF RAMP SPLIT & 6TH AVE,1,1,1,0,1,8,,,25,0,0,0,0,0,1,2,13
,2015_67463,39.72543,-105.013021,1/27/2015 10:30,10:30,12,0,0,I-25 & 6TH AVE W,1,1,0,0,1,4,,,55,0,0,0,0,0,1,4,1
,2015_67465,39.72543,-105.013021,3/27/2015 8:35,8:35,12,0,0,I-25 & 6TH AVE W,1,1,0,0,1,4,,,55,0,0,0,0,0,1,3,13
,2015_67466,39.742182,-105.014789,7/2/2015 15:30,15:30,12,0,0,I-25 & AURARIA PKWY,1,5,0,0,1,4,,,55,0,0,0,0,0,1,2,1
,2015_67467,39.653274,-105.04875,2/21/2015 20:28,20:28,5,0,0,HAMPDEN AVE W & SHERIDAN BLVD S,4,3,0,2,3,4,,,65,0,0,0,0,0,2,1,1
,2015_67468,39.747497,-105.018116,5/29/2015 12:10,12:10,5,0,0,I-25 & 17TH AVE,1,1,0,0,1,4,,,55,0,0,0,0,0,1,2,13
,2015_67469,39.751291,-105.016572,7/30/2015 16:28,16:28,15,0,0,I-25 & 23RD AVE W,1,1,0,0,1,4,,,55,0,0,0,0,0,1,2,7
,2015_67470,39.758562,-105.007989,3/27/2015 16:15,16:15,15,0,0,I-25 & 20TH AVE W SB ON RAMP GORE PT,1,1,0,0,1,4,,,55,0,0,0,0,0,1,2,1
,2015_67471,39.760997,-105.004275,3/20/2015 11:19,11:19,12,0,3,I-25 & 20TH ST,1,1,1,0,1,4,,,55,0,0,0,0,2,1,2,13
,2015_67472,39.760997,-105.004275,5/12/2015 6:51,6:51,5,0,0,I-25 & 20TH ST,1,1,0,0,2,4,,,55,0,0,0,0,0,1,1,1
,2015_67473,39.779248,-104.989165,2/21/2015 3:00,3:00,5,0,0,I-25 & I-70,4,4,0,2,2,4,,,65,0,0,0,0,0,1,1,5
,2015_67474,39.779391,-104.989165,2/25/2015 6:58,6:58,12,0,0,I-25 & I-70 OVERPASS,1,1,1,0,1,4,,,55,0,0,0,0,0,1,2,12
,2015_67475,39.779391,-104.989165,8/8/2015 5:35,5:35,12,0,0,I-25 & I-70,1,1,0,0,1,4,,,55,0,0,0,0,0,1,2,13
,2015_67494,39.711155,-105.022584,7/27/2015 15:35,15:35,12,0,0,ALAMEDA AVE W & DECATUR ST S,1,1,1,0,1,1,,,35,0,0,0,0,0,2,2,13
,2015_67495,39.711145,-105.020337,2/13/2015 5:30,5:30,1,0,0,ALAMEDA AVE W & CLAY ST S,1,1,0,0,1,1,,,35,0,0,0,0,0,2,2,1
,2015_67496,39.653056,-104.884923,1/26/2015 14:28,14:28,12,0,0,HAMPDEN AVE E & YOSEMITE ST S,1,1,0,0,1,3,,,45,0,0,0,0,1,2,2,14
,2015_67497,39.653054,-104.884764,8/8/2015 2:27,2:27,12,0,0,HAMPDEN AVE E & YOSEMITE ST S,1,3,0,0,1,1,,,45,0,0,0,0,1,2,3,13
,2015_67498,39.653078,-104.898797,12/17/2015 17:43,17:43,12,0,0,HAMPDEN AVE & 4100 E,5,4,0,0,1,3,,,40,0,0,0,0,0,2,2,3
,2015_67501,39.711064,-104.865955,5/12/2015 19:39,19:39,3,0,0,ALAMEDA AVE E & HAVANA ST S,1,1,0,0,1,1,,,35,0,0,0,0,0,2,2,13
,2015_67526,39.74034,-105.041363,6/22/2015 17:28,17:28,12,0,0,COLFAX AVE & 4000 BLK W (MM APPROX),1,1,1,0,1,4,,,30,0,0,0,0,0,2,2,13
,2015_67528,39.740343,-105.033006,3/24/2015 12:15,12:15,15,0,0,COLFAX AVE 3400 BLK & KING ST N,1,1,0,0,1,4,,,35,0,0,0,0,0,2,2,14
,2015_67529,39.740336,-105.015419,4/14/2015 11:35,11:35,12,0,0,COLFAX AVE W & I-25 SB OFF RAMP 'D',1,1,0,0,1,1,,,40,0,0,0,0,1,2,2,13
,2015_67530,39.740082,-105.005223,2/9/2015 14:00,14:00,12,0,0,7TH ST & COLFAX AVE W,1,1,0,0,1,1,,,30,0,0,0,0,0,2,2,13
,2015_67531,39.740082,-105.005223,6/26/2015 18:30,18:30,3,0,0,COLFAX AVE W & OSAGE ST N,1,1,0,0,1,3,,,35,0,0,0,0,0,2,2,13
,2015_67532,39.740053,-104.984901,6/16/2015 16:30,16:30,12,0,0,COLFAX AVE E & SHERMAN ST N,1,1,0,0,1,1,,,35,0,0,0,0,0,2,2,13
,2015_67533,39.740025,-104.998126,8/22/2015 22:15,22:15,12,0,0,COLFAX AVE W & SPEER BLVD N,1,3,0,0,1,1,,,30,0,0,0,0,0,2,2,14
,2015_67534,39.740002,-104.987332,3/19/2015 9:05,9:05,15,0,0,BROADWAY ST & COLFAX AVE,2,1,0,1,1,4,,,30,0,0,0,0,0,2,2,13
,2015_67535,39.739998,-104.978671,5/12/2015 18:45,18:45,12,0,0,COLFAX AVE 700 BLK E & WASHINGTON ST N,1,1,0,0,1,1,,,35,0,0,0,0,0,2,2,13
,2015_67536,39.739995,-104.965503,3/1/2015 22:46,22:46,11,0,1,COLFAX AVE 1800 BLK E & HIGH ST N,2,3,0,0,1,4,,,,0,1,0,0,2,2,2,13
,2015_67537,39.740009,-104.973218,1/8/2015 2:29,2:29,15,0,0,COLFAX AVE 1100 E & DOWNING ST N (RD N),1,3,0,0,1,4,,,30,0,0,0,0,0,2,2,13
,2015_67538,39.739978,-104.960429,4/2/2015 18:01,18:01,12,0,0,COLFAX AVE 2200 BLK E & GAYLORD ST N,2,2,0,2,1,3,,,30,0,0,0,0,0,2,3,2
,2015_67540,39.740075,-104.916293,8/3/2015 14:56,14:56,12,0,0,COLFAX AVE E & KRAMERIA ST N,1,1,1,0,1,4,,,35,0,0,0,0,0,2,2,13
,2015_67541,39.740079,-104.912395,5/6/2015 6:50,6:50,3,0,0,COLFAX AVE E & MONACO PKWY N,2,1,0,1,1,1,,,35,0,0,0,0,0,2,2,13
,2015_67542,39.74008,-104.912002,7/23/2015 0:48,0:48,6,0,0,COLFAX AVE E & MONACO ST,1,3,0,0,1,4,,,30,0,0,0,0,0,2,2,13
,2015_67578,39.783531,-105.043983,3/25/2015 12:00,12:00,5,0,0,I-70 & TENNYSON ST,1,1,1,0,3,4,,,55,0,0,0,0,0,1,1,13
,2015_67579,39.783415,-105.035524,1/25/2015 0:40,0:40,5,0,0,I-70 & MM 271.50,1,3,1,0,3,4,,,65,0,0,0,0,0,1,1,1
,2015_67580,39.783138,-105.006328,4/3/2015 0:19,0:19,5,0,0,I-70 & PECOS ST N,5,3,0,2,3,4,,,55,0,0,0,0,0,1,1,13
,2015_67581,39.781094,-104.993766,4/27/2015 12:42,12:42,5,0,0,I-70 EB OFF LOOP RAMP SPLIT TO NB & I-25,2,1,1,0,3,8,,,55,0,0,0,0,0,1,1,5
,2015_67582,39.780052,-104.989434,2/11/2015 5:40,5:40,5,0,0,I-70 & I-25,2,3,1,0,2,4,,,35,0,0,0,0,0,1,1,8
,2015_67583,39.780052,-104.989434,4/6/2015 20:30,20:30,12,0,0,I-70 & I-25,1,1,0,0,1,4,,,,0,0,0,0,0,1,2,13
,2015_67584,39.780052,-104.989434,1/17/2015 12:27,12:27,15,0,0,I-70 WB OFF RAMP TO & I-25 SB,1,1,1,0,1,8,,,55,0,0,0,0,0,1,2,13
,2015_67585,39.779936,-104.98866,4/3/2015 16:00,16:00,12,0,0,I-70 WB LOOP ON RAMP FROM & I-25 NB,1,1,0,0,1,8,,,45,0,0,0,0,0,1,2,3
,2015_67586,39.77974,-104.985971,2/12/2015 14:58,14:58,15,0,0,I-70 EB MERGE LANE FROM & I-25 NB,1,1,0,0,1,8,,,55,0,0,0,0,0,1,2,13
,2015_67587,39.779435,-104.979009,7/21/2015 6:50,6:50,12,0,0,I-70 & WASHINGTON ST N,1,1,0,0,1,8,,,35,0,0,0,0,0,1,2,13
,2015_67588,39.779895,-104.967089,4/30/2015 9:45,9:45,12,0,0,I-70 & BRIGHTON BLVD N,1,1,0,0,1,4,,,55,0,0,0,0,1,1,2,13
,2015_67589,39.779895,-104.967089,5/13/2015 17:26,17:26,12,0,0,I-70 & BRIGHTON BLVD N,1,1,0,0,1,4,,,55,0,0,0,0,0,1,2,13
,2015_67590,39.778289,-104.911859,12/21/2015 17:00,17:00,12,0,0,I-70 & MM 278.10,1,2,0,1,1,4,,,55,0,0,0,0,0,1,3,13
,2015_67591,39.779945,-104.940799,6/29/2015 12:14,12:14,12,0,0,I-70 & COLORADO BLVD N,1,1,0,0,1,4,,,55,0,0,0,0,0,1,4,13
,2015_67592,39.778952,-104.925823,8/12/2015 12:32,12:32,15,0,0,I-70 & GLENCOE ST OFFSET REF,1,1,0,0,1,4,,,55,0,0,0,0,1,1,2,13
,2015_67593,39.778341,-104.92238,3/8/2015 13:20,13:20,15,0,0,I-70 & HOLLY ST N,1,1,0,0,1,4,,,55,0,0,0,0,0,1,2,13
,2015_67594,39.777095,-104.882471,1/23/2015 17:47,17:47,12,0,0,I-70 & CENTRAL PARK BLVD N,1,3,1,0,1,4,,,55,0,0,0,0,0,1,2,13
,2015_67595,39.777095,-104.882471,5/5/2015 14:55,14:55,12,0,0,I-70 & CENTRAL PARK BLVD,2,1,0,1,1,4,,,55,0,0,0,0,0,1,3,3
,2015_67596,39.775684,-104.866483,7/20/2015 23:04,23:04,15,0,0,I-70 & HAVANA ST,1,3,0,0,1,4,,,55,0,0,0,0,0,1,2,13
,2015_67597,39.775623,-104.865778,1/5/2015 16:12,16:12,12,0,0,I-70 & HAVANA ST N,9,3,1,0,1,4,,,55,0,0,0,0,0,1,2,13
,2015_67598,39.775623,-104.865778,1/9/2015 14:54,14:54,12,0,1,I-70 & HAVANA ST N,2,1,1,0,1,4,,,55,0,0,0,0,2,1,2,4
,2015_67599,39.775623,-104.865778,5/31/2015 16:54,16:54,15,0,0,I-70 & HAVANA ST,1,1,0,0,1,4,,,55,0,0,0,0,0,1,2,14
,2015_67600,39.775623,-104.865778,8/11/2015 11:43,11:43,15,0,0,I-70 & HAVANA ST N,1,1,0,0,1,4,,,55,0,0,0,0,0,1,2,13
,2015_67601,39.774147,-104.848669,10/26/2015 21:50,21:50,12,0,0,I-70 & PEORIA ST N,1,3,0,0,1,4,,,55,0,0,0,0,0,1,2,14
,2015_67632,39.698361,-104.902954,5/28/2015 15:17,15:17,12,0,0,PARKER RD 7300 BLK S & QUEBEC ST S,1,1,1,0,1,4,,,35,0,0,0,0,0,2,2,13
,2015_67633,39.702691,-104.912468,10/28/2015 7:47,7:47,3,0,0,LEETSDALE DR & MONACO PKWY S,1,1,0,0,1,2,,,30,0,0,0,0,0,2,2,13
,2015_67644,39.692088,-104.9924,1/23/2015 13:44,13:44,15,0,0,SANTA FE DR 1400 BLK S & FLORIDA AVE W,1,1,0,0,1,4,,,40,0,0,0,0,0,2,2,3
,2015_67645,39.694674,-104.992468,8/3/2015 13:09,13:09,15,0,0,SANTA FE DR S & ARIZONA AVE W,1,1,1,0,1,4,,,45,0,0,0,0,0,2,2,13
,2015_67651,39.718852,-105.025163,6/29/2015 19:03,19:03,12,0,0,FEDERAL BLVD N & 135,1,1,0,0,1,4,,,35,0,0,0,0,0,2,3,13
,2015_67652,39.714796,-105.025155,8/9/2015 16:55,16:55,15,0,0,FEDERAL BLVD S & BAYAUD AVE W,1,1,1,0,1,4,,,35,0,0,0,0,0,2,2,13
,2015_67653,39.711152,-105.025082,3/20/2015 20:30,20:30,12,0,0,FEDERAL BLVD S & ALAMEDA AVE W,1,3,0,0,1,1,,,35,0,0,0,0,1,2,2,1
,2015_67654,39.689552,-105.02506,3/9/2015 12:35,12:35,12,0,0,FLORIDA AVE W & FEDERAL BLVD S,1,1,0,0,1,3,,,30,0,0,0,0,0,2,2,1
,2015_67655,39.682271,-105.025016,7/11/2015 14:20,14:20,11,0,0,FEDERAL BLVD S & JEWELL AVE W,1,1,0,0,3,1,,,35,0,1,0,0,1,2,3,5
,2015_67656,39.68197,-105.025017,3/14/2015 0:40,0:40,15,0,0,FEDERAL BLVD 1800 BLK S & JEWELL AVE W,1,3,0,0,1,4,,,35,0,0,0,0,0,2,2,1
,2015_67657,39.678616,-105.025049,9/17/2015 7:40,7:40,12,0,0,EVANS AVE W & FEDERAL BLVD S,1,1,0,0,1,1,,,35,0,0,0,0,0,2,2,13
,2015_67672,39.689516,-105.053251,11/28/2015 18:36,18:36,12,0,0,FLORIDA AVE W & SHERIDAN BLVD S,1,3,0,0,1,1,,,35,0,0,0,0,0,2,2,3
,2015_67673,39.710304,-105.053264,6/3/2015 16:20,16:20,1,0,0,SHERIDAN BLVD S & NEVADA PL W,1,1,0,0,1,1,,,35,0,0,0,0,1,2,2,7
,2015_67675,39.725889,-105.053139,7/13/2015 7:00,7:00,12,0,0,SHERIDAN BLVD 600 BLK N & 6TH AVE W,1,1,1,0,1,3,,,35,0,0,0,0,0,2,2,13
,2015_67676,39.741071,-105.05321,3/24/2015 10:23,10:23,12,0,0,SHERIDAN BLVD 1500 BLK N & COLFAX AVE W,1,1,0,0,1,2,,,35,0,0,0,0,0,2,2,14
,2015_67677,39.742827,-105.053221,2/2/2015 15:02,15:02,12,0,1,SHERIDAN BLVD & 1600 BLK N,1,1,1,0,1,4,,,35,0,0,0,0,2,2,3,13
,2015_67680,39.763964,-105.053243,2/2/2015 8:39,8:39,5,0,0,SHERIDAN BLVD 3300 N & 33RD AVE W,5,1,0,0,3,1,,,35,0,0,0,0,0,2,1,14
,2015_67696,39.618177,-105.09111,2/23/2015 17:08,17:08,12,0,0,WADSWORTH BLVD 5400 BLK S & CRESTLINE AVE W,6,1,0,0,1,4,,,35,0,0,0,0,1,2,2,14
,2015_67698,39.624104,-105.09105,11/17/2015 19:27,19:27,12,0,0,WADSWORTH BLVD S & BELLEVIEW AVE W,1,3,0,0,1,1,,,40,0,0,0,0,0,2,2,14
,2015_67699,39.635854,-105.082095,3/30/2015 13:40,13:40,12,0,0,WADSWORTH BLVD S & STANFORD AVE W,1,1,1,0,1,4,,,45,0,0,0,0,0,2,2,3
,2015_67734,39.634579,-104.89973,12/3/2015 8:00,8:00,15,0,0,I-225 & DTC BLVD S,1,1,0,0,1,4,,,55,0,0,0,0,0,1,2,2
,2015_67735,39.635523,-104.89346,12/18/2015 1:30,1:30,5,0,0,I-225 & S TAMARAC ST,1,3,0,0,2,4,,,60,0,0,0,0,0,1,1,5
,2015_67758,39.652996,-104.92416,3/16/2015 16:00,16:00,12,0,0,HAMPDEN AVE 5400 BLK E & HUDSON ST S,1,1,0,0,1,4,,,15,0,0,0,0,0,2,2,14
,2015_67759,39.769665,-105.025233,1/23/2015 11:20,11:20,12,0,0,FEDERAL BLVD N & 3800 BLK (MM APPROX),1,1,1,0,1,4,,,35,0,0,0,0,0,2,2,12
,2015_67760,39.772055,-105.025236,1/12/2015 16:45,16:45,12,0,0,40TH AVE W & FEDERAL BLVD N,1,1,0,0,1,3,,,25,0,0,0,0,0,2,2,1
,2015_67761,39.783839,-105.025212,8/14/2015 17:47,17:47,3,0,0,FEDERAL BLVD N & I-70 EB RAMPS,1,1,0,0,1,1,,,35,0,0,0,0,0,2,2,13
,2015_67762,39.785685,-105.025205,7/1/2015 22:55,22:55,12,0,0,49TH AVE W & FEDERAL BLVD N,1,4,0,0,1,1,,,25,0,0,0,0,0,2,2,13
,2015_67763,39.785685,-105.025205,8/8/2015 23:05,23:05,1,0,2,49TH AVE W & FEDERAL BLVD N,1,3,0,0,1,1,,,25,0,0,0,1,3,2,2,13
,2015_67951,0,0,5/2/2015 11:57,11:57,5,0,0,YOSEMITE WAY 500 BLK N & LOWRY BLVD E,1,1,0,7,3,4,,,25,0,0,0,0,0,4,1,5
,2015_67956,0,0,2/13/2015 7:45,7:45,3,0,0,1ST AVE 700 BLK E & CLARKSON ST N,1,1,0,0,1,5,,,25,0,0,0,0,0,4,2,13
,2015_67957,0,0,5/18/2015 11:41,11:41,12,0,0,1ST AVE 2600 BLK E & CLAYTON LN N,1,1,0,7,1,4,,,35,0,0,0,0,0,4,3,1
,2015_67958,0,0,4/28/2015 17:33,17:33,1,0,0,1ST AVE E & DETROIT ST N,1,1,0,0,1,1,,,30,0,0,0,0,0,4,2,3
,2015_67959,0,0,11/29/2015 19:30,19:30,6,0,0,2ND AVE & 2918 W,2,3,0,2,1,4,,,25,0,0,0,0,0,4,2,3
,2015_67960,0,0,7/17/2015 16:50,16:50,3,0,0,5TH AVE E & DOWNING ST N,1,1,0,7,1,1,,,30,0,0,0,0,0,4,2,16
,2015_67961,0,0,5/21/2015 10:55,10:55,12,0,0,6TH AVE 1000 BLK E & CORONA ST N,1,1,0,0,1,4,,,30,0,0,0,0,0,4,2,13
,2015_67962,0,0,1/6/2015 8:17,8:17,12,0,0,6TH AVE 5500 BLK E & HOLLY ST S,5,1,0,7,1,3,,,30,0,0,0,0,1,4,2,14
,2015_67963,0,0,12/5/2015 9:00,9:00,12,0,0,8TH AVE W & KALAMATH ST N,1,1,0,0,1,1,,,35,0,0,0,0,0,4,2,14
,2015_67964,0,0,5/20/2015 20:45,20:45,3,0,0,8TH AVE E & CLARKSON ST N,2,3,1,1,1,1,,,30,0,0,0,0,0,4,2,7
,2015_67965,0,0,4/1/2015 9:11,9:11,12,0,0,8TH AVE W & SANTA FE DR N,1,1,0,7,1,4,,,35,0,0,0,0,0,4,2,14
,2015_67966,0,0,4/23/2015 14:02,14:02,12,0,0,12TH AVE E & LOGAN ST N,1,1,0,0,1,1,,,30,0,0,0,0,1,4,2,13
,2015_67967,0,0,6/19/2015 2:02,2:02,3,0,0,13TH AVE 800 E & EMERSON ST N,1,3,0,0,1,1,,,30,0,0,0,0,0,4,4,5
,2015_67968,0,0,3/15/2015 12:20,12:20,15,0,0,13TH AVE E & PONTIAC ST N,1,1,1,0,1,1,,,30,0,0,0,0,0,4,2,7
,2015_67969,0,0,8/1/2015 15:28,15:28,15,0,0,13TH AVE 200 BLK E & SHERMAN ST N,1,1,0,0,1,4,,,30,0,0,0,0,0,4,2,13
,2015_67970,0,0,2/11/2015 10:55,10:55,12,0,0,14TH AVE & 300 BLK W,1,1,0,0,1,4,,,30,0,0,0,0,0,4,2,13
,2015_67971,0,0,5/22/2015 20:24,20:24,10,0,0,14TH AVE E & CHERRY ST N,2,4,0,1,1,1,,,30,0,0,0,0,0,4,2,8
,2015_67972,0,0,5/23/2015 17:10,17:10,12,0,0,14TH AVE 1900 BLK E & HIGH ST N,1,1,0,7,1,4,,,35,0,0,0,0,0,4,3,12
,2015_67973,0,0,7/23/2015 10:40,10:40,3,0,0,14TH AVE W & LIPAN ST N,1,1,0,7,1,1,,,25,0,0,0,0,0,4,2,16
,2015_67974,0,0,5/11/2015 16:57,16:57,12,0,0,17TH AVE E & GARFIELD ST N,1,1,0,7,1,3,,,30,0,0,0,0,1,4,2,16
,2015_67975,0,0,7/1/2015 12:48,12:48,12,0,0,17TH AVE E & JOSEPHINE ST N,1,1,0,7,1,4,,,30,0,0,0,0,0,4,3,12
,2015_67976,0,0,7/16/2015 13:46,13:46,3,0,0,17TH AVE E & LEYDEN ST N,1,1,0,7,1,1,,,25,0,0,0,0,0,4,2,16
,2015_67977,0,0,6/20/2015 21:45,21:45,6,0,0,29TH AVE 7400 BLK E & 29TH PL E,1,3,0,0,1,4,,,,0,0,0,0,0,4,2,1
,2015_67978,0,0,7/10/2015 23:45,23:45,6,0,0,35TH AVE 2600 BLK W & BRYANT ST N,1,3,0,7,1,4,,,25,0,0,0,0,1,4,2,16
,2015_67979,0,0,8/2/2015 10:51,10:51,12,0,2,35TH AVE E & ONEIDA ST N,1,1,0,0,1,3,,,25,0,0,0,0,2,4,2,13
,2015_67980,0,0,4/3/2015 5:52,5:52,14,0,0,36TH AVE E & CENTRAL PARK BLVD N,4,2,0,2,1,1,,,30,0,0,0,0,0,4,2,13
,2015_67981,0,0,12/19/2015 23:05,23:05,1,0,0,35TH AVE E & QUEBEC ST N,8,3,0,0,1,1,,,35,0,0,0,0,0,4,2,7
,2015_67982,0,0,8/26/2015 8:04,8:04,3,0,0,38TH AVE 1600 BLK W & PECOS ST N,1,1,0,0,1,3,,,35,0,0,0,0,0,4,2,13
,2015_67983,0,0,6/29/2015 10:24,10:24,12,0,0,38TH AVE 4700 BLK W & WOLFF ST N,1,1,0,7,1,4,,,35,0,0,0,0,0,4,2,16
,2015_67984,0,0,1/15/2015 15:40,15:40,12,0,0,38TH AVE W & ZUNI ST N,1,1,0,7,1,1,,,35,0,0,0,0,0,4,2,5
,2015_67986,0,0,12/7/2015 16:15,16:15,3,0,2,45TH AVE E & PEORIA ST N,1,1,0,0,1,1,,,40,0,0,0,0,2,4,3,13
,2015_67987,0,0,6/7/2015 9:25,9:25,6,0,0,42ND AVE E & ANDES CT N,1,1,0,7,1,2,,,25,0,0,0,0,0,4,2,1
,2015_67988,0,0,6/1/2015 6:28,6:28,6,0,0,45TH AVE E & ENSENADA ST N,1,1,0,7,1,3,,,25,0,0,0,0,0,4,2,3
,2015_67989,0,0,2/3/2015 16:38,16:38,3,0,0,48TH AVE E & HIGH ST N,1,1,0,7,1,1,,,25,0,0,0,0,0,4,2,16
,2015_67990,0,0,10/23/2015 20:44,20:44,3,0,0,45TH AVE E & PEORIA ST N,1,3,0,0,1,1,,,40,0,0,0,0,1,4,2,16
,2015_67991,0,0,12/23/2015 10:15,10:15,12,0,1,ALAMEDA AVE E & BROADWAY ST S,1,1,0,0,1,3,,,30,0,0,0,0,2,4,2,1
,2015_67992,0,0,2/6/2015 10:05,10:05,12,0,0,78TH AVE E & JACKSON GAP ST N,1,1,0,7,1,1,,,35,0,0,0,0,0,4,2,14
,2015_67993,0,0,1/17/2015 19:20,19:20,3,0,1,AIRPORT WAY N & 40TH AVE E,1,3,0,7,1,1,,,25,0,0,0,0,2,4,2,8
,2015_67994,0,0,1/26/2015 17:25,17:25,1,0,0,ALAMEDA AVE 4200 E & COLORADO BLVD S,1,3,1,0,1,2,,,30,0,0,0,0,0,4,2,13
,2015_67995,0,0,8/8/2015 12:08,12:08,1,0,0,ALBROOK DR E & PEORIA ST N,1,1,0,7,1,1,,,40,0,0,0,0,0,4,2,16
,2015_67996,0,0,1/17/2015 21:53,21:53,6,0,0,ANDREWS DR & 15112 BLK E,1,4,0,0,1,4,,,25,0,0,0,0,0,4,2,13
,2015_67997,0,0,6/24/2015 17:10,17:10,11,0,0,BLAKE ST & 2001,2,1,1,1,1,7,,,20,0,1,0,0,1,4,2,13
,2015_67998,0,0,4/10/2015 21:50,21:50,15,0,0,BROADWAY ST N & 22ND ST,1,3,0,0,1,1,,,35,0,0,0,0,0,4,2,8
,2015_67999,0,0,1/3/2015 15:25,15:25,12,0,0,CENTRAL PARK & 3400 N,2,1,0,2,1,4,,,30,0,0,0,0,0,4,2,13
,2015_68000,0,0,7/13/2015 17:40,17:40,14,0,0,CENTRAL PARK BLVD & 3800 BLK N,1,1,1,0,1,2,,,35,0,0,0,0,1,4,2,1
,2015_68001,0,0,7/28/2015 6:40,6:40,6,0,0,CENTRAL PARK BLVD N & 29TH AVE E,1,1,0,7,1,4,,,30,0,0,0,0,0,4,2,4
,2015_68002,0,0,2/4/2015 7:55,7:55,12,0,0,CHAMBERS RD N & GVR BLVD E,5,1,0,2,1,3,,,40,0,0,0,0,0,4,2,7
,2015_68003,0,0,4/26/2015 11:47,11:47,1,0,1,CHAMBERS RD N & GVR BLVD E,2,1,0,1,1,1,,,40,0,0,0,0,2,4,2,4
,2015_68004,0,0,3/18/2015 3:18,3:18,1,0,1,CHRRY CREEK N DR E & MONACO ST S,1,1,0,0,1,1,,,35,0,0,0,0,2,4,2,13
,2015_68005,0,0,3/22/2015 10:49,10:49,15,0,0,CURTIS ST & 1600 BLK,1,1,0,0,1,4,,,30,0,0,0,0,0,4,2,13
,2015_68006,0,0,3/18/2015 16:15,16:15,12,0,0,EVANS AVE E & MONROE ST S,1,1,0,7,1,1,,,35,0,0,0,0,1,4,2,16
,2015_68007,0,0,6/16/2015 23:23,23:23,5,0,0,DAKOTA AVE 2100 BLK E & GAYLORD ST S,1,3,0,7,3,4,,,25,0,0,0,0,0,4,1,5
,2015_68008,0,0,11/20/2015 10:40,10:40,3,0,0,DOWNING ST S & ALAMEDA AVE E,1,1,0,1,1,2,,,25,0,0,0,0,0,4,2,16
,2015_68009,0,0,2/11/2015 8:45,8:45,12,0,0,DOWNING ST 2000 BLK S & ASBURY AVE E,1,1,0,7,1,4,,,30,0,0,0,0,1,4,2,16
,2015_68010,0,0,1/25/2015 7:28,7:28,3,0,0,DTC BLVD S & BELLEVIEW AVE E,1,1,0,7,1,1,,,40,0,0,0,0,1,4,2,16
,2015_68011,0,0,3/3/2015 14:23,14:23,3,0,0,DTC BLVD S & TUFTS AVE E,1,1,0,2,1,1,,,40,0,0,0,0,0,4,2,3
,2015_68012,0,0,6/27/2015 23:24,23:24,14,0,0,EMERSON ST N & 14TH AVE E,1,3,0,0,1,1,,,30,0,0,0,0,0,4,2,13
,2015_68013,0,0,2/23/2015 21:45,21:45,15,0,0,EVANS AVE 4100 BLK E & ASH ST S,4,3,0,7,1,4,,,35,0,0,0,0,0,4,2,16
,2015_68014,0,0,6/18/2015 19:40,19:40,11,0,1,EVANS AVE E & BROADWAY ST S,1,2,0,0,1,1,,,,0,1,0,0,2,4,2,13
,2015_68015,0,0,7/8/2015 18:12,18:12,12,0,0,EVANS AVE 3500 BLK E & MONROE ST S,1,1,0,7,1,3,,,30,0,0,0,0,0,4,2,3
,2015_68016,0,0,8/10/2015 10:35,10:35,12,0,0,EVANS AVE 900 BLK W & PLATTE RIVER DR S,1,1,0,7,1,1,,,35,0,0,0,0,0,4,2,12
,2015_68017,0,0,1/4/2015 10:25,10:25,12,0,0,EVANS AVE W & S WOLCOTT ST,5,1,1,7,1,3,,,25,0,0,0,0,0,4,2,16
,2015_68018,0,0,1/3/2015 13:38,13:38,5,0,0,FLORIDA AVE E & QUEBEC WY S,4,1,1,2,3,1,,,25,0,0,0,0,0,4,1,7
,2015_68019,0,0,10/10/2015 16:55,16:55,6,0,0,N FAIRPLAY ST & E OLMSTED DR,1,1,0,7,3,2,,,25,0,0,0,0,0,4,2,9
,2015_68020,0,0,7/20/2015 17:57,17:57,12,0,0,FLORIDA AVE 7900 BLK E & QUEBEC WAY S,1,1,1,7,1,4,,,30,0,0,0,0,0,4,2,7