id,drcog_id,latitude,longitude,crashtime,time,crashtype,numbkilled,numbinjurd,drcoglocat,rdconditin,lightngcon,roadcntgrd,weatherco,location,roaddescrp,schoolzone,constrzone,splimit,bikeinv,pedinv,sctrinv,motoinv,svrty,rdsystem,ttlvehcls,hcf
,2015_68021,0,0,11/27/2015 5:19,5:19,6,0,0,JASMINE WAY & 600 BLK S,5,2,0,7,1,4,,,25,0,0,0,0,0,4,2,5
,2015_68022,0,0,1/31/2015 23:40,23:40,8,0,0,HAVANA ST N & SMITH RD E,6,4,0,2,1,4,,,35,0,0,0,0,1,4,2,1
,2015_68023,0,0,12/11/2015 12:30,12:30,6,0,0,HARVARD AVE 00 BLK E & LINCOLN ST S,1,1,0,7,1,4,,,25,0,0,0,0,0,4,2,8
,2015_68024,0,0,6/22/2015 15:20,15:20,12,0,0,IRVING ST S & CUSTER PL W,1,1,0,7,1,1,,,25,0,0,0,0,0,4,2,5
,2015_68025,0,0,3/5/2015 7:00,7:00,15,0,0,JEWELL AVE & 5200 BLK W,1,1,1,0,1,4,,,35,0,0,0,0,0,4,4,13
,2015_68026,0,0,12/18/2015 21:30,21:30,6,0,0,JEWELL AVE 5200 BLK E & FOREST ST S,5,3,0,7,1,4,,,25,0,0,0,0,0,4,2,1
,2015_68027,0,0,3/22/2015 23:25,23:25,3,0,0,JOLIET ST 5500 BLK N & 55TH AVE E,1,3,0,0,1,2,,,35,0,0,0,0,0,4,2,13
,2015_68028,0,0,2/6/2015 19:44,19:44,6,0,0,LAFAYETTE ST 200 BLK S & ALAMEDA AVE E,1,3,0,7,1,4,,,25,0,0,0,0,0,4,2,5
,2015_68029,0,0,7/23/2015 9:40,9:40,15,0,0,LARIMER ST 1700 BLK & 17TH ST,1,1,0,7,1,4,,,30,0,0,0,0,0,4,2,16
,2015_68030,0,0,6/22/2015 18:03,18:03,6,0,0,LINCOLN ST N & 5030,1,1,0,0,1,4,,,30,0,0,0,0,0,4,3,13
,2015_68031,0,0,4/24/2015 13:41,13:41,15,0,0,LINCOLN ST 100 BLK N & 2ND AVE E,1,1,1,7,1,4,,,30,0,0,0,0,0,4,2,16
,2015_68032,0,0,6/8/2015 13:52,13:52,10,0,0,LINCOLN ST 800 BLK N & 8TH AVE E,1,1,1,0,1,4,,,35,0,0,0,0,0,4,2,8
,2015_68033,0,0,11/13/2015 11:30,11:30,6,0,0,LITTLE RAVEN ST & 1600 BLK,1,1,0,7,1,4,,,,0,0,0,0,0,4,2,16
,2015_68034,0,0,3/18/2015 10:30,10:30,6,0,0,LITTLE RAVEN ST 1500 BLK & 16TH ST,1,1,0,7,1,4,,,30,0,0,0,0,0,4,2,16
,2015_68035,0,0,11/21/2015 18:25,18:25,6,0,0,LOGAN ST 100 BLK N & ELLSWORTH AVE E,1,3,0,7,1,4,,,25,0,0,0,0,0,4,5,5
,2015_68036,0,0,6/26/2015 18:07,18:07,6,0,0,LOGAN ST 1400 BLK N & COLFAX AVE E,1,1,0,7,1,4,,,35,0,0,0,0,0,4,2,16
,2015_68037,0,0,5/8/2015 3:30,3:30,14,0,0,LOGAN ST 1100 BLK S & MISSISSIPPI AVE E,2,3,0,1,1,4,,,30,0,0,0,0,0,4,4,13
,2015_68038,0,0,4/22/2015 13:45,13:45,10,0,0,LOWELL BLVD S & MABRY WAY S,1,5,1,0,1,4,,,25,0,0,0,0,0,4,2,7
,2015_68039,0,0,1/31/2015 18:02,18:02,15,0,0,LOWELL BLVD N & REGIS BLVD W,1,3,0,0,1,1,,,30,0,0,0,0,0,4,2,13
,2015_68040,0,0,7/28/2015 12:30,12:30,3,0,0,MARION ST N & 14TH AVE E,1,1,0,7,1,1,,,25,0,0,0,0,0,4,2,16
,2015_68042,0,0,7/16/2015 8:23,8:23,15,0,0,MONACO PKWY & 200 BLK S,1,1,0,0,1,4,,,15,0,0,0,0,0,4,2,13
,2015_68043,0,0,4/19/2015 16:30,16:30,15,0,0,MONACO ST 2100 BLK S & EVANS AVE E,1,1,0,7,1,2,,,40,0,0,0,0,0,4,2,16
,2015_68044,0,0,1/8/2015 18:08,18:08,12,0,0,MONACO ST 600 BLK S & EXPOSITION AVE E,1,3,1,7,1,3,,,35,0,0,0,0,0,4,2,14
,2015_68045,0,0,7/10/2015 18:58,18:58,15,0,0,PARK AVE WEST 1400 BLK & BLAKE ST,1,1,0,7,1,4,,,30,0,0,0,0,0,4,2,1
,2015_68046,0,0,1/6/2015 15:05,15:05,12,0,0,PARK AVE W 1800 BLK & DELGANY ST,2,1,0,7,1,4,,,30,0,0,0,0,1,4,3,16
,2015_68047,0,0,4/3/2015 7:00,7:00,12,0,0,PARK AVE W & DELGANY ST,5,1,0,7,1,4,,,30,0,0,0,0,0,4,2,16
,2015_68048,0,0,2/1/2015 4:59,4:59,3,0,0,PARK AVE W & LAWRENCE ST,4,3,0,2,1,1,,,30,0,0,0,0,0,4,2,7
,2015_68050,0,0,4/2/2015 16:20,16:20,3,0,0,PECOS ST N & DIXIE PL W,2,1,0,2,1,2,,,30,0,0,0,0,1,4,2,13
,2015_68051,0,0,4/9/2015 17:40,17:40,11,0,1,PENNSYLVANIA ST N & 45TH AVE E,1,1,0,0,1,4,,,25,0,1,0,0,3,4,2,13
,2015_68052,0,0,2/2/2015 18:25,18:25,3,0,0,PENNSYLVANIA ST S & EVANS AVE E,1,1,1,7,1,1,,,25,0,0,0,0,0,4,2,16
,2015_68053,0,0,4/27/2015 15:25,15:25,15,0,0,QUEBEC ST N & 29TH AVE E,1,1,0,0,1,4,,,30,0,0,0,0,1,4,2,14
,2015_68054,0,0,6/23/2015 11:40,11:40,12,0,0,15TH ST 1300 BLK & MARKET ST,1,1,0,7,1,1,,,25,0,0,0,0,0,4,2,14
,2015_68055,0,0,8/20/2015 22:29,22:29,3,0,0,17TH ST & BOULDER ST,1,3,1,0,1,1,,,25,0,0,0,0,0,4,2,13
,2015_68056,0,0,7/8/2015 6:45,6:45,3,0,0,20TH ST & LARIMER ST,1,1,0,7,1,1,,,30,0,0,0,0,0,4,2,16
,2015_68057,0,0,11/7/2015 0:30,0:30,11,0,1,29TH ST 1900 BLK & ARKINS CT,1,4,1,0,5,7,,,25,0,1,0,0,2,3,2,5
,2015_68058,0,0,2/17/2015 8:20,8:20,12,0,0,SHERIDAN BLVD S & QUINCY AVE W,5,1,0,7,1,4,,,40,0,0,0,0,0,4,2,16
,2015_68059,0,0,5/12/2015 22:25,22:25,6,0,0,SHERMAN ST 300 BLK S & DAKOTA AVE E,1,3,0,7,1,4,,,25,0,0,0,0,0,4,2,16
,2015_68060,0,0,1/1/2015 8:36,8:36,3,0,0,SMITH RD E & MONACO ST N,1,1,1,7,1,1,,,35,0,0,0,0,0,4,2,16
,2015_68061,0,0,4/19/2015 16:10,16:10,3,0,0,SPEER BLVD N & 11TH AVE W,1,1,0,7,1,1,,,35,0,0,0,0,0,4,2,16
,2015_68062,0,0,1/13/2015 11:14,11:14,12,0,0,SPEER BLVD SB N & ELITCH CR,1,1,0,7,1,4,,,30,0,0,0,0,0,4,2,14
,2015_68063,0,0,5/9/2015 10:50,10:50,3,0,0,SPEER BLVD N & LARIMER ST,1,1,0,1,1,1,,,35,0,0,0,0,0,4,2,16
,2015_68064,0,0,6/4/2015 9:25,9:25,3,0,0,STAPLETON ST DR E & DAHLIA ST N,1,1,0,7,1,1,,,30,0,0,0,0,0,4,2,7
,2015_68065,0,0,7/10/2015 20:34,20:34,3,0,0,STAPLETON DR 4800 BLK OF & DAHLIA ST N,1,3,0,7,1,3,,,40,0,0,0,0,0,4,2,7
,2015_68066,0,0,1/14/2015 1:10,1:10,6,0,0,STETSON PL W & JELLISON ST S,5,3,0,2,1,4,,,25,0,0,0,0,0,4,4,1
,2015_68067,0,0,5/22/2015 16:25,16:25,3,0,0,TEJON ST S & CEDAR AVE W,1,1,0,7,1,3,,,25,0,0,0,0,0,4,2,16
,2015_68068,0,0,12/6/2015 4:00,4:00,5,0,0,TROY ST N 5514 & 55TH AVE E,1,4,0,0,2,4,,,20,0,0,0,0,0,4,2,1
,2015_68069,0,0,10/3/2015 12:49,12:49,6,0,0,TREMONT PL 2300 BLK & 24TH ST,1,1,1,7,1,4,,,25,0,0,0,0,0,4,2,16
,2015_68070,0,0,1/28/2015 13:05,13:05,12,0,0,ULSTER ST 5100 BLK S & BELLEVIEW AVE E,1,1,0,7,1,3,,,35,0,0,0,0,0,4,2,3
,2015_68071,0,0,1/6/2015 7:10,7:10,12,0,0,UNIVERSITY BLVD & 1900 BLK S,5,1,0,0,1,4,,,30,0,0,0,0,0,4,2,13
,2015_68072,0,0,4/10/2015 13:43,13:43,3,0,0,WARREN AVE E & COLUMBINE ST S,1,1,0,7,1,1,,,15,0,0,0,0,0,4,2,3
,2015_68073,0,0,7/24/2015 16:01,16:01,2,0,1,WASHINGTON ST N & 2ND AVE E,1,1,0,0,1,1,,,30,1,0,0,0,2,4,2,8
,2015_68074,0,0,5/24/2015 21:10,21:10,6,0,0,WASHINGTON ST 700 BLK N & 8TH AVE E,14,3,0,7,1,4,,,25,0,0,0,0,0,4,2,16
,2015_68076,0,0,1/21/2015 9:35,9:35,1,0,0,YALE AVE 6200 BLOCK W & JAY ST S,5,1,0,2,1,1,,,30,0,0,0,0,1,4,2,7
,2015_68077,0,0,6/9/2015 15:00,15:00,6,0,0,YATES ST N & 4497,1,1,0,0,1,4,,,25,0,0,0,0,0,4,2,13
,2015_68078,0,0,6/29/2015 9:50,9:50,12,0,0,YATES ST N & 14TH AVE W,1,1,0,7,1,1,,,30,0,0,0,0,1,4,2,3
,2015_68079,0,0,2/27/2015 10:55,10:55,12,0,0,YOSEMITE ST 4700 BLK S & UNION AVE E,2,1,1,7,1,4,,,35,0,0,0,0,0,4,2,2
,2015_68080,0,0,3/29/2015 14:10,14:10,3,0,1,ZUNI ST N & 29TH AVE W,1,1,0,7,1,1,,,30,0,0,0,0,2,4,2,16
,2015_68081,0,0,3/14/2015 3:14,3:14,3,0,0,ZUNI ST S & ILIFF AVE W,1,3,0,7,1,1,,,25,0,0,0,0,0,4,2,5
,2015_68204,39.698395,-104.940657,1/9/2015 7:04,7:04,15,0,0,COLORADO BLVD S & TENNESSEE AVE E,5,1,1,0,1,4,,,35,0,0,0,0,0,2,2,13
,2015_68205,39.70401,-104.940623,8/11/2015 9:10,9:10,12,0,0,COLORADO BLVD 600 BLK S & EXPOSITION AVE E,1,1,0,0,1,3,,,35,0,0,0,0,0,2,2,13
,2015_68206,39.718116,-104.940628,1/30/2015 18:45,18:45,12,0,0,COLORADO BLVD & 100 BLK N,1,3,0,0,1,4,,,35,0,0,0,0,0,2,3,13
,2015_68207,39.720916,-104.940629,1/16/2015 18:08,18:08,12,0,0,3RD AVE E & COLORADO BLVD N,1,3,0,0,1,1,,,40,0,0,0,0,1,2,4,13
,2015_68208,39.727365,-104.940627,7/1/2015 11:25,11:25,1,0,1,7TH AVE E & COLORADO BLVD N,1,1,0,0,1,1,,,30,0,0,0,0,2,2,2,7
,2015_68209,39.761878,-104.940511,9/9/2015 8:15,8:15,3,0,0,COLORADO BLVD N & MLK BLVD E,1,1,0,0,1,1,,,35,0,0,0,0,0,2,2,16
,2015_68210,39.746189,-104.940605,1/8/2015 13:38,13:38,12,0,0,COLORADO BLVD N & 19TH AVE E,1,1,0,0,1,4,,,35,0,0,0,0,0,2,3,12
,2015_68211,39.766881,-104.940491,8/29/2015 1:15,1:15,5,0,0,36TH AVE E & COLORADO BLVD N,1,3,0,0,4,1,,,35,0,0,0,0,0,2,1,7
,2015_68212,39.76452,-104.940501,4/27/2015 7:30,7:30,11,0,0,COLORADO BLVD 3400 BLK N & BRUCE RANDOLPH AVE E,2,1,0,1,1,1,,,35,0,1,0,0,1,2,2,13
,2015_68220,39.725655,-105.052942,5/20/2015 23:45,23:45,15,0,0,6TH AVE W & SHERIDAN BLVD,2,3,0,1,1,4,,,50,0,0,0,0,0,2,2,5
,2015_68262,39.64665,-104.914574,2/27/2015 12:34,12:34,5,0,0,I-25 & HAMPDEN AVE E,1,1,0,0,3,4,,,65,0,0,0,0,0,1,1,7
,2015_68263,39.65297,-104.918192,5/18/2015 9:11,9:11,12,0,0,I-25 & HAMPDEN AVE E,2,1,0,1,1,4,,,65,0,0,0,0,0,1,2,14
,2015_68264,0,0,1/19/2015 11:23,11:23,12,0,0,I-25 NB OFF RAMP & YALE AVE E,1,1,0,0,1,8,,,,0,0,0,0,0,1,2,13
,2015_68265,39.677375,-104.932713,7/1/2015 7:45,7:45,12,0,0,I-25 & EVANS AVE E,1,1,0,0,1,4,,,65,0,0,0,0,0,1,2,13
,2015_68266,39.68615,-104.965485,4/24/2015 5:25,5:25,5,0,0,I-25 & FRANKLIN ST S,1,3,0,0,2,4,,,60,0,0,0,0,1,1,1,7
,2015_68267,39.692284,-104.976903,5/15/2015 16:22,16:22,12,0,0,I-25 & EMERSON ST S,1,1,0,0,1,4,,,60,0,0,0,0,0,1,2,13
,2015_68268,39.690821,-104.974899,8/28/2015 10:37,10:37,12,0,1,I-25 & MM 206,1,1,0,0,1,4,,,55,0,0,0,1,2,1,2,13
,2015_68269,39.700841,-104.986681,1/16/2015 17:16,17:16,1,0,0,BROADWAY ST S & KENTUCKY AVE E,1,1,0,0,1,1,,,30,0,0,0,0,0,1,2,3
,2015_68271,39.701452,-104.987435,3/5/2015 11:24,11:24,12,0,0,I-25 & BROADWAY S,1,1,0,0,1,4,,,55,0,0,0,0,0,1,2,7
,2015_68272,39.706359,-104.996335,6/11/2015 15:53,15:53,12,0,0,I-25 NB ON SLIP RAMP & SANTA FE DR S,1,1,0,0,1,8,,,40,0,0,0,0,0,1,2,3
,2015_68273,39.71124,-104.998918,3/21/2015 14:27,14:27,12,0,0,I-25 & ALAMEDA AVE W,1,1,0,0,1,4,,,55,0,0,0,0,0,1,2,13
,2015_68274,39.712259,-104.999523,2/12/2015 19:33,19:33,12,0,0,I-25 & ALAMEDA AVE W,1,3,0,0,1,4,,,55,0,0,0,0,1,1,2,13
,2015_68275,39.713064,-105.000002,8/10/2015 12:24,12:24,12,0,0,I-25 & CEDAR AVE W (NOT IN TCORIS),1,1,1,0,1,4,,,5,0,0,0,0,0,1,2,7
,2015_68276,39.717423,-105.003826,6/4/2015 12:15,12:15,12,0,0,I-25 & 6TH AVE W,1,1,0,0,1,4,,,55,0,0,0,0,0,1,2,13
,2015_68277,39.718407,-105.005258,1/8/2015 6:59,6:59,12,0,0,I-25 & 1ST AVE OFFSET REF,1,2,0,0,1,4,,,55,0,0,0,0,0,1,2,13
,2015_68278,39.723679,-105.011476,12/24/2015 10:40,10:40,15,0,0,I-25 & 6TH AVE W,1,1,0,0,1,4,,,55,0,0,0,0,0,1,2,1
,2015_68279,39.72543,-105.013021,1/9/2015 15:42,15:42,12,0,0,I-25 & 6TH AVE W,1,1,0,0,1,4,,,55,0,0,0,0,1,1,3,3
,2015_68280,39.740095,-105.013916,7/23/2015 12:07,12:07,12,0,0,I-25 & COLFAX AVE W,1,1,1,0,1,4,,,55,0,0,0,0,0,1,3,14
,2015_68281,39.74035,-105.013939,3/6/2015 15:10,15:10,12,0,0,I-25 & COLFAX AVE W,1,1,1,0,1,4,,,55,0,0,0,0,0,1,2,14
,2015_68282,39.74335,-105.015963,5/30/2015 22:56,22:56,15,0,0,I-25 NB ON RAMP & COLFAX AVE W,1,3,0,0,1,4,,,55,0,0,0,0,0,1,2,3
,2015_68283,39.751291,-105.016572,2/26/2015 11:00,11:00,5,0,0,I-25 & 23RD AVE,2,1,0,2,3,4,,,55,0,0,0,0,0,1,2,3
,2015_68284,39.755141,-105.012706,4/14/2015 16:11,16:11,12,0,0,I-25 & SPEER BLVD N,1,1,1,0,1,4,,,55,0,0,0,0,1,1,3,13
,2015_68285,39.759414,-105.00677,4/30/2015 16:10,16:10,12,0,1,I-25 & 20TH ST,1,1,0,0,1,4,,,55,0,0,0,0,2,1,2,3
,2015_68286,39.760898,-105.00442,4/6/2015 15:55,15:55,12,0,0,I-25 & 20TH ST W,1,1,0,0,1,4,,,55,0,0,0,0,0,1,3,13
,2015_68287,39.766869,-104.997803,4/9/2015 6:37,6:37,12,0,0,I-25 & INCA ST N (NOT IN CORIS),1,1,1,0,1,4,,,55,0,0,0,0,0,1,2,3
,2015_68288,39.768039,-104.994788,2/17/2015 19:14,19:14,15,0,0,I-25 & PARK AVE WEST,1,3,0,0,1,4,,,55,0,0,0,0,0,1,2,13
,2015_68289,39.768039,-104.994788,1/23/2015 13:38,13:38,1,0,0,PARK AVE WEST & I-25,1,1,1,0,1,1,,,30,0,0,0,0,1,1,2,13
,2015_68290,39.768039,-104.994788,2/2/2015 14:11,14:11,15,0,0,PARK AVE WEST & I-25,1,1,0,0,1,1,,,35,0,0,0,0,0,1,2,8
,2015_68291,39.77571,-104.989218,2/20/2015 6:22,6:22,12,0,0,I-25 NB OFF RAMP & I-70 OVERPASS,1,2,1,0,1,8,,,55,0,0,0,0,0,1,2,13
,2015_68292,39.770103,-104.991512,10/10/2015 2:50,2:50,5,0,1,I-25 & MM 213,1,4,0,0,1,4,,,55,0,0,0,0,2,1,1,9
,2015_68310,39.71118,-105.007285,3/1/2015 22:24,22:24,5,0,0,ALAMEDA AVE & 1400 BLK W,1,3,0,0,1,4,,,35,0,0,0,0,1,2,1,13
,2015_68311,39.711184,-105.000622,6/2/2015 9:00,9:00,3,0,1,ALAMEDA AVE W & S PLATTE RIVER DR,1,1,0,0,1,1,,,35,0,0,0,0,3,2,2,3
,2015_68312,39.711196,-104.999979,1/19/2015 12:01,12:01,15,0,0,ALAMEDA AVE & 1100 BLK W,1,1,0,0,1,4,,,30,0,0,0,0,0,2,2,14
,2015_68313,39.65352,-104.868405,2/3/2015 16:23,16:23,12,0,0,HAVANA ST 3400 BLK S & GALENA ST S,1,1,0,0,1,1,,,55,0,0,0,0,0,2,2,14
,2015_68314,39.656992,-104.866396,6/23/2015 8:08,8:08,12,0,0,HAVANA ST S & GIRARD AVE E,1,1,0,0,1,3,,,25,0,0,0,0,0,2,2,13
,2015_68315,39.661708,-104.866264,5/28/2015 8:10,8:10,12,0,0,HAVANA ST 3200 BLK & CORNELL AVE E,1,1,1,0,1,3,,,45,0,0,0,0,0,2,2,1
,2015_68323,39.791179,-104.903318,7/1/2015 22:33,22:33,1,0,0,QUEBEC ST N & 51ST AVE E (NOT IN CORIS),1,3,0,0,1,1,,,35,0,0,0,0,0,2,2,13
,2015_68350,39.740306,-105.014081,6/16/2015 18:40,18:40,5,0,0,COLFAX AVE W & I-25 NB OFF RAMP,2,1,0,1,3,3,,,40,0,0,0,0,0,2,3,13
,2015_68351,39.740003,-104.967211,6/7/2015 18:13,18:13,12,0,0,COLFAX AVE E & GILPIN ST N,2,1,0,1,1,1,,,30,0,0,0,0,0,2,4,7
,2015_68352,39.739989,-104.964196,2/23/2015 15:50,15:50,6,0,0,COLFAX AVE 1900 BLK E & HIGH ST N,2,1,0,0,1,4,,,30,0,0,0,0,0,2,2,13
,2015_68353,39.73998,-104.962295,11/3/2015 18:50,18:50,11,0,1,COLFAX AVE E & VINE ST N,1,3,0,0,1,1,,,30,0,1,0,0,2,2,2,14
,2015_68354,39.739983,-104.959843,6/13/2015 20:52,20:52,2,0,1,COLFAX AVE E & YORK ST N,2,3,0,1,1,1,,,30,1,0,0,0,3,2,3,13
,2015_68355,39.740075,-104.916293,7/23/2015 16:14,16:14,1,0,1,6200 BLK E COLFAX AVE & KRAMERIA ST N,1,1,0,7,1,1,,,30,0,0,0,1,3,2,2,16
,2015_68385,39.783138,-105.006328,2/2/2015 11:49,11:49,14,0,0,48TH AVE W & PECOS ST WB OFF RAMP,1,1,0,0,1,6,,,35,0,0,0,0,0,1,2,14
,2015_68386,39.780567,-104.991833,6/24/2015 14:28,14:28,15,0,0,I-70 WB COLLECTOR ON RAMP & I-25,1,1,0,0,1,8,,,55,0,0,0,0,0,1,2,14
,2015_68387,39.780116,-104.989806,4/3/2015 7:00,7:00,12,0,0,I-70 EB COLLECTOR ON RAMP & I-25 SB OFF RAMP,5,1,0,0,1,8,,,55,0,0,0,0,1,1,2,14
,2015_68388,39.780001,-104.950972,2/18/2015 15:40,15:40,12,0,0,I-70 & STEELE ST N,1,1,0,0,1,4,,,55,0,0,0,0,0,1,3,13
,2015_68389,39.779949,-104.941561,1/2/2015 15:00,15:00,12,0,0,I-70 & COLORADO BLVD N,1,1,1,0,1,4,,,55,0,0,0,0,0,1,2,7
,2015_68390,39.778271,-104.89681,6/2/2015 16:16,16:16,12,0,0,I-70 & I-270,1,1,1,0,1,4,,,55,0,0,0,0,0,1,2,3
,2015_68391,39.777796,-104.890403,2/13/2015 9:57,9:57,15,0,1,I-225 & I-70 WB,1,1,1,0,1,8,,,45,0,0,0,1,3,1,2,1
,2015_68392,39.777095,-104.882471,1/15/2015 14:56,14:56,12,0,0,I-70 & CENTRAL PARK BLVD N,1,1,0,0,1,4,,,55,0,0,0,0,0,1,3,12
,2015_68393,39.777095,-104.882471,8/14/2015 11:36,11:36,12,0,1,N NORTHFIELD QUEBEC ST & I70 EB,1,1,0,7,1,1,,,40,0,0,0,0,2,1,2,16
,2015_68394,39.776699,-104.878163,6/17/2015 15:56,15:56,12,0,0,I-70 & CENTRAL PARK BLVD N,1,1,1,0,1,4,,,55,0,0,0,0,0,1,2,3
,2015_68395,39.776047,-104.870677,1/10/2015 18:35,18:35,15,0,0,I-70 & HAVANA ST N,1,3,0,0,1,4,,,55,0,0,0,0,0,1,3,13
,2015_68397,39.773359,-104.839521,2/21/2015 16:55,16:55,12,0,0,I-70 & MM 282,5,2,1,2,1,4,,,55,0,0,0,0,0,1,2,7
,2015_68398,39.772877,-104.833905,4/4/2015 12:42,12:42,12,0,0,I-70 & I-225 SB OFF RAMP GORE PT,1,1,0,0,1,4,,,55,0,0,0,0,1,1,3,13
,2015_68399,39.772653,-104.831288,8/10/2015 7:09,7:09,15,0,0,I-70 & I-225,1,1,0,0,1,4,,,55,0,0,0,0,0,1,2,13
,2015_68400,39.772547,-104.829979,7/18/2015 7:10,7:10,12,0,0,I-70 WB ON RAMP FROM NB & I-225 FLYOVER,1,1,1,0,1,8,,,55,0,0,0,0,0,1,2,13
,2015_68425,39.698487,-104.903279,2/24/2015 9:40,9:40,15,0,0,PARKER RD 1000 BLK S & QUEBEC ST S,4,1,1,0,1,3,,,45,0,0,0,0,0,2,2,13
,2015_68426,39.698614,-104.903604,5/30/2015 14:17,14:17,12,0,0,LEETSDALE DR 7200 BLK & QUEBEC ST S,1,1,1,0,1,3,,,35,0,0,0,0,0,2,2,14
,2015_68427,39.698614,-104.903604,6/2/2015 17:44,17:44,3,0,0,LEETSDALE DR & QUEBEC ST S,1,1,0,0,1,1,,,10,0,0,0,0,0,2,2,3
,2015_68428,39.698614,-104.903604,6/26/2015 15:51,15:51,3,0,0,LEETSDALE DR & QUEBEC ST S,1,1,0,0,1,2,,,10,0,0,0,0,0,2,2,3
,2015_68443,39.669198,-104.995547,2/13/2015 12:00,12:00,15,0,0,2600 BLK S SANTA FE DR & DARTMOUTH AVE W,1,1,0,0,1,4,,,55,0,0,0,0,0,2,6,10
,2015_68444,39.696696,-104.991872,2/21/2015 1:00,1:00,12,0,0,SANTA FE DR S & MISSISSIPPI AVE W,4,3,0,2,1,3,,,45,0,0,0,0,0,2,2,13
,2015_68445,39.691121,-104.992294,11/13/2015 7:15,7:15,3,0,0,SANTA FE DR 1400 BLK S & FLORIDA AVE W,1,2,1,0,1,2,,,45,0,0,0,0,0,2,2,1
,2015_68446,39.700737,-104.992902,6/24/2015 13:44,13:44,15,0,0,SANTA FE DR 1000 BLK S & MISSISSIPPI AVE W,1,1,0,0,1,4,,,35,0,0,0,0,0,2,2,13
,2015_68447,39.702403,-104.994271,8/31/2015 9:20,9:20,15,0,0,PLATTE RIVER DR S & OHIO AVE W,1,1,0,0,1,4,,,45,0,0,0,0,0,2,2,7
,2015_68448,39.703731,-104.995198,7/3/2015 4:17,4:17,8,0,1,SANTA FE DR S & I-25 SB OFF RAMP ENT PT,1,2,0,0,1,4,,,25,0,0,0,0,2,2,2,13
,2015_68453,39.724546,-105.025128,3/21/2015 5:36,5:36,12,0,0,FEDERAL BLVD N & 5TH AVE,1,3,0,0,1,1,,,35,0,0,0,0,0,2,2,14
,2015_68454,39.722102,-105.025208,1/3/2015 15:45,15:45,12,0,0,4TH AVE W & FEDERAL BLVD N,4,2,0,2,1,1,,,35,0,0,0,0,0,2,2,7
,2015_68455,39.682271,-105.025016,2/16/2015 8:30,8:30,3,0,0,JEWELL AVE 2900 BLK W & FEDERAL BLVD S,6,1,0,2,1,3,,,30,0,0,0,0,0,2,2,13
,2015_68456,39.681668,-105.025019,6/14/2015 21:27,21:27,12,0,0,FEDERAL BLVD S & JEWELL AVE W,1,3,0,0,1,4,,,40,0,0,0,0,1,2,2,7
,2015_68457,39.691359,-105.025048,12/2/2015 15:52,15:52,3,0,0,ARKANSAS AVE W & FEDERAL BLVD S,1,1,0,0,1,1,,,35,0,0,0,0,0,2,2,3
,2015_68458,39.689552,-105.02506,8/7/2015 20:17,20:17,1,0,0,FEDERAL BLVD S & FLORIDA AVE W,1,3,0,0,1,1,,,40,0,0,0,0,0,2,2,13
,2015_68479,39.725072,-105.053156,5/4/2015 7:43,7:43,12,0,0,SHERIDAN BLVD N & 6TH AVE W,1,1,0,0,1,8,,,35,0,0,0,0,0,2,2,13
,2015_68500,39.61833,-105.091109,3/11/2015 15:05,15:05,12,0,0,WADSWORTH BLVD S & CRESTLINE AVE W,1,1,0,0,1,3,,,45,0,0,0,0,0,2,2,3
,2015_68535,39.630612,-104.905085,2/16/2015 17:09,17:09,5,0,0,I-225 NB & MM 0.01,10,1,1,2,2,4,,,55,0,0,0,0,0,1,1,13
,2015_68537,39.634579,-104.89973,3/20/2015 10:40,10:40,12,0,0,I-225 & TAMARAC RD S,1,1,0,0,1,4,,,55,0,0,0,0,0,1,2,13
,2015_68548,39.780804,-104.966749,1/18/2015 21:23,21:23,2,0,0,BRIGHTON BLVD N & I-70,1,3,0,0,1,3,,,35,1,0,0,0,1,2,2,13
,2015_68549,39.780804,-104.966749,5/12/2015 20:05,20:05,1,0,0,BRIGHTON BLVD N & I-70 WB RAMPS,1,1,0,0,1,1,,,35,0,0,0,0,0,2,2,13
,2015_68550,39.791221,-104.95979,3/24/2015 22:37,22:37,10,0,0,BRIGHTON BLVD & 5100 BLK,1,4,0,0,1,4,,,30,0,0,0,0,1,2,2,13
,2015_68557,39.653154,-105.06651,1/18/2015 6:15,6:15,15,0,2,HWY 285 & KENDALL ST S OFFSET REF,1,3,0,0,1,4,,,65,0,0,0,0,3,2,2,5
,2015_68563,39.652993,-104.926111,7/10/2015 11:17,11:17,12,0,0,HAMPDEN AVE 5200 BLK E & GLENCOE ST S,1,1,0,0,1,4,,,40,0,0,0,0,0,2,3,13
,2015_68564,39.744997,-105.025229,4/24/2015 16:53,16:53,12,0,0,FEDERAL BLVD 1800 BLK N & 18TH AVE W,1,1,1,0,1,4,,,35,0,0,0,0,0,2,2,12
,2015_68565,39.754855,-105.025129,7/13/2015 9:05,9:05,1,0,0,26TH AVE W & FEDERAL BLVD N,1,1,1,0,1,1,,,30,0,0,0,0,0,2,2,13