id,drcog_id,latitude,longitude,crashtime,time,crashtype,numbkilled,numbinjurd,drcoglocat,rdconditin,lightngcon,roadcntgrd,weatherco,location,roaddescrp,schoolzone,constrzone,splimit,bikeinv,pedinv,sctrinv,motoinv,svrty,rdsystem,ttlvehcls,hcf
,2015_68566,39.769244,-105.025232,4/22/2015 10:02,10:02,15,0,0,38TH AVE & FEDERAL BLVD N,1,1,0,0,1,4,,,35,0,0,0,0,0,2,2,14
,2015_68767,0,0,2/3/2015 15:40,15:40,12,0,0,1ST AVE E & STEELE ST N,1,1,0,7,1,1,,,30,0,0,0,0,0,4,2,16
,2015_68768,0,0,1/17/2015 16:27,16:27,3,0,0,3RD AVE E & ELM ST N,1,1,0,7,1,1,,,25,0,0,0,0,0,4,2,16
,2015_68769,0,0,7/25/2015 7:25,7:25,3,0,0,3RD AVE E & LOGAN ST N,1,1,0,7,1,1,,,30,0,0,0,0,0,4,2,16
,2015_68770,0,0,6/11/2015 8:16,8:16,3,0,0,8TH AVE & 4600 BLK E,1,1,0,0,1,5,,,35,0,0,0,0,0,4,2,13
,2015_68771,0,0,2/22/2015 15:31,15:31,5,0,0,8TH AVE E & MONACO ST N,4,1,0,2,3,1,,,30,0,0,0,0,0,4,1,14
,2015_68772,0,0,2/24/2015 21:50,21:50,6,0,0,9TH AVE 700 BLK E & WASHINGTON ST N,1,3,0,7,1,4,,,15,0,0,0,0,0,4,4,5
,2015_68773,0,0,4/29/2015 13:45,13:45,12,0,0,10TH AVE ALLEY & 4600 BLK W,1,1,1,0,1,5,,,25,0,0,0,0,0,4,2,13
,2015_68774,0,0,7/15/2015 2:50,2:50,5,0,0,10TH AVE 2900 BLOCK W & FEDERAL BLVD N,1,3,0,0,2,4,,,25,0,0,0,0,0,4,1,14
,2015_68775,0,0,11/5/2015 19:59,19:59,6,0,0,12TH AVE 900 BLK E & OGDEN ST N,1,3,0,7,1,4,,,30,0,0,0,0,0,4,4,3
,2015_68776,0,0,11/30/2015 16:00,16:00,6,0,0,13TH AVE & 900 BLK W,1,1,1,7,1,4,,,30,0,0,0,0,0,4,2,16
,2015_68777,0,0,7/17/2015 20:48,20:48,3,0,0,13TH AVE 2400 BLK E & COLUMBINE ST N,1,3,0,7,1,1,,,30,0,0,0,0,0,4,2,16
,2015_68778,0,0,5/1/2015 14:34,14:34,3,0,0,14TH AVE 4600 BLK E & CHERRY ST N,1,1,0,7,1,1,,,30,0,0,0,0,0,4,2,16
,2015_68779,0,0,9/16/2015 22:38,22:38,6,0,2,14TH AVE W & PERRY ST N,1,3,1,7,1,4,,,25,0,0,0,0,2,4,2,5
,2015_68780,0,0,6/11/2015 11:18,11:18,10,0,0,17TH AVE & 2000 BLK E,1,1,0,0,1,5,,,30,0,0,0,1,0,4,1,13
,2015_68781,0,0,7/24/2015 16:15,16:15,15,0,0,17TH AVE E & BROADWAY ST N,1,1,0,0,1,1,,,25,0,0,0,0,0,4,2,14
,2015_68782,0,0,6/27/2015 10:05,10:05,15,0,0,17TH AVE 100 BLK E & LINCOLN ST,1,1,1,7,1,4,,,30,0,0,0,0,0,4,2,16
,2015_68783,0,0,9/16/2015 17:02,17:02,3,0,0,18TH AVE E & LINCOLN ST N,1,1,0,0,1,1,,,30,0,0,0,0,0,4,2,13
,2015_68784,0,0,9/13/2015 15:15,15:15,2,0,0,25TH AVE E & GLENCOE ST N,1,5,0,0,1,1,,,25,1,0,0,0,1,4,2,13
,2015_68785,0,0,3/19/2015 8:00,8:00,3,0,0,22ND AVE & WASHINGTON ST,2,1,0,1,1,1,,,25,0,0,0,0,0,4,2,13
,2015_68786,0,0,5/8/2015 18:18,18:18,1,0,0,23RD AVE 6900 BLK E & ONEIDA ST N,2,1,0,1,1,1,,,30,0,0,0,0,0,4,2,16
,2015_68787,0,0,10/12/2015 9:14,9:14,15,0,0,32ND AVE E & QUEBEC ST N,1,1,0,0,1,1,,,35,0,0,0,0,0,4,2,13
,2015_68788,0,0,6/29/2015 6:46,6:46,3,0,0,31ST AVE E & DOWNING ST N,1,1,0,0,1,1,,,30,0,0,0,0,0,4,2,13
,2015_68789,0,0,5/18/2015 21:11,21:11,11,0,2,38TH AVE 2500 BLK W & ALCOTT ST N,2,3,0,1,1,1,,,35,0,1,0,1,3,4,2,14
,2015_68790,0,0,1/9/2015 11:57,11:57,6,0,0,E 38TH AVE & GLENCOE ST N,5,1,0,7,1,3,,,30,0,0,0,0,0,4,2,16
,2015_68791,0,0,12/15/2015 17:42,17:42,6,0,0,39TH AVE & 3300 BLK W,4,1,1,2,1,4,,,25,0,0,0,0,0,4,2,16
,2015_68792,0,0,4/12/2015 2:07,2:07,6,0,0,47TH AVE & 19135 BLK E,1,4,0,0,1,4,,,25,0,0,0,0,0,4,2,13
,2015_68793,0,0,6/13/2015 7:36,7:36,3,0,0,48TH AVE W & LOWELL BLVD N,1,1,0,7,1,1,,,30,0,0,0,0,0,4,2,16
,2015_68794,0,0,2/19/2015 10:00,10:00,12,0,0,56TH AVE E & QUEBEC ST N,1,1,0,7,1,1,,,40,0,0,0,0,0,4,2,14
,2015_68795,0,0,2/26/2015 16:45,16:45,15,0,0,78TH AVE E & GUN CLUB RD N,4,1,0,2,1,1,,,45,0,0,0,0,0,4,2,8
,2015_68796,0,0,3/6/2015 18:40,18:40,6,0,0,ACOMA ST & 2306 BLK S,1,3,0,0,1,4,,,25,0,0,0,0,0,4,2,13
,2015_68797,0,0,7/23/2015 18:26,18:26,12,0,0,ALAMEDA AVE 4700 BLK E & DAHLIA ST S,1,1,0,7,1,4,,,30,0,0,0,0,0,4,2,16
,2015_68798,0,0,8/12/2015 7:15,7:15,12,0,1,ALAMEDA AVE 9600 BLK E & DAYTON ST S,1,1,0,7,1,4,,,45,0,0,0,0,2,4,3,12
,2015_68799,0,0,5/17/2015 20:30,20:30,15,0,0,ALAMEDA AVE E & MONACO PKWY S,1,3,0,0,1,1,,,40,0,0,0,0,0,4,2,13
,2015_68800,0,0,3/23/2015 22:41,22:41,11,0,1,ALAMEDA AVE W & SANTA FE DR S,1,3,0,0,1,1,,,35,0,1,0,0,2,4,2,13
,2015_68801,0,0,1/27/2015 16:03,16:03,12,0,0,ALAMEDA AVE 2300 BLK E & UNIVERSITY BLVD S,1,1,1,7,1,3,,,30,0,0,0,0,0,4,2,3
,2015_68802,0,0,1/6/2015 16:50,16:50,12,0,0,ALBROOK DR & 12770 E,1,2,0,0,1,4,,,25,0,0,0,0,0,4,2,7
,2015_68803,0,0,5/15/2015 19:42,19:42,3,0,0,BAYAUD AVE E & LINCOLN ST S,1,2,0,7,1,1,,,25,0,0,0,0,0,4,2,1
,2015_68804,0,0,1/14/2015 18:20,18:20,12,0,0,BAYAUD AVE W & TEJON ST S,1,4,0,7,1,1,,,25,0,0,0,0,0,4,2,16
,2015_68805,0,0,6/13/2015 15:37,15:37,2,0,1,BEACH CT 5000 BLK N & 50TH AVE W,1,1,0,0,1,2,,,25,1,0,0,0,3,4,2,13
,2015_68806,0,0,6/26/2015 23:10,23:10,10,0,0,BROADWAY ST & 1600 BLK S,1,4,0,0,1,1,,,30,0,0,0,0,0,4,2,13
,2015_68807,0,0,10/16/2015 10:06,10:06,12,0,0,BROADWAY ST 200 BLK N & CEDAR AVE E,1,1,0,0,1,1,,,30,0,0,0,0,0,4,2,13
,2015_68808,0,0,2/10/2015 6:56,6:56,12,0,1,BROADWAY ST 1500 BLK S & IOWA AVE W,1,1,0,7,1,3,,,35,0,0,0,0,2,4,2,1
,2015_68809,0,0,8/17/2015 16:51,16:51,2,0,1,BRIGHTON BLVD 3400 BLK N & 35TH ST,1,1,0,0,1,4,,,35,1,0,0,0,2,4,2,13
,2015_68810,0,0,5/23/2015 18:50,18:50,15,0,0,BROADWAY ST N & WELTON ST,2,1,0,1,1,1,,,30,0,0,0,0,0,4,2,7
,2015_68811,0,0,11/6/2015 12:30,12:30,12,0,0,CHAMPA ST & 15TH ST,1,1,0,0,1,4,,,25,0,0,0,0,0,4,2,1
,2015_68812,0,0,6/30/2015 12:20,12:20,3,0,0,CEDAR AVE E & HUMBOLDT ST S,1,1,1,7,1,1,,,25,0,0,0,0,1,4,2,3
,2015_68813,0,0,7/6/2015 13:07,13:07,3,0,0,CENTER AVE E & LOGAN ST S,1,1,0,7,1,1,,,25,0,0,0,0,0,4,2,3
,2015_68814,0,0,4/3/2015 7:23,7:23,12,0,0,CENTRAL PARK BLVD N & 36TH AVE E,2,1,1,7,1,4,,,40,0,0,0,0,0,4,2,7
,2015_68815,0,0,11/30/2015 2:49,2:49,6,0,0,CLAY ST N & 32ND AVE W,4,3,0,2,1,4,,,30,0,0,0,0,0,4,9,5
,2015_68816,0,0,2/21/2015 16:24,16:24,12,0,0,CHERRY CREEK DR N E & MONACO ST S,4,2,0,2,1,1,,,35,0,0,0,0,1,4,2,14
,2015_68817,0,0,6/17/2015 12:20,12:20,2,0,1,CHESTNUT PL & 20TH ST,1,1,0,0,1,1,,,25,1,0,0,0,2,4,2,13
,2015_68818,0,0,10/25/2015 1:45,1:45,6,0,0,COLUMBIA PL W & SHERIDAN BLVD S,1,3,0,7,2,3,,,25,0,0,0,0,0,4,2,14
,2015_68819,0,0,2/23/2015 18:00,18:00,3,0,0,DECATUR ST S & ASBURY AVE W,4,3,0,0,1,2,,,30,0,0,0,0,0,4,2,7
,2015_68820,0,0,6/30/2015 7:35,7:35,3,0,0,DOWNING ST N & 18TH AVE E,1,1,0,7,1,1,,,25,0,0,0,0,0,4,2,8
,2015_68821,0,0,12/31/2015 10:54,10:54,12,0,0,EVANS AVE 5800 BLK E & JASMINE ST S,1,1,0,0,1,4,,,35,0,0,0,0,0,4,2,13
,2015_68822,0,0,10/17/2015 11:05,11:05,6,0,0,PECOS ST & 3700 BLK N,1,1,0,7,1,4,,,25,0,0,0,0,0,4,2,16
,2015_68823,0,0,6/16/2015 10:55,10:55,10,0,0,EVANS AVE W & LIPAN ST S,1,1,0,0,1,4,,,35,0,0,0,0,0,4,2,1
,2015_68824,0,0,4/2/2015 18:31,18:31,3,0,0,EVANS AVE 6400 BLK E & MONACO PKWY S,2,2,0,1,1,2,,,15,0,0,0,0,0,4,2,3
,2015_68825,0,0,6/30/2015 18:30,18:30,6,0,0,EXPOSITION AVE W & QUIVAS ST S,1,1,0,7,1,3,,,35,0,0,0,0,0,4,2,5
,2015_68826,0,0,3/12/2015 12:46,12:46,6,0,0,FAIRFAX ST N & 36TH AVE E,1,5,0,7,1,4,,,25,0,0,0,0,0,4,2,16
,2015_68827,0,0,8/13/2015 8:07,8:07,5,0,0,FLORIDA AVE & 3105 W,1,1,0,7,6,2,,,,0,0,0,0,0,4,1,16
,2015_68828,0,0,7/23/2015 22:25,22:25,6,0,0,FRANKLIN ST & 400 BLK S,1,3,0,0,1,4,,,25,0,0,0,0,1,4,3,5
,2015_68829,0,0,1/28/2015 6:55,6:55,3,0,0,FRANKLIN ST S & VIRGINIA AVE E,1,2,0,0,1,1,,,25,0,0,0,0,0,4,2,14
,2015_68830,0,0,3/12/2015 15:24,15:24,12,0,0,GATEWAY AVE E & PONTANA CT N,1,1,1,7,1,1,,,25,0,0,0,0,0,4,2,2
,2015_68831,0,0,6/27/2015 0:39,0:39,5,0,0,GROVE ST N & 49TH AVE W,1,3,0,7,3,4,,,25,0,0,0,0,0,4,1,16
,2015_68832,0,0,9/11/2015 20:05,20:05,11,0,1,FREEPORT WY & 15025 E,1,3,0,0,1,4,,,,0,1,0,0,2,4,2,13
,2015_68833,0,0,2/16/2015 22:05,22:05,5,0,0,HAMPDEN FRONTAGE RD W (NOT CDOT) & SHERIDAN BLVD S,4,3,0,2,3,4,,,25,0,0,0,0,0,4,1,7
,2015_68834,0,0,7/6/2015 10:39,10:39,6,0,0,HARVARD AVE 9700 BLK E & DAYTON WAY S,1,1,0,1,1,4,,,25,0,0,0,0,0,4,2,16
,2015_68835,0,0,4/23/2015 11:15,11:15,6,0,0,HARVARD AVE 2200 BLK E & GAYLORD ST S,1,1,0,7,1,4,,,25,0,0,0,0,0,4,2,14
,2015_68836,0,0,5/20/2015 12:43,12:43,12,0,0,HOLLY ST 000 BLK N & 1ST AVE E,1,1,0,7,1,3,,,25,0,0,0,0,1,4,2,3
,2015_68837,0,0,4/17/2015 8:00,8:00,12,0,0,HOOKER ST 800 BLK N & 9TH AVE W,2,1,1,1,1,4,,,25,0,0,0,0,0,4,2,13
,2015_68838,0,0,6/22/2015 14:36,14:36,12,0,0,ILIFF AVE & 9800 BLK E,1,1,0,0,1,4,,,40,0,0,0,0,0,4,3,14
,2015_68839,0,0,2/2/2015 3:59,3:59,5,0,0,JEFFERSON PL E & CHESTER WAY S,5,3,1,0,3,1,,,20,0,0,0,0,0,4,1,8
,2015_68840,0,0,10/12/2015 17:00,17:00,12,0,0,JEWELL AVE W & ELIOT ST S,1,1,0,0,1,4,,,30,0,0,0,0,0,4,2,16
,2015_68841,0,0,1/23/2015 17:48,17:48,1,0,0,JOSEPHINE ST S & ASBURY AVE E,1,3,0,0,1,1,,,30,0,0,0,0,0,4,2,13
,2015_68842,0,0,2/4/2015 6:55,6:55,12,0,0,KALAMATH ST N & 6TH AVE W,4,1,0,2,1,3,,,35,0,0,0,0,0,4,2,16
,2015_68843,0,0,6/27/2015 1:30,1:30,6,0,0,KENTUCKY AVE & 3600 BLK W,1,3,0,0,3,4,,,30,0,0,0,0,0,4,2,5
,2015_68845,0,0,8/11/2015 17:21,17:21,3,0,0,S LAFAYETTE ST & WARREN AVE E,1,1,0,7,1,1,,,25,0,0,0,0,1,4,2,16
,2015_68846,0,0,4/29/2015 9:35,9:35,15,0,0,LINCOLN ST 1100 BLK N & 12TH AVE E,1,1,0,0,1,4,,,30,0,0,0,0,0,4,2,13
,2015_68847,0,0,2/7/2015 8:15,8:15,3,0,0,LINCOLN ST N & 13TH AVE E,1,1,0,7,1,1,,,30,0,0,0,0,0,4,2,16
,2015_68848,0,0,8/6/2015 14:35,14:35,12,0,0,LINCOLN ST 1900 BLK N & 20TH AVE E,1,1,0,7,1,4,,,30,0,0,0,0,0,4,2,3
,2015_68849,0,0,2/23/2015 7:33,7:33,1,0,0,LOWRY BLVD E & QUEBEC ST N,4,1,0,7,1,1,,,35,0,0,0,0,0,4,2,16
,2015_68850,0,0,1/27/2015 5:32,5:32,5,0,0,LOWRY BLVD E & YOSEMITE WAY N,1,3,0,7,3,6,,,30,0,0,0,0,0,4,1,14
,2015_68851,0,0,11/30/2015 5:02,5:02,5,0,0,PENA BLVD & JACKSON GAP,10,3,0,2,3,1,,,65,0,0,0,0,0,4,1,1
,2015_68852,0,0,3/9/2015 17:07,17:07,6,0,0,MEADE ST & 1300 BLK N,1,1,1,0,1,4,,,25,0,0,0,0,0,4,2,13
,2015_68853,0,0,7/23/2015 7:26,7:26,12,0,0,MLK BLVD 4000 BLK E & ALBION ST N,1,1,0,7,1,4,,,35,0,0,0,0,1,4,3,3
,2015_68854,0,0,6/3/2015 16:33,16:33,1,0,0,MLK BLVD E & PONTIAC ST N,1,1,0,7,1,1,,,35,0,0,0,0,0,4,2,16
,2015_68855,0,0,7/23/2015 17:37,17:37,6,0,0,MLK BLVD 7700 BLK E & SYRACUSE ST N,1,1,0,7,1,3,,,35,0,0,0,0,0,4,2,1
,2015_68856,0,0,7/10/2015 14:23,14:23,12,0,0,MLK JR BLVD 3200 BLK E & ADAMS ST N,1,1,0,7,1,3,,,30,0,0,0,0,0,4,2,7
,2015_68857,0,0,9/18/2015 15:26,15:26,1,0,0,MORRISON RD & OSCEOLA ST S,1,1,0,0,1,1,,,35,0,0,0,0,0,4,2,7
,2015_68858,0,0,3/3/2015 17:00,17:00,15,0,0,PARK AVE & 1200 BLK W,2,1,0,0,1,4,,,35,0,0,0,0,0,4,2,14
,2015_68859,0,0,4/24/2015 14:29,14:29,10,0,0,PARK AVE W & LARIMER ST,1,1,0,0,1,1,,,30,0,0,0,0,0,4,2,8
,2015_68860,0,0,11/20/2015 9:01,9:01,2,0,0,49TH PL E & VALENTIA ST N,1,1,0,0,1,5,,,35,1,0,0,0,1,4,2,16
,2015_68861,0,0,5/4/2015 13:17,13:17,11,0,0,PARK AVE W & WELTON ST,1,1,0,0,1,1,,,25,0,1,0,0,1,4,2,13
,2015_68862,0,0,4/9/2015 15:55,15:55,6,0,0,PATTON CT S & ILIFF AVE W,1,1,1,0,1,4,,,25,0,0,0,0,1,4,2,3
,2015_68863,0,0,6/11/2015 15:55,15:55,15,0,0,PENA BLVD 8300 BLK & 84TH AVE/ E TERMINAL EXIT E,1,1,1,7,1,4,,,45,0,0,0,0,0,4,2,16
,2015_68864,0,0,4/15/2015 21:47,21:47,6,0,0,PENNSYLVANIA ST 1700 BLK N & 17TH AVE E,1,4,0,7,1,4,,,25,0,0,0,0,0,4,3,5
,2015_68865,0,0,4/6/2015 15:55,15:55,1,0,0,PEORIA ST & 44TH AVE E,1,1,0,0,1,2,,,35,0,0,0,0,0,4,2,1
,2015_68866,0,0,4/21/2015 17:02,17:02,12,0,0,PEORIA ST 4400 BLK N & 45TH AVE E,1,1,0,7,1,4,,,35,0,0,0,0,1,4,2,3
,2015_68867,0,0,5/11/2015 11:40,11:40,12,0,0,QUEBEC ST & 1650 BLK N,1,1,0,0,1,4,,,35,0,0,0,0,0,4,2,7
,2015_68868,0,0,2/27/2015 13:00,13:00,15,0,0,QUEBEC ST & 1900 BLK N,1,1,0,0,1,3,,,30,0,0,0,0,0,4,2,13
,2015_68869,0,0,9/14/2015 7:50,7:50,3,0,0,RANDOLPH PL E & POTOMAC WAY N,1,1,0,0,1,1,,,30,0,0,0,0,0,4,2,14
,2015_68870,0,0,2/2/2015 13:10,13:10,3,0,0,QUEBEC N & MLK BL E,1,1,0,6,1,1,,,40,0,0,0,0,1,4,2,3
,2015_68871,0,0,4/29/2015 15:53,15:53,12,0,0,QUEBEC ST 1900 BLK N & MONTVIEW BLVD E,1,1,0,7,1,3,,,30,0,0,0,0,0,4,2,16
,2015_68872,0,0,12/4/2015 22:00,22:00,14,0,0,15TH ST & WEWATTA ST,1,3,0,0,1,1,,,25,0,0,0,0,0,4,2,13
,2015_68873,0,0,5/8/2015 19:02,19:02,15,0,0,14TH ST 600 BLK & WELTON ST,2,2,0,1,1,4,,,30,0,0,0,0,0,4,2,1
,2015_68874,0,0,2/13/2015 11:38,11:38,11,0,1,17TH ST 1400 BLK & BLAKE ST,1,1,0,0,1,1,,,30,0,1,0,0,3,4,2,7
,2015_68875,0,0,8/12/2015 10:28,10:28,10,0,0,17TH ST & GLENARM PL,1,1,0,0,1,1,,,25,0,0,0,0,0,4,2,13
,2015_68876,0,0,4/24/2015 18:30,18:30,12,0,0,17TH ST 1400 BLK & MARKET ST,1,1,0,0,1,4,,,30,0,0,0,0,0,4,2,1
,2015_68877,0,0,8/4/2015 18:11,18:11,12,0,0,20TH ST & WAZEE ST,1,1,1,7,1,3,,,25,0,0,0,0,0,4,2,8
,2015_68878,0,0,1/30/2015 22:40,22:40,5,0,0,25TH ST & LAWRENCE ST,1,3,0,0,2,1,,,25,0,0,0,0,0,4,1,13
,2015_68880,0,0,1/5/2015 8:25,8:25,12,0,0,SMITH RD E & HAVANA ST N,5,1,0,7,1,1,,,35,0,0,0,0,0,4,2,16
,2015_68881,0,0,5/30/2015 4:55,4:55,12,0,0,SMITH RD 9500 BLK E & HAVANA ST N,1,2,0,7,1,4,,,25,0,0,0,0,0,4,2,16
,2015_68882,0,0,1/9/2015 19:45,19:45,1,0,0,SPEER BLVD N & 29TH AVE W,2,3,0,7,1,1,,,35,0,0,0,0,0,4,3,7
,2015_68883,0,0,1/15/2015 8:00,8:00,12,0,0,SPEER BL SB N & ALCOTT ST,1,1,0,7,1,4,,,35,0,0,0,0,0,4,2,14
,2015_68884,0,0,1/5/2015 12:16,12:16,15,0,0,STEELE ST 50 BLK S & ELLSWORTH AVE E,2,1,0,7,1,4,,,30,0,0,0,0,0,4,2,7
,2015_68885,0,0,5/1/2015 2:25,2:25,5,0,0,TAMARAC DR S & CORNELL AVE E,2,3,0,1,3,4,,,30,0,0,0,0,0,4,1,5
,2015_68886,0,0,1/15/2015 20:20,20:20,12,0,0,TAMARAC DR 4000 BLK S & QUINCY AVE E,1,3,0,7,1,3,,,35,0,0,0,0,0,4,3,5
,2015_68887,0,0,4/3/2015 22:20,22:20,12,0,0,TOWER RD 4900 BLK N & 49TH AVE E,1,3,0,7,1,4,,,45,0,0,0,0,0,4,2,1
,2015_68888,0,0,8/10/2015 7:01,7:01,12,0,0,TOWER RD N & E GVE BLVD,1,1,0,7,1,1,,,40,0,0,0,0,0,4,2,7
,2015_68889,0,0,3/21/2015 16:17,16:17,1,0,0,UINTA ST N & NORTHFIELD BLVD E,1,1,0,7,1,1,,,25,0,0,0,0,0,4,2,16
,2015_68890,0,0,6/16/2015 15:31,15:31,12,0,0,UNIVERSITY BLVD & 100 BLK S,1,1,0,0,1,4,,,30,0,0,0,0,1,4,3,3
,2015_68891,0,0,10/7/2015 19:20,19:20,15,0,0,UNIVERSITY BLVD N & 1ST AVE E,1,3,0,0,1,1,,,25,0,0,0,0,0,4,2,13
,2015_68892,0,0,4/19/2015 16:40,16:40,15,0,0,WALNUT ST & 2800 BLK,1,1,0,0,1,4,,,30,0,0,0,0,0,4,4,7
,2015_68893,0,0,3/11/2015 10:25,10:25,6,0,0,WASHINGTON ST & 1200 BLK N,1,1,0,0,1,4,,,30,0,0,0,0,0,4,2,13
,2015_68894,0,0,6/15/2015 10:15,10:15,11,0,1,WASHINGTON ST 4700 BLK N & ELK PL,1,1,0,0,1,4,,,,0,1,0,0,3,4,2,13
,2015_68895,0,0,1/31/2015 13:39,13:39,3,0,0,WASHINGTON ST S & TENNESSEE AVE E,1,1,0,7,1,1,,,25,0,0,0,0,0,4,2,16
,2015_68896,0,0,2/18/2015 18:21,18:21,12,0,0,WILLIAMS ST S & EVANS AVE E,1,3,0,0,1,3,,,25,0,0,0,0,0,4,2,3
,2015_68897,0,0,2/16/2015 11:40,11:40,5,0,0,WOLFF ST & 4306 BLK S,6,1,0,2,3,4,,,40,0,0,0,0,0,4,1,7
,2015_68898,0,0,6/13/2015 13:59,13:59,11,0,0,ZENOBIA ST N & 38TH AVE W,1,1,0,0,1,1,,,25,0,1,0,0,0,4,2,13
,2015_68899,0,0,6/29/2015 3:06,3:06,6,0,1,ZENOBIA ST S & EVANS AVE W,1,3,0,7,1,4,,,20,0,0,0,0,2,4,2,5
,2015_68900,0,0,5/11/2015 18:55,18:55,15,0,0,ZUNI ST N & SPEER BLVD N,2,2,1,0,1,4,,,35,0,0,0,0,0,4,2,13
,2015_69011,39.740161,-104.954429,7/30/2015 10:30,10:30,6,0,0,COLFAX AVE E & DETROIT ST N (RD N),1,1,0,0,1,4,,,35,0,0,0,0,0,2,2,13
,2015_69025,39.682961,-104.940372,4/21/2015 7:13,7:13,12,0,0,COLORADO BLVD S OVERPASS & I-25,1,1,0,0,1,4,,,40,0,0,0,0,0,2,2,1
,2015_69026,39.692997,-104.94055,1/29/2015 18:31,18:31,15,0,0,COLORADO BLVD S & LOUISIANA AVE E,1,3,0,0,1,1,,,35,0,0,0,0,0,2,2,3
,2015_69028,39.669416,-104.940617,5/28/2015 6:50,6:50,3,0,0,COLORADO BLVD 2500 BLK S & YALE AVE E,1,1,0,0,1,2,,,35,0,0,0,0,0,2,2,13
,2015_69029,39.717538,-104.940628,1/6/2015 17:44,17:44,12,0,0,COLORADO BLVD N & 1ST AVE E,1,3,1,0,1,4,,,35,0,0,0,0,1,2,4,13
,2015_69030,39.725476,-104.940629,3/28/2015 16:59,16:59,12,0,0,6TH AVE E & COLORADO BLVD N,1,1,0,0,1,1,,,30,0,0,0,0,0,2,2,13
,2015_69031,39.744309,-104.940607,5/22/2015 9:30,9:30,12,0,0,COLORADO BLVD N & 17TH AVE E,2,1,0,1,1,3,,,35,0,0,0,0,0,2,2,13
,2015_69032,39.74998,-104.9406,7/8/2015 13:01,13:01,15,0,0,COLORADO BLVD & 2200 BLK N,1,1,0,0,1,4,,,35,0,0,0,0,0,2,2,13
,2015_69033,39.750864,-104.940599,2/7/2015 14:07,14:07,15,0,0,COLORADO BLVD N & 23RD AVE E,1,1,0,0,1,1,,,35,0,0,0,0,0,2,2,13
,2015_69034,39.75101,-104.940599,5/28/2015 15:24,15:24,1,0,1,COLORADO BLVD 2300 BLK N & 23RD AVE E,1,1,0,0,1,1,,,35,0,0,0,0,2,2,3,1
,2015_69035,39.75101,-104.940599,7/8/2015 12:30,12:30,10,0,0,23RD AVE E & COLORADO BLVD N,1,1,0,1,1,1,,,35,0,0,0,0,0,2,2,13
,2015_69036,39.754512,-104.940549,3/9/2015 7:10,7:10,1,0,0,26TH AVE E & COLORADO BLVD N,1,1,0,0,1,1,,,30,0,0,0,0,0,2,2,13
,2015_69037,39.758322,-104.940525,7/9/2015 18:23,18:23,12,0,0,COLORADO BLVD 2800 BLK N & 29TH AVE E,1,1,0,0,1,4,,,30,0,0,0,0,0,2,2,7
,2015_69045,39.725552,-105.039373,1/21/2015 7:26,7:26,12,0,0,6TH AVE W & PERRY ST N,2,1,1,2,1,4,,,45,0,0,0,0,0,2,2,13
,2015_69046,39.725357,-105.021792,4/26/2015 20:00,20:00,12,0,0,6TH AVE EB ON RAMP & FEDERAL BLVD N,2,2,1,1,1,8,,,35,0,0,0,0,0,2,2,13
,2015_69047,39.725373,-105.015286,1/1/2015 9:54,9:54,15,0,0,6TH AVE W & I-25,5,1,1,0,1,8,,,55,0,0,0,0,0,2,2,13
,2015_69048,39.725516,-105.013084,6/4/2015 16:23,16:23,15,0,0,6TH AVE W & I-25,1,1,0,0,1,4,,,45,0,0,0,0,0,2,2,14
,2015_69076,39.628552,-104.904201,4/28/2015 9:40,9:40,15,0,0,I-25 & UNION AVE E,1,1,0,0,1,4,,,65,0,0,0,0,0,1,2,2
,2015_69077,39.630181,-104.905071,1/5/2015 17:06,17:06,15,0,0,I-25 NB & I-225 NB,1,3,0,0,1,4,,,65,0,0,0,0,0,1,2,13
,2015_69078,39.634235,-104.90683,4/23/2015 17:29,17:29,12,0,0,I-25 & I-225 FLYOVER,1,1,0,0,1,4,,,55,0,0,0,0,0,1,3,13
,2015_69079,39.625071,-104.902144,12/13/2015 18:33,18:33,12,0,0,I-25 & BELLEVIEW AVE E,1,4,0,0,1,4,,,65,0,0,0,0,0,1,2,1
,2015_69080,39.66762,-104.92561,1/24/2015 13:04,13:04,5,0,0,I-25 & YALE AVE E,1,1,0,0,2,4,,,65,0,0,0,0,0,1,2,13
,2015_69081,39.683067,-104.940346,5/7/2015 6:49,6:49,12,0,0,I-25 & COLORADO BLVD S,1,1,0,0,1,4,,,60,0,0,0,0,0,1,2,13
,2015_69082,39.762028,-105.003011,2/2/2015 12:40,12:40,12,0,0,I-25 & 20TH ST,1,1,0,0,1,4,,,55,0,0,0,0,0,1,2,13
,2015_69083,39.684918,-104.950446,7/6/2015 16:25,16:25,12,0,0,I-25 & STEELE ST S,2,1,0,1,1,4,,,65,0,0,0,0,0,1,3,3
,2015_69084,39.694462,-104.979284,4/14/2015 16:12,16:12,12,0,0,I-25 & WASHINGTON ST S,1,1,0,0,1,4,,,60,0,0,0,0,0,1,2,13
,2015_69085,39.698797,-104.98424,5/31/2015 18:10,18:10,15,0,0,I-25 & BROADWAY S,1,1,0,0,1,4,,,55,0,0,0,0,0,1,2,13
,2015_69086,39.71124,-104.998918,3/30/2015 13:10,13:10,12,0,0,I-25 & ALAMEDA AVE W,1,1,0,0,1,4,,,55,0,0,0,0,0,1,5,13
,2015_69087,39.71124,-104.998918,4/19/2015 13:49,13:49,12,0,0,I-25 & ALAMEDA AVE W,1,1,0,0,1,4,,,55,0,0,0,0,0,1,3,1
,2015_69088,39.72543,-105.013021,5/31/2015 15:47,15:47,12,0,0,I-25 & 6TH AVE W,1,1,0,0,1,4,,,55,0,0,0,0,0,1,2,1
,2015_69089,39.72543,-105.013021,6/12/2015 11:54,11:54,12,0,0,I-25 & 6TH AVE W,1,1,0,0,1,4,,,55,0,0,0,0,1,1,2,7
,2015_69090,39.728052,-105.01436,5/22/2015 16:56,16:56,12,0,0,I-25 & MM 209,1,1,1,0,1,4,,,55,0,0,0,0,1,1,3,13