id,drcog_id,latitude,longitude,crashtime,time,crashtype,numbkilled,numbinjurd,drcoglocat,rdconditin,lightngcon,roadcntgrd,weatherco,location,roaddescrp,schoolzone,constrzone,splimit,bikeinv,pedinv,sctrinv,motoinv,svrty,rdsystem,ttlvehcls,hcf
,2015_69091,39.729334,-105.014821,7/10/2015 17:41,17:41,12,0,0,I-25 & 8TH AVE W,1,1,0,0,1,4,,,55,0,0,0,0,0,1,2,1
,2015_69092,39.755141,-105.012706,8/12/2015 9:21,9:21,12,0,0,I-25 & SPEER BLVD N,1,1,0,0,1,4,,,55,0,0,0,0,0,1,2,14
,2015_69093,39.744276,-105.016914,2/7/2015 11:15,11:15,15,0,0,I-25 & 23RD AVE W,1,1,0,0,1,4,,,55,0,0,0,0,0,1,2,7
,2015_69094,39.760997,-105.004275,10/17/2015 14:15,14:15,15,0,0,I-25 & 20TH ST,1,1,0,0,1,4,,,55,0,0,0,0,0,1,2,16
,2015_69095,39.757901,-105.008911,2/16/2015 5:25,5:25,15,0,0,I-25 & 20TH ST,4,3,0,2,1,4,,,55,0,0,0,0,0,1,2,7
,2015_69096,39.760997,-105.004275,1/9/2015 17:52,17:52,12,0,0,I-25 & 20TH ST,1,2,1,0,1,4,,,55,0,0,0,0,0,1,2,13
,2015_69097,39.761227,-105.003985,3/29/2015 2:10,2:10,5,0,2,I-25 NB ON RAMP & 20TH ST,1,3,1,0,2,8,,,35,0,0,0,0,3,1,1,5
,2015_69098,39.76798,-104.994939,5/1/2015 16:16,16:16,15,0,0,I-25 & 38TH AVE W,2,1,0,0,1,4,,,55,0,0,0,1,1,1,2,1
,2015_69099,39.768039,-104.994788,4/3/2015 16:28,16:28,15,0,0,I-25 & PARK AVE WEST,1,1,0,0,1,4,,,55,0,0,0,0,0,1,2,13
,2015_69100,39.77541,-104.989225,7/24/2015 6:58,6:58,12,0,0,I-25 & PARK AVE W NB RAMP ENT PT,1,1,0,0,1,4,,,45,0,0,0,0,0,1,5,13
,2015_69101,39.779391,-104.989165,7/2/2015 17:20,17:20,12,0,0,I-25 & I-70,1,1,0,0,1,4,,,55,0,0,0,0,0,1,2,1
,2015_69118,39.711181,-105.039054,4/1/2015 11:35,11:35,5,0,0,ALAMEDA AVE W & PERRY ST S,1,1,1,0,3,4,,,35,0,0,0,0,0,2,1,7
,2015_69119,39.711096,-105.030079,6/3/2015 17:17,17:17,12,0,0,ALAMEDA AVE W & IRVING ST S,1,1,0,0,1,3,,,35,0,0,0,0,0,2,2,13
,2015_69120,39.711181,-105.008597,4/27/2015 12:05,12:05,3,0,0,ALAMEDA AVE W & RARITAN ST S,2,1,0,0,1,1,,,35,0,0,0,0,1,2,2,1
,2015_69121,39.711184,-105.000622,7/17/2015 16:05,16:05,15,0,0,ALAMEDA AVE W & PLATTE RIVER DR S,1,1,0,0,1,4,,,35,0,0,0,0,0,2,2,7
,2015_69122,39.711203,-104.998998,5/11/2015 7:37,7:37,15,0,0,ALAMEDA AVE W & I-25,1,1,0,0,1,4,,,30,0,0,0,0,0,2,2,13
,2015_69123,39.6604,-104.866292,2/19/2015 12:10,12:10,12,0,0,HAVANA ST 3000 BLK S & DARTMOUTH AVE E,1,1,0,0,1,3,,,45,0,0,0,0,0,2,3,13
,2015_69132,39.689402,-105.02506,3/16/2015 13:05,13:05,12,0,0,FEDERAL BLVD S & FLORIDA AVE W,1,1,0,0,1,3,,,40,0,0,0,0,0,2,2,3
,2015_69151,39.740361,-105.051159,4/2/2015 16:21,16:21,12,0,0,COLFAX AVE & 5000 BLK W,2,1,1,2,1,4,,,30,0,0,0,0,0,2,2,13
,2015_69152,39.74036,-105.050969,7/18/2015 13:50,13:50,1,0,0,YATES ST N & COLFAX AVE W,1,1,0,0,1,1,,,30,0,0,0,0,0,2,2,13
,2015_69153,39.740407,-105.023522,2/10/2015 13:58,13:58,12,0,0,COLFAX AVE W & ELIOT ST N OFFSET REF (NOT IN TCORIS),1,1,1,0,1,1,,,40,0,0,0,0,1,2,2,13
,2015_69154,39.740008,-104.973453,8/24/2015 2:22,2:22,12,0,0,COLFAX AVE 1000 BLK E & DOWNING ST N,1,3,0,0,1,3,,,35,0,0,0,0,0,2,2,13
,2015_69155,39.740006,-104.992919,7/17/2015 11:25,11:25,3,0,0,COLFAX AVE W & DELAWARE ST N,1,1,0,0,1,1,,,35,0,0,0,0,0,2,2,13
,2015_69156,39.740011,-104.971893,7/10/2015 13:30,13:30,12,0,1,MARION ST N & MARION ST N (RD N),1,1,0,0,1,1,,,30,0,0,0,0,2,2,2,13
,2015_69157,39.740012,-104.971284,2/10/2015 13:00,13:00,6,0,0,COLFAX AVE 1228 BLK E & MARION ST N (RD S),1,1,0,0,1,4,,,30,0,0,0,0,0,2,2,8
,2015_69158,39.740013,-104.970799,5/18/2015 11:00,11:00,6,0,0,COLFAX AVE & LAFAYETTE ST (RD N),1,1,1,0,1,4,,,30,0,0,0,0,0,2,2,13
,2015_69159,39.740078,-104.91389,1/5/2015 15:17,15:17,3,0,0,COLFAX AVE E & LOCUST ST N,1,1,0,0,1,1,,,25,0,0,0,0,0,2,2,13
,2015_69160,39.740079,-104.912395,8/12/2015 18:58,18:58,3,0,0,COLFAX AVE E & MONACO ST N,2,1,0,1,1,1,,,35,0,0,0,0,0,2,2,13
,2015_69162,39.740086,-104.889058,11/21/2015 1:44,1:44,5,0,0,COLFAX AVE E & WABASH ST N,5,3,0,2,3,4,,,30,0,0,0,0,1,2,2,16
,2015_69163,39.74008,-104.91161,8/30/2015 12:14,12:14,15,0,0,COLFAX AVE 6400 BLK E & MONACO ST N,1,1,0,0,1,4,,,35,0,0,0,0,0,2,2,13
,2015_69164,39.740079,-104.903501,4/23/2015 19:00,19:00,12,0,0,COLFAX AVE E & QUEBEC ST N,1,1,0,0,1,1,,,30,0,0,0,0,0,2,2,13
,2015_69189,39.783138,-105.006328,6/25/2015 13:05,13:05,3,0,0,48TH AVE W & PECOS ST,1,1,0,0,1,6,,,30,0,0,0,0,0,1,2,13
,2015_69190,39.784221,-105.024907,6/13/2015 17:00,17:00,12,0,0,I-70 WB OFF SLIP RAMP & FEDERAL BLVD N,1,1,0,0,1,8,,,15,0,0,0,0,1,1,2,13
,2015_69191,39.77974,-104.985971,4/2/2015 14:57,14:57,12,0,0,I-70 EB ON COLL. RAMP FROM I-25 NB & SHERMAN ST N,1,1,1,0,1,8,,,55,0,0,0,0,0,1,2,13
,2015_69192,39.779944,-104.940633,6/1/2015 9:38,9:38,12,0,0,I-70 & COLORADO BLVD N,1,1,0,0,1,4,,,55,0,0,0,0,0,1,2,13
,2015_69193,39.777095,-104.882471,10/23/2015 16:35,16:35,15,0,0,I-70 & CENTRAL PARK BLVD N,1,1,1,0,1,4,,,55,0,0,0,0,0,1,2,1
,2015_69194,39.779935,-104.930973,5/15/2015 13:48,13:48,12,0,0,I-70 & DAHLIA ST N,1,1,0,0,1,4,,,55,0,0,0,0,0,1,2,13
,2015_69195,39.778271,-104.89681,7/12/2015 19:05,19:05,9,0,1,I-70 & I-270,1,1,0,0,2,4,,,55,0,0,0,0,2,1,1,7
,2015_69196,39.775623,-104.865778,3/28/2015 13:31,13:31,12,0,0,I-70 & HAVANA,1,1,0,0,1,4,,,55,0,0,0,0,0,1,2,14
,2015_69197,39.775623,-104.865778,7/7/2015 15:56,15:56,15,0,0,I-70 & HAVANA ST N,2,1,0,1,1,4,,,55,0,0,0,0,0,1,2,14
,2015_69198,39.774397,-104.851573,6/18/2015 7:23,7:23,12,0,1,I-70 & PEORIA ST N,1,1,1,0,1,4,,,55,0,0,0,0,3,1,3,13
,2015_69199,39.774005,-104.847034,6/1/2015 6:29,6:29,12,0,0,I-70 EB RAMPS & PEORIA ST N,1,1,1,0,1,3,,,45,0,0,0,0,0,1,2,3
,2015_69200,39.774005,-104.847034,6/8/2015 7:25,7:25,12,0,0,I-70 EB RAMPS & PEORIA ST N,1,1,1,0,1,3,,,45,0,0,0,0,0,1,2,3
,2015_69235,39.698614,-104.903604,2/7/2015 17:40,17:40,3,0,0,LEETSDALE DR & QUEBEC ST S,1,2,0,0,1,1,,,35,0,0,0,0,0,2,2,13
,2015_69236,39.698614,-104.903604,5/17/2015 23:10,23:10,12,0,0,LEETSDALE DR & QUEBEC ST S,1,3,1,0,1,1,,,40,0,0,0,0,0,2,2,3
,2015_69237,39.698614,-104.903604,6/13/2015 17:40,17:40,12,0,0,QUEBEC ST & HWY 83,1,1,1,0,1,3,,,35,0,0,0,0,0,2,2,14
,2015_69238,39.701168,-104.910556,4/3/2015 12:04,12:04,3,0,0,LEETSDALE DR 6600 BLK & NIAGARA ST S,1,1,0,0,1,2,,,40,0,0,0,0,0,2,2,13
,2015_69239,39.703914,-104.914688,5/8/2015 11:15,11:15,12,0,0,LEETSDALE DR 6200 BLK & EXPOSITION AVE E,2,1,0,0,1,3,,,35,0,0,0,0,0,2,2,13
,2015_69240,39.706576,-104.919844,2/13/2015 16:02,16:02,12,0,0,LEETSDALE DR & JERSEY ST S,1,1,0,0,1,4,,,35,0,0,0,0,0,2,2,3
,2015_69242,39.714865,-104.940487,5/9/2015 10:03,10:03,3,0,0,LEETSDALE DR & BAYAUD AVE E,2,1,0,0,1,1,,,30,0,0,0,0,0,2,2,13
,2015_69251,39.696487,-104.991947,4/7/2015 6:17,6:17,15,0,0,SANTA FE DR 1100 BLK S & MISSISSIPPI AVE W,1,3,0,0,1,4,,,45,0,0,0,0,0,2,2,1
,2015_69252,39.696696,-104.991872,2/8/2015 13:31,13:31,15,0,0,SANTA FE DR S & MISSISSIPPI AVE W,1,1,0,0,1,4,,,45,0,0,0,0,0,2,2,7
,2015_69253,39.696696,-104.991872,5/25/2015 19:20,19:20,3,0,0,MISSISSIPPI AVE W & SANTA FE DR S,2,1,0,2,1,1,,,35,0,0,0,0,0,2,2,13
,2015_69257,39.723512,-105.025158,11/19/2015 8:50,8:50,15,0,0,FEDERAL BLVD & 5TH AVE,1,1,0,0,1,4,,,40,0,0,0,0,0,2,2,13
,2015_69258,39.70779,-105.02508,1/23/2015 18:42,18:42,15,0,0,FEDERAL BLVD S & VIRGINIA AVE W,1,3,0,0,1,4,,,40,0,0,0,0,0,2,2,13
,2015_69259,39.711152,-105.025082,5/7/2015 15:43,15:43,12,0,0,FEDERAL BLVD S & ALAMEDA AVE W,1,1,0,0,1,3,,,35,0,0,0,0,0,2,2,13
,2015_69270,39.662586,-105.05323,4/6/2015 22:05,22:05,12,0,0,SHERIDAN BLVD S & BATES AVE W,1,3,0,0,1,4,,,40,0,0,0,0,0,2,2,13
,2015_69271,39.67945,-105.053263,6/14/2015 12:40,12:40,15,0,0,SHERIDAN BLVD S & EVANS AVE W,1,1,0,0,1,4,,,40,0,0,0,0,0,2,1,14
,2015_69272,39.689516,-105.053251,4/10/2015 14:30,14:30,1,0,0,SHERIDAN BLVD & FLORIDA AVE W,1,1,0,0,1,1,,,40,0,0,0,0,1,2,2,13
,2015_69276,39.767246,-105.053246,1/21/2015 15:58,15:58,14,0,0,SHERIDAN BLVD 3600 BLK N & 37TH AVE W,4,1,0,2,6,4,,,35,0,0,0,0,0,2,3,14
,2015_69277,39.780236,-105.05326,1/23/2015 21:45,21:45,1,0,0,SHERIDAN BLVD N & 46TH AVE W,1,3,0,0,1,1,,,35,0,0,0,0,0,2,2,13
,2015_69335,39.794097,-104.956432,8/4/2015 15:48,15:48,5,0,0,BRIGHTON BLVD 5300 BLK N & RRX (E-17-A),1,1,0,0,1,4,,,35,0,0,0,0,0,2,1,14
,2015_69348,39.652995,-104.925107,5/29/2015 15:21,15:21,12,0,0,HAMPDEN AVE E & GRAPE ST S,1,1,0,0,1,1,,,35,0,0,0,0,0,2,2,13
,2015_69472,0,0,5/11/2015 3:03,3:03,5,0,0,UINTAH WAY N & LOWREY BLVD E,1,3,0,7,3,4,,,30,0,0,0,0,0,4,1,2
,2015_69542,0,0,2/25/2015 21:25,21:25,3,0,0,1ST AVE E & PEARL ST N,4,3,0,2,1,1,,,25,0,0,0,0,0,4,2,16
,2015_69543,0,0,8/14/2015 9:00,9:00,12,0,0,6TH AVE E & N LOCUST ST,1,1,0,7,1,1,,,30,0,0,0,0,0,4,2,16
,2015_69544,0,0,9/6/2015 7:00,7:00,6,0,0,10TH AVE & 800 BLK E,1,1,0,7,1,4,,,25,0,0,0,0,0,4,2,14
,2015_69545,0,0,3/16/2015 8:05,8:05,12,0,0,8TH AVE & 2400 BLK E,1,1,0,0,1,4,,,30,0,0,0,0,0,4,2,14
,2015_69546,0,0,1/5/2015 11:55,11:55,11,0,1,11TH AVE & BROADWAY (ALLEY),2,1,0,0,1,5,,,,0,1,0,0,2,4,2,13
,2015_69547,0,0,4/7/2015 17:17,17:17,3,0,0,11TH AVE E & XENIA ST N,1,1,0,0,1,1,,,,0,0,0,0,0,4,2,13
,2015_69548,0,0,2/18/2015 12:35,12:35,5,0,0,13TH AVE W & KNOX CT,1,1,0,7,2,1,,,30,0,0,0,0,0,4,1,5
,2015_69549,0,0,2/20/2015 22:00,22:00,15,0,0,13TH AVE 300 E & LOGAN ST N,2,3,0,1,1,4,,,30,0,0,0,0,0,4,2,1
,2015_69550,0,0,7/11/2015 8:25,8:25,1,0,0,13TH AVE W & MARIPOSA ST N,1,1,0,7,1,1,,,30,0,0,0,0,0,4,2,16
,2015_69551,0,0,4/10/2015 9:29,9:29,10,0,0,14TH AVE E & ALBION ST N,1,1,0,0,1,1,,,30,0,0,0,0,0,4,2,4
,2015_69552,0,0,1/21/2015 8:25,8:25,12,0,0,14TH AVE 300 BLK W & DELAWARE ST N,4,1,0,2,1,4,,,30,0,0,0,0,0,4,3,16
,2015_69553,0,0,6/6/2015 11:00,11:00,15,0,0,16TH AVE & 4500 BLK W,1,1,0,0,1,4,,,25,0,0,0,0,0,4,4,13
,2015_69554,0,0,6/26/2015 18:57,18:57,6,0,0,16TH AVE E & BELLAIRE ST N,1,1,0,7,1,4,,,25,0,0,0,0,0,4,2,3
,2015_69555,0,0,9/11/2015 8:30,8:30,6,0,0,18TH AVE E & FRANKLIN ST N,1,3,0,7,1,4,,,30,0,0,0,0,0,4,2,16
,2015_69556,0,0,6/1/2015 11:05,11:05,10,0,0,18TH AVE E & HIGH ST N,1,1,0,0,1,1,,,30,0,0,0,0,0,4,2,13
,2015_69557,0,0,6/13/2015 6:55,6:55,15,0,0,22ND AVE 1300 BLK E & ALWRENCE ST,1,1,0,7,1,4,,,35,0,0,0,0,0,4,2,7
,2015_69558,0,0,1/7/2015 8:25,8:25,5,0,0,E 32ND AVE & S SYRACUSE ST,5,1,0,2,3,6,,,25,0,0,0,0,0,4,1,16
,2015_69559,0,0,4/17/2015 16:53,16:53,1,0,0,26TH AVE W & IRVING ST N,1,1,1,7,1,1,,,30,0,0,0,0,1,4,2,16
,2015_69560,0,0,2/3/2015 13:41,13:41,3,0,0,26TH AVE E & QUEBEC ST N,1,1,0,0,1,1,,,30,0,0,0,0,0,4,2,5
,2015_69562,0,0,10/28/2015 19:57,19:57,6,0,0,W 36TH AVE & LOWELL BLVD N,1,4,0,7,1,4,,,25,0,0,0,0,0,4,2,16
,2015_69563,0,0,8/12/2015 18:05,18:05,12,0,0,33RD AVE E & QUEBEC ST N,1,1,0,7,1,4,,,35,0,0,0,0,0,4,2,16
,2015_69564,0,0,5/9/2015 22:15,22:15,12,0,0,36TH AVE E & COOK ST N,4,3,0,2,1,1,,,30,0,0,0,0,0,4,2,1
,2015_69565,0,0,4/20/2015 16:44,16:44,12,0,0,37TH AVE E & COOK ST N,1,1,0,7,1,4,,,25,0,0,0,1,0,4,2,1
,2015_69566,0,0,6/19/2015 17:27,17:27,3,0,0,38TH AVE W & QUIVAS ST N,1,1,0,7,1,1,,,35,0,0,0,0,0,4,2,16
,2015_69567,0,0,7/17/2015 13:33,13:33,12,0,0,40TH AVE E & PENA BLVD N,1,1,0,7,1,4,,,40,0,0,0,0,0,4,2,7
,2015_69568,0,0,2/2/2015 12:40,12:40,3,0,0,51ST AVE E & PEORIA ST N,1,1,0,7,1,1,,,30,0,0,0,0,0,4,2,16
,2015_69569,0,0,2/17/2015 6:00,6:00,6,0,0,51ST AVE E & VICTOR WAY N,5,3,0,7,1,4,,,25,0,0,0,0,0,4,2,7
,2015_69570,0,0,1/1/2015 12:40,12:40,12,0,1,56TH AVE 9500 BLK E & N DALLAS ST,2,1,0,7,1,4,,,40,0,0,0,0,3,4,2,5
,2015_69571,0,0,6/29/2015 15:18,15:18,5,0,1,56TH AVE 10900 BLK E & JOLIET ST N,1,1,0,0,3,4,,,40,0,0,0,0,2,4,1,7
,2015_69572,0,0,8/28/2015 7:22,7:22,2,0,1,ALTON WAY S & DAYTON ST S,1,1,0,0,1,1,,,25,1,0,0,0,2,4,2,13
,2015_69573,0,0,8/8/2015 13:34,13:34,3,0,0,ALAMEDA AVE E & LAFAYETTE ST S,1,1,0,7,1,1,,,25,0,0,0,0,0,4,2,3
,2015_69574,0,0,9/9/2015 13:18,13:18,12,0,0,ALAMEDA AVE 000 BLK E & BROADWAY ST S,1,1,0,0,1,3,,,30,0,0,0,0,0,4,2,3
,2015_69575,0,0,12/29/2015 11:45,11:45,12,0,0,BELLEVIEW AVE E & SYRACUSE ST S,1,1,0,0,1,4,,,35,0,0,0,0,0,4,2,3
,2015_69576,0,0,4/10/2015 8:45,8:45,12,0,0,BRIGHTON BLVD & 3300 BLK,1,1,0,0,1,4,,,35,0,0,0,0,0,4,2,7
,2015_69578,0,0,11/21/2015 23:10,23:10,1,0,0,CHAMBERS RD N & ANDREWS DR E,1,3,0,0,1,1,,,40,0,0,0,0,0,4,2,1
,2015_69579,0,0,10/17/2015 8:40,8:40,11,0,1,CHAMPA ST & 28TH ST,1,5,1,0,1,1,,,,0,1,0,0,2,4,2,13
,2015_69580,0,0,2/3/2015 11:35,11:35,6,0,0,CENTER AVE & 9385 BLK E,6,1,0,0,1,4,,,25,0,0,0,0,0,4,2,13
,2015_69581,0,0,10/17/2015 17:14,17:14,9,0,0,BROADWAY ST S & TENNESSEE AVE E,1,2,0,0,1,1,,,30,0,0,0,1,0,4,1,5
,2015_69582,0,0,1/2/2015 7:52,7:52,5,0,0,CHERRY CREEK DR S E & COLORADO BLVD,5,1,0,7,3,4,,,35,0,0,0,0,0,4,1,16
,2015_69583,0,0,3/18/2015 16:10,16:10,12,0,0,CHERRY CREEK S DR 2600 BLK E & UNIVERSITY BL S,1,1,0,7,1,4,,,30,0,0,0,0,0,4,3,3
,2015_69584,0,0,9/22/2015 16:30,16:30,6,0,0,LAFAYETTE ST 2100 BLK N & 22ND AVE,1,1,0,7,1,4,,,25,0,0,0,0,0,4,2,16
,2015_69585,0,0,1/20/2015 3:30,3:30,6,0,0,DAHLIA ST 1649 N & BATAVIA PL,1,3,0,7,1,4,,,20,0,0,0,0,0,4,2,7
,2015_69586,0,0,6/28/2015 1:10,1:10,6,0,0,DECATUR ST S & MEXICO AVE W,1,3,1,7,1,1,,,25,0,0,0,0,0,4,3,14
,2015_69587,0,0,2/6/2015 8:40,8:40,11,0,1,DEPEW ST S & WARREN AVE W,1,1,0,0,1,1,,,25,0,1,0,0,2,4,2,13
,2015_69588,0,0,1/2/2015 5:50,5:50,6,0,0,DOWNING ST & 2300 N,7,3,0,0,1,4,,,30,0,0,0,0,0,4,2,13
,2015_69589,0,0,5/8/2015 3:05,3:05,3,0,0,DOWNING ST N & 17TH AVE E,2,3,0,1,1,1,,,30,0,0,0,0,0,4,2,8
,2015_69590,0,0,1/2/2015 10:40,10:40,15,0,0,ELIOT ST S & VIRGINIA AVE W,4,1,1,0,1,4,,,25,0,0,0,0,0,4,2,13
,2015_69591,0,0,4/5/2015 1:15,1:15,5,0,0,EVANS AVE E & ADAMS ST S,1,3,0,0,4,1,,,25,0,0,0,0,0,4,1,5
,2015_69592,0,0,5/20/2015 17:43,17:43,12,0,0,EVANS AVE W & FEDERAL BLVD S,2,1,0,1,1,4,,,30,0,0,0,0,0,4,2,1
,2015_69593,0,0,6/2/2015 17:25,17:25,3,0,1,EVANS AVE 2900 BLK W & FEDERAL BLVD S,1,1,0,0,1,2,,,35,0,0,0,0,2,4,2,13
,2015_69594,0,0,4/17/2015 18:31,18:31,15,0,0,EVANS AVE E & HIGH ST S,1,1,0,7,1,4,,,35,0,0,0,0,0,4,2,16
,2015_69595,0,0,9/15/2015 17:35,17:35,3,0,0,GALENA WAY S & ALAMEDA AVE E,1,1,0,0,1,2,,,10,0,0,0,0,0,4,2,3
,2015_69596,0,0,3/10/2015 14:59,14:59,1,0,0,FLORIDA AVE E & DAHLIA ST S,1,1,0,7,1,1,,,25,0,0,0,0,0,4,2,16
,2015_69597,0,0,9/19/2015 3:03,3:03,6,0,0,FRANKLIN ST 3100 BLK N & MLK BLVD E,1,3,0,7,1,4,,,30,0,0,0,0,0,4,4,14
,2015_69598,0,0,4/3/2015 18:15,18:15,12,0,0,FLORIDA AVE W & TENNYSON ST S,2,1,1,1,1,4,,,35,0,0,0,0,0,4,2,15
,2015_69599,0,0,7/13/2015 6:10,6:10,5,0,0,FRANKLIN ST N & 53RD AVE E,1,2,1,0,3,4,,,,0,0,0,0,0,4,1,14
,2015_69600,0,0,2/25/2015 20:30,20:30,6,0,0,GILL PL & 3325 BLK W,4,3,0,2,1,4,,,25,0,0,0,0,0,4,2,14
,2015_69601,0,0,1/6/2015 2:55,2:55,10,0,0,GLENARM PL 1200 & COLFAX AVE W,1,3,0,0,1,4,,,25,0,0,0,0,0,4,2,13
,2015_69602,0,0,1/20/2015 16:25,16:25,12,0,0,GROVE ST S & MISSISSIPPI AVE W,1,1,0,0,1,4,,,25,0,0,0,0,0,4,2,13
,2015_69603,0,0,7/20/2015 12:56,12:56,2,0,1,HOLLY ST N & MLK BLVD E,1,1,0,0,1,1,,,35,1,0,0,0,2,4,2,13
,2015_69604,0,0,3/29/2015 2:10,2:10,5,1,0,JASON ST (4600 N) & 46TH AVE W,1,3,1,0,4,1,,,30,0,0,0,0,4,4,1,13
,2015_69605,0,0,5/22/2015 13:15,13:15,1,0,0,HURON ST S & EVANS AVE E,1,1,1,7,1,1,,,30,0,0,0,0,0,4,2,16
,2015_69606,0,0,5/5/2015 17:50,17:50,3,0,0,JEWELL AVE W & DECATUR ST S,2,1,0,1,1,1,,,25,0,0,0,0,0,4,2,16
,2015_69607,0,0,2/18/2015 13:00,13:00,12,0,0,JOSEPHINE ST & 2700 BLK N,1,1,0,0,1,4,,,25,0,0,0,0,0,4,2,14
,2015_69608,0,0,4/16/2015 0:25,0:25,5,0,0,UNION AVE E & YOSEMITE ST S,1,3,0,0,2,1,,,25,0,0,0,0,0,4,1,13
,2015_69609,0,0,12/11/2015 1:10,1:10,6,0,0,KRAMERIA ST & 2851 N,1,3,0,7,1,4,,,25,0,0,0,0,0,4,2,14
,2015_69610,0,0,3/6/2015 23:20,23:20,12,0,0,LARIMER ST 1500 BLK & 15TH ST,1,3,0,7,1,4,,,25,0,0,0,0,0,4,2,8
,2015_69611,0,0,1/28/2015 9:30,9:30,12,0,0,LINCOLN ST 600 BLK N & 6TH AVE E,1,1,0,0,1,1,,,30,0,0,0,0,0,4,2,13
,2015_69612,0,0,12/28/2015 17:00,17:00,6,0,0,LARIMER ST 1409 & 14TH ST,2,2,0,0,1,4,,,30,0,0,0,0,0,4,2,14
,2015_69613,0,0,5/28/2015 18:47,18:47,10,0,0,LOGAN ST N & 10TH AVE E,1,1,0,0,1,1,,,30,0,0,0,0,0,4,2,13
,2015_69614,0,0,2/9/2015 19:00,19:00,6,0,0,MAPLE AVE 100 BLK W & BANNOCK ST S,1,4,0,7,1,5,,,25,0,0,0,0,0,4,2,16
,2015_69615,0,0,6/23/2015 11:34,11:34,3,0,0,MARION ST 500 BLK N & 6TH AVE E,1,1,0,7,1,2,,,15,0,0,0,0,0,4,2,1
,2015_69616,0,0,6/14/2015 3:00,3:00,6,0,0,MARKET ST 1900 BLK & 20TH ST,1,3,0,7,1,4,,,25,0,0,0,0,0,4,2,16
,2015_69617,0,0,8/6/2015 22:55,22:55,15,0,0,MARKET ST 2000 BLK & 20TH ST,1,3,0,7,1,4,,,30,0,0,0,0,0,4,2,1
,2015_69619,0,0,1/19/2015 16:18,16:18,1,0,0,MLK BLVD E & MONACO ST N,1,1,0,7,1,1,,,35,0,0,0,0,0,4,2,16
,2015_69620,0,0,6/9/2015 9:30,9:30,12,0,0,MONTVIEW BLVD E & QUEBEC ST N,1,1,0,7,1,3,,,30,0,0,0,0,0,4,2,7
,2015_69621,0,0,3/19/2015 7:45,7:45,3,0,0,MORRISON RD & NEVADA PL W,2,1,0,1,1,1,,,35,0,0,0,0,0,4,2,1
,2015_69622,0,0,6/14/2015 12:58,12:58,3,0,0,PEARL ST N & 6TH AVE E,1,1,0,7,1,1,,,25,0,0,0,0,0,4,2,16
,2015_69623,0,0,4/11/2015 20:00,20:00,14,0,0,PEARL ST 1300 BLK N & 14TH AVE E,1,1,0,7,1,4,,,25,0,0,0,0,0,4,2,16
,2015_69624,0,0,3/15/2015 21:30,21:30,15,0,0,PEARL ST 1600 BLK N & 17TH AVE E,1,3,0,0,1,4,,,25,0,0,0,0,0,4,2,14
,2015_69626,0,0,8/2/2015 8:37,8:37,1,0,0,PENNSYLVAIA ST 1100 BLK N & 11TH AVE E,1,1,0,7,1,2,,,30,0,0,0,0,0,4,2,16
,2015_69627,0,0,6/18/2015 14:22,14:22,6,0,0,PENNSYLVANIA ST 1768 S & MEXICO AVE E,1,1,0,7,1,5,,,10,0,0,0,0,0,4,2,3
,2015_69628,0,0,6/19/2015 22:27,22:27,3,0,0,PEORIA ST & 4600 BLK N,1,3,0,0,1,2,,,10,0,0,0,0,0,4,2,7
,2015_69629,0,0,6/26/2015 13:00,13:00,15,0,0,QUEBEC ST 4100 BLK N & AIRLAWN RD E,1,1,0,7,1,4,,,35,0,0,0,0,0,4,2,16
,2015_69630,0,0,11/14/2015 4:39,4:39,12,0,0,QUEBEC ST N & 23RD AVE E,1,3,0,0,1,3,,,30,0,0,0,0,0,4,2,13
,2015_69631,0,0,3/20/2015 14:29,14:29,12,0,0,QUEBEC ST 1900 BLK N & MONTVIEW BLVD E,1,1,0,7,1,3,,,30,0,0,0,0,1,4,3,7
,2015_69632,0,0,7/3/2015 13:40,13:40,3,0,0,QUINCY AVE W & PIERCE ST S,1,1,0,0,1,2,,,40,0,0,0,0,0,4,2,3
,2015_69633,0,0,4/2/2015 19:51,19:51,11,0,1,14TH ST 1000 BLK & ARAPAHOE ST,2,3,0,2,1,3,,,,0,1,0,0,2,4,2,13
,2015_69634,0,0,12/28/2015 13:38,13:38,6,0,0,N ROSEMARY ST & 12TH AVE,4,1,0,7,1,4,,,30,0,0,0,0,0,4,3,16
,2015_69635,0,0,1/8/2015 11:37,11:37,15,0,0,15TH ST 700 BLK & CALIFORNIA ST,1,1,0,0,1,4,,,35,0,0,0,0,0,4,2,7
,2015_69636,0,0,9/6/2015 17:53,17:53,12,0,0,20TH ST 1900 BLK & CHESTNUT PL,1,1,1,0,1,4,,,30,0,0,0,0,0,4,2,13
,2015_69637,0,0,7/23/2015 16:11,16:11,12,0,0,20TH ST & CHESTNUT PL,1,1,0,7,1,3,,,35,0,0,0,0,0,4,2,1
,2015_69638,0,0,4/11/2015 1:40,1:40,10,0,0,20TH ST & LARIMER ST,1,3,0,0,1,1,,,30,0,0,0,0,0,4,2,13
,2015_69639,0,0,7/16/2015 23:13,23:13,12,0,0,20TH ST 1100 BLK & LAWRENCE ST,1,3,0,7,1,1,,,25,0,0,0,0,0,4,2,5
,2015_69640,0,0,1/27/2015 3:33,3:33,5,0,1,20TH ST & OSAGE ST N,1,3,0,0,4,4,,,25,0,0,0,0,2,4,1,5