id,drcog_id,latitude,longitude,crashtime,time,crashtype,numbkilled,numbinjurd,drcoglocat,rdconditin,lightngcon,roadcntgrd,weatherco,location,roaddescrp,schoolzone,constrzone,splimit,bikeinv,pedinv,sctrinv,motoinv,svrty,rdsystem,ttlvehcls,hcf
,2015_69641,0,0,6/29/2015 7:45,7:45,15,0,0,22ND ST & LARIMER ST,1,1,0,0,1,1,,,30,0,0,0,0,0,4,2,13
,2015_69643,0,0,5/26/2015 21:35,21:35,3,0,0,22ND ST & LAWRENCE ST,1,3,0,7,1,1,,,25,0,0,0,0,0,4,2,3
,2015_69644,0,0,7/29/2015 10:50,10:50,15,0,0,22ND ST & WAZEE ST,1,1,0,7,1,1,,,30,0,0,0,0,0,4,2,16
,2015_69645,0,0,4/9/2015 21:50,21:50,12,0,0,SPEER BLVD N & AURARIA PKWY,1,3,0,7,1,3,,,35,0,0,0,0,0,4,2,16
,2015_69646,0,0,10/6/2015 12:57,12:57,6,0,0,24TH ST 900 BLK & CURTIS ST,1,1,0,7,1,4,,,,0,0,0,0,0,4,2,16
,2015_69647,0,0,8/31/2015 14:30,14:30,12,0,1,SPEER BLVD 1800 BLK N & CHOPPER CIR,1,1,0,7,1,3,,,35,0,0,0,0,2,4,2,16
,2015_69648,0,0,6/26/2015 10:27,10:27,2,0,0,SPEER BLVD N & KALAMATH ST N,1,1,0,0,1,1,,,35,1,0,0,0,0,4,2,13
,2015_69649,0,0,3/30/2015 3:45,3:45,5,0,0,SPEER BLVD E & LOGAN ST N,1,3,0,7,3,1,,,35,0,0,0,0,0,4,1,5
,2015_69650,0,0,5/7/2015 9:55,9:55,12,0,0,SPEER BLVD & STOUT ST,1,1,0,7,1,4,,,35,0,0,0,0,0,4,2,16
,2015_69651,0,0,1/31/2015 12:06,12:06,8,0,0,SPEER BLVD E & WASHINGTON ST N,1,1,0,0,1,1,,,30,0,0,0,0,0,4,2,13
,2015_69652,0,0,7/12/2015 17:33,17:33,6,0,0,SYRACUSE ST & 1600 BLK N,1,1,0,0,1,4,,,30,0,0,0,0,0,4,3,13
,2015_69653,0,0,1/7/2015 16:11,16:11,12,0,0,SYRACUSE 1400 BLK N & 14TH AVE E,1,1,0,7,1,3,,,30,0,0,0,0,0,4,2,16
,2015_69654,0,0,12/8/2015 22:15,22:15,6,0,0,TAMARAC DR S & E OXFORD DR,1,3,0,7,1,4,,,35,0,0,0,0,0,4,2,5
,2015_69655,0,0,6/3/2015 16:50,16:50,12,0,0,UNIVERSITY BLVD & 1700 BLK S,1,1,1,0,1,4,,,35,0,0,0,0,0,4,2,13
,2015_69656,0,0,2/21/2015 16:20,16:20,12,0,0,UNIVERSITY BLVD S & ALAMEDA AVE E,5,1,0,2,1,4,,,25,0,0,0,0,0,4,2,16
,2015_69657,0,0,3/10/2015 17:54,17:54,12,0,0,UNIVERSITY BLVD 3100 BLK S & DARTMOUTH PL E,1,1,0,7,1,3,,,30,0,0,0,0,0,4,2,3
,2015_69658,0,0,1/23/2015 8:37,8:37,3,0,1,UVALDA ST N & 55TH AVE E,1,1,0,7,1,1,,,25,0,0,0,0,2,4,2,1
,2015_69659,0,0,12/3/2015 19:42,19:42,6,0,0,WILLIAMS ST 800 BLK S & OHIO AVE E,5,3,1,7,1,3,,,25,0,0,0,0,0,4,3,16
,2015_69660,0,0,6/19/2015 11:21,11:21,3,0,0,YALE AVE & 4100 BLK E,1,1,0,0,1,1,,,30,0,0,0,0,0,4,2,13
,2015_69661,0,0,8/7/2015 23:04,23:04,3,0,0,YALE AVE E & DOWNING ST S,1,3,0,7,1,1,,,30,0,0,0,0,0,4,2,5
,2015_69663,0,0,2/9/2015 7:50,7:50,15,0,0,YORK ST 4300 BLK N & 43RD AVE E,1,1,0,7,1,4,,,35,0,0,0,0,0,4,2,16
,2015_69785,39.691076,-104.94055,3/26/2015 9:57,9:57,15,0,0,COLORADO BLVD S & ARKANSAS AVE E,1,1,1,0,1,1,,,40,0,0,0,0,0,2,2,14
,2015_69786,39.69751,-104.940621,1/13/2015 8:05,8:05,3,0,0,COLORADO BLVD 1000 BLK S & MISSISSIPPI AVE E,1,1,1,0,1,2,,,35,0,0,0,0,0,2,2,13
,2015_69788,39.707354,-104.940625,5/2/2015 9:46,9:46,3,0,0,COLORADO BLVD S & CHERRY CREEK DR N,1,1,0,0,1,1,,,30,0,0,0,0,0,2,2,13
,2015_69789,39.736767,-104.940616,8/9/2015 0:03,0:03,3,0,0,13TH AVE E & COLORADO BLVD N,1,3,0,0,1,1,,,35,0,0,0,0,0,2,2,13
,2015_69790,39.652949,-104.940686,2/3/2015 1:00,1:00,1,0,0,HAMPDEN AVE E & COLORADO BLVD S,1,3,0,0,1,1,,,35,0,0,0,0,1,2,2,13
,2015_69791,39.716252,-104.940627,11/17/2015 12:59,12:59,15,0,0,COLORADO BLVD S & ELLSWORTH AVE E,1,1,1,0,1,3,,,35,0,0,0,0,0,2,2,13
,2015_69792,39.67488,-104.940644,5/13/2015 11:35,11:35,1,0,1,COLORADO BLVD S & ILIFF AVE E,1,1,0,0,1,1,,,35,0,0,0,0,2,2,2,13
,2015_69793,39.721196,-104.940629,6/29/2015 8:53,8:53,12,0,0,COLORADO BLVD 300 BLK N & 3RD AVE E,1,1,0,0,1,4,,,35,0,0,0,0,0,2,3,1
,2015_69794,39.725476,-104.940629,1/20/2015 2:32,2:32,3,0,0,6TH AVE E & COLORADO BLVD N,1,3,0,0,1,1,,,35,0,0,0,0,1,2,3,5
,2015_69795,39.736767,-104.940616,2/13/2015 18:48,18:48,12,0,0,COLORADO BLVD 1200 BLK N & 13TH AVE E,1,3,0,0,1,3,,,30,0,0,0,0,0,2,2,13
,2015_69796,39.733666,-104.94062,10/23/2015 9:18,9:18,12,0,1,11TH AVE E & COLORADO BLVD N,1,1,0,0,1,1,,,40,0,0,0,1,2,2,2,13
,2015_69797,39.752817,-104.940597,2/6/2015 16:56,16:56,12,0,0,COLORADO BLVD & 25TH AVE E,1,2,0,0,1,3,,,30,0,0,0,0,1,2,3,7
,2015_69798,39.761878,-104.940511,4/27/2015 7:12,7:12,1,0,0,MARTIN LUTHER KING JR BLVD & COLORADO BLVD N,2,1,0,1,1,1,,,35,0,0,0,0,0,2,2,13
,2015_69799,39.780099,-104.940503,1/22/2015 8:58,8:58,5,0,0,COLORADO BLVD & I-70,5,1,0,0,2,4,,,40,0,0,0,0,0,2,1,14
,2015_69800,39.783831,-104.940459,7/15/2015 18:00,18:00,1,0,0,COLORADO BLVD N & 48TH AVE E,1,1,0,0,1,1,,,45,0,0,0,0,0,2,2,13
,2015_69810,39.725649,-105.049754,8/7/2015 12:10,12:10,5,0,0,6TH AVE EB ON RAMP GORE POINT & SHERIDAN BLVD N,1,1,0,0,3,4,,,55,0,0,0,0,0,2,2,13
,2015_69811,39.725551,-105.035649,4/9/2015 18:59,18:59,15,0,0,6TH AVE 3600 BLK W & N LOWELL BLVD,1,5,1,0,1,4,,,55,0,0,0,0,0,2,2,13
,2015_69838,39.626939,-104.90325,9/3/2015 15:02,15:02,15,0,0,I-25 & I-225 NB ON RAMP GORE,1,1,0,0,1,4,,,65,0,0,0,0,0,1,2,13
,2015_69839,39.623866,-104.901444,10/9/2015 9:00,9:00,9,0,1,I-25 & BELLEVIEW AVE E,1,1,0,0,1,4,,,65,0,0,0,0,2,1,2,16
,2015_69840,39.634235,-104.90683,5/29/2015 18:07,18:07,12,0,0,I-25 & I-225 FLYOVER,1,1,1,0,1,4,,,65,0,0,0,0,0,1,2,14
,2015_69841,39.639097,-104.910179,8/11/2015 17:50,17:50,12,0,0,I-25 & QUINCY AVE E,2,1,0,1,1,4,,,65,0,0,0,0,0,1,2,13
,2015_69842,39.66762,-104.92561,12/5/2015 2:13,2:13,12,0,0,I-25 & YALE AVE E,1,3,0,0,1,4,,,65,0,0,0,0,0,1,2,1
,2015_69843,39.684158,-104.944535,11/20/2015 7:20,7:20,12,0,0,I-25 & COLORADO BLVD N,1,1,0,0,1,4,,,60,0,0,0,0,0,1,2,7
,2015_69844,39.683307,-104.941372,5/12/2015 7:10,7:10,12,0,0,I-25 & COLORADO BLVD S,1,1,0,0,1,4,,,55,0,0,0,0,0,1,2,13
,2015_69845,39.69304,-104.97773,8/3/2015 16:41,16:41,12,0,0,I-25 & LOUISIANA AVE E,1,1,0,0,1,4,,,60,0,0,0,0,0,1,2,13
,2015_69846,39.701352,-104.987317,5/18/2015 9:30,9:30,12,0,0,I-25 & OHIO AVE W,1,1,1,0,1,4,,,55,0,0,0,0,0,1,2,13
,2015_69847,39.703758,-104.992061,2/25/2015 13:20,13:20,12,0,0,I-25 & ALAMEDA AVE W,2,1,0,2,1,4,,,55,0,0,0,0,0,1,2,3
,2015_69848,39.705318,-104.995427,6/25/2015 12:06,12:06,12,0,0,I-25 NB OFF RAMP & SANTA FE DR,1,1,1,0,1,8,,,25,0,0,0,0,0,1,2,14
,2015_69849,39.701452,-104.987435,10/16/2015 14:35,14:35,12,0,0,I-25 & BROADWAY S,1,1,0,0,1,4,,,55,0,0,0,0,1,1,2,13
,2015_69851,39.711035,-104.998796,5/20/2015 19:57,19:57,12,0,0,I-25 SB OFF RAMP & ALAMEDA AVE W,2,3,0,0,1,8,,,45,0,0,0,0,0,1,2,7
,2015_69852,39.71124,-104.998918,1/16/2015 18:16,18:16,15,0,0,I-25 & ALAMEDA AVE W,1,3,0,0,1,4,,,55,0,0,0,0,0,1,2,13
,2015_69853,39.71413,-105.00067,4/26/2015 15:40,15:40,12,0,0,I-25 SB OFF RAMP & SANTA FE DR S RAMP ENT PT,2,1,0,1,1,8,,,55,0,0,0,0,0,1,2,3
,2015_69854,39.715702,-105.001738,1/28/2015 10:16,10:16,15,0,0,I-25 NB & MM 208.3,1,1,0,0,1,4,,,55,0,0,0,0,0,1,2,13
,2015_69855,39.716832,-105.002967,3/10/2015 9:10,9:10,15,0,0,I-25 & EXIT 208,1,1,0,0,1,4,,,55,0,0,0,0,0,1,2,13
,2015_69856,39.72543,-105.013021,6/26/2015 12:38,12:38,12,0,0,I-25 & 6TH AVE W,1,1,1,0,1,4,,,55,0,0,0,0,0,1,3,13
,2015_69857,39.725521,-105.013084,6/26/2015 19:45,19:45,12,0,0,I-25 & 6TH AVE W,1,1,0,0,1,4,,,55,0,0,0,0,0,1,2,1
,2015_69858,39.730754,-105.015319,2/7/2015 8:59,8:59,3,0,0,ZUNI ST 800 BLK N & 8TH AVE W,1,1,0,0,1,1,,,25,0,0,0,0,0,1,2,13
,2015_69859,39.737754,-105.013889,4/1/2015 14:15,14:15,5,0,0,I-25 & COLFAX AVE W,1,1,0,0,3,4,,,55,0,0,0,0,0,1,1,13
,2015_69860,39.750103,-105.017087,2/19/2015 17:17,17:17,12,0,0,I-25 & 23RD AVE W,1,1,0,0,1,4,,,55,0,0,0,0,1,1,3,13
,2015_69861,39.751291,-105.016572,7/18/2015 12:25,12:25,5,0,0,I-25 & 23RD AVE OVERPASS W,1,1,0,0,2,4,,,55,0,0,0,0,0,1,1,14
,2015_69862,39.75823,-105.008449,3/2/2015 14:00,14:00,12,0,0,I-25 & 20TH ST,2,1,0,0,1,4,,,5,0,0,0,0,0,1,3,3
,2015_69864,39.755141,-105.012706,11/13/2015 21:35,21:35,5,0,1,I-25 SB RAMPS & SPEER BLVD,1,3,0,0,3,1,,,25,0,0,0,0,3,1,1,5
,2015_69865,39.760997,-105.004275,2/5/2015 18:30,18:30,12,0,0,I-25 & 20TH ST,1,3,0,0,1,4,,,55,0,0,0,0,0,1,2,13
,2015_69866,39.760997,-105.004275,3/6/2015 11:21,11:21,12,0,0,I-25 & 20TH ST,1,1,0,0,1,4,,,55,0,0,0,0,0,1,2,7
,2015_69867,39.768367,-104.994034,12/7/2015 18:14,18:14,15,0,0,I-25 & PARK AVE WEST,1,3,0,0,1,4,,,55,0,0,0,0,0,1,2,13
,2015_69868,39.784913,-104.989139,4/6/2015 16:54,16:54,12,0,0,I-25 & 48TH AVE W,1,1,0,0,1,4,,,55,0,0,0,0,0,1,2,13
,2015_69890,39.7112,-104.999749,3/9/2015 11:45,11:45,3,0,0,I-25 SB OFF RAMP & ALAMEDA AVE W,1,1,0,0,1,1,,,25,0,0,0,0,0,2,2,3
,2015_69891,39.653079,-104.898926,2/3/2015 17:18,17:18,1,0,0,HAMPDEN AVE & 7800 BLK E,1,2,1,0,1,2,,,40,0,0,0,0,0,2,2,13
,2015_69892,39.711184,-105.00153,11/9/2015 15:15,15:15,12,0,0,ALAMEDA AVE W & LIPAN ST S,1,3,0,0,1,1,,,35,0,0,0,0,0,2,2,14
,2015_69893,39.667529,-104.866133,5/27/2015 7:56,7:56,1,0,1,HAVANA ST S & YALE AVE E,1,1,0,0,1,1,,,45,0,0,0,0,2,2,3,14
,2015_69903,39.778006,-104.903404,7/23/2015 12:20,12:20,15,0,0,QUEBEC ST N & I-70,1,1,0,0,1,3,,,35,0,0,0,0,0,2,2,8
,2015_69904,39.785534,-104.89964,8/8/2015 13:17,13:17,12,0,0,NORTHFIELD BLVD & I-270 WB RAMPS,1,1,1,0,1,1,,,45,0,0,0,0,0,2,2,14
,2015_69919,39.74038,-105.0174,6/5/2015 9:58,9:58,12,0,0,COLFAX AVE W & I-25 SB ON RAMP,1,1,0,0,1,4,,,35,0,0,0,0,0,2,2,14
,2015_69920,39.740028,-105.002765,5/24/2015 22:56,22:56,15,0,0,COLFAX AVE W & MARIPOSA ST N,1,3,1,0,1,4,,,30,0,0,0,0,0,2,2,14
,2015_69921,39.740035,-104.998869,5/31/2015 20:13,20:13,3,0,0,COLFAX AVE W & SPEER BLVD N,1,1,0,0,1,1,,,30,0,0,0,0,0,2,3,14
,2015_69922,39.740056,-104.931534,5/28/2015 15:43,15:43,3,0,0,DAHLIA ST N & COLFAX AVE E,1,1,0,0,1,1,,,30,0,0,0,0,0,2,2,13
,2015_69923,39.740082,-104.910294,9/29/2015 1:34,1:34,6,0,0,COLFAX AVE E & NIAGRA ST N,2,3,0,1,1,4,,,35,0,0,0,0,0,2,2,13
,2015_69951,39.783262,-105.008245,7/28/2015 8:30,8:30,15,0,1,I-70 & PECOS ST N,1,1,1,0,1,4,,,55,0,0,0,0,3,1,2,13
,2015_69952,39.783147,-105.006138,3/24/2015 8:58,8:58,12,0,0,I-70 EB OFF RAMP & PECOS ST N,1,1,0,0,1,8,,,55,0,0,0,0,0,1,3,14
,2015_69953,39.780116,-104.989806,4/3/2015 7:00,7:00,6,0,0,I-70 EB COLLECTOR ON RAMP & I-25 SB OFF RAMP,5,2,1,0,1,8,,,55,0,0,0,0,0,1,2,13
,2015_69954,39.779822,-104.987709,2/26/2015 14:40,14:40,5,0,0,I-70 EB RAMP CONNECTION & END RAMP G FROM 025A (APPROX),4,1,1,2,3,8,,,45,0,0,0,0,0,1,1,13
,2015_69955,39.779606,-104.981076,5/30/2015 7:00,7:00,12,0,0,I-70 WB OFF RAMP & I-25 NB,1,1,0,0,1,8,,,55,0,0,0,0,0,1,2,7
,2015_69956,39.779944,-104.940633,4/23/2015 16:14,16:14,12,0,0,I-70 & COLORADO BLVD N,1,1,0,0,1,4,,,55,0,0,0,0,0,1,2,13
,2015_69957,39.780064,-104.9369,7/28/2015 15:18,15:18,15,0,0,I-70 WB ON RAMP & 46TH AVE E,1,1,1,0,1,8,,,55,0,0,0,0,0,1,2,13
,2015_69958,39.780074,-104.936515,2/28/2015 11:20,11:20,5,0,0,I-70 EB ON RAMP & 44TH AVE,2,5,0,0,2,8,,,35,0,0,0,0,0,1,1,13
,2015_69959,39.779174,-104.926966,7/23/2015 11:56,11:56,12,0,0,I-70 & FOREST ST N (NOT IN CORIS),1,1,0,0,1,4,,,55,0,0,0,0,0,1,2,12
,2015_69960,39.778287,-104.912805,2/13/2015 7:41,7:41,15,0,0,I-70 & MONACO ST N,1,1,0,0,1,4,,,55,0,0,0,0,1,1,5,1
,2015_69961,39.777095,-104.882471,1/8/2015 17:10,17:10,15,0,0,I-70 & CENTRAL PARK BLVD,1,2,1,0,1,4,,,55,0,0,0,0,0,1,2,13
,2015_69962,39.777095,-104.882471,5/29/2015 14:37,14:37,12,0,0,I-70 & CENTRAL PARK BLVD,1,1,0,0,1,4,,,55,0,0,0,0,0,1,3,13
,2015_69963,39.777095,-104.882471,6/4/2015 16:26,16:26,12,0,1,I-70 & CENTRAL PARK BLVD N,2,1,0,1,1,4,,,55,0,0,0,0,3,1,4,3
,2015_69964,39.777032,-104.881781,2/16/2015 21:39,21:39,12,0,2,I-70 & CENTRAL PARK BLVD N,5,3,0,2,1,4,,,55,0,0,0,0,2,1,2,13
,2015_69965,39.775262,-104.861595,4/3/2015 5:14,5:14,15,0,0,I-70 & WB OFF RAMP TO HAVANA ST,5,3,1,2,1,4,,,55,0,0,0,0,0,1,2,1
,2015_69966,39.7741,-104.848125,7/16/2015 15:45,15:45,15,0,0,I-70 & PEORIA ST N,1,1,1,0,1,4,,,55,0,0,0,0,0,1,2,13
,2015_69967,39.774005,-104.847034,2/22/2015 21:50,21:50,15,0,0,PEORIA ST N & I-70,4,3,0,2,1,3,,,40,0,0,0,0,0,1,2,1
,2015_69992,39.708173,-104.927063,4/30/2015 16:38,16:38,3,0,0,LEETSDALE DR & FOREST ST S,1,1,0,0,1,1,,,30,0,0,0,0,1,2,2,13
,2015_69993,39.708173,-104.927063,6/12/2015 13:27,13:27,12,0,0,LEETSDALE DR & FOREST ST S,1,1,0,0,1,4,,,40,0,0,0,0,0,2,2,3
,2015_69997,0,0,1/28/2015 10:40,10:40,12,0,0,28TH ST & LARIMER ST,1,1,0,7,1,4,,,30,0,0,0,0,1,4,2,16
,2015_70006,39.696764,-105.025061,9/9/2015 17:01,17:01,12,0,0,MISSISSIPPI AVE W & FEDERAL BLVD S,1,1,0,0,1,1,,,30,0,0,0,0,0,2,2,1
,2015_70007,39.68212,-105.025017,1/9/2015 12:20,12:20,3,0,0,FEDERAL BLVD & 1900 BLK S,2,1,0,0,1,2,,,40,0,0,0,0,0,2,2,13
,2015_70008,39.665395,-105.025138,6/29/2015 18:17,18:17,1,0,1,FEDERAL BLVD S & AMHERST AVE W,1,1,0,0,1,1,,,30,0,0,0,1,3,2,2,13
,2015_70009,39.689552,-105.02506,9/12/2015 12:10,12:10,12,0,0,FLORIDA AVE 3000 BLK W & FEDERAL BLVD S,1,1,1,0,1,3,,,30,0,0,0,0,0,2,2,13
,2015_70010,39.660489,-105.025191,7/11/2015 18:30,18:30,1,0,0,FEDERAL BLVD S & DARTMOUTH AVE W,1,1,2,0,1,1,,,40,0,0,0,0,0,2,2,13
,2015_70027,39.744254,-105.05323,12/18/2015 17:46,17:46,15,0,0,SHERIDAN BLVD & 17TH AVE,5,4,0,0,1,4,,,35,0,0,0,0,0,2,2,13
,2015_70041,39.637394,-105.081746,3/2/2015 10:30,10:30,15,0,0,WADSWORTH BLVD S & QUINCY AVE W,1,1,0,0,1,4,,,45,0,0,0,0,0,2,2,1
,2015_70085,39.79083,-104.960293,1/6/2015 7:05,7:05,5,0,0,BRIGHTON BLVD & 5190 N,5,2,0,0,2,4,,,35,0,0,0,0,0,2,1,13
,2015_70099,39.652976,-104.937936,2/25/2015 13:33,13:33,12,0,0,HAMPDEN AVE 4200 BLK E & ASH ST S,2,1,0,2,1,4,,,35,0,0,0,0,0,2,2,14
,2015_70100,0,0,7/9/2015 21:00,21:00,5,0,0,47TH AVE E & 11075,1,3,0,0,3,7,,,35,0,0,0,0,0,4,1,13
,2015_70102,39.652979,-104.917736,1/28/2015 15:29,15:29,3,0,0,HAMPDEN AVE E & I-25,1,1,1,0,1,1,,,35,0,0,0,0,0,2,2,3
,2015_70103,39.653091,-104.916934,2/20/2015 7:50,7:50,14,0,0,HAMPDEN AVE E & I-25 NB RAMPS,1,1,1,0,1,1,,,45,0,0,0,0,1,2,2,13
,2015_70104,39.652997,-104.92278,8/30/2015 9:00,9:00,12,0,0,HAMPDEN AVE E & HOLLY ST S,1,1,0,0,1,1,,,35,0,0,0,0,1,2,2,13
,2015_70105,39.771167,-105.025235,7/13/2015 18:07,18:07,12,0,0,FEDERAL BLVD & 3900 BLK N,1,1,1,0,1,4,,,35,0,0,0,0,1,2,3,13
,2015_70106,39.773488,-105.025238,7/24/2015 23:15,23:15,5,0,1,4300 BLK N FEDERAL BLVD & W 44TH AVE,1,3,0,7,2,4,,,35,0,0,0,0,2,2,1,9
,2015_70107,39.783839,-105.025212,2/19/2015 13:27,13:27,1,0,0,FEDERAL BLVD N & I-70 EB RAMPS,1,1,1,0,1,1,,,35,0,0,0,0,0,2,2,13
,2015_70299,0,0,1/22/2015 23:46,23:46,5,0,0,SPEER BLVD 1900 BLK N & WEWATTA ST,1,3,2,0,3,4,,,30,0,0,0,0,0,4,1,3
,2015_70304,0,0,9/1/2015 19:08,19:08,5,1,0,1ST AVE E & HUMBOLDT ST N,1,1,0,0,2,3,,,30,0,0,0,1,4,4,2,1
,2015_70305,0,0,12/23/2015 17:47,17:47,15,0,0,1ST AVE E & UNIVERSITY BLVD N,1,3,0,0,1,1,,,25,0,0,0,0,0,4,2,13
,2015_70306,0,0,8/18/2015 16:50,16:50,6,0,0,5TH AVE E & PENNSYLVANIA ST N,1,1,0,0,1,5,,,20,0,0,0,0,0,4,3,13
,2015_70307,0,0,5/30/2015 14:20,14:20,6,0,0,5TH AVE 9500 BLK E & DALLAS ST N,1,1,0,7,1,4,,,25,0,0,0,1,1,4,3,14
,2015_70308,0,0,2/19/2015 21:15,21:15,12,0,1,6TH AVE W & IRVING ST N,1,3,0,0,1,1,,,55,0,0,0,0,2,4,4,13
,2015_70309,0,0,5/11/2015 17:44,17:44,12,0,0,8TH AVE & 2200 BLK W,1,1,1,0,1,4,,,35,0,0,0,0,1,4,2,13
,2015_70310,0,0,4/22/2015 11:44,11:44,15,0,0,8TH AVE E & ALBION ST N,1,1,0,0,1,4,,,30,0,0,0,0,0,4,2,13
,2015_70311,0,0,3/4/2015 9:45,9:45,3,0,0,10TH AVE & 300 BLK E,4,1,0,0,1,5,,,25,0,0,0,0,0,4,2,13
,2015_70312,0,0,2/20/2015 12:28,12:28,6,0,0,10TH AVE & 900 BLK E,1,1,0,0,1,5,,,30,0,0,0,0,0,4,2,7
,2015_70313,0,0,1/11/2015 10:32,10:32,3,0,0,11TH AVE 600 BLK W & GALAPAGO ST N,1,1,0,7,1,2,,,25,0,0,0,0,0,4,2,16
,2015_70314,0,0,6/17/2015 11:10,11:10,3,0,0,11TH AVE E & PEARL ST N,1,1,0,7,1,1,,,25,0,0,0,0,0,4,2,16
,2015_70315,0,0,1/20/2015 15:55,15:55,12,0,0,11TH AVE 7600 BLK E & SYRACUSE ST N,1,1,0,7,1,3,,,30,0,0,0,0,0,4,2,16
,2015_70316,0,0,1/7/2015 6:55,6:55,12,0,0,13TH AVE & 3200 E,5,1,0,0,1,4,,,30,0,0,0,0,0,4,3,7
,2015_70317,0,0,5/23/2015 14:42,14:42,6,0,0,13TH AVE 3300 BLK E & COOK ST N,2,1,0,7,1,4,,,35,0,0,0,0,0,4,2,7
,2015_70318,0,0,11/23/2015 14:30,14:30,2,0,1,16TH AVE E & CLARKSON ST N,1,1,0,0,1,1,,,30,1,0,0,0,2,4,2,3
,2015_70319,0,0,9/21/2015 8:15,8:15,12,0,0,17TH AVE E & FILLMORE ST N,1,1,0,0,1,1,,,30,0,0,0,0,0,4,2,14
,2015_70320,0,0,7/2/2015 15:20,15:20,3,0,0,16TH AVE E & WILLIAMS ST N,1,1,0,7,1,1,,,30,0,0,0,0,0,4,2,16
,2015_70321,0,0,7/25/2015 2:20,2:20,3,0,1,17TH AVE E & BROADWAY ST N,1,3,0,7,1,1,,,30,0,0,0,0,3,4,2,8
,2015_70322,0,0,6/22/2015 18:00,18:00,12,0,0,17TH AVE E & ESPLANADE PKWY N,1,1,0,7,1,3,,,30,0,0,0,0,0,4,2,16
,2015_70323,0,0,1/20/2015 11:45,11:45,15,0,0,17TH AVE 400 BLK & PENNSYLVANIA ST N,1,1,1,7,1,4,,,30,0,0,0,0,0,4,2,16
,2015_70324,0,0,8/11/2015 17:20,17:20,3,0,0,17TH AVE E & RACE ST N,2,1,0,1,1,1,,,25,0,0,0,0,0,4,2,16
,2015_70325,0,0,5/4/2015 18:40,18:40,1,0,0,28TH AVE E & CENTRAL PARK BLVD N,2,1,0,1,1,1,,,25,0,0,0,0,0,4,2,16
,2015_70326,0,0,6/18/2015 14:00,14:00,12,0,0,26TH AVE E & STEELE ST N,1,1,0,0,1,1,,,25,0,0,0,0,0,4,4,14
,2015_70328,0,0,8/1/2015 18:30,18:30,11,0,0,32ND AVE W & CLAY ST N,1,1,0,0,1,4,,,25,0,1,0,0,1,4,2,13
,2015_70329,0,0,7/6/2015 17:35,17:35,12,0,0,38TH AVE & 2700 BLK W,1,1,1,7,1,4,,,30,0,0,0,0,1,4,3,16
,2015_70330,0,0,1/31/2015 11:45,11:45,15,0,0,46TH AVE E & GRANBY WAY N,1,1,0,0,1,1,,,30,0,0,0,0,0,4,2,7
,2015_70331,0,0,2/8/2015 22:11,22:11,6,0,0,47TH AVE 13100 BLK E & ANDREWS DR E,1,4,0,7,1,4,,,25,0,0,0,0,0,4,2,16
,2015_70332,0,0,2/4/2015 8:46,8:46,3,0,0,47TH AVE E & PEORIA ST N,4,1,0,2,1,1,,,40,0,0,0,0,0,4,2,7
,2015_70333,0,0,5/12/2015 10:10,10:10,10,0,0,78TH AVE & 25700 BLK E,1,1,0,0,1,2,,,45,0,0,0,0,1,4,2,8
,2015_70334,0,0,6/19/2015 18:22,18:22,3,0,0,ADAMS ST N & 14TH AVE E,1,1,0,7,1,1,,,25,0,0,0,0,0,4,2,16
,2015_70335,0,0,7/10/2015 13:42,13:42,1,0,1,ALAMEDA AVE E & HOLLY ST S,1,1,0,0,1,1,,,35,0,0,0,0,2,4,2,13
,2015_70336,0,0,6/17/2015 17:43,17:43,1,0,0,ALAMEDA AVE E & MONACO ST S,1,1,0,7,1,1,,,35,0,0,0,0,0,4,2,3
,2015_70337,0,0,4/21/2015 17:44,17:44,12,0,0,ALBROOK DR 14200 BLK E & CARSON ST N,1,1,0,7,1,1,,,25,0,0,0,0,0,4,2,16
,2015_70338,0,0,2/8/2015 15:03,15:03,3,0,0,ALBROOK DR E & TULSA CT N,1,1,0,7,1,1,,,25,0,0,0,0,0,4,2,16
,2015_70339,0,0,2/24/2015 13:32,13:32,1,0,1,ANDREWS WAY N & 40TH AVE E,1,1,1,7,1,2,,,25,0,0,0,0,2,4,2,16
,2015_70340,0,0,5/5/2015 14:40,14:40,3,0,0,BANNOCK ST S & DAKOTA AVE W,2,1,0,1,1,1,,,25,0,0,0,0,0,4,2,16
,2015_70341,0,0,5/18/2015 2:30,2:30,6,0,0,BERKELEY PL 1700 BLK W & PECOS ST N,1,3,0,7,1,4,,,30,0,0,0,0,0,4,2,5
,2015_70342,0,0,2/8/2015 22:10,22:10,6,0,0,BROADWAY ST 100 BLK N & 1ST AVE W,1,3,0,7,1,4,,,30,0,0,0,0,0,4,2,16
,2015_70343,0,0,1/27/2015 16:50,16:50,12,0,0,BROADWAY ST N & 6TH AVE E,1,1,0,7,1,1,,,35,0,0,0,0,0,4,2,16
,2015_70344,0,0,7/6/2015 0:31,0:31,6,0,0,BROADWAY ST 1000 BLK N & 10TH AVE E,1,4,0,7,1,4,,,30,0,0,0,0,0,4,2,3