id,drcog_id,latitude,longitude,crashtime,time,crashtype,numbkilled,numbinjurd,drcoglocat,rdconditin,lightngcon,roadcntgrd,weatherco,location,roaddescrp,schoolzone,constrzone,splimit,bikeinv,pedinv,sctrinv,motoinv,svrty,rdsystem,ttlvehcls,hcf
,2015_70345,0,0,7/8/2015 10:20,10:20,15,0,0,BROADWAY ST 1900 BLK N & 20TH AVE,1,1,0,7,1,4,,,30,0,0,0,0,0,4,2,16
,2015_70346,0,0,8/7/2015 1:20,1:20,3,0,0,BROADWAY ST N & 20TH ST,1,3,0,7,1,1,,,30,0,0,0,0,1,4,2,16
,2015_70347,0,0,7/16/2015 8:14,8:14,12,0,0,BUCHTEL BLVD 2900 BLK E & MILWAUKEE ST S,1,1,0,7,1,4,,,30,0,0,0,0,0,4,2,3
,2015_70348,0,0,5/11/2015 14:38,14:38,12,0,0,BUCHTEL BLVD E & UNIVERSITY BLVD S,1,1,0,7,1,1,,,30,0,0,0,0,0,4,2,7
,2015_70349,0,0,3/5/2015 7:05,7:05,3,0,0,CENTRAL PARK BLVD N & NORTHFIELD BLVD E,1,1,0,7,1,1,,,35,0,0,0,0,0,4,3,8
,2015_70350,0,0,7/20/2015 22:06,22:06,1,0,0,CHAMBERS RD N & BOLLING DR E,1,3,0,0,1,1,,,30,0,0,0,0,0,4,2,1
,2015_70351,0,0,9/5/2015 13:15,13:15,6,0,0,COLUMBUS WAY & 5100 BLK N,1,1,1,7,6,2,,,25,0,0,0,0,0,4,2,16
,2015_70352,0,0,9/8/2015 11:28,11:28,5,0,0,CLARKSON ST S & 1141,1,1,0,0,3,5,,,15,0,0,0,0,0,4,1,14
,2015_70353,0,0,6/27/2015 12:38,12:38,14,0,0,CLAYTON ST & 3300 BLK N,1,1,1,0,1,4,,,25,0,0,0,0,0,4,2,13
,2015_70354,0,0,2/9/2015 22:24,22:24,15,0,0,CORONA ST 600 BLK N & 6TH AVE E,1,3,0,0,1,4,,,30,0,0,0,0,0,4,2,13
,2015_70355,0,0,2/9/2015 7:00,7:00,6,0,0,47TH DR 19700 E & FLANDERS WAY N,1,1,0,7,1,4,,,25,0,0,0,0,0,4,2,7
,2015_70356,0,0,5/8/2015 15:02,15:02,12,0,0,DAHLIA ST S & ASBURY AVE E,2,1,0,1,1,1,,,35,0,0,0,0,0,4,2,3
,2015_70357,0,0,1/26/2015 14:00,14:00,5,0,0,DAKOTA AVE & 3466 BLK W,1,1,1,0,2,4,,,25,0,0,0,0,0,4,1,13
,2015_70358,0,0,6/20/2015 10:45,10:45,6,0,0,DOWNING ST 1100 BLK N & 12TH AVE E,1,1,0,7,1,4,,,30,0,0,0,0,0,4,2,14
,2015_70359,0,0,4/29/2015 7:30,7:30,10,0,0,ELKHART ST 5500 BLK N & MAXWELL PL E,1,1,1,0,1,4,,,20,0,0,0,0,0,4,2,13
,2015_70360,0,0,4/5/2015 18:49,18:49,11,0,2,ELLSWORTH AVE E & BROADWAY ST S,1,1,0,0,1,1,,,20,0,1,0,0,2,4,3,13
,2015_70361,0,0,4/12/2015 14:48,14:48,12,0,0,EVANS AVE 1300 BLK W & NAVAJO ST S,1,1,1,7,1,4,,,35,0,0,0,1,0,4,2,7
,2015_70362,0,0,12/20/2015 6:00,6:00,5,0,0,N FILLMORE S 1100 BLK & 12TH AVE,5,3,1,0,2,4,,,15,0,0,0,0,0,4,2,5
,2015_70363,0,0,6/2/2015 10:20,10:20,3,0,0,FRANKLIN ST S & ALAMEDA AVE E,1,1,0,0,1,1,,,25,0,0,0,0,0,4,2,13
,2015_70364,0,0,8/5/2015 11:35,11:35,3,0,0,S GAYLORD ST & LOUISIANA AVE E,1,1,0,7,1,1,,,25,0,0,0,0,0,4,2,16
,2015_70365,0,0,5/1/2015 23:00,23:00,6,0,0,GILPIN ST S & EVANS AVE E,1,3,0,7,1,4,,,25,0,0,0,0,0,4,2,3
,2015_70366,0,0,7/24/2015 8:45,8:45,6,0,0,GLENARM PL 1400 BLK & GLENARM,1,1,0,7,1,4,,,30,0,0,0,0,0,4,2,16
,2015_70367,0,0,4/6/2015 16:03,16:03,3,0,0,HARVARD AVE W & IRVING ST S,1,1,0,7,1,1,,,25,0,0,0,0,0,4,2,3
,2015_70368,0,0,9/18/2015 7:45,7:45,13,0,1,JEWELL AVE W & SHOSHONE ST S,1,2,1,0,1,4,,,,0,0,0,0,3,4,2,16
,2015_70369,0,0,5/6/2015 16:29,16:29,12,0,0,HOLLY ST S & EVANS AVE E,1,1,0,7,1,1,,,30,0,0,0,0,0,4,2,16
,2015_70370,0,0,3/14/2015 8:04,8:04,6,0,0,ILIFF AVE 6300 BLK E & LINDEN CT S,1,1,0,0,1,4,,,25,0,0,0,0,0,4,1,14
,2015_70371,0,0,4/26/2015 2:25,2:25,1,0,0,IOWA AVE E & BROADWAY ST S,1,3,0,7,1,1,,,30,0,0,0,0,0,4,2,4
,2015_70372,0,0,5/2/2015 0:45,0:45,6,0,0,KALAMATH ST 000 BLK S & ELLSWORTH AVE W,1,3,0,7,1,4,,,30,0,0,0,0,0,4,2,5
,2015_70373,0,0,8/16/2015 21:04,21:04,3,0,0,KENTUCKY AVE W & FEDERAL BLVD S,1,3,0,0,1,2,,,25,0,0,0,0,0,4,2,13
,2015_70374,0,0,2/19/2015 17:21,17:21,6,0,0,LARIMER ST & 2815,1,1,0,0,1,4,,,25,0,0,0,0,0,4,2,3
,2015_70375,0,0,5/30/2015 1:15,1:15,3,0,0,LARIMER ST & 27TH ST,1,3,0,0,1,1,,,25,0,0,0,0,0,4,2,13
,2015_70376,0,0,6/15/2015 14:07,14:07,3,0,0,LARIMER ST & SPEER BLVD N,1,1,1,7,1,1,,,30,0,0,0,0,1,4,2,16
,2015_70377,0,0,5/20/2015 13:25,13:25,10,0,0,LAWRENCE ST & 15TH ST,1,1,0,0,1,1,,,25,0,0,0,0,0,4,2,13
,2015_70378,0,0,3/26/2015 7:30,7:30,12,0,0,LINCOLN ST N & 10TH AVE E,1,1,0,7,1,4,,,30,0,0,0,0,0,4,3,16
,2015_70379,0,0,4/24/2015 9:35,9:35,11,0,1,LOGAN ST N & 18TH AVE E,1,1,0,0,1,1,,,30,0,1,0,0,2,4,2,13
,2015_70380,0,0,11/5/2015 18:19,18:19,12,0,0,LOWELL BLVD 4800 BLK N & 49TH AVE W,1,1,0,0,1,3,,,30,0,0,0,0,0,4,2,3
,2015_70381,0,0,1/31/2015 23:20,23:20,3,0,0,MARION ST N & 16TH AVE E,4,3,0,2,1,1,,,30,0,0,0,0,0,4,2,14
,2015_70382,0,0,5/6/2015 18:22,18:22,3,0,0,MARION ST 1500 BLK N & LAFAYETTE ST N,1,2,0,0,1,5,,,10,0,0,0,0,0,4,2,13
,2015_70383,0,0,5/12/2015 7:50,7:50,6,0,0,MEADE ST 1900 BLK N & 20TH AVE W,1,1,0,0,1,3,,,25,0,0,0,0,0,4,2,14
,2015_70384,0,0,4/16/2015 19:43,19:43,3,0,0,MILWAUKEE ST & BRUCE RANDOLPH AVE,2,3,0,2,1,1,,,25,0,0,0,0,0,4,2,12
,2015_70385,0,0,12/18/2015 16:00,16:00,6,0,0,MISSISSIPPI AVE & 2220 E,6,3,0,7,1,1,,,35,0,0,0,0,0,4,2,16
,2015_70386,0,0,4/26/2015 19:15,19:15,11,0,1,MISSISSIPPI AVE 10300 BLK E & GENEVA ST S,2,2,0,1,1,4,,,,0,1,0,0,2,4,2,13
,2015_70387,0,0,7/23/2015 8:14,8:14,3,0,0,MLK BLVD E & N KEARNEY ST,1,1,0,7,1,1,,,30,0,0,0,0,0,4,2,16
,2015_70388,0,0,4/13/2015 9:08,9:08,12,0,0,MLK BLVD E & MAGNOLIA ST N,1,1,0,7,1,1,,,35,0,0,0,0,0,4,2,16
,2015_70389,0,0,6/19/2015 21:39,21:39,5,0,1,MLK BLVD 3700 BLK E & RICHARD ALLEN CT N,1,3,0,7,3,4,,,35,0,0,0,0,2,4,1,2
,2015_70390,0,0,12/14/2015 2:05,2:05,6,0,0,29TH ST & STOUT ST,1,3,0,7,1,3,,,35,0,0,0,0,0,4,2,16
,2015_70391,0,0,4/13/2015 7:00,7:00,6,0,0,MORRISON RD & ADA PL W,1,1,1,7,1,4,,,35,0,0,0,0,0,4,2,5
,2015_70392,0,0,2/6/2015 10:15,10:15,15,0,0,PARK AVE W & 1000 BLK,1,1,0,0,1,4,,,30,0,0,0,0,0,4,3,13
,2015_70393,0,0,6/14/2015 17:45,17:45,6,0,0,15TH ST & CHAMPA ST,1,2,1,7,1,1,,,25,0,0,0,0,0,4,2,14
,2015_70394,0,0,4/30/2015 10:40,10:40,3,0,2,PARK AVE W & LAWRENCE ST,1,1,0,7,1,1,,,25,0,0,0,0,2,4,2,16
,2015_70395,0,0,1/31/2015 5:47,5:47,3,0,0,PARK AVE & MARION ST N,1,3,0,7,1,1,,,30,0,0,0,0,0,4,2,16
,2015_70396,0,0,1/21/2015 10:30,10:30,6,0,0,PATTON CT S & TENNESSEE AVE W,5,1,0,2,1,4,,,25,0,0,0,0,0,4,2,7
,2015_70397,0,0,6/30/2015 1:15,1:15,9,0,1,PENA BLVD & 4800 BLK,1,3,0,0,2,4,,,65,0,0,0,0,3,4,1,2
,2015_70398,0,0,2/1/2015 12:25,12:25,1,0,0,PENNSYLVANIA ST N & 1ST AVE E,5,1,0,7,1,1,,,25,0,0,0,0,0,4,3,16
,2015_70399,0,0,2/10/2015 19:15,19:15,1,0,0,PEORIA ST N & 39TH AVE E,1,3,0,0,1,1,,,35,0,0,0,0,1,4,2,8
,2015_70400,0,0,6/10/2015 14:10,14:10,12,0,0,PEORIA ST N & 39TH AVE E,1,1,0,7,1,1,,,35,0,0,0,0,0,4,2,16
,2015_70401,0,0,2/15/2015 20:30,20:30,3,0,0,15TH ST & LARIMER ST,4,3,0,2,1,1,,,30,0,0,0,0,0,4,2,13
,2015_70402,0,0,10/25/2015 16:41,16:41,6,0,0,PENNSYLVANIA ST S & CEDAR AVE E,1,1,0,7,1,1,,,30,0,0,0,1,0,4,2,5
,2015_70403,0,0,9/19/2015 16:10,16:10,11,0,1,PERRY ST N & 3RD AVE W,1,1,1,0,1,1,,,25,0,1,0,0,3,4,2,13
,2015_70404,0,0,6/20/2015 18:41,18:41,6,0,0,PONTIAC ST & 3200 BLOCK N,1,1,1,0,1,4,,,30,0,0,0,0,0,4,2,13
,2015_70405,0,0,2/16/2015 0:37,0:37,5,0,0,QUEBEC ST & 500 BLK S,4,3,0,2,3,4,,,35,0,0,0,0,0,4,1,13
,2015_70406,0,0,5/23/2015 21:40,21:40,2,0,0,QUINCY AVE W & NEWTON ST S,1,3,0,0,1,3,,,25,1,0,0,0,1,4,2,13
,2015_70407,0,0,3/8/2015 15:00,15:00,6,0,0,RALEIGH ST & 945 BLK S,1,1,1,0,1,3,,,25,0,0,0,0,1,4,2,13
,2015_70408,0,0,3/13/2015 23:25,23:25,5,0,0,RANDOLPH PL & 14291 BLK E,1,3,0,0,3,3,,,25,0,0,0,0,0,4,1,5
,2015_70409,0,0,3/15/2015 1:20,1:20,2,0,0,14TH ST 1400 BLK & MARKET ST,1,3,0,0,1,4,,,25,1,0,0,0,0,4,2,14
,2015_70410,0,0,6/24/2015 16:35,16:35,15,0,0,15TH ST 1100 BLK & LARIMER ST,1,1,0,0,1,4,,,30,0,0,0,0,0,4,2,14
,2015_70411,0,0,7/2/2015 17:59,17:59,1,0,0,15TH ST & STOUT ST,1,1,0,0,1,1,,,25,0,0,0,0,0,4,2,3
,2015_70412,0,0,7/9/2015 8:39,8:39,12,0,0,15TH ST 500 BLK & WELTON ST,1,1,0,7,1,3,,,25,0,0,0,0,0,4,2,16
,2015_70413,0,0,6/11/2015 10:36,10:36,15,0,0,20TH ST & CHESTNUT ST,1,1,0,7,1,1,,,35,0,0,0,0,0,4,2,16
,2015_70414,0,0,7/28/2015 9:59,9:59,3,0,0,20TH ST & CURTIS ST,1,1,1,7,1,1,,,30,0,0,0,0,0,4,2,3
,2015_70415,0,0,4/9/2015 13:10,13:10,3,0,0,20TH ST & LAWRENCE ST,1,1,0,7,1,1,,,30,0,0,0,0,0,4,2,3
,2015_70416,0,0,1/3/2015 5:11,5:11,5,0,1,27TH ST & WELTON ST,5,3,1,0,3,4,,,30,0,0,0,0,2,4,1,5
,2015_70417,0,0,6/17/2015 16:07,16:07,12,0,0,SANTA FE DR & 700 BLK N,1,1,1,0,1,4,,,30,0,0,0,0,0,4,2,13
,2015_70418,0,0,6/19/2015 7:37,7:37,15,0,0,SANTA FE DR S & ALAMEDA AVE W,1,1,0,7,1,4,,,25,0,0,0,0,0,4,2,16
,2015_70419,0,0,10/9/2015 21:29,21:29,5,0,0,SPEER BLVD 900 BLK N & CHAMPA ST,1,3,1,0,2,4,,,35,0,0,0,0,0,4,1,1
,2015_70420,0,0,3/2/2015 14:37,14:37,10,0,0,SPEER BLVD N & CHAMPA ST,1,1,1,0,1,1,,,30,0,0,0,0,0,4,2,13
,2015_70421,0,0,11/18/2015 8:00,8:00,15,0,0,SCRANTON ST N & 55TH AVE E,1,1,0,0,1,4,,,25,0,0,0,0,0,4,2,1
,2015_70422,0,0,2/1/2015 20:45,20:45,15,0,0,SPEER BLVD 1100 BLK E & DOWNING ST N,1,3,0,7,1,4,,,35,0,0,0,0,0,4,2,1
,2015_70423,0,0,8/14/2015 13:05,13:05,15,0,0,N SPEER BLVD SB & KALAMATH ST N,1,1,0,7,1,4,,,35,0,0,0,0,0,4,2,14
,2015_70424,0,0,9/21/2015 19:00,19:00,12,0,0,SPEER BLVD N & LARIMER ST,1,1,0,0,1,1,,,35,0,0,0,0,0,4,2,13
,2015_70425,0,0,4/13/2015 18:40,18:40,6,0,0,SYRACUSE ST 1100 BLK N & 11TH AVE E,1,1,0,7,1,4,,,30,0,0,0,0,0,4,2,16
,2015_70426,0,0,3/31/2015 23:55,23:55,5,0,0,SYRACUSE ST 1500 BLK S & GUNNISON PL E,1,3,0,7,2,4,,,25,0,0,0,0,0,4,1,3
,2015_70427,0,0,4/27/2015 8:00,8:00,12,0,0,UNIVERSITY BLVD S & CHERRY CREEK DR S E,2,1,0,1,1,1,,,30,0,0,0,0,0,4,2,16
,2015_70428,0,0,5/18/2015 15:13,15:13,12,0,0,UNIVERSITY BLVD 2500 BLK S & JOSEPHINE ST S ALLEY,1,1,1,0,1,5,,,10,0,0,0,0,0,4,2,13
,2015_70429,0,0,10/16/2015 19:45,19:45,15,0,0,WAZEE ST 1600 BLK & 17TH ST,1,3,0,0,1,4,,,30,0,0,0,0,0,4,2,8
,2015_70430,0,0,2/27/2015 10:51,10:51,15,0,0,WATER ST & 700,5,1,0,2,1,4,,,35,0,0,0,0,0,4,2,14
,2015_70431,0,0,1/5/2015 10:25,10:25,3,0,0,WOLFF ST 600 BLK N & 7TH AVE W,1,1,1,0,1,2,,,25,0,0,0,0,0,4,2,13
,2015_70433,0,0,7/3/2015 11:45,11:45,10,0,0,YORK ST 1000 BLK N & 11TH AVE E,1,1,0,0,1,4,,,20,0,0,0,0,0,4,2,13
,2015_70434,0,0,6/17/2015 16:15,16:15,3,0,0,ZUNI ST S & JEWELL AVE W,1,1,0,0,1,1,,,30,0,0,0,0,0,4,2,13
,2015_70548,39.685667,-104.940548,10/6/2015 12:24,12:24,3,0,0,COLORADO BLVD S & MEXICO AVE E,1,1,0,0,1,1,,,30,0,0,0,0,0,2,2,14
,2015_70551,39.689321,-104.940549,5/1/2015 15:50,15:50,12,0,0,COLORADO BLVD S & FLORIDA AVE E,2,1,0,1,1,1,,,35,0,0,0,0,1,2,2,3
,2015_70552,39.691372,-104.94055,1/24/2015 14:10,14:10,15,0,0,COLORADO BLVD S & ARKANSAS AVE E,1,1,0,0,1,4,,,35,0,0,0,0,0,2,2,13
,2015_70553,39.692997,-104.94055,4/14/2015 18:07,18:07,1,0,0,COLORADO BLVD S & LOUISIANA AVE E,1,1,1,0,1,1,,,35,0,0,0,0,0,2,2,14
,2015_70554,39.710489,-104.940627,4/23/2015 13:17,13:17,12,0,0,COLORADO BLVD 300 BLK S & ALAMEDA AVE E,1,1,0,0,1,4,,,35,0,0,0,0,0,2,3,4
,2015_70555,39.71149,-104.940627,7/1/2015 16:20,16:20,1,0,0,ALAMEDA AVE E & COLORADO BLVD S,1,1,0,0,1,1,,,30,0,0,0,0,0,2,2,13
,2015_70556,39.668384,-104.940613,1/16/2015 20:12,20:12,1,0,1,COLORADO BLVD S & YALE AVE E,1,3,0,0,1,1,,,35,0,0,0,0,2,2,2,13
,2015_70557,39.717824,-104.940628,2/9/2015 19:50,19:50,12,0,0,COLORADO BLVD N & 1ST AVE E,1,3,1,0,1,1,,,40,0,0,0,0,0,2,2,3
,2015_70558,39.740086,-104.940612,2/10/2015 14:58,14:58,12,0,0,COLFAX AVE E & COLORADO BLVD N,1,1,0,0,1,1,,,35,0,0,0,0,0,2,2,13
,2015_70559,39.740086,-104.940612,6/13/2015 2:19,2:19,15,0,0,COLFAX AVE E & COLORADO BLVD N,1,3,0,0,1,1,,,30,0,0,0,0,0,2,3,5
,2015_70560,39.745471,-104.940606,7/17/2015 10:08,10:08,12,0,0,COLORADO BLVD N & 18TH AVE E,1,1,0,0,1,4,,,35,0,0,0,0,0,2,2,13
,2015_70561,39.765159,-104.940498,1/4/2015 13:30,13:30,10,0,0,COLORADO BLVD & 3400 BLK N,2,1,1,0,1,2,,,35,0,0,0,0,0,2,2,8
,2015_70571,39.725655,-105.052942,1/27/2015 17:59,17:59,15,0,0,6TH HWY & SHERIDAN BLVD N,1,3,0,0,1,4,,,55,0,0,0,0,0,2,2,3
,2015_70572,39.725655,-105.052567,6/13/2015 14:58,14:58,15,0,0,6TH AVE W & SHERIDAN BLVD,1,1,0,0,1,4,,,65,0,0,0,0,1,2,2,1
,2015_70573,39.725205,-105.018063,5/31/2015 11:13,11:13,15,0,0,6TH AVE W & I-25,1,1,0,0,1,4,,,55,0,0,0,0,0,2,2,13
,2015_70574,39.780043,-104.949712,8/9/2015 8:40,8:40,3,0,0,46TH AVE E & STEELE ST N,1,1,0,0,1,1,,,35,0,0,0,0,0,2,2,14
,2015_70575,39.783189,-104.948363,1/19/2015 13:11,13:11,15,0,0,VASQUEZ BLVD & 4700 BLK,1,1,0,0,1,4,,,40,0,0,0,0,0,2,2,13
,2015_70606,39.64665,-104.914574,7/6/2015 10:53,10:53,15,0,0,I-25 & HAMPDEN AVE E,2,1,0,1,1,4,,,65,0,0,0,0,0,1,2,13
,2015_70607,39.653625,-104.918501,7/25/2015 10:00,10:00,5,0,0,I-25 & HAMPDEN AVE E,1,1,0,0,1,4,,,55,0,0,0,0,0,1,2,2
,2015_70608,39.664703,-104.923564,6/29/2015 16:54,16:54,12,0,0,I-25 & YALE AVE E,1,1,0,0,1,4,,,60,0,0,0,0,0,1,2,13
,2015_70609,39.66762,-104.92561,6/29/2015 8:00,8:00,12,0,0,YALE AVE E & I-25 SB RAMPS,1,1,1,0,1,1,,,35,0,0,0,0,0,1,3,13
,2015_70610,39.678363,-104.933558,1/2/2015 16:24,16:24,12,0,0,EVANS AVE E & I-25,2,2,0,0,1,4,,,35,0,0,0,0,0,1,2,3
,2015_70611,39.700841,-104.986681,5/12/2015 14:25,14:25,12,0,0,BROADWAY ST 900 BLK S & KENTUCKY AVE E,1,1,0,0,1,3,,,35,0,0,0,0,0,1,2,1
,2015_70612,39.701452,-104.987435,8/13/2015 22:05,22:05,1,0,0,I25 HWY SB & BROADWAY S,1,3,0,0,1,1,,,30,0,0,0,0,0,1,2,13
,2015_70613,39.703005,-104.989667,2/10/2015 8:27,8:27,12,0,0,I-25 & BROADWAY ST OFFRAMP,1,1,1,0,1,8,,,40,0,0,0,0,0,1,2,3
,2015_70614,39.707122,-104.996782,2/17/2015 14:58,14:58,15,0,0,I-25 & SANTA FE S,1,1,0,0,1,4,,,55,0,0,0,0,0,1,2,1
,2015_70615,39.71124,-104.998918,5/1/2015 8:45,8:45,12,0,0,I-25 & ALAMEDA AVE W,1,1,1,0,1,4,,,55,0,0,0,0,0,1,3,13
,2015_70616,39.71124,-104.998918,10/28/2015 16:41,16:41,12,0,0,I-25 & ALAMEDA AVE W,1,1,0,0,1,4,,,55,0,0,0,0,0,1,2,16
,2015_70617,39.711855,-104.999283,7/15/2015 14:08,14:08,12,0,0,I-25 & ALAMEDA AVE W,1,1,1,0,1,4,,,55,0,0,0,0,0,1,2,3
,2015_70618,39.717813,-105.004403,1/30/2015 8:40,8:40,12,0,0,I-25 & MM 208.5,1,1,0,0,1,4,,,55,0,0,0,0,0,1,2,13
,2015_70619,39.723872,-105.011688,6/26/2015 23:25,23:25,12,0,1,I-25 & 6TH AVE W,1,3,2,0,1,4,,,45,0,0,0,0,2,1,2,5
,2015_70620,39.725247,-105.012893,4/1/2015 11:08,11:08,12,0,0,I-25 & 6TH AVE W,1,1,0,0,1,4,,,55,0,0,0,0,0,1,3,13
,2015_70621,39.72543,-105.013021,5/21/2015 8:45,8:45,15,0,0,I-25 & 6TH AVE W,1,1,0,0,1,4,,,55,0,0,0,0,0,1,2,2
,2015_70622,39.74035,-105.013939,1/3/2015 19:40,19:40,15,0,0,I-25 & COLFAX AVE W,4,3,1,2,1,4,,,55,0,0,0,0,0,1,2,13
,2015_70623,39.729334,-105.014821,5/13/2015 14:53,14:53,12,0,1,I-25 & 8TH AVE W,1,1,1,0,1,4,,,55,0,0,0,0,2,1,4,13
,2015_70624,39.729334,-105.014821,8/2/2015 2:20,2:20,1,0,0,8TH AVE W & WYANDOT ST N,1,3,0,0,1,1,,,35,0,0,0,0,0,1,2,5
,2015_70625,39.74035,-105.013939,8/12/2015 14:23,14:23,12,0,0,I-25 & COLFAX AVE W,1,1,1,0,1,4,,,55,0,0,0,0,0,1,2,13
,2015_70626,39.755141,-105.012706,5/16/2015 20:43,20:43,15,0,0,SPEER BLVD N & I-25,1,3,2,0,1,4,,,35,0,0,0,0,0,1,2,13
,2015_70627,39.768039,-104.994788,5/5/2015 15:26,15:26,15,0,0,I-25 & PARK AVE WEST,2,1,0,1,1,4,,,55,0,0,0,0,0,1,2,14
,2015_70628,39.768039,-104.994788,5/26/2015 20:22,20:22,12,0,0,I-25 & PARK AVE WEST,1,2,0,0,1,4,,,55,0,0,0,0,1,1,2,13
,2015_70630,0,0,4/22/2015 13:45,13:45,6,0,0,CALIFORNIA ST 1900 BLK & BROADWAY ST N,1,1,0,7,1,4,,,25,0,0,0,0,0,4,2,16
,2015_70631,39.779391,-104.989165,10/17/2015 23:30,23:30,12,0,0,I-25 & I-70,1,3,1,0,1,4,,,55,0,0,0,0,0,1,2,7
,2015_70632,39.768039,-104.994788,3/9/2015 20:55,20:55,1,0,1,FOX ST N & 38TH AVE W,1,3,0,0,1,1,,,35,0,0,0,0,2,1,2,5
,2015_70652,39.711096,-105.028619,2/18/2015 18:55,18:55,15,0,0,ALAMEDA AVE W & HOOKER ST S,1,3,0,0,1,3,,,35,0,0,0,0,0,2,2,13
,2015_70653,39.711208,-104.998391,8/27/2015 12:07,12:07,15,0,0,ALAMEDA AVE 1000 BLK W & KALAMATH ST S,1,1,0,0,1,1,,,25,0,0,0,0,1,2,2,14
,2015_70654,39.653078,-104.898797,5/30/2015 14:38,14:38,12,0,0,HAMPDEN AVE & 7500 BLK E,1,1,0,0,1,4,,,40,0,0,0,0,0,2,2,8
,2015_70657,39.667529,-104.866133,8/4/2015 13:51,13:51,1,0,0,HAVANA ST S & YALE AVE E,1,1,0,0,1,1,,,45,0,0,0,0,0,2,4,13
,2015_70664,39.78358,-104.900137,10/20/2015 21:50,21:50,6,0,0,QUEBEC ST & I-270 WB/NB ON RAMP,2,3,1,1,3,4,,,45,0,0,0,0,0,2,2,13
,2015_70665,39.779316,-104.903391,6/11/2015 19:40,19:40,12,0,0,QUEBEC ST N & I-70 WB RAMPS,2,3,1,1,1,1,,,45,0,0,0,0,0,2,3,13
,2015_70666,39.789463,-104.903305,9/13/2015 12:56,12:56,5,0,0,QUEBEC ST & 5000 BLK N,1,1,0,0,3,4,,,40,0,0,0,0,0,2,1,13
,2015_70688,39.740031,-104.982435,5/3/2015 12:35,12:35,6,0,0,LOGAN ST 1400 BLK N & COLFAX AVE E,1,1,1,0,1,4,,,30,0,0,0,0,0,2,2,3
,2015_70689,39.74003,-104.982271,1/26/2015 9:25,9:25,6,0,0,LOGAN ST 1400 BLK N & COLFAX AVE E,1,1,0,0,1,3,,,30,0,0,0,0,0,2,2,8
,2015_70690,39.74002,-104.981158,4/1/2015 18:59,18:59,2,0,0,COLFAX AVE 400 BLK E & PENNSYLVANIA ST N,1,1,0,0,1,4,,,30,1,0,0,0,0,2,3,14
,2015_70691,39.739992,-104.964751,5/28/2015 17:34,17:34,15,0,0,COLFAX AVE 1900 BLK E & HIGH ST N,2,2,1,1,1,4,,,30,0,0,0,0,0,2,2,7
,2015_70692,39.740079,-104.958926,1/8/2015 13:20,13:20,12,0,0,COLFAX AVE 2300 BLK E & JOSEPHINE ST N,1,1,0,0,1,3,,,30,0,0,0,0,0,2,2,6
,2015_70693,39.740147,-104.949393,7/6/2015 15:59,15:59,6,0,0,COLFAX AVE E & STEELE ST N (RD S),2,1,0,1,1,1,,,30,0,0,0,0,0,2,2,14
,2015_70694,39.740078,-104.91389,8/7/2015 11:00,11:00,12,0,0,COLFAX AVE E & LOCUST ST N,1,1,0,0,1,1,,,25,0,0,0,0,0,2,2,13
,2015_70695,39.740079,-104.912957,8/10/2015 17:50,17:50,12,0,0,COLFAX AVE E & MONACO PKWY N,1,1,0,0,1,3,,,30,0,0,0,0,0,2,2,3
,2015_70696,39.740085,-104.890588,6/20/2015 0:01,0:01,11,0,0,COLFAX AVE E & VERBENA ST N,1,3,0,0,1,1,,,35,0,1,0,0,1,2,2,13
,2015_70697,39.740086,-104.885881,1/2/2015 7:20,7:20,3,0,0,COLFAX AVE E & XENIA ST N,4,1,1,0,1,1,,,25,0,0,0,0,0,2,2,7
,2015_70698,39.740086,-104.885881,5/21/2015 22:57,22:57,3,0,0,COLFAX AVE E & XENIA ST N,1,3,0,0,1,1,,,30,0,0,0,0,0,2,2,13
,2015_70727,39.780052,-104.989434,8/24/2015 21:00,21:00,15,0,0,I-70 & I-25,1,3,1,0,1,4,,,55,0,0,0,0,0,1,2,13
,2015_70728,39.779433,-104.977584,11/6/2015 23:30,23:30,12,1,0,I-70 & WASHINGTON ST N,1,3,1,0,1,4,,,55,0,0,0,0,4,1,2,1
,2015_70729,39.783138,-105.006328,8/11/2015 8:38,8:38,12,0,0,I-70 & PECOS ST N,1,1,0,0,1,4,,,55,0,0,0,0,0,1,2,7
,2015_70730,39.781132,-104.993904,4/3/2015 0:15,0:15,5,1,0,I-70 & PECOS ST N,5,3,2,2,3,4,,,55,0,0,0,0,4,1,1,14
,2015_70731,39.779525,-104.975636,4/15/2015 1:11,1:11,6,0,0,I-70 & MM 275,1,3,0,0,1,4,,,65,0,0,0,0,0,1,2,13
,2015_70732,39.777,-104.881437,4/20/2015 23:30,23:30,12,0,0,I-70 & CENTRAL PARK BLVD N,1,3,0,0,1,4,,,55,0,0,0,0,0,1,2,13
,2015_70733,39.776699,-104.878163,2/7/2015 5:25,5:25,12,0,1,I-70 & CENTRAL PARK BLVD N,1,3,0,0,1,4,,,55,0,0,0,0,2,1,3,5
,2015_70734,39.775623,-104.865778,6/1/2015 10:46,10:46,15,0,0,I-70 & HAVANA ST N,1,1,0,0,1,4,,,55,0,0,0,0,0,1,2,13
,2015_70735,39.775623,-104.865778,9/25/2015 16:34,16:34,12,0,0,I-70 & HAVANA ST N,1,1,0,0,1,4,,,55,0,0,0,0,0,1,2,14
,2015_70736,39.774052,-104.847579,6/20/2015 14:19,14:19,12,0,0,I-70 & PEORIA ST N,1,1,0,0,1,4,,,55,0,0,0,0,0,1,3,13