id,drcog_id,latitude,longitude,crashtime,time,crashtype,numbkilled,numbinjurd,drcoglocat,rdconditin,lightngcon,roadcntgrd,weatherco,location,roaddescrp,schoolzone,constrzone,splimit,bikeinv,pedinv,sctrinv,motoinv,svrty,rdsystem,ttlvehcls,hcf
,2015_70737,39.772547,-104.829979,1/28/2015 6:17,6:17,12,0,0,I-70 WB & I-225 NB,1,3,1,0,1,8,,,55,0,0,0,0,1,1,2,13
,2015_70738,39.772547,-104.829979,2/16/2015 7:13,7:13,5,0,0,I-225 NB & I-70 WB,4,1,0,2,2,8,,,55,0,0,0,0,1,1,1,13
,2015_70767,39.706834,-104.920363,7/28/2015 9:55,9:55,12,0,0,LEETSDALE DR 5600 BLK & HOLLY ST S,1,1,0,0,1,4,,,35,0,0,0,0,0,2,2,3
,2015_70768,39.707828,-104.925172,7/16/2015 10:00,10:00,12,0,0,LEETSDALE DR 5300 BLK & FOREST ST S,1,1,0,0,1,4,,,35,0,0,0,0,0,2,2,1
,2015_70770,39.58066,-105.025086,2/18/2015 17:00,17:00,12,0,0,KALAMATH ST & I-25 SB ON RAMP,1,1,0,0,1,8,,,35,0,0,0,0,0,2,2,7
,2015_70778,39.668555,-104.995712,2/2/2015 16:45,16:45,12,0,0,SANTA FE DR & 2600 BLK S,1,1,0,0,1,4,,,55,0,0,0,0,1,2,2,3
,2015_70783,39.737975,-105.025273,4/15/2015 11:41,11:41,1,0,1,FEDERAL BLVD N & HOWARD PL W,1,1,1,0,1,1,,,35,0,0,0,0,2,2,2,13
,2015_70785,39.731186,-105.025182,2/6/2015 16:38,16:38,1,0,0,FEDERAL BLVD N & 9TH AVE W,1,1,1,0,1,1,,,35,0,0,0,0,0,2,2,13
,2015_70786,39.729259,-105.02515,7/24/2015 18:00,18:00,3,0,0,FEDERAL BLVD N & 8TH AVE W,1,1,0,0,1,2,,,35,0,0,0,0,0,2,2,13
,2015_70787,39.727529,-105.025127,2/7/2015 17:50,17:50,3,0,0,7TH AVE W & FEDERAL BLVD N,1,1,0,0,1,2,,,,0,0,0,0,0,2,2,13
,2015_70789,39.679788,-105.025034,2/3/2015 17:55,17:55,1,0,0,EVANS AVE W & FEDERAL BLVD S,1,3,0,0,1,2,,,40,0,0,0,0,0,2,3,7
,2015_70795,39.656458,-105.053223,9/3/2015 16:20,16:20,15,0,0,SHERIDAN BLVD S & DARTMOUTH AVE W,1,1,0,0,1,4,,,40,0,0,0,0,0,2,2,5
,2015_70796,39.679726,-105.053263,4/3/2015 16:32,16:32,3,0,0,SHERIDAN BLVD S & EVANS AVE W,1,1,0,0,1,2,,,40,0,0,0,0,0,2,2,13
,2015_70797,39.687921,-105.053263,12/24/2015 18:54,18:54,12,0,0,SHERIDAN BLVD & 1600 BLK S,1,4,0,0,1,4,,,40,0,0,0,0,0,2,3,5
,2015_70799,39.72702,-105.053139,1/5/2015 5:20,5:20,15,0,0,SHERIDAN BLVD & 600 BLK N,1,3,0,0,1,4,,,35,0,0,0,0,0,2,2,13
,2015_70815,39.616177,-105.09113,2/7/2015 15:15,15:15,1,0,0,WADSWORTH BLVD S & CROSS DR W,1,1,0,0,1,3,,,45,0,0,0,0,0,2,2,13
,2015_70816,39.61833,-105.091109,2/21/2015 15:54,15:54,3,0,0,WADSWORTH BLVD S & CRESTLINE AVE W,4,2,0,2,1,1,,,45,0,0,0,0,0,2,2,13
,2015_70848,39.785905,-104.966628,8/22/2015 2:05,2:05,5,0,4,BRIGHTON BLVD & 4900 BLK N,1,3,0,0,3,4,,,35,0,0,0,0,2,2,1,9
,2015_70849,39.779661,-104.967133,6/11/2015 8:36,8:36,15,0,0,BRIGHTON BLVD N & I-70 EB RAMPS,1,1,0,0,1,3,,,45,0,0,0,0,0,2,2,8
,2015_70852,39.776917,-104.887984,2/9/2015 16:27,16:27,12,0,0,I-270 & QUEBEC ST N,1,1,0,0,1,4,,,55,0,0,0,0,1,1,2,3
,2015_70854,39.653216,-105.049557,1/8/2015 8:30,8:30,15,0,0,HAMPDEN AVE W & EB ON RAMP FROM SHERIDAN BLVD S,1,1,1,0,1,4,,,55,0,0,0,0,0,2,2,13
,2015_70863,39.65298,-104.919997,2/19/2015 6:20,6:20,12,0,0,HAMPDEN AVE E & I-25 SB SLIP RAMPS,1,2,1,0,1,3,,,45,0,0,0,0,0,2,2,13
,2015_70864,39.652981,-104.917514,3/25/2015 11:25,11:25,12,0,0,HAMPDEN AVE & I-25 NB RAMPS,2,1,1,2,1,3,,,45,0,0,0,0,0,2,2,13
,2015_70865,39.783839,-105.025212,1/6/2015 6:58,6:58,12,0,0,FEDERAL BLVD & I-70 EB RAMPS,6,1,0,0,1,4,,,35,0,0,0,0,0,2,2,14
,2015_70866,39.789228,-105.025203,3/7/2015 16:12,16:12,12,0,0,FEDERAL BLVD N & 51ST AVE W,1,1,0,0,1,1,,,40,0,0,0,0,0,2,2,13
,2015_70947,0,0,11/7/2015 0:01,0:01,5,0,0,UTICA ST & 1805 S,1,3,0,0,3,4,,,25,0,0,0,0,0,4,1,1
,2015_71003,0,0,5/30/2015 22:32,22:32,15,0,0,N PENA BLVD & E 40TH AVE,1,3,1,0,1,4,,,55,0,0,0,0,0,4,2,13
,2015_71063,0,0,4/21/2015 18:22,18:22,3,0,0,1ST AVE W & CHEROKEE ST N,1,1,0,7,1,1,,,30,0,0,0,0,0,4,2,16
,2015_71064,0,0,8/5/2015 22:42,22:42,6,0,0,1ST AVE W & HOOKER ST N,1,3,0,7,1,4,,,30,0,0,0,0,0,4,2,16
,2015_71067,0,0,1/20/2015 22:17,22:17,12,0,0,1ST AVE 2300 BLK E & UNIVERSITY BLVD N,1,3,0,7,1,1,,,35,0,0,0,0,0,4,2,5
,2015_71068,0,0,1/21/2015 8:20,8:20,6,0,0,5TH AVE 1000 BLK W & KALAMATH ST N,4,2,0,2,1,4,,,25,0,0,0,0,0,4,2,14
,2015_71069,0,0,9/7/2015 10:25,10:25,15,1,0,6TH AVE (2500 BLK E) & ELIZABETH ST N,1,1,0,0,1,3,,,30,0,0,0,1,4,4,2,1
,2015_71071,0,0,1/31/2015 14:50,14:50,3,0,0,6TH AVE E & LINCOLN ST N,1,1,0,7,1,1,,,30,0,0,0,0,0,4,3,3
,2015_71072,0,0,1/11/2015 3:00,3:00,5,0,0,DULUTH CT & 4981 BLK N,1,3,0,0,2,4,,,25,0,0,0,0,0,4,1,13
,2015_71073,0,0,4/17/2015 15:51,15:51,12,0,0,8TH AVE & 1100 BLK W,1,1,1,0,1,4,,,30,0,0,0,0,1,4,2,13
,2015_71074,0,0,6/29/2015 16:40,16:40,3,0,0,8TH AVE W & DELAWARE ST N,1,1,0,0,1,2,,,25,0,0,0,0,0,4,2,13
,2015_71075,0,0,8/4/2015 17:44,17:44,3,0,0,W 12TH AVE & DELAWARE ST N,1,1,0,7,1,1,,,30,0,0,0,0,0,4,2,16
,2015_71076,0,0,9/29/2015 15:30,15:30,6,0,0,12TH AVE E & MONROE ST N,1,1,0,7,1,4,,,25,0,0,0,0,0,4,2,14
,2015_71077,0,0,5/14/2015 16:15,16:15,12,0,0,13TH AVE 2700 BLK E & DETROIT ST N,1,1,0,7,1,4,,,35,0,0,0,0,0,4,2,14
,2015_71078,0,0,6/24/2015 10:15,10:15,10,0,0,13TH AVE E & GARFIELD ST N,1,1,0,0,1,4,,,30,0,0,0,0,0,4,2,13
,2015_71079,0,0,1/8/2015 12:00,12:00,3,0,1,13TH AVE E & NB MONACO ST,1,1,0,7,1,1,,,30,0,0,0,0,2,4,2,7
,2015_71080,0,0,1/16/2015 9:55,9:55,6,0,0,14TH AVE 100 BLK W & BANNOCK ST N,1,1,0,7,1,4,,,30,0,0,0,0,0,4,2,16
,2015_71081,0,0,7/13/2015 7:23,7:23,3,0,0,14TH AVE E & DOWNING ST N,1,1,0,7,1,1,,,30,0,0,0,0,0,4,2,7
,2015_71082,0,0,3/27/2015 0:43,0:43,6,0,0,14TH AVE E & ELIZABETH ST N,1,3,0,7,1,4,,,30,0,0,0,0,0,4,3,16
,2015_71083,0,0,7/10/2015 7:52,7:52,3,0,0,16TH AVE E & XANTHIA ST N,1,1,0,7,1,1,,,25,0,0,0,0,0,4,2,16
,2015_71084,0,0,5/8/2015 18:07,18:07,15,0,0,17TH AVE E & ALBION ST N,2,2,0,7,1,4,,,25,0,0,0,0,0,4,2,16
,2015_71085,0,0,5/11/2015 16:00,16:00,3,0,0,22ND AVE E & FRANKLIN ST N,1,1,0,7,1,1,,,30,0,0,0,0,0,4,2,1
,2015_71087,0,0,11/29/2015 17:30,17:30,10,0,0,23RD AVE W & CLAY ST N,1,3,0,0,1,1,,,25,0,0,0,0,0,4,2,13
,2015_71088,0,0,1/29/2015 9:05,9:05,1,0,0,23RD AVE E & QUEBEC ST N,1,1,1,7,1,1,,,30,0,0,0,0,0,4,2,16
,2015_71089,0,0,12/27/2015 13:32,13:32,3,0,0,27TH AVE W & DECATUR ST N,4,1,0,0,1,1,,,25,0,0,0,0,0,4,2,9
,2015_71090,0,0,6/25/2015 15:43,15:43,3,0,0,37TH AVE W & NAVAJO ST N,1,1,1,7,1,1,,,25,0,0,0,0,0,4,2,16
,2015_71091,0,0,12/27/2015 17:09,17:09,12,0,0,38TH AVE W & IRVING ST N,1,3,0,0,1,1,,,35,0,0,0,0,1,4,2,5
,2015_71092,0,0,3/8/2015 22:12,22:12,3,0,0,38TH AVE W & IRVING ST N,1,3,0,7,1,1,,,30,0,0,0,0,0,4,2,14
,2015_71093,0,0,4/21/2015 13:35,13:35,12,0,0,45TH AVE 12100 BLK E & PEORIA ST N,1,1,0,7,1,3,,,30,0,0,0,0,0,4,2,16
,2015_71094,0,0,11/21/2015 8:15,8:15,8,0,0,51ST AVE E & UVALDA ST N,5,1,0,2,1,4,,,25,0,0,0,0,0,4,2,16
,2015_71095,0,0,9/22/2015 11:20,11:20,6,0,0,44TH AVE W & MARIPOSA WAY N,1,1,0,7,1,4,,,25,0,0,0,0,0,4,2,16
,2015_71096,0,0,6/17/2015 15:08,15:08,6,0,0,BRUCE RANDOLPH AVE 2200 E & YORK ST N,1,1,0,7,1,4,,,30,0,0,0,0,0,4,2,16
,2015_71097,0,0,2/2/2015 21:45,21:45,12,0,0,52ND AVE W & STUART ST N,1,3,0,7,1,3,,,25,0,0,0,0,0,4,2,16
,2015_71098,0,0,2/17/2015 16:36,16:36,6,0,0,53RD AVE E & HARRISON ST N,1,1,0,7,1,4,,,30,0,0,0,0,0,4,2,14
,2015_71099,0,0,1/12/2015 17:28,17:28,12,0,0,56TH AVE E & PENA BLVD,8,3,1,7,1,4,,,40,0,0,0,0,0,4,3,16
,2015_71100,0,0,2/18/2015 14:36,14:36,15,0,0,ALAMEDA AVE E & EMERSON ST S,1,1,0,0,1,4,,,30,0,0,0,0,0,4,2,3
,2015_71101,0,0,4/12/2015 2:00,2:00,6,0,0,FRANKLIN ST & 2300 BLK S,1,3,0,0,1,4,,,25,0,0,0,0,0,4,2,13
,2015_71102,0,0,4/6/2015 7:15,7:15,12,0,0,ALAMEDA AVE 8100 BLK E & S FAIRMOUNT DR,1,1,0,7,1,3,,,40,0,0,0,0,0,4,2,14
,2015_71103,0,0,8/19/2015 12:54,12:54,15,0,0,ALAMEDA AVE E & HOLLY ST S,1,1,0,0,1,1,,,35,0,0,0,0,0,4,2,3
,2015_71104,0,0,5/20/2015 8:25,8:25,3,0,1,ALAMEDA AVE 800 BLK W & SANTA FE DR S,1,1,1,0,1,2,,,35,0,0,0,0,2,4,3,12
,2015_71105,0,0,2/8/2015 14:20,14:20,3,0,0,ARKANSAS AVE W & IRVING ST S,1,1,0,7,1,1,,,25,0,0,0,0,0,4,2,4
,2015_71106,0,0,5/4/2015 1:10,1:10,5,0,0,BALSAM WAY S & LAYTON AVE W,2,3,0,1,3,4,,,30,0,0,0,0,0,4,1,14
,2015_71107,0,0,4/1/2015 10:38,10:38,12,0,0,BANNOCK ST 000 BLK S & ELLSWORTH AVE W,1,1,0,7,1,3,,,25,0,0,0,0,0,4,2,2
,2015_71108,0,0,2/4/2015 9:00,9:00,6,0,0,BAYAUD AVE & 3400 BLK W,5,1,1,2,1,4,,,25,0,0,0,0,0,4,2,13
,2015_71109,0,0,12/18/2015 14:10,14:10,6,0,0,ARIZONA AVE & 3500 W,6,1,0,7,1,4,,,25,0,0,0,0,1,4,2,7
,2015_71110,0,0,7/26/2015 20:38,20:38,2,0,0,BLAKE ST & 22ND ST,1,3,0,0,1,1,,,30,1,0,0,0,1,4,2,13
,2015_71111,0,0,3/20/2015 12:32,12:32,3,0,0,BRIGHTON BLVD 3600 BLK N & 36TH AVE E,1,1,0,0,1,2,,,30,0,0,0,0,1,4,2,13
,2015_71112,0,0,7/16/2015 15:57,15:57,12,0,0,BRIGHTON BLVD 3500 BLK N & 35TH ST,1,1,0,7,1,4,,,30,0,0,0,0,0,4,2,16
,2015_71113,0,0,6/6/2015 14:40,14:40,12,0,0,BROADWAY ST & 1900 BLK N,2,1,0,0,1,4,,,30,0,0,0,0,0,4,2,13
,2015_71114,0,0,1/10/2015 1:27,1:27,10,0,0,BROADWAY ST S & OHIO AVE E,1,3,0,0,1,1,,,30,0,0,0,0,0,4,2,8
,2015_71115,0,0,4/8/2015 21:00,21:00,12,0,0,BROADWAY ST 1800 N & TREMONT PL,1,3,0,7,1,3,,,30,0,0,0,0,0,4,2,14
,2015_71116,0,0,4/25/2015 22:15,22:15,6,0,0,CALIFORNIA ST 1600 BLK & 16TH ST,1,3,0,7,1,3,,,30,0,0,0,0,0,4,2,3
,2015_71117,0,0,5/2/2015 15:57,15:57,6,0,0,CEDAR AVE E & SHERMAN ST S,1,1,0,1,1,4,,,25,0,0,0,0,0,4,3,3
,2015_71118,0,0,7/31/2015 17:07,17:07,5,0,0,CENTRAL PARK BLVD 3400 BLK N & 35TH AVE E,1,1,0,7,3,3,,,25,0,0,0,0,0,4,1,3
,2015_71119,0,0,4/27/2015 15:09,15:09,12,0,0,CHERRY CREEK DR & MISSISSIPPI AVE E,1,1,0,7,1,1,,,30,0,0,0,0,0,4,2,3
,2015_71120,0,0,3/14/2015 11:26,11:26,6,0,0,COLUMBINE ST 1218 N & 12TH AVE E,1,1,0,7,1,4,,,25,0,0,0,0,0,4,3,5
,2015_71121,0,0,5/21/2015 13:12,13:12,12,0,0,DAHLIA ST 911 BLK S & KENTUCKY AVE E,1,1,0,0,1,2,,,25,0,0,0,0,0,4,2,13
,2015_71122,0,0,2/27/2015 1:00,1:00,6,0,0,DAYTON WAY S & HARVARD AVE E,4,3,0,2,1,4,,,30,0,0,0,0,0,4,2,16
,2015_71123,0,0,4/5/2015 20:20,20:20,12,0,0,DELGANY ST & 1900 BLK,1,3,2,0,1,4,,,30,0,0,0,1,0,4,2,14
,2015_71124,0,0,5/4/2015 13:15,13:15,14,0,0,EMERSON ST & 1500 BLK N,1,1,0,0,1,4,,,25,0,0,0,0,0,4,2,13
,2015_71125,0,0,1/16/2015 14:30,14:30,15,0,0,EMERSON ST & 1700 BLK N,1,1,0,0,1,4,,,30,0,0,0,0,0,4,2,13
,2015_71126,0,0,4/2/2015 12:55,12:55,3,0,0,EVANS AVE E & ALBION ST S,1,1,0,0,1,2,,,30,0,0,0,0,0,4,2,13
,2015_71127,0,0,7/14/2015 11:24,11:24,12,0,0,EVANS AVE 5700 BLK E & IVANHOE ST S,1,1,0,7,1,4,,,30,0,0,0,0,0,4,2,16
,2015_71128,0,0,6/4/2015 19:00,19:00,3,0,0,EVANS AVE 6300 BLK E & MONACO PKWY S,1,1,0,0,1,3,,,35,0,0,0,0,0,4,3,1
,2015_71129,0,0,6/23/2015 19:32,19:32,12,0,0,FLORIDA AVE W & TENNYSON ST S,2,1,0,1,1,3,,,35,0,0,0,0,1,4,2,7
,2015_71130,0,0,10/14/2015 16:40,16:40,2,0,1,FLORIDA AVE W & TENNYSON ST S,1,1,0,0,1,1,,,25,1,0,0,0,2,4,2,13
,2015_71131,0,0,8/26/2015 15:03,15:03,12,0,0,GARFIELD ST 1500 BLK N & COLFAX AVE E,1,1,0,0,1,2,,,25,0,0,0,0,0,4,2,1
,2015_71132,0,0,1/8/2015 6:40,6:40,1,0,1,GVR BLVD E & PENA BLVD,1,2,0,7,1,1,,,40,0,0,0,0,3,4,2,8
,2015_71133,0,0,8/31/2015 8:27,8:27,1,0,0,GVR BLVD E & PENA BLVD,1,1,0,0,1,1,,,40,0,0,0,0,0,4,2,7
,2015_71134,0,0,6/20/2015 13:50,13:50,1,0,0,GVR BLVD E & TOWER RD N,1,1,0,0,1,3,,,35,0,0,0,0,1,4,2,13
,2015_71135,0,0,2/5/2015 15:45,15:45,3,0,0,HARRISON ST & MEXICO AVE E,1,1,0,0,1,2,,,5,0,0,0,0,1,4,2,2
,2015_71136,0,0,5/26/2015 12:52,12:52,10,0,0,HOLLY ST N & STAPLETON N DR,1,1,0,0,1,1,,,30,0,0,0,0,0,4,2,13
,2015_71137,0,0,2/14/2015 12:05,12:05,15,0,0,ILIFF AVE 9800 BLK E & EMPORIA ST S,1,1,0,7,1,4,,,40,0,0,0,0,0,4,2,7
,2015_71138,0,0,5/18/2015 7:07,7:07,12,0,0,PENA BLVD OFF RAMP & 56TH AVE E,1,1,1,7,1,3,,,15,0,0,0,0,1,4,2,16
,2015_71139,0,0,6/6/2015 23:35,23:35,6,0,0,JERICHO ST N & 40TH AVE E,1,3,0,7,1,4,,,25,0,0,0,0,0,4,2,16
,2015_71140,0,0,3/5/2015 14:42,14:42,3,0,0,JEWELL AVE E & DOWNING ST S,1,1,0,0,1,1,,,30,0,0,0,0,0,4,2,3
,2015_71141,0,0,4/25/2015 20:50,20:50,15,0,0,JEWELL AVE W & SHERIDAN BLVD S,1,3,0,0,1,4,,,35,0,0,0,0,0,4,2,7
,2015_71142,0,0,6/2/2015 9:16,9:16,6,0,0,JULIAN ST 2200 BLK N & 23RD AVE W,1,1,0,7,1,4,,,30,0,0,0,0,0,4,2,14
,2015_71143,0,0,1/17/2015 19:51,19:51,12,0,0,KENTUCKY AVE 3100 BLK W & HAZEL CT S,1,3,0,7,1,4,,,30,0,0,0,0,1,4,2,2
,2015_71144,0,0,4/8/2015 18:00,18:00,12,0,0,KENTUCKY AVE W & IRVING ST S,1,1,0,7,1,3,,,25,0,0,0,0,0,4,2,5
,2015_71145,0,0,5/2/2015 14:15,14:15,15,0,0,LINCOLN ST & 1500 BLK N,1,1,0,0,1,4,,,30,0,0,0,0,0,4,2,13
,2015_71146,0,0,4/19/2015 14:35,14:35,6,0,0,LINCOLN ST & 4500 BLK N,1,1,0,0,1,4,,,30,0,0,0,0,0,4,2,13
,2015_71148,0,0,4/28/2015 15:44,15:44,3,0,0,LIPAN ST 700 BLK & KALAMATH ALLEY,1,1,0,0,1,5,,,15,0,0,0,0,0,4,2,13
,2015_71149,0,0,3/23/2015 14:06,14:06,15,0,0,LOGAN ST 600 BLK N & 6TH AVE E,1,1,0,7,1,4,,,30,0,0,0,0,0,4,2,16
,2015_71150,0,0,3/25/2015 13:35,13:35,5,0,0,LOGAN ST & 780 BLK S,2,1,0,0,3,4,,,25,0,0,0,0,0,4,2,13
,2015_71151,0,0,6/11/2015 18:20,18:20,3,0,0,LOUISIANA AVE E & LOGAN ST S,2,2,0,1,1,1,,,30,0,0,0,0,0,4,2,13
,2015_71152,0,0,6/27/2015 21:36,21:36,6,0,0,MALAYA ST 4200 BLK N & 42ND AVE E,1,3,0,7,1,4,,,25,0,0,0,0,1,4,2,7
,2015_71153,0,0,9/12/2015 13:00,13:00,11,0,1,MLK BLVD E & RACE ST N,1,3,0,1,1,3,,,30,0,1,0,0,3,4,2,16
,2015_71154,0,0,7/2/2015 10:40,10:40,12,0,0,MARKET ST 1600 BLK & 17TH ST,1,1,0,7,1,4,,,30,0,0,0,0,0,4,2,16
,2015_71155,0,0,7/1/2015 8:35,8:35,10,0,0,MISSISSIPPI AVE & JASON ST,1,1,1,0,1,1,,,35,0,0,0,0,0,4,2,13
,2015_71156,0,0,2/1/2015 14:10,14:10,3,0,0,MISSISSIPPI AVE W & ZUNI ST S,2,1,0,0,1,1,,,30,0,0,0,0,0,4,2,14
,2015_71158,0,0,12/17/2015 6:43,6:43,15,0,0,MLK BLVD & CENTRAL PARK BLVD N,8,1,0,0,1,1,,,30,0,0,0,0,0,4,2,13
,2015_71159,0,0,4/28/2015 12:15,12:15,10,0,0,MONTVIEW BLVD E & DAHLIA ST N,1,1,0,0,1,1,,,30,0,0,0,0,0,4,2,13
,2015_71160,0,0,12/2/2015 19:10,19:10,1,0,0,MORRISON RD & STUART ST S,1,3,0,0,1,1,,,25,0,0,0,0,0,4,2,7
,2015_71161,0,0,5/10/2015 9:39,9:39,6,0,0,OSCEOLA ST S & 379,4,3,0,2,1,4,,,,0,0,0,0,0,4,2,13
,2015_71162,0,0,11/30/2015 23:50,23:50,15,0,0,PENA BLVD & 8000 BLK,1,3,0,0,1,4,,,45,0,0,0,0,0,4,2,13
,2015_71163,0,0,6/8/2015 16:00,16:00,6,0,0,PEARL ST 1400 BLK N & 14TH AVE E,1,1,1,7,1,4,,,25,0,0,0,0,0,4,2,16
,2015_71164,0,0,4/21/2015 15:24,15:24,12,0,0,PECOS ST N & 46TH AVE W,1,1,0,7,1,1,,,30,0,0,0,0,0,4,2,3
,2015_71165,0,0,3/29/2015 7:35,7:35,12,0,0,PENA BLVD & 8100 BLK,1,1,0,0,1,4,,,35,0,0,0,0,0,4,2,7
,2015_71166,0,0,6/19/2015 9:45,9:45,5,0,0,PENA BLVD 7200 BLK & TOWER RD 775 E,1,1,1,7,1,4,,,35,0,0,0,0,0,4,2,16
,2015_71167,0,0,5/30/2015 12:30,12:30,11,0,1,PENNYSYLVANIA ST & 1400 BLK N,1,1,0,0,1,4,,,25,0,1,0,0,3,4,2,13
,2015_71168,0,0,12/2/2015 17:18,17:18,11,0,0,PONTIAC ST & 35TH AVE E,1,1,0,0,1,1,,,20,0,1,0,0,1,4,2,14
,2015_71169,0,0,5/13/2015 22:13,22:13,12,0,0,PEORIA ST 3900 BLK N & I-70 EB RAMPS,1,3,1,7,1,4,,,40,0,0,0,0,0,4,2,5
,2015_71170,0,0,5/24/2015 20:40,20:40,6,0,0,PERRY ST 200 BLK S & BYERS PL W,1,3,0,7,1,4,,,30,0,0,0,0,0,4,2,16
,2015_71171,0,0,7/16/2015 20:57,20:57,12,0,0,QUEBEC ST N & 22ND AVE E,1,1,1,7,1,4,,,35,0,0,0,0,0,4,2,3
,2015_71172,0,0,3/8/2015 6:02,6:02,12,0,0,QUEBEC ST 300 BLK S & ALAMEDA AVE E,1,2,0,7,1,3,,,35,0,0,0,0,0,4,2,2
,2015_71173,0,0,5/26/2015 15:55,15:55,12,0,0,QUEBEC ST 950 BLK S & LEETSDALE DR,1,1,1,0,1,3,,,30,0,0,0,0,0,4,2,3
,2015_71174,0,0,7/27/2015 9:00,9:00,5,0,0,RALEIGH ST N ALLEY & 2223,1,1,1,0,5,5,,,15,0,0,0,0,0,3,1,13
,2015_71175,0,0,2/10/2015 10:00,10:00,6,0,0,13TH ST & 1100 BLK,1,1,0,0,1,2,,,25,0,0,0,0,0,4,2,3
,2015_71176,0,0,10/27/2015 22:05,22:05,2,0,0,REGIS BLVD W & KING ST N,1,3,0,0,1,3,,,35,1,0,0,0,0,4,2,13
,2015_71177,0,0,9/12/2015 9:08,9:08,11,0,0,15TH ST & MARKET ST,1,1,0,0,1,1,,,25,0,1,0,0,0,4,2,13
,2015_71178,0,0,3/19/2015 3:19,3:19,5,0,1,15TH ST & WAZEE ST,2,3,0,1,3,3,,,30,0,0,0,0,2,4,1,5
,2015_71179,0,0,9/22/2015 18:28,18:28,3,0,1,20TH ST & CHESTNUT ST,1,2,0,0,1,1,,,30,0,0,0,1,2,4,2,9
,2015_71180,0,0,1/25/2015 9:26,9:26,10,0,0,17TH ST & STOUT ST,1,1,0,0,1,1,,,30,0,0,0,0,0,4,2,13
,2015_71181,0,0,1/1/2015 0:43,0:43,12,0,0,18TH ST & MARKET,5,3,1,7,1,3,,,25,0,0,0,0,0,4,2,14
,2015_71182,0,0,8/3/2015 22:31,22:31,12,0,0,20TH ST & LITTLE RAVEN ST,1,3,1,7,1,4,,,35,0,0,0,0,0,4,2,4
,2015_71183,0,0,2/7/2015 1:35,1:35,5,0,0,20TH ST 1300 BLK & MARKET ST,1,3,0,7,3,3,,,30,0,0,0,0,0,4,1,5
,2015_71184,0,0,2/17/2015 17:00,17:00,7,0,1,SPEER BLVD N & STOUT ST,4,1,0,0,1,1,,,30,0,0,0,0,2,4,2,13
,2015_71185,0,0,11/5/2015 18:04,18:04,5,0,0,SPEER BLVD N & WEWATTA ST,1,2,1,0,2,4,,,35,0,0,0,0,0,4,1,16
,2015_71186,0,0,3/13/2015 22:24,22:24,12,0,0,SPEER BLVD N & ELITCH CIR,1,3,0,7,1,3,,,35,0,0,0,0,0,4,2,14
,2015_71187,0,0,8/8/2015 16:37,16:37,12,0,0,SPEER BLVD & ELITCH CIR,1,1,0,7,1,1,,,35,0,0,0,0,0,4,2,16
,2015_71188,0,0,2/23/2015 9:29,9:29,12,0,0,SPEER BLVD 1200 BLK N & LARIMER ST,5,1,0,2,1,4,,,30,0,0,0,0,0,4,2,13
,2015_71189,0,0,2/13/2015 17:40,17:40,1,0,0,SPEER BLVD N & ZUNI ST N,1,2,0,0,1,1,,,35,0,0,0,0,0,4,2,13
,2015_71190,0,0,3/6/2015 6:35,6:35,3,0,0,STAPLETON N DR E & HOLLY ST N,1,1,0,7,1,1,,,30,0,0,0,0,0,4,2,16
,2015_71191,0,0,3/3/2015 13:20,13:20,3,0,0,STEELE ST S & BAYAUD AVE E,2,1,0,2,1,1,,,30,0,0,0,0,0,4,2,16
,2015_71192,0,0,4/23/2015 21:17,21:17,1,0,0,STEELE ST S & ELLSWORTH AVE E,1,3,0,7,1,1,,,35,0,0,0,0,0,4,2,16
,2015_71193,0,0,5/30/2015 16:02,16:02,6,0,0,ST PAUL ST 5000 BLK N & 5063 N ST PAUL ST,1,1,0,7,1,4,,,25,0,0,0,0,0,4,2,5
,2015_71194,0,0,7/16/2015 13:02,13:02,3,0,0,TENNYSON ST & 2900 BLK N,1,1,1,0,1,2,,,25,0,0,0,0,1,4,2,13
,2015_71195,0,0,4/12/2015 4:45,4:45,5,0,0,UNIVERSITY BLVD S & DAKOTA AVE E,1,3,0,7,3,4,,,30,0,0,0,0,1,4,1,16
,2015_71196,0,0,5/29/2015 11:58,11:58,6,0,1,VALLEJO ST & 800 BLK S,1,1,0,0,3,4,,,25,0,0,0,1,2,4,2,7
,2015_71197,0,0,1/30/2015 18:00,18:00,6,0,0,VALLEJO ST 730 S & EXPOSTION AVE W,2,3,0,7,1,4,,,25,0,0,0,0,0,4,2,7
,2015_71198,0,0,4/19/2015 9:30,9:30,6,0,0,VINE ST N & 13TH AVE E,1,5,0,7,1,4,,,25,0,0,0,0,0,4,2,16
,2015_71199,0,0,3/5/2015 8:20,8:20,3,0,0,VIRGINIA AVE W & BRYANT ST S,5,1,0,2,1,1,,,25,0,0,0,0,0,4,2,16
,2015_71200,0,0,12/7/2015 6:34,6:34,12,0,0,WELTON ST & 2000 BLK,1,2,0,0,1,4,,,30,0,0,0,0,0,4,2,2
,2015_71201,0,0,12/6/2015 9:30,9:30,6,0,0,WOLFF ST 600 BLK N & 7TH AVE W,1,3,1,7,1,4,,,25,0,0,0,0,0,4,3,3
,2015_71202,0,0,2/18/2015 14:20,14:20,12,0,0,WELTON ST 2200 BLK & PARK AVE W,1,1,0,7,1,3,,,25,0,0,0,0,1,4,3,16
,2015_71203,0,0,1/13/2015 19:00,19:00,10,0,0,WELTON ST & 15TH ST,2,3,0,2,1,1,,,25,0,0,0,0,0,4,2,1
,2015_71204,0,0,2/28/2015 13:54,13:54,12,0,0,YALE AVE E & MONACO ST S,1,1,0,7,1,4,,,30,0,0,0,0,0,4,2,16
,2015_71205,0,0,6/8/2015 15:30,15:30,12,0,0,YALE AVE E & SYRACUSE WAY S,1,1,0,7,1,1,,,30,0,0,0,0,0,4,2,7
,2015_71206,0,0,1/3/2015 17:46,17:46,6,0,0,YALE AVE W & S WINONA CT,5,3,1,2,1,4,,,25,0,0,0,0,0,4,2,16