id,drcog_id,latitude,longitude,crashtime,time,crashtype,numbkilled,numbinjurd,drcoglocat,rdconditin,lightngcon,roadcntgrd,weatherco,location,roaddescrp,schoolzone,constrzone,splimit,bikeinv,pedinv,sctrinv,motoinv,svrty,rdsystem,ttlvehcls,hcf
,2015_71207,0,0,5/21/2015 18:25,18:25,6,0,0,YATES ST 1400 BLK N & COLFAX AVE W,1,1,0,7,1,4,,,25,0,0,0,0,0,4,2,16
,2015_71329,39.727365,-104.940627,4/2/2015 6:45,6:45,1,0,0,7TH AVE E & COLORADO BLVD N,1,1,0,0,1,1,,,35,0,0,0,0,0,2,2,7
,2015_71330,39.714614,-104.940629,8/2/2015 14:51,14:51,12,0,0,COLORADO BLVD 000 BLK N & BAYAUD AVE E,2,1,1,1,1,3,,,35,0,0,0,0,0,2,2,13
,2015_71331,39.652949,-104.940686,1/18/2015 12:16,12:16,12,0,0,COLORADO BLVD S & HAMPDEN AVE E,1,1,0,0,1,1,,,40,0,0,0,0,0,2,2,13
,2015_71332,39.738451,-104.940614,5/9/2015 0:47,0:47,12,0,0,COLORADO BLVD 1400 BLK N & 14TH AVE E,2,3,0,1,1,3,,,35,0,0,0,0,0,2,2,5
,2015_71333,39.720916,-104.940629,5/15/2015 16:30,16:30,12,0,0,3RD AVE E & COLORADO BLVD N,1,1,0,0,1,1,,,30,0,0,0,0,0,2,4,13
,2015_71334,39.726989,-104.940627,4/1/2015 12:48,12:48,12,0,0,7TH AVE E & COLORADO BLVD N,1,1,0,0,1,4,,,35,0,0,0,0,0,2,2,8
,2015_71335,39.727365,-104.940627,6/5/2015 11:30,11:30,1,0,0,COLORADO BLVD N & 7TH AVE E,2,1,0,0,1,1,,,35,0,0,0,0,1,2,2,14
,2015_71336,39.738302,-104.940614,6/10/2015 8:49,8:49,12,0,0,14TH AVE E & COLORADO BLVD N,1,1,0,0,1,1,,,35,0,0,0,0,0,2,3,3
,2015_71337,39.747364,-104.940604,7/23/2015 12:07,12:07,1,0,0,MONTVIEW BLVD E & COLORADO BLVD N,1,1,0,0,1,1,,,30,0,0,0,0,0,2,2,13
,2015_71339,39.761878,-104.940511,4/24/2015 7:55,7:55,1,0,0,COLORADO BLVD N & MLK BLVD E,1,1,0,0,1,1,,,35,0,0,0,0,0,2,2,13
,2015_71340,39.763635,-104.940504,11/22/2015 13:54,13:54,5,0,0,COLORADO BLVD N & 3350,1,1,1,0,3,1,,,35,0,0,0,0,0,2,1,13
,2015_71341,39.774019,-104.940509,3/10/2015 12:20,12:20,9,0,0,COLORADO BLVD N & 41ST AVE,1,1,0,0,1,4,,,35,0,0,0,0,1,2,1,14
,2015_71349,39.725545,-105.034154,5/9/2015 3:09,3:09,5,0,0,6TH AVE W & KNOX CT N,2,3,1,1,2,4,,,45,0,0,0,0,0,2,1,7
,2015_71351,39.725422,-105.02478,4/10/2015 22:36,22:36,12,0,0,6TH AVE W & FEDERAL BLVD N,1,3,0,0,1,4,,,45,0,0,0,0,0,2,2,13
,2015_71352,39.725516,-105.013084,5/16/2015 14:23,14:23,12,0,0,6TH AVE W & I-25,1,1,0,0,1,4,,,45,0,0,0,0,0,2,2,12
,2015_71353,39.779012,-104.949801,3/21/2015 9:30,9:30,10,0,0,STEELE ST 4500 BLOCK N & 45TH AVE E,1,1,0,0,1,4,,,35,0,0,0,0,0,2,2,13
,2015_71379,39.652653,-104.918038,11/8/2015 22:00,22:00,12,0,0,I-25 & HAMPDEN AVE E,1,3,0,0,1,4,,,65,0,0,0,0,0,1,2,1
,2015_71380,39.625205,-104.90222,2/19/2015 16:07,16:07,12,0,0,I-25 & 5100 S,1,1,0,0,1,4,,,,0,0,0,0,0,1,2,13
,2015_71381,39.654319,-104.918827,6/29/2015 8:09,8:09,12,0,0,I-25 & HAMPDEN AVE E,1,1,0,0,1,4,,,65,0,0,0,0,0,1,2,13
,2015_71382,39.66762,-104.92561,7/15/2015 11:11,11:11,12,0,0,YALE AVE E & I-25 SB RAMPS,1,1,0,0,1,1,,,30,0,0,0,0,1,1,4,12
,2015_71383,39.69304,-104.97773,3/5/2015 16:47,16:47,12,0,0,I-25 & LOUISIANA AVE E,1,1,0,0,1,4,,,55,0,0,0,0,0,1,2,13
,2015_71384,39.711138,-104.998857,8/5/2015 19:41,19:41,15,0,1,I-25 NB ON FLYOVER RAMP FROM SANTA & ALAMEDA AVE W,1,1,0,0,1,8,,,55,0,0,0,0,2,1,4,1
,2015_71385,39.723487,-105.011255,1/13/2015 14:08,14:08,5,0,0,I-25 & 6TH AVE W,1,1,1,0,2,8,,,55,0,0,0,0,0,1,1,12
,2015_71386,39.724909,-105.012637,6/13/2015 19:08,19:08,15,0,0,I-25 NB/SB OFF RAMP & 6TH AVE,2,2,1,1,1,8,,,45,0,0,0,0,0,1,2,13
,2015_71387,39.725135,-105.012815,7/11/2015 2:55,2:55,5,0,2,I-25 NB ON FLYOVER RAMP & 6TH AVE,1,3,1,0,3,8,,,45,0,0,0,0,3,1,1,5
,2015_71388,39.72543,-105.013021,8/30/2015 21:00,21:00,12,0,0,I-25 & 6TH AVE W,1,4,1,0,1,4,,,55,0,0,0,0,0,1,2,3
,2015_71389,39.741081,-105.014114,6/7/2015 16:47,16:47,12,0,1,I-25 & COLFAX AVE W,1,1,1,0,1,4,,,55,0,0,0,0,2,1,2,8
,2015_71390,39.742025,-105.014654,3/20/2015 17:37,17:37,15,0,0,I-25 & AURARIA PKWY,1,1,0,0,1,4,,,55,0,0,0,0,0,1,2,13
,2015_71391,39.741612,-105.014362,8/13/2015 14:36,14:36,12,0,0,I-25 & COLFAX AVE W,1,1,0,0,1,4,,,55,0,0,0,0,0,1,2,16
,2015_71392,39.750368,-105.016976,2/20/2015 15:05,15:05,12,0,0,I-25 & 23RD AVE,1,1,0,0,1,4,,,55,0,0,0,0,0,1,3,3
,2015_71393,39.757148,-105.009912,4/30/2015 10:20,10:20,15,0,0,I-25 & 15TH ST,1,1,0,0,1,4,,,55,0,0,0,0,0,1,2,13
,2015_71394,39.757148,-105.009912,6/17/2015 12:45,12:45,12,0,2,I-25 & 15TH ST,1,1,0,0,1,4,,,55,0,0,0,0,3,1,2,8
,2015_71395,39.760997,-105.004275,2/8/2015 17:30,17:30,15,0,0,I-25 & 20TH ST,1,3,0,0,1,4,,,55,0,0,0,0,0,1,2,7
,2015_71396,39.755141,-105.012706,12/8/2015 13:08,13:08,12,0,0,I-25 & SPEER BLVD N,1,1,0,0,1,4,,,55,0,0,0,0,0,1,3,16
,2015_71397,39.779391,-104.989165,11/20/2015 13:33,13:33,12,0,0,I-25 & I-70,1,1,0,0,1,4,,,55,0,0,0,0,0,1,2,16
,2015_71415,39.711332,-105.053258,3/16/2015 15:15,15:15,12,0,0,ALAMEDA AVE W & SHERIDAN BLVD S,1,1,0,0,1,1,,,25,0,0,0,0,0,2,2,3
,2015_71416,39.711129,-105.0328,1/18/2015 16:40,16:40,12,0,0,ALAMEDA AVE 3500 BLK W & KNOX CT S,1,1,0,0,1,3,,,35,0,0,0,0,0,2,2,13
,2015_71417,39.711094,-105.029679,5/7/2015 17:08,17:08,12,0,1,ALAMEDA AVE W & IRVING ST S,1,1,1,0,1,3,,,35,0,0,0,0,2,2,2,7
,2015_71418,39.711133,-105.016823,7/26/2015 19:30,19:30,12,0,0,ALAMEDA AVE W & ALCOTT ST,1,1,0,0,1,1,,,40,0,0,0,0,0,2,3,13
,2015_71419,39.7112,-104.999749,4/3/2015 21:58,21:58,15,0,0,ALAMEDA AVE & 1100 BLK W,1,3,0,0,1,4,,,30,0,0,0,0,0,2,3,13
,2015_71420,39.653094,-104.913062,5/20/2015 13:57,13:57,15,0,0,HAMPDEN AVE 6400 BLK E & MONACO PKWY S,1,1,0,0,1,3,,,40,0,0,0,0,0,2,2,3
,2015_71421,39.65302,-104.875567,7/29/2015 10:50,10:50,1,0,0,HAMPDEN AVE E & DAYTON ST S,1,1,0,0,1,1,,,45,0,0,0,0,0,2,2,13
,2015_71422,39.667529,-104.866133,3/7/2015 23:25,23:25,12,0,0,HAVANA ST S & YALE AVE E,1,3,0,0,1,1,,,45,0,0,0,0,0,2,2,5
,2015_71423,39.670857,-104.866047,7/26/2015 21:26,21:26,11,0,0,HAVANA ST S & PARKER RD S,1,3,1,0,1,1,,,45,0,1,0,0,1,2,2,13
,2015_71436,39.782947,-104.900747,6/2/2015 17:21,17:21,15,0,0,NORTHFIELD QUEBEC ST N & I-270,1,1,0,0,1,3,,,40,0,0,0,0,0,2,2,7
,2015_71437,39.793501,-104.903378,4/29/2015 14:30,14:30,3,0,0,53RD PL E & QUEBEC ST N,1,1,0,0,1,1,,,35,0,0,0,0,0,2,2,13
,2015_71456,39.740349,-105.048711,1/17/2015 9:00,9:00,12,0,0,COLFAX AVE W & WOLFF ST N,1,1,0,0,1,1,,,30,0,0,0,0,0,2,2,13
,2015_71457,39.74034,-105.041549,8/12/2015 7:51,7:51,12,0,0,COLFAX AVE 4100 BLK W & RALEIGH ST N,1,1,0,0,1,4,,,35,0,0,0,0,0,2,2,13
,2015_71458,39.740343,-105.032736,6/30/2015 16:24,16:24,12,0,0,COLFAX AVE & 3400 BLK W,1,1,0,0,1,2,,,35,0,0,0,0,1,2,2,13
,2015_71459,39.740343,-105.0312,1/18/2015 10:06,10:06,5,0,0,COLFAX AVE W & JULIAN ST N,1,1,0,0,3,1,,,30,0,0,0,0,0,2,1,13
,2015_71460,39.74013,-105.006349,7/14/2015 21:04,21:04,12,0,0,COLFAX AVE W & OSAGE ST N,1,3,1,0,1,4,,,35,0,0,0,0,1,2,3,13
,2015_71461,39.740028,-105.002765,3/17/2015 15:14,15:14,12,0,0,COLFAX AVE & MARIPOSA ST N,1,1,1,0,1,4,,,30,0,0,0,0,0,2,2,13
,2015_71462,39.740048,-104.999949,3/10/2015 19:40,19:40,12,0,0,KALAMATH ST N & COLFAX AVE W,1,3,0,0,1,4,,,30,0,0,0,0,0,2,2,1
,2015_71463,39.740013,-104.969489,2/11/2015 5:05,5:05,6,0,0,COLFAX AVE & HUMBLODT ST N,2,3,0,1,1,4,,,30,0,0,0,0,0,2,2,7
,2015_71464,39.740011,-104.968907,5/21/2015 13:55,13:55,15,0,0,COLFAX AVE 1500 BLK E & PARK AVE WEST,1,1,0,0,1,4,,,35,0,0,0,0,0,2,2,13
,2015_71465,39.73999,-104.964381,6/6/2015 6:54,6:54,6,0,0,COLFAX AVE 1900 BLK E & HIGH ST N,1,1,0,0,1,4,,,30,0,0,0,0,0,2,2,14
,2015_71466,39.740009,-104.96852,12/12/2015 2:00,2:00,12,0,0,COLFAX AVE E & PARK AVE WEST,1,3,0,0,1,1,,,30,0,0,0,0,0,2,2,5
,2015_71467,39.740154,-104.951817,6/27/2015 11:54,11:54,11,0,1,COLFAX AVE E & MILWAUKEE ST N (RD S),1,1,0,0,1,1,,,30,0,1,0,0,2,2,2,13
,2015_71468,39.740136,-104.945532,7/16/2015 6:44,6:44,2,0,0,COLFAX AVE E & MONROE ST N,1,1,0,0,1,4,,,25,1,0,0,1,1,2,2,13
,2015_71501,39.783138,-105.006328,3/2/2015 8:24,8:24,12,0,0,I-70 & PECOS ST N,2,1,0,0,1,4,,,55,0,0,0,0,0,1,2,13
,2015_71502,39.780217,-104.990332,2/26/2015 14:00,14:00,5,0,0,I-25 SB OFF RAMP TO WB & I-70,5,1,1,2,3,8,,,45,0,0,0,0,0,1,1,7
,2015_71503,39.779565,-104.974824,1/2/2015 7:30,7:30,5,0,1,I-70 & WASHINGTON ST N WB OFF RAMP,12,1,0,0,3,4,,,55,0,0,0,0,3,1,1,7
,2015_71504,39.78008,-104.936128,4/2/2015 15:10,15:10,15,0,0,I-70 & STAPLETON DR N WB ENT GORE PT,2,1,0,2,1,4,,,55,0,0,0,0,0,1,2,3
,2015_71505,39.779997,-104.949807,12/13/2015 7:20,7:20,12,0,0,I-70 & STEELE ST N,5,1,0,0,1,1,,,55,0,0,0,0,0,1,2,14
,2015_71506,39.778287,-104.913004,6/9/2015 9:51,9:51,12,0,0,I-70 & MONACO PKWY N,1,1,0,0,1,4,,,55,0,0,0,0,0,1,4,13
,2015_71507,39.777095,-104.882471,3/9/2015 9:10,9:10,12,0,0,I-70 & CENTRAL PARK BLVD N,1,1,0,0,1,4,,,55,0,0,0,0,0,1,2,13
,2015_71508,39.777095,-104.882471,12/1/2015 13:08,13:08,12,0,0,I-70 EB OFF RAMP & CENTRL PARK BLVD,1,1,0,0,1,3,,,25,0,0,0,0,0,1,2,13
,2015_71509,39.776002,-104.870154,5/13/2015 14:13,14:13,12,0,0,I-70 & HAVANA ST N,1,1,0,0,1,4,,,55,0,0,0,0,0,1,3,13
,2015_71510,39.775623,-104.865778,5/21/2015 10:19,10:19,5,0,0,I-70 & HAVANA ST N,1,1,0,0,1,4,,,55,0,0,0,0,0,1,2,13
,2015_71511,39.772877,-104.833905,11/16/2015 18:40,18:40,12,0,0,I-70 & I-225 SB ON RAMP ENT,2,3,1,1,1,4,,,55,0,0,0,0,0,1,2,16
,2015_71512,39.774037,-104.847397,1/5/2015 20:05,20:05,12,0,0,I-70 & PEORIA ST N,1,3,0,0,1,4,,,55,0,0,0,0,1,1,2,8
,2015_71513,39.774005,-104.847034,5/26/2015 14:59,14:59,12,0,0,I-70 & PEORIA ST N,1,1,0,0,1,4,,,55,0,0,0,0,0,1,2,13
,2015_71514,39.774005,-104.847034,5/30/2015 18:55,18:55,10,0,0,I-70 EB RAMPS & PEORIA ST N,1,1,0,0,1,1,,,35,0,0,0,0,0,1,2,13
,2015_71547,39.698464,-104.991792,12/10/2015 21:14,21:14,12,0,2,PLATTE RIVER DR S & TENNESSEE AVE W,1,3,0,0,1,4,,,45,0,0,0,0,3,2,2,1
,2015_71553,39.73399,-105.02518,4/29/2015 16:47,16:47,12,0,0,FEDERAL BLVD N & 11TH AVE W,1,1,0,0,1,4,,,35,0,0,0,0,1,2,3,13
,2015_71554,39.732921,-105.02517,6/21/2015 21:20,21:20,8,0,0,FEDERAL BLVD N & 10TH AVE W,1,3,0,0,1,1,,,35,0,0,0,0,0,2,2,13
,2015_71555,39.725983,-105.025128,5/17/2015 7:25,7:25,12,0,0,FEDERAL BLVD N & 6TH AVE WB RAMP,1,1,1,0,1,1,,,35,0,0,0,0,0,2,2,14
,2015_71556,39.70041,-105.025085,4/27/2015 21:15,21:15,12,0,0,FEDERAL BLVD 900 BLK S & KENTUCKY AVE W,1,3,0,0,1,4,,,40,0,0,0,0,0,2,2,1
,2015_71557,39.699237,-105.025079,8/31/2015 17:40,17:40,15,0,0,FEDERAL BLVD S & TENNESSEE AVE W,1,1,0,0,1,4,,,40,0,0,0,0,0,2,2,5
,2015_71558,39.696764,-105.025061,4/8/2015 10:35,10:35,12,0,0,FEDERAL BLVD S & MISSISSIPPI AVE W,1,1,0,0,1,3,,,40,0,0,0,0,0,2,2,7
,2015_71559,39.684034,-105.02502,3/21/2015 15:00,15:00,12,0,0,FEDERAL BLVD S & COLORADO AVE W,1,1,1,0,1,4,,,35,0,0,0,0,0,2,4,13
,2015_71560,39.682271,-105.025016,4/13/2015 15:10,15:10,15,0,0,FEDERAL BLVD S & JEWELL AVE W,1,1,0,0,1,1,,,40,0,0,0,0,0,2,2,2
,2015_71561,39.682271,-105.025016,7/16/2015 21:30,21:30,1,0,0,JEWELL AVE W & FEDERAL BLVD S,1,3,0,0,1,1,,,30,0,0,0,0,0,2,2,13
,2015_71572,39.657879,-105.053224,2/20/2015 10:55,10:55,12,0,0,SHERIDAN BLVD S & COLUMBIA PL W,1,1,0,0,1,1,,,45,0,0,0,0,0,2,2,13
,2015_71574,39.725746,-105.053134,2/27/2015 17:00,17:00,12,0,0,SHERIDAN BLVD 600K N & 6TH AVE W,2,2,0,0,1,4,,,35,0,0,0,0,0,2,2,14
,2015_71576,39.782967,-105.05327,7/15/2015 15:51,15:51,2,0,0,SHERIDAN BLVD N & I-70 EB ON RAMP,1,1,0,0,1,1,,,35,1,0,0,0,0,2,2,13
,2015_71586,39.632536,-105.084343,3/16/2015 17:05,17:05,15,0,0,WADSWORTH BLVD S & TUFTS AVE W,1,1,0,0,1,4,,,45,0,0,0,0,0,2,2,3
,2015_71587,39.666862,-105.08143,6/15/2015 12:20,12:20,12,0,0,WADSWORTH BLVD S & YALE AVE W,1,1,0,0,1,4,,,40,0,0,0,0,1,2,3,7
,2015_71613,0,0,6/13/2015 13:00,13:00,6,0,0,51ST AVE W & 1580,1,1,0,0,1,2,,,20,0,0,0,0,0,4,2,5
,2015_71616,39.638949,-104.885774,3/2/2015 12:40,12:40,15,0,0,I-225 & YOSEMITE ST S,1,1,0,0,1,4,,,65,0,0,0,0,0,1,2,1
,2015_71617,39.639275,-104.885096,6/16/2015 15:42,15:42,15,0,0,I-225 & YOSEMITE ST S,1,1,1,0,1,4,,,65,0,0,0,0,1,1,3,3
,2015_71627,39.777015,-104.882642,2/7/2015 14:30,14:30,15,0,0,I-70 WB DIRECT CONNECT & I-270 WB,1,1,0,0,1,4,,,55,0,0,0,0,0,1,2,13
,2015_71628,0,0,6/28/2015 21:52,21:52,3,0,0,COLORADO AVE W & STUART ST S,1,4,0,7,1,1,,,25,0,0,0,0,0,4,2,1
,2015_71634,39.751104,-105.025141,11/19/2015 11:07,11:07,12,0,0,FEDERAL BLVD 2200 N & 23RD AVE W,1,1,0,0,1,3,,,35,0,0,0,0,0,2,3,14
,2015_71636,39.791115,-105.025181,8/16/2015 2:48,2:48,1,0,0,FEDERAL BLVD N & 52ND AVE W,2,3,0,0,1,1,,,35,0,0,0,0,0,2,2,13
,2015_71637,39.783839,-105.025212,5/30/2015 18:31,18:31,1,0,0,FEDERAL BLVD N & I-70 EB RAMPS,1,1,0,0,1,1,,,35,0,0,0,0,0,2,2,5
,2015_71827,0,0,3/11/2015 8:39,8:39,3,0,1,2ND AVE E & PEARL ST N,1,1,0,7,1,1,,,25,0,0,0,0,3,4,2,1
,2015_71828,0,0,11/6/2015 15:16,15:16,2,0,1,1ST AVE W & STUART ST N,1,1,0,0,1,1,,,30,1,0,0,0,2,4,2,13
,2015_71829,0,0,10/9/2015 13:56,13:56,6,0,0,2ND AVE 2800 BLK E & DETROIT ST N,1,1,0,7,1,4,,,25,0,0,0,0,0,4,2,14
,2015_71830,0,0,5/30/2015 14:22,14:22,11,0,1,6TH AVE E & BROADWAY ST N,1,1,0,0,1,1,,,30,0,1,0,0,2,4,2,13
,2015_71831,0,0,2/27/2015 1:21,1:21,3,0,1,6TH AVE E & GRANT ST N,4,3,0,2,1,1,,,30,0,0,0,0,2,4,2,16
,2015_71832,0,0,8/3/2015 13:02,13:02,11,0,1,11TH AVE E & NEWPORT ST N,1,1,0,0,1,4,,,25,0,1,0,0,2,4,2,14
,2015_71833,0,0,7/17/2015 22:00,22:00,3,0,0,13TH AVE W & GALAPAGO ST N,1,3,0,0,1,1,,,35,0,0,0,0,0,4,2,5
,2015_71834,0,0,5/13/2015 12:05,12:05,10,0,0,13TH AVE E & GARFIELD ST N,1,1,0,0,1,1,,,30,0,0,0,0,0,4,2,8
,2015_71835,0,0,10/10/2015 21:12,21:12,6,0,0,11TH AVE 1000 BLK E & OGDEN ST N,1,3,0,7,1,4,,,30,0,0,0,0,0,4,4,16
,2015_71836,0,0,3/16/2015 10:39,10:39,6,0,0,13TH AVE E & YORK ST N,1,1,0,0,1,1,,,35,0,0,0,0,0,4,2,13
,2015_71837,0,0,2/4/2015 7:39,7:39,5,0,0,14TH AVE W & AVONDALE DR,5,1,1,2,3,1,,,25,0,0,0,0,0,4,1,1
,2015_71838,0,0,9/10/2015 17:10,17:10,15,0,0,17TH AVE & 5100 BLK W,1,1,1,0,1,4,,,35,0,0,0,0,0,4,2,13
,2015_71839,0,0,3/9/2015 2:54,2:54,5,0,1,18TH AVE E & FRANKLIN ST N,1,3,0,0,2,4,,,35,0,0,0,0,2,4,1,12
,2015_71840,0,0,2/26/2015 10:50,10:50,12,0,0,18TH AVE E & HIGH ST N,4,1,0,7,1,1,,,30,0,0,0,0,0,4,3,16
,2015_71841,0,0,5/16/2015 23:13,23:13,14,0,0,18TH AVE E & LOGAN ST N,1,3,0,0,1,1,,,30,0,0,0,0,1,4,2,5
,2015_71842,0,0,5/2/2015 8:15,8:15,3,0,0,19TH AVE E & WASHINGTON ST N,1,1,0,7,1,1,,,25,0,0,0,0,0,4,2,16
,2015_71843,0,0,3/27/2015 19:36,19:36,6,0,0,25TH AVE E & MONACO PARKWAY,1,1,0,7,1,3,,,30,0,0,0,0,1,4,2,16
,2015_71844,0,0,4/27/2015 8:30,8:30,14,0,0,26TH AVE W & GROVE ST N,2,1,0,1,1,3,,,25,0,0,0,0,0,4,2,13
,2015_71845,0,0,5/15/2015 12:35,12:35,2,0,1,29TH AVE & 4900 BLK W,1,1,0,0,1,2,,,25,1,0,0,0,2,4,2,13
,2015_71846,0,0,5/3/2015 19:04,19:04,12,0,0,31ST AVE E & YORK ST N,1,1,0,7,1,4,,,35,0,0,0,0,0,4,2,5
,2015_71847,0,0,1/18/2015 12:15,12:15,6,0,0,31ST AVE W & ZUNI ST N,1,1,0,7,1,4,,,30,0,0,0,0,0,4,2,16
,2015_71848,0,0,11/28/2015 17:56,17:56,5,0,0,31ST AVE W & GROVE ST N,5,3,0,0,2,4,,,30,0,0,0,0,0,4,1,14
,2015_71849,0,0,5/22/2015 15:16,15:16,3,0,0,35TH AVE E & QUEBEC ST N,1,1,0,7,1,1,,,35,0,0,0,0,1,4,2,1
,2015_71850,0,0,4/7/2015 13:45,13:45,3,0,0,38TH AVE & 1200 BLK W,1,1,1,0,1,2,,,35,0,0,0,0,1,4,2,13
,2015_71851,0,0,6/21/2015 17:21,17:21,6,0,0,LARIMER ST & 1400 BLK,1,1,0,0,1,4,,,25,0,0,0,0,0,4,2,13
,2015_71852,0,0,5/8/2015 11:45,11:45,12,0,0,38TH AVE & 2900 BLK W,1,1,1,0,1,4,,,35,0,0,0,0,0,4,2,3
,2015_71853,0,0,5/28/2015 18:23,18:23,3,0,0,38TH AVE W & PECOS ST N,1,2,0,0,1,1,,,35,0,0,0,0,0,4,2,7
,2015_71854,0,0,5/6/2015 2:23,2:23,5,0,0,40TH AVE E & CHAMBER RD N,2,3,0,0,3,1,,,40,0,0,0,0,0,4,1,5
,2015_71855,0,0,3/27/2015 17:20,17:20,3,0,0,40TH AVE 3900 BLK E & HARRISON ST N,1,1,0,7,1,1,,,30,0,0,0,0,0,4,2,16
,2015_71856,0,0,6/13/2015 23:48,23:48,5,0,0,43RD AVE E & ELIZABETH ST N,1,3,1,0,3,4,,,25,0,0,0,0,0,4,1,14
,2015_71857,0,0,12/21/2015 1:25,1:25,3,0,0,40TH AVE E & SALIDA ST N,1,3,0,0,1,1,,,35,0,0,0,0,0,4,2,13
,2015_71858,0,0,12/13/2015 22:32,22:32,6,0,0,40TH AVE W & KALAMATH ST N,1,4,0,7,2,4,,,25,0,0,0,0,0,4,2,5
,2015_71859,0,0,7/28/2015 5:38,5:38,3,0,0,47TH AVE E & N FLORENCE ST,1,1,0,7,1,3,,,30,0,0,0,0,0,4,2,16
,2015_71860,0,0,1/27/2015 7:25,7:25,12,0,0,47TH AVE E & PEORIA ST N,1,1,0,7,1,2,,,40,0,0,0,0,0,4,2,12
,2015_71861,0,0,4/17/2015 21:50,21:50,1,0,0,49TH AVE E & SAND CREEK RD N,1,3,0,7,1,1,,,45,0,0,0,0,0,4,2,16
,2015_71862,0,0,10/1/2015 20:45,20:45,6,0,0,S ACOMA ST & ILIFF AVE W,1,4,0,7,1,4,,,25,0,0,0,0,0,4,2,14
,2015_71863,0,0,6/3/2015 11:05,11:05,12,0,0,ALAMEDA AVE 000 BLK W & BANNOCK ST S,1,1,0,7,1,3,,,35,0,0,0,0,0,4,2,16
,2015_71864,0,0,1/28/2015 22:15,22:15,5,0,4,ANDREWS DR & 13005 BLK E,1,3,0,0,3,4,,,25,0,0,0,0,2,4,1,9
,2015_71865,0,0,8/28/2015 15:25,15:25,6,0,0,ALASKA PL & 3400 BLK W,1,1,0,0,1,4,,,25,0,0,0,0,0,4,2,14
,2015_71866,0,0,2/19/2015 8:45,8:45,15,0,0,BROADWAY ST 700 BLK N & 7TH AVE E,1,1,0,7,1,4,,,35,0,0,0,0,0,4,2,16
,2015_71868,0,0,11/14/2015 16:53,16:53,11,0,0,BROADWAY N & COLFAX AVE,1,1,0,0,1,4,,,,0,1,0,0,0,4,2,16
,2015_71869,0,0,5/21/2015 20:50,20:50,10,0,1,BROADWAY ST 1600 BLK N & 16TH AVE E,1,3,0,0,1,1,,,30,0,0,0,0,2,4,3,8
,2015_71870,0,0,4/24/2015 16:46,16:46,12,0,1,BROADWAY ST S & EVANS AVE E,1,1,0,7,1,3,,,30,0,0,0,0,2,4,2,1
,2015_71871,0,0,5/23/2015 2:46,2:46,6,0,0,BROADWAY ST 100 BLK S & MAPLE AVE E,1,3,0,7,1,3,,,35,0,0,0,0,0,4,2,14
,2015_71872,0,0,5/21/2015 17:56,17:56,1,0,0,BROADWAY 2400 BLK N & 24TH ST,1,1,0,7,1,1,,,30,0,0,0,0,0,4,2,16
,2015_71873,0,0,2/10/2015 17:27,17:27,12,0,0,BROADWAY ST 2300 BLK S & WESLEY AVE E,1,3,0,7,1,4,,,35,0,0,0,0,0,4,3,3
,2015_71874,0,0,1/25/2015 11:20,11:20,3,0,0,CENTRAL PARK BLVD N & 29TH AVE E,1,1,0,7,1,1,,,30,0,0,0,0,0,4,2,16
,2015_71875,0,0,9/12/2015 20:55,20:55,12,0,0,CHAMBERS RD N & GVR BLVD,1,3,0,0,1,1,,,40,0,0,0,0,0,4,2,1
,2015_71876,0,0,5/24/2015 20:50,20:50,6,0,0,CHEROKEE ST 2000 BLK S & ASBURY AVE W,1,3,0,7,1,4,,,25,0,0,0,0,0,4,2,16
,2015_71877,0,0,4/23/2015 17:27,17:27,12,0,0,CHERRY CREEK DR & 3700 BLK E,1,1,0,0,1,4,,,30,0,0,0,0,0,4,3,12
,2015_71878,0,0,3/3/2015 7:45,7:45,12,0,0,CORONA ST 600 BLK N & 6TH AVE E,4,1,1,7,1,4,,,25,0,0,0,0,0,4,2,3
,2015_71879,0,0,1/24/2015 0:29,0:29,12,0,0,COURT PL 2200 BLK & 22ND ST,1,3,0,7,1,4,,,25,0,0,0,0,0,4,2,16
,2015_71880,0,0,7/7/2015 23:01,23:01,6,0,0,LIPAN ST N & 42ND AVE W,1,3,1,7,1,4,,,30,0,0,0,0,0,4,2,16
,2015_71881,0,0,1/28/2015 9:40,9:40,12,0,0,DELAWARE ST 600 BLK N & 6TH AVE W,1,1,0,7,1,3,,,25,0,0,0,0,0,4,2,16
,2015_71882,0,0,4/30/2015 15:10,15:10,12,0,0,KIPLING ST S & STANFORD AVE W,1,1,0,7,1,3,,,45,0,0,0,0,0,4,2,4
,2015_71883,0,0,2/19/2015 16:45,16:45,12,0,1,DTC BLVD 4600 BLK S & TUFTS AVE E,1,1,0,7,1,4,,,40,0,0,0,0,2,4,3,3
,2015_71884,0,0,2/15/2015 22:03,22:03,3,0,0,ELIOT ST S & TENNESSEE AVE W,4,4,0,2,1,1,,,25,0,0,0,0,0,4,4,5
,2015_71885,0,0,5/31/2015 13:55,13:55,14,0,0,EMERSON ST 1500 BLK N & 16TH AVE E,1,1,0,7,1,4,,,25,0,0,0,0,0,4,2,16