id,drcog_id,latitude,longitude,crashtime,time,crashtype,numbkilled,numbinjurd,drcoglocat,rdconditin,lightngcon,roadcntgrd,weatherco,location,roaddescrp,schoolzone,constrzone,splimit,bikeinv,pedinv,sctrinv,motoinv,svrty,rdsystem,ttlvehcls,hcf
,2015_71886,0,0,4/25/2015 22:36,22:36,6,0,0,EMERSON ST 1500 BLK N & COLFAX AVE E,1,3,0,7,1,4,,,25,0,0,0,0,0,4,2,16
,2015_71887,0,0,8/8/2015 7:00,7:00,15,0,0,EVANS AVE W & HURON ST,1,1,0,0,1,1,,,25,0,0,0,0,0,4,2,13
,2015_71888,0,0,6/26/2015 4:50,4:50,6,0,0,FOX ST 700 BLK N & 8TH AVE W,1,3,0,7,1,4,,,25,0,0,0,0,0,4,3,2
,2015_71889,0,0,5/7/2015 16:32,16:32,12,0,0,FRANKLIN ST 1400 BLK N & COLFAX AVE E,1,1,0,7,1,4,,,30,0,0,0,0,1,4,2,16
,2015_71890,0,0,9/10/2015 18:08,18:08,3,0,0,IOWA AVE 000 BLK W & BROADWAY ST S,1,1,0,0,1,2,,,25,0,0,0,0,0,4,2,13
,2015_71891,0,0,6/29/2015 18:01,18:01,1,0,0,HOLLY ST S & EXPOSITION AVE E,1,1,0,7,1,1,,,30,0,0,0,0,0,4,2,16
,2015_71892,0,0,1/2/2015 12:31,12:31,3,0,1,N HOLLY ST & E STAPLETON DR,2,1,1,7,1,1,,,25,0,0,0,0,2,4,2,16
,2015_71893,0,0,4/10/2015 16:30,16:30,6,0,0,JACKSON ST S & ALAMEDA AVE E,1,3,0,7,1,4,,,25,0,0,0,0,0,4,2,16
,2015_71894,0,0,5/21/2015 23:25,23:25,12,0,0,KALAMATH ST N & 8TH AVE W,1,3,0,0,1,1,,,35,0,0,0,0,0,4,2,2
,2015_71895,0,0,11/16/2015 10:10,10:10,10,0,0,KALAMATH ST S & BAYAUD AVE W,1,1,0,0,1,1,,,30,0,0,0,0,0,4,2,1
,2015_71896,0,0,10/4/2015 13:10,13:10,3,0,1,KENTUCKY AVE W & KNOX CT S,1,1,0,0,1,1,,,25,0,0,0,0,2,4,2,1
,2015_71897,0,0,7/17/2015 13:30,13:30,6,0,0,LARIMER ST 1500 BLK & 16TH ST,1,1,0,7,1,4,,,30,0,0,0,0,0,4,2,16
,2015_71898,0,0,7/18/2015 17:28,17:28,12,0,0,LARIMER ST 2100 BLK & 21ST ST,1,1,0,7,1,4,,,25,0,0,0,0,0,4,2,7
,2015_71899,0,0,3/5/2015 11:50,11:50,11,0,0,LAWRENCE ST & BROADWAY ST N,2,1,0,0,1,1,,,30,0,1,0,0,1,4,2,13
,2015_71900,0,0,3/23/2015 7:09,7:09,2,0,0,LAWRENCE ST 1500 BLK & 16TH ST,1,1,0,0,1,2,,,30,1,0,0,0,0,4,2,13
,2015_71901,0,0,4/19/2015 12:03,12:03,12,0,0,LINCOLN ST 100 BLK N & 1ST AVE E,1,1,0,7,1,4,,,30,0,0,0,0,0,4,4,16
,2015_71902,0,0,4/9/2015 6:55,6:55,3,0,0,LIPAN ST S & ARIZONA AVE W,1,1,0,7,1,1,,,25,0,0,0,0,0,4,2,16
,2015_71903,0,0,4/25/2015 21:00,21:00,14,0,0,LOCUST ST & 3200 BLK N,1,3,0,0,1,4,,,25,0,0,0,0,0,4,2,5
,2015_71904,0,0,7/23/2015 19:18,19:18,3,0,0,LOWELL BLVD N & CONEJOS PL W,1,1,0,0,1,1,,,,0,0,0,0,0,4,2,13
,2015_71905,0,0,3/18/2015 15:02,15:02,3,0,0,MARION ST N & PARK AVE,1,1,0,7,1,1,,,25,0,0,0,0,0,4,2,16
,2015_71906,0,0,12/31/2015 9:20,9:20,3,0,0,MLK BLVD & QUEBEC ST N,1,1,0,0,1,1,,,35,0,0,0,0,0,4,2,13
,2015_71907,0,0,1/4/2015 9:58,9:58,12,0,0,MONACO PKWY 200 BLK S & ALAMEDA AVE E,5,1,1,7,1,3,,,30,0,0,0,0,0,4,3,16
,2015_71908,0,0,2/2/2015 11:53,11:53,12,0,0,MONACO ST 1900 BLK S & JEWELL AVE E,1,1,0,7,1,3,,,35,0,0,0,0,0,4,2,16
,2015_71909,0,0,4/13/2015 17:05,17:05,12,0,0,MONACO ST 400 BLK S & VIRGINIA AVE E,1,1,0,7,1,3,,,35,0,0,0,0,0,4,4,16
,2015_71910,0,0,7/2/2015 13:59,13:59,3,0,2,OSCEOLA ST N & 26TH AVE W,1,1,1,0,1,1,,,25,0,0,0,0,2,4,2,13
,2015_71912,0,0,2/25/2015 16:25,16:25,3,0,0,OSCEOLA ST N & ELLSWORTH AVE W,5,1,1,2,1,1,,,25,0,0,0,0,0,4,2,7
,2015_71913,0,0,3/19/2015 6:15,6:15,12,0,0,PARK AVE W & DELGANY ST,2,2,0,2,1,4,,,35,0,0,0,0,0,4,2,16
,2015_71914,0,0,6/4/2015 4:35,4:35,6,0,0,SHERMAN ST 1700 BLK & 17TH AVE E,1,2,0,7,1,4,,,25,0,0,0,0,0,4,2,16
,2015_71915,0,0,3/24/2015 8:18,8:18,10,0,0,PARK AVE W & LARIMER ST,1,1,0,0,1,1,,,30,0,0,0,0,0,4,2,13
,2015_71916,0,0,3/16/2015 12:05,12:05,15,0,0,PARK AVE W 1200 BLK & LAWRENCE ST,1,1,0,7,1,4,,,30,0,0,0,0,0,4,2,16
,2015_71917,0,0,4/14/2015 7:34,7:34,6,0,0,PEACH WAY 3800 BLK S & NIAGARA WAY S,1,1,0,7,1,4,,,20,0,0,0,0,0,4,2,3
,2015_71918,0,0,11/5/2015 5:46,5:46,5,0,0,PENA BLVD & 7500 BLK,2,2,0,2,2,4,,,65,0,0,0,0,0,4,1,8
,2015_71919,0,0,3/4/2015 21:45,21:45,15,0,0,PEORIA ST N & 47TH AVE E,1,3,0,0,1,1,,,35,0,0,0,0,0,4,2,13
,2015_71920,0,0,3/26/2015 16:45,16:45,4,0,0,PEORIA ST N & 47TH AVE E,1,1,0,7,1,1,,,40,0,0,0,0,0,4,1,16
,2015_71921,0,0,5/12/2015 10:10,10:10,15,0,0,PEORIA ST N & 47TH AVE E,1,1,0,0,1,1,,,35,0,0,0,0,0,4,2,13
,2015_71922,0,0,8/2/2015 16:10,16:10,2,0,0,PLATTE RIVER DR S & FLORIDA AVE W,1,1,0,0,1,1,,,30,1,0,0,0,0,4,2,13
,2015_71924,0,0,2/23/2015 20:09,20:09,6,0,0,RALEIGH ST S & HARVARD AVE W,4,3,0,7,3,4,,,25,0,0,0,0,0,4,3,5
,2015_71925,0,0,2/26/2015 16:01,16:01,6,0,0,RANDOLPH PL 12200 BLK E & QUARI ST N,11,1,0,2,1,3,,,25,0,0,0,0,0,4,2,14
,2015_71926,0,0,6/8/2015 8:14,8:14,5,0,0,ROSLYN ST N & 1102,1,1,0,0,3,3,,,30,0,0,0,0,0,4,1,1
,2015_71927,0,0,7/8/2015 12:10,12:10,11,0,0,18TH ST & CALIFORNIA ST,1,1,0,0,1,2,,,,0,1,0,0,0,4,2,13
,2015_71928,0,0,3/8/2015 3:04,3:04,3,0,0,18TH ST & MARKET ST,1,3,0,7,1,1,,,30,0,0,0,0,0,4,2,5
,2015_71929,0,0,6/30/2015 15:56,15:56,3,0,0,26TH ST & CALIFORNIA ST,1,1,0,7,1,1,,,25,0,0,0,0,0,4,2,16
,2015_71930,0,0,7/1/2015 8:30,8:30,6,0,0,35TH ST 1400 BLK & WALNUT ST,1,1,0,7,1,4,,,30,0,0,0,0,0,4,2,14
,2015_71931,0,0,5/23/2015 19:40,19:40,15,0,0,SANTA FE DR & 1100 BLK N,2,1,0,1,1,4,,,30,0,0,0,1,1,4,2,13
,2015_71932,0,0,3/2/2015 10:25,10:25,12,0,0,SANTA FE DR 300 BLK S & ALAMEDA AVE W,1,1,0,7,1,4,,,30,0,0,0,0,0,4,2,4
,2015_71933,0,0,2/24/2015 16:47,16:47,12,0,0,SPEER BLVD & 900 BLK N,1,1,1,0,1,4,,,30,0,0,0,0,0,4,2,13
,2015_71934,0,0,2/23/2015 11:49,11:49,5,0,0,SPEER BLVD & 1200 BLK N,5,1,1,0,3,4,,,30,0,0,0,0,1,4,1,13
,2015_71935,0,0,1/8/2015 10:25,10:25,15,0,0,SPEER BLVD & 2800 N,1,1,0,0,1,4,,,35,0,0,0,0,0,4,2,13
,2015_71936,0,0,8/11/2015 14:00,14:00,10,0,0,13TH AVE W & SPEER BLVD SB,1,1,1,0,1,1,,,30,0,0,0,0,0,4,2,13
,2015_71937,0,0,3/5/2015 8:28,8:28,1,0,0,SPEER BLVD N & CHOPPER CIR,1,1,0,0,1,1,,,30,0,0,0,0,1,4,3,14
,2015_71938,0,0,3/20/2015 17:15,17:15,15,0,0,SPEER BLVD 1600 BLK N & LARIMER ST,1,1,0,7,1,4,,,35,0,0,0,0,0,4,2,16
,2015_71940,0,0,4/4/2015 13:34,13:34,3,0,1,SPEER BLVD E & WASHINGTON ST N,1,1,0,0,1,1,,,30,0,0,0,0,2,4,3,5
,2015_71941,0,0,1/7/2015 6:35,6:35,11,0,0,SPEER BLVD N & WEWATTA ST,5,3,0,0,1,1,,,30,0,1,0,0,1,4,2,7
,2015_71942,0,0,6/1/2015 11:45,11:45,1,0,0,TAMARAC ST S & QUINCY AVE E,1,1,0,0,1,1,,,35,0,0,0,0,1,4,2,13
,2015_71943,0,0,10/22/2015 7:23,7:23,12,0,0,TEJON ST & 400 BLK S,1,1,0,1,1,4,,,25,0,0,0,0,0,4,2,13
,2015_71944,0,0,6/3/2015 11:55,11:55,15,0,0,TENNYSON ST 2100 BLK S & EVANS AVE W,1,1,0,0,1,4,,,25,0,0,0,0,0,4,2,1
,2015_71945,0,0,3/21/2015 23:15,23:15,10,0,0,TOWER RD N & PENA BLVD,1,4,0,0,1,4,,,45,0,0,0,0,0,4,2,5
,2015_71946,0,0,2/27/2015 13:20,13:20,12,0,0,ULSTER ST S & TECHNOLOGY WAY E,2,1,1,7,1,3,,,30,0,0,0,0,0,4,2,1
,2015_71947,0,0,4/12/2015 11:37,11:37,3,0,1,VIRGINIA AVE E & DOWNING ST S,1,1,0,0,1,5,,,15,0,0,0,1,3,4,2,13
,2015_71948,0,0,3/10/2015 7:07,7:07,12,0,0,WASHINGTON ST 4500 BLK N & 45TH AVE E,1,1,0,7,1,3,,,35,0,0,0,0,0,4,2,14
,2015_71949,0,0,3/7/2015 16:55,16:55,6,0,0,WATER ST 700 BLK & I-25 NB,6,1,0,7,1,4,,,30,0,0,0,0,0,4,2,16
,2015_71950,0,0,4/13/2015 21:55,21:55,8,0,0,WOLFF ST N & 5TH AVE W,1,3,0,0,1,1,,,25,0,0,0,0,0,4,2,13
,2015_71951,0,0,6/8/2015 11:15,11:15,10,0,0,YORK ST 1000 BLK & 11TH AVE E,1,1,0,0,1,2,,,30,0,0,0,0,1,4,2,13
,2015_71952,0,0,1/6/2015 8:04,8:04,15,0,0,YOSEMITE ST 3200 S & EASTMAN AVE E,5,1,0,0,1,4,,,35,0,0,0,0,0,4,2,13
,2015_72061,0,0,4/24/2015 19:34,19:34,5,0,0,ZUNI ST S & JEWELL AVE W,1,1,0,0,2,1,,,30,0,0,0,0,0,4,1,13
,2015_72069,39.687563,-104.940549,6/3/2015 13:47,13:47,1,0,0,COLORADO BLVD S & IOWA AVE E,1,1,1,0,1,1,,,35,0,0,0,0,1,2,2,7
,2015_72072,39.701997,-104.940621,5/25/2015 21:07,21:07,12,0,0,COLORADO BLVD 700 BLK S & OHIO AVE E,2,3,0,1,1,3,,,35,0,0,0,0,1,2,2,13
,2015_72073,39.729182,-104.940625,7/12/2015 22:00,22:00,1,0,1,COLORADO BLVD N & 8TH AVE E,1,3,0,0,1,1,,,35,0,0,0,1,2,2,2,4
,2015_72074,39.735009,-104.940618,5/13/2015 15:10,15:10,15,0,0,COLORADO BLVD 1100 BLK N & 12TH AVE E,1,1,0,0,1,1,,,35,0,0,0,0,0,2,2,1
,2015_72075,39.772893,-104.940506,12/4/2015 21:55,21:55,1,0,0,40TH AVE E & COLORADO BLVD N,1,3,0,0,1,1,,,40,0,0,0,0,0,2,2,5
,2015_72088,39.725398,-105.014898,5/18/2015 15:43,15:43,12,0,0,6TH AVE W & I-25,1,1,0,0,1,4,,,45,0,0,0,0,0,2,2,5
,2015_72089,39.78119,-104.949716,1/29/2015 12:00,12:00,3,0,0,STEELE ST & I-70,1,1,0,0,1,1,,,25,0,0,0,0,0,2,2,7
,2015_72095,39.775623,-104.865778,6/19/2015 7:28,7:28,5,0,0,I-70 & HAVANA ST N,1,1,0,0,3,4,,,55,0,0,0,0,0,1,1,13
,2015_72115,39.628413,-104.904125,6/9/2015 15:56,15:56,12,0,0,I-25 & UNION AVE E,1,1,0,0,1,4,,,65,0,0,0,0,1,1,2,3
,2015_72116,39.631211,-104.905537,2/19/2015 15:38,15:38,12,0,0,I-25 & I-225,1,1,0,0,1,4,,,65,0,0,0,0,0,1,2,7
,2015_72118,39.653075,-104.918243,7/29/2015 15:36,15:36,15,0,0,I-25 & HAMPDEN AVE E,1,1,0,0,1,4,,,65,0,0,0,0,1,1,2,13
,2015_72119,39.683106,-104.940515,4/30/2015 16:19,16:19,15,0,0,I-25 & COLORADO BLVD S,1,1,0,0,1,4,,,60,0,0,0,0,0,1,2,1
,2015_72120,39.684123,-104.944365,5/15/2015 14:58,14:58,12,0,0,I-25 NB ON RAMP AT METER & COLORADO BLVD S,2,1,1,1,1,8,,,60,0,0,0,0,1,1,2,8
,2015_72121,39.684903,-104.951231,6/9/2015 9:15,9:15,12,0,0,I-25 & STEELE ST S,1,1,0,0,1,4,,,55,0,0,0,0,0,1,2,13
,2015_72122,39.690017,-104.973363,6/30/2015 8:45,8:45,15,0,0,I-25 & DOWNING ST S,1,1,0,0,1,4,,,60,0,0,0,0,0,1,2,7
,2015_72123,39.707122,-104.996782,4/29/2015 14:31,14:31,15,0,0,I-25 & SANTA FE DR S,1,1,0,0,1,4,,,55,0,0,0,0,0,1,2,3
,2015_72124,39.71124,-104.998918,2/24/2015 18:50,18:50,15,0,0,I-25 & ALAMEDA AVE W,1,2,0,0,1,4,,,55,0,0,0,0,0,1,2,13
,2015_72125,39.71124,-104.998918,3/21/2015 12:55,12:55,15,0,0,I-25 & ALAMEDA AVE W,1,1,0,0,1,4,,,55,0,0,0,0,0,1,2,13
,2015_72126,39.71124,-104.998918,6/4/2015 11:44,11:44,15,0,0,I-25 & ALAMEDA AVE W,1,1,1,0,1,4,,,55,0,0,0,0,0,1,2,13
,2015_72127,39.725338,-105.012957,1/30/2015 11:09,11:09,12,0,0,6TH AVE W & I-25 ON RAMP,1,1,0,0,1,8,,,55,0,0,0,0,0,1,2,13
,2015_72128,39.72543,-105.013021,2/11/2015 17:12,17:12,12,0,0,I-25 & 6TH AVE W,1,1,0,0,1,4,,,55,0,0,0,0,0,1,2,13
,2015_72129,39.72543,-105.013021,2/13/2015 19:49,19:49,12,0,0,I-25 & 6TH AVE W,1,3,0,0,1,4,,,60,0,0,0,0,0,1,2,13
,2015_72130,39.72543,-105.013021,3/30/2015 15:32,15:32,12,0,0,I-25 & 6TH AVE W,1,1,0,0,1,4,,,55,0,0,0,0,0,1,2,13
,2015_72131,39.72543,-105.013021,6/22/2015 15:20,15:20,12,0,0,I-25 & 6TH AVE W,1,1,0,0,1,4,,,55,0,0,0,0,0,1,2,13
,2015_72132,39.72964,-105.014931,7/21/2015 10:22,10:22,15,0,0,I-25 & MM 209,1,1,0,0,1,4,,,55,0,0,0,0,0,1,2,13
,2015_72133,39.74035,-105.013939,1/14/2015 17:30,17:30,15,0,0,COLFAX AVE W & I-25 SB ON RAMP,1,1,0,0,1,8,,,45,0,0,0,0,0,1,2,14
,2015_72134,39.755141,-105.012706,8/1/2015 16:05,16:05,15,0,0,I25 NB & SPEER BLVD N,1,1,0,7,1,4,,,55,0,0,0,0,0,1,2,16
,2015_72135,39.755698,-105.011927,4/12/2015 13:00,13:00,12,0,0,I-25 & SPEER BLVD N,1,1,1,0,1,4,,,55,0,0,0,0,1,1,2,13
,2015_72136,39.755979,-105.011541,3/13/2015 22:01,22:01,12,0,0,I-25 NB ON RAMP & SPEER BLVD N,1,3,0,0,1,8,,,30,0,0,0,0,0,1,2,13
,2015_72137,39.762028,-105.003011,4/25/2015 16:28,16:28,12,0,0,I-25 & 20TH ST,1,1,0,0,1,4,,,55,0,0,0,0,1,1,3,13
,2015_72138,39.768144,-104.994545,7/12/2015 0:35,0:35,5,0,0,I-25 NB ON SLIP RAMP & PARK AVE WEST,1,3,0,0,2,8,,,35,0,0,0,0,0,1,1,5
,2015_72155,39.740002,-104.991611,1/17/2015 18:50,18:50,10,0,0,COLFAX AVE 200 BLK W & COURT PL,1,3,0,0,1,1,,,30,0,0,0,0,0,2,2,1
,2015_72158,39.711126,-105.015723,10/22/2015 10:50,10:50,3,0,0,ALAMEDA AVE W & ZUNI ST S,2,1,0,1,1,1,,,35,0,0,0,0,0,2,3,13
,2015_72159,39.711181,-105.008597,4/17/2015 14:20,14:20,3,0,0,RARITAN ST S & ALAMEDA AVE W,1,1,0,0,1,1,,,30,0,0,0,0,0,2,2,1
,2015_72160,39.711208,-104.998391,8/13/2015 18:12,18:12,1,0,0,ALAMEDA AVE W & KALAMATH ST S,1,1,1,0,1,1,,,35,0,0,0,0,0,2,2,8
,2015_72161,39.653077,-104.90904,4/15/2015 7:47,7:47,12,0,0,HAMPDEN AVE 6800 BLK E & ONEIDA WAY S,1,1,0,0,1,4,,,40,0,0,0,0,1,2,5,1
,2015_72162,39.653077,-104.90904,6/1/2015 7:30,7:30,12,0,0,HAMPDEN AVE 6900 BLK E & ONEIDA ST S,1,1,0,0,1,3,,,40,0,0,0,0,0,2,2,13
,2015_72163,39.653079,-104.898926,3/25/2015 17:28,17:28,12,0,0,HAMPDEN AVE & 7700 BLK E,1,1,1,0,1,4,,,35,0,0,0,0,1,2,2,3
,2015_72164,39.653054,-104.884764,2/7/2015 13:30,13:30,12,0,0,YOSEMITE ST S & HAMPDEN AVE E,1,1,0,0,1,1,,,35,0,0,0,0,0,2,2,7
,2015_72175,39.776911,-104.903416,7/24/2015 17:12,17:12,12,0,0,QUEBEC ST N & I-70,1,1,0,0,1,4,,,35,0,0,0,0,0,2,2,13
,2015_72176,39.777393,-104.903402,3/8/2015 14:30,14:30,12,0,0,QUEBEC ST N & I-70 EB RAMPS,1,1,1,0,1,1,,,40,0,0,0,0,0,2,2,12
,2015_72177,39.782472,-104.901212,5/7/2015 10:35,10:35,12,0,0,NORTHFIELD BLVD & I-270,1,1,1,0,1,4,,,40,0,0,0,0,0,2,2,7
,2015_72198,39.740018,-104.99668,3/27/2015 8:50,8:50,15,0,0,COLFAX AVE W & WELTON ST,1,1,0,0,1,1,,,30,0,0,0,0,0,2,2,13
,2015_72199,39.740007,-104.993436,2/2/2015 19:09,19:09,12,0,0,COLFAX AVE W & TREMONT PL,1,3,0,0,1,4,,,35,0,0,0,0,0,2,3,13
,2015_72200,39.740048,-104.986169,6/22/2015 10:15,10:15,12,0,0,COLFAX AVE 000 BLK E & LINCOLN ST N,1,1,0,0,1,1,,,30,0,0,0,0,0,2,2,13
,2015_72201,39.740005,-104.979481,7/27/2015 13:35,13:35,3,0,0,COLFAX AVE 600 BLK E & WASHINGTON ST N,1,1,0,0,1,5,,,30,0,0,0,0,0,2,2,13
,2015_72202,39.740011,-104.968907,5/28/2015 15:20,15:20,6,0,0,COLFAX AVE 1500 BLK E & FRANKLIN ST N,1,1,0,1,1,4,,,30,0,0,0,0,0,2,2,13
,2015_72203,39.739998,-104.978671,10/21/2015 19:29,19:29,11,0,0,COLFAX AVE E & WASHINGTON ST N,2,3,0,0,1,1,,,,0,1,0,0,0,2,2,13
,2015_72204,39.740154,-104.951817,6/16/2015 18:23,18:23,12,0,0,COLFAX AVE 3000 BLK E & MILWAUKEE (RD S),1,1,0,0,1,4,,,30,0,0,0,0,0,2,2,13
,2015_72205,39.740062,-104.928695,7/27/2015 17:13,17:13,3,0,0,COLFAX AVE E & FAIRFAX ST N,1,1,0,0,1,1,,,30,0,0,0,0,1,2,2,13
,2015_72206,39.740065,-104.925689,5/1/2015 18:54,18:54,12,0,0,COLFAX AVE 5200 BLK E & GLENCOE ST N,1,1,0,0,1,3,,,30,0,0,0,0,0,2,2,1
,2015_72207,39.740071,-104.920615,1/27/2015 17:49,17:49,12,0,0,COLFAX AVE E & IVY ST N,1,3,0,0,1,1,,,35,0,0,0,0,0,2,3,14
,2015_72208,39.740079,-104.903501,3/20/2015 17:46,17:46,1,0,0,COLFAX AVE 7300 BLK E & QUEBEC ST N,1,1,0,0,1,1,,,35,0,0,0,0,0,2,2,7
,2015_72209,39.740084,-104.892883,5/28/2015 22:13,22:13,11,0,0,COLFAX AVE E & UINTA ST N,1,3,0,0,1,1,,,30,0,1,0,0,0,2,2,13
,2015_72241,39.779895,-104.967089,8/19/2015 19:23,19:23,15,0,0,I-70 & BRIGHTON BLVD N,1,1,0,0,1,4,,,55,0,0,0,0,0,1,2,14
,2015_72242,39.779445,-104.979196,4/16/2015 14:09,14:09,12,0,0,I-70 EB ON COLLECTOR RAMP & WASHINGTON ST N,2,1,0,1,1,8,,,55,0,0,0,0,0,1,2,13
,2015_72243,39.774005,-104.847034,8/8/2015 18:05,18:05,5,0,0,PEORIA ST & I-70,2,1,0,0,3,4,,,35,0,0,0,0,0,1,1,7
,2015_72244,39.77984,-104.96821,2/26/2015 23:47,23:47,5,0,0,I-70 & BRIGHTON BLVD N,4,3,0,2,2,4,,,55,0,0,0,0,0,1,1,13
,2015_72245,39.779895,-104.967089,1/3/2015 15:43,15:43,15,0,0,I-70 & BRIGHTON BLVD N,5,1,0,2,1,4,,,55,0,0,0,0,0,1,2,7
,2015_72246,39.780015,-104.963318,1/13/2015 16:02,16:02,15,0,0,I-70 EB ON RAMP GORE PT FROM & BRIGHTON BLVD N,2,1,0,0,1,8,,,55,0,0,0,0,1,1,2,14
,2015_72247,39.779997,-104.949807,6/26/2015 9:10,9:10,12,0,0,I-70 & STEELE ST N,1,1,0,0,1,4,,,55,0,0,0,0,0,1,3,3
,2015_72248,39.779997,-104.949807,7/1/2015 10:48,10:48,12,0,1,I-70 & STEELE ST,1,1,0,0,1,4,,,55,0,0,0,1,3,1,2,3
,2015_72249,39.779895,-104.967089,10/31/2015 0:20,0:20,12,0,1,I-70 & BRIGHTON BLVD N,1,3,0,0,1,4,,,55,0,0,0,0,2,1,2,16
,2015_72250,39.7783,-104.903459,5/2/2015 7:00,7:00,5,0,0,I-70 & NORTHFIELD ST/QUEBEC ST N,1,1,0,0,1,4,,,55,0,0,0,0,0,1,2,13
,2015_72251,39.7783,-104.902316,1/13/2015 12:34,12:34,12,0,0,I-70 EB ON RAMP SPLIT FROM & QUEBEC ST,1,1,1,0,1,8,,,40,0,0,0,0,0,1,2,3
,2015_72252,39.778271,-104.89681,6/9/2015 7:30,7:30,12,0,0,I-70 & I-270 OVERPASS,1,1,0,0,1,4,,,55,0,0,0,0,0,1,2,13
,2015_72253,39.777095,-104.882471,3/24/2015 16:57,16:57,1,0,0,CENTRAL PARK BLVD N & I-70 WB RAMPS,1,1,0,0,1,1,,,35,0,0,0,0,0,1,2,12
,2015_72254,39.777079,-104.882299,1/20/2015 9:11,9:11,12,0,0,I-70 & CENTRAL PARK BLVD N,1,1,0,0,1,4,,,55,0,0,0,0,0,1,3,13
,2015_72255,39.775193,-104.860795,6/11/2015 7:00,7:00,15,0,0,I-70 & HAVANA ST N,1,1,0,0,1,4,,,55,0,0,0,0,0,1,2,14
,2015_72256,39.775417,-104.863393,1/28/2015 14:37,14:37,12,0,0,I-70 & HAVANA ST N,1,1,1,0,1,4,,,55,0,0,0,0,0,1,2,13
,2015_72257,39.774397,-104.851573,4/14/2015 18:35,18:35,5,0,0,I-70 & PEORIA ST N,1,2,0,0,3,4,,,55,0,0,0,0,0,1,1,1
,2015_72290,39.672645,-104.868137,5/20/2015 21:30,21:30,3,0,0,PARKER RD S & HARVARD AVE E,1,4,1,0,1,1,,,35,0,0,0,0,0,2,2,13
,2015_72300,39.678438,-104.993322,7/29/2015 13:50,13:50,3,0,0,EVANS AVE W & SANTA FE DR SB OFF RAMP,1,1,0,0,1,1,,,30,0,0,0,0,0,2,3,13
,2015_72301,39.698061,-104.991753,4/30/2015 20:28,20:28,15,0,0,SANTA FE DR & 1000 BLK S,1,3,0,0,1,4,,,35,0,0,0,0,0,2,2,13
,2015_72302,39.705815,-104.996668,1/28/2015 15:30,15:30,12,0,0,PLATTE RIVER DR S & TENNESSEE AVE W,1,1,0,0,1,4,,,45,0,0,0,0,0,2,3,3
,2015_72313,39.722848,-105.025191,5/19/2015 2:42,2:42,5,0,0,FEDERAL BLVD N & SHORT PL W,2,3,0,1,3,1,,,35,0,0,0,0,1,2,1,7
,2015_72314,39.703863,-105.025084,3/5/2015 20:05,20:05,1,0,0,FEDERAL BLVD S & EXPOSITION AVE E,1,3,0,0,1,1,,,40,0,0,0,0,0,2,2,7
,2015_72315,39.696764,-105.025061,5/18/2015 18:40,18:40,6,0,0,FEDERAL BLVD S & MISSISSIPPI AVE W,1,1,0,0,1,3,,,35,0,0,0,0,0,2,2,13
,2015_72316,39.696764,-105.025061,7/5/2015 22:08,22:08,12,0,0,FEDERAL BLVD S & MISSISSIPPI AVE W,1,3,0,0,1,3,,,35,0,0,0,0,0,2,2,1
,2015_72317,39.678616,-105.025049,1/9/2015 14:43,14:43,3,0,0,EVANS AVE W & FEDERAL BLVD S,2,1,0,0,1,1,,,35,0,0,0,0,0,2,2,13
,2015_72328,39.653676,-105.053093,4/21/2015 8:27,8:27,12,0,0,SHERIDAN BLVD S & HAMPDEN AVE W,1,1,0,0,1,1,,,30,0,0,0,0,0,2,2,14
,2015_72330,39.675721,-105.053261,2/7/2015 18:42,18:42,1,0,1,SHERIDAN BLVD S & WARREN AVE W,1,2,0,0,1,1,,,40,0,0,0,0,2,2,2,13
,2015_72331,39.681934,-105.053246,2/1/2015 1:00,1:00,5,0,0,SHERIDAN BLVD 1900 BLK S & JEWELL AVE W,4,3,1,2,3,4,,,35,0,0,0,0,0,2,1,13
,2015_72334,39.726183,-105.053139,2/23/2015 11:42,11:42,12,0,0,SHERIDAN BLVD N & 6TH AVE W,6,1,0,0,1,1,,,35,0,0,0,0,0,2,2,13
,2015_72335,39.733137,-105.053226,3/29/2015 22:15,22:15,1,0,0,10TH AVE W & SHERIDAN BLVD,1,3,0,0,1,1,,,35,0,0,0,0,1,2,2,13
,2015_72337,39.740291,-105.05321,3/20/2015 13:17,13:17,12,0,0,SHERIDAN BLVD 1400 BLK N & COLFAX AVE W,1,1,0,0,1,3,,,35,0,0,0,0,0,2,3,14
,2015_72356,39.61833,-105.091109,1/22/2015 9:30,9:30,3,0,0,WADSWORTH BLVD S & CRESTLINE AVE W,5,1,0,0,1,1,,,45,0,0,0,0,0,2,3,13
,2015_72393,39.63322,-104.903992,7/22/2015 16:51,16:51,12,0,0,I-225 & MM 1,1,1,1,0,1,4,,,55,0,0,0,0,1,1,2,13
,2015_72394,39.635523,-104.89346,4/16/2015 16:31,16:31,12,0,0,DTC BLVD S & I-225,2,1,1,2,1,4,,,30,0,0,0,0,0,1,2,3
,2015_72395,39.635523,-104.89346,5/6/2015 7:56,7:56,15,0,0,I-225 NB RAMPS & TAMARAC ST S,1,1,0,0,1,1,,,35,0,0,0,0,0,1,2,13