id,drcog_id,latitude,longitude,crashtime,time,crashtype,numbkilled,numbinjurd,drcoglocat,rdconditin,lightngcon,roadcntgrd,weatherco,location,roaddescrp,schoolzone,constrzone,splimit,bikeinv,pedinv,sctrinv,motoinv,svrty,rdsystem,ttlvehcls,hcf
,2015_72396,39.639275,-104.885096,4/9/2015 10:05,10:05,15,0,0,YOSEMITE ST S & I-225 SB RAMPS,1,1,0,0,1,3,,,35,0,0,0,0,0,1,2,13
,2015_72407,39.780804,-104.966749,1/16/2015 15:55,15:55,15,0,0,BRIGHTON BLVD & I-70 WB ON RAMP,1,1,0,0,1,1,,,30,0,0,0,0,0,2,2,13
,2015_72409,39.780804,-104.966749,4/19/2015 14:00,14:00,15,0,0,46TH AVE E & BRIGHTON BLVD,1,1,0,0,1,1,,,35,0,0,0,0,0,2,2,7
,2015_72414,39.653741,-105.044494,8/11/2015 7:15,7:15,12,0,0,HWY 285 & SHERIDAN BLVD S,1,1,0,0,1,4,,,55,0,0,0,0,0,2,2,13
,2015_72420,39.652993,-104.926476,7/29/2015 9:05,9:05,12,0,1,HAMPDEN AVE 5200 BLK E & GLENCOE ST S,1,1,0,0,1,4,,,45,0,0,0,0,2,2,4,13
,2015_72421,39.652993,-104.921698,6/3/2015 7:35,7:35,3,0,0,IVANHOE ST S & HAMPDEN AVE E,1,1,0,0,1,1,,,45,0,0,0,0,0,2,2,13
,2015_72422,39.652991,-104.921319,3/25/2015 8:14,8:14,12,0,0,HAMPDEN AVE 5700 BLK E & IVANHOE ST S,2,1,0,2,1,4,,,40,0,0,0,0,1,2,2,1
,2015_72423,39.652978,-104.919053,5/26/2015 19:10,19:10,12,0,0,HAMPDEN AVE E & I-25 SB RAMPS,2,1,0,0,1,1,,,40,0,0,0,0,0,2,2,1
,2015_72424,39.772939,-105.025237,7/24/2015 12:55,12:55,12,0,0,41ST AVE & FEDERAL BLVD N,1,1,0,0,1,4,,,30,0,0,0,0,0,2,2,6
,2015_72425,39.791115,-105.025181,3/13/2015 15:37,15:37,5,0,0,FEDERAL BLVD N & 52ND AVE W,1,1,0,0,1,1,,,35,0,0,0,0,0,2,1,13
,2015_72453,39.842765,-104.74676,6/19/2015 14:00,14:00,15,0,0,E-470 & MM 28.42,1,1,0,0,1,4,,,75,0,0,0,0,0,2,2,13
,2015_72477,0,0,6/24/2015 15:31,15:31,5,0,1,BROADWAY ST & 1200 BLK N,1,1,0,0,2,4,,,30,0,0,0,0,2,4,1,13
,2015_72568,0,0,2/25/2015 19:55,19:55,12,0,0,1ST AVE 100 BLK W & BANNOCK ST N,6,3,0,2,1,3,,,25,0,0,0,0,0,4,2,14
,2015_72600,0,0,5/8/2015 21:40,21:40,2,0,0,1ST AVE E & BROADWAY ST N,2,3,0,1,1,1,,,30,1,0,0,0,0,4,2,13
,2015_72601,0,0,4/2/2015 7:50,7:50,3,0,0,1ST AVE 2900 BLK E & MILWAUKEE ST N,1,1,0,0,1,3,,,30,0,0,0,0,0,4,2,13
,2015_72602,0,0,5/15/2015 18:16,18:16,3,0,0,3RD AVE E & LOGAN ST N,1,1,0,7,1,1,,,25,0,0,0,0,0,4,2,16
,2015_72603,0,0,2/12/2015 19:22,19:22,3,0,0,3RD AVE E & SHERMAN ST N,1,4,0,7,1,1,,,25,0,0,0,0,0,4,2,16
,2015_72604,0,0,2/18/2015 14:41,14:41,3,0,0,3RD AVE E & STEELE ST N,1,1,0,7,1,1,,,25,0,0,0,0,0,4,2,3
,2015_72605,0,0,1/6/2015 15:32,15:32,15,0,0,6TH AVE 4400 BLK E & CLERMONT ST N,2,1,0,7,1,4,,,30,0,0,0,0,0,4,3,16
,2015_72606,0,0,7/30/2015 12:55,12:55,5,0,0,8TH AVE E & DOWNING ST N,1,1,0,7,3,4,,,30,0,0,0,0,1,4,1,5
,2015_72607,0,0,1/13/2015 12:15,12:15,12,0,0,8TH AVE E & MONACO ST N,1,1,0,7,1,1,,,30,0,0,0,0,0,4,2,1
,2015_72608,0,0,1/21/2015 18:56,18:56,3,0,1,8TH AVE 3000 BLK E & ST PAUL ST N,5,3,0,2,1,1,,,30,0,0,0,0,2,4,2,16
,2015_72609,0,0,3/20/2015 15:54,15:54,10,0,0,8TH AVE W & SPEER BLVD N,1,1,0,0,1,1,,,35,0,0,0,0,0,4,2,14
,2015_72610,0,0,7/3/2015 13:35,13:35,1,0,0,10TH AVE & 5100 BLK W,1,1,1,0,1,2,,,30,0,0,0,0,1,4,2,13
,2015_72611,0,0,1/3/2015 10:58,10:58,3,0,0,10TH AVE E & OGDEN ST N,5,1,1,7,1,1,,,25,0,0,0,0,0,4,2,16
,2015_72612,0,0,6/26/2015 8:49,8:49,2,0,1,11TH AVE E & LINCOLN ST N,1,1,0,0,1,1,,,30,1,0,0,0,3,4,2,1
,2015_72613,0,0,7/16/2015 7:15,7:15,12,0,0,13TH AVE E & CLARKSON N,1,1,0,7,1,1,,,30,0,0,0,0,0,4,2,16
,2015_72614,0,0,2/17/2015 13:01,13:01,3,0,0,14TH AVE 400 BLK W & DELAWARE ST N,6,1,0,0,1,5,,,10,0,0,0,0,1,4,2,13
,2015_72615,0,0,2/3/2015 7:33,7:33,12,0,0,14TH AVE 1000 BLK W & KALAMATH ST N,1,1,0,7,1,3,,,30,0,0,0,0,0,4,2,14
,2015_72616,0,0,2/12/2015 18:23,18:23,10,0,0,14TH AVE E & LINCOLN ST N,1,3,1,0,1,1,,,30,0,0,0,0,0,4,2,13
,2015_72617,0,0,2/22/2015 16:00,16:00,3,0,2,14TH AVE E & LINCOLN ST N,4,1,0,2,1,1,,,30,0,0,0,0,3,4,3,16
,2015_72618,0,0,4/23/2015 17:34,17:34,3,0,1,17TH AVE 6700 BLK N & NIAGARA ST N,1,1,0,7,1,1,,,30,0,0,0,0,2,4,2,16
,2015_72619,0,0,1/8/2015 15:48,15:48,13,0,0,45TH AVE E & PEORIA ST N,1,1,0,0,1,1,,,30,0,0,0,0,1,4,2,14
,2015_72620,0,0,1/28/2015 8:50,8:50,12,0,1,17TH AVE E & ONEIDA ST N,1,1,0,7,1,1,,,30,0,0,0,0,2,4,2,7
,2015_72621,0,0,7/29/2015 19:15,19:15,10,0,0,17TH AVE E & WASHINGTON ST N,1,1,0,7,1,1,,,25,0,0,0,0,0,4,2,14
,2015_72622,0,0,4/17/2015 10:01,10:01,15,0,0,18TH AVE E & BROADWAY ST N,2,1,0,2,1,1,,,30,0,0,0,0,0,4,2,13
,2015_72623,0,0,2/12/2015 15:00,15:00,5,0,0,20TH AVE & 1011 BLK E,1,1,0,0,3,3,,,25,0,0,0,0,0,4,1,13
,2015_72624,0,0,7/9/2015 15:25,15:25,12,0,0,23RD AVE 3900 BLK E & COLORADO BLVD N,1,1,0,7,1,3,,,30,0,0,0,0,0,4,2,16
,2015_72625,0,0,5/26/2015 17:50,17:50,12,0,0,23RD AVE E & ROSLYN ST N,1,1,0,7,1,4,,,25,0,0,0,0,0,4,2,16
,2015_72626,0,0,7/15/2015 20:04,20:04,3,0,0,30TH AVE W & LYLE CT,1,1,0,7,1,1,,,25,0,0,0,0,0,4,2,16
,2015_72627,0,0,2/5/2015 16:13,16:13,12,0,0,32ND AVE & 3000 BLK W,1,1,1,0,1,4,,,30,0,0,0,0,0,4,2,5
,2015_72628,0,0,12/2/2015 18:35,18:35,3,0,1,29TH AVE W & TENNYSON ST N,1,3,0,0,1,1,,,30,0,0,0,0,2,4,2,13
,2015_72629,0,0,8/15/2015 12:40,12:40,15,0,0,38TH AVE W & BRYANT ST N,1,1,0,0,1,1,,,35,0,0,0,0,0,4,2,13
,2015_72630,0,0,1/7/2015 16:03,16:03,3,0,0,38TH AVE W & NEWTON ST N,1,1,0,7,1,1,,,35,0,0,0,0,0,4,3,9
,2015_72631,0,0,2/3/2015 16:40,16:40,11,0,1,38TH AVE W & PECOS ST N,1,1,0,0,1,1,,,35,0,1,0,0,2,4,2,13
,2015_72632,0,0,2/25/2015 18:50,18:50,6,0,0,40TH AVE & 3100 BLK W,4,3,1,2,1,4,,,25,0,0,0,0,0,4,2,13
,2015_72633,0,0,3/29/2015 8:01,8:01,3,0,0,40TH AVE E & AIRPORT BLVD N,1,1,0,7,1,1,,,40,0,0,0,0,0,4,2,1
,2015_72634,0,0,8/3/2015 14:15,14:15,3,0,0,40TH AVE E & AIRPORT WAY N,1,1,0,0,1,1,,,40,0,0,0,0,0,4,2,14
,2015_72635,0,0,3/2/2015 8:31,8:31,3,0,0,45TH AVE E & SHERMAN ST N,5,1,0,7,1,1,,,30,0,0,0,0,0,4,2,14
,2015_72636,0,0,7/27/2015 11:25,11:25,12,0,0,45TH AVE E & TOWER RD N,1,1,0,7,1,4,,,40,0,0,0,0,0,4,2,16
,2015_72637,0,0,6/10/2015 6:10,6:10,10,0,0,46TH AVE E & PEORIA ST N,1,1,0,0,1,4,,,35,0,0,0,0,0,4,2,8
,2015_72638,0,0,4/4/2015 22:50,22:50,5,0,2,47TH AVE E & CLAUDE CT N,1,3,0,0,4,1,,,25,0,0,0,0,2,4,1,5
,2015_72639,0,0,1/14/2015 7:34,7:34,1,0,0,50TH AVE W & PERRY ST N,2,1,0,7,1,1,,,30,0,0,0,0,0,4,2,14
,2015_72640,0,0,12/12/2015 17:40,17:40,15,0,0,ANDREWS DR E 13400 BLK & ELGIN PL E,4,3,0,2,1,4,,,30,0,0,0,0,0,4,2,1
,2015_72641,0,0,10/18/2015 0:05,0:05,11,0,0,ARAPAHOE ST & 19TH ST,1,3,0,0,1,1,,,,0,1,0,0,1,4,2,13
,2015_72642,0,0,6/12/2015 14:32,14:32,12,0,0,ALAMEDA AVE W & SANTA FE DR S,2,1,0,7,1,4,,,30,0,0,0,0,0,4,2,14
,2015_72643,0,0,6/24/2015 16:20,16:20,2,0,1,ALBION ST N & 12TH AVE E,1,1,0,0,1,2,,,25,1,0,0,0,3,4,2,13
,2015_72644,0,0,4/29/2015 12:36,12:36,3,0,0,ARIZONA AVE E & HARRISON ST S,1,1,0,7,1,1,,,25,0,0,0,0,0,4,2,3
,2015_72645,0,0,2/25/2015 21:45,21:45,5,0,0,BANNOCK ST 1300 BLK N & 14TH AVE W,4,3,1,2,3,4,,,25,0,0,0,0,0,4,1,13
,2015_72646,0,0,6/17/2015 21:49,21:49,12,0,0,BRIGHTON BLVD 3700 BLK N & 38TH ST,1,3,0,7,1,3,,,30,0,0,0,0,0,4,2,16
,2015_72647,0,0,3/22/2015 19:23,19:23,15,0,0,BROADWAY ST N & 1ST AVE W,1,3,0,0,1,1,,,30,0,0,0,0,0,4,2,8
,2015_72648,0,0,6/20/2015 1:48,1:48,11,0,2,BROADWAY ST 1000 BLK N & 11TH AVE E,1,3,0,0,1,4,,,,0,1,0,0,3,4,3,13
,2015_72649,0,0,2/25/2015 18:45,18:45,15,0,0,BROADWAY ST S & CENTER AVE E,4,1,0,2,1,4,,,35,0,0,0,0,0,4,2,1
,2015_72650,0,0,1/18/2015 12:42,12:42,12,0,0,BROADWAY ST N & ELLSWORTH AVE W,1,1,0,7,1,1,,,30,0,0,0,0,0,4,2,16
,2015_72651,0,0,2/10/2015 15:12,15:12,11,0,0,BROADWAY ST S & EXPOSITION AVE E,1,1,0,0,1,1,,,30,0,1,0,0,1,4,2,13
,2015_72652,0,0,11/12/2015 18:20,18:20,10,0,0,BROADWAY ST N & CHAMPA ST,1,1,0,0,1,1,,,35,0,0,0,0,0,4,2,13
,2015_72653,0,0,11/10/2015 17:43,17:43,11,0,1,CEDAR AVE E & MARION ST S,1,4,1,0,1,1,,,25,0,1,0,0,3,4,2,13
,2015_72654,0,0,10/12/2015 15:37,15:37,12,0,0,CATHAY ST 4900 BLK N & DUNKIRK WAY N,1,1,0,0,1,2,,,25,0,0,0,0,0,4,2,3
,2015_72655,0,0,6/27/2015 12:14,12:14,6,0,0,CEDAR PL E & QUEBEC ST S,1,1,0,7,1,4,,,25,0,0,0,0,0,4,2,3
,2015_72656,0,0,1/7/2015 8:28,8:28,12,0,0,CHERRY CREEK S DR 2400 BLK E & UNIVERSITY BLVD S,5,1,0,2,1,3,,,30,0,0,0,0,0,4,3,1
,2015_72657,0,0,6/20/2015 19:54,19:54,5,0,0,CLAY ST N & 4504,1,1,0,0,3,5,,,10,0,0,0,0,0,4,1,14
,2015_72658,0,0,7/10/2015 21:45,21:45,8,0,0,CLAY ST 1800 BLK S & COLORADO AVE W,2,3,0,0,1,4,,,30,0,0,0,0,1,4,2,7
,2015_72659,0,0,6/12/2015 1:35,1:35,6,0,0,DOWNING ST S & 1723,2,3,0,1,1,4,,,30,0,0,0,0,1,4,2,5
,2015_72660,0,0,4/18/2015 17:11,17:11,15,0,0,DOWNING ST N & ELLSWORTH AVE E,1,1,0,7,1,3,,,30,0,0,0,0,1,4,2,16
,2015_72661,0,0,1/7/2015 18:18,18:18,12,0,0,DOWNING ST 800 BLK S & OHIO AVE E,1,3,0,7,1,4,,,30,0,0,0,0,0,4,2,3
,2015_72662,0,0,6/19/2015 9:23,9:23,15,0,0,DOWNING ST N & WALNUT ST,1,1,0,0,1,4,,,30,0,0,0,0,0,4,2,1
,2015_72663,0,0,2/4/2015 7:30,7:30,5,0,0,ELMIRA ST & 2770 BLK S,4,1,0,2,2,4,,,30,0,0,0,0,0,4,1,7
,2015_72664,0,0,5/7/2015 19:32,19:32,3,0,0,EMERSON ST N & ELLSWORTH AVE E,1,2,1,7,1,1,,,20,0,0,0,0,0,4,2,16
,2015_72665,0,0,4/3/2015 8:19,8:19,3,0,0,EVANS AVE E & BIRCH ST S,1,5,0,0,1,1,,,30,0,0,0,0,0,4,2,13
,2015_72666,0,0,7/22/2015 22:05,22:05,15,0,0,EVANS AVE & 1100 BLK E,1,3,0,7,1,4,,,35,0,0,0,0,0,4,2,16
,2015_72667,0,0,2/28/2015 14:17,14:17,12,0,0,EVANS AVE 6300 BLK E & MONACO PKWY S,1,1,0,7,1,4,,,35,0,0,0,0,1,4,3,16
,2015_72668,0,0,11/6/2015 17:15,17:15,12,0,0,EVANS AVE 8400 BLK E & MONACO ST S,1,3,1,0,1,4,,,30,0,0,0,0,0,4,2,13
,2015_72669,0,0,9/29/2015 11:38,11:38,6,0,0,FLORIDA AVE 5600 BLK E & HOLLY PRIVATE DRIVEWAY 1510 S,1,1,1,0,1,2,,,20,0,0,0,0,0,4,2,14
,2015_72670,0,0,5/12/2015 11:15,11:15,6,0,0,FLORIDA AVE 500 BLK E & PEARL ST S,1,1,0,7,1,4,,,25,0,0,0,0,0,4,2,16
,2015_72671,0,0,2/28/2015 15:15,15:15,12,0,0,GALAPAGO ST N & 1ST AVE W,4,1,0,7,1,1,,,25,0,0,0,0,0,4,2,12
,2015_72672,0,0,4/25/2015 0:43,0:43,6,0,0,GROVE ST & 1100 BLK S,1,4,0,0,3,4,,,25,0,0,0,0,0,4,3,14
,2015_72673,0,0,1/31/2015 0:35,0:35,6,0,0,GROVE ST N & 22ND AVE W,1,3,0,7,1,4,,,25,0,0,0,0,0,4,2,16
,2015_72674,0,0,1/15/2015 8:50,8:50,12,0,0,GVR BLVD E & CHAMBERS RD N,1,1,0,7,1,2,,,35,0,0,0,0,0,4,2,16
,2015_72675,0,0,8/20/2015 12:43,12:43,10,0,0,KALAMATH ST N & 11TH AVE W,1,1,1,0,1,1,,,30,0,0,0,0,0,4,2,13
,2015_72677,0,0,7/14/2015 14:20,14:20,3,0,0,IRVING ST N & SCOTT PL W,1,1,0,7,1,1,,,30,0,0,0,0,1,4,2,16
,2015_72678,0,0,4/6/2015 10:01,10:01,14,0,0,LAFAYETTE ST 600 BLK N & 7TH AVE E,1,1,0,0,1,4,,,25,0,0,0,0,0,4,3,10
,2015_72679,0,0,2/23/2015 14:55,14:55,12,0,0,LAWRENCE ST 1900 BLK & 19TH ST,6,1,0,7,1,4,,,35,0,0,0,0,0,4,2,16
,2015_72680,0,0,7/13/2015 11:30,11:30,3,0,0,N LEYDEN ST & E 30TH AVE,1,1,0,7,1,1,,,25,0,0,0,0,0,4,2,16
,2015_72681,0,0,2/4/2015 7:37,7:37,1,0,0,LOGAN ST S & BUCHTEL BLVD E,5,1,0,2,1,1,,,30,0,0,0,0,0,4,2,7
,2015_72682,0,0,4/7/2015 11:53,11:53,5,0,0,LOUISIANA AVE & 3190 BLK W,1,1,0,0,4,7,,,25,0,0,0,0,0,4,3,5
,2015_72683,0,0,1/14/2015 18:33,18:33,12,0,0,LOUISIANA AVE E & CLAYTON ST S,1,3,0,0,1,2,,,10,0,0,0,0,0,4,2,3
,2015_72684,0,0,6/3/2015 11:45,11:45,12,0,0,LOUISIANA AVE 2400 BLK E & COLUMBINE ST S,1,1,0,7,1,3,,,25,0,0,0,0,0,4,2,3
,2015_72685,0,0,1/24/2015 22:56,22:56,12,0,0,LOWRY BLVD 7300 BLK E & QUEBEC ST S,1,3,0,0,1,4,,,35,0,0,0,0,0,4,2,1
,2015_72686,0,0,8/29/2015 11:00,11:00,12,0,0,MISSISSIPPI AVE W & TEJON ST S,1,1,0,0,1,1,,,35,0,0,0,0,0,4,2,13
,2015_72687,0,0,1/31/2015 15:49,15:49,12,0,0,MISSISSIPPI AVE E & BROADWAY ST S,1,1,0,7,1,1,,,30,0,0,0,0,0,4,2,4
,2015_72688,0,0,7/12/2015 14:46,14:46,6,0,0,MISSISSIPPI AVE 2200 BLK E & GAYLORD ST S,1,1,0,0,1,5,,,25,0,0,0,0,0,4,2,13
,2015_72689,0,0,2/4/2015 6:20,6:20,3,0,0,MISSISSIPPI AVE E & LOGAN ST S,5,3,0,2,1,1,,,30,0,0,0,0,0,4,2,1
,2015_72690,0,0,11/16/2015 8:30,8:30,6,0,0,OSCEOLA ST 200 BLK S & CEDAR AVE W,1,1,1,7,1,4,,,25,0,0,0,0,0,4,2,7
,2015_72691,0,0,4/11/2015 7:00,7:00,3,0,0,MONACO ST N & MONTVIEW BLVD E,1,1,0,7,1,1,,,30,0,0,0,0,0,4,2,16
,2015_72692,0,0,4/1/2015 11:05,11:05,1,0,0,MORRISON RD & UTICA ST S,1,1,0,0,1,1,,,35,0,0,0,0,0,4,2,1
,2015_72693,0,0,2/23/2015 16:38,16:38,3,0,0,NORTHFIELD BLVD E & DALLAS ST N,12,2,1,0,1,1,,,35,0,0,0,0,0,4,2,14
,2015_72694,0,0,1/9/2015 7:19,7:19,12,0,0,PARK AVE W 1800 BLK OF & WEWATTA ST,5,1,0,2,1,4,,,30,0,0,0,0,0,4,3,14
,2015_72695,0,0,4/17/2015 7:54,7:54,6,0,0,PECOS ST 600 BLK S & EXPOSITION AVE W,2,1,1,1,1,4,,,25,0,0,0,0,1,4,2,5
,2015_72696,0,0,7/24/2015 15:25,15:25,15,0,0,PENA BLVD 7100 BLK & TOWER RD,1,1,1,7,1,4,,,65,0,0,0,0,1,4,2,14
,2015_72697,0,0,5/28/2015 17:50,17:50,3,0,0,PERRY ST N & 5TH AVE W,1,1,0,7,1,3,,,30,0,0,0,0,0,4,2,16
,2015_72698,0,0,4/1/2015 8:45,8:45,12,0,0,QUEBEC ST 1600 BLK S & IOWA AVE E,1,1,0,7,1,3,,,35,0,0,0,0,1,4,3,12
,2015_72699,0,0,1/24/2015 18:42,18:42,12,0,0,15TH ST & CALIFORNIA ST,1,3,0,0,1,1,,,30,0,0,0,0,0,4,2,3
,2015_72700,0,0,3/21/2015 0:44,0:44,12,0,0,15TH ST & PLATTE ST,1,3,0,7,1,4,,,30,0,0,0,0,0,4,2,16
,2015_72701,0,0,3/23/2015 16:21,16:21,2,0,1,20TH ST & LAWRENCE ST,1,1,0,0,1,1,,,25,1,0,0,1,2,4,2,13
,2015_72702,0,0,5/29/2015 15:50,15:50,12,0,0,20TH ST & LITTLE RAVEN ST,1,1,1,7,1,4,,,30,0,0,0,0,0,4,3,16
,2015_72703,0,0,4/10/2015 15:33,15:33,9,0,1,20TH ST 1400 & MARKET ST,1,5,0,7,1,4,,,25,0,0,0,1,2,4,1,5
,2015_72704,0,0,5/4/2015 10:05,10:05,3,0,0,22ND ST & LAWRENCE ST,1,1,0,7,1,1,,,30,0,0,0,0,0,4,2,3
,2015_72705,0,0,5/7/2015 6:50,6:50,7,0,0,26TH ST & WELTON ST,1,1,0,0,1,1,,,30,0,0,0,0,0,4,2,7
,2015_72706,0,0,3/18/2015 16:33,16:33,7,0,0,29TH ST 500 BLK & WELTON ST,1,1,0,0,1,1,,,30,0,0,0,0,0,4,2,13
,2015_72707,0,0,8/8/2015 10:23,10:23,2,0,0,32ND ST & STOUT ST,1,1,0,0,1,1,,,25,1,0,0,0,0,4,2,13
,2015_72708,0,0,2/17/2015 8:17,8:17,14,0,0,SMITH RD 10600 E & HAVANA ST,5,1,0,0,1,4,,,30,0,0,0,0,0,4,3,13
,2015_72709,0,0,4/28/2015 14:20,14:20,12,0,0,SPEER BLVD & 2100 BLK N,1,5,0,0,1,4,,,35,0,0,0,0,0,4,2,13
,2015_72710,0,0,3/6/2015 18:30,18:30,1,0,0,SPEER BLVD N & WEWATTA ST,1,3,0,7,1,1,,,35,0,0,0,0,0,4,2,7
,2015_72711,0,0,3/8/2015 18:55,18:55,5,0,0,STEELE ST 3300 BLK N & BRUCE RANDOLPH AVE E,1,2,0,0,2,4,,,25,0,0,0,0,1,4,1,10
,2015_72712,0,0,4/11/2015 13:19,13:19,1,0,0,STEELE ST N & ELLSWORTH AVE E,1,1,0,7,1,1,,,30,0,0,0,0,0,4,2,3
,2015_72713,0,0,6/20/2015 9:46,9:46,5,0,0,SYRACUSE ST 3500 BLK N & 35TH AVE E,1,1,0,0,3,1,,,25,0,0,0,0,1,4,1,10
,2015_72714,0,0,6/15/2015 10:35,10:35,10,0,0,TEJON ST 3900 BLK N & 39TH AVE W,1,1,0,0,1,4,,,35,0,0,0,0,0,4,2,13
,2015_72715,0,0,11/8/2015 11:20,11:20,11,0,1,UNIVERSITY BLVD N & 3RD AVE W,1,1,0,0,1,1,,,25,0,1,0,0,2,4,2,5
,2015_72716,0,0,4/26/2015 7:50,7:50,5,0,0,TRENTON ST & 1645,2,2,0,1,3,4,,,25,0,0,0,0,0,4,1,13
,2015_72717,0,0,5/29/2015 13:20,13:20,12,0,0,UNIVERSITY BKVD 600 BLK S & CENTER AVE E,1,1,0,7,1,3,,,30,0,0,0,0,1,4,2,16
,2015_72718,0,0,2/10/2015 16:56,16:56,12,0,0,UNIVERSITY BLVD 2000 S & EVANS AVE E,1,2,0,7,1,3,,,30,0,0,0,0,0,4,2,16
,2015_72719,0,0,2/17/2015 10:47,10:47,12,0,0,VRAIN ST 1200 BLK N & 12TH AVE W,2,1,0,0,1,4,,,25,0,0,0,0,0,4,2,14
,2015_72720,0,0,3/1/2015 11:08,11:08,12,0,0,WALNUT ST & PARK AVE W,1,1,0,7,1,1,,,25,0,0,0,0,0,4,2,3
,2015_72721,0,0,6/5/2015 14:50,14:50,3,0,0,WOLFF ST & 1400 BLK N,1,1,1,0,1,2,,,25,0,0,0,0,0,4,2,13
,2015_72722,0,0,4/15/2015 7:55,7:55,2,0,0,WOLFF ST & 1550 BLK S,1,1,1,0,1,4,,,20,1,0,0,0,0,4,2,14
,2015_72850,39.678409,-104.940629,11/22/2015 2:25,2:25,12,0,1,EVANS AVE E & COLORADO BLVD S,1,3,0,0,1,1,,,35,0,0,0,0,2,2,2,13
,2015_72851,39.696625,-104.940562,1/11/2015 18:10,18:10,11,0,1,COLORADO BLVD S & MISSISSIPPI AVE E,2,3,1,2,1,3,,,35,0,1,0,0,2,2,2,14
,2015_72853,39.707354,-104.940625,4/25/2015 18:02,18:02,1,0,0,COLORADO BLVD S & CHERRY CREEK DR N E,1,1,0,0,1,1,,,30,0,0,0,0,1,2,2,13
,2015_72854,39.709313,-104.940626,7/7/2015 13:15,13:15,1,0,0,COLORADO BLVD S & DAKOTA AVE E,1,1,0,0,1,1,,,5,0,0,0,0,0,2,2,13
,2015_72856,39.714764,-104.940629,4/18/2015 13:23,13:23,12,0,0,COLORADO BLVD S & BAYAUD AVE E,1,1,0,0,1,3,,,40,0,0,0,0,0,2,2,13
,2015_72857,39.717824,-104.940628,7/3/2015 7:30,7:30,1,0,1,COLORADO BLVD N & 1ST AVE E,1,1,0,0,1,1,,,35,0,0,0,0,2,2,2,13
,2015_72858,39.76914,-104.940494,4/6/2015 10:06,10:06,15,0,0,COLORADO BLVD 3700 BLK N & 38TH AVE E,1,1,0,0,1,3,,,35,0,0,0,0,0,2,2,13
,2015_72859,39.772893,-104.940506,7/11/2015 17:30,17:30,3,0,0,COLORADO BLVD 4000 BLK N & 40TH AVE E,1,1,0,0,1,1,,,35,0,0,0,0,1,2,2,13
,2015_72860,39.772893,-104.940506,7/15/2015 7:56,7:56,1,0,0,COLORADO BLVD N & 40TH AVE E,1,1,0,0,1,1,,,35,0,0,0,0,0,2,2,14
,2015_72867,39.725651,-105.049943,6/17/2015 14:55,14:55,5,0,0,6TH AVE W & SHERIDAN BLVD,1,1,0,0,1,8,,,45,0,0,0,0,0,2,1,14
,2015_72868,39.725205,-105.018063,5/22/2015 15:57,15:57,12,0,0,6TH AVE W & I-25,2,1,1,1,1,4,,,45,0,0,0,0,1,2,2,5
,2015_72869,39.725516,-105.013084,4/4/2015 14:55,14:55,12,0,0,6TH AVE W & I-25,1,1,0,0,1,4,,,55,0,0,0,0,0,2,2,13
,2015_72870,39.78119,-104.949716,3/18/2015 2:31,2:31,9,0,1,STEELE ST N & I-70 WB ON RAMP,1,3,0,0,2,1,,,35,0,0,0,0,2,2,1,5
,2015_72901,39.652129,-104.91777,7/31/2015 18:45,18:45,15,0,0,I-25 & HAMPDEN AVE E,1,1,0,0,1,4,,,65,0,0,0,0,0,1,2,13
,2015_72902,39.66762,-104.92561,4/22/2015 6:55,6:55,12,0,0,I-25 & YALE AVE E,1,1,0,0,1,4,,,65,0,0,0,0,0,1,2,13
,2015_72903,39.66762,-104.92561,6/9/2015 9:04,9:04,12,0,0,I-25 & YALE AVE E,1,1,0,0,1,4,,,60,0,0,0,0,0,1,2,7
,2015_72905,39.701452,-104.987435,11/21/2015 12:01,12:01,12,0,0,I-25 & BROADWAY S,2,1,0,0,1,4,,,60,0,0,0,0,0,1,3,16
,2015_72906,39.692928,-104.977618,1/3/2015 15:48,15:48,15,0,0,I-25 & MM 206.2,4,1,0,2,1,4,,,65,0,0,0,0,0,1,2,1
,2015_72907,39.707384,-104.996909,1/23/2015 12:15,12:15,15,0,0,I-25 & SANTA FE DR S,1,1,0,0,1,8,,,45,0,0,0,0,0,1,2,13
,2015_72908,39.710625,-104.998552,6/1/2015 2:53,2:53,5,0,0,I-25 NB ON RAMP & ALAMEDA AVE,1,3,1,0,3,8,,,45,0,0,0,0,0,1,1,5
,2015_72909,39.71083,-104.998674,7/17/2015 15:03,15:03,12,0,0,I-25 & ALAMEDA AVE W,1,1,0,0,1,4,,,55,0,0,0,0,0,1,3,13
,2015_72910,39.713064,-105.000002,8/10/2015 16:20,16:20,12,0,0,I-25 & CEDAR AVE W & KALAMATH ST S,1,1,0,0,1,4,,,55,0,0,0,0,0,1,2,13
,2015_72912,39.724691,-105.012469,1/14/2015 8:45,8:45,12,0,0,6TH AVE W & I-25,2,1,1,0,1,8,,,40,0,0,0,0,0,1,2,13
,2015_72913,39.72543,-105.013021,1/2/2015 10:02,10:02,15,0,0,I-25 & 6TH AVE W,2,1,1,0,1,4,,,55,0,0,0,0,0,1,2,13
,2015_72914,39.729334,-105.014821,3/6/2015 10:52,10:52,12,0,0,I-25 & 8TH AVE W,1,1,0,0,1,4,,,55,0,0,0,0,1,1,2,14
,2015_72915,39.729334,-105.014821,7/2/2015 14:22,14:22,12,0,0,I-25 & 8TH AVE W,1,1,0,0,1,4,,,55,0,0,0,0,0,1,2,7
,2015_72916,39.736561,-105.014157,5/31/2015 2:24,2:24,15,0,0,I-25 NB OFF RAMP GORE PT & EXIT TO COLFAX AVE,1,4,0,0,1,4,,,55,0,0,0,0,0,1,2,5