id,drcog_id,latitude,longitude,crashtime,time,crashtype,numbkilled,numbinjurd,drcoglocat,rdconditin,lightngcon,roadcntgrd,weatherco,location,roaddescrp,schoolzone,constrzone,splimit,bikeinv,pedinv,sctrinv,motoinv,svrty,rdsystem,ttlvehcls,hcf
,2015_72917,39.74094,-105.014063,3/22/2015 18:05,18:05,5,0,1,I-25 NB ON RAMP & COLFAX AVE W,7,2,1,0,1,8,,,35,0,0,0,1,3,1,1,13
,2015_72918,39.734328,-105.015189,9/16/2015 19:39,19:39,12,0,0,I-25 & 8TH AVE W,1,3,0,0,1,4,,,55,0,0,0,0,0,1,2,13
,2015_72919,39.754277,-105.013919,4/18/2015 13:27,13:27,12,0,0,I-25 & SPEER BLVD N,1,1,0,0,1,4,,,55,0,0,0,0,0,1,3,7
,2015_72920,39.755141,-105.012706,4/9/2015 7:59,7:59,12,0,0,SPEER BLVD & I-25 SB RAMPS,1,1,0,0,1,1,,,45,0,0,0,0,0,1,2,13
,2015_72921,39.760997,-105.004275,1/6/2015 8:49,8:49,12,0,0,I-25 & 20TH ST,1,1,1,0,1,4,,,55,0,0,0,0,0,1,2,4
,2015_72922,39.760997,-105.004275,2/5/2015 18:10,18:10,12,0,0,I-25 & 20TH ST,1,3,1,0,1,4,,,55,0,0,0,0,1,1,2,13
,2015_72923,39.779391,-104.989165,10/2/2015 15:19,15:19,12,0,0,I-25 & I-70,1,1,0,0,1,4,,,55,0,0,0,0,0,1,2,16
,2015_72924,39.761671,-105.003407,3/31/2015 22:13,22:13,9,0,0,I-25 & 20TH ST BRIDGE,1,3,0,0,1,4,,,55,0,0,0,1,0,1,1,13
,2015_72925,39.768039,-104.994788,7/16/2015 11:23,11:23,15,0,0,I-25 & FOX ST N,1,1,0,0,1,4,,,55,0,0,0,0,0,1,4,1
,2015_72926,39.779391,-104.989165,5/9/2015 14:56,14:56,12,0,0,I-25 & I-70,2,1,0,1,1,4,,,55,0,0,0,0,0,1,4,3
,2015_72927,39.785306,-104.989137,7/3/2015 13:00,13:00,9,0,1,I-25 & MM 214,1,1,0,0,2,4,,,55,0,0,0,1,2,1,1,7
,2015_72949,39.711332,-105.053258,1/6/2015 13:42,13:42,12,0,0,ALAMEDA AVE W & SHERIDAN BLVD,1,1,1,0,1,3,,,35,0,0,0,0,0,2,2,1
,2015_72950,39.7112,-105.042019,1/9/2015 8:46,8:46,3,0,0,ALAMEDA AVE W & RALEIGH ST S,10,1,1,0,1,1,,,,0,0,0,0,0,2,2,13
,2015_72951,39.711187,-105.039623,1/21/2015 22:15,22:15,3,0,2,ALAMEDA AVE W & PERRY ST S,5,3,0,0,1,1,,,35,0,0,0,0,2,2,2,13
,2015_72952,39.711083,-105.026277,1/8/2015 12:45,12:45,12,0,0,GROVE ST S & ALAMEDA AVE W,1,1,0,0,1,3,,,25,0,0,0,0,0,2,2,1
,2015_72953,39.711182,-105.003471,7/21/2015 16:06,16:06,12,0,0,ALAMEDA AVE 1200 BLK W & NAVAJO ST S,1,1,1,0,1,4,,,35,0,0,0,0,0,2,2,13
,2015_72954,39.711184,-105.000622,6/7/2015 12:19,12:19,1,0,0,ALAMEDA AVE W & PLATTE RIVER DR S,1,1,0,0,1,1,,,35,0,0,0,0,0,2,2,3
,2015_72955,39.653025,-104.87278,4/10/2015 7:45,7:45,12,0,0,HAMPDEN AVE 9700 BLK E & FLORENCE ST S,1,1,0,0,1,4,,,45,0,0,0,0,1,2,2,13
,2015_72965,39.780217,-104.990332,2/16/2015 17:25,17:25,5,0,0,I-70 RAMP TO & EB RAMP CONNECTION 'J' (APPROX),5,3,1,2,2,8,,,45,0,0,0,0,0,1,1,13
,2015_72966,39.777393,-104.903402,5/27/2015 21:25,21:25,1,0,0,QUEBEC ST N & I-70 EB RAMPS,1,5,1,0,1,1,,,,0,0,0,0,0,2,3,13
,2015_72967,39.781956,-104.901624,3/9/2015 7:35,7:35,12,0,0,QUEBEC ST N & SAND CREEK DR E,1,1,0,0,1,1,,,40,0,0,0,0,0,2,2,13
,2015_72980,39.779734,-104.985778,7/3/2015 21:02,21:02,15,0,0,I-70 WB OFF RAMP & I-25,1,3,0,0,1,8,,,55,0,0,0,0,0,1,1,13
,2015_72989,39.740048,-104.986169,1/10/2015 23:50,23:50,15,0,0,LINCOLN AVE 1400 N & COLFAX AVE E,1,3,0,0,1,4,,,30,0,0,0,0,0,2,3,7
,2015_72990,39.740048,-104.986169,4/19/2015 22:37,22:37,12,0,0,LINCOLN ST N & COLFAX AVE E,1,3,0,0,1,1,,,30,0,0,0,0,0,2,2,13
,2015_72991,39.739995,-104.965503,3/9/2015 15:41,15:41,6,0,0,COLFAX AVE 1800 BLK E & HIGH ST N,1,1,0,0,1,4,,,30,0,0,0,0,0,2,2,3
,2015_73024,39.78356,-105.053209,1/11/2015 8:16,8:16,12,0,0,I-70 & SHERIDAN BLVD N,1,1,0,0,1,4,,,55,0,0,0,0,0,1,2,13
,2015_73025,39.784221,-105.025096,4/3/2015 8:41,8:41,12,0,0,I-70 & FEDERAL BLVD N,2,1,1,0,1,4,,,55,0,0,0,0,0,1,2,13
,2015_73026,39.778287,-104.912805,8/11/2015 17:07,17:07,12,0,0,I-70 & MONACO ST,1,1,0,0,1,4,,,55,0,0,0,0,0,1,2,3
,2015_73027,39.778297,-104.908075,4/8/2015 5:53,5:53,9,0,0,I-70 & MONACO ST N,1,1,0,0,1,4,,,55,0,0,0,0,0,1,2,1
,2015_73028,39.7783,-104.903459,7/28/2015 15:34,15:34,12,0,0,I-70 & QUEBEC ST,1,1,0,0,1,4,,,55,0,0,0,0,0,1,2,13
,2015_73029,39.77521,-104.860994,10/26/2015 6:38,6:38,15,0,0,I-70 EB ON RAMP GORE PT & HAVANA ST,1,1,0,0,1,4,,,55,0,0,0,0,0,1,2,16
,2015_73030,39.776953,-104.880919,7/10/2015 23:07,23:07,15,0,0,I-70 & CENTRAL PARK AVE N,1,2,0,0,1,4,,,55,0,0,0,0,0,1,4,13
,2015_73031,39.776747,-104.878679,1/15/2015 6:18,6:18,15,0,0,I-70 & I-270 EB MERGE RAMP,1,3,0,0,1,4,,,55,0,0,0,0,0,1,2,13
,2015_73032,39.775623,-104.865778,7/4/2015 23:30,23:30,12,0,0,I-70 & HAVANA ST N,1,3,0,0,1,4,,,55,0,0,0,0,0,1,4,3
,2015_73033,39.774005,-104.847034,5/26/2015 15:53,15:53,15,0,0,I-70 & PEORIA ST N,1,1,1,0,1,4,,,55,0,0,0,0,0,1,3,14
,2015_73034,39.774005,-104.847034,6/17/2015 8:20,8:20,12,0,0,I-70 & PEORIA ST N,1,1,0,0,1,4,,,55,0,0,0,0,1,1,3,13
,2015_73065,39.698297,-104.902791,3/26/2015 8:11,8:11,3,0,0,PARKER RD 1000 BLK S & QUEBEC ST S,1,1,0,0,1,2,,,40,0,0,0,0,0,2,2,14
,2015_73078,39.697738,-104.991744,2/11/2015 15:30,15:30,12,0,0,PLATTE RIVER DR S & TENNESSEE AVE W,1,1,0,0,1,4,,,45,0,0,0,0,0,2,2,3
,2015_73079,39.706902,-104.996485,5/7/2015 17:26,17:26,12,0,0,SANTA FE DR S & I-25,1,1,0,0,1,4,,,35,0,0,0,0,0,2,2,3
,2015_73084,39.723926,-105.025146,6/16/2015 13:35,13:35,12,0,0,FEDERAL BLVD N & 5TH AVE W,1,1,0,0,1,4,,,40,0,0,0,0,0,2,2,3
,2015_73085,39.722848,-105.025191,3/29/2015 13:14,13:14,12,0,0,FEDERAL BLVD N & SHORT PL W,1,1,0,0,1,4,,,20,0,0,0,0,1,2,2,13
,2015_73086,39.722699,-105.025194,2/8/2015 18:53,18:53,12,0,0,FEDERAL BLVD & 400 BLK N,1,3,0,0,1,4,,,40,0,0,0,0,0,2,2,1
,2015_73087,39.693397,-105.025039,5/25/2015 17:50,17:50,12,0,0,FEDERAL BLVD S & LOUISIANA AVE W,1,1,0,0,1,4,,,40,0,0,0,0,0,2,2,12
,2015_73088,39.688649,-105.025049,1/31/2015 19:34,19:34,12,0,0,FEDERAL BLVD S & IOWA AVE W,1,3,1,0,1,2,,,40,0,0,0,0,1,2,2,13
,2015_73151,39.629967,-104.904923,9/11/2015 3:40,3:40,5,0,0,I-225 NB ON RAMP FROM I-25 SB & I-25,1,3,1,0,2,8,,,55,0,0,0,0,0,1,2,16
,2015_73152,39.639275,-104.885096,3/11/2015 12:54,12:54,3,0,0,YOSEMITE ST S & I-225 NB RAMPS,1,1,0,0,1,1,,,35,0,0,0,0,0,1,2,3
,2015_73153,39.640419,-104.882777,3/18/2015 19:20,19:20,12,0,0,I-225 NB ON RAMP AT METER FROM & YOSEMITE ST S,1,3,1,0,1,8,,,40,0,0,0,0,1,1,2,8
,2015_73155,39.635523,-104.89346,11/5/2015 20:07,20:07,1,0,1,TAMARAC DR S & I-225 WB RAMPS,1,3,0,0,1,1,,,35,0,0,0,1,2,1,2,16
,2015_73167,39.778382,-104.896877,4/6/2015 7:40,7:40,9,0,0,I-270 EB DIRECT CONNECT & I-70,1,1,1,0,1,4,,,45,0,0,0,1,1,1,1,13
,2015_73170,39.653164,-105.052152,9/27/2015 4:18,4:18,5,0,1,HWY 285 WB OFF LOOP RAMP & SHERIDAN BLVD S,1,3,1,0,2,8,,,35,0,0,0,0,2,2,1,5
,2015_73178,39.652987,-104.931719,4/19/2015 12:42,12:42,12,0,0,DAHLIA ST S & HAMPDEN AVE E,1,1,0,0,1,1,,,25,0,0,0,0,0,2,2,13
,2015_73179,0,0,7/13/2015 21:20,21:20,11,0,1,17TH AVE E & WASHINGTON ST N,1,3,0,0,1,1,,,25,0,1,0,0,2,4,2,13
,2015_73180,39.652982,-104.920186,3/31/2015 12:56,12:56,12,0,0,HAMPDEN AVE 5800 BLK E & IVY WAY S,1,1,1,0,1,4,,,35,0,0,0,0,0,2,2,13
,2015_73181,39.774108,-105.025238,8/11/2015 8:18,8:18,15,0,0,FEDERAL BLVD 4200 BLK N & 42ND AVE W,1,1,0,0,1,1,,,35,0,0,0,0,0,2,2,14
,2015_73367,0,0,4/3/2015 23:25,23:25,3,0,0,8TH AVE W & SANTA FE DR N,1,3,0,7,1,1,,,35,0,0,0,0,0,4,2,5
,2015_73375,0,0,6/19/2015 20:50,20:50,3,0,2,1ST AVE W & KNOX CT N,1,2,0,7,1,1,,,30,0,0,0,0,2,4,2,16
,2015_73376,0,0,6/15/2015 11:17,11:17,5,0,0,1ST AVE 3500 BLK E & MONROE ST N,1,1,0,7,3,4,,,30,0,0,0,0,0,4,1,16
,2015_73377,0,0,7/15/2015 17:45,17:45,12,0,0,1ST AVE W & PERRY ST N,2,1,0,1,1,1,,,30,0,0,0,0,1,4,2,1
,2015_73378,0,0,4/4/2015 10:23,10:23,15,0,0,1ST AVE E & UNIVERSITY BLVD S,1,1,0,7,1,4,,,30,0,0,0,0,0,4,2,16
,2015_73379,0,0,6/1/2015 8:40,8:40,12,0,0,6TH AVE 1000 BLK W & KALAMATH ST N,1,1,0,0,1,3,,,45,0,0,0,0,0,4,2,13
,2015_73380,0,0,11/4/2015 14:15,14:15,11,0,1,2ND AVE E & STEELE ST N,1,1,0,0,1,1,,,25,0,1,0,0,2,4,2,13
,2015_73381,0,0,1/16/2015 19:29,19:29,15,0,0,8TH AVE W & FEDERAL BLVD N,1,3,1,0,1,4,,,35,0,0,0,0,0,4,2,13
,2015_73382,0,0,2/12/2015 18:40,18:40,3,0,0,8TH AVE W & FOX ST N,1,2,0,7,1,1,,,30,0,0,0,0,0,4,2,7
,2015_73384,0,0,7/27/2015 10:20,10:20,3,0,0,10TH AVE E & DOWNING ST N,1,1,0,7,1,1,,,30,0,0,0,0,0,4,2,16
,2015_73385,0,0,4/9/2015 14:23,14:23,15,0,0,10TH AVE E & JOSEPHINE ST N,1,1,0,7,1,4,,,30,0,0,0,0,0,4,2,16
,2015_73386,0,0,3/3/2015 3:03,3:03,3,0,0,10TH AVE E & SHERMAN ST N,1,1,1,2,1,1,,,25,0,0,0,0,0,4,2,16
,2015_73387,0,0,2/9/2015 21:32,21:32,3,0,2,11TH AVE E & EMERSON ST N,1,3,0,7,1,1,,,30,0,0,0,0,2,4,2,16
,2015_73388,0,0,3/22/2015 1:53,1:53,12,0,0,12TH AVE 100 BLK E & LINCOLN ST N,1,3,0,7,1,5,,,25,0,0,0,0,0,4,2,5
,2015_73389,0,0,1/8/2015 23:10,23:10,5,0,0,13TH AVE W & MEADE ST N,5,3,1,1,3,1,,,35,0,0,0,0,0,4,1,1
,2015_73390,0,0,8/19/2015 17:50,17:50,6,0,0,14TH AVE & 3600 BLK E,1,1,0,0,1,4,,,30,0,0,0,0,0,4,2,13
,2015_73391,0,0,7/26/2015 12:08,12:08,3,0,0,14TH AVE 1700 BLK E & GILPIN ST N,1,1,0,7,1,1,,,5,0,0,0,0,0,4,2,8
,2015_73392,0,0,5/18/2015 22:48,22:48,6,0,0,14TH AVE E & HOLLY ST N,1,3,0,7,3,4,,,30,0,0,0,0,0,4,3,14
,2015_73393,0,0,2/2/2015 16:55,16:55,3,0,0,14TH AVE E & MONROE ST N,1,1,0,7,1,1,,,25,0,0,0,0,1,4,2,16
,2015_73394,39.723926,-105.025146,7/19/2015 20:45,20:45,5,0,0,FEDERAL BLVD & 503 N,1,1,0,0,1,4,,,25,0,0,0,0,0,2,1,3
,2015_73395,0,0,3/6/2015 21:18,21:18,3,0,0,16TH AVE E & DOWNING ST N,1,3,0,7,1,1,,,30,0,0,0,0,1,4,2,7
,2015_73396,0,0,3/11/2015 14:00,14:00,15,0,0,17TH AVE & 800 BLK,1,1,0,0,1,4,,,30,0,0,0,0,0,4,2,13
,2015_73397,0,0,3/12/2015 16:21,16:21,3,0,0,17TH AVE 5100 BLK E & FILBERT CT N,1,1,0,7,1,1,,,30,0,0,0,0,0,4,2,16
,2015_73398,0,0,1/9/2015 16:46,16:46,3,0,0,18TH AVE E & LINCOLN ST N,1,1,0,0,1,1,,,30,0,0,0,0,0,4,2,13
,2015_73399,0,0,6/11/2015 7:25,7:25,15,0,0,18TH AVE E & VINE ST N,1,1,0,7,1,1,,,30,0,0,0,0,0,4,2,8
,2015_73400,0,0,6/18/2015 18:30,18:30,2,0,1,38TH AVE W & 2936,1,1,0,0,1,5,,,,1,0,0,0,2,4,2,13
,2015_73401,0,0,5/28/2015 12:58,12:58,10,0,0,38TH AVE W & JULIAN ST N,1,1,1,0,1,1,,,30,0,0,0,0,0,4,2,13
,2015_73402,0,0,4/27/2015 15:35,15:35,3,0,0,38TH AVE E & KEARNEY ST N,1,1,0,7,1,1,,,30,0,0,0,0,0,4,2,16
,2015_73403,0,0,2/2/2015 13:44,13:44,12,0,0,40TH AVE & 4300 BLK W,1,1,1,0,1,4,,,30,0,0,0,0,0,4,2,13
,2015_73404,0,0,2/10/2015 10:30,10:30,5,0,0,HUMBOLDT ST 1487 S & FLORIDA AVE E,1,1,1,0,1,5,,,10,0,0,0,0,0,4,1,14
,2015_73405,0,0,2/25/2015 21:15,21:15,5,0,0,40TH AVE 16900 BLK E & PENA BLVD N,4,3,0,2,2,4,,,35,0,0,0,0,0,4,1,13
,2015_73406,0,0,3/14/2015 17:18,17:18,12,0,0,42ND AVE E & HIMALAYA RD N,1,1,0,7,1,1,,,30,0,0,0,0,0,4,2,16
,2015_73407,0,0,10/26/2015 19:50,19:50,2,0,0,46TH AVE W & BEACH CT N,1,3,0,0,1,1,,,35,1,0,0,0,0,4,2,16
,2015_73408,0,0,5/4/2015 16:13,16:13,3,0,0,46TH AVE E & EUGENE WAY N,1,1,0,0,1,1,,,20,0,0,0,0,0,4,2,1
,2015_73409,0,0,3/30/2015 7:00,7:00,11,0,1,48TH AVE E & HOLLY ST N,1,1,0,0,1,1,,,,0,1,0,0,3,4,2,14
,2015_73410,0,0,1/7/2015 23:40,23:40,6,0,0,BROADWAY ST S & VASSAR AVE E,5,4,0,7,1,4,,,35,0,0,0,0,0,4,2,14
,2015_73411,0,0,6/26/2015 22:03,22:03,14,0,0,ALAMEDA AVE 300 BLK W & CHEROKEE ST N,1,3,0,0,1,3,,,35,0,0,0,0,1,4,2,5
,2015_73412,0,0,7/21/2015 12:15,12:15,12,0,0,ALAMEDA AVE 3400 BLK E & CHERRY CRK DR N,1,1,0,7,1,3,,,30,0,0,0,0,0,4,2,16
,2015_73413,0,0,5/21/2015 17:36,17:36,15,0,0,ALAMEDA AVE 4000 BLK E & COLORADO BLVD S,1,1,1,7,1,4,,,30,0,0,0,0,0,4,2,16
,2015_73415,0,0,4/17/2015 8:45,8:45,3,0,0,ANDREWS DR E & TULSA CT N,6,1,0,4,1,1,,,35,0,0,0,0,0,4,2,13
,2015_73416,0,0,4/14/2015 6:59,6:59,2,0,1,BAYAUD AVE & 1441 BLK W,1,1,0,0,1,2,,,25,1,0,0,0,2,4,2,13
,2015_73418,0,0,5/28/2015 23:20,23:20,10,0,0,BLAKE ST 2400 BLK & BROADWAY ST N,1,3,0,0,1,3,,,25,0,0,0,0,0,4,2,14
,2015_73419,0,0,4/18/2015 15:54,15:54,15,0,0,BRIGHTON BLVD 3300 BLK N & 35TH ST,1,1,0,7,1,4,,,35,0,0,0,0,0,4,2,16
,2015_73420,0,0,4/26/2015 13:32,13:32,12,0,0,BROADWAY ST N & 3RD AVE E,2,1,0,1,1,3,,,35,0,0,0,0,0,4,2,7
,2015_73421,0,0,3/14/2015 18:32,18:32,3,0,0,BROADWAY ST N & 4TH AVE E,1,1,0,7,1,1,,,25,0,0,0,0,0,4,2,3
,2015_73422,0,0,2/3/2015 13:29,13:29,10,0,0,BROADWAY ST N & 6TH AVE E,1,1,0,0,1,1,,,30,0,0,0,0,0,4,2,14
,2015_73423,0,0,3/18/2015 16:13,16:13,3,0,1,BROADWAY ST N & 8TH AVE E,1,1,0,7,1,1,,,30,0,0,0,0,2,4,2,16
,2015_73424,0,0,6/25/2015 17:38,17:38,15,0,0,BROADWAY ST S & COLORADO AVE E,1,1,0,7,1,4,,,35,0,0,0,0,0,4,2,3
,2015_73425,0,0,8/11/2015 11:05,11:05,12,0,0,BROADWAY ST N & ELLSWORTH AVE W,1,1,0,0,1,3,,,35,0,0,0,0,1,4,2,13
,2015_73426,0,0,3/12/2015 4:55,4:55,2,0,1,BROADWAY ST S & IOWA AVE W,1,3,0,0,1,3,,,30,1,0,0,0,3,4,2,3
,2015_73427,0,0,3/30/2015 17:24,17:24,1,0,0,BUCHTEL BLVD E & UNIVERSITY BLVD S,1,1,0,7,1,1,,,30,0,0,0,0,0,4,2,16
,2015_73428,0,0,6/18/2015 6:40,6:40,1,0,0,CHAMBERS RD N & GVR BLVD E,1,1,0,0,1,1,,,40,0,0,0,0,0,4,2,13
,2015_73429,0,0,9/22/2015 20:18,20:18,3,0,0,CHAMBERS RD N & ANDREWS DR E,1,3,0,0,1,1,,,25,0,0,0,0,0,4,2,13
,2015_73430,0,0,5/28/2015 12:30,12:30,6,0,0,CLARKSON ST 2000 BLK N & 20TH AVE E,1,1,0,7,1,4,,,25,0,0,0,0,0,4,3,7
,2015_73431,0,0,3/1/2015 14:20,14:20,3,0,0,CLAY ST S & JEWELL AVE W,2,1,0,7,1,1,,,25,0,0,0,0,0,4,2,16
,2015_73432,0,0,2/4/2015 7:00,7:00,3,0,0,COLUMBINE ST & 1300,5,1,0,2,1,2,,,25,0,0,0,0,0,4,2,13
,2015_73433,0,0,8/11/2015 17:45,17:45,3,0,0,DARTMOUTH AVE & 5100 BLK W,1,1,0,7,1,2,,,30,0,0,0,0,0,4,2,16
,2015_73434,0,0,6/3/2015 15:30,15:30,2,0,1,DARTMOUTH AVE E & FOREST ST S,1,1,0,0,1,1,,,20,1,0,0,0,2,4,2,13
,2015_73435,0,0,1/9/2015 9:37,9:37,6,0,0,DARTMOUTH AVE 7400 E & QUEBEC ST S,5,1,1,0,1,4,,,25,0,0,0,0,0,4,2,13
,2015_73436,0,0,8/6/2015 14:30,14:30,1,0,0,DELAWARE ST N & 6TH AVE W,1,1,0,7,1,1,,,30,0,0,0,0,1,4,2,7
,2015_73437,0,0,4/1/2015 9:00,9:00,15,0,0,DOWNING ST & 1600 BLK N,1,1,0,0,1,4,,,25,0,0,0,0,0,4,2,1
,2015_73438,0,0,5/28/2015 14:43,14:43,12,0,0,DOWNING ST 1200 BLK S & LOUISIANA AVE E,1,1,0,7,1,4,,,30,0,0,0,0,0,4,2,16
,2015_73439,0,0,3/16/2015 18:18,18:18,1,0,0,DTC BLVD & BELLEVIEW AVE E,1,1,1,7,1,1,,,40,0,0,0,0,1,4,2,7
,2015_73440,0,0,11/6/2015 5:15,5:15,6,0,0,DOWNING ST S & MEXICO AVE E,1,3,0,7,1,4,,,30,0,0,0,0,0,4,2,5
,2015_73441,0,0,9/21/2015 12:27,12:27,11,0,0,EVANS AVE & 2300 BLK E,1,1,0,0,1,5,,,15,0,1,0,0,1,4,3,13
,2015_73442,0,0,6/10/2015 17:43,17:43,1,0,1,EVANS AVE 4100 BLK E & ASH ST S,1,1,0,0,1,2,,,35,0,0,0,0,2,4,2,3
,2015_73443,0,0,8/2/2015 18:07,18:07,3,0,1,EVANS AVE E & ONEIDA ST S,2,1,0,1,1,1,,,45,0,0,0,0,2,4,3,1
,2015_73444,0,0,1/4/2015 11:35,11:35,3,0,0,MARTIN LUTHER KING BLVD E & ELMIRA ST N,5,1,1,0,1,1,,,35,0,0,0,0,0,4,2,7
,2015_73445,0,0,6/5/2015 2:33,2:33,6,0,0,FAURNINT DR 8500 BLK E & VALENTIA ST S,2,3,0,1,1,4,,,25,0,0,0,0,0,4,3,6
,2015_73446,0,0,4/26/2015 11:56,11:56,3,0,0,FLORIDA AVE 4100 BLK E & ALBION ST S,2,1,0,1,1,5,,,30,0,0,0,0,0,4,2,16
,2015_73447,0,0,4/25/2015 11:47,11:47,12,0,0,FLORIDA AVE E & HOLLY ST S,1,1,0,7,1,4,,,30,0,0,0,0,0,4,2,3
,2015_73448,0,0,8/14/2015 20:26,20:26,2,0,1,FRANKLIN ST 1400 BLK N & COLFAX AVE E,1,3,0,0,1,4,,,30,1,0,0,0,2,4,2,13
,2015_73449,0,0,2/16/2015 23:57,23:57,6,0,0,GILL PL 4800 BLK W & WOLFF ST S,4,3,1,2,1,4,,,25,0,0,0,0,0,4,2,16
,2015_73450,0,0,2/1/2015 11:22,11:22,6,0,0,INCA ST 800 BLK N & 9TH AVE W,4,1,0,7,1,4,,,25,0,0,0,0,0,4,2,16
,2015_73451,0,0,7/9/2015 17:26,17:26,3,0,0,IRVING ST N & 46TH AVE W,1,1,1,7,1,1,,,25,0,0,0,0,1,4,2,16
,2015_73452,0,0,9/4/2015 20:00,20:00,5,0,0,JEWELL AVE W & SANTA FE DR S,1,4,0,0,2,4,,,55,0,0,0,0,0,4,1,7
,2015_73453,0,0,1/30/2015 11:25,11:25,5,0,0,JOSEPHINE ST 1600 BLK N & 17TH AVE E,1,1,0,0,3,2,,,35,0,0,0,0,0,4,1,1
,2015_73454,0,0,11/23/2015 15:40,15:40,12,0,0,KNOX CT S & JEWELL AVE W,1,1,0,0,1,1,,,25,0,0,0,0,0,4,2,14
,2015_73455,0,0,1/16/2015 13:00,13:00,5,0,0,KENDALL ST & 2705 BLK S,1,1,1,0,4,1,,,25,0,0,0,0,0,4,1,14
,2015_73456,0,0,3/21/2015 18:20,18:20,1,0,0,KENTUCKY AVE W & MORRISON RD,1,1,0,0,1,1,,,30,0,0,0,0,0,4,2,1
,2015_73457,0,0,4/2/2015 9:20,9:20,12,0,1,LINCOLN ST & 800,2,1,0,0,1,1,,,30,0,0,0,0,2,4,2,13
,2015_73459,0,0,8/14/2015 9:18,9:18,6,0,0,LINCOLN ST 5081 N & 51ST AVE W,1,1,0,7,1,4,,,25,0,0,0,0,0,4,2,14
,2015_73460,0,0,4/29/2015 9:22,9:22,10,0,0,LINCOLN ST 300 BLK S & ALAMEDA AVE E,1,1,0,0,1,2,,,30,0,0,0,0,0,4,2,13
,2015_73461,0,0,1/21/2015 8:30,8:30,12,0,0,MLK BLVD 7700 BLK E & SYRACUSE ST N,2,1,0,2,1,4,,,35,0,0,0,0,0,4,2,7
,2015_73462,0,0,3/30/2015 21:45,21:45,6,0,0,MEMPHIS ST N & 53RD AVE E,1,4,0,7,1,4,,,35,0,0,0,0,0,4,2,7
,2015_73463,0,0,1/11/2015 11:55,11:55,12,0,0,MISSISSIPPI AVE E & VALENTIA ST S,1,1,0,7,1,1,,,35,0,0,0,0,0,4,2,16
,2015_73464,0,0,8/31/2015 8:08,8:08,12,0,0,MONACO ST 400 BLK N & 4TH AVE E,1,1,0,0,1,4,,,30,0,0,0,0,0,4,2,3
,2015_73465,0,0,4/4/2015 12:30,12:30,12,0,0,MONACO ST S & ALAMEDA AVE E,1,1,0,7,1,1,,,30,0,0,0,0,0,4,2,16
,2015_73466,0,0,2/28/2015 2:00,2:00,5,0,0,MONACO PKWY 3700 BLK S & MAGNOLIA WAY S,2,3,0,7,3,4,,,30,0,0,0,0,0,4,1,2
,2015_73467,0,0,3/19/2015 11:50,11:50,3,0,0,MORRISON RD & NEVADA PL W,1,1,0,0,1,1,,,35,0,0,0,0,0,4,2,1
,2015_73468,0,0,2/5/2015 14:40,14:40,9,0,1,NEBRASKA WAY E & GLENCOE ST S,7,1,0,7,1,4,,,25,0,0,0,1,3,4,1,16
,2015_73469,0,0,4/16/2015 11:45,11:45,6,0,0,NOME ST 5000 BLK N & 51ST AVE E,2,1,0,2,1,4,,,25,0,0,0,0,0,4,2,16
,2015_73470,0,0,8/12/2015 13:50,13:50,6,0,0,OGDEN ST & 1500 BLK N,1,1,0,7,1,4,,,30,0,0,0,0,0,4,2,16
,2015_73471,0,0,10/11/2015 1:00,1:00,6,0,0,NAVAJO ST 4300 BLK N & 43RD AVE W,1,3,0,7,1,4,,,25,0,0,0,0,0,4,2,14
,2015_73472,0,0,9/3/2015 18:20,18:20,15,0,0,PARK AVE W & BLAKE ST,2,1,1,1,1,4,,,35,0,0,0,0,0,4,2,13
,2015_73473,0,0,8/7/2015 5:05,5:05,15,0,0,PENA BLVD 7500 BLK & 78TH AVE,1,3,0,0,1,4,,,65,0,0,0,0,0,4,2,14
,2015_73474,0,0,8/5/2015 22:27,22:27,3,0,0,PARK AVE W & LARIMER ST,1,3,0,7,1,1,,,30,0,0,0,0,0,4,2,16
,2015_73475,0,0,1/29/2015 7:33,7:33,12,0,0,PEARL ST 200 BLK S & ALAMEDA AVE E,1,1,0,7,1,2,,,25,0,0,0,0,0,4,2,14
,2015_73476,0,0,3/30/2015 16:02,16:02,3,0,0,PECOS ST & 4500 BLK W,1,1,1,0,1,2,,,30,0,0,0,0,0,4,2,13
,2015_73477,0,0,8/9/2015 18:50,18:50,12,0,0,PENA BLVD 4700 BLK & GVR BLVD,1,1,1,7,1,4,,,35,0,0,0,0,0,4,2,16
,2015_73478,0,0,2/21/2015 2:50,2:50,12,0,0,PENA BLVD 6600 & TOWER RD,10,3,0,2,1,4,,,65,0,0,0,0,0,4,2,16
,2015_73479,0,0,6/3/2015 14:30,14:30,12,0,0,PENA BLVD 7600 BLK & WENATCHEE ST N,1,1,0,7,1,4,,,65,0,0,0,0,0,4,2,16
,2015_73480,0,0,4/5/2015 15:35,15:35,12,0,0,PEORIA ST & 4600 BLK N,1,1,0,0,1,4,,,35,0,0,0,0,0,4,2,12
,2015_73481,0,0,4/28/2015 15:24,15:24,1,0,0,PEORIA ST N & 45TH AVE E,1,1,1,0,6,2,,,35,0,0,0,0,0,4,2,13
,2015_73482,0,0,12/22/2015 15:25,15:25,12,0,0,QUEBEC WAY & 1100 BLK,2,1,0,0,1,2,,,30,0,0,0,0,0,4,2,13
,2015_73483,0,0,3/22/2015 12:00,12:00,12,0,0,QUEBEC ST & 800 BLK S,1,1,0,0,1,4,,,30,0,0,0,0,0,4,2,13
,2015_73484,0,0,5/7/2015 10:40,10:40,15,0,0,14TH ST 900 BLK & CHAMPA ST,1,1,0,7,1,4,,,30,0,0,0,0,0,4,2,16