id,drcog_id,latitude,longitude,crashtime,time,crashtype,numbkilled,numbinjurd,drcoglocat,rdconditin,lightngcon,roadcntgrd,weatherco,location,roaddescrp,schoolzone,constrzone,splimit,bikeinv,pedinv,sctrinv,motoinv,svrty,rdsystem,ttlvehcls,hcf
,2015_73485,0,0,4/23/2015 14:29,14:29,3,0,0,15TH ST 900 BLK & CHAMPA ST,1,1,0,0,1,2,,,,0,0,0,0,0,4,2,13
,2015_73486,0,0,3/31/2015 10:52,10:52,6,0,0,15TH ST 300 BLK & TREMONT PL,1,1,0,7,1,4,,,30,0,0,0,0,0,4,2,16
,2015_73487,0,0,5/8/2015 20:49,20:49,3,0,0,17TH ST & CHAMPA ST,2,3,0,1,1,1,,,25,0,0,0,0,1,4,2,1
,2015_73488,0,0,5/28/2015 17:02,17:02,15,0,0,20TH ST & BROADWAY ST,1,1,0,0,1,1,,,30,0,0,0,0,0,4,2,8
,2015_73489,0,0,12/9/2015 7:55,7:55,10,0,1,22ND ST & LAWRENCE ST,1,1,0,0,1,1,,,25,0,0,0,1,2,4,2,13
,2015_73490,0,0,3/29/2015 1:34,1:34,11,0,1,20TH ST & LARIMER ST,1,3,0,0,1,1,,,,0,1,0,0,2,4,2,13
,2015_73491,0,0,1/18/2015 17:13,17:13,12,0,0,20TH ST 2000 BLK & LITTLE RAVEN ST,1,3,0,7,1,4,,,30,0,0,0,0,0,4,2,16
,2015_73492,0,0,7/22/2015 14:20,14:20,3,0,0,SPEER BLVD N & 8TH AVE W,1,1,0,7,1,1,,,30,0,0,0,0,0,4,2,16
,2015_73493,0,0,8/2/2015 10:08,10:08,3,0,0,SPEER BLVD N & 14TH AVE W,1,1,0,0,1,1,,,35,0,0,0,0,0,4,2,12
,2015_73494,0,0,1/4/2015 1:14,1:14,3,0,0,SPEER BLVD N & AURARIA PKWY,5,3,1,0,1,1,,,30,0,0,0,0,0,4,2,1
,2015_73495,0,0,2/23/2015 7:00,7:00,12,0,0,SPEER BLVD 800 BLK E & CLARKSON ST N,5,1,0,2,1,3,,,30,0,0,0,0,0,4,2,14
,2015_73496,0,0,7/3/2015 23:22,23:22,3,0,0,SPEER BLVD E & DOWNING ST N,1,3,0,0,1,1,,,35,0,0,0,0,1,4,2,14
,2015_73497,0,0,11/25/2015 12:16,12:16,2,0,1,STEELE ST S & EXPOSITION AVE E,1,1,0,0,1,1,,,25,1,0,0,0,2,4,2,14
,2015_73498,0,0,2/1/2015 0:01,0:01,9,0,0,SPEER BLVD & PEARL ST N,5,3,0,2,1,4,,,35,0,0,0,0,0,4,1,14
,2015_73499,0,0,7/5/2015 19:02,19:02,5,0,0,SPORTS BLVD 8100 BLK E & FAIRMOUNT DR E,1,1,0,7,3,6,,,15,0,0,0,0,0,4,1,8
,2015_73500,0,0,1/29/2015 22:15,22:15,15,0,0,STOUT STY 1150 BLK & SPEER BL N,2,3,1,7,1,4,,,30,0,0,0,0,1,4,2,3
,2015_73501,0,0,7/14/2015 3:40,3:40,12,0,0,SYRACUSE ST N & 29TH PL E,1,3,0,7,1,4,,,25,0,0,0,0,0,4,2,2
,2015_73502,0,0,2/10/2015 0:58,0:58,6,0,0,TAMARAC ST N & 16TH AVE E,1,3,0,7,1,4,,,25,0,0,0,0,0,4,2,3
,2015_73503,0,0,3/20/2015 10:25,10:25,15,0,0,TEJON ST 3500 BLK N & 35TH AVE W,1,1,0,0,1,4,,,35,0,0,0,0,0,4,2,14
,2015_73504,0,0,7/8/2015 14:00,14:00,15,0,0,TEJON ST 3000 BLK N & ERIE ST,2,1,0,1,1,4,,,25,0,0,0,0,0,4,2,13
,2015_73505,0,0,6/7/2015 15:28,15:28,3,0,0,TENNESSEE AVE E & MONACO ST S,1,1,0,7,1,1,,,30,0,0,0,0,0,4,2,16
,2015_73506,0,0,2/16/2015 7:30,7:30,12,0,0,TOWER RD N & GVR BLVD E,5,3,0,2,1,1,,,40,0,0,0,0,0,4,2,16
,2015_73507,0,0,5/21/2015 19:50,19:50,12,0,1,TOWER RD N & GVR BLVD E,1,2,0,7,1,3,,,45,0,0,0,0,2,4,4,16
,2015_73508,0,0,7/22/2015 20:20,20:20,15,0,0,TUFTS AVE W & WADSWORTH BLVD S,1,1,0,7,1,4,,,25,0,0,0,0,0,4,2,3
,2015_73509,0,0,3/1/2015 0:48,0:48,6,0,1,VASSAR AVE 135 E & SHERMAN ST S,4,3,1,7,1,4,,,25,0,0,0,0,2,4,2,5
,2015_73510,0,0,3/9/2015 16:56,16:56,1,0,0,YALE AVE E & QUEBEC ST S,1,1,1,0,1,1,,,,0,0,0,0,0,4,2,13
,2015_73511,0,0,2/20/2015 20:15,20:15,11,0,1,YALE AVE 6900 BLK W & REED ST S,1,4,0,2,1,4,,,35,0,1,0,0,2,4,2,13
,2015_73512,0,0,2/20/2015 13:47,13:47,15,0,0,YORK ST 2500 BLK N & 25TH AVE E,1,1,0,0,1,4,,,30,0,0,0,0,0,4,2,13
,2015_73513,0,0,5/17/2015 10:02,10:02,12,0,0,YOSEMITE ST S & OXFORD DR E,1,5,0,7,1,1,,,35,0,0,0,0,0,4,2,16
,2015_73514,0,0,12/25/2015 13:54,13:54,5,0,0,YOSEMITE ST S & S SYRACUSE WAY,4,1,0,2,3,4,,,35,0,0,0,0,0,4,1,14
,2015_73635,39.683674,-104.940414,6/20/2015 11:29,11:29,3,0,0,COLORADO BLVD S & I-25 NB OFF RAMP,1,1,0,0,1,1,,,35,0,0,0,0,0,2,2,13
,2015_73636,39.687253,-104.940548,3/31/2015 9:23,9:23,12,0,0,COLORADO BLVD 1600 BLK S & IOWA AVE E,1,1,0,0,1,4,,,35,0,0,0,0,0,2,3,12
,2015_73637,39.692997,-104.94055,1/6/2015 8:35,8:35,1,0,0,COLORADO BLVD S & LOUISIANA AVE E,2,1,0,0,1,1,,,35,0,0,0,0,1,2,2,7
,2015_73638,39.696625,-104.940562,5/27/2015 10:27,10:27,12,0,0,COLORADO BLVD S & MISSISSIPPI AVE E,1,1,0,0,1,4,,,35,0,0,0,0,0,2,3,13
,2015_73639,39.711621,-104.940627,5/5/2015 14:08,14:08,12,0,0,COLORADO BLVD 200 BLK S & ALAMEDA AVE E,2,1,0,1,1,3,,,35,0,0,0,0,0,2,2,8
,2015_73640,39.717824,-104.940628,8/1/2015 13:39,13:39,12,0,0,COLORADO BLVD N & 1ST AVE E,1,1,1,0,1,3,,,40,0,0,0,0,1,2,2,13
,2015_73641,39.787315,-104.940409,1/5/2015 16:44,16:44,12,0,0,COLORADO BLVD & 50TH AVE (RD W),1,1,0,0,1,3,,,40,0,0,0,0,0,2,2,1
,2015_73648,39.72542,-105.025736,1/22/2015 0:30,0:30,5,0,0,FEDERAL BLVD N & 6TH AVE W,4,3,0,2,2,8,,,35,0,0,0,0,0,2,1,3
,2015_73649,39.725205,-105.018063,5/25/2015 16:30,16:30,10,0,0,6TH AVE W & I-25,1,1,0,0,1,4,,,55,0,0,0,0,0,2,2,7
,2015_73650,39.725211,-105.017879,8/2/2015 20:15,20:15,15,0,0,6TH AVE W & I-25,1,1,0,0,1,4,,,45,0,0,0,0,0,2,2,13
,2015_73652,39.725398,-105.014898,9/20/2015 5:30,5:30,5,0,0,6TH AVE E & I-25 SB RAMPS,1,3,1,0,3,4,,,45,0,0,0,0,0,2,1,5
,2015_73685,39.667154,-104.925285,12/11/2015 7:45,7:45,15,0,0,I-25 SB ON RAMP & YALE AVE E,1,1,0,0,1,8,,,55,0,0,0,0,0,1,2,1
,2015_73686,39.639014,-104.910126,7/23/2015 5:17,5:17,15,0,0,I-25 & QUINCY AVE E,1,2,0,0,1,4,,,65,0,0,0,0,0,1,2,8
,2015_73687,39.687563,-104.968436,7/8/2015 17:31,17:31,12,0,0,I-25 & MM 205,2,1,0,1,1,4,,,60,0,0,0,0,1,1,4,13
,2015_73688,39.687712,-104.968747,5/8/2015 16:35,16:35,12,0,0,I-25 & FRANKLIN ST S,2,1,0,1,1,4,,,55,0,0,0,0,0,1,3,13
,2015_73689,39.690017,-104.973363,2/19/2015 8:49,8:49,1,0,0,DOWNING ST & I-25 SB RAMPS,1,1,0,0,1,1,,,30,0,0,0,0,0,1,2,13
,2015_73690,39.691155,-104.975445,2/25/2015 14:40,14:40,12,0,0,I-25 & DOWNING ST S,6,1,0,2,1,4,,,60,0,0,0,0,0,1,2,3
,2015_73691,39.707122,-104.996782,1/21/2015 9:28,9:28,12,0,0,I-25 & SANTA FE DR S,4,1,1,2,1,4,,,55,0,0,0,0,0,1,3,13
,2015_73692,39.71124,-104.998918,12/2/2015 12:16,12:16,15,0,0,I-25 & ALAMEDA AVE W,1,1,0,0,1,1,,,55,0,0,0,0,0,1,2,13
,2015_73693,39.71124,-104.998918,8/25/2015 19:25,19:25,15,0,0,I-25 & ALAMEDA AVE W,1,3,0,0,1,4,,,55,0,0,0,0,0,1,2,13
,2015_73694,39.71124,-104.998918,6/12/2015 14:30,14:30,12,0,0,I-25 & ALAMEDA AVE W,1,1,0,0,1,4,,,55,0,0,0,0,1,1,3,3
,2015_73695,39.72008,-105.007149,7/11/2015 13:43,13:43,12,0,0,I-25 & 6TH AVE W,1,1,0,0,1,4,,,55,0,0,0,0,0,1,2,3
,2015_73696,39.72543,-105.013021,1/6/2015 18:25,18:25,12,0,0,I-25 EB & 6TH AVE W,2,3,1,0,1,4,,,55,0,0,0,0,0,1,3,13
,2015_73698,39.72543,-105.013021,7/7/2015 13:33,13:33,12,0,0,I-25 & 6TH AVE W,1,1,0,0,1,4,,,55,0,0,0,0,0,1,2,1
,2015_73699,39.730754,-105.015319,1/24/2015 10:30,10:30,15,0,0,I-25 & 8TH AVE W,1,1,0,0,1,4,,,55,0,0,0,0,0,1,2,13
,2015_73700,39.751291,-105.016572,4/20/2015 12:10,12:10,15,0,0,I-25 & 23RD AVE W,1,1,0,0,1,4,,,55,0,0,0,0,0,1,2,14
,2015_73701,39.751291,-105.016572,6/6/2015 6:25,6:25,3,0,0,23RD AVE & I-25 SB RAMPS,1,1,0,0,1,1,,,30,0,0,0,0,0,1,2,1
,2015_73702,39.743467,-105.016086,10/9/2015 8:09,8:09,15,0,0,I-25 & 17TH AVE,1,1,0,0,1,4,,,55,0,0,0,0,0,1,2,16
,2015_73703,39.768039,-104.994788,6/1/2015 6:26,6:26,12,0,0,I-25 & FOX ST N,1,1,0,0,1,4,,,55,0,0,0,0,0,1,2,13
,2015_73704,39.768039,-104.994788,6/30/2015 9:57,9:57,12,0,0,I-25 & 38TH AVE W,1,1,0,0,1,4,,,55,0,0,0,0,0,1,2,1
,2015_73705,39.768039,-104.994788,8/12/2015 8:19,8:19,15,0,0,I-25 & FOX ST N,1,1,0,0,1,4,,,55,0,0,0,0,0,1,2,1
,2015_73706,39.768039,-104.994788,1/29/2015 17:16,17:16,15,0,0,38TH AVE W & FOX ST N,1,1,1,0,1,4,,,35,0,0,0,0,0,1,2,13
,2015_73707,39.783989,-104.989144,3/27/2015 12:29,12:29,15,0,2,I-25 & 48TH AVE,1,1,1,0,1,4,,,55,0,0,0,0,3,1,3,13
,2015_73728,39.711139,-105.018506,4/26/2015 16:00,16:00,12,0,0,ALAMEDA AVE & 2600 BLK W,2,1,0,1,1,4,,,35,0,0,0,0,0,2,2,12
,2015_73729,39.711126,-105.015723,3/31/2015 13:35,13:35,1,0,0,ALAMEDA AVE W & ZUNI ST S,1,1,1,0,1,1,,,35,0,0,0,0,0,2,2,1
,2015_73730,39.711154,-105.022401,9/7/2015 3:24,3:24,8,0,3,ALAMEDA AVE W & DECATUR ST S,1,3,1,0,1,4,,,35,0,0,0,0,3,2,2,5
,2015_73731,39.711184,-105.001357,4/11/2015 13:00,13:00,12,0,0,ALAMEDA AVE W & LIPAN ST S,1,1,0,0,1,4,,,35,0,0,0,0,0,2,3,13
,2015_73732,39.65308,-104.891791,4/16/2015 16:05,16:05,3,0,0,HAMPDEN AVE E & VERBENA ST S,2,1,0,1,1,1,,,25,0,0,0,0,1,2,2,3
,2015_73767,39.740343,-105.032331,2/5/2015 17:50,17:50,11,0,0,COLFAX AVE W & KNOX CT N,1,3,0,0,1,1,,,,0,1,0,0,1,2,2,13
,2015_73768,39.740048,-104.999949,1/10/2015 12:02,12:02,3,0,0,COLFAX AVE W & KALAMATH ST N,1,1,1,0,1,1,,,30,0,0,0,0,0,2,2,13
,2015_73769,39.740048,-104.999949,4/18/2015 0:13,0:13,12,0,0,COLFAX AVE 1000 BLK W & KALAMATH ST N,1,3,0,0,1,4,,,30,0,0,0,0,1,2,2,13
,2015_73770,39.740006,-104.967958,5/20/2015 11:30,11:30,6,0,0,COLFAX AVE 1520 E & FRANKLIN ST N,1,1,0,0,1,4,,,30,0,0,0,0,0,2,2,13
,2015_73771,39.740003,-104.967211,6/11/2015 18:10,18:10,12,0,0,COLFAX AVE & GILPIN ST N,2,2,0,1,1,4,,,30,0,0,0,0,0,2,2,3
,2015_73772,39.740079,-104.912395,7/10/2015 8:50,8:50,3,0,0,COLFAX AVE E & MONACO PKWY N,1,1,0,0,1,1,,,35,0,0,0,0,1,2,2,7
,2015_73773,39.740086,-104.885881,2/9/2015 17:36,17:36,15,0,0,COLFAX AVE E & XENIA ST N,1,2,0,0,1,1,,,35,0,0,0,0,0,2,3,13
,2015_73775,39.740078,-104.901068,10/16/2015 22:05,22:05,6,0,0,COLFAX AVE E & ROSLYN ST N,1,3,0,0,1,4,,,40,0,0,0,0,0,2,2,16
,2015_73786,39.774005,-104.847034,5/5/2015 15:00,15:00,12,0,0,I-70 & PEORIA ST N,2,1,1,1,1,4,,,55,0,0,0,0,0,1,2,13
,2015_73804,39.783724,-105.052722,2/3/2015 15:11,15:11,12,0,0,I-70 WB OFF SLIP RAMP GORE PT & SHERIDAN BLVD N,1,1,1,0,1,8,,,45,0,0,0,0,1,1,2,13
,2015_73805,39.783138,-105.006328,1/27/2015 7:20,7:20,12,0,0,I-70 & PECOS ST N,1,1,1,0,1,4,,,55,0,0,0,0,0,1,3,1
,2015_73806,39.783138,-105.006328,4/14/2015 7:38,7:38,12,0,0,I-70 & PECOS ST N,1,1,0,0,1,4,,,55,0,0,0,0,1,1,2,1
,2015_73807,39.779455,-104.97705,7/8/2015 7:54,7:54,12,0,0,I-70 & CLARKSON ST N (NOT IN CORIS),1,1,1,0,1,4,,,55,0,0,0,0,0,1,2,13
,2015_73808,39.779859,-104.96782,7/7/2015 22:23,22:23,15,0,0,I-70 & BRIGHTON BLVD N,1,3,0,0,1,4,,,55,0,0,0,0,0,1,3,1
,2015_73809,39.779801,-104.96899,9/17/2015 23:49,23:49,15,0,1,I-70 & MM 275.15,1,3,0,0,1,4,,,55,0,0,0,0,2,1,2,13
,2015_73810,39.780013,-104.960371,1/13/2015 16:15,16:15,12,0,0,I-70 & BRIGHTON BLVD N,2,1,0,2,1,4,,,55,0,0,0,0,0,1,2,13
,2015_73811,39.780031,-104.93177,6/10/2015 10:53,10:53,12,0,0,I-70 & DAHLIA ST N,1,1,1,0,1,4,,,55,0,0,0,0,0,1,2,13
,2015_73812,39.778271,-104.89681,5/6/2015 17:15,17:15,5,0,0,I-70 & I-270,2,1,0,1,3,4,,,55,0,0,0,0,0,1,1,12
,2015_73813,39.7783,-104.902316,1/19/2015 8:05,8:05,12,0,0,I-70 EB ON RAMP SPLIT FROM & QUEBEC ST,1,1,1,0,1,8,,,40,0,0,0,0,1,1,2,7
,2015_73814,39.777095,-104.882471,2/8/2015 0:55,0:55,5,0,0,I-70 & CENTRAL PARK BLVD N,1,3,0,0,2,4,,,55,0,0,0,0,0,1,1,13
,2015_73815,39.777095,-104.882471,7/22/2015 6:12,6:12,5,0,0,I-70 & CENTRAL PARK BLVD WB RAMP ENT PT,1,1,1,0,3,1,,,35,0,0,0,0,0,1,1,1
,2015_73816,39.775623,-104.865778,2/22/2015 12:54,12:54,12,0,0,I-70 & HAVANA ST,5,1,0,2,1,4,,,55,0,0,0,0,0,1,2,14
,2015_73817,39.774005,-104.847034,5/21/2015 8:20,8:20,12,0,0,I-70 & PEORIA ST N,1,1,0,0,1,4,,,55,0,0,0,0,0,1,2,13
,2015_73822,39.790106,-105.063889,6/11/2015 16:50,16:50,12,0,0,I-76 & SHERIDAN BLVD,1,1,0,0,1,4,,,65,0,0,0,0,0,1,2,7
,2015_73839,39.70041,-105.025085,7/25/2015 0:45,0:45,12,0,0,S FEDERAL BLVD & W KENTUCKY AVE,1,4,0,7,1,3,,,40,0,0,0,0,0,2,2,16
,2015_73844,39.672545,-104.868014,11/12/2015 18:14,18:14,11,0,0,PARKER RD 2500 BLK S & HARVARD AVE E,1,1,1,0,1,4,,,,0,1,0,0,1,2,2,13
,2015_73846,39.698614,-104.903604,7/24/2015 7:59,7:59,12,0,0,QUEBEC ST S & LEETSDALE DR,1,1,1,0,1,1,,,35,0,0,0,0,0,2,2,7
,2015_73847,39.702285,-104.911958,1/14/2015 16:54,16:54,15,0,0,LEETSDALE DR 6600 BLK & MONACO ST S,1,2,0,0,1,2,,,35,0,0,0,0,0,2,2,7
,2015_73848,39.702877,-104.912743,8/11/2015 17:13,17:13,12,0,0,LEETSDALE DR & MONACO ST S,1,1,1,1,1,4,,,35,0,0,0,0,1,2,2,13
,2015_73855,39.698627,-105.025068,3/17/2015 19:14,19:14,14,0,0,TENNESSEE AVE & FEDERAL BLVD S,1,2,0,0,1,3,,,25,0,0,0,0,0,2,2,5
,2015_73859,39.687549,-104.99194,12/15/2015 7:50,7:50,14,0,0,IOWA AVE 100 BLK W & SANTA FE DR S,4,1,0,1,1,1,,,45,0,0,0,0,0,2,2,1
,2015_73860,39.696599,-104.991901,6/24/2015 11:10,11:10,12,0,0,SANTA FE DR S & MISSISSIPPI AVE W,1,1,0,0,1,4,,,45,0,0,0,0,0,2,2,13
,2015_73861,39.696696,-104.991872,6/10/2015 17:41,17:41,15,0,0,SANTA FE DR S & MISSISSIPPI AVE W,1,1,0,0,1,1,,,35,0,0,0,0,0,2,2,3
,2015_73862,39.696696,-104.991872,7/21/2015 15:45,15:45,15,0,0,MISSISSIPPI AVE W & PLATTE RIVER DR S,1,1,1,0,1,1,,,30,0,0,0,0,0,2,2,7
,2015_73866,39.729259,-105.02515,10/5/2015 18:37,18:37,1,0,0,8TH AVE W & FEDERAL BLVD N,2,3,0,1,1,2,,,35,0,0,0,0,0,2,2,13
,2015_73867,39.717345,-105.025142,12/27/2015 18:47,18:47,5,0,1,FEDERAL BLVD 000 BLK N & IRVINGTON PL W,2,2,0,0,3,4,,,40,0,0,0,0,2,2,1,1
,2015_73868,39.725039,-105.02512,3/10/2015 16:55,16:55,1,0,0,FEDERAL BLVD N & 6TH AVE EB RAMPS,1,1,0,0,1,1,,,40,0,0,0,0,0,2,2,13
,2015_73869,39.704313,-105.025086,8/29/2015 3:18,3:18,12,0,0,FEDERAL BLVD 677 S & EXPOSITIOIN AVE,1,3,0,0,1,4,,,35,0,0,0,0,0,2,2,5
,2015_73871,39.678616,-105.025049,8/17/2015 20:28,20:28,12,0,0,EVANS AVE W & FEDERAL BLVD S,1,3,0,0,1,1,,,35,0,0,0,0,0,2,2,1
,2015_73885,39.694967,-105.053217,5/1/2015 11:15,11:15,12,0,0,SHERIDAN BLVD S & ARIZONA AVE W,1,1,0,0,1,1,,,35,0,0,0,0,0,2,2,3
,2015_73887,39.7254,-105.053138,2/17/2015 17:00,17:00,3,0,0,6TH AVE W & SHERIDAN BLVD N,1,1,0,0,1,1,,,30,0,0,0,0,0,2,2,13
,2015_73891,39.780236,-105.05326,6/1/2015 16:09,16:09,1,0,0,SHERIDAN BLVD N & 46TH AVE W,1,1,1,0,1,1,,,35,0,0,0,0,1,2,2,13
,2015_73892,39.783855,-105.053278,5/21/2015 15:48,15:48,12,0,0,SHERIDAN BLVD & 4800 BLK N,1,1,1,0,1,4,,,35,0,0,0,0,0,2,2,13
,2015_73914,39.781084,-104.899571,3/11/2015 20:53,20:53,5,0,0,I-270 EB OFF RAMP & QUEBEC ST N,1,3,0,0,2,8,,,55,0,0,0,0,1,1,1,5
,2015_73948,39.780804,-104.966749,2/25/2015 16:15,16:15,3,0,0,BRIGHTON BLVD N & 46TH AVE E,4,1,0,2,1,1,,,15,0,0,0,0,1,2,2,7
,2015_73949,39.784444,-104.966694,5/30/2015 0:57,0:57,5,0,0,BRIGHTON BLVD N & 49TH AVE E,1,3,0,0,3,4,,,35,0,0,0,0,0,2,1,5
,2015_73951,39.779661,-104.967133,8/16/2015 1:05,1:05,5,0,0,I-70 EB RAMPS & BRIGHTON BLVD N,2,3,0,1,2,3,,,40,0,0,0,0,0,2,1,5
,2015_73961,39.754855,-105.025129,4/15/2015 17:56,17:56,12,0,0,FEDERAL BLVD & 2600 BLK N,1,1,1,0,1,4,,,35,0,0,0,0,0,2,2,13
,2015_73962,39.75855,-105.025134,5/6/2015 9:08,9:08,15,0,0,FEDERAL BLVD 2900 BLK N & 29TH AVE W,1,1,0,0,1,4,,,35,0,0,0,0,0,2,2,14
,2015_73963,39.75855,-105.025134,7/4/2015 23:11,23:11,5,0,0,29TH AVE W & FEDERAL BLVD N,1,3,0,0,3,3,,,35,0,0,0,0,0,2,1,13
,2015_74149,0,0,2/4/2015 7:46,7:46,3,0,0,1ST AVE & PERRY ST N,5,1,0,2,1,1,,,25,0,0,0,0,0,4,2,13
,2015_74151,0,0,8/10/2015 17:10,17:10,3,0,0,3RD AVE E & BROADWAY TO LINCOLN ST ALLEY N,1,1,0,0,1,5,,,15,0,0,0,0,0,4,2,13
,2015_74152,0,0,5/21/2015 11:30,11:30,6,0,0,3RD AVE 3000 BLK E & MILWAUKEE / ST PAUL ALLEY,1,1,0,7,1,4,,,25,0,0,0,0,0,4,2,7
,2015_74153,0,0,1/16/2015 8:55,8:55,3,0,0,6TH AVE W & DELAWARE ST N,1,1,0,7,1,1,,,35,0,0,0,0,0,4,2,8
,2015_74154,0,0,2/9/2015 16:20,16:20,15,0,0,6TH AVE E & LINCOLN ST N,1,3,0,0,1,1,,,25,0,0,0,0,0,4,2,13
,2015_74155,0,0,4/3/2015 8:43,8:43,15,0,0,6TH AVE E & LINCOLN ST N,1,1,0,0,1,1,,,30,0,0,0,0,0,4,2,13
,2015_74156,0,0,1/20/2015 13:57,13:57,6,0,0,6TH AVE 3000 BLK E & ST PAUL ST N,1,1,0,7,1,3,,,30,0,0,0,0,0,4,2,16
,2015_74157,0,0,2/12/2015 17:28,17:28,3,0,0,10TH AVE E & SHERMAN ST N,1,1,0,7,1,1,,,25,0,0,0,0,0,4,2,1
,2015_74158,0,0,10/16/2015 8:12,8:12,12,0,0,11TH AVE E & LINCOLN ST N,1,1,0,0,1,1,,,30,0,0,0,0,0,4,2,3
,2015_74159,0,0,5/17/2015 19:38,19:38,6,0,0,13TH AVE E & HUMBOLDT ST N,2,3,0,7,1,4,,,25,0,0,0,0,0,4,3,14
,2015_74160,0,0,5/27/2015 11:51,11:51,10,0,0,13TH AVE W & SPEER BLVD N,1,1,1,0,1,1,,,30,0,0,0,0,1,4,2,13
,2015_74161,0,0,8/5/2015 13:00,13:00,15,0,0,13TH AVE 300 BLK E & GRANT ST N,1,1,0,7,1,2,,,30,0,0,0,0,0,4,2,16
,2015_74162,0,0,3/25/2015 8:17,8:17,12,0,0,13TH AVE W & N UMATILLA ST,2,1,0,1,1,3,,,35,0,0,0,0,0,4,2,14
,2015_74163,0,0,12/1/2015 23:03,23:03,3,0,0,17TH AVE E & PEARL ST,5,3,0,0,1,1,,,30,0,0,0,0,0,4,2,7
,2015_74164,0,0,9/17/2015 13:36,13:36,12,0,0,14TH AVE E & SYRACUSE ST N,1,1,0,0,1,1,,,30,0,0,0,0,0,4,2,14
,2015_74165,0,0,5/18/2015 8:23,8:23,10,0,0,17TH AVE E & MARION ST N,1,1,0,0,1,1,,,30,0,0,0,0,0,4,2,13
,2015_74166,0,0,4/3/2015 7:00,7:00,3,0,0,18TH AVE E & GRANT ST N,2,1,0,7,1,1,,,30,0,0,0,0,0,4,2,16
,2015_74167,0,0,1/31/2015 0:54,0:54,3,0,0,18TH AVE & LINCOLN ST N,14,5,0,7,1,1,,,30,0,0,0,0,0,4,2,5
,2015_74168,0,0,2/17/2015 11:35,11:35,15,0,0,18TH AVE E & MARION ST N,2,1,0,2,1,1,,,25,0,0,0,0,1,4,2,13
,2015_74169,0,0,7/13/2015 17:00,17:00,12,0,1,26TH AVE E & LAFAYETTE ST N,1,1,0,7,1,1,,,25,0,0,0,1,2,4,2,7
,2015_74170,0,0,7/2/2015 7:00,7:00,5,0,0,33RD AVE & 3000 BLK E,1,1,0,0,2,4,,,25,0,0,0,0,0,4,1,13
,2015_74171,0,0,6/27/2015 15:42,15:42,6,0,0,32ND AVE W & LOWELL BLVD N,1,1,0,7,1,5,,,25,0,0,0,0,0,4,2,16
,2015_74172,0,0,7/24/2015 11:30,11:30,12,0,0,35TH AVE 7900 BLK E & TRENTON ST N,1,1,0,7,1,4,,,30,0,0,0,0,0,4,2,16
,2015_74173,0,0,5/20/2015 16:20,16:20,3,0,0,36TH AVE E & SYRACUSE ST N,1,2,1,7,1,2,,,,0,0,0,0,0,4,2,8
,2015_74174,0,0,11/13/2015 11:08,11:08,12,0,0,38TH AVE & 3500 BLK W,1,1,1,0,1,5,,,30,0,0,0,0,0,4,2,16
,2015_74175,0,0,4/4/2015 11:20,11:20,6,0,0,38TH AVE 2600 W & CLAY ST N,1,1,0,7,1,4,,,35,0,0,0,0,0,4,2,16
,2015_74176,0,0,11/26/2015 9:40,9:40,6,0,0,36TH AVE & 2500 BLK W,5,1,0,2,1,4,,,25,0,0,0,0,0,4,2,16
,2015_74177,0,0,5/8/2015 11:47,11:47,12,0,0,41ST AVE E & AIRLAWN RD,2,1,0,1,1,1,,,35,0,0,0,0,0,4,2,13
,2015_74178,0,0,1/10/2015 11:30,11:30,6,0,0,43RD AVE 14900 E & EUGENE WAY N,1,1,0,0,1,2,,,35,0,0,0,0,0,4,2,1
,2015_74179,0,0,6/14/2015 9:42,9:42,6,0,0,55TH AVE E & 12590,1,1,0,0,1,4,,,25,0,0,0,0,0,4,2,13
,2015_74180,0,0,2/26/2015 19:10,19:10,15,0,0,56TH AVE E & HAVANA ST N,10,3,0,2,1,1,,,45,0,0,0,0,0,4,2,1
,2015_74183,0,0,3/5/2015 20:59,20:59,6,0,0,ACOMA ST 1100 BLK S & ARIZONA AVE W,1,3,0,7,1,4,,,25,0,0,0,0,0,4,2,16
,2015_74184,0,0,11/9/2015 7:54,7:54,1,0,0,51ST AVE E & BOLLING DR E,1,1,0,0,1,1,,,25,0,0,0,0,1,4,2,14
,2015_74185,0,0,1/30/2015 17:15,17:15,12,0,0,ALAMEDA AVE E & GALENA WAY S,1,3,0,7,1,4,,,35,0,0,0,0,0,4,2,3
,2015_74186,0,0,9/10/2015 16:38,16:38,12,0,0,ALAMEDA AVE E & DAYTON ST S,1,1,0,0,1,4,,,35,0,0,0,0,0,4,2,3
,2015_74187,0,0,6/14/2015 13:30,13:30,3,0,0,ALAMEDA AVE E & HOLLY ST S,1,1,0,7,1,1,,,30,0,0,0,0,0,4,2,16
,2015_74188,0,0,7/8/2015 9:15,9:15,10,0,1,ALAMEDA AVE 3500 BLK E & MADISON MONROE ALLEY,1,1,0,0,1,5,,,35,0,0,0,0,2,4,2,14
,2015_74189,0,0,6/20/2015 11:00,11:00,3,0,0,ARAPAHOE ST & SPEER BLVD N,1,1,0,7,1,1,,,35,0,0,0,0,0,4,2,16
,2015_74190,0,0,4/25/2015 16:47,16:47,1,0,0,ARCHER PL W & BANNOCK ST S,1,1,0,7,1,1,,,25,0,0,0,0,0,4,2,3