id,drcog_id,latitude,longitude,crashtime,time,crashtype,numbkilled,numbinjurd,drcoglocat,rdconditin,lightngcon,roadcntgrd,weatherco,location,roaddescrp,schoolzone,constrzone,splimit,bikeinv,pedinv,sctrinv,motoinv,svrty,rdsystem,ttlvehcls,hcf
,2015_74191,0,0,5/9/2015 12:30,12:30,10,0,0,BANNOCK ST N & 13TH AVE W,1,1,0,0,1,1,,,30,0,0,0,0,1,4,2,13
,2015_74192,0,0,7/17/2015 9:11,9:11,6,0,0,BAYAUD AVE W & RARITAN ST S,1,1,0,7,1,4,,,30,0,0,0,0,0,4,3,7
,2015_74193,0,0,3/26/2015 14:20,14:20,15,0,0,BROADWAY N & 8TH AVE E,1,1,0,0,1,1,,,30,0,0,0,0,0,4,2,13
,2015_74194,0,0,2/1/2015 8:21,8:21,3,0,0,CENTRAL PARK BLVD N & 29TH AVE E,4,1,0,2,1,1,,,35,0,0,0,0,0,4,2,13
,2015_74195,0,0,1/14/2015 12:35,12:35,3,0,0,CENTRAL PARK BLVD N & MLK BLVD E,1,1,0,7,1,1,,,30,0,0,0,0,1,4,2,3
,2015_74196,0,0,6/23/2015 12:05,12:05,6,0,0,COURT PL 1400 & 15TH ST,1,1,0,7,1,4,,,25,0,0,0,0,0,4,2,1
,2015_74197,0,0,5/5/2015 12:55,12:55,3,0,0,CRESTLINE AVE W & WADSWORTH BLVD S,2,1,0,1,1,2,,,30,0,0,0,0,0,4,2,8
,2015_74198,0,0,10/23/2015 7:00,7:00,15,0,0,DEXTER ST & 500 BLK N,1,1,0,0,1,4,,,30,0,0,0,0,0,4,2,13
,2015_74199,0,0,10/26/2015 21:00,21:00,6,0,0,ELIOT ST & 545 S,1,4,0,7,5,2,,,25,0,0,0,0,0,3,2,1
,2015_74200,0,0,10/16/2015 17:44,17:44,5,1,0,ELLSWORTH AVE (2500 BLK W) & BRYANT ST S,1,2,0,0,1,3,,,25,0,0,0,0,4,4,1,1
,2015_74201,0,0,7/17/2015 21:55,21:55,3,0,0,DOWNING ST N & MLK BLVD E,1,3,0,7,1,1,,,30,0,0,0,0,0,4,2,3
,2015_74202,0,0,5/13/2015 11:59,11:59,6,0,1,DURHAM CT 4400 BLK N & DULUTH WAY N,1,1,0,7,1,4,,,25,0,0,0,0,2,4,2,16
,2015_74203,0,0,3/27/2015 9:10,9:10,15,0,0,ELM ST 3000 BLK S & CORNELL AVE E,1,1,0,0,1,3,,,25,0,0,0,0,0,4,2,1
,2015_74204,0,0,4/10/2015 3:13,3:13,5,0,0,EVANS AVE & 4697 BLK E,1,3,0,0,4,1,,,35,0,0,0,0,0,4,1,13
,2015_74205,0,0,1/17/2015 3:03,3:03,6,0,0,YALE AVE W & ZURICH CT S,1,3,1,7,1,4,,,30,0,0,0,0,0,4,2,16
,2015_74206,0,0,5/12/2015 17:21,17:21,1,0,0,EVANS AVE E & BIRCH ST S,1,1,1,0,1,1,,,35,0,0,0,0,0,4,2,13
,2015_74207,0,0,1/3/2015 14:58,14:58,5,0,0,EVANS AVE E & BROADWAY ST S,4,1,1,2,3,1,,,30,0,0,0,0,0,4,1,3
,2015_74208,0,0,4/27/2015 17:01,17:01,5,0,1,EVANS AVE 500 BLK E & PEARL ST S,1,1,1,0,6,4,,,35,0,0,0,0,3,4,2,14
,2015_74209,0,0,8/2/2015 13:31,13:31,12,0,0,EVANS AVE 7000 BLK E & S PONTIAC WAY,1,1,1,7,1,4,,,30,0,0,0,0,1,4,2,16
,2015_74210,0,0,11/5/2015 11:45,11:45,12,0,0,EVANS AVE 6900 BLK E & PONTIAC WAY S,1,1,0,0,1,2,,,35,0,0,0,0,0,4,2,1
,2015_74211,0,0,5/30/2015 15:30,15:30,3,0,0,FLORIDA AVE W & RALEIGH ST S,1,1,0,0,1,2,,,30,0,0,0,0,0,4,2,13
,2015_74212,0,0,3/6/2015 18:28,18:28,3,0,0,GAYLORD ST N & 17TH AVE E,1,2,0,7,1,1,,,25,0,0,0,0,0,4,2,16
,2015_74213,0,0,5/11/2015 15:58,15:58,1,0,1,ILIFF AVE E & DAYTON WAY S,1,1,1,7,1,1,,,40,0,0,0,0,2,4,2,3
,2015_74214,0,0,5/8/2015 18:33,18:33,6,0,0,IOWA AVE E & PEARL ST S,2,1,0,1,1,4,,,25,0,0,0,0,0,4,2,3
,2015_74215,0,0,5/7/2015 16:24,16:24,10,0,0,IVY ST 2900 BLK N & 29TH AVE E,1,1,0,0,1,4,,,30,0,0,0,0,0,4,2,7
,2015_74216,0,0,7/14/2015 16:15,16:15,15,0,0,INCA ST 2800 BLK N & 29TH ST,1,1,0,0,1,4,,,10,0,0,0,0,0,4,2,14
,2015_74217,0,0,9/28/2015 17:15,17:15,6,0,0,LAFAYETTE ST 900 BLK N & 9TH AVE E,1,1,0,7,1,4,,,25,0,0,0,0,0,4,2,14
,2015_74218,0,0,7/3/2015 0:15,0:15,3,0,0,LARIMER ST 2000 BLK & 20TH ST,1,3,0,0,1,2,,,35,0,0,0,0,0,4,2,3
,2015_74219,0,0,7/27/2015 15:54,15:54,3,0,0,LINCOLN ST N & 8TH AVE E,1,1,0,7,1,1,,,30,0,0,0,0,0,4,2,16
,2015_74220,0,0,3/7/2015 11:57,11:57,15,0,0,LINCOLN ST 1600 BLK N & 17TH AVE E,1,1,0,7,1,4,,,30,0,0,0,0,0,4,2,2
,2015_74221,0,0,6/17/2015 16:01,16:01,15,0,0,LOGAN ST 1100 BLK N & 12TH AVE E,1,1,0,7,1,4,,,30,0,0,0,0,0,4,2,16
,2015_74222,0,0,3/19/2015 18:30,18:30,12,0,0,LOGAN ST 300 BLK S & ALAMEDA AVE E,1,1,0,0,1,3,,,30,0,0,0,0,0,4,2,13
,2015_74223,0,0,6/19/2015 18:19,18:19,6,0,1,LOGAN ST S & CENTER AVE E,1,1,0,7,1,4,,,30,0,0,0,0,2,4,3,5
,2015_74224,0,0,2/21/2015 19:48,19:48,6,0,0,LOWELL BLVD & 4500 BLK S,5,4,1,2,1,4,,,25,0,0,0,0,0,4,2,13
,2015_74225,0,0,8/14/2015 18:30,18:30,2,0,0,MARKET ST & 1900 BLK,1,1,0,0,1,4,,,25,1,0,0,0,0,4,2,1
,2015_74226,0,0,8/18/2015 13:45,13:45,2,0,1,MISSISSIPPI AVE E & UNIVERSITY BLVD S,1,1,0,0,1,3,,,25,1,0,0,0,2,4,2,13
,2015_74227,0,0,8/6/2015 17:30,17:30,12,0,0,MARTIN LUTHER KING BL & MONACO PKWY N,1,1,1,7,1,1,,,35,0,0,0,0,1,4,3,16
,2015_74228,0,0,6/23/2015 16:34,16:34,6,0,0,MAXWELL PL E & LIVERPOOL ST N,1,1,1,7,1,1,,,25,0,0,0,0,0,4,2,12
,2015_74229,0,0,3/10/2015 11:10,11:10,12,0,0,MONACO ST 2800 BLK S & BROWN PL E,1,1,0,7,1,3,,,35,0,0,0,0,1,4,2,3
,2015_74230,0,0,4/21/2015 17:31,17:31,12,0,0,MONACO ST 900 BLK S & KENTUCKY AVE E,1,1,0,7,1,4,,,35,0,0,0,0,1,4,2,16
,2015_74231,0,0,5/1/2015 16:17,16:17,15,0,0,MONACO PKWY N & STAPLETON DR N,1,1,0,0,1,3,,,30,0,0,0,0,0,4,2,7
,2015_74232,0,0,2/14/2015 4:00,4:00,6,0,0,NAVAJOE ST 3700 BLK N & 37TH AVE W,1,3,0,7,3,4,,,25,0,0,0,0,0,4,3,16
,2015_74233,0,0,2/25/2015 13:06,13:06,1,0,0,NEWPORT ST S & UNION AVE E,2,1,0,2,1,1,,,25,0,0,0,0,0,4,2,16
,2015_74234,0,0,5/12/2015 18:15,18:15,3,0,0,OHIO AVE & RALEIGH ST S,1,2,0,0,1,1,,,25,0,0,0,0,0,4,2,13
,2015_74235,0,0,2/15/2015 21:40,21:40,12,0,0,PARK AVE W 1800 BLK & DELGANY ST,6,3,0,2,1,4,,,35,0,0,0,0,1,4,2,5
,2015_74236,0,0,6/5/2015 15:35,15:35,3,0,0,PARK AVE & GLENARM PL,2,1,0,1,1,1,,,30,0,0,0,0,0,4,2,16
,2015_74237,0,0,1/20/2015 23:35,23:35,3,0,0,PARK AVE & MARION ST N,1,3,0,0,1,1,,,25,0,0,0,0,1,4,2,8
,2015_74238,0,0,6/23/2015 8:49,8:49,14,0,0,PEARL ST S & ELLSWORTH AVE E,1,1,0,7,1,4,,,20,0,0,0,0,0,4,2,16
,2015_74239,0,0,3/25/2015 19:35,19:35,6,0,0,PEARL ST 1400 BLK S & FLORIDA AVE E,1,2,0,7,1,4,,,25,0,0,0,0,0,4,3,3
,2015_74240,0,0,4/17/2015 11:55,11:55,5,0,1,PENA BLVD 22400 BLK & GUNN CLUB RD N,2,1,1,1,2,4,,,65,0,0,0,0,3,4,1,1
,2015_74241,0,0,2/21/2015 18:24,18:24,5,0,0,PENA BLVD OUTBOUND 7400 BLK & TOWER RD N,4,3,1,2,2,4,,,65,0,0,0,0,0,4,1,7
,2015_74242,0,0,5/20/2015 12:24,12:24,15,0,0,PEORIA ST N & 38TH AVE E,1,1,2,7,1,4,,,35,0,0,0,0,0,4,2,4
,2015_74243,0,0,7/25/2015 14:36,14:36,15,0,0,PEORIA ST N & 46TH AVE E,1,1,0,0,1,1,,,35,0,0,0,0,0,4,3,13
,2015_74244,0,0,10/28/2015 9:12,9:12,12,0,0,QUEBEC ST N & 8TH AVE E,1,1,1,0,1,4,,,35,0,0,0,0,0,4,3,13
,2015_74245,0,0,8/27/2015 13:10,13:10,12,0,0,PEORIA ST N & I-70 EB OFF RAMP,1,1,0,0,1,3,,,35,0,0,0,0,0,4,2,13
,2015_74246,0,0,7/17/2015 3:55,3:55,3,0,0,PERRY ST N & 13TH AVE W,1,3,0,7,1,1,,,30,0,0,0,0,0,4,2,16
,2015_74247,0,0,2/5/2015 8:04,8:04,12,0,0,PLATTE RIVER DR S & FLORIDA AVE W,1,1,0,7,1,4,,,35,0,0,0,0,0,4,2,7
,2015_74248,0,0,1/3/2015 17:55,17:55,3,0,0,QUEBEC ST N & MLK BLVD E,10,3,0,2,1,1,,,35,0,0,0,0,0,4,2,13
,2015_74249,0,0,5/11/2015 17:30,17:30,12,0,0,QUEBEC ST 3900 BLK N & SMITH RD E,1,1,1,0,1,4,,,40,0,0,0,0,0,4,2,7
,2015_74250,0,0,3/28/2015 0:20,0:20,6,0,0,QUITMAN ST & 529 BLK S,1,4,0,0,1,4,,,35,0,0,0,0,0,4,3,2
,2015_74251,0,0,2/19/2015 7:54,7:54,12,0,0,QUITMAN ST S & HARVARD AVE W,1,1,0,7,1,1,,,25,0,0,0,0,0,4,2,3
,2015_74252,0,0,8/19/2015 22:11,22:11,12,0,0,14TH ST & WELTON ST,1,3,0,7,1,3,,,30,0,0,0,0,0,4,2,16
,2015_74253,0,0,6/16/2015 18:43,18:43,15,0,0,15TH ST 700 BLK & CALIFORNIA ST,1,1,0,0,1,3,,,25,0,0,0,0,0,4,2,8
,2015_74254,0,0,6/23/2015 18:15,18:15,1,0,0,20TH ST & LITTLERAVEN ST,1,1,1,0,1,1,,,35,0,0,0,0,0,4,2,13
,2015_74255,0,0,3/15/2015 22:13,22:13,1,0,0,20TH ST & MARKET ST,1,3,1,7,1,1,,,30,0,0,0,0,0,4,2,16
,2015_74256,0,0,5/23/2015 2:25,2:25,5,0,0,20TH ST 1600 BLK & WAZEE ST,1,3,0,7,2,3,,,35,0,0,0,0,0,4,1,5
,2015_74257,0,0,7/26/2015 2:35,2:35,3,0,0,22ND ST & CALIFORNIA ST,1,3,1,7,1,1,,,35,0,0,0,0,0,4,2,3
,2015_74258,0,0,2/12/2015 15:42,15:42,12,0,0,SANTA FE DR S & ALAMEDA AVE W,1,1,0,0,1,1,,,30,0,0,0,0,0,4,2,13
,2015_74259,0,0,4/9/2015 20:22,20:22,5,0,0,SMITH RD 7000 E & OLIVE ST N,1,3,0,0,2,4,,,40,0,0,0,0,0,4,1,13
,2015_74260,0,0,1/19/2015 17:05,17:05,12,0,0,SPEER BLVD & 1300 BLK N,1,2,1,0,1,4,,,30,0,0,0,0,0,4,3,13
,2015_74261,0,0,5/1/2015 11:45,11:45,12,0,0,SPEER BLVD & 1400 BLK NB,1,1,0,0,1,4,,,35,0,0,0,0,0,4,2,13
,2015_74262,0,0,9/8/2015 8:23,8:23,15,0,0,SPEER BLVD 800 BLK N & SPEER BLVD,1,1,0,0,1,4,,,30,0,0,0,0,0,4,2,14
,2015_74263,0,0,2/1/2015 1:38,1:38,5,0,0,SPEER BLVD & CORONA ST N,4,3,0,2,3,3,,,25,0,0,0,0,0,4,1,5
,2015_74264,0,0,7/10/2015 7:20,7:20,6,0,0,SPEER BLVD 1000 BLK N & DELAWARE ST N,1,1,0,7,1,4,,,35,0,0,0,0,0,4,2,16
,2015_74265,0,0,7/9/2015 15:12,15:12,12,0,0,SPEER BLVD 1300 BLK N & GALAPAGO ST N,1,1,0,7,1,4,,,30,0,0,0,0,0,4,2,16
,2015_74266,0,0,8/2/2015 18:40,18:40,15,0,0,SPEER BLVD 0000 BLK E & LINCOLN ST N,1,1,0,7,1,4,,,30,0,0,0,0,0,4,2,3
,2015_74268,0,0,3/21/2015 2:15,2:15,12,0,0,SPEER BLVD 1800 BLK N & WEWATTA ST,1,4,0,7,1,4,,,25,0,0,0,0,0,4,3,14
,2015_74269,0,0,7/7/2015 16:20,16:20,1,0,0,STEELE ST S & BAYAUD AVE E,2,1,0,1,1,1,,,30,0,0,0,0,1,4,2,16
,2015_74270,0,0,7/19/2015 9:39,9:39,10,0,0,STAPLETON N DR E & MONACO PKWY N,1,1,0,0,1,1,,,30,0,0,0,0,0,4,2,1
,2015_74271,0,0,3/26/2015 6:35,6:35,3,0,0,STOUT ST & 18TH ST,1,1,0,0,1,1,,,30,0,0,0,0,0,4,2,13
,2015_74272,0,0,5/31/2015 0:30,0:30,5,0,0,ULSTER ST S & TECHNOLOGY WAY E,1,3,1,0,3,4,,,35,0,0,0,0,0,4,1,2
,2015_74273,0,0,6/1/2015 18:51,18:51,12,0,0,UNIVERSITY BLVD S & CENTER AVE E,1,1,0,7,1,1,,,30,0,0,0,0,0,4,2,3
,2015_74274,0,0,11/18/2015 17:30,17:30,15,0,0,UNIVERSITY BLVD N & 1ST AVE E,1,3,0,0,1,4,,,30,0,0,0,0,0,4,2,1
,2015_74275,0,0,5/27/2015 15:57,15:57,3,0,0,UNIVERSITY BLVD 2400 BLK S & HARVARD AVE E,1,1,0,7,1,2,,,30,0,0,0,0,0,4,2,16
,2015_74276,0,0,1/23/2015 16:57,16:57,3,0,0,UNIVERSITY BLVD S & MISSISSIPPI AVE E,1,2,0,7,1,1,,,35,0,0,0,0,0,4,3,16
,2015_74277,0,0,1/16/2015 16:45,16:45,3,0,0,VALLEJO ST N & 30TH AVE W,1,1,0,7,1,1,,,25,0,0,0,0,1,4,2,16
,2015_74278,0,0,4/17/2015 18:00,18:00,3,0,1,VERBENA ST N & 14TH AVE E,1,1,0,7,1,1,,,25,0,0,0,0,2,4,2,9
,2015_74279,0,0,1/8/2015 21:31,21:31,6,0,0,W VIRGINIA AVE & WOLFF ST S,5,3,1,2,1,4,,,25,0,0,0,0,0,4,2,14
,2015_74280,0,0,4/18/2015 16:40,16:40,3,0,0,VRAIN ST N & 38TH AVE W,1,1,0,7,1,1,,,35,0,0,0,0,0,4,2,16
,2015_74281,0,0,11/8/2015 9:50,9:50,11,0,0,WILLIAMS ST N & 26TH AVE E,1,1,0,1,1,1,,,30,0,1,0,0,1,4,2,16
,2015_74282,0,0,1/23/2015 2:00,2:00,6,0,0,WASHINGTON ST S & EXPOSITION AVE E,1,3,0,7,1,4,,,25,0,0,0,0,0,4,2,16
,2015_74283,0,0,1/2/2015 15:05,15:05,3,0,0,YORK ST 3400 BLK N & BRUCE RANDOLPH AVE E,1,5,1,7,1,1,,,30,0,0,0,0,0,4,2,16
,2015_74284,0,0,1/22/2015 12:19,12:19,3,0,0,YORK ST N & BRUCE RANCOLPH AVE E,1,1,0,0,1,2,,,10,0,0,0,0,0,4,2,5
,2015_74285,0,0,11/18/2015 16:00,16:00,15,0,0,ZUNI ST N & 29TH AVE W,1,1,0,0,1,1,,,30,0,0,0,0,0,4,2,16
,2015_74347,39.780016,-104.954122,1/31/2015 23:07,23:07,5,0,1,I-70 & CLAYTON ST N,4,3,0,2,2,4,,,55,0,0,0,0,2,1,1,7
,2015_74363,39.780016,-104.953183,4/3/2015 6:30,6:30,5,0,0,I-70 & FILLMORE ST N,11,1,0,0,2,4,,,55,0,0,0,0,0,1,1,13
,2015_74423,39.706129,-104.940624,5/21/2015 13:15,13:15,1,0,0,COLORADO BLVD S & CHERRY CREEK DR S,1,1,0,0,1,1,,,35,0,0,0,0,0,2,2,13
,2015_74425,39.711115,-104.940627,12/10/2015 5:33,5:33,12,0,0,COLORADO BLVD S & ALAMEDA AVE E,1,3,0,0,1,4,,,35,0,0,0,0,0,2,2,1
,2015_74426,39.706803,-104.940624,6/20/2015 11:49,11:49,12,0,0,COLORADO BLVD & VIRGINIA AVE,1,1,0,0,1,4,,,35,0,0,0,0,0,2,2,14
,2015_74429,39.717824,-104.940628,1/6/2015 7:40,7:40,12,0,0,1ST AVE E & COLORADO BLVD N,5,1,1,0,1,1,,,25,0,0,0,0,0,2,2,13
,2015_74430,39.717824,-104.940628,6/11/2015 18:05,18:05,12,0,0,COLORADO BLVD N & 1ST AVE,1,1,1,1,1,3,,,30,0,0,0,0,1,2,3,13
,2015_74431,39.678261,-104.94063,9/5/2015 15:42,15:42,12,0,0,COLORADO BLVD 2100 BLK S & EVANS AVE E,1,1,0,0,1,3,,,40,0,0,0,0,0,2,2,1
,2015_74432,39.747364,-104.940604,4/25/2015 15:18,15:18,12,0,0,COLORADO BLVD N & MONTVIEW BLVD E,1,1,1,0,1,1,,,35,0,0,0,0,0,2,2,3
,2015_74433,39.765639,-104.940496,2/19/2015 13:00,13:00,3,0,0,COLORADO BLVD N & 35TH AVE E,1,1,0,0,1,1,,,40,0,0,0,0,1,2,2,13
,2015_74434,39.760205,-104.940518,10/2/2015 7:55,7:55,12,0,0,COLORADO BLVD N & 30TH AVE E,1,1,0,0,1,4,,,30,0,0,0,0,0,2,2,13
,2015_74435,39.772749,-104.940505,2/18/2015 18:00,18:00,15,0,0,COLORADO BLVD N & 40TH AVE E,1,3,1,0,1,3,,,35,0,0,0,0,0,2,2,1
,2015_74445,39.725457,-105.032462,1/12/2015 7:08,7:08,12,0,0,6TH AVE W & LOWELL BLVD N,1,3,1,0,1,4,,,55,0,0,0,0,0,2,2,12
,2015_74446,39.725457,-105.032462,8/4/2015 17:20,17:20,12,0,0,6TH AVE WB & KNOX CT N,1,1,0,0,1,4,,,55,0,0,0,0,0,2,2,7
,2015_74447,39.725454,-105.032275,7/25/2015 14:20,14:20,12,0,0,6TH AVE W & KNOX CT N,1,1,0,0,1,4,,,45,0,0,0,0,0,2,4,13
,2015_74448,39.725357,-105.021792,7/12/2015 13:37,13:37,12,0,0,6TH AVE & FEDERAL BLVD ON RAMP,1,1,0,0,1,4,,,45,0,0,0,0,0,2,2,8
,2015_74449,39.725205,-105.018063,4/5/2015 10:56,10:56,15,0,0,6TH AVE W & I-25 NB ON RAMP,1,1,1,0,1,4,,,50,0,0,0,0,0,2,2,13
,2015_74450,39.725398,-105.014898,8/14/2015 16:20,16:20,12,0,0,6TH AVE W & I-25,1,1,1,7,1,4,,,45,0,0,0,0,0,2,2,16
,2015_74451,39.780507,-104.949717,1/2/2015 19:57,19:57,1,0,0,STEELE ST 4500 BLK N & I-70,2,3,1,0,1,1,,,30,0,0,0,0,0,2,2,13
,2015_74452,39.78352,-104.94805,6/2/2015 3:09,3:09,5,0,0,48TH AVE E & VASQUEZ BLVD,1,3,0,0,2,4,,,40,0,0,0,0,1,2,1,2
,2015_74484,39.623866,-104.901444,1/3/2015 22:00,22:00,15,0,0,I-25 & BELLEVIEW AVE E,5,3,0,2,1,4,,,65,0,0,0,0,0,1,2,7
,2015_74485,39.64665,-104.914574,7/23/2015 18:52,18:52,12,0,0,I-25 & HAMPDEN AVE E,1,1,0,0,1,4,,,55,0,0,0,0,0,1,3,13
,2015_74486,39.651203,-104.917222,4/25/2015 2:55,2:55,5,0,0,I-25 & HAMPDEN AVE E NB RAMP ENT PT,1,3,0,0,2,4,,,65,0,0,0,0,0,1,1,5
,2015_74487,39.656555,-104.91981,3/5/2015 8:17,8:17,12,0,0,I-25 & HAMPDEN AVE E,1,1,1,0,1,4,,,65,0,0,0,0,0,1,2,3
,2015_74489,39.68492,-104.959513,5/15/2015 16:08,16:08,12,0,0,UNIVERSITY BLVD S & I-25 NB RAMPS,1,1,0,0,1,1,,,30,0,0,0,0,0,1,2,3
,2015_74490,39.685704,-104.964553,5/1/2015 16:00,16:00,12,0,0,I-25 SB COLLECTOR OFF RAMP & FRANKLIN ST S,1,1,0,0,1,4,,,35,0,0,0,0,0,1,3,14
,2015_74491,39.692284,-104.976903,2/25/2015 7:23,7:23,12,0,0,I-25 & EMERSON ST S,1,1,0,0,1,4,,,60,0,0,0,0,0,1,2,13
,2015_74492,39.701452,-104.987435,8/5/2015 12:30,12:30,12,0,0,I-25 & BROADWAY ST S,1,1,1,0,1,4,,,55,0,0,0,0,0,1,2,3
,2015_74493,39.71124,-104.998918,12/2/2015 17:55,17:55,15,0,0,I-25 & ALAMEDA AVE W,1,2,0,0,1,4,,,55,0,0,0,0,0,1,2,14
,2015_74494,39.705112,-104.995181,1/4/2015 18:56,18:56,15,0,0,I-25 & ALAMEDA AVE W,9,3,0,0,1,4,,,55,0,0,0,0,0,1,2,13
,2015_74495,39.707908,-104.997162,10/23/2015 21:27,21:27,12,0,0,I-25 NB ON FLYOVER RAMP & SANTA FE DR,1,3,1,0,1,8,,,30,0,0,0,0,0,1,2,1
,2015_74496,39.717813,-105.004403,1/8/2015 10:52,10:52,15,0,0,I-25 & MM 208.5,1,1,0,0,1,4,,,55,0,0,0,0,1,1,3,1
,2015_74497,39.722563,-105.010032,3/6/2015 10:15,10:15,12,0,0,I-25 & 6TH AVE W,1,1,0,0,1,4,,,55,0,0,0,0,1,1,2,13
,2015_74499,39.72543,-105.013021,3/31/2015 17:30,17:30,15,0,0,I-25 & 6TH AVE W,1,1,0,0,1,4,,,55,0,0,0,0,0,1,2,13
,2015_74500,39.729334,-105.014821,3/4/2015 22:24,22:24,1,0,0,8TH AVE W & WYANDOT ST,1,3,0,0,1,1,,,35,0,0,0,0,1,1,2,8
,2015_74502,39.744276,-105.016914,1/31/2015 11:40,11:40,15,0,0,I-25 & 23RD AVE W,1,1,0,0,1,4,,,55,0,0,0,0,0,1,2,13
,2015_74503,39.742182,-105.014789,10/21/2015 6:28,6:28,15,0,0,I-25 & AURARIA PKWY,2,2,1,1,1,4,,,55,0,0,0,0,0,1,2,16
,2015_74504,39.755141,-105.012706,8/25/2015 11:16,11:16,2,0,0,SPEER BLVD N & I-25 SB RAMPS,1,1,0,0,1,1,,,35,1,0,0,0,0,1,2,14
,2015_74505,39.757148,-105.009912,6/15/2015 14:40,14:40,12,0,1,I-25 & 15TH ST,1,1,1,0,1,4,,,55,0,0,0,0,2,1,2,13
,2015_74506,39.768039,-104.994788,8/11/2015 9:55,9:55,15,0,0,I-25 & 38TH AVE W,1,1,1,0,1,4,,,55,0,0,0,0,0,1,2,7
,2015_74507,39.768521,-104.993734,2/23/2015 9:27,9:27,15,0,0,I-25 NB OFF RAMP GORE PT TO EB & I-70,5,1,0,2,1,8,,,55,0,0,0,0,0,1,2,13
,2015_74526,39.711096,-105.030079,4/3/2015 19:15,19:15,12,0,0,ALAMEDA AVE W & IRVING ST S,1,1,0,0,1,4,,,35,0,0,0,0,0,2,3,13
,2015_74527,39.711077,-105.025062,10/4/2015 20:23,20:23,15,0,0,FEDERAL BLVD S & ALAMEDA AVE W,1,3,0,0,1,1,,,35,0,0,0,0,0,2,2,13
,2015_74528,39.653077,-104.898688,7/23/2015 21:20,21:20,15,0,0,HAMPDEN AVE E & TAMARAC DR S,1,3,0,0,1,1,,,40,0,0,0,0,0,2,2,13
,2015_74529,39.653026,-104.881695,3/14/2015 17:20,17:20,15,0,0,HAMPDEN AVE E & AKRON ST S,1,1,0,0,1,1,,,45,0,0,0,0,0,2,2,13
,2015_74536,39.777393,-104.903402,7/24/2015 10:30,10:30,12,0,0,QUEBEC ST N & I-70 EB RAMPS,1,1,0,0,1,1,,,35,0,0,0,0,0,2,2,12
,2015_74537,39.779169,-104.903401,7/7/2015 11:15,11:15,12,0,0,QUEBEC ST N & I-70,1,1,1,0,1,4,,,45,0,0,0,0,0,2,2,13
,2015_74557,39.739999,-104.990376,5/17/2015 20:38,20:38,15,0,0,7590 W COLFAX AVE & 14TH AVE W,2,3,0,1,1,3,,,45,0,0,0,0,0,2,2,15
,2015_74558,39.74037,-104.988422,6/19/2015 8:35,8:35,15,0,0,COLFAX AVE & 15TH ST,1,1,0,0,1,4,,,30,0,0,0,0,0,2,2,13
,2015_74559,39.740002,-104.987332,7/30/2015 8:45,8:45,12,0,0,COLFAX AVE 000 BLK E & BROADWAY ST,1,1,0,0,1,1,,,30,0,0,0,0,0,2,2,13
,2015_74560,39.739999,-104.990376,6/25/2015 11:05,11:05,15,0,0,COLFAX AVE 100 BLK W & BANNOCK ST N,1,1,0,0,1,1,,,30,0,0,0,0,0,2,2,13
,2015_74561,39.740009,-104.96852,2/7/2015 18:29,18:29,1,0,0,FRANKLIN ST N & COLFAX AVE E,1,3,0,0,1,1,,,25,0,0,0,0,1,2,2,1
,2015_74562,39.740002,-104.96702,3/25/2015 17:30,17:30,12,0,0,COLFAX AVE 1700 BLK E & GILPIN ST N,1,1,0,0,1,4,,,30,0,0,0,0,0,2,2,3
,2015_74563,39.740068,-104.939526,1/12/2015 8:00,8:00,15,0,0,COLFAX AVE E & ALBION ST N,1,1,0,0,1,1,,,35,0,0,0,0,0,2,2,7
,2015_74564,39.740079,-104.899945,6/18/2015 13:00,13:00,1,0,0,COLFAX AVE E & ROSEMARY ST N,1,1,0,0,1,1,,,35,0,0,0,0,0,2,2,13
,2015_74565,39.74008,-104.897513,6/22/2015 17:06,17:06,14,0,1,SPRUCE ST N & COLFAX AVE E,1,1,0,0,1,1,,,35,0,0,0,0,2,2,2,1
,2015_74567,39.74008,-104.898636,11/16/2015 5:56,5:56,3,0,0,COLFAX AVE E & SYRACUSE ST N,1,3,0,0,1,1,,,35,0,0,0,0,0,2,2,13
,2015_74601,39.78002,-104.960694,7/18/2015 14:45,14:45,5,0,0,I-70 & YORK ST N,1,1,0,6,1,4,,,55,0,0,0,0,0,1,2,14
,2015_74602,39.780014,-104.959201,8/14/2015 13:20,13:20,12,0,0,I-70 & YORK ST,1,1,0,0,1,4,,,55,0,0,0,0,1,1,2,2
,2015_74603,39.780031,-104.93177,11/6/2015 13:04,13:04,15,0,0,I-70 & MONACO PKWY,1,1,0,0,1,4,,,55,0,0,0,0,0,1,2,16
,2015_74604,39.778287,-104.912805,6/2/2015 8:53,8:53,12,0,0,I-70 & QUEBEC ST N,1,1,0,0,1,4,,,55,0,0,0,0,1,1,2,13
,2015_74605,39.778289,-104.912048,8/12/2015 16:19,16:19,12,0,0,I-70 & MM 278,1,1,1,0,1,4,,,55,0,0,0,0,0,1,2,13
,2015_74606,39.777111,-104.882643,2/2/2015 10:09,10:09,15,0,0,I-70 & CENTRAL PARK BLVD N,1,1,0,0,1,4,,,55,0,0,0,0,0,1,2,13
,2015_74607,39.777095,-104.882471,6/14/2015 23:20,23:20,12,0,0,I-70 & CENTRAL PARK BLVD,1,4,0,0,1,4,,,55,0,0,0,0,0,1,2,13