id,drcog_id,latitude,longitude,crashtime,time,crashtype,numbkilled,numbinjurd,drcoglocat,rdconditin,lightngcon,roadcntgrd,weatherco,location,roaddescrp,schoolzone,constrzone,splimit,bikeinv,pedinv,sctrinv,motoinv,svrty,rdsystem,ttlvehcls,hcf
,2015_74608,39.777095,-104.882471,2/4/2015 8:10,8:10,3,0,0,CENTRAL PARK BLVD N & I-70,5,1,1,2,1,1,,,30,0,0,0,0,0,1,2,13
,2015_74609,39.777111,-104.882643,12/21/2015 13:17,13:17,15,0,0,I-70 EB OFF RAMP & CENTRAL PARKWAY BLVD,1,1,0,0,1,8,,,25,0,0,0,0,0,1,2,13
,2015_74610,39.774068,-104.847761,7/21/2015 8:00,8:00,12,0,0,I-70 EB OFF SLIP RAMP & PEORIA ST N,1,1,1,0,1,8,,,25,0,0,0,0,0,1,2,13
,2015_74637,39.698614,-104.903604,3/26/2015 12:56,12:56,1,0,0,LEETSDALE DR & QUEBEC ST S,1,1,0,0,1,1,,,35,0,0,0,0,0,2,2,3
,2015_74638,39.704386,-104.915602,1/20/2015 7:50,7:50,12,0,0,LEETSDALE DR 6300 BLK & EXPOSITION AVE E,1,2,0,0,1,4,,,35,0,0,0,0,0,2,3,3
,2015_74646,39.696696,-104.991872,6/1/2015 5:20,5:20,1,0,0,MISSISSIPPI AVE W & SANTA FE DR S,1,1,1,0,1,1,,,35,0,0,0,0,0,2,2,13
,2015_74652,39.708847,-104.996168,7/26/2015 2:38,2:38,5,0,0,SANTA FE DR S & I-25 NB OFF RAMP,1,3,0,0,2,4,,,30,0,0,0,0,0,2,1,13
,2015_74656,39.714965,-105.025152,4/26/2015 22:59,22:59,5,0,2,FEDERAL BLVD 100 BLK S & BAYAUD AVE W,2,3,1,1,3,3,,,35,0,0,0,0,3,2,1,5
,2015_74657,39.70041,-105.025085,7/29/2015 21:15,21:15,1,0,0,FEDERAL BLVD S & KENTUCKY AVE W,1,3,0,0,1,1,,,35,0,0,0,0,0,2,2,1
,2015_74658,39.696764,-105.025061,6/5/2015 17:00,17:00,3,0,1,FEDERAL BLVD S & MISSISSIPPI AVE W,1,1,0,0,1,1,,,35,0,0,0,0,2,2,2,13
,2015_74659,39.689701,-105.025059,3/24/2015 19:00,19:00,12,0,0,FEDERAL BLVD S & FLORIDA AVE W,1,2,0,0,1,3,,,40,0,0,0,0,0,2,2,1
,2015_74660,39.682271,-105.025016,7/17/2015 19:32,19:32,12,0,0,FEDERAL BLVD 1900 BLK S & JEWELL AVE,1,1,0,0,1,4,,,40,0,0,0,0,0,2,2,7
,2015_74661,39.667681,-105.025108,4/23/2015 16:12,16:12,12,0,0,FEDERAL BLVD S & YALE AVE W,1,1,0,0,1,1,,,20,0,0,0,0,0,2,2,13
,2015_74662,39.659394,-105.025251,4/10/2015 11:49,11:49,15,0,0,FEDERAL BLVD & 900 BLK N,1,1,1,0,1,4,,,35,0,0,0,0,0,2,2,13
,2015_74672,39.717698,-105.053279,2/22/2015 17:45,17:45,12,0,0,SHERIDAN BLVD & 66,5,3,1,2,1,3,,,40,0,0,0,0,0,2,2,1
,2015_74673,39.724098,-105.053261,4/10/2015 17:25,17:25,1,0,0,SHERIDAN BLVD N & 5TH AVE W,1,1,0,0,1,1,,,35,0,0,0,0,1,2,2,13
,2015_74674,39.725746,-105.053134,1/22/2015 7:56,7:56,12,0,0,SHERIDAN BLVD 600 BLK N & 6TH AVE W,5,1,0,2,1,1,,,35,0,0,0,0,0,2,2,14
,2015_74676,39.72734,-105.05322,8/2/2015 1:17,1:17,3,0,0,6TH AVE W FRONTAGE RD & SHERIDAN BLVD N,1,3,1,0,1,1,,,35,0,0,0,0,0,2,2,13
,2015_74677,39.776593,-105.053251,1/27/2015 20:14,20:14,15,0,0,44TH AVE W & SHERIDAN BLVD N,1,3,0,0,1,1,,,45,0,0,0,0,0,2,2,13
,2015_74678,39.777228,-105.053254,1/25/2015 9:20,9:20,12,0,0,SHERIDAN BLVD 4400 BLK N & 44TH AVE W,1,1,0,0,1,2,,,35,0,0,0,0,0,2,2,13
,2015_74679,39.776593,-105.053251,12/10/2015 12:25,12:25,8,0,0,44TH AVE & SHERIDAN BLVD N,1,1,0,0,1,5,,,35,0,0,0,0,0,2,2,14
,2015_74692,39.776891,-104.888966,2/16/2015 7:44,7:44,9,0,0,I-70 WB & I-270,12,1,0,4,2,4,,,55,0,0,0,0,0,1,1,13
,2015_74696,39.624986,-105.090952,8/12/2015 17:00,17:00,5,0,0,WADSWORTH BLVD S & BELLEVIEW AVE W,1,1,0,0,1,4,,,45,0,0,0,0,0,2,2,13
,2015_74731,39.631605,-104.904999,6/19/2015 10:30,10:30,9,0,0,I-225 & I-25,1,1,1,0,1,4,,,55,0,0,0,0,0,1,3,13
,2015_74732,39.635097,-104.89615,7/1/2015 7:07,7:07,12,0,0,I-225 SB ON RAMP & TAMARAC ST,1,1,1,0,1,8,,,40,0,0,0,0,0,1,2,3
,2015_74733,39.635523,-104.89346,3/20/2015 18:25,18:25,12,0,0,I-225 & TAMARAC ST S,1,1,0,0,1,4,,,65,0,0,0,0,1,1,3,3
,2015_74734,39.635523,-104.89346,6/4/2015 8:50,8:50,15,0,0,TAMARAC ST S & I-225 SB RAMPS,1,1,0,0,1,1,,,30,0,0,0,0,0,1,2,8
,2015_74744,39.781986,-104.966698,7/31/2015 20:14,20:14,12,0,0,47TH AVE 1700 BLK E & BRIGHTON BLVD N,1,1,0,0,1,1,,,30,0,0,0,0,0,2,2,13
,2015_74749,39.782996,-104.900882,8/12/2015 13:33,13:33,12,0,0,I-270 & NORTHFIELD QUEBEC ST N,1,1,0,0,1,4,,,55,0,0,0,0,0,1,3,3
,2015_74750,39.653294,-105.034178,6/28/2015 17:03,17:03,12,0,0,HAMPDEN AVE W & LOWELL BLVD S,1,1,0,0,1,3,,,55,0,0,0,0,0,2,3,7
,2015_74759,39.75355,-105.025127,7/22/2015 20:03,20:03,2,0,0,25TH AVE W & FEDERAL BLVD N,1,1,0,0,1,4,,,35,1,0,0,0,1,2,2,5
,2015_74760,39.783839,-105.025212,4/14/2015 21:10,21:10,3,0,0,FEDERAL BLVD N & I-70 EB RAMPS,1,3,1,0,1,1,,,40,0,0,0,0,0,2,2,5
,2015_74761,39.791254,-105.025182,4/19/2015 9:59,9:59,12,0,0,HWY 287 & 52ND AVE,1,1,0,0,1,3,,,45,0,0,0,0,0,2,2,3
,2015_74799,39.833039,-104.746844,3/17/2015 16:10,16:10,15,0,0,E-470 & NB LOOP ON RAMP FROM PENA BLVD,1,1,0,0,1,4,,,75,0,0,0,0,0,2,2,7
,2015_74960,0,0,7/9/2015 15:12,15:12,3,0,0,1ST AVE W & IRIVING ST N,1,1,0,7,1,1,,,25,0,0,0,0,1,4,2,7
,2015_74961,0,0,7/1/2015 21:36,21:36,6,0,1,6TH AVE 200 BLK E & GRANT ST N,1,3,0,0,2,2,,,35,0,0,0,0,2,4,2,5
,2015_74962,0,0,5/22/2015 7:20,7:20,15,0,0,6TH AVE 2200 BLK E & YORK ST N,2,1,0,1,1,4,,,30,0,0,0,0,0,4,2,13
,2015_74963,0,0,3/27/2015 15:13,15:13,3,0,0,7TH AVE E & PEARL ST N,1,1,0,7,1,1,,,30,0,0,0,0,0,4,2,16
,2015_74964,0,0,2/12/2015 8:05,8:05,3,0,0,12TH AVE E & PEARL ST N,1,1,0,7,1,1,,,30,0,0,0,0,0,4,2,16
,2015_74965,0,0,8/10/2015 9:30,9:30,10,0,0,13TH AVE W & CHEROKEE ST N,1,1,0,7,1,1,,,30,0,0,0,0,0,4,2,16
,2015_74966,0,0,7/11/2015 7:45,7:45,3,0,0,13TH AVE E & CLARKSON ST N,1,1,0,7,1,1,,,30,0,0,0,0,0,4,2,16
,2015_74967,0,0,4/26/2015 19:58,19:58,10,0,0,13TH AVE E & GARFIELD ST N,2,3,0,1,1,1,,,30,0,0,0,0,0,4,2,13
,2015_74968,0,0,5/22/2015 17:08,17:08,10,0,0,13TH AVE E & ONEIDA ST,1,1,0,0,1,1,,,30,0,0,0,1,1,4,2,13
,2015_74969,0,0,2/2/2015 0:15,0:15,6,0,0,13TH AVE W & OSAGE ST N,1,3,0,7,1,1,,,25,0,0,0,0,0,4,4,5
,2015_74970,0,0,3/5/2015 11:41,11:41,3,0,0,13TH AVE W & SPEER BLVD N,1,1,1,7,1,1,,,30,0,0,0,0,0,4,2,16
,2015_74971,0,0,5/30/2015 10:14,10:14,15,0,0,14TH AVE 000 BLK E & BROADWAY ST,1,1,0,0,1,3,,,30,0,0,0,0,0,4,2,13
,2015_74972,0,0,3/9/2015 22:06,22:06,5,0,1,17TH AVE E & MONACO ST N,1,3,0,7,3,1,,,30,0,0,0,0,2,4,1,2
,2015_74973,0,0,2/24/2015 16:26,16:26,11,0,1,17TH AVE W & UTICA ST N,1,1,0,0,1,1,,,25,0,1,0,0,2,4,2,3
,2015_74974,0,0,4/25/2015 2:42,2:42,12,0,0,18TH AVE E & BROADWAY ST N,1,3,0,7,1,1,,,30,0,0,0,0,0,4,2,16
,2015_74975,0,0,2/4/2015 12:05,12:05,6,0,0,18TH AVE E & ONEIDA ST N,2,1,0,7,1,4,,,30,0,0,0,0,0,4,3,14
,2015_74976,0,0,3/6/2015 16:50,16:50,2,0,1,26TH AVE 2300 BLK E & YORK ST N,1,1,0,0,1,5,,,30,1,0,0,0,3,4,2,13
,2015_74977,0,0,4/11/2015 11:30,11:30,6,0,0,28TH AVE E & FRANKLIN ST N,1,1,0,7,1,4,,,25,0,0,0,0,0,4,2,14
,2015_74978,0,0,3/30/2015 17:51,17:51,3,0,0,28TH AVE E & HAVANA ST N,1,1,0,7,1,1,,,25,0,0,0,0,0,4,2,16
,2015_74979,0,0,3/20/2015 14:35,14:35,3,0,0,28TH AVE E & ROSLYN ST N,1,1,0,7,1,3,,,35,0,0,0,0,0,4,2,16
,2015_74980,0,0,10/20/2015 13:05,13:05,1,0,0,45TH AVE E & JOLIET ST N,1,1,0,0,1,1,,,35,0,0,0,0,0,4,2,13
,2015_74981,0,0,7/2/2015 7:02,7:02,6,0,0,34TH AVE & 2500 BLK E,1,1,0,0,1,4,,,30,0,0,0,0,0,4,2,7
,2015_74982,0,0,1/22/2015 12:40,12:40,3,0,0,45TH AVE E & PEORIA ST N,1,1,1,0,1,2,,,,0,0,0,0,0,4,2,13
,2015_74983,0,0,7/3/2015 13:55,13:55,12,0,0,46TH AVE & 2700 BLK W,1,1,1,0,1,4,,,30,0,0,0,0,0,4,2,13
,2015_74984,0,0,6/19/2015 17:32,17:32,12,0,0,46TH AVE W & HOOKER ST N,1,1,0,7,1,4,,,30,0,0,0,0,0,4,2,16
,2015_74985,0,0,1/25/2015 11:16,11:16,3,0,1,51ST AVE E & PEORIA ST N,1,1,0,7,1,1,,,35,0,0,0,0,2,4,3,14
,2015_74986,0,0,5/4/2015 9:50,9:50,3,0,0,53RD AVE E & EAGLE ST N,1,1,0,0,1,1,,,25,0,0,0,0,0,4,2,7
,2015_74987,0,0,6/29/2015 7:20,7:20,12,0,0,56TH AVE E & TOWER RD N,1,1,0,7,1,4,,,40,0,0,0,0,0,4,2,7
,2015_74988,0,0,4/10/2015 15:42,15:42,1,0,0,ALAMEDA AVE E & DAYTON ST S,1,1,0,0,1,1,,,40,0,0,0,0,0,4,2,13
,2015_74989,0,0,6/10/2015 6:45,6:45,1,0,1,ALAMEDA AVE E & FAIRMOUNT DR S,2,1,0,1,1,1,,,45,0,0,0,0,2,4,2,13
,2015_74990,0,0,1/30/2015 9:13,9:13,1,0,0,ALAMEDA AVE E & HOLLY ST S,1,1,0,7,1,1,,,35,0,0,0,0,0,4,2,16
,2015_74991,0,0,6/1/2015 8:50,8:50,12,0,0,ALAMEDA AVE 6400 BLK E & MONACO ST S,1,1,0,7,1,1,,,35,0,0,0,0,0,4,2,16
,2015_74992,0,0,1/7/2015 7:30,7:30,11,0,0,ALBROOK DR E & TULSA CT N,5,1,0,2,1,1,,,25,0,1,0,0,1,4,2,13
,2015_74993,0,0,4/22/2015 11:30,11:30,6,0,0,ALCOTT ST N & 2ND AVE W,1,5,0,7,1,4,,,25,0,0,0,0,0,4,2,3
,2015_74994,0,0,1/13/2015 8:03,8:03,6,0,0,ARAPAHOE ST 2400 BLK & 24TH ST,1,1,0,7,1,4,,,15,0,0,0,0,0,4,2,14
,2015_74995,0,0,4/7/2015 11:20,11:20,3,0,0,ARIZONA AVE E & UNIVERSITY BLVD S,1,1,0,7,1,1,,,25,0,0,0,0,1,4,2,16
,2015_74996,0,0,5/27/2015 22:00,22:00,12,0,0,BAYAUD AVE W & KNOX CT S,2,3,0,1,1,1,,,35,0,0,0,0,0,4,2,16
,2015_74997,0,0,6/19/2015 17:08,17:08,12,0,0,BAYAUD AVE W & SANTA FE DR S,1,1,0,7,1,4,,,30,0,0,0,0,0,4,2,7
,2015_74998,0,0,3/10/2015 15:35,15:35,12,0,0,BAYAUD AVE W & STUART ST S,1,1,0,7,1,1,,,25,0,0,0,0,0,4,2,3
,2015_74999,0,0,1/7/2015 9:45,9:45,6,0,0,BLAKE ST & 2600 BLK,5,1,1,2,1,4,,,30,0,0,0,0,0,4,2,7
,2015_75000,0,0,1/28/2015 17:05,17:05,15,0,0,BROADWAY ST 1500 N & CHEYENNE PL,1,2,0,0,1,4,,,30,0,0,0,0,0,4,2,14
,2015_75001,0,0,8/5/2015 17:30,17:30,3,0,0,BROADWAY ST S & DAKOTA AVE W,1,1,0,7,1,1,,,25,0,0,0,1,0,4,2,7
,2015_75002,0,0,3/24/2015 8:33,8:33,12,0,0,BROADWAY ST 2100 BLK S & EVANS AVE E,1,1,0,7,1,3,,,35,0,0,0,0,0,4,2,16
,2015_75003,0,0,4/16/2015 19:30,19:30,3,0,0,BRUCE RANDOLPH AVE & 1600 BLK E,1,2,0,0,1,5,,,30,0,0,0,0,0,4,2,3
,2015_75004,0,0,9/6/2015 2:22,2:22,11,0,2,CANOSA CT & ALAMEDA,1,4,0,0,1,4,,,25,0,1,0,0,3,4,3,5
,2015_75005,0,0,7/18/2015 18:00,18:00,6,0,0,CENTER AVE 4300 BLK W & STUART ST S,1,1,0,7,1,4,,,25,0,0,0,0,0,4,2,16
,2015_75006,0,0,7/1/2015 16:02,16:02,10,0,0,BUCHTEL BLVD 1900 BLK E & HIGH ST S,1,1,0,0,1,1,,,30,0,0,0,0,0,4,2,13
,2015_75007,0,0,4/10/2015 22:17,22:17,3,0,1,CHAMBERS RD N & ANDREWS DR E,1,3,0,7,1,1,,,35,0,0,0,0,2,4,2,16
,2015_75008,0,0,7/10/2015 22:35,22:35,3,0,0,CHAMBERS RD N & BOLLING DR E,2,3,0,1,1,1,,,25,0,0,0,0,0,4,2,7
,2015_75009,0,0,1/19/2015 15:00,15:00,15,0,0,CHAPMA ST 1400 BLK & SPEER BLVD,1,1,0,7,1,4,,,35,0,0,0,0,0,4,2,16
,2015_75010,0,0,4/25/2015 13:40,13:40,3,0,0,CHEROKEE ST S & MAPLE AVE W,1,1,0,7,1,5,,,25,0,0,0,0,0,4,2,14
,2015_75011,0,0,1/21/2015 22:21,22:21,5,0,0,CHERRY CREEK DR N E & ALAMEDA AVE E,5,3,0,7,3,4,,,30,0,0,0,0,0,4,1,16
,2015_75012,0,0,5/7/2015 1:49,1:49,5,0,0,CUSTER PL & 3156 BLK W,1,3,0,0,2,3,,,25,0,0,0,0,0,4,1,5
,2015_75013,0,0,5/5/2015 15:53,15:53,3,0,0,DAKOTA AVE E & SHERMAN ST S,2,1,0,1,1,1,,,25,0,0,0,0,0,4,2,16
,2015_75014,0,0,1/11/2015 19:45,19:45,6,0,0,DARTMOUTH AVE 2700 BLK W & DALE CT S,2,3,1,7,1,4,,,35,0,0,0,0,0,4,3,1
,2015_75015,0,0,10/4/2015 2:37,2:37,6,0,0,DECATUR ST & 180 S,1,3,1,7,1,4,,,25,0,0,0,0,0,4,2,5
,2015_75016,0,0,8/2/2015 14:36,14:36,6,0,0,N DEARBORN ST & 47TH AVE E,1,1,0,7,1,1,,,25,0,0,0,0,0,4,2,7
,2015_75017,0,0,5/23/2015 21:25,21:25,3,0,1,DELAWARE ST N & 6TH AVE W,2,3,0,1,1,1,,,25,0,0,0,0,2,4,2,16
,2015_75018,0,0,5/13/2015 5:13,5:13,6,0,0,DETROIT ST & 1600 BLK N,1,1,1,0,1,4,,,25,0,0,0,0,0,4,2,7
,2015_75019,0,0,5/22/2015 12:40,12:40,6,0,0,DETROIT ST 1500 BLK N & COLFAX AVE E,1,1,0,7,1,4,,,25,0,0,0,0,1,4,2,16
,2015_75020,0,0,2/16/2015 14:52,14:52,5,0,0,DOWNING ST & 3280 BLK N,4,3,0,4,5,4,,,30,0,0,0,0,0,3,1,13
,2015_75022,0,0,6/25/2015 7:26,7:26,10,0,0,EVANS AVE E & BIRCH ST S,1,1,0,0,1,1,,,30,0,0,0,0,1,4,2,1
,2015_75023,0,0,5/26/2015 11:40,11:40,15,0,0,EXPOSITION AVE & 3917,1,1,1,0,1,2,,,25,0,0,0,0,0,4,2,13
,2015_75024,0,0,6/28/2015 15:35,15:35,6,0,0,EXPOSITION AVE 5405 E & GRAPE ST S,1,1,0,7,1,4,,,25,0,0,0,0,0,4,3,3
,2015_75025,0,0,7/15/2015 0:30,0:30,6,0,0,GARFIELD ST S & 1894 S,1,3,0,7,1,4,,,25,0,0,0,0,0,4,2,16
,2015_75026,0,0,9/14/2015 2:00,2:00,6,0,0,GRANT ST 200 BLK N & 3RD AVE E,1,3,0,7,1,4,,,25,0,0,0,0,0,4,2,16
,2015_75027,0,0,3/20/2015 1:55,1:55,6,0,0,GRAPE ST S & E GILL PLACE,1,4,0,7,1,4,,,25,0,0,0,0,0,4,2,14
,2015_75028,0,0,10/14/2015 7:25,7:25,1,0,1,HAVANA ST N & 54TH AVE E,1,1,0,0,1,1,,,35,0,0,0,1,2,4,2,13
,2015_75029,0,0,2/5/2015 10:10,10:10,3,0,0,HALE PKWY E & ELM ST N,1,1,0,0,1,1,,,25,0,0,0,0,0,4,2,12
,2015_75030,0,0,1/9/2015 7:40,7:40,15,0,0,HAVANA ST N & 47TH AVE E,5,1,0,0,1,1,,,40,0,0,0,0,0,4,2,13
,2015_75031,0,0,1/21/2015 22:30,22:30,6,0,0,HAZEL CT & 210 BLK S,5,3,1,2,1,4,,,25,0,0,0,0,0,4,2,14
,2015_75032,0,0,3/21/2015 17:03,17:03,3,0,0,IRVING ST S & CEDAR AVE W,1,1,1,7,1,1,,,25,0,0,0,0,0,4,2,7
,2015_75033,0,0,1/28/2015 8:00,8:00,13,0,1,IRVING ST 1500 BLK N & COLFAX AVE W,1,1,0,0,1,4,,,,0,0,0,0,2,4,2,13
,2015_75034,0,0,1/19/2015 15:15,15:15,6,0,0,JACKSON ST & 100 BLK N,1,1,0,0,1,4,,,25,0,0,0,0,0,4,2,3
,2015_75035,0,0,4/7/2015 9:55,9:55,1,0,0,KALAMATH ST N & 4TH AVE W,1,1,0,0,1,1,,,25,0,0,0,0,1,4,2,13
,2015_75036,0,0,7/14/2015 18:00,18:00,6,0,0,LARIMER ST 1400 BLK & 15TH ST,1,1,0,7,1,4,,,25,0,0,0,0,0,4,2,1
,2015_75038,0,0,1/28/2015 15:15,15:15,3,0,0,LINCOLN ST N & 17TH AVE E,1,1,0,7,1,1,,,30,0,0,0,0,0,4,2,16
,2015_75039,0,0,12/15/2015 21:50,21:50,5,0,0,LAWRENCE ST & 3200 BLK,4,3,0,2,3,4,,,25,0,0,0,0,0,4,2,14
,2015_75040,0,0,3/23/2015 20:35,20:35,15,0,0,LINCOLN ST 600 BLK N & SPEER BLVD N,1,3,0,0,1,4,,,30,0,0,0,0,0,4,2,13
,2015_75041,0,0,7/18/2015 10:39,10:39,15,0,0,LOGAN ST 1500 BLK & 16TH AVE E,1,1,1,7,1,4,,,25,0,0,0,0,0,4,2,8
,2015_75042,0,0,8/10/2015 18:30,18:30,6,0,0,W LOUISIANA AVE & S HOOKER ST,1,1,0,7,1,4,,,25,0,0,0,0,0,4,2,5
,2015_75043,0,0,5/26/2015 6:05,6:05,6,0,0,MISSISSIPPI AVE W & UTICA ST S,1,2,1,7,1,4,,,,0,0,0,0,0,4,2,1
,2015_75044,0,0,6/2/2015 11:30,11:30,6,0,0,MISSISSIPPI AVE 2200 BLK E & YORK ST S,1,1,0,7,1,4,,,25,0,0,0,0,0,4,2,16
,2015_75045,0,0,5/4/2015 19:07,19:07,12,0,0,MLK BLVD E & MADISON ST N,2,3,0,7,1,4,,,35,0,0,0,0,0,4,2,16
,2015_75046,0,0,1/9/2015 8:40,8:40,3,0,0,W MONCRIEF PL & WOLFF ST N,5,1,0,2,1,1,,,25,0,0,0,0,0,4,2,16
,2015_75047,0,0,2/24/2015 20:56,20:56,6,0,0,NEWTON ST 600 BLK N & 6TH AVE W,1,3,0,7,1,4,,,25,0,0,0,0,0,4,2,16
,2015_75048,0,0,4/11/2015 8:00,8:00,3,0,0,PARK AVE W & CHAMPA ST,1,1,0,7,1,1,,,30,0,0,0,0,0,4,2,16
,2015_75049,0,0,4/6/2015 17:43,17:43,1,0,0,PARK AVE W & DELGANY ST,1,1,0,7,1,1,,,35,0,0,0,0,0,4,2,16
,2015_75050,0,0,1/5/2015 8:45,8:45,10,0,0,PARK AVE WEST 500 BLK & GLENARM PL,6,1,0,2,1,5,,,25,0,0,0,0,0,4,2,14
,2015_75051,0,0,7/11/2015 18:44,18:44,15,0,0,PARK AVE & WAZEE ST W,1,1,1,0,1,1,,,25,0,0,0,0,0,4,2,14
,2015_75052,0,0,3/14/2015 18:15,18:15,3,0,0,PATTON CT 900 BLK S & KENTUCKY AVE W,1,1,1,0,1,2,,,25,0,0,0,0,0,4,2,13
,2015_75053,0,0,11/8/2015 10:43,10:43,15,0,0,PENA BLVD & 7900 AVE E,1,1,0,0,1,4,,,45,0,0,0,0,0,4,2,1
,2015_75054,0,0,8/20/2015 7:50,7:50,15,0,0,QUEBEC ST & 900 BLK S,1,1,0,0,1,4,,,35,0,0,0,0,0,4,3,13
,2015_75055,0,0,7/8/2015 2:15,2:15,6,0,0,PENNSYLVANIA AVE 200 BLK N & 3RD AVE E,1,4,0,7,1,4,,,30,0,0,0,0,0,4,3,16
,2015_75056,0,0,8/6/2015 8:06,8:06,3,0,0,PEORIA ST N & 47TH AVE E,1,1,0,0,1,1,,,40,0,0,0,0,0,4,2,13
,2015_75058,0,0,6/19/2015 5:00,5:00,6,0,0,WESLEY AVE E & CORONA ST S,1,2,0,7,1,4,,,30,0,0,0,0,0,4,2,16
,2015_75059,0,0,1/20/2015 15:01,15:01,12,0,0,QUEBEC ST N & 21ST AVE E,1,1,0,7,1,1,,,30,0,0,0,0,0,4,3,16
,2015_75060,0,0,10/13/2015 18:09,18:09,6,0,0,QUITMAN ST & 3800 BLK N,1,1,1,7,1,4,,,25,0,0,0,0,0,4,2,16
,2015_75061,0,0,1/19/2015 12:12,12:12,3,0,0,RIO GRANDE BLVD & 3RD AVE W,1,1,0,7,1,1,,,25,0,0,0,0,0,4,2,1
,2015_75062,0,0,3/5/2015 0:00,0:00,6,0,0,4TH ST & 1300 BLK,5,3,0,2,1,4,,,25,0,0,0,0,0,4,2,7
,2015_75063,0,0,11/19/2015 16:00,16:00,6,0,0,RANDOLPH PL 12400 BLK E & N REVERE ST,1,1,0,7,1,4,,,25,0,0,0,0,0,4,2,16
,2015_75064,0,0,6/22/2015 10:15,10:15,6,0,0,RALEIGH ST 1200 BLK N & 13TH AVE W,1,2,0,0,1,4,,,25,0,0,0,0,0,4,2,14
,2015_75065,0,0,4/14/2015 16:58,16:58,12,0,0,15TH ST 700 BLK & STOUT ST,1,1,0,7,1,4,,,25,0,0,0,0,1,4,2,1
,2015_75066,0,0,4/22/2015 8:41,8:41,6,0,0,16TH ST 1000 BLK & ARAPAHOE ST,1,1,0,7,1,3,,,30,0,0,0,0,0,4,2,14
,2015_75067,0,0,6/28/2015 1:40,1:40,12,0,0,20TH ST 000 BLK & BROADWAY ST N,1,3,0,7,1,4,,,35,0,0,0,0,1,4,2,16
,2015_75068,0,0,10/19/2015 11:35,11:35,10,0,0,30TH ST & STOUT ST,1,1,0,0,1,1,,,30,0,0,0,0,0,4,3,14
,2015_75069,0,0,7/25/2015 22:36,22:36,15,0,0,22ND ST 1500 BLK & BLAKE ST,1,3,0,0,1,4,,,35,0,0,0,0,0,4,2,14
,2015_75070,0,0,5/7/2015 16:46,16:46,3,0,0,48TH S DR W & ZUNI ST N,1,1,1,7,1,1,,,25,0,0,0,0,1,4,2,5
,2015_75071,0,0,7/7/2015 15:03,15:03,15,0,0,SANTA FE DR & 1100 BLK N,1,1,1,0,1,4,,,30,0,0,0,0,0,4,2,13
,2015_75072,0,0,3/3/2015 7:47,7:47,15,0,0,SANTE FE DR 300 BLK S & ALAMEDA AVE W,1,1,0,0,1,4,,,30,0,0,0,0,0,4,2,5
,2015_75073,0,0,2/18/2015 10:25,10:25,15,0,0,SNATA GE DR 200 BLK S & BYERS PL W,1,1,0,7,1,4,,,30,0,0,0,0,0,4,2,14
,2015_75074,0,0,6/4/2015 16:35,16:35,3,0,0,SPEER BLVD N & 11TH AVE W,1,1,1,0,1,1,,,30,0,0,0,0,0,4,4,3
,2015_75075,0,0,11/21/2015 14:50,14:50,12,0,0,SPEER BLVD 1800 BLK N & CHOPPER CIR,1,1,1,0,1,4,,,35,0,0,0,0,0,4,2,13
,2015_75076,0,0,4/22/2015 8:00,8:00,10,0,0,STEELE ST & 2600 BLK N,1,1,0,0,1,4,,,25,0,0,0,0,0,4,2,7
,2015_75077,0,0,6/18/2015 18:35,18:35,12,0,0,STEELE ST S & BAYAUD AVE E,1,1,0,7,1,3,,,25,0,0,0,0,1,4,2,16
,2015_75078,0,0,4/22/2015 12:10,12:10,12,0,0,STOUT ST 1800 BLK & 19TH ST,1,1,0,7,1,4,,,25,0,0,0,0,0,4,2,16
,2015_75079,0,0,1/29/2015 10:40,10:40,5,0,0,STUART ST & 352 BLK S,1,1,0,0,2,3,,,25,0,0,0,0,0,4,1,7
,2015_75080,0,0,3/15/2015 20:19,20:19,12,0,0,TOWER RD N & 45TH AVE E,1,3,0,7,1,4,,,40,0,0,0,0,0,4,3,14
,2015_75081,0,0,5/22/2015 11:13,11:13,12,0,0,TOWER RD N & 45TH AVE E,2,1,1,1,1,4,,,40,0,0,0,0,0,4,2,3
,2015_75082,0,0,2/24/2015 18:35,18:35,11,0,1,TOWER RD 6700 BLK N & 68TH AVE E,2,3,0,0,1,3,,,40,0,1,0,0,3,4,2,13
,2015_75083,0,0,6/17/2015 22:00,22:00,12,0,0,UNIVERSITY BLVD N & 1ST AVE E,1,3,0,7,1,4,,,45,0,0,0,0,0,4,3,14
,2015_75084,0,0,3/3/2015 18:12,18:12,14,0,0,UNIVERSITY BLVD 800 BLK S & CENTER AVE E,5,1,0,2,1,4,,,30,0,0,0,0,1,4,2,14
,2015_75085,0,0,4/2/2015 17:53,17:53,12,0,0,UNIVERSITY BLVD S & LOUISIANA AVE E,2,1,0,2,1,3,,,35,0,0,0,0,0,4,2,16
,2015_75086,0,0,7/10/2015 11:41,11:41,15,0,0,UNIVERSITY BLVD S & KENTUCKY AVE E,1,1,0,0,1,1,,,30,0,0,0,0,0,4,2,3
,2015_75087,0,0,10/17/2015 2:10,2:10,12,0,0,WELTON ST & 26TH ST,1,3,0,0,1,4,,,25,0,0,0,0,0,4,2,5
,2015_75088,0,0,2/27/2015 20:45,20:45,12,0,0,WELTON ST 1600 BLK & 17TH ST,5,3,0,7,1,4,,,30,0,0,0,0,1,4,2,16
,2015_75089,0,0,5/12/2015 19:45,19:45,3,0,0,WEWATTA ST & 21ST ST,1,2,1,0,1,1,,,30,0,0,0,0,0,4,2,13
,2015_75090,0,0,1/18/2015 10:11,10:11,3,0,1,YOSEMITE ST S & NASSAU AVE E,1,1,0,0,1,1,,,35,0,0,0,0,2,4,2,2
,2015_75091,0,0,8/14/2015 17:15,17:15,1,0,0,ZUNI ST & 800 BLK N,1,1,0,7,1,1,,,35,0,0,0,0,0,4,2,12
,2015_75215,38.395278,-107.469417,7/14/2015 17:40,17:40,2,1,0,COLORADO BLVD (1500 BLK N) & COLFAX AVE E,1,1,0,0,1,2,,,35,1,0,0,0,4,2,2,3